ISO-10303-21;
HEADER;
FILE_DESCRIPTION (( 'STEP AP214' ),
    '1' );
FILE_NAME ('RFID_lid.STEP',
    '2026-05-27T19:20:07',
    ( '' ),
    ( '' ),
    'SwSTEP 2.0',
    'SolidWorks 2025',
    '' );
FILE_SCHEMA (( 'AUTOMOTIVE_DESIGN' ));
ENDSEC;

DATA;
#1 = EDGE_CURVE ( 'NONE', #4837, #3767, #2397, .T. ) ;
#2 = DIRECTION ( 'NONE',  ( 0.000000000000000000, 0.8191520442889909104, 0.5735764363510474917 ) ) ;
#3 = AXIS2_PLACEMENT_3D ( 'NONE', #3758, #5284, #1123 ) ;
#4 = CARTESIAN_POINT ( 'NONE',  ( 59.24343296661328395, 37.99999999999815969, -6.842909578722894182 ) ) ;
#5 = CARTESIAN_POINT ( 'NONE',  ( 59.58780114497948688, 34.00000000000000000, 40.69462779007096742 ) ) ;
#6 = DIRECTION ( 'NONE',  ( 1.000000000000000000, -0.000000000000000000, -0.000000000000000000 ) ) ;
#7 = CARTESIAN_POINT ( 'NONE',  ( -58.00003508380598305, 36.68260006882366042, 42.54567736316802495 ) ) ;
#8 = VERTEX_POINT ( 'NONE', #5607 ) ;
#9 = CARTESIAN_POINT ( 'NONE',  ( 57.99999999999999289, 38.00000000000000711, 44.78059757775796612 ) ) ;
#10 = CARTESIAN_POINT ( 'NONE',  ( -59.16312933703164134, 36.83711463859025770, 40.51650114052733898 ) ) ;
#11 = DIRECTION ( 'NONE',  ( -0.000000000000000000, 1.000000000000000000, -0.000000000000000000 ) ) ;
#12 = CARTESIAN_POINT ( 'NONE',  ( -58.75901433991610645, 33.99999999999999289, 42.25490575148461403 ) ) ;
#13 = CARTESIAN_POINT ( 'NONE',  ( -57.99047152892023149, 36.78250701835288794, 42.39712146174512952 ) ) ;
#14 = CARTESIAN_POINT ( 'NONE',  ( -58.01520246766391153, 36.47721513577812402, 42.88558265679822767 ) ) ;
#15 = VECTOR ( 'NONE', #6233, 1000.000000000000000 ) ;
#16 = VECTOR ( 'NONE', #4744, 1000.000000000000000 ) ;
#17 = CYLINDRICAL_SURFACE ( 'NONE', #1227, 1.549999999999995826 ) ;
#18 = CARTESIAN_POINT ( 'NONE',  ( -58.06827529986942693, 37.52123446780298366, 41.24015349589240742 ) ) ;
#19 = EDGE_LOOP ( 'NONE', ( #5185, #6231, #1145, #5859 ) ) ;
#20 = CARTESIAN_POINT ( 'NONE',  ( -58.23582458871769774, 38.66296231221509316, 38.13617886132906420 ) ) ;
#21 = CARTESIAN_POINT ( 'NONE',  ( 56.82036039240797010, 46.25824894800436482, -6.233497205144183262 ) ) ;
#22 = CIRCLE ( 'NONE', #3740, 3.324999999999999734 ) ;
#23 = CARTESIAN_POINT ( 'NONE',  ( 23.00000000000001421, 32.00000000000000000, -46.15000000000001279 ) ) ;
#24 = EDGE_CURVE ( 'NONE', #1074, #4368, #3085, .T. ) ;
#25 = CARTESIAN_POINT ( 'NONE',  ( -58.00461731462118564, 36.80816526025631674, 42.35858270880437715 ) ) ;
#26 = CARTESIAN_POINT ( 'NONE',  ( -57.98505301531268685, 36.24074136807797686, 43.41385892742286501 ) ) ;
#27 = CARTESIAN_POINT ( 'NONE',  ( 62.00000000000000000, 34.00000000000000000, 37.80681039527358678 ) ) ;
#28 = DIRECTION ( 'NONE',  ( 0.000000000000000000, -0.000000000000000000, 1.000000000000000000 ) ) ;
#29 = CARTESIAN_POINT ( 'NONE',  ( -58.06679017891438122, 39.27619481935231249, 37.84619077728245173 ) ) ;
#30 = CARTESIAN_POINT ( 'NONE',  ( 62.00000000000000000, 38.00000000000000711, 41.89196034566928262 ) ) ;
#31 = VERTEX_POINT ( 'NONE', #1624 ) ;
#32 = CARTESIAN_POINT ( 'NONE',  ( -58.05985044911901127, 37.09160798684389704, 41.90114463007171253 ) ) ;
#33 = DIRECTION ( 'NONE',  ( 1.000000000000000000, -0.000000000000000000, -0.000000000000000000 ) ) ;
#34 = DIRECTION ( 'NONE',  ( 0.000000000000000000, 0.000000000000000000, 1.000000000000000000 ) ) ;
#35 = EDGE_CURVE ( 'NONE', #139, #5271, #4138, .T. ) ;
#36 = CARTESIAN_POINT ( 'NONE',  ( -57.99999999999999289, 38.00000000000000711, 44.14999999999999147 ) ) ;
#37 = CARTESIAN_POINT ( 'NONE',  ( -12.99999999999998401, 32.00000000000000000, -16.15000000000000568 ) ) ;
#38 = ORIENTED_EDGE ( 'NONE', *, *, #1266, .F. ) ;
#39 = EDGE_CURVE ( 'NONE', #2554, #4812, #4582, .T. ) ;
#40 = CARTESIAN_POINT ( 'NONE',  ( -57.99976639266646572, 36.67284297417539563, 42.56019980629794475 ) ) ;
#41 = ORIENTED_EDGE ( 'NONE', *, *, #521, .T. ) ;
#42 = VECTOR ( 'NONE', #1021, 1000.000000000000000 ) ;
#43 = CARTESIAN_POINT ( 'NONE',  ( -11.99049503468749123, 35.19311791566084224, -12.15000000000000213 ) ) ;
#44 = CARTESIAN_POINT ( 'NONE',  ( -58.10080121751593651, 38.50146262886858040, 39.56090453504437221 ) ) ;
#45 = CARTESIAN_POINT ( 'NONE',  ( -60.34314575050761675, 38.00000000000000711, 44.78059757775795191 ) ) ;
#46 = PLANE ( 'NONE',  #1878 ) ;
#47 = CARTESIAN_POINT ( 'NONE',  ( -57.91698102722708796, 37.77846023212921978, 41.08256774978218573 ) ) ;
#48 = CARTESIAN_POINT ( 'NONE',  ( -58.00181172907471705, 36.64708735581866250, 42.59916395719020699 ) ) ;
#49 = DIRECTION ( 'NONE',  ( 0.000000000000000000, 1.000000000000000000, 0.000000000000000000 ) ) ;
#50 = CARTESIAN_POINT ( 'NONE',  ( -58.09033734283491412, 37.51999180814755164, 41.20536093990884297 ) ) ;
#51 = VECTOR ( 'NONE', #818, 1000.000000000000000 ) ;
#52 = EDGE_CURVE ( 'NONE', #174, #2303, #4615, .T. ) ;
#53 = ORIENTED_EDGE ( 'NONE', *, *, #3274, .F. ) ;
#54 = CARTESIAN_POINT ( 'NONE',  ( -58.01925174074585811, 39.55344315642356889, 38.15888629316982161 ) ) ;
#55 = CARTESIAN_POINT ( 'NONE',  ( 59.72214288824189055, 46.25824894800437903, -5.574601400057111356 ) ) ;
#56 = PLANE ( 'NONE',  #6361 ) ;
#57 = VECTOR ( 'NONE', #2459, 999.9999999999998863 ) ;
#58 = CARTESIAN_POINT ( 'NONE',  ( -58.40136736436706144, 36.08760323674071202, 43.89380476188957658 ) ) ;
#59 = AXIS2_PLACEMENT_3D ( 'NONE', #6032, #1476, #4635 ) ;
#60 = CARTESIAN_POINT ( 'NONE',  ( -57.98024742568977530, 36.65976105118530626, 42.57996045073738856 ) ) ;
#61 = FACE_OUTER_BOUND ( 'NONE', #3360, .T. ) ;
#62 = DIRECTION ( 'NONE',  ( -0.000000000000000000, -1.000000000000000000, -0.000000000000000000 ) ) ;
#63 = CARTESIAN_POINT ( 'NONE',  ( -58.00738068862426644, 39.79155258814867580, 37.81370955371755826 ) ) ;
#64 = DIRECTION ( 'NONE',  ( 0.000000000000000000, -0.8191520442889912434, -0.5735764363510471586 ) ) ;
#65 = CARTESIAN_POINT ( 'NONE',  ( -58.26491590640931406, 36.83548999000757362, 42.12063517267117163 ) ) ;
#66 = DIRECTION ( 'NONE',  ( -0.000000000000000000, 0.000000000000000000, 1.000000000000000000 ) ) ;
#67 = DIRECTION ( 'NONE',  ( 1.000000000000000000, 0.000000000000000000, 0.000000000000000000 ) ) ;
#68 = DIRECTION ( 'NONE',  ( 0.000000000000000000, 1.000000000000000000, 0.000000000000000000 ) ) ;
#69 = LINE ( 'NONE', #595, #5865 ) ;
#70 = ORIENTED_EDGE ( 'NONE', *, *, #1741, .T. ) ;
#71 = ORIENTED_EDGE ( 'NONE', *, *, #1010, .F. ) ;
#72 = CARTESIAN_POINT ( 'NONE',  ( 36.00000000000000000, 43.96149494233060295, 35.63610288090744405 ) ) ;
#73 = EDGE_CURVE ( 'NONE', #3639, #298, #3114, .T. ) ;
#74 = CARTESIAN_POINT ( 'NONE',  ( -58.01284445301197223, 38.77446126504564461, 39.47875250706662342 ) ) ;
#75 = DIRECTION ( 'NONE',  ( 0.000000000000000000, 1.000000000000000000, 0.000000000000000000 ) ) ;
#76 = LINE ( 'NONE', #2232, #403 ) ;
#77 = ORIENTED_EDGE ( 'NONE', *, *, #35, .T. ) ;
#78 = CARTESIAN_POINT ( 'NONE',  ( -58.09213933999701140, 37.28360177264716668, 41.57038031150106860 ) ) ;
#79 = CARTESIAN_POINT ( 'NONE',  ( -58.00089384125779901, 36.65993494226641758, 42.57968855541162156 ) ) ;
#80 = CIRCLE ( 'NONE', #838, 1.324999999999999734 ) ;
#81 = DIRECTION ( 'NONE',  ( 0.000000000000000000, 0.000000000000000000, 1.000000000000000000 ) ) ;
#82 = CARTESIAN_POINT ( 'NONE',  ( -57.98592381913174165, 37.68672160263152904, 41.12013504806710529 ) ) ;
#83 = ORIENTED_EDGE ( 'NONE', *, *, #5358, .T. ) ;
#84 = CARTESIAN_POINT ( 'NONE',  ( -58.06385975999781124, 39.26961666524400130, 38.18388266039197987 ) ) ;
#85 = CARTESIAN_POINT ( 'NONE',  ( 57.99999999999999289, 46.25824894800437903, -2.132832606474910797 ) ) ;
#86 = DIRECTION ( 'NONE',  ( 0.000000000000000000, 0.000000000000000000, 1.000000000000000000 ) ) ;
#87 = CARTESIAN_POINT ( 'NONE',  ( -58.00941746691969314, 36.67234887984889014, 42.56000598491089448 ) ) ;
#88 = AXIS2_PLACEMENT_3D ( 'NONE', #1926, #5988, #6351 ) ;
#89 = CARTESIAN_POINT ( 'NONE',  ( -57.98260285390753666, 36.47664113311083156, 42.88693913571687943 ) ) ;
#90 = FACE_BOUND ( 'NONE', #1304, .T. ) ;
#91 = LINE ( 'NONE', #5635, #2915 ) ;
#92 = CARTESIAN_POINT ( 'NONE',  ( -58.00900209572284183, 39.76744981196681294, 37.82262070781287377 ) ) ;
#93 = CARTESIAN_POINT ( 'NONE',  ( 57.99999999999999289, 32.00000000000000000, -8.646254786282211668 ) ) ;
#94 = VERTEX_POINT ( 'NONE', #3650 ) ;
#95 = CARTESIAN_POINT ( 'NONE',  ( -58.06453155199323390, 36.88232911552725568, 42.21446431717365044 ) ) ;
#96 = AXIS2_PLACEMENT_3D ( 'NONE', #6561, #2008, #4044 ) ;
#97 = CYLINDRICAL_SURFACE ( 'NONE', #4437, 3.999999999999996447 ) ;
#98 = CARTESIAN_POINT ( 'NONE',  ( -59.17929456370706731, 37.13579960406187297, 37.76893212499235375 ) ) ;
#99 = FACE_OUTER_BOUND ( 'NONE', #1525, .T. ) ;
#100 = CARTESIAN_POINT ( 'NONE',  ( -62.00000000000000000, 40.00000000000000711, 37.80681039527355836 ) ) ;
#101 = EDGE_LOOP ( 'NONE', ( #5130, #5343, #382 ) ) ;
#102 = EDGE_CURVE ( 'NONE', #5940, #2303, #702, .T. ) ;
#103 = ORIENTED_EDGE ( 'NONE', *, *, #5149, .F. ) ;
#104 = DIRECTION ( 'NONE',  ( -0.000000000000000000, -1.000000000000000000, -0.000000000000000000 ) ) ;
#105 = CARTESIAN_POINT ( 'NONE',  ( -57.89915108214710671, 38.28326938603232321, 40.44022232257816540 ) ) ;
#106 = LINE ( 'NONE', #601, #4056 ) ;
#107 = DIRECTION ( 'NONE',  ( 0.000000000000000000, -0.000000000000000000, 1.000000000000000000 ) ) ;
#108 = ORIENTED_EDGE ( 'NONE', *, *, #1784, .F. ) ;
#109 = CARTESIAN_POINT ( 'NONE',  ( -58.07019855174544887, 37.38261146455816686, 41.44841818240194442 ) ) ;
#110 = CARTESIAN_POINT ( 'NONE',  ( -58.00028023486948570, 36.71685496752127875, 42.49473821146536068 ) ) ;
#111 = ADVANCED_FACE ( 'NONE', ( #5673 ), #2218, .F. ) ;
#112 = DIRECTION ( 'NONE',  ( 0.000000000000000000, 0.000000000000000000, 1.000000000000000000 ) ) ;
#113 = CARTESIAN_POINT ( 'NONE',  ( -58.98974600881167873, 36.54119289793688097, 41.90883419724526249 ) ) ;
#114 = VERTEX_POINT ( 'NONE', #6275 ) ;
#115 = CARTESIAN_POINT ( 'NONE',  ( -58.24767550683346684, 38.62011389746950840, 38.21512275695143046 ) ) ;
#116 = CARTESIAN_POINT ( 'NONE',  ( 59.17963960759204411, 36.47791219860095424, -2.545590187612940980 ) ) ;
#117 = ADVANCED_FACE ( 'NONE', ( #1295, #4321, #2860 ), #3257, .F. ) ;
#118 = ORIENTED_EDGE ( 'NONE', *, *, #2318, .T. ) ;
#119 = DIRECTION ( 'NONE',  ( 0.000000000000000000, 1.000000000000000000, -0.000000000000000000 ) ) ;
#120 = EDGE_CURVE ( 'NONE', #5371, #772, #4354, .T. ) ;
#121 = CARTESIAN_POINT ( 'NONE',  ( -58.14027253244838533, 36.17695741046293278, 43.57919799750330014 ) ) ;
#122 = AXIS2_PLACEMENT_3D ( 'NONE', #1554, #2479, #6504 ) ;
#123 = EDGE_CURVE ( 'NONE', #2732, #4892, #6412, .T. ) ;
#124 = CARTESIAN_POINT ( 'NONE',  ( -57.98487065812977903, 36.68507270043009072, 42.54200074454311675 ) ) ;
#125 = CARTESIAN_POINT ( 'NONE',  ( -12.49999999999998401, 32.00000000000000000, -48.82500000000001705 ) ) ;
#126 = AXIS2_PLACEMENT_3D ( 'NONE', #3781, #2710, #3246 ) ;
#127 = DIRECTION ( 'NONE',  ( 0.000000000000000000, 1.000000000000000000, 0.000000000000000000 ) ) ;
#128 = CARTESIAN_POINT ( 'NONE',  ( -58.01156555682408111, 39.72678241524303644, 37.86403027618018768 ) ) ;
#129 = CARTESIAN_POINT ( 'NONE',  ( -35.51002512592940974, 56.66260176258805359, 14.01014890102205612 ) ) ;
#130 = ORIENTED_EDGE ( 'NONE', *, *, #5774, .T. ) ;
#131 = CARTESIAN_POINT ( 'NONE',  ( -58.06224149301417015, 36.79269879375931396, 42.35522697223141364 ) ) ;
#132 = CARTESIAN_POINT ( 'NONE',  ( -57.99999999999998579, 39.77336464390506876, -2.132832606474909465 ) ) ;
#133 = CARTESIAN_POINT ( 'NONE',  ( -58.00375076236187510, 39.86083577346340689, 37.71945599713538400 ) ) ;
#134 = DIRECTION ( 'NONE',  ( 0.000000000000000000, 0.000000000000000000, 1.000000000000000000 ) ) ;
#135 = AXIS2_PLACEMENT_3D ( 'NONE', #4284, #1260, #1658 ) ;
#136 = CARTESIAN_POINT ( 'NONE',  ( 59.14022745129841496, 37.19707620200384923, -6.252104608507481842 ) ) ;
#137 = SPHERICAL_SURFACE ( 'NONE', #6004, 2.000000000000000000 ) ;
#138 = ORIENTED_EDGE ( 'NONE', *, *, #325, .F. ) ;
#139 = VERTEX_POINT ( 'NONE', #1228 ) ;
#140 = LINE ( 'NONE', #3768, #2988 ) ;
#141 = CARTESIAN_POINT ( 'NONE',  ( 70.05933982822018891, 38.00000000000000711, 56.08933982822016162 ) ) ;
#142 = DIRECTION ( 'NONE',  ( 0.000000000000000000, -0.5735764363510462704, 0.8191520442889915765 ) ) ;
#143 = ORIENTED_EDGE ( 'NONE', *, *, #4454, .T. ) ;
#144 = CARTESIAN_POINT ( 'NONE',  ( -59.36229590602506789, 36.25559648739115204, 42.38521132994668505 ) ) ;
#145 = CARTESIAN_POINT ( 'NONE',  ( -58.00023251660466883, 36.68277497939298826, 42.54541528637717818 ) ) ;
#146 = VECTOR ( 'NONE', #6151, 999.9999999999998863 ) ;
#147 = DIRECTION ( 'NONE',  ( -1.000000000000000000, 0.000000000000000000, -0.000000000000000000 ) ) ;
#148 = CARTESIAN_POINT ( 'NONE',  ( -58.06668521400206373, 37.42379523580139988, 41.39090589330088932 ) ) ;
#149 = ORIENTED_EDGE ( 'NONE', *, *, #442, .T. ) ;
#150 = CARTESIAN_POINT ( 'NONE',  ( -58.02922239887360689, 39.34118446101238220, 38.46921843211381997 ) ) ;
#151 = CARTESIAN_POINT ( 'NONE',  ( -58.51240938173444306, 36.53674992557562717, 42.50720207345414536 ) ) ;
#152 = ORIENTED_EDGE ( 'NONE', *, *, #5222, .F. ) ;
#153 = DIRECTION ( 'NONE',  ( -1.000000000000000000, 0.000000000000000000, 0.000000000000000000 ) ) ;
#154 = PLANE ( 'NONE',  #430 ) ;
#155 = CARTESIAN_POINT ( 'NONE',  ( -58.11423176017797942, 36.31288299888081639, 43.20813638119620492 ) ) ;
#156 = DIRECTION ( 'NONE',  ( -1.000000000000000000, 0.000000000000000000, 0.000000000000000000 ) ) ;
#157 = DIRECTION ( 'NONE',  ( 0.000000000000000000, 0.000000000000000000, -1.000000000000000000 ) ) ;
#158 = SHAPE_DEFINITION_REPRESENTATION ( #499, #1633 ) ;
#159 = CARTESIAN_POINT ( 'NONE',  ( -57.96995948645096774, 40.34523297971501421, 37.66664602292547670 ) ) ;
#160 = EDGE_CURVE ( 'NONE', #866, #535, #4423, .T. ) ;
#161 = VECTOR ( 'NONE', #5497, 1000.000000000000000 ) ;
#162 = CARTESIAN_POINT ( 'NONE',  ( -31.00000000000000000, 32.00000000000000000, -57.15000000000000568 ) ) ;
#163 = VERTEX_POINT ( 'NONE', #3361 ) ;
#164 = CARTESIAN_POINT ( 'NONE',  ( -58.71713153552444453, 36.23779968365722937, 43.13819517309758567 ) ) ;
#165 = CARTESIAN_POINT ( 'NONE',  ( 60.27140583937959661, 38.00000000000291323, 40.87657669440101671 ) ) ;
#166 = CARTESIAN_POINT ( 'NONE',  ( -37.50000000000000711, 36.50670132339097762, 34.07852395930014211 ) ) ;
#167 = LINE ( 'NONE', #6215, #3095 ) ;
#168 = CARTESIAN_POINT ( 'NONE',  ( 58.73260120209145185, 37.68268124345325987, -6.494942346279283463 ) ) ;
#169 = ORIENTED_EDGE ( 'NONE', *, *, #459, .T. ) ;
#170 = DIRECTION ( 'NONE',  ( 0.000000000000000000, 0.000000000000000000, -1.000000000000000000 ) ) ;
#171 = EDGE_CURVE ( 'NONE', #6325, #1927, #2352, .T. ) ;
#172 = ORIENTED_EDGE ( 'NONE', *, *, #4801, .F. ) ;
#173 = VECTOR ( 'NONE', #6378, 1000.000000000000000 ) ;
#174 = VERTEX_POINT ( 'NONE', #4388 ) ;
#175 = CYLINDRICAL_SURFACE ( 'NONE', #1293, 1.599999999999995870 ) ;
#176 = CARTESIAN_POINT ( 'NONE',  ( -57.99999999999999289, 63.54551899874132204, 4.180324369512660176 ) ) ;
#177 = CARTESIAN_POINT ( 'NONE',  ( -57.99999999999999289, 32.00000000000000000, 44.78059757775795902 ) ) ;
#178 = AXIS2_PLACEMENT_3D ( 'NONE', #4939, #4441, #6490 ) ;
#179 = EDGE_LOOP ( 'NONE', ( #629, #2744 ) ) ;
#180 = CARTESIAN_POINT ( 'NONE',  ( -58.07097423977328532, 37.25071932881367331, 41.64796020590613068 ) ) ;
#181 = CARTESIAN_POINT ( 'NONE',  ( -58.01420101045712840, 36.30685429512940487, 43.23191480920573326 ) ) ;
#182 = VERTEX_POINT ( 'NONE', #1262 ) ;
#183 = LINE ( 'NONE', #4234, #476 ) ;
#184 = CARTESIAN_POINT ( 'NONE',  ( -58.57999315975733623, 36.86126769434374495, 41.64409136991971394 ) ) ;
#185 = ORIENTED_EDGE ( 'NONE', *, *, #314, .F. ) ;
#186 = CARTESIAN_POINT ( 'NONE',  ( -58.07321355243625050, 39.12047266213963326, 38.49215048098777459 ) ) ;
#187 = CARTESIAN_POINT ( 'NONE',  ( -59.83498939254710081, 36.54243194688154972, 39.67502843183269334 ) ) ;
#188 = ORIENTED_EDGE ( 'NONE', *, *, #4345, .F. ) ;
#189 = LINE ( 'NONE', #719, #2187 ) ;
#190 = CYLINDRICAL_SURFACE ( 'NONE', #5960, 1.324999999999999734 ) ;
#191 = CARTESIAN_POINT ( 'NONE',  ( -58.01254191447794994, 36.64153936964663671, 42.60687199765195032 ) ) ;
#192 = CARTESIAN_POINT ( 'NONE',  ( 59.73437422833234933, 34.00000000000000000, 40.13599162948968768 ) ) ;
#193 = FACE_OUTER_BOUND ( 'NONE', #2847, .T. ) ;
#194 = CIRCLE ( 'NONE', #4222, 1.599999999999997202 ) ;
#195 = CARTESIAN_POINT ( 'NONE',  ( -59.62671030742630762, 36.75440444073814916, 37.99364164904076091 ) ) ;
#196 = DIRECTION ( 'NONE',  ( 0.000000000000000000, 0.000000000000000000, 1.000000000000000000 ) ) ;
#197 = DIRECTION ( 'NONE',  ( 0.000000000000000000, 0.5735764363510470476, -0.8191520442889911324 ) ) ;
#198 = CARTESIAN_POINT ( 'NONE',  ( -58.96839699922084321, 36.11286631650199297, 43.49022735888439684 ) ) ;
#199 = EDGE_CURVE ( 'NONE', #1409, #3211, #1330, .T. ) ;
#200 = CARTESIAN_POINT ( 'NONE',  ( 60.00000000000000000, 56.66260176252876590, 14.01014890098054444 ) ) ;
#201 = CARTESIAN_POINT ( 'NONE',  ( -57.99566317604027432, 40.00623148218522118, 37.69192800509794949 ) ) ;
#202 = DIRECTION ( 'NONE',  ( 0.000000000000000000, 0.000000000000000000, 1.000000000000000000 ) ) ;
#203 = CIRCLE ( 'NONE', #5084, 4.925000000000013145 ) ;
#204 = CYLINDRICAL_SURFACE ( 'NONE', #4249, 7.600000000000002309 ) ;
#205 = ORIENTED_EDGE ( 'NONE', *, *, #2431, .F. ) ;
#206 = CARTESIAN_POINT ( 'NONE',  ( 70.05933982822018891, 38.00000000000000711, 56.08933982822016162 ) ) ;
#207 =( BOUNDED_SURFACE ( )  B_SPLINE_SURFACE ( 3, 1, ( 
 ( #960, #3616 ),
 ( #2989, #6107 ),
 ( #589, #3584 ),
 ( #4487, #5112 ) ),
 .UNSPECIFIED., .F., .F., .F. ) 
 B_SPLINE_SURFACE_WITH_KNOTS ( ( 4, 4 ),
 ( 2, 2 ),
 ( 0.000000000000000000, 1.000000000000000000 ),
 ( 0.000000000000000000, 1.000000000000000000 ),
 .UNSPECIFIED. ) 
 GEOMETRIC_REPRESENTATION_ITEM ( )  RATIONAL_B_SPLINE_SURFACE ( (
 ( 1.000000000000000000, 1.000000000000000000),
 ( 0.8047378541243652705, 0.8047378541243652705),
 ( 0.8047378541243652705, 0.8047378541243652705),
 ( 1.000000000000000000, 1.000000000000000000) ) ) 
 REPRESENTATION_ITEM ( '' )  SURFACE ( )  );
#208 = ORIENTED_EDGE ( 'NONE', *, *, #1138, .F. ) ;
#209 = DIRECTION ( 'NONE',  ( 0.000000000000000000, 0.000000000000000000, 1.000000000000000000 ) ) ;
#210 = FACE_OUTER_BOUND ( 'NONE', #4115, .T. ) ;
#211 = DIRECTION ( 'NONE',  ( 0.000000000000000000, 0.7071067811865441310, 0.7071067811865510144 ) ) ;
#212 = ORIENTED_EDGE ( 'NONE', *, *, #2114, .T. ) ;
#213 = CARTESIAN_POINT ( 'NONE',  ( -59.26240656013472829, 36.23139744969347475, 42.63230913978254222 ) ) ;
#214 = CARTESIAN_POINT ( 'NONE',  ( -58.00012761261665162, 36.68843107613847110, 42.53700647491583453 ) ) ;
#215 = ORIENTED_EDGE ( 'NONE', *, *, #3655, .F. ) ;
#216 = CARTESIAN_POINT ( 'NONE',  ( -60.14810721154029949, 38.00000000000000711, 41.60663093046584748 ) ) ;
#217 = CARTESIAN_POINT ( 'NONE',  ( -58.97671047573992098, 36.52786603010502375, 41.97237963426921681 ) ) ;
#218 = ORIENTED_EDGE ( 'NONE', *, *, #1922, .T. ) ;
#219 = CIRCLE ( 'NONE', #3718, 1.549999999999995826 ) ;
#220 = CARTESIAN_POINT ( 'NONE',  ( -57.94740809088940381, 39.90509093466218360, 38.26212463456511870 ) ) ;
#221 = CARTESIAN_POINT ( 'NONE',  ( -58.42341027842213208, 36.53589620832988771, 42.58613063865804804 ) ) ;
#222 = EDGE_LOOP ( 'NONE', ( #6502, #6198, #6298, #4001 ) ) ;
#223 = CARTESIAN_POINT ( 'NONE',  ( -37.50000000000000711, 54.28757085025051055, 8.684810586322338821 ) ) ;
#224 = DIRECTION ( 'NONE',  ( 1.000000000000000000, 0.000000000000000000, 0.000000000000000000 ) ) ;
#225 = CARTESIAN_POINT ( 'NONE',  ( -57.99974248766548612, 36.52200282593901193, 42.80253873958683641 ) ) ;
#226 = CARTESIAN_POINT ( 'NONE',  ( -58.00412280902767037, 36.69810481538910807, 42.52220994712303082 ) ) ;
#227 = CARTESIAN_POINT ( 'NONE',  ( -30.08879795882066688, 38.26576726201064105, -53.23879795882067612 ) ) ;
#228 = DIRECTION ( 'NONE',  ( 1.000000000000000000, 0.000000000000000000, 0.000000000000000000 ) ) ;
#229 = CARTESIAN_POINT ( 'NONE',  ( -57.99767192426958928, 39.90735797141149277, 37.82781088117664581 ) ) ;
#230 = ADVANCED_FACE ( 'NONE', ( #4285 ), #956, .F. ) ;
#231 = CARTESIAN_POINT ( 'NONE',  ( -63.52065792321464954, 32.00000000000000000, -57.05000000000001137 ) ) ;
#232 = CARTESIAN_POINT ( 'NONE',  ( 71.01999999999998181, 32.00000000000000000, 49.55065792321465779 ) ) ;
#233 = CARTESIAN_POINT ( 'NONE',  ( -58.04190497441571495, 36.91975470548981519, 42.17391639237246181 ) ) ;
#234 = DIRECTION ( 'NONE',  ( 1.000000000000000000, 0.000000000000000000, 0.000000000000000000 ) ) ;
#235 = CARTESIAN_POINT ( 'NONE',  ( -58.00827262899015579, 39.78125253727765198, 37.74986738195027414 ) ) ;
#236 = DIRECTION ( 'NONE',  ( 0.000000000000000000, 1.000000000000000000, 0.000000000000000000 ) ) ;
#237 = CARTESIAN_POINT ( 'NONE',  ( 70.05933982822017470, 35.00000000000000000, -56.08933982822017583 ) ) ;
#238 = VERTEX_POINT ( 'NONE', #2320 ) ;
#239 = AXIS2_PLACEMENT_3D ( 'NONE', #3968, #4557, #5056 ) ;
#240 = ORIENTED_EDGE ( 'NONE', *, *, #5676, .F. ) ;
#241 = EDGE_LOOP ( 'NONE', ( #673, #1128, #5121, #212 ) ) ;
#242 = EDGE_LOOP ( 'NONE', ( #3060, #900 ) ) ;
#243 = CARTESIAN_POINT ( 'NONE',  ( -59.35444782258851149, 36.56250135595579565, 41.28807374579098877 ) ) ;
#244 = EDGE_CURVE ( 'NONE', #5731, #301, #2253, .T. ) ;
#245 = CYLINDRICAL_SURFACE ( 'NONE', #1096, 3.000000000000002665 ) ;
#246 = CARTESIAN_POINT ( 'NONE',  ( 57.99999999999999289, 31.99000000000000554, 42.78059757775796612 ) ) ;
#247 = EDGE_CURVE ( 'NONE', #4368, #292, #6437, .T. ) ;
#248 = ORIENTED_EDGE ( 'NONE', *, *, #4889, .T. ) ;
#249 = CARTESIAN_POINT ( 'NONE',  ( -58.12882819926225864, 37.11392133622808842, 41.79192262747758235 ) ) ;
#250 = CARTESIAN_POINT ( 'NONE',  ( -58.00005567807934170, 36.68178445218612893, 42.54689002701543643 ) ) ;
#251 = ORIENTED_EDGE ( 'NONE', *, *, #3381, .T. ) ;
#252 = CARTESIAN_POINT ( 'NONE',  ( 0.000000000000000000, 38.00000000000000711, 62.14999999999999858 ) ) ;
#253 = ORIENTED_EDGE ( 'NONE', *, *, #2295, .F. ) ;
#254 = CARTESIAN_POINT ( 'NONE',  ( -58.03219437840401440, 39.32199228307861461, 38.47626337895231075 ) ) ;
#255 = CARTESIAN_POINT ( 'NONE',  ( -57.99999552354899635, 36.53589838490153596, 42.78059757768987481 ) ) ;
#256 = VERTEX_POINT ( 'NONE', #2794 ) ;
#257 = DIRECTION ( 'NONE',  ( 0.000000000000000000, 0.5735764363510470476, -0.8191520442889911324 ) ) ;
#258 = CARTESIAN_POINT ( 'NONE',  ( -57.99538942196002012, 36.64671908120146782, 42.59975621605207152 ) ) ;
#259 = CARTESIAN_POINT ( 'NONE',  ( -58.00105377196650380, 36.73246121132608266, 42.47149552380784598 ) ) ;
#260 = ADVANCED_FACE ( 'NONE', ( #2721 ), #3898, .F. ) ;
#261 = LINE ( 'NONE', #5311, #1440 ) ;
#262 = CARTESIAN_POINT ( 'NONE',  ( 57.84233554368878316, 36.53589838486218611, -6.646254786282200122 ) ) ;
#263 = ORIENTED_EDGE ( 'NONE', *, *, #4732, .T. ) ;
#264 = AXIS2_PLACEMENT_3D ( 'NONE', #4799, #3627, #3198 ) ;
#265 = DIRECTION ( 'NONE',  ( 1.000000000000000000, 0.000000000000000000, 0.000000000000000000 ) ) ;
#266 = CARTESIAN_POINT ( 'NONE',  ( -58.12903359042339702, 38.99857129036953296, 37.93217757971743964 ) ) ;
#267 = CARTESIAN_POINT ( 'NONE',  ( -60.00000000000000000, 36.53589838486225716, 37.80681039527355836 ) ) ;
#268 = ORIENTED_EDGE ( 'NONE', *, *, #1718, .T. ) ;
#269 = CARTESIAN_POINT ( 'NONE',  ( -60.34314575050762386, 34.00000000000001421, 44.78059757775795902 ) ) ;
#270 = CARTESIAN_POINT ( 'NONE',  ( -58.01570235463485403, 36.83125051860189814, 42.32118112467419024 ) ) ;
#271 = LINE ( 'NONE', #200, #631 ) ;
#272 = CARTESIAN_POINT ( 'NONE',  ( -57.99537921257289952, 40.02038706616779962, 37.67262404360625538 ) ) ;
#273 = CIRCLE ( 'NONE', #3353, 1.599999999999998312 ) ;
#274 = DIRECTION ( 'NONE',  ( 0.000000000000000000, 0.000000000000000000, 1.000000000000000000 ) ) ;
#275 = FACE_OUTER_BOUND ( 'NONE', #2294, .T. ) ;
#276 = ORIENTED_EDGE ( 'NONE', *, *, #537, .T. ) ;
#277 = ORIENTED_EDGE ( 'NONE', *, *, #4314, .T. ) ;
#278 = AXIS2_PLACEMENT_3D ( 'NONE', #5713, #2056, #3686 ) ;
#279 = EDGE_CURVE ( 'NONE', #2859, #3149, #5052, .T. ) ;
#280 = CARTESIAN_POINT ( 'NONE',  ( -58.45234804878063528, 34.00000000000000000, 42.56244670550448461 ) ) ;
#281 = CARTESIAN_POINT ( 'NONE',  ( 37.49999999999999289, 54.28757085013698713, 8.684810586358356232 ) ) ;
#282 = CARTESIAN_POINT ( 'NONE',  ( 59.94130869075881662, 40.03600000000000847, -5.011531050092881578 ) ) ;
#283 = ORIENTED_EDGE ( 'NONE', *, *, #3615, .F. ) ;
#284 = CARTESIAN_POINT ( 'NONE',  ( -58.91808105860001632, 36.47776002367669435, 42.21413540315436563 ) ) ;
#285 = CARTESIAN_POINT ( 'NONE',  ( -58.00013310150639967, 36.68430219327180453, 42.54314586210026050 ) ) ;
#286 = ORIENTED_EDGE ( 'NONE', *, *, #815, .F. ) ;
#287 = EDGE_CURVE ( 'NONE', #866, #538, #2757, .T. ) ;
#288 = FACE_OUTER_BOUND ( 'NONE', #1394, .T. ) ;
#289 = VERTEX_POINT ( 'NONE', #5781 ) ;
#290 = CARTESIAN_POINT ( 'NONE',  ( -58.68689199969943360, 37.70540635436066168, 38.42335328162615582 ) ) ;
#291 = CARTESIAN_POINT ( 'NONE',  ( 76.11999999999999034, 38.00000000000000711, -59.14999999999999858 ) ) ;
#292 = VERTEX_POINT ( 'NONE', #1789 ) ;
#293 = CARTESIAN_POINT ( 'NONE',  ( 37.49999999999999289, 34.44182615252720581, 37.02747131874050268 ) ) ;
#294 = CARTESIAN_POINT ( 'NONE',  ( -57.99548868979572802, 36.68109340537446172, 42.54791583268632138 ) ) ;
#295 = CARTESIAN_POINT ( 'NONE',  ( -58.00123051594577106, 36.68522275590876802, 42.54172563052308931 ) ) ;
#296 = EDGE_CURVE ( 'NONE', #6394, #5426, #3828, .T. ) ;
#297 = DIRECTION ( 'NONE',  ( 0.000000000000000000, 1.000000000000000000, -0.000000000000000000 ) ) ;
#298 = VERTEX_POINT ( 'NONE', #2383 ) ;
#299 = CARTESIAN_POINT ( 'NONE',  ( -59.21921101631058093, 37.09885632399456767, 37.94632036268367159 ) ) ;
#300 = FACE_OUTER_BOUND ( 'NONE', #2137, .T. ) ;
#301 = VERTEX_POINT ( 'NONE', #367 ) ;
#302 = CARTESIAN_POINT ( 'NONE',  ( -62.00000000000000000, 32.00000000000000000, 37.80681039527355836 ) ) ;
#303 = CARTESIAN_POINT ( 'NONE',  ( -58.02266047978350372, 36.77882308717339299, 42.39641516744303118 ) ) ;
#304 = DIRECTION ( 'NONE',  ( 0.000000000000000000, 0.8191520442889909104, 0.5735764363510474917 ) ) ;
#305 = VECTOR ( 'NONE', #3698, 1000.000000000000000 ) ;
#306 = CARTESIAN_POINT ( 'NONE',  ( -57.99851430984244161, 39.95079683913869673, 37.71242030541136359 ) ) ;
#307 = CARTESIAN_POINT ( 'NONE',  ( -76.11999999999999034, 38.00000000000000711, 0.000000000000000000 ) ) ;
#308 = CARTESIAN_POINT ( 'NONE',  ( 76.11999999999999034, 35.00000000000000000, 59.14999999999999147 ) ) ;
#309 = ORIENTED_EDGE ( 'NONE', *, *, #1138, .T. ) ;
#310 = ORIENTED_EDGE ( 'NONE', *, *, #5582, .T. ) ;
#311 = CYLINDRICAL_SURFACE ( 'NONE', #2951, 2.000000000000000000 ) ;
#312 = LINE ( 'NONE', #5864, #5993 ) ;
#313 = CARTESIAN_POINT ( 'NONE',  ( 58.24499768625464924, 34.00000000000000000, -6.646254786282211668 ) ) ;
#314 = EDGE_CURVE ( 'NONE', #2303, #4914, #5393, .T. ) ;
#315 = ORIENTED_EDGE ( 'NONE', *, *, #2672, .T. ) ;
#316 = CARTESIAN_POINT ( 'NONE',  ( -59.46302991105191182, 36.15730106117930376, 42.79095413873463372 ) ) ;
#317 = CARTESIAN_POINT ( 'NONE',  ( -58.00029421156386178, 36.67289733357491599, 42.56011706486305712 ) ) ;
#318 = ORIENTED_EDGE ( 'NONE', *, *, #1493, .F. ) ;
#319 = CARTESIAN_POINT ( 'NONE',  ( -59.93495616434080375, 40.03600000000000847, -3.742232034523562678 ) ) ;
#320 = CARTESIAN_POINT ( 'NONE',  ( -58.04672585134230900, 38.83432819729315355, 39.23957591633553932 ) ) ;
#321 = DIRECTION ( 'NONE',  ( 0.000000000000000000, -0.8191520442889912434, -0.5735764363510471586 ) ) ;
#322 = ORIENTED_EDGE ( 'NONE', *, *, #4294, .T. ) ;
#323 = PLANE ( 'NONE',  #3905 ) ;
#324 = CARTESIAN_POINT ( 'NONE',  ( -57.99824866297629455, 36.88819848186236072, 42.23996427362528294 ) ) ;
#325 = EDGE_CURVE ( 'NONE', #6156, #5197, #867, .T. ) ;
#326 = CARTESIAN_POINT ( 'NONE',  ( -58.00139706411717100, 36.68205929948209132, 42.54641945152807381 ) ) ;
#327 = CIRCLE ( 'NONE', #2647, 1.324999999999999734 ) ;
#328 = DIRECTION ( 'NONE',  ( 1.000000000000000000, 0.000000000000000000, 0.000000000000000000 ) ) ;
#329 = CARTESIAN_POINT ( 'NONE',  ( -59.65897520199454362, 36.35273001018573069, 41.39982828257303993 ) ) ;
#330 = EDGE_CURVE ( 'NONE', #6077, #357, #5338, .T. ) ;
#331 = VERTEX_POINT ( 'NONE', #3248 ) ;
#332 = CARTESIAN_POINT ( 'NONE',  ( -58.60085101467772972, 37.85812904710208926, 38.01256733285052292 ) ) ;
#333 = EDGE_CURVE ( 'NONE', #6018, #5761, #194, .T. ) ;
#334 = CYLINDRICAL_SURFACE ( 'NONE', #2978, 3.599999999999998312 ) ;
#335 = EDGE_LOOP ( 'NONE', ( #1491, #3125, #4229, #432 ) ) ;
#336 = DIRECTION ( 'NONE',  ( 0.000000000000000000, -1.000000000000000000, 0.000000000000000000 ) ) ;
#337 = EDGE_CURVE ( 'NONE', #2327, #786, #1626, .T. ) ;
#338 = CARTESIAN_POINT ( 'NONE',  ( -58.03176468473335348, 36.70045721533627159, 42.51098039886717572 ) ) ;
#339 = CIRCLE ( 'NONE', #2121, 1.600000000000000089 ) ;
#340 = DIRECTION ( 'NONE',  ( 0.000000000000000000, 1.000000000000000000, 0.000000000000000000 ) ) ;
#341 = CARTESIAN_POINT ( 'NONE',  ( -58.86573282027284648, 37.53804575454071824, 37.79227398650758829 ) ) ;
#342 = CYLINDRICAL_SURFACE ( 'NONE', #545, 2.000000000000001776 ) ;
#343 = DIRECTION ( 'NONE',  ( 0.000000000000000000, 0.5735764363510470476, -0.8191520442889911324 ) ) ;
#344 = ORIENTED_EDGE ( 'NONE', *, *, #1055, .T. ) ;
#345 = AXIS2_PLACEMENT_3D ( 'NONE', #4359, #4856, #3367 ) ;
#346 = CIRCLE ( 'NONE', #4149, 2.000000000000001776 ) ;
#347 = DIRECTION ( 'NONE',  ( 0.000000000000000000, 0.000000000000000000, 1.000000000000000000 ) ) ;
#348 = EDGE_CURVE ( 'NONE', #850, #3511, #2243, .T. ) ;
#349 = CARTESIAN_POINT ( 'NONE',  ( -57.99007596914812979, 37.60864137568633225, 41.22444202628201282 ) ) ;
#350 = CARTESIAN_POINT ( 'NONE',  ( 57.99999999999999289, 34.00000000000000000, -6.646254786282211668 ) ) ;
#351 = ORIENTED_EDGE ( 'NONE', *, *, #371, .F. ) ;
#352 = CARTESIAN_POINT ( 'NONE',  ( -58.00006742445236796, 36.67945788317320677, 42.55035075530803823 ) ) ;
#353 = EDGE_LOOP ( 'NONE', ( #4897, #253, #2766, #1944 ) ) ;
#354 = LINE ( 'NONE', #2811, #4188 ) ;
#355 = CARTESIAN_POINT ( 'NONE',  ( -58.04531822274606156, 39.01419568409879446, 38.94002282859820951 ) ) ;
#356 = CARTESIAN_POINT ( 'NONE',  ( 57.99999999999999289, 6.089883287725362138, -16.73181682013946414 ) ) ;
#357 = VERTEX_POINT ( 'NONE', #5272 ) ;
#358 = CYLINDRICAL_SURFACE ( 'NONE', #5058, 4.000000000000000000 ) ;
#359 = CARTESIAN_POINT ( 'NONE',  ( -57.99753567673529631, 36.62111888298453977, 42.63976540379466229 ) ) ;
#360 = CARTESIAN_POINT ( 'NONE',  ( -58.00527346147337937, 36.66439407613560775, 42.57266513512731620 ) ) ;
#361 = CARTESIAN_POINT ( 'NONE',  ( 71.11999999999999034, 34.00000000000000000, 44.78059757775795902 ) ) ;
#362 = CARTESIAN_POINT ( 'NONE',  ( -58.06477453808093969, 37.56345160152104512, 41.18148978842958741 ) ) ;
#363 = EDGE_LOOP ( 'NONE', ( #1478, #4803, #4793, #2398 ) ) ;
#364 = CARTESIAN_POINT ( 'NONE',  ( -58.02011953448942450, 39.57357163101573150, 38.09360473645074308 ) ) ;
#365 = DIRECTION ( 'NONE',  ( 0.000000000000000000, -0.8191520442889911324, -0.5735764363510470476 ) ) ;
#366 = ORIENTED_EDGE ( 'NONE', *, *, #1090, .F. ) ;
#367 = CARTESIAN_POINT ( 'NONE',  ( 23.00000000000001421, 36.00000000000000711, -25.07500000000001350 ) ) ;
#368 = CARTESIAN_POINT ( 'NONE',  ( -58.09914498200008381, 36.56608237950349860, 42.70743430641248750 ) ) ;
#369 = CIRCLE ( 'NONE', #2478, 3.599999999999998312 ) ;
#370 = CARTESIAN_POINT ( 'NONE',  ( 37.49999999999999289, 52.22269567938673873, 11.63375794576270650 ) ) ;
#371 = EDGE_CURVE ( 'NONE', #3617, #596, #5735, .T. ) ;
#372 = CARTESIAN_POINT ( 'NONE',  ( -57.97515948987085466, 40.43490247844366081, 37.54726053535324581 ) ) ;
#373 = CARTESIAN_POINT ( 'NONE',  ( -62.00000000000000000, 31.99000000000000554, 37.80681039527355836 ) ) ;
#374 = FACE_OUTER_BOUND ( 'NONE', #5006, .T. ) ;
#375 = ORIENTED_EDGE ( 'NONE', *, *, #2872, .F. ) ;
#376 = EDGE_CURVE ( 'NONE', #3631, #6295, #3834, .T. ) ;
#377 = CARTESIAN_POINT ( 'NONE',  ( 62.00000000000000000, 40.00000000000000711, 0.000000000000000000 ) ) ;
#378 = CARTESIAN_POINT ( 'NONE',  ( 59.04699154237962233, 38.00000000000000711, -8.535463988237266264 ) ) ;
#379 = CARTESIAN_POINT ( 'NONE',  ( 60.00000000000000000, 40.03600000000000847, -4.700734922224746093 ) ) ;
#380 = AXIS2_PLACEMENT_3D ( 'NONE', #4461, #3028, #5994 ) ;
#381 = VECTOR ( 'NONE', #1174, 1000.000000000000000 ) ;
#382 = ORIENTED_EDGE ( 'NONE', *, *, #1007, .T. ) ;
#383 = CARTESIAN_POINT ( 'NONE',  ( -58.00190507454462363, 36.68176984219542192, 42.54691190667185907 ) ) ;
#384 = EDGE_LOOP ( 'NONE', ( #528, #4829, #3276, #884, #3369, #4271, #1874, #4760 ) ) ;
#385 = CARTESIAN_POINT ( 'NONE',  ( -70.43535897468416351, 35.00000000000000000, 55.81535897468440766 ) ) ;
#386 = CARTESIAN_POINT ( 'NONE',  ( -58.12735162775798159, 38.59251878569918404, 39.27163604133426134 ) ) ;
#387 = CARTESIAN_POINT ( 'NONE',  ( -62.00000000000000000, 32.00000000000000000, -4.389543696378554571 ) ) ;
#388 = EDGE_LOOP ( 'NONE', ( #4169, #1281 ) ) ;
#389 = CARTESIAN_POINT ( 'NONE',  ( 73.11999999999999034, 35.00000000000000000, 62.14999999999999858 ) ) ;
#390 = CARTESIAN_POINT ( 'NONE',  ( -57.98896757427071691, 36.66628203617722193, 42.57006256808004707 ) ) ;
#391 = CARTESIAN_POINT ( 'NONE',  ( -58.05072279701902005, 36.24131688790060224, 43.41090243411555605 ) ) ;
#392 = CARTESIAN_POINT ( 'NONE',  ( 23.00000000000001421, 36.00000000000000711, -41.22499999999999432 ) ) ;
#393 = CARTESIAN_POINT ( 'NONE',  ( -58.11238694146040018, 37.80419137312260602, 40.70934379136603809 ) ) ;
#394 = ORIENTED_EDGE ( 'NONE', *, *, #958, .T. ) ;
#395 = CARTESIAN_POINT ( 'NONE',  ( -58.00057126513620886, 39.76783211958348119, 38.02270122855171763 ) ) ;
#396 = CARTESIAN_POINT ( 'NONE',  ( 37.49999999999999289, 38.57157649425474233, 31.12957659985977088 ) ) ;
#397 = VERTEX_POINT ( 'NONE', #4240 ) ;
#398 = CARTESIAN_POINT ( 'NONE',  ( -58.01739582460886169, 36.81623966732044551, 42.34277709168322446 ) ) ;
#399 = DIRECTION ( 'NONE',  ( -1.000000000000000000, 0.000000000000000000, 0.000000000000000000 ) ) ;
#400 = CARTESIAN_POINT ( 'NONE',  ( -58.01222687268586498, 39.72588740875949753, 37.78968655511189212 ) ) ;
#401 = CARTESIAN_POINT ( 'NONE',  ( 60.34314575050762386, 38.00000000000000711, -8.646254786282211668 ) ) ;
#402 = ORIENTED_EDGE ( 'NONE', *, *, #3871, .F. ) ;
#403 = VECTOR ( 'NONE', #5158, 1000.000000000000000 ) ;
#404 = LINE ( 'NONE', #1833, #4542 ) ;
#405 = FACE_OUTER_BOUND ( 'NONE', #2117, .T. ) ;
#406 = CARTESIAN_POINT ( 'NONE',  ( -12.49999999999998401, 34.39999999999997726, -50.15000000000001279 ) ) ;
#407 = DIRECTION ( 'NONE',  ( 0.000000000000000000, 1.000000000000000000, 0.000000000000000000 ) ) ;
#408 = ADVANCED_FACE ( 'NONE', ( #5307 ), #787, .F. ) ;
#409 = CARTESIAN_POINT ( 'NONE',  ( -58.00003421266639947, 36.68109790823203298, 42.54790909638418839 ) ) ;
#410 = ORIENTED_EDGE ( 'NONE', *, *, #6213, .T. ) ;
#411 = VECTOR ( 'NONE', #4257, 1000.000000000000000 ) ;
#412 = CARTESIAN_POINT ( 'NONE',  ( -58.93059962341015279, 34.00000000000000000, -2.373480949073485835 ) ) ;
#413 = CARTESIAN_POINT ( 'NONE',  ( -58.53708601063846828, 37.83284771578532002, 39.04892809800603004 ) ) ;
#414 = CARTESIAN_POINT ( 'NONE',  ( -12.99999999999998401, 32.00000000000000000, -14.82500000000000462 ) ) ;
#415 = ORIENTED_EDGE ( 'NONE', *, *, #5942, .F. ) ;
#416 = CARTESIAN_POINT ( 'NONE',  ( -62.00000000000000000, 32.00000000000000000, 37.80681039527355836 ) ) ;
#417 = CARTESIAN_POINT ( 'NONE',  ( -57.99331455495595122, 36.67284297417539563, 42.56019980629794475 ) ) ;
#418 = CIRCLE ( 'NONE', #4981, 3.599999999999998312 ) ;
#419 = CARTESIAN_POINT ( 'NONE',  ( -58.00110074704202390, 36.67363469001713838, 42.55899168430256196 ) ) ;
#420 = LINE ( 'NONE', #361, #2486 ) ;
#421 = CARTESIAN_POINT ( 'NONE',  ( -59.95011688357693203, 36.23906808780394329, 41.52457693828091578 ) ) ;
#422 = EDGE_LOOP ( 'NONE', ( #3673, #3841, #1842, #5801 ) ) ;
#423 = CARTESIAN_POINT ( 'NONE',  ( -58.91929280037575012, 37.46937651841211903, 38.02314093935950723 ) ) ;
#424 = LINE ( 'NONE', #2506, #1581 ) ;
#425 = ORIENTED_EDGE ( 'NONE', *, *, #3765, .F. ) ;
#426 = CARTESIAN_POINT ( 'NONE',  ( -58.48494069769231629, 36.09014153239535716, 43.85310165747605993 ) ) ;
#427 = CARTESIAN_POINT ( 'NONE',  ( 60.00000000000000000, 38.00000000000000000, 37.80681039527357967 ) ) ;
#428 = EDGE_CURVE ( 'NONE', #4657, #289, #4845, .T. ) ;
#429 = CARTESIAN_POINT ( 'NONE',  ( -58.00665599293928665, 39.80536249011321814, 37.79448007888880312 ) ) ;
#430 = AXIS2_PLACEMENT_3D ( 'NONE', #6236, #2210, #4674 ) ;
#431 = LINE ( 'NONE', #3963, #730 ) ;
#432 = ORIENTED_EDGE ( 'NONE', *, *, #969, .F. ) ;
#433 = CARTESIAN_POINT ( 'NONE',  ( -58.08898233510643649, 37.04775498135371947, 41.93967002281083012 ) ) ;
#434 = CARTESIAN_POINT ( 'NONE',  ( -57.99999999999999289, 34.00000000000000711, -6.646254786282208116 ) ) ;
#435 = CARTESIAN_POINT ( 'NONE',  ( -57.99033177977945996, 37.41746634953435091, 41.49505068053064605 ) ) ;
#436 = CARTESIAN_POINT ( 'NONE',  ( 58.26041176258534904, 34.00000000000000711, 42.70013110448009286 ) ) ;
#437 = PLANE ( 'NONE',  #5789 ) ;
#438 = CARTESIAN_POINT ( 'NONE',  ( -58.00036528650780099, 36.62112301883874466, 42.63975840559918140 ) ) ;
#439 = VERTEX_POINT ( 'NONE', #3851 ) ;
#440 = CIRCLE ( 'NONE', #6392, 1.599999999999998312 ) ;
#441 = CARTESIAN_POINT ( 'NONE',  ( -12.74696150060324840, 35.07500000000000284, -12.15000000000000391 ) ) ;
#442 = EDGE_CURVE ( 'NONE', #5761, #1162, #5877, .T. ) ;
#443 = CARTESIAN_POINT ( 'NONE',  ( -58.08354885777910681, 38.87386835926792372, 38.95469277214012749 ) ) ;
#444 = CARTESIAN_POINT ( 'NONE',  ( 23.00000000000001421, 32.00000000000000000, -16.82499999999999929 ) ) ;
#445 = CARTESIAN_POINT ( 'NONE',  ( -58.32864294735294663, 38.00000000000000711, -7.245839709860745437 ) ) ;
#446 = PRODUCT ( 'RFID_lid', 'RFID_lid', '', ( #2215 ) ) ;
#447 = CARTESIAN_POINT ( 'NONE',  ( -57.99375822331878538, 36.72966128659815155, 42.47570005580505637 ) ) ;
#448 = CARTESIAN_POINT ( 'NONE',  ( -58.00274124759579308, 36.66126384091784729, 42.57760313379732509 ) ) ;
#449 = DIRECTION ( 'NONE',  ( 0.000000000000000000, 1.000000000000000000, 0.000000000000000000 ) ) ;
#450 = CARTESIAN_POINT ( 'NONE',  ( -58.41173184951163222, 37.13416892311520456, 41.34928658127482493 ) ) ;
#451 = B_SPLINE_CURVE_WITH_KNOTS ( 'NONE', 3,
 ( #1958, #3936, #5054, #435, #2993, #5485, #3435, #1436, #5454, #2933, #934, #6510 ),
 .UNSPECIFIED., .F., .F.,
 ( 4, 2, 2, 2, 2, 4 ),
 ( 0.000000000000000000, 0.0003070200884242387678, 0.0006140401768484775357, 0.001228080353696971985, 0.002456160707393989940, 0.004912321414788014574 ),
 .UNSPECIFIED. ) ;
#452 = ORIENTED_EDGE ( 'NONE', *, *, #2295, .T. ) ;
#453 = CARTESIAN_POINT ( 'NONE',  ( -58.04268386629544807, 39.42677560027072303, 38.02650230208372761 ) ) ;
#454 = AXIS2_PLACEMENT_3D ( 'NONE', #5081, #4520, #6506 ) ;
#455 =( BOUNDED_SURFACE ( )  B_SPLINE_SURFACE ( 3, 1, ( 
 ( #1885, #3979 ),
 ( #1914, #3891 ),
 ( #3921, #1360 ),
 ( #5881, #5950 ) ),
 .UNSPECIFIED., .F., .F., .F. ) 
 B_SPLINE_SURFACE_WITH_KNOTS ( ( 4, 4 ),
 ( 2, 2 ),
 ( 0.000000000000000000, 1.000000000000000000 ),
 ( 0.000000000000000000, 1.000000000000000000 ),
 .UNSPECIFIED. ) 
 GEOMETRIC_REPRESENTATION_ITEM ( )  RATIONAL_B_SPLINE_SURFACE ( (
 ( 1.000000000000000000, 1.000000000000000000),
 ( 0.8047378541243649375, 0.8047378541243649375),
 ( 0.8047378541243649375, 0.8047378541243649375),
 ( 1.000000000000000000, 1.000000000000000000) ) ) 
 REPRESENTATION_ITEM ( '' )  SURFACE ( )  );
#456 = DIRECTION ( 'NONE',  ( 0.000000000000000000, -1.000000000000000000, 0.000000000000000000 ) ) ;
#457 = ORIENTED_EDGE ( 'NONE', *, *, #4467, .T. ) ;
#458 = CARTESIAN_POINT ( 'NONE',  ( -58.03585779798547151, 36.65508684185662247, 42.58103268538133079 ) ) ;
#459 = EDGE_CURVE ( 'NONE', #1712, #3022, #5818, .T. ) ;
#460 = CYLINDRICAL_SURFACE ( 'NONE', #2438, 2.000000000000000000 ) ;
#461 = DIRECTION ( 'NONE',  ( 0.000000000000000000, -0.8191520442889912434, -0.5735764363510471586 ) ) ;
#462 = CARTESIAN_POINT ( 'NONE',  ( -58.32244625817033068, 38.38802471856110543, 37.81944260445361294 ) ) ;
#463 = DIRECTION ( 'NONE',  ( 0.000000000000000000, 0.000000000000000000, 1.000000000000000000 ) ) ;
#464 = VERTEX_POINT ( 'NONE', #4813 ) ;
#465 = CARTESIAN_POINT ( 'NONE',  ( -58.61923280998549046, 36.49691184578303194, 42.48397379368191196 ) ) ;
#466 = DIRECTION ( 'NONE',  ( 0.000000000000000000, 1.000000000000000000, 0.000000000000000000 ) ) ;
#467 = CARTESIAN_POINT ( 'NONE',  ( 58.52369317531968562, 38.00000000000000711, -8.646254786279031990 ) ) ;
#468 = DIRECTION ( 'NONE',  ( 0.000000000000000000, 0.000000000000000000, 1.000000000000000000 ) ) ;
#469 = AXIS2_PLACEMENT_3D ( 'NONE', #4296, #2262, #3268 ) ;
#470 = CARTESIAN_POINT ( 'NONE',  ( -28.20000000000001350, 38.40000000000000568, -14.94999999999998863 ) ) ;
#471 = EDGE_CURVE ( 'NONE', #3244, #1948, #189, .T. ) ;
#472 = CARTESIAN_POINT ( 'NONE',  ( -58.00190109909118519, 36.68342127131275276, 42.54445632560748436 ) ) ;
#473 = ORIENTED_EDGE ( 'NONE', *, *, #4713, .T. ) ;
#474 = CARTESIAN_POINT ( 'NONE',  ( -10.57154353254724022, 35.75013825572350612, -12.15000000000000568 ) ) ;
#475 = CARTESIAN_POINT ( 'NONE',  ( -58.06491867331685341, 38.23824664102080817, 40.13936466899178157 ) ) ;
#476 = VECTOR ( 'NONE', #6261, 1000.000000000000000 ) ;
#477 = CARTESIAN_POINT ( 'NONE',  ( -57.98671440899847340, 36.38591774745447793, 43.05573992797696548 ) ) ;
#478 = CARTESIAN_POINT ( 'NONE',  ( -58.00804618905081611, 36.57092628721590444, 42.71876997217204064 ) ) ;
#479 = VECTOR ( 'NONE', #1061, 1000.000000000000000 ) ;
#480 = CARTESIAN_POINT ( 'NONE',  ( -73.11999999999999034, 38.00000000000000711, -59.14999999999999858 ) ) ;
#481 = CARTESIAN_POINT ( 'NONE',  ( -58.23495245900837602, 37.31355717146735884, 41.30032101956912527 ) ) ;
#482 = ORIENTED_EDGE ( 'NONE', *, *, #3872, .F. ) ;
#483 = CARTESIAN_POINT ( 'NONE',  ( -58.05333221447759229, 39.32350926024064108, 38.18135472978413247 ) ) ;
#484 = FACE_OUTER_BOUND ( 'NONE', #335, .T. ) ;
#485 = CARTESIAN_POINT ( 'NONE',  ( -12.99999999999998401, 32.00000000000000000, -14.82500000000000462 ) ) ;
#486 = ORIENTED_EDGE ( 'NONE', *, *, #6454, .F. ) ;
#487 = AXIS2_PLACEMENT_3D ( 'NONE', #1758, #4785, #1859 ) ;
#488 = CARTESIAN_POINT ( 'NONE',  ( -58.01013565466638511, 36.72051442996814785, 42.48763892760909044 ) ) ;
#489 = CARTESIAN_POINT ( 'NONE',  ( -57.98493406569369313, 36.68837555866475952, 42.53708958241438154 ) ) ;
#490 = FACE_OUTER_BOUND ( 'NONE', #5744, .T. ) ;
#491 = CARTESIAN_POINT ( 'NONE',  ( -57.99999999999999289, 39.31595971334866846, -6.766869544710392148 ) ) ;
#492 = CARTESIAN_POINT ( 'NONE',  ( -58.01122053487144115, 39.73951354776990996, 37.77038363505053553 ) ) ;
#493 = VECTOR ( 'NONE', #5973, 1000.000000000000000 ) ;
#494 = CARTESIAN_POINT ( 'NONE',  ( 57.99999999999999289, 38.00000000000000711, 44.78059757775796612 ) ) ;
#495 = ORIENTED_EDGE ( 'NONE', *, *, #4909, .T. ) ;
#496 = CARTESIAN_POINT ( 'NONE',  ( -58.33361525427444860, 36.76460108139133354, 42.19117703999892655 ) ) ;
#497 = CYLINDRICAL_SURFACE ( 'NONE', #5491, 7.600000000000002309 ) ;
#498 = CARTESIAN_POINT ( 'NONE',  ( 59.94794535239890365, 39.82095390137774160, -5.011803710303203374 ) ) ;
#499 = PRODUCT_DEFINITION_SHAPE ( 'NONE', 'NONE',  #4256 ) ;
#500 = CARTESIAN_POINT ( 'NONE',  ( 58.83118123499971119, 34.00000000000000711, 42.15529062994483667 ) ) ;
#501 = DIRECTION ( 'NONE',  ( 1.000000000000000000, 0.000000000000000000, -0.000000000000000000 ) ) ;
#502 = CARTESIAN_POINT ( 'NONE',  ( -58.00190706169092181, 36.68109340537446172, 42.54791583268632138 ) ) ;
#503 = EDGE_LOOP ( 'NONE', ( #5905, #920, #6285, #2778 ) ) ;
#504 = VECTOR ( 'NONE', #4919, 1000.000000000000000 ) ;
#505 = LINE ( 'NONE', #3532, #3343 ) ;
#506 = EDGE_CURVE ( 'NONE', #3030, #4419, #3370, .T. ) ;
#507 = EDGE_CURVE ( 'NONE', #256, #238, #836, .T. ) ;
#508 = CARTESIAN_POINT ( 'NONE',  ( -58.09532412019513714, 38.17560546962311463, 40.15005770238447269 ) ) ;
#509 = LINE ( 'NONE', #5618, #4584 ) ;
#510 = DIRECTION ( 'NONE',  ( 0.000000000000000000, -0.3420201433256696566, 0.9396926207859080948 ) ) ;
#511 = CARTESIAN_POINT ( 'NONE',  ( -57.99383051730788452, 36.24074136807797686, 43.41385892742286501 ) ) ;
#512 = CARTESIAN_POINT ( 'NONE',  ( -58.00056550016287105, 36.68505105644633346, 42.54202143327387375 ) ) ;
#513 = CYLINDRICAL_SURFACE ( 'NONE', #3243, 3.599999999999998312 ) ;
#514 = CARTESIAN_POINT ( 'NONE',  ( -58.05258998994877118, 37.52437713664434682, 41.26003491532801348 ) ) ;
#515 = EDGE_LOOP ( 'NONE', ( #3729, #3433, #5653, #1770 ) ) ;
#516 = CARTESIAN_POINT ( 'NONE',  ( -57.97712489057592933, 39.81171583139435199, 38.18057363482927258 ) ) ;
#517 = CARTESIAN_POINT ( 'NONE',  ( 59.56225686262557417, 36.47791219860095424, -2.952762965785423521 ) ) ;
#518 = AXIS2_PLACEMENT_3D ( 'NONE', #2953, #2863, #1299 ) ;
#519 = CARTESIAN_POINT ( 'NONE',  ( 23.00000000000001421, 32.00000000000000000, -20.15000000000000213 ) ) ;
#520 = CARTESIAN_POINT ( 'NONE',  ( -58.02470377891137332, 36.68197720390849526, 42.54190735709572380 ) ) ;
#521 = EDGE_CURVE ( 'NONE', #6077, #2711, #2725, .T. ) ;
#522 = CARTESIAN_POINT ( 'NONE',  ( -57.97802894861466427, 36.17471281322589505, 43.59547259198132707 ) ) ;
#523 = FACE_BOUND ( 'NONE', #4310, .T. ) ;
#524 = DIRECTION ( 'NONE',  ( 0.000000000000000000, 0.000000000000000000, -1.000000000000000000 ) ) ;
#525 = CARTESIAN_POINT ( 'NONE',  ( -58.06448537198593840, 39.28877668019492830, 37.82703365902471404 ) ) ;
#526 = EDGE_CURVE ( 'NONE', #1279, #2158, #1557, .T. ) ;
#527 = CARTESIAN_POINT ( 'NONE',  ( -60.34314575050761675, 34.00000000000000711, -8.646254786282209892 ) ) ;
#528 = ORIENTED_EDGE ( 'NONE', *, *, #4176, .F. ) ;
#529 = CARTESIAN_POINT ( 'NONE',  ( -58.05387806271704676, 36.98951728512530934, 42.06069017937311116 ) ) ;
#530 = LINE ( 'NONE', #1029, #5820 ) ;
#531 = AXIS2_PLACEMENT_3D ( 'NONE', #5806, #5308, #3785 ) ;
#532 = DIRECTION ( 'NONE',  ( 0.000000000000000000, 0.5735764363510458264, -0.8191520442889919096 ) ) ;
#533 = FACE_BOUND ( 'NONE', #384, .T. ) ;
#534 = LINE ( 'NONE', #936, #4087 ) ;
#535 = VERTEX_POINT ( 'NONE', #1747 ) ;
#536 = CARTESIAN_POINT ( 'NONE',  ( -57.99976857322376844, 36.68424698587142530, 42.54322853507530766 ) ) ;
#537 = EDGE_CURVE ( 'NONE', #6008, #2627, #3784, .T. ) ;
#538 = VERTEX_POINT ( 'NONE', #944 ) ;
#539 = DIRECTION ( 'NONE',  ( -0.000000000000000000, 0.8191520442889909104, 0.5735764363510474917 ) ) ;
#540 = CARTESIAN_POINT ( 'NONE',  ( -58.02499782170346521, 38.73104296962087290, 39.49754164439183768 ) ) ;
#541 = CARTESIAN_POINT ( 'NONE',  ( -62.00000000000000000, 38.00000000000000711, 37.80681039527355836 ) ) ;
#542 = CARTESIAN_POINT ( 'NONE',  ( 60.00000000000000000, 63.54551899874132204, 4.180324369512661065 ) ) ;
#543 = CARTESIAN_POINT ( 'NONE',  ( -59.61272784597984753, 36.17789523902749949, 42.47110326424751747 ) ) ;
#544 = CARTESIAN_POINT ( 'NONE',  ( -58.00548190288574091, 36.52214273577579462, 42.80224336011249164 ) ) ;
#545 = AXIS2_PLACEMENT_3D ( 'NONE', #1371, #2257, #4393 ) ;
#546 = LINE ( 'NONE', #4010, #1645 ) ;
#547 = CARTESIAN_POINT ( 'NONE',  ( -58.02885691248252442, 37.61594433359865519, 41.16048071388697593 ) ) ;
#548 = VERTEX_POINT ( 'NONE', #3887 ) ;
#549 = CARTESIAN_POINT ( 'NONE',  ( -58.65372606474057449, 37.76596376369498387, 38.25829069476522193 ) ) ;
#550 = CARTESIAN_POINT ( 'NONE',  ( 56.05869130924116206, 46.25824894800436482, -3.767556342664242219 ) ) ;
#551 = AXIS2_PLACEMENT_3D ( 'NONE', #5587, #1539, #1038 ) ;
#552 = LINE ( 'NONE', #3076, #1797 ) ;
#553 = CARTESIAN_POINT ( 'NONE',  ( -58.00774806377432213, 36.76915963813264909, 42.41585573023189681 ) ) ;
#554 = CARTESIAN_POINT ( 'NONE',  ( -57.98877022331070918, 36.88819848186236072, 42.23996427362528294 ) ) ;
#555 = PLANE ( 'NONE',  #2862 ) ;
#556 = CARTESIAN_POINT ( 'NONE',  ( 70.05933982822018891, 38.00000000000000711, 57.63933982822015878 ) ) ;
#557 = CARTESIAN_POINT ( 'NONE',  ( -58.11748760492571364, 39.04606043061404108, 37.85518930120188941 ) ) ;
#558 = LINE ( 'NONE', #2016, #5339 ) ;
#559 = ORIENTED_EDGE ( 'NONE', *, *, #5862, .F. ) ;
#560 = CARTESIAN_POINT ( 'NONE',  ( -58.07051023976580950, 36.96540775867843820, 42.08343382917209397 ) ) ;
#561 = EDGE_CURVE ( 'NONE', #5459, #5264, #3918, .T. ) ;
#562 = CARTESIAN_POINT ( 'NONE',  ( 60.00000000000000000, 36.53589838486225005, -6.646254786282208116 ) ) ;
#563 = LINE ( 'NONE', #1692, #3459 ) ;
#564 = CARTESIAN_POINT ( 'NONE',  ( 60.00000000000000000, 65.18382308731931118, 5.327477242214759379 ) ) ;
#565 = DIRECTION ( 'NONE',  ( 0.000000000000000000, 0.000000000000000000, 1.000000000000000000 ) ) ;
#566 = ORIENTED_EDGE ( 'NONE', *, *, #5324, .F. ) ;
#567 = EDGE_CURVE ( 'NONE', #2772, #6085, #3385, .T. ) ;
#568 = ORIENTED_EDGE ( 'NONE', *, *, #1010, .T. ) ;
#569 = CARTESIAN_POINT ( 'NONE',  ( 71.11999999999999034, 34.00000000000000000, -8.646254786282218774 ) ) ;
#570 = EDGE_CURVE ( 'NONE', #3767, #4837, #5920, .T. ) ;
#571 = CARTESIAN_POINT ( 'NONE',  ( -59.43074084234275034, 36.79114238297091077, 39.55510685709479901 ) ) ;
#572 = FACE_OUTER_BOUND ( 'NONE', #5224, .T. ) ;
#573 = CARTESIAN_POINT ( 'NONE',  ( -58.07480038033222769, 37.30759725035105845, 41.55644171764087247 ) ) ;
#574 = CARTESIAN_POINT ( 'NONE',  ( -58.02442355306106236, 36.24088501067068790, 43.41312165421707192 ) ) ;
#575 = LINE ( 'NONE', #5529, #5256 ) ;
#576 = CARTESIAN_POINT ( 'NONE',  ( -59.01418908078199621, 36.56832253701352897, 41.78106209416869632 ) ) ;
#577 = CIRCLE ( 'NONE', #1005, 3.000000000000002665 ) ;
#578 = ORIENTED_EDGE ( 'NONE', *, *, #4304, .T. ) ;
#579 = CARTESIAN_POINT ( 'NONE',  ( -58.02265584604883486, 39.52357180143723525, 38.16978161245052092 ) ) ;
#580 = CARTESIAN_POINT ( 'NONE',  ( 59.17963960759204411, 46.25824894800437193, -2.545590187612940980 ) ) ;
#581 = DIRECTION ( 'NONE',  ( -0.000000000000000000, 1.000000000000000000, -0.000000000000000000 ) ) ;
#582 = VECTOR ( 'NONE', #5829, 1000.000000000000000 ) ;
#583 = CARTESIAN_POINT ( 'NONE',  ( -58.00293012847866692, 36.69167711700842460, 42.53196899291219069 ) ) ;
#584 = VECTOR ( 'NONE', #297, 1000.000000000000000 ) ;
#585 = CARTESIAN_POINT ( 'NONE',  ( -57.98471210467526760, 36.67284297417539563, 42.56019980629794475 ) ) ;
#586 = DIRECTION ( 'NONE',  ( -1.000000000000000000, 0.000000000000000000, 0.000000000000000000 ) ) ;
#587 = LINE ( 'NONE', #2013, #1739 ) ;
#588 = CARTESIAN_POINT ( 'NONE',  ( -58.56713145336393467, 37.91314082491746262, 37.87126064188097274 ) ) ;
#589 = CARTESIAN_POINT ( 'NONE',  ( 62.00000000000000000, 32.00000000000000711, 41.89196034566927551 ) ) ;
#590 = EDGE_LOOP ( 'NONE', ( #4512, #3586, #4062, #1142 ) ) ;
#591 = CARTESIAN_POINT ( 'NONE',  ( -58.03396746520824223, 36.83594969271447184, 42.30538220378358716 ) ) ;
#592 = CARTESIAN_POINT ( 'NONE',  ( 23.00000000000001421, 32.00000000000000000, -20.15000000000000213 ) ) ;
#593 = CARTESIAN_POINT ( 'NONE',  ( -57.97516573857311784, 40.71810780798793417, 37.38770076680339827 ) ) ;
#594 = DIRECTION ( 'NONE',  ( 1.000000000000000000, 0.000000000000000000, 0.000000000000000000 ) ) ;
#595 = CARTESIAN_POINT ( 'NONE',  ( -31.00000000000000000, 36.00000000000000711, -54.15000000000000568 ) ) ;
#596 = VERTEX_POINT ( 'NONE', #389 ) ;
#597 = ADVANCED_FACE ( 'NONE', ( #1910 ), #2984, .F. ) ;
#598 = ORIENTED_EDGE ( 'NONE', *, *, #4887, .T. ) ;
#599 = DIRECTION ( 'NONE',  ( 0.000000000000000000, -0.5735764363510471586, 0.8191520442889912434 ) ) ;
#600 = CARTESIAN_POINT ( 'NONE',  ( -59.43473961799458749, 36.73117524946869850, 39.90686142043583118 ) ) ;
#601 = CARTESIAN_POINT ( 'NONE',  ( 71.11999999999999034, 36.00000000000000711, -12.15000000000001457 ) ) ;
#602 = CYLINDRICAL_SURFACE ( 'NONE', #6100, 1.549999999999995826 ) ;
#603 = ADVANCED_FACE ( 'NONE', ( #2942 ), #358, .T. ) ;
#604 = VERTEX_POINT ( 'NONE', #6520 ) ;
#605 = CARTESIAN_POINT ( 'NONE',  ( -58.06547519555202541, 37.39368773632169507, 41.43825916677377563 ) ) ;
#606 = CARTESIAN_POINT ( 'NONE',  ( -58.00379193380781828, 36.57039867938552646, 42.71976980180733818 ) ) ;
#607 = VECTOR ( 'NONE', #1494, 1000.000000000000114 ) ;
#608 = DIRECTION ( 'NONE',  ( 1.000000000000000000, 0.000000000000000000, -0.000000000000000000 ) ) ;
#609 = CARTESIAN_POINT ( 'NONE',  ( -59.45345193344212475, 36.28170776527658603, 42.12068286317450827 ) ) ;
#610 = ORIENTED_EDGE ( 'NONE', *, *, #1141, .T. ) ;
#611 = CARTESIAN_POINT ( 'NONE',  ( -58.15655231255304614, 38.88170526482873868, 38.12620771054842095 ) ) ;
#612 = CARTESIAN_POINT ( 'NONE',  ( 57.50962616674808459, 36.47791219860094714, -6.595136940325256880 ) ) ;
#613 = ORIENTED_EDGE ( 'NONE', *, *, #3044, .F. ) ;
#614 = FACE_OUTER_BOUND ( 'NONE', #2775, .T. ) ;
#615 = CARTESIAN_POINT ( 'NONE',  ( -58.07010887305804658, 36.39075858649036377, 43.04103755045814950 ) ) ;
#616 = UNCERTAINTY_MEASURE_WITH_UNIT (LENGTH_MEASURE( 1.000000000000000082E-05 ), #3218, 'distance_accuracy_value', 'NONE');
#617 = CARTESIAN_POINT ( 'NONE',  ( -57.98674118126535149, 36.78250701835288794, 42.39712146174512952 ) ) ;
#618 = DIRECTION ( 'NONE',  ( 0.000000000000000000, 0.000000000000000000, -1.000000000000000000 ) ) ;
#619 = CARTESIAN_POINT ( 'NONE',  ( -60.00000000000000000, 40.00000000000000711, -4.389543696378558124 ) ) ;
#620 = CARTESIAN_POINT ( 'NONE',  ( -58.00326342096147414, 39.85353441491275106, 37.79078973358656413 ) ) ;
#621 = DIRECTION ( 'NONE',  ( 0.000000000000000000, 1.000000000000000000, 0.000000000000000000 ) ) ;
#622 = VERTEX_POINT ( 'NONE', #416 ) ;
#623 = CARTESIAN_POINT ( 'NONE',  ( -58.03282664858317474, 36.84095605080121771, 42.29849207218336460 ) ) ;
#624 = CARTESIAN_POINT ( 'NONE',  ( 59.43493173761233095, 37.99999999999791811, 43.31184735941198483 ) ) ;
#625 = CARTESIAN_POINT ( 'NONE',  ( -58.00337861784584703, 39.86778860583130069, 37.71689255499854454 ) ) ;
#626 = PLANE ( 'NONE',  #1653 ) ;
#627 = CARTESIAN_POINT ( 'NONE',  ( 37.49999999999999289, 40.60246154483593273, 36.94640614105537679 ) ) ;
#628 = CARTESIAN_POINT ( 'NONE',  ( -37.50000000000000711, 56.35244602111427525, 5.735863226881972921 ) ) ;
#629 = ORIENTED_EDGE ( 'NONE', *, *, #5552, .F. ) ;
#630 = ORIENTED_EDGE ( 'NONE', *, *, #2470, .F. ) ;
#631 = VECTOR ( 'NONE', #234, 1000.000000000000000 ) ;
#632 = DIRECTION ( 'NONE',  ( -0.000000000000000000, -1.000000000000000000, -0.000000000000000000 ) ) ;
#633 = CARTESIAN_POINT ( 'NONE',  ( -58.05680492954222416, 37.90018390944543825, 40.68033147880412770 ) ) ;
#634 = DIRECTION ( 'NONE',  ( 0.000000000000000000, 0.000000000000000000, -1.000000000000000000 ) ) ;
#635 = VECTOR ( 'NONE', #1292, 1000.000000000000114 ) ;
#636 = ORIENTED_EDGE ( 'NONE', *, *, #712, .F. ) ;
#637 = CARTESIAN_POINT ( 'NONE',  ( -58.96271968857141133, 36.51500064027937498, 42.03416692918188602 ) ) ;
#638 = CARTESIAN_POINT ( 'NONE',  ( -58.00521001888882466, 36.57057454866232149, 42.71943652526224611 ) ) ;
#639 = EDGE_CURVE ( 'NONE', #4593, #3764, #5276, .T. ) ;
#640 = DIRECTION ( 'NONE',  ( 0.000000000000000000, 0.000000000000000000, -1.000000000000000000 ) ) ;
#641 = CARTESIAN_POINT ( 'NONE',  ( -59.18543789041170555, 36.38491579085562933, 42.11045886465232257 ) ) ;
#642 = ORIENTED_EDGE ( 'NONE', *, *, #2965, .F. ) ;
#643 = CARTESIAN_POINT ( 'NONE',  ( -60.12269192226143844, 36.46464868985942331, 38.52421848978669061 ) ) ;
#644 = ORIENTED_EDGE ( 'NONE', *, *, #6381, .F. ) ;
#645 = CARTESIAN_POINT ( 'NONE',  ( 37.49999999999999289, 53.36984855197531630, 9.995453857220740090 ) ) ;
#646 = DIRECTION ( 'NONE',  ( 0.000000000000000000, 1.000000000000000000, 0.000000000000000000 ) ) ;
#647 = CIRCLE ( 'NONE', #345, 7.600000000000002309 ) ;
#648 = CARTESIAN_POINT ( 'NONE',  ( -58.00325453894605943, 36.68765461734886202, 42.53791397409298725 ) ) ;
#649 = CIRCLE ( 'NONE', #5003, 1.549999999999995826 ) ;
#650 = EDGE_CURVE ( 'NONE', #2807, #3030, #885, .T. ) ;
#651 = SPHERICAL_SURFACE ( 'NONE', #1956, 2.000000000000000000 ) ;
#652 = CARTESIAN_POINT ( 'NONE',  ( 71.11999999999999034, 35.00000000000000000, -57.15000000000000568 ) ) ;
#653 =( GEOMETRIC_REPRESENTATION_CONTEXT ( 3 ) GLOBAL_UNCERTAINTY_ASSIGNED_CONTEXT ( ( #4608 ) ) GLOBAL_UNIT_ASSIGNED_CONTEXT ( ( #5928, #6447, #1829 ) ) REPRESENTATION_CONTEXT ( 'NONE', 'WORKASPACE' ) );
#654 = LINE ( 'NONE', #4644, #42 ) ;
#655 = CARTESIAN_POINT ( 'NONE',  ( -59.20945412665281538, 37.10804971760589410, 37.90291163023350407 ) ) ;
#656 = DIRECTION ( 'NONE',  ( 0.000000000000000000, 1.000000000000000000, 0.000000000000000000 ) ) ;
#657 = EDGE_CURVE ( 'NONE', #535, #866, #3038, .T. ) ;
#658 = ORIENTED_EDGE ( 'NONE', *, *, #943, .T. ) ;
#659 = CARTESIAN_POINT ( 'NONE',  ( -58.47911988200931432, 36.41558894663928214, 42.80146862016992060 ) ) ;
#660 = CARTESIAN_POINT ( 'NONE',  ( 60.45818688180957423, 38.00000000000000711, 43.38351676771745247 ) ) ;
#661 = CARTESIAN_POINT ( 'NONE',  ( 36.00000000000000000, 36.36169591142201796, 43.00284712729789760 ) ) ;
#662 = DIRECTION ( 'NONE',  ( 0.000000000000000000, 1.000000000000000000, 0.000000000000000000 ) ) ;
#663 = CARTESIAN_POINT ( 'NONE',  ( 59.84955155412320238, 36.62650470548200587, -5.274953027797894656 ) ) ;
#664 = ORIENTED_EDGE ( 'NONE', *, *, #763, .T. ) ;
#665 = CARTESIAN_POINT ( 'NONE',  ( 60.00000000000000000, 65.99478153090102239, 5.071783027122259924 ) ) ;
#666 =( BOUNDED_CURVE ( )  B_SPLINE_CURVE ( 3, ( #3849, #3383, #1880, #387 ),
 .UNSPECIFIED., .F., .F. ) 
 B_SPLINE_CURVE_WITH_KNOTS ( ( 4, 4 ),
 ( 0.000000000000000000, 1.570796326794897668 ),
 .UNSPECIFIED. ) 
 CURVE ( )  GEOMETRIC_REPRESENTATION_ITEM ( )  RATIONAL_B_SPLINE_CURVE ( ( 1.000000000000000000, 0.8047378541243646044, 0.8047378541243646044, 1.000000000000000000 ) ) 
 REPRESENTATION_ITEM ( '' )  );
#667 = ORIENTED_EDGE ( 'NONE', *, *, #3855, .F. ) ;
#668 = ORIENTED_EDGE ( 'NONE', *, *, #5862, .T. ) ;
#669 = DIRECTION ( 'NONE',  ( 0.000000000000000000, 0.8191520442889909104, 0.5735764363510474917 ) ) ;
#670 = DIRECTION ( 'NONE',  ( 0.000000000000000000, -0.5735764363510497121, 0.8191520442889892450 ) ) ;
#671 = CARTESIAN_POINT ( 'NONE',  ( -62.00000000000000000, 32.00000000000000000, 41.89196034566925420 ) ) ;
#672 = ADVANCED_FACE ( 'NONE', ( #6029, #6464 ), #323, .T. ) ;
#673 = ORIENTED_EDGE ( 'NONE', *, *, #5099, .T. ) ;
#674 = CARTESIAN_POINT ( 'NONE',  ( -58.07155212894438279, 37.37944818226594634, 41.45131828326513102 ) ) ;
#675 = CARTESIAN_POINT ( 'NONE',  ( -58.00020107119721047, 36.72985248554117277, 42.47541408987565603 ) ) ;
#676 = CIRCLE ( 'NONE', #5032, 7.600000000000002309 ) ;
#677 = DIRECTION ( 'NONE',  ( 0.000000000000000000, 1.000000000000000000, 0.000000000000000000 ) ) ;
#678 = CARTESIAN_POINT ( 'NONE',  ( -58.10174535657089478, 37.40122199431727523, 41.37329922485571387 ) ) ;
#679 = VERTEX_POINT ( 'NONE', #4533 ) ;
#680 = CARTESIAN_POINT ( 'NONE',  ( -58.08598578434121151, 39.06892812318859853, 38.49500830489190406 ) ) ;
#681 = CARTESIAN_POINT ( 'NONE',  ( 57.75500231374535787, 46.25824894800438614, -2.132832606474910797 ) ) ;
#682 = AXIS2_PLACEMENT_3D ( 'NONE', #3823, #5847, #4782 ) ;
#683 = ORIENTED_EDGE ( 'NONE', *, *, #1026, .T. ) ;
#684 = CARTESIAN_POINT ( 'NONE',  ( 58.25157037767215940, 36.58369055194097541, 42.69975885452674191 ) ) ;
#685 = CARTESIAN_POINT ( 'NONE',  ( 62.00000000000000000, 32.00000000000000000, 37.80681039527358678 ) ) ;
#686 = CARTESIAN_POINT ( 'NONE',  ( -58.01590537056946317, 36.64596849345549856, 42.59941746412654595 ) ) ;
#687 = CARTESIAN_POINT ( 'NONE',  ( 58.75685276315719818, 34.00000000000000000, 42.25726774237973871 ) ) ;
#688 = CARTESIAN_POINT ( 'NONE',  ( -60.00000000000000000, 37.31595971334866846, -5.366454468290974056 ) ) ;
#689 = ADVANCED_FACE ( 'NONE', ( #2068 ), #46, .T. ) ;
#690 = CARTESIAN_POINT ( 'NONE',  ( -57.99825167198791576, 39.87934993841223275, 37.86676613915371803 ) ) ;
#691 = EDGE_CURVE ( 'NONE', #3858, #3642, #6125, .T. ) ;
#692 = AXIS2_PLACEMENT_3D ( 'NONE', #4770, #1877, #5365 ) ;
#693 = CARTESIAN_POINT ( 'NONE',  ( -57.99999999999999289, 31.99000000000000554, 42.78059757775795902 ) ) ;
#694 = CARTESIAN_POINT ( 'NONE',  ( -12.99999999999998401, 32.00000000000000000, -19.47500000000000497 ) ) ;
#695 = CARTESIAN_POINT ( 'NONE',  ( -58.07688922959447098, 36.86529631674839180, 42.23181618560049344 ) ) ;
#696 = CARTESIAN_POINT ( 'NONE',  ( 59.22909344090533068, 38.68990254338100243, 42.46617665280314213 ) ) ;
#697 = CARTESIAN_POINT ( 'NONE',  ( -60.03084157977879443, 36.52756353406429213, 37.77642519928956943 ) ) ;
#698 = FACE_BOUND ( 'NONE', #1314, .T. ) ;
#699 = CARTESIAN_POINT ( 'NONE',  ( 60.00000000000000000, 36.53589838486225716, 37.80681039527357967 ) ) ;
#700 = ORIENTED_EDGE ( 'NONE', *, *, #2656, .T. ) ;
#701 = FACE_OUTER_BOUND ( 'NONE', #703, .T. ) ;
#702 = CIRCLE ( 'NONE', #6219, 3.599999999999998312 ) ;
#703 = EDGE_LOOP ( 'NONE', ( #598, #1504, #6557, #5646, #118, #992 ) ) ;
#704 = CARTESIAN_POINT ( 'NONE',  ( -60.00402651119993180, 36.56250135595580275, 38.52367769806037501 ) ) ;
#705 = CARTESIAN_POINT ( 'NONE',  ( 59.09702202801781112, 37.24814264646836648, 41.73686998955950145 ) ) ;
#706 = FACE_OUTER_BOUND ( 'NONE', #3394, .T. ) ;
#707 = AXIS2_PLACEMENT_3D ( 'NONE', #2193, #975, #5588 ) ;
#708 = ORIENTED_EDGE ( 'NONE', *, *, #5180, .T. ) ;
#709 = CARTESIAN_POINT ( 'NONE',  ( -58.15082609434305994, 37.14447298570791389, 41.71702512883972247 ) ) ;
#710 = CARTESIAN_POINT ( 'NONE',  ( -58.00672504981346833, 36.38595007182592411, 43.05564238042389746 ) ) ;
#711 = VERTEX_POINT ( 'NONE', #3505 ) ;
#712 = EDGE_CURVE ( 'NONE', #5731, #2998, #5581, .T. ) ;
#713 = PLANE ( 'NONE',  #692 ) ;
#714 = CARTESIAN_POINT ( 'NONE',  ( -58.06806362978756653, 37.42056448575518601, 41.39380589729095306 ) ) ;
#715 = VERTEX_POINT ( 'NONE', #5753 ) ;
#716 = CARTESIAN_POINT ( 'NONE',  ( -58.03875867761625784, 39.20686158346753558, 38.63550992963352115 ) ) ;
#717 = CARTESIAN_POINT ( 'NONE',  ( 57.50962616674808459, 46.25824894800437903, -2.183950452431869138 ) ) ;
#718 = ORIENTED_EDGE ( 'NONE', *, *, #5503, .T. ) ;
#719 = CARTESIAN_POINT ( 'NONE',  ( -63.52065792321464954, 32.00000000000000000, -57.05000000000001137 ) ) ;
#720 = DIRECTION ( 'NONE',  ( 0.000000000000000000, 0.000000000000000000, 1.000000000000000000 ) ) ;
#721 = CARTESIAN_POINT ( 'NONE',  ( -57.99711689074425891, 36.38591774745447793, 43.05573992797696548 ) ) ;
#722 = CARTESIAN_POINT ( 'NONE',  ( -58.31670960902521017, 36.08570393359315176, 43.92427629610072870 ) ) ;
#723 = DIRECTION ( 'NONE',  ( 0.000000000000000000, 0.5735764363510448272, -0.8191520442889926867 ) ) ;
#724 = CYLINDRICAL_SURFACE ( 'NONE', #2450, 3.000000000000002665 ) ;
#725 = CARTESIAN_POINT ( 'NONE',  ( -58.01481405236294364, 39.67227019220409545, 37.94099901596510449 ) ) ;
#726 = CARTESIAN_POINT ( 'NONE',  ( 62.00000000000000000, 38.00000000000000711, 0.000000000000000000 ) ) ;
#727 = CARTESIAN_POINT ( 'NONE',  ( -37.50000000000000711, 58.38333107169546565, 11.55269276807757706 ) ) ;
#728 = CARTESIAN_POINT ( 'NONE',  ( -58.03237477871954297, 36.84295920583674189, 42.29573405750772963 ) ) ;
#729 = EDGE_CURVE ( 'NONE', #6568, #5510, #1181, .T. ) ;
#730 = VECTOR ( 'NONE', #6476, 1000.000000000000000 ) ;
#731 = CARTESIAN_POINT ( 'NONE',  ( -70.43535897468470353, 35.00000000000000000, -55.81535897468449292 ) ) ;
#732 = EDGE_CURVE ( 'NONE', #3310, #1095, #909, .T. ) ;
#733 = CARTESIAN_POINT ( 'NONE',  ( -58.00409753264175805, 39.85379732357334603, 37.73408937693334053 ) ) ;
#734 = PRESENTATION_STYLE_ASSIGNMENT (( #1865 ) ) ;
#735 = CARTESIAN_POINT ( 'NONE',  ( 59.96889243328153185, 36.55333478954978688, -4.844455753185845204 ) ) ;
#736 = ORIENTED_EDGE ( 'NONE', *, *, #4627, .F. ) ;
#737 = VECTOR ( 'NONE', #4978, 1000.000000000000000 ) ;
#738 = EDGE_LOOP ( 'NONE', ( #5967, #6260, #5663, #5363 ) ) ;
#739 = ORIENTED_EDGE ( 'NONE', *, *, #5813, .F. ) ;
#740 = ORIENTED_EDGE ( 'NONE', *, *, #5322, .F. ) ;
#741 = CARTESIAN_POINT ( 'NONE',  ( -58.57237079239823174, 34.00000000000000711, 42.45601494608681747 ) ) ;
#742 = CYLINDRICAL_SURFACE ( 'NONE', #5455, 2.000000000000001776 ) ;
#743 = CARTESIAN_POINT ( 'NONE',  ( -57.99999999999999289, 40.00000000000000711, -3.637306666410676126 ) ) ;
#744 = ORIENTED_EDGE ( 'NONE', *, *, #4314, .F. ) ;
#745 = ADVANCED_FACE ( 'NONE', ( #701 ), #1509, .F. ) ;
#746 = CARTESIAN_POINT ( 'NONE',  ( -58.08729188999784299, 37.16836480535075538, 41.75427544059488838 ) ) ;
#747 = CARTESIAN_POINT ( 'NONE',  ( -58.00771190717570391, 36.08278544358206830, 43.97099013574199944 ) ) ;
#748 = ORIENTED_EDGE ( 'NONE', *, *, #858, .T. ) ;
#749 = CARTESIAN_POINT ( 'NONE',  ( -60.00000000000000000, 0.000000000000000000, 0.000000000000000000 ) ) ;
#750 = ORIENTED_EDGE ( 'NONE', *, *, #2520, .F. ) ;
#751 = AXIS2_PLACEMENT_3D ( 'NONE', #3830, #837, #2925 ) ;
#752 = CARTESIAN_POINT ( 'NONE',  ( -58.13707471196105558, 38.86274996738446674, 38.50643960050845749 ) ) ;
#753 = PLANE ( 'NONE',  #3316 ) ;
#754 = ORIENTED_EDGE ( 'NONE', *, *, #5779, .T. ) ;
#755 = DIRECTION ( 'NONE',  ( 1.000000000000000000, 0.000000000000000000, 0.000000000000000000 ) ) ;
#756 = CARTESIAN_POINT ( 'NONE',  ( -57.99546516752612746, 36.67284297417539563, 42.56019980629794475 ) ) ;
#757 = CARTESIAN_POINT ( 'NONE',  ( -58.00166038187850148, 36.73475611973258026, 42.46804166141994585 ) ) ;
#758 = CARTESIAN_POINT ( 'NONE',  ( 58.89625536799149330, 34.00000000000000000, 42.06671155061900436 ) ) ;
#759 = DIRECTION ( 'NONE',  ( -0.000000000000000000, -1.000000000000000000, 0.000000000000000000 ) ) ;
#760 = CARTESIAN_POINT ( 'NONE',  ( -58.91007661551303443, 37.48171454825703819, 37.98094617482233559 ) ) ;
#761 = CARTESIAN_POINT ( 'NONE',  ( 71.11999999999999034, 32.00000000000000000, -8.646254786282211668 ) ) ;
#762 = AXIS2_PLACEMENT_3D ( 'NONE', #652, #4142, #2680 ) ;
#763 = EDGE_CURVE ( 'NONE', #6353, #3201, #2629, .T. ) ;
#764 = ORIENTED_EDGE ( 'NONE', *, *, #3653, .T. ) ;
#765 = CARTESIAN_POINT ( 'NONE',  ( 23.00000000000001421, 34.40000000000000568, -23.47500000000000142 ) ) ;
#766 = CARTESIAN_POINT ( 'NONE',  ( -58.48473583366623529, 36.20077575568665651, 43.40572113357873008 ) ) ;
#767 = VECTOR ( 'NONE', #5288, 1000.000000000000000 ) ;
#768 = LINE ( 'NONE', #4181, #3078 ) ;
#769 = CARTESIAN_POINT ( 'NONE',  ( -58.00546652343792431, 39.82950798927129199, 37.74304551917406059 ) ) ;
#770 = DIRECTION ( 'NONE',  ( -0.000000000000000000, 1.000000000000000000, -0.000000000000000000 ) ) ;
#771 = CARTESIAN_POINT ( 'NONE',  ( -58.14029569430748978, 34.00000000000000000, -6.646254786282207228 ) ) ;
#772 = VERTEX_POINT ( 'NONE', #3035 ) ;
#773 = ADVANCED_FACE ( 'NONE', ( #6092 ), #3599, .F. ) ;
#774 = CARTESIAN_POINT ( 'NONE',  ( -59.99985138049904521, 34.00000000000000000, 37.75186128545609421 ) ) ;
#775 = AXIS2_PLACEMENT_3D ( 'NONE', #5176, #2252, #3183 ) ;
#776 = EDGE_CURVE ( 'NONE', #6085, #114, #3194, .T. ) ;
#777 = CYLINDRICAL_SURFACE ( 'NONE', #1961, 3.599999999999998312 ) ;
#778 = VERTEX_POINT ( 'NONE', #5029 ) ;
#779 = CARTESIAN_POINT ( 'NONE',  ( -58.04471689976612225, 37.25290884749519904, 41.67510274789827207 ) ) ;
#780 = CARTESIAN_POINT ( 'NONE',  ( -58.00005274464616889, 36.68673883813353598, 42.53952314615081320 ) ) ;
#781 = ORIENTED_EDGE ( 'NONE', *, *, #2676, .T. ) ;
#782 = CARTESIAN_POINT ( 'NONE',  ( -14.00868123935018694, 35.19284417492608696, -12.15000000000000036 ) ) ;
#783 = ORIENTED_EDGE ( 'NONE', *, *, #2893, .F. ) ;
#784 = CARTESIAN_POINT ( 'NONE',  ( -58.04049155951047823, 39.19803549730192316, 38.63717823490336656 ) ) ;
#785 = CARTESIAN_POINT ( 'NONE',  ( 56.82036039240796299, 46.25824894800437903, -2.545590187612940536 ) ) ;
#786 = VERTEX_POINT ( 'NONE', #2497 ) ;
#787 = CYLINDRICAL_SURFACE ( 'NONE', #2648, 1.599999999999998312 ) ;
#788 = CARTESIAN_POINT ( 'NONE',  ( -57.99777400485684353, 36.72966128659815155, 42.47570005580506347 ) ) ;
#789 = CARTESIAN_POINT ( 'NONE',  ( -58.00121488000668535, 36.68688009989107002, 42.53926197956435828 ) ) ;
#790 = CARTESIAN_POINT ( 'NONE',  ( -57.97030308077511052, 36.12181242216358612, 43.78217543661525468 ) ) ;
#791 = VERTEX_POINT ( 'NONE', #4722 ) ;
#792 = AXIS2_PLACEMENT_3D ( 'NONE', #5615, #1965, #6026 ) ;
#793 = APPLICATION_PROTOCOL_DEFINITION ( 'draft international standard', 'automotive_design', 1998, #4553 ) ;
#794 = CARTESIAN_POINT ( 'NONE',  ( -58.01903871287526471, 39.64357693646671521, 37.86770592294554660 ) ) ;
#795 = LINE ( 'NONE', #396, #635 ) ;
#796 = ORIENTED_EDGE ( 'NONE', *, *, #3046, .F. ) ;
#797 = DIRECTION ( 'NONE',  ( 1.000000000000000000, 0.000000000000000000, 0.000000000000000000 ) ) ;
#798 = CARTESIAN_POINT ( 'NONE',  ( -58.32432700653570379, 36.35175970197050788, 43.05368193447100111 ) ) ;
#799 = CARTESIAN_POINT ( 'NONE',  ( -57.99999999999999289, 31.99000000000000554, -6.646254786282208116 ) ) ;
#800 = EDGE_CURVE ( 'NONE', #4205, #807, #4069, .T. ) ;
#801 = CARTESIAN_POINT ( 'NONE',  ( -57.97684630447218979, 40.46488444228796766, 37.50856096842264265 ) ) ;
#802 = AXIS2_PLACEMENT_3D ( 'NONE', #5231, #677, #4808 ) ;
#803 = CARTESIAN_POINT ( 'NONE',  ( 23.00000000000001421, 32.00000000000000000, -46.15000000000001279 ) ) ;
#804 = DIRECTION ( 'NONE',  ( -0.000000000000000000, -1.000000000000000000, -0.000000000000000000 ) ) ;
#805 = ORIENTED_EDGE ( 'NONE', *, *, #4544, .F. ) ;
#806 = VECTOR ( 'NONE', #5936, 1000.000000000000000 ) ;
#807 = VERTEX_POINT ( 'NONE', #4597 ) ;
#808 = AXIS2_PLACEMENT_3D ( 'NONE', #2585, #6247, #1594 ) ;
#809 = LINE ( 'NONE', #1404, #931 ) ;
#810 = CARTESIAN_POINT ( 'NONE',  ( 57.99999999999999289, 31.99000000000000554, -8.646254786282208116 ) ) ;
#811 = CARTESIAN_POINT ( 'NONE',  ( 60.00000000000000000, 34.00000000000000000, -4.700734922224746093 ) ) ;
#812 = EDGE_LOOP ( 'NONE', ( #5261, #740, #2224, #4819 ) ) ;
#813 = CARTESIAN_POINT ( 'NONE',  ( -59.10985993792512261, 36.34841972525100573, 42.35978630421068658 ) ) ;
#814 = CARTESIAN_POINT ( 'NONE',  ( -58.00897905240972108, 36.30679582560830454, 43.23214383553705176 ) ) ;
#815 = EDGE_CURVE ( 'NONE', #464, #2296, #2955, .T. ) ;
#816 = ORIENTED_EDGE ( 'NONE', *, *, #4396, .F. ) ;
#817 = EDGE_CURVE ( 'NONE', #5768, #3985, #5929, .T. ) ;
#818 = DIRECTION ( 'NONE',  ( -0.000000000000000000, 1.000000000000000000, -0.000000000000000000 ) ) ;
#819 = ORIENTED_EDGE ( 'NONE', *, *, #5164, .T. ) ;
#820 = ADVANCED_FACE ( 'NONE', ( #374, #1372 ), #2866, .T. ) ;
#821 = CARTESIAN_POINT ( 'NONE',  ( -58.06297913450806192, 38.94580563207015445, 38.94960094125941907 ) ) ;
#822 = DIRECTION ( 'NONE',  ( -1.000000000000000000, 0.000000000000000000, -0.000000000000000000 ) ) ;
#823 = ORIENTED_EDGE ( 'NONE', *, *, #4713, .F. ) ;
#824 = CARTESIAN_POINT ( 'NONE',  ( -59.88424820814390159, 37.99999999999812417, -6.044537390643026420 ) ) ;
#825 = CARTESIAN_POINT ( 'NONE',  ( -57.99973416217056155, 36.47664113311083156, 42.88693913571687943 ) ) ;
#826 = CARTESIAN_POINT ( 'NONE',  ( -58.03824721036146883, 36.38745969597263041, 43.05106844228222229 ) ) ;
#827 = CARTESIAN_POINT ( 'NONE',  ( -73.11999999999999034, 35.00000000000000000, -59.14999999999999858 ) ) ;
#828 = CARTESIAN_POINT ( 'NONE',  ( -58.33145240876234539, 37.47746819526480522, 40.80882641881201778 ) ) ;
#829 = EDGE_LOOP ( 'NONE', ( #6164, #3402, #1355, #4632 ) ) ;
#830 = CARTESIAN_POINT ( 'NONE',  ( -60.05623564656486479, 36.51320762828481747, 37.94395942132502597 ) ) ;
#831 = DIRECTION ( 'NONE',  ( -0.000000000000000000, 0.8191520442889907994, 0.5735764363510474917 ) ) ;
#832 = EDGE_LOOP ( 'NONE', ( #1679, #2163, #4658, #5824 ) ) ;
#833 = DIRECTION ( 'NONE',  ( -1.000000000000000000, -0.000000000000000000, 0.000000000000000000 ) ) ;
#834 = CARTESIAN_POINT ( 'NONE',  ( -58.01373418162995677, 36.96259339117543874, 42.13001284722351159 ) ) ;
#835 = EDGE_CURVE ( 'NONE', #5413, #357, #4120, .T. ) ;
#836 = B_SPLINE_CURVE_WITH_KNOTS ( 'NONE', 3,
 ( #2174, #6299, #2276, #684, #3709, #2712, #2748, #4776 ),
 .UNSPECIFIED., .F., .F.,
 ( 4, 2, 2, 4 ),
 ( 0.003415006678715500413, 0.003735485979526541236, 0.003895725629932066635, 0.004055965280337592467 ),
 .UNSPECIFIED. ) ;
#837 = DIRECTION ( 'NONE',  ( -0.000000000000000000, -1.000000000000000000, -0.000000000000000000 ) ) ;
#838 = AXIS2_PLACEMENT_3D ( 'NONE', #592, #2519, #2582 ) ;
#839 = CARTESIAN_POINT ( 'NONE',  ( -58.02118746374571856, 39.62523337209904639, 37.73984552531359071 ) ) ;
#840 = CARTESIAN_POINT ( 'NONE',  ( -12.49999999999998401, 32.00000000000000000, -53.47500000000001563 ) ) ;
#841 = CARTESIAN_POINT ( 'NONE',  ( 61.99999999999999289, 38.00000000000000711, -6.883067321740159450 ) ) ;
#842 = ORIENTED_EDGE ( 'NONE', *, *, #5811, .F. ) ;
#843 = DIRECTION ( 'NONE',  ( 0.000000000000000000, 0.000000000000000000, -1.000000000000000000 ) ) ;
#844 = CARTESIAN_POINT ( 'NONE',  ( -58.31686537709912699, 37.15041975453729606, 41.46779621808287430 ) ) ;
#845 = FACE_OUTER_BOUND ( 'NONE', #3625, .T. ) ;
#846 = AXIS2_PLACEMENT_3D ( 'NONE', #3429, #1793, #399 ) ;
#847 = CARTESIAN_POINT ( 'NONE',  ( 58.95769593090201965, 40.03600000000000847, -6.389142824205217508 ) ) ;
#848 = ORIENTED_EDGE ( 'NONE', *, *, #4916, .T. ) ;
#849 = CARTESIAN_POINT ( 'NONE',  ( -58.00100068434581857, 36.57025908269996251, 42.72003370708214476 ) ) ;
#850 = VERTEX_POINT ( 'NONE', #5480 ) ;
#851 = CARTESIAN_POINT ( 'NONE',  ( -58.45846034117311518, 34.00000000000000711, -2.175007162275515604 ) ) ;
#852 = CARTESIAN_POINT ( 'NONE',  ( -58.06353492798947968, 38.77487558408433443, 39.25482893808432294 ) ) ;
#853 = CARTESIAN_POINT ( 'NONE',  ( -57.99999999999999289, 0.000000000000000000, 0.000000000000000000 ) ) ;
#854 = ORIENTED_EDGE ( 'NONE', *, *, #1702, .F. ) ;
#855 = CARTESIAN_POINT ( 'NONE',  ( -62.00000000000000000, 38.00000000000000711, -4.389543696378559012 ) ) ;
#856 = CARTESIAN_POINT ( 'NONE',  ( -57.99552160333209372, 36.68672412954742867, 42.53954516347874204 ) ) ;
#857 = CARTESIAN_POINT ( 'NONE',  ( -58.00178648369470125, 36.78796459464136603, 42.38892900929972996 ) ) ;
#858 = EDGE_CURVE ( 'NONE', #2807, #4419, #1431, .T. ) ;
#859 = AXIS2_PLACEMENT_3D ( 'NONE', #1158, #1196, #2191 ) ;
#860 = CARTESIAN_POINT ( 'NONE',  ( -60.00000000000000000, 63.54551899874132204, 4.180324369512657512 ) ) ;
#861 = CARTESIAN_POINT ( 'NONE',  ( -58.43203196380499520, 37.35464766631191935, 40.85432726653621671 ) ) ;
#862 = ORIENTED_EDGE ( 'NONE', *, *, #5358, .F. ) ;
#863 = CARTESIAN_POINT ( 'NONE',  ( -59.23773458607377052, 37.08062398972214169, 38.03371454586849865 ) ) ;
#864 = DIRECTION ( 'NONE',  ( -0.000000000000000000, 0.000000000000000000, 1.000000000000000000 ) ) ;
#865 = EDGE_CURVE ( 'NONE', #1948, #5268, #6135, .T. ) ;
#866 = VERTEX_POINT ( 'NONE', #927 ) ;
#867 = LINE ( 'NONE', #3314, #2517 ) ;
#868 = CARTESIAN_POINT ( 'NONE',  ( -58.00625115908231066, 36.95175792887331312, 42.14700330472415146 ) ) ;
#869 = CARTESIAN_POINT ( 'NONE',  ( 60.20377425341472133, 38.00000000000000711, 38.53153426027660799 ) ) ;
#870 = CARTESIAN_POINT ( 'NONE',  ( -58.00745037384598390, 39.79551935967947429, 37.76792861673286694 ) ) ;
#871 = CARTESIAN_POINT ( 'NONE',  ( 56.04960485060823316, 38.63191942670053436, -4.887484303137414443 ) ) ;
#872 = ORIENTED_EDGE ( 'NONE', *, *, #5483, .F. ) ;
#873 = VECTOR ( 'NONE', #4870, 999.9999999999998863 ) ;
#874 = CARTESIAN_POINT ( 'NONE',  ( -37.50000000000000711, 55.20529314829865797, 7.374167315495973263 ) ) ;
#875 = LINE ( 'NONE', #1898, #5146 ) ;
#876 = PLANE ( 'NONE',  #5777 ) ;
#877 = DIRECTION ( 'NONE',  ( 1.000000000000000000, 0.000000000000000000, 0.000000000000000000 ) ) ;
#878 = VERTEX_POINT ( 'NONE', #4954 ) ;
#879 = CARTESIAN_POINT ( 'NONE',  ( -58.00189314818431541, 36.68672412954742867, 42.53954516347874204 ) ) ;
#880 = VERTEX_POINT ( 'NONE', #308 ) ;
#881 = CARTESIAN_POINT ( 'NONE',  ( -59.70850293519216478, 34.00000000000000711, -3.179290172756860322 ) ) ;
#882 = CARTESIAN_POINT ( 'NONE',  ( -58.09821580904613825, 38.82588496565224290, 38.95821386531294195 ) ) ;
#883 = DIRECTION ( 'NONE',  ( -0.000000000000000000, 0.000000000000000000, 1.000000000000000000 ) ) ;
#884 = ORIENTED_EDGE ( 'NONE', *, *, #4024, .F. ) ;
#885 = LINE ( 'NONE', #4471, #1023 ) ;
#886 = CARTESIAN_POINT ( 'NONE',  ( -57.99276362297590026, 36.08278354698991564, 43.97102036694539606 ) ) ;
#887 =( BOUNDED_CURVE ( )  B_SPLINE_CURVE ( 3, ( #6376, #3359, #1787, #1856 ),
 .UNSPECIFIED., .F., .F. ) 
 B_SPLINE_CURVE_WITH_KNOTS ( ( 4, 4 ),
 ( 3.141592653589793116, 4.712388980384691450 ),
 .UNSPECIFIED. ) 
 CURVE ( )  GEOMETRIC_REPRESENTATION_ITEM ( )  RATIONAL_B_SPLINE_CURVE ( ( 1.000000000000000000, 0.8047378541243646044, 0.8047378541243646044, 1.000000000000000000 ) ) 
 REPRESENTATION_ITEM ( '' )  );
#888 = CARTESIAN_POINT ( 'NONE',  ( -58.00196600156590421, 36.68654486175619667, 42.53970541006732020 ) ) ;
#889 = DIRECTION ( 'NONE',  ( 0.000000000000000000, -1.000000000000000000, 0.000000000000000000 ) ) ;
#890 = CARTESIAN_POINT ( 'NONE',  ( -57.90005656579636195, 37.99669923962625973, 40.82062558981789380 ) ) ;
#891 = ORIENTED_EDGE ( 'NONE', *, *, #817, .F. ) ;
#892 = CARTESIAN_POINT ( 'NONE',  ( -60.06927150967185014, 36.50505157049458660, 38.04018077502126971 ) ) ;
#893 = CARTESIAN_POINT ( 'NONE',  ( -58.02176879498170337, 39.61656630733154572, 37.84767911930143924 ) ) ;
#894 = ORIENTED_EDGE ( 'NONE', *, *, #2806, .T. ) ;
#895 = CARTESIAN_POINT ( 'NONE',  ( -58.05470650683199096, 36.72287561175010495, 42.46796231564677271 ) ) ;
#896 = AXIS2_PLACEMENT_3D ( 'NONE', #6565, #1555, #3050 ) ;
#897 = CARTESIAN_POINT ( 'NONE',  ( 23.00000000000001421, 36.00000000000000711, -20.15000000000000213 ) ) ;
#898 = CARTESIAN_POINT ( 'NONE',  ( -59.60105873254428133, 36.77297444852469965, 37.85641436926196945 ) ) ;
#899 = DIRECTION ( 'NONE',  ( 0.000000000000000000, 1.000000000000000000, 0.000000000000000000 ) ) ;
#900 = ORIENTED_EDGE ( 'NONE', *, *, #5241, .T. ) ;
#901 = AXIS2_PLACEMENT_3D ( 'NONE', #4066, #3500, #1535 ) ;
#902 = DIRECTION ( 'NONE',  ( 0.000000000000000000, -0.5735764363510470476, 0.8191520442889911324 ) ) ;
#903 = CARTESIAN_POINT ( 'NONE',  ( 60.45818688351583603, 38.00000000000000711, -7.793494408793937289 ) ) ;
#904 = CARTESIAN_POINT ( 'NONE',  ( 57.99999999999999289, 36.36169591142201796, 43.00284712729789760 ) ) ;
#905 = AXIS2_PLACEMENT_3D ( 'NONE', #4028, #6051, #1499 ) ;
#906 = AXIS2_PLACEMENT_3D ( 'NONE', #4118, #6113, #532 ) ;
#907 = CARTESIAN_POINT ( 'NONE',  ( -58.00260801930307508, 36.24074136807797686, 43.41385892742286501 ) ) ;
#908 = VERTEX_POINT ( 'NONE', #2390 ) ;
#909 =( BOUNDED_CURVE ( )  B_SPLINE_CURVE ( 3, ( #1696, #1198, #6250, #1039 ),
 .UNSPECIFIED., .F., .F. ) 
 B_SPLINE_CURVE_WITH_KNOTS ( ( 4, 4 ),
 ( 4.428594871176363412, 4.712388980384689674 ),
 .UNSPECIFIED. ) 
 CURVE ( )  GEOMETRIC_REPRESENTATION_ITEM ( )  RATIONAL_B_SPLINE_CURVE ( ( 1.000000000000000000, 0.9932996624407778308, 0.9932996624407778308, 1.000000000000000000 ) ) 
 REPRESENTATION_ITEM ( '' )  );
#910 = CARTESIAN_POINT ( 'NONE',  ( -60.00267327737197576, 34.00000000000000000, -4.680178964098156591 ) ) ;
#911 = CARTESIAN_POINT ( 'NONE',  ( -58.17640007048088080, 38.58610753274484040, 38.97645515995160537 ) ) ;
#912 = CARTESIAN_POINT ( 'NONE',  ( -31.00000000000000000, 38.00000000000000711, -12.15000000000000036 ) ) ;
#913 = ORIENTED_EDGE ( 'NONE', *, *, #5647, .T. ) ;
#914 = CARTESIAN_POINT ( 'NONE',  ( -60.01447591654109459, 38.00000000000000711, -8.108999908071439222 ) ) ;
#915 = CARTESIAN_POINT ( 'NONE',  ( -57.99342548337654790, 36.69002698778209748, 42.53463400134999972 ) ) ;
#916 = CARTESIAN_POINT ( 'NONE',  ( -58.00624670146929418, 36.62254019054347509, 42.63735047356279040 ) ) ;
#917 = EDGE_CURVE ( 'NONE', #3469, #6397, #4568, .T. ) ;
#918 = DIRECTION ( 'NONE',  ( 0.000000000000000000, -0.000000000000000000, 1.000000000000000000 ) ) ;
#919 = CARTESIAN_POINT ( 'NONE',  ( -58.05946054785920296, 37.89393569223138769, 40.68423529506331704 ) ) ;
#920 = ORIENTED_EDGE ( 'NONE', *, *, #4157, .T. ) ;
#921 = CARTESIAN_POINT ( 'NONE',  ( -58.00575779679952859, 39.71421993571302522, 38.04227458863683609 ) ) ;
#922 = DIRECTION ( 'NONE',  ( 0.000000000000000000, -1.000000000000000000, 0.000000000000000000 ) ) ;
#923 = ORIENTED_EDGE ( 'NONE', *, *, #3948, .T. ) ;
#924 = CARTESIAN_POINT ( 'NONE',  ( -58.03026714723586110, 36.66844742669088930, 42.56139733228126687 ) ) ;
#925 = LINE ( 'NONE', #370, #1996 ) ;
#926 = CARTESIAN_POINT ( 'NONE',  ( -57.99936773145568480, 39.92267201308464308, 37.75102327057285123 ) ) ;
#927 = CARTESIAN_POINT ( 'NONE',  ( 23.00000000000001421, 32.00000000000000000, -42.82500000000000995 ) ) ;
#928 = EDGE_CURVE ( 'NONE', #5787, #3561, #3895, .T. ) ;
#929 = ORIENTED_EDGE ( 'NONE', *, *, #5375, .F. ) ;
#930 = CARTESIAN_POINT ( 'NONE',  ( -58.06974663328745834, 37.25362503071310982, 41.64505444972532189 ) ) ;
#931 = VECTOR ( 'NONE', #843, 1000.000000000000000 ) ;
#932 = EDGE_CURVE ( 'NONE', #1316, #1162, #6458, .T. ) ;
#933 = CARTESIAN_POINT ( 'NONE',  ( -12.99999999999998401, 32.00000000000000000, -16.15000000000000568 ) ) ;
#934 = CARTESIAN_POINT ( 'NONE',  ( -57.98962097916135150, 39.53061554470478001, 38.47716086949916559 ) ) ;
#935 = FACE_OUTER_BOUND ( 'NONE', #2382, .T. ) ;
#936 = CARTESIAN_POINT ( 'NONE',  ( -57.99999999999999289, 31.99000000000000554, -6.646254786282208116 ) ) ;
#937 = CARTESIAN_POINT ( 'NONE',  ( -58.00191700523663485, 36.67284297417539563, 42.56019980629794475 ) ) ;
#938 = ORIENTED_EDGE ( 'NONE', *, *, #6333, .F. ) ;
#939 = AXIS2_PLACEMENT_3D ( 'NONE', #1558, #2578, #463 ) ;
#940 = CARTESIAN_POINT ( 'NONE',  ( 60.34314575050762386, 34.00000000000000000, -8.646254786282211668 ) ) ;
#941 = CARTESIAN_POINT ( 'NONE',  ( -58.04726150542533247, 39.00518925369129164, 38.94346457246061988 ) ) ;
#942 = CARTESIAN_POINT ( 'NONE',  ( 37.49999999999999289, 42.24076563327744793, 38.09355901377441000 ) ) ;
#943 = EDGE_CURVE ( 'NONE', #4404, #3617, #431, .T. ) ;
#944 = CARTESIAN_POINT ( 'NONE',  ( 23.00000000000001421, 34.40000000000000568, -42.82500000000000995 ) ) ;
#945 = CARTESIAN_POINT ( 'NONE',  ( -57.99337695880163324, 36.68424698587142530, 42.54322853507530766 ) ) ;
#946 = CARTESIAN_POINT ( 'NONE',  ( -58.00082980239427854, 36.68993838552042064, 42.53474180669427085 ) ) ;
#947 = DIRECTION ( 'NONE',  ( 1.000000000000000000, 0.000000000000000000, 0.000000000000000000 ) ) ;
#948 = CARTESIAN_POINT ( 'NONE',  ( -58.23536675102835147, 37.34602750794087456, 41.24103133219607997 ) ) ;
#949 = ORIENTED_EDGE ( 'NONE', *, *, #2231, .T. ) ;
#950 = CARTESIAN_POINT ( 'NONE',  ( -57.95192806088690674, 40.47296544438526666, 37.70782002969990998 ) ) ;
#951 = CARTESIAN_POINT ( 'NONE',  ( 57.99999999999999289, 34.00000000000000000, 42.78059757775795191 ) ) ;
#952 = VERTEX_POINT ( 'NONE', #2451 ) ;
#953 = CARTESIAN_POINT ( 'NONE',  ( -58.08142182926238206, 36.49272696842733410, 42.84851797915455052 ) ) ;
#954 = AXIS2_PLACEMENT_3D ( 'NONE', #1285, #6235, #153 ) ;
#955 = DIRECTION ( 'NONE',  ( 0.000000000000000000, -1.000000000000000000, 0.000000000000000000 ) ) ;
#956 =( BOUNDED_SURFACE ( )  B_SPLINE_SURFACE ( 3, 1, ( 
 ( #302, #5282 ),
 ( #3291, #3395 ),
 ( #4248, #269 ),
 ( #6308, #5316 ) ),
 .UNSPECIFIED., .F., .F., .F. ) 
 B_SPLINE_SURFACE_WITH_KNOTS ( ( 4, 4 ),
 ( 2, 2 ),
 ( 0.000000000000000000, 1.000000000000000000 ),
 ( 0.000000000000000000, 1.000000000000000000 ),
 .UNSPECIFIED. ) 
 GEOMETRIC_REPRESENTATION_ITEM ( )  RATIONAL_B_SPLINE_SURFACE ( (
 ( 1.000000000000000000, 1.000000000000000000),
 ( 0.8047378541243644934, 0.8047378541243644934),
 ( 0.8047378541243644934, 0.8047378541243644934),
 ( 1.000000000000000000, 1.000000000000000000) ) ) 
 REPRESENTATION_ITEM ( '' )  SURFACE ( )  );
#957 = CARTESIAN_POINT ( 'NONE',  ( -57.98370566854475072, 40.19878864730960544, 37.64869475373973273 ) ) ;
#958 = EDGE_CURVE ( 'NONE', #6066, #5940, #1573, .T. ) ;
#959 = VECTOR ( 'NONE', #2182, 1000.000000000000000 ) ;
#960 = CARTESIAN_POINT ( 'NONE',  ( 57.99999999999999289, 32.00000000000000000, 44.78059757775795191 ) ) ;
#961 = VERTEX_POINT ( 'NONE', #1866 ) ;
#962 = CARTESIAN_POINT ( 'NONE',  ( -58.19890255705491455, 36.91032414840077536, 42.05273322005145786 ) ) ;
#963 = FACE_OUTER_BOUND ( 'NONE', #5190, .T. ) ;
#964 = DIRECTION ( 'NONE',  ( 0.000000000000000000, 0.000000000000000000, 1.000000000000000000 ) ) ;
#965 = CARTESIAN_POINT ( 'NONE',  ( 60.00000000000000711, 34.00000000000000000, 38.56951504288884536 ) ) ;
#966 = AXIS2_PLACEMENT_3D ( 'NONE', #2012, #6533, #6013 ) ;
#967 = CARTESIAN_POINT ( 'NONE',  ( -58.00166257188487862, 36.78250701835288794, 42.39712146174513663 ) ) ;
#968 = EDGE_LOOP ( 'NONE', ( #3014, #4129 ) ) ;
#969 = EDGE_CURVE ( 'NONE', #5201, #3239, #2366, .T. ) ;
#970 = AXIS2_PLACEMENT_3D ( 'NONE', #5200, #2274, #3312 ) ;
#971 = CARTESIAN_POINT ( 'NONE',  ( -11.03074504522481725, 35.52892882438897004, -12.15000000000000568 ) ) ;
#972 = EDGE_CURVE ( 'NONE', #2732, #1365, #3113, .T. ) ;
#973 = CARTESIAN_POINT ( 'NONE',  ( -58.07642117919535707, 38.21410972551610286, 40.14341356773230984 ) ) ;
#974 = CARTESIAN_POINT ( 'NONE',  ( -60.00000000000000000, 34.00000000000000000, -57.15000000000000568 ) ) ;
#975 = DIRECTION ( 'NONE',  ( -0.000000000000000000, -1.000000000000000000, -0.000000000000000000 ) ) ;
#976 = CARTESIAN_POINT ( 'NONE',  ( -57.99464552983143051, 36.83535275010762433, 42.31854286768520268 ) ) ;
#977 = CARTESIAN_POINT ( 'NONE',  ( -58.00153118403321884, 36.66706664765046497, 42.56884932843941272 ) ) ;
#978 = CARTESIAN_POINT ( 'NONE',  ( 62.00000000000000000, 40.00000000000000711, 0.000000000000000000 ) ) ;
#979 = CARTESIAN_POINT ( 'NONE',  ( -58.03025468578918833, 37.57844977239749795, 41.21346643710759849 ) ) ;
#980 = ORIENTED_EDGE ( 'NONE', *, *, #1966, .T. ) ;
#981 = CARTESIAN_POINT ( 'NONE',  ( -58.03572775685285023, 39.43077016895158238, 38.17637127121512464 ) ) ;
#982 = CARTESIAN_POINT ( 'NONE',  ( 59.94130869075884505, 36.47791219860095424, -5.011531050092884243 ) ) ;
#983 = CIRCLE ( 'NONE', #4814, 2.000000000000001776 ) ;
#984 = CARTESIAN_POINT ( 'NONE',  ( -12.99999999999998401, 34.40000000000000568, -16.15000000000000568 ) ) ;
#985 = EDGE_LOOP ( 'NONE', ( #5038, #5291, #315, #2476 ) ) ;
#986 = CARTESIAN_POINT ( 'NONE',  ( -58.05822040098395576, 36.60164450251954094, 42.65957409778161491 ) ) ;
#987 = CARTESIAN_POINT ( 'NONE',  ( -57.98151316812558065, 36.38591774745447793, 43.05573992797696548 ) ) ;
#988 = PLANE ( 'NONE',  #4232 ) ;
#989 = DIRECTION ( 'NONE',  ( 0.000000000000000000, 1.000000000000000000, 0.000000000000000000 ) ) ;
#990 = CARTESIAN_POINT ( 'NONE',  ( -58.00918706087905719, 39.76756400255897717, 37.76916044821646068 ) ) ;
#991 = CARTESIAN_POINT ( 'NONE',  ( -37.50000000000000711, 54.28757085025051055, 8.684810586322338821 ) ) ;
#992 = ORIENTED_EDGE ( 'NONE', *, *, #120, .F. ) ;
#993 = CARTESIAN_POINT ( 'NONE',  ( -59.39748844129652383, 36.14996447508328004, 42.90567185487787327 ) ) ;
#994 = AXIS2_PLACEMENT_3D ( 'NONE', #5226, #2230, #670 ) ;
#995 = EDGE_CURVE ( 'NONE', #4849, #5659, #1264, .T. ) ;
#996 = DIRECTION ( 'NONE',  ( 1.000000000000000000, -0.000000000000000000, -0.000000000000000000 ) ) ;
#997 = CARTESIAN_POINT ( 'NONE',  ( 37.49999999999999289, 41.32304333511577710, 39.40420228463679564 ) ) ;
#998 = FACE_OUTER_BOUND ( 'NONE', #1245, .T. ) ;
#999 = PLANE ( 'NONE',  #2704 ) ;
#1000 = CARTESIAN_POINT ( 'NONE',  ( -58.00003541655792816, 36.68177434920411883, 42.54690516075513074 ) ) ;
#1001 = ORIENTED_EDGE ( 'NONE', *, *, #3692, .F. ) ;
#1002 = DIRECTION ( 'NONE',  ( 1.000000000000000000, 0.000000000000000000, 0.000000000000000000 ) ) ;
#1003 = CARTESIAN_POINT ( 'NONE',  ( -58.29524965725985908, 38.07282896840583675, 39.61678417450452372 ) ) ;
#1004 = CYLINDRICAL_SURFACE ( 'NONE', #4910, 3.325000000000001510 ) ;
#1005 = AXIS2_PLACEMENT_3D ( 'NONE', #827, #2976, #5470 ) ;
#1006 = DIRECTION ( 'NONE',  ( 0.000000000000000000, 0.5735764363510470476, -0.8191520442889911324 ) ) ;
#1007 = EDGE_CURVE ( 'NONE', #6083, #6295, #4614, .T. ) ;
#1008 = CARTESIAN_POINT ( 'NONE',  ( -57.99239217291497539, 36.47664113311083156, 42.88693913571687943 ) ) ;
#1009 = CARTESIAN_POINT ( 'NONE',  ( -58.00067129604153848, 36.68024216354871214, 42.54916967290567698 ) ) ;
#1010 = EDGE_CURVE ( 'NONE', #6530, #5883, #2019, .T. ) ;
#1011 = ADVANCED_FACE ( 'NONE', ( #4581 ), #1309, .T. ) ;
#1012 = CARTESIAN_POINT ( 'NONE',  ( 37.49999999999999289, 54.28757085025051055, 8.684810586322338821 ) ) ;
#1013 = CARTESIAN_POINT ( 'NONE',  ( -58.40756531543558339, 37.07981738917919756, 41.46913799310443238 ) ) ;
#1014 = ORIENTED_EDGE ( 'NONE', *, *, #1857, .F. ) ;
#1015 = CARTESIAN_POINT ( 'NONE',  ( -57.94133495649143129, 40.35168229544981955, 37.86830585108644698 ) ) ;
#1016 = CARTESIAN_POINT ( 'NONE',  ( 58.49037383325191541, 46.25824894800437903, -6.595136940325255104 ) ) ;
#1017 = DIRECTION ( 'NONE',  ( 1.000000000000000000, 0.000000000000000000, -0.000000000000000000 ) ) ;
#1018 = CARTESIAN_POINT ( 'NONE',  ( -58.00969460687105084, 36.72745765662436668, 42.47740631894560437 ) ) ;
#1019 = CARTESIAN_POINT ( 'NONE',  ( -57.97485193053834962, 36.30676992293005867, 43.23224526286440295 ) ) ;
#1020 = DIRECTION ( 'NONE',  ( 0.000000000000000000, 0.8191520442889909104, 0.5735764363510474917 ) ) ;
#1021 = DIRECTION ( 'NONE',  ( 0.000000000000000000, 0.000000000000000000, 1.000000000000000000 ) ) ;
#1022 = CARTESIAN_POINT ( 'NONE',  ( -58.00440055778399540, 39.82568043199692909, 37.82940174838229552 ) ) ;
#1023 = VECTOR ( 'NONE', #2913, 1000.000000000000000 ) ;
#1024 = B_SPLINE_CURVE_WITH_KNOTS ( 'NONE', 3,
 ( #5206, #1256, #3285, #2280, #6238, #3712, #3216, #687, #758, #5845, #2715, #192, #6271, #1222, #1719, #5277 ),
 .UNSPECIFIED., .F., .F.,
 ( 4, 2, 2, 2, 2, 2, 2, 4 ),
 ( 0.000000000000000000, 0.0001765620216103062445, 0.0003531240432206124891, 0.0007062480864412077394, 0.001412496172882383603, 0.002824992345764752461, 0.004237488518647121102, 0.005649984691529490177 ),
 .UNSPECIFIED. ) ;
#1025 = DIRECTION ( 'NONE',  ( 0.000000000000000000, 0.5735764363510470476, -0.8191520442889911324 ) ) ;
#1026 = EDGE_CURVE ( 'NONE', #5177, #1411, #5644, .T. ) ;
#1027 = VERTEX_POINT ( 'NONE', #2514 ) ;
#1028 = CARTESIAN_POINT ( 'NONE',  ( -58.08127367292847509, 37.05773143336833186, 41.93174163303299196 ) ) ;
#1029 = CARTESIAN_POINT ( 'NONE',  ( 57.99999999999999289, 40.00000000000000711, 0.000000000000000000 ) ) ;
#1030 = CARTESIAN_POINT ( 'NONE',  ( -58.00394258765360433, 39.85698055406515294, 37.70348654914433695 ) ) ;
#1031 = DIRECTION ( 'NONE',  ( 0.000000000000000000, -0.8191520442889912434, -0.5735764363510471586 ) ) ;
#1032 = CARTESIAN_POINT ( 'NONE',  ( 59.09702202801781112, 37.24814264646836648, 41.73686998955950145 ) ) ;
#1033 = ORIENTED_EDGE ( 'NONE', *, *, #6495, .T. ) ;
#1034 = CARTESIAN_POINT ( 'NONE',  ( -57.99976249070981282, 36.64671908120146782, 42.59975621605207863 ) ) ;
#1035 = ORIENTED_EDGE ( 'NONE', *, *, #4530, .F. ) ;
#1036 = LINE ( 'NONE', #2527, #3446 ) ;
#1037 = CARTESIAN_POINT ( 'NONE',  ( -58.07592128152102617, 38.56631671460725386, 39.55346063725097139 ) ) ;
#1038 = DIRECTION ( 'NONE',  ( 0.000000000000000000, 0.000000000000000000, -1.000000000000000000 ) ) ;
#1039 = CARTESIAN_POINT ( 'NONE',  ( 28.20000000000001350, 38.40000000000000568, -51.35000000000002984 ) ) ;
#1040 = CARTESIAN_POINT ( 'NONE',  ( -58.07162071466850506, 37.31336372131063683, 41.55185305078641989 ) ) ;
#1041 = CARTESIAN_POINT ( 'NONE',  ( -58.02989170978147371, 36.30714721043214155, 43.23076581658482098 ) ) ;
#1042 = PLANE ( 'NONE',  #1106 ) ;
#1043 = CARTESIAN_POINT ( 'NONE',  ( -59.23540388178418681, 36.41429785067901292, 41.91288529008144081 ) ) ;
#1044 = ORIENTED_EDGE ( 'NONE', *, *, #1007, .F. ) ;
#1045 = CARTESIAN_POINT ( 'NONE',  ( -58.12229378465597307, 38.95718562814455055, 38.34965663127810842 ) ) ;
#1046 = CARTESIAN_POINT ( 'NONE',  ( 56.00000000000000000, 36.47791219860096135, -4.078352470532377261 ) ) ;
#1047 = CIRCLE ( 'NONE', #4768, 3.599999999999998312 ) ;
#1048 = DIRECTION ( 'NONE',  ( 0.000000000000000000, 1.000000000000000000, -0.000000000000000000 ) ) ;
#1049 = ADVANCED_FACE ( 'NONE', ( #5142 ), #207, .F. ) ;
#1050 = CARTESIAN_POINT ( 'NONE',  ( -58.01019328860101609, 36.71964667018866635, 42.48891744358891032 ) ) ;
#1051 = CARTESIAN_POINT ( 'NONE',  ( -57.98065466534360013, 36.68672412954742867, 42.53954516347874204 ) ) ;
#1052 = FACE_OUTER_BOUND ( 'NONE', #241, .T. ) ;
#1053 = CARTESIAN_POINT ( 'NONE',  ( 31.00000000000000000, 36.00000000000000711, -54.15000000000001279 ) ) ;
#1054 = CARTESIAN_POINT ( 'NONE',  ( -58.18683953161629319, 38.82818471138107697, 37.84389531252396921 ) ) ;
#1055 = EDGE_CURVE ( 'NONE', #5659, #6283, #558, .T. ) ;
#1056 = DIRECTION ( 'NONE',  ( -0.000000000000000000, -1.000000000000000000, 0.000000000000000000 ) ) ;
#1057 = DIRECTION ( 'NONE',  ( -0.000000000000000000, 1.000000000000000000, -0.000000000000000000 ) ) ;
#1058 = CARTESIAN_POINT ( 'NONE',  ( -58.05885778657841456, 37.09416116055358970, 41.89824799090549590 ) ) ;
#1059 = CARTESIAN_POINT ( 'NONE',  ( 23.00000000000001421, 36.00000000000000711, -46.15000000000001279 ) ) ;
#1060 = CARTESIAN_POINT ( 'NONE',  ( -58.00305194756698057, 39.87439629504936534, 37.69708881011399626 ) ) ;
#1061 = DIRECTION ( 'NONE',  ( 0.000000000000000000, 1.000000000000000000, 0.000000000000000000 ) ) ;
#1062 = DIRECTION ( 'NONE',  ( 0.000000000000000000, -0.000000000000000000, 1.000000000000000000 ) ) ;
#1063 = ORIENTED_EDGE ( 'NONE', *, *, #4045, .T. ) ;
#1064 = ORIENTED_EDGE ( 'NONE', *, *, #3162, .T. ) ;
#1065 = CARTESIAN_POINT ( 'NONE',  ( 37.49999999999999289, 35.58897902517644951, 35.38916723023800159 ) ) ;
#1066 = CARTESIAN_POINT ( 'NONE',  ( -58.20926411295902625, 38.24309708051106327, 39.59263895197607042 ) ) ;
#1067 = DIRECTION ( 'NONE',  ( 0.000000000000000000, 0.000000000000000000, -1.000000000000000000 ) ) ;
#1068 = VECTOR ( 'NONE', #3790, 999.9999999999998863 ) ;
#1069 = CARTESIAN_POINT ( 'NONE',  ( -58.75819360044787487, 36.65444902407797656, 41.89414062506302372 ) ) ;
#1070 = CARTESIAN_POINT ( 'NONE',  ( -58.00040958856165929, 36.67982870563571396, 42.54979267112558716 ) ) ;
#1071 = AXIS2_PLACEMENT_3D ( 'NONE', #3034, #11, #4004 ) ;
#1072 = CARTESIAN_POINT ( 'NONE',  ( 60.00000000000000000, 39.04030368420232122, 41.21997375095564564 ) ) ;
#1073 = CARTESIAN_POINT ( 'NONE',  ( -58.07159669328832763, 37.47921647899293163, 41.29903594641191233 ) ) ;
#1074 = VERTEX_POINT ( 'NONE', #6140 ) ;
#1075 = CARTESIAN_POINT ( 'NONE',  ( -60.10302754701999106, 36.48075006435136913, 38.33024316964411327 ) ) ;
#1076 = DIRECTION ( 'NONE',  ( 0.000000000000000000, -0.5735764363510497121, 0.8191520442889892450 ) ) ;
#1077 = VECTOR ( 'NONE', #2689, 1000.000000000000114 ) ;
#1078 = DIRECTION ( 'NONE',  ( 0.000000000000000000, -1.000000000000000000, 0.000000000000000000 ) ) ;
#1079 = CARTESIAN_POINT ( 'NONE',  ( -58.00289763218815153, 36.69334717012533531, 42.52948841555595294 ) ) ;
#1080 = CARTESIAN_POINT ( 'NONE',  ( -57.98037374601711491, 36.30676992293005867, 43.23224526286440295 ) ) ;
#1081 = CYLINDRICAL_SURFACE ( 'NONE', #122, 1.599999999999998312 ) ;
#1082 = ADVANCED_FACE ( 'NONE', ( #4551 ), #1588, .F. ) ;
#1083 = CARTESIAN_POINT ( 'NONE',  ( -37.50000000000000711, 38.53758637397216091, 39.89535350049574447 ) ) ;
#1084 = CARTESIAN_POINT ( 'NONE',  ( -58.01082305205668632, 39.73649106937351405, 37.86228450157035752 ) ) ;
#1085 = CARTESIAN_POINT ( 'NONE',  ( -62.00000000000000000, 34.00000000000000711, -4.389543696378554571 ) ) ;
#1086 = ORIENTED_EDGE ( 'NONE', *, *, #5034, .F. ) ;
#1087 = CARTESIAN_POINT ( 'NONE',  ( -58.07751914856879694, 36.95623645236478438, 42.09175768577125609 ) ) ;
#1088 = ADVANCED_FACE ( 'NONE', ( #3992 ), #3169, .F. ) ;
#1089 = LINE ( 'NONE', #3118, #607 ) ;
#1090 = EDGE_CURVE ( 'NONE', #3708, #5980, #4163, .T. ) ;
#1091 = CARTESIAN_POINT ( 'NONE',  ( -57.99485340242024733, 40.04858515069611258, 37.63305520144389504 ) ) ;
#1092 = CARTESIAN_POINT ( 'NONE',  ( -63.52065792321464954, 32.00000000000000000, 57.05000000000000426 ) ) ;
#1093 = DIRECTION ( 'NONE',  ( -1.000000000000000000, 0.000000000000000000, 0.000000000000000000 ) ) ;
#1094 = ORIENTED_EDGE ( 'NONE', *, *, #5164, .F. ) ;
#1095 = VERTEX_POINT ( 'NONE', #4021 ) ;
#1096 = AXIS2_PLACEMENT_3D ( 'NONE', #1700, #104, #5649 ) ;
#1097 = CARTESIAN_POINT ( 'NONE',  ( -57.99999999999999289, 40.00000000000000711, 44.78059757775796612 ) ) ;
#1098 = CARTESIAN_POINT ( 'NONE',  ( -58.04965440996345905, 38.64431853395785765, 39.53505007478708677 ) ) ;
#1099 = CARTESIAN_POINT ( 'NONE',  ( -62.00000000000000000, 32.00000000000000000, -4.389543696378554571 ) ) ;
#1100 = CYLINDRICAL_SURFACE ( 'NONE', #3483, 1.599999999999995870 ) ;
#1101 = ORIENTED_EDGE ( 'NONE', *, *, #5706, .F. ) ;
#1102 = CARTESIAN_POINT ( 'NONE',  ( -58.15627931889728330, 37.26167675758016884, 41.51747692203939977 ) ) ;
#1103 = CARTESIAN_POINT ( 'NONE',  ( -58.00039773149497790, 36.83542013421536865, 42.31844098542106991 ) ) ;
#1104 = CARTESIAN_POINT ( 'NONE',  ( -57.99999999999999289, 34.00000000000000711, 42.78059757775796612 ) ) ;
#1105 = CARTESIAN_POINT ( 'NONE',  ( -58.40919433522495297, 37.10660908021561966, 41.41115649561714918 ) ) ;
#1106 = AXIS2_PLACEMENT_3D ( 'NONE', #749, #2167, #3777 ) ;
#1107 = ORIENTED_EDGE ( 'NONE', *, *, #567, .F. ) ;
#1108 = CARTESIAN_POINT ( 'NONE',  ( -58.05316122478416219, 39.27344392007920959, 38.33378318584448863 ) ) ;
#1109 = CARTESIAN_POINT ( 'NONE',  ( 59.72214288824191897, 36.47791219860095424, -3.204485992700011998 ) ) ;
#1110 = ORIENTED_EDGE ( 'NONE', *, *, #2313, .F. ) ;
#1111 = CARTESIAN_POINT ( 'NONE',  ( -57.99999999999999289, 65.18382308731931118, 5.327477242214759379 ) ) ;
#1112 = ADVANCED_FACE ( 'NONE', ( #1460 ), #1985, .T. ) ;
#1113 = AXIS2_PLACEMENT_3D ( 'NONE', #6217, #1159, #3592 ) ;
#1114 = CARTESIAN_POINT ( 'NONE',  ( -58.04792118513503851, 36.48254228614922567, 42.87291546078738946 ) ) ;
#1115 = VECTOR ( 'NONE', #156, 1000.000000000000000 ) ;
#1116 = CARTESIAN_POINT ( 'NONE',  ( -57.98051248870694963, 36.68109340537446172, 42.54791583268632138 ) ) ;
#1117 = DIRECTION ( 'NONE',  ( 0.000000000000000000, -0.000000000000000000, -1.000000000000000000 ) ) ;
#1118 = DIRECTION ( 'NONE',  ( 0.000000000000000000, 1.000000000000000000, 0.000000000000000000 ) ) ;
#1119 = CARTESIAN_POINT ( 'NONE',  ( -58.00991994695820608, 39.75425779845651419, 37.82565164828831428 ) ) ;
#1120 = LINE ( 'NONE', #3716, #2957 ) ;
#1121 = CARTESIAN_POINT ( 'NONE',  ( -36.00000000000000000, 56.66260176258805359, 14.01014890102206145 ) ) ;
#1122 = CARTESIAN_POINT ( 'NONE',  ( -58.97359665861562661, 36.18069177105104473, 43.15783944631008495 ) ) ;
#1123 = DIRECTION ( 'NONE',  ( 0.000000000000000000, 0.000000000000000000, 1.000000000000000000 ) ) ;
#1124 = CARTESIAN_POINT ( 'NONE',  ( -57.99503519399904405, 40.03468503473598616, 37.65532803681063712 ) ) ;
#1125 = CARTESIAN_POINT ( 'NONE',  ( -37.50000000000000711, 42.66733671569970454, 33.99745878161500912 ) ) ;
#1126 = DIRECTION ( 'NONE',  ( 0.000000000000000000, -0.8191520442889912434, -0.5735764363510471586 ) ) ;
#1127 = LINE ( 'NONE', #3155, #767 ) ;
#1128 = ORIENTED_EDGE ( 'NONE', *, *, #2672, .F. ) ;
#1129 =( BOUNDED_CURVE ( )  B_SPLINE_CURVE ( 3, ( #3637, #3602, #3538, #1972 ),
 .UNSPECIFIED., .F., .F. ) 
 B_SPLINE_CURVE_WITH_KNOTS ( ( 4, 4 ),
 ( 3.141592653589793116, 4.712388980384690562 ),
 .UNSPECIFIED. ) 
 CURVE ( )  GEOMETRIC_REPRESENTATION_ITEM ( )  RATIONAL_B_SPLINE_CURVE ( ( 1.000000000000000000, 0.8047378541243648264, 0.8047378541243648264, 1.000000000000000000 ) ) 
 REPRESENTATION_ITEM ( '' )  );
#1130 = EDGE_CURVE ( 'NONE', #2711, #6077, #4490, .T. ) ;
#1131 = EDGE_LOOP ( 'NONE', ( #5463, #2335 ) ) ;
#1132 = CYLINDRICAL_SURFACE ( 'NONE', #2581, 1.549999999999995826 ) ;
#1133 = CARTESIAN_POINT ( 'NONE',  ( -58.02248012842665759, 37.98149767305333313, 40.62948460819400509 ) ) ;
#1134 = CARTESIAN_POINT ( 'NONE',  ( -63.52065792321464954, 32.00000000000000000, -57.05000000000001137 ) ) ;
#1135 = ORIENTED_EDGE ( 'NONE', *, *, #4650, .T. ) ;
#1136 = CARTESIAN_POINT ( 'NONE',  ( -58.56125362163756876, 36.79981917315259210, 41.81766231351037533 ) ) ;
#1137 = CARTESIAN_POINT ( 'NONE',  ( -58.00068833079825481, 36.66645751049284030, 42.56979180786176897 ) ) ;
#1138 = EDGE_CURVE ( 'NONE', #5510, #2073, #3052, .T. ) ;
#1139 = DIRECTION ( 'NONE',  ( 0.000000000000000000, 0.5735764363510448272, -0.8191520442889926867 ) ) ;
#1140 = CARTESIAN_POINT ( 'NONE',  ( -58.06482427961940829, 37.46159765963439980, 41.33628581887479214 ) ) ;
#1141 = EDGE_CURVE ( 'NONE', #5883, #5264, #5878, .T. ) ;
#1142 = ORIENTED_EDGE ( 'NONE', *, *, #2185, .T. ) ;
#1143 = CARTESIAN_POINT ( 'NONE',  ( -58.03329511944061636, 39.23819320718616410, 38.62385824398356959 ) ) ;
#1144 = CARTESIAN_POINT ( 'NONE',  ( -60.34314575050761675, 34.00000000000000711, 44.78059757775795902 ) ) ;
#1145 = ORIENTED_EDGE ( 'NONE', *, *, #2615, .T. ) ;
#1146 = CARTESIAN_POINT ( 'NONE',  ( -57.99683952819809463, 40.32750710859366450, 37.33908177094166803 ) ) ;
#1147 = CARTESIAN_POINT ( 'NONE',  ( -58.03223721575887595, 36.58125068485086473, 42.69900423322093275 ) ) ;
#1148 = DIRECTION ( 'NONE',  ( -0.000000000000000000, -1.000000000000000000, -0.000000000000000000 ) ) ;
#1149 = DIRECTION ( 'NONE',  ( 0.000000000000000000, 0.000000000000000000, 1.000000000000000000 ) ) ;
#1150 = DIRECTION ( 'NONE',  ( -0.000000000000000000, -1.000000000000000000, -0.000000000000000000 ) ) ;
#1151 = CARTESIAN_POINT ( 'NONE',  ( -58.00923533122563214, 39.76400665796658984, 37.82389355238402118 ) ) ;
#1152 = LINE ( 'NONE', #4784, #2796 ) ;
#1153 = CARTESIAN_POINT ( 'NONE',  ( -62.00000000000000000, 34.00000000000000000, -6.883067321740153233 ) ) ;
#1154 = CARTESIAN_POINT ( 'NONE',  ( -58.08386596943947922, 36.76179263074634207, 42.39184695980141981 ) ) ;
#1155 = CARTESIAN_POINT ( 'NONE',  ( 59.59933368384085384, 38.99318559526072647, 41.38754940162652218 ) ) ;
#1156 = FACE_OUTER_BOUND ( 'NONE', #2205, .T. ) ;
#1157 = FACE_BOUND ( 'NONE', #832, .T. ) ;
#1158 = CARTESIAN_POINT ( 'NONE',  ( 0.000000000000000000, 36.00000000000000711, 0.000000000000000000 ) ) ;
#1159 = DIRECTION ( 'NONE',  ( 0.000000000000000000, -1.000000000000000000, 0.000000000000000000 ) ) ;
#1160 = ORIENTED_EDGE ( 'NONE', *, *, #1214, .T. ) ;
#1161 = CARTESIAN_POINT ( 'NONE',  ( -70.43535897468416351, 38.00000000000000711, 55.81535897468440766 ) ) ;
#1162 = VERTEX_POINT ( 'NONE', #4247 ) ;
#1163 = CIRCLE ( 'NONE', #4890, 3.325000000000001510 ) ;
#1164 = B_SPLINE_CURVE_WITH_KNOTS ( 'NONE', 3,
 ( #1938, #5971, #6432, #1414, #2369, #3975, #5401, #2846 ),
 .UNSPECIFIED., .F., .F.,
 ( 4, 2, 2, 4 ),
 ( 5.204170427930421283E-18, 0.001522040778415878308, 0.002283061167623814860, 0.003044081556831751412 ),
 .UNSPECIFIED. ) ;
#1165 = CARTESIAN_POINT ( 'NONE',  ( -58.57237079239823174, 36.56250135595580275, 42.45601494608681747 ) ) ;
#1166 = CARTESIAN_POINT ( 'NONE',  ( 57.99999999999999289, 44.60379323845862132, 31.23191225831608975 ) ) ;
#1167 = LINE ( 'NONE', #2197, #806 ) ;
#1168 = AXIS2_PLACEMENT_3D ( 'NONE', #3683, #5708, #2683 ) ;
#1169 = ORIENTED_EDGE ( 'NONE', *, *, #4795, .F. ) ;
#1170 = CARTESIAN_POINT ( 'NONE',  ( -58.10151403587798313, 37.33585540406257053, 41.47610185248106518 ) ) ;
#1171 = CARTESIAN_POINT ( 'NONE',  ( -58.00032863376874559, 36.68876564626137338, 42.53650458105907717 ) ) ;
#1172 = EDGE_CURVE ( 'NONE', #6083, #3469, #983, .T. ) ;
#1173 = EDGE_CURVE ( 'NONE', #1822, #2287, #2996, .T. ) ;
#1174 = DIRECTION ( 'NONE',  ( -0.000000000000000000, -1.000000000000000000, -0.000000000000000000 ) ) ;
#1175 = CARTESIAN_POINT ( 'NONE',  ( -58.06622699148592659, 37.45829842356766193, 41.33918328646355178 ) ) ;
#1176 = ORIENTED_EDGE ( 'NONE', *, *, #5080, .F. ) ;
#1177 = CARTESIAN_POINT ( 'NONE',  ( -58.02458227999061791, 39.28832933918381087, 38.60521151015706209 ) ) ;
#1178 = CARTESIAN_POINT ( 'NONE',  ( -58.22595029076169482, 36.53484545159977870, 42.71496549426847622 ) ) ;
#1179 = ORIENTED_EDGE ( 'NONE', *, *, #5251, .T. ) ;
#1180 = CARTESIAN_POINT ( 'NONE',  ( 73.11999999999999034, 38.00000000000000711, 62.14999999999999858 ) ) ;
#1181 = B_SPLINE_CURVE_WITH_KNOTS ( 'NONE', 3,
 ( #2000, #4223, #2730, #4758, #2562, #5221, #4035, #2225, #12, #6060, #3004, #4565, #3068, #1571, #2036, #5555 ),
 .UNSPECIFIED., .F., .F.,
 ( 4, 2, 2, 2, 2, 2, 2, 4 ),
 ( 6.938893903907228378E-18, 0.001407884077547174933, 0.002815768155094342928, 0.004223652232641511572, 0.004927594271415080933, 0.005279565290801866047, 0.005455550800495266410, 0.005631536310188667641 ),
 .UNSPECIFIED. ) ;
#1182 = CARTESIAN_POINT ( 'NONE',  ( 23.00000000000001421, 34.40000000000000568, -46.15000000000001279 ) ) ;
#1183 = VECTOR ( 'NONE', #1762, 999.9999999999998863 ) ;
#1184 = CARTESIAN_POINT ( 'NONE',  ( -58.00421570812210348, 36.69474321665504135, 42.52719724299149817 ) ) ;
#1185 = AXIS2_PLACEMENT_3D ( 'NONE', #2249, #759, #1149 ) ;
#1186 = DIRECTION ( 'NONE',  ( -1.000000000000000000, 0.000000000000000000, 0.000000000000000000 ) ) ;
#1187 = DIRECTION ( 'NONE',  ( 0.000000000000000000, 0.000000000000000000, -1.000000000000000000 ) ) ;
#1188 = AXIS2_PLACEMENT_3D ( 'NONE', #3003, #6550, #5063 ) ;
#1189 = CARTESIAN_POINT ( 'NONE',  ( -58.03424132607165120, 39.50557697071324981, 37.91098645605976003 ) ) ;
#1190 = FACE_OUTER_BOUND ( 'NONE', #1666, .T. ) ;
#1191 = EDGE_LOOP ( 'NONE', ( #70, #5398 ) ) ;
#1192 = CARTESIAN_POINT ( 'NONE',  ( -57.98383956191256061, 37.18659026376073484, 41.82521194591629410 ) ) ;
#1193 = CARTESIAN_POINT ( 'NONE',  ( 60.30744879269003889, 37.99999999999688072, 39.34847379538638990 ) ) ;
#1194 = CARTESIAN_POINT ( 'NONE',  ( -58.87082716628701462, 37.53172387559825296, 37.81171709830341854 ) ) ;
#1195 = CARTESIAN_POINT ( 'NONE',  ( 63.52065792321464954, 32.00000000000000000, -57.05000000000001137 ) ) ;
#1196 = DIRECTION ( 'NONE',  ( 0.000000000000000000, 1.000000000000000000, 0.000000000000000000 ) ) ;
#1197 = ORIENTED_EDGE ( 'NONE', *, *, #5324, .T. ) ;
#1198 = CARTESIAN_POINT ( 'NONE',  ( 30.08879795882067398, 38.26576726201064105, -53.23879795882069033 ) ) ;
#1199 = ADVANCED_FACE ( 'NONE', ( #1190 ), #5814, .F. ) ;
#1200 = EDGE_LOOP ( 'NONE', ( #3041, #816, #3137, #5237, #1890 ) ) ;
#1201 = CARTESIAN_POINT ( 'NONE',  ( 57.99999999999999289, 34.00000000000000000, -6.646254786282211668 ) ) ;
#1202 = CARTESIAN_POINT ( 'NONE',  ( -12.99999999999998401, 34.40000000000000568, -19.47500000000000497 ) ) ;
#1203 = DIRECTION ( 'NONE',  ( -0.000000000000000000, -1.000000000000000000, -0.000000000000000000 ) ) ;
#1204 = EDGE_LOOP ( 'NONE', ( #3426, #2908, #700, #1577 ) ) ;
#1205 = CARTESIAN_POINT ( 'NONE',  ( -57.99839209797430328, 37.42870387584718372, 41.46934308140922099 ) ) ;
#1206 = CARTESIAN_POINT ( 'NONE',  ( -58.00034358332538886, 36.68380874342599895, 42.54387496840732297 ) ) ;
#1207 = VECTOR ( 'NONE', #1150, 1000.000000000000000 ) ;
#1208 = ORIENTED_EDGE ( 'NONE', *, *, #5149, .T. ) ;
#1209 = CARTESIAN_POINT ( 'NONE',  ( -60.00000000000000000, 39.78550783147790071, 38.56965255445089724 ) ) ;
#1210 = CARTESIAN_POINT ( 'NONE',  ( -58.06530932595125449, 37.42702685935401519, 41.38800435088789698 ) ) ;
#1211 = ORIENTED_EDGE ( 'NONE', *, *, #5222, .T. ) ;
#1212 = CARTESIAN_POINT ( 'NONE',  ( -58.04053588450075551, 39.27458822951531658, 38.48394128151964111 ) ) ;
#1213 = CARTESIAN_POINT ( 'NONE',  ( -63.52065792321464954, 35.00000000000000000, -57.05000000000001137 ) ) ;
#1214 = EDGE_CURVE ( 'NONE', #3726, #1964, #1152, .T. ) ;
#1215 = AXIS2_PLACEMENT_3D ( 'NONE', #2609, #2112, #265 ) ;
#1216 = ORIENTED_EDGE ( 'NONE', *, *, #2631, .T. ) ;
#1217 = DIRECTION ( 'NONE',  ( 0.000000000000000000, 0.000000000000000000, -1.000000000000000000 ) ) ;
#1218 = CARTESIAN_POINT ( 'NONE',  ( 23.00000000000001421, 36.00000000000000711, -18.82500000000000284 ) ) ;
#1219 = CARTESIAN_POINT ( 'NONE',  ( -57.99962722531628145, 36.08278354698991564, 43.97102036694539606 ) ) ;
#1220 = CARTESIAN_POINT ( 'NONE',  ( -58.00417112434229949, 36.69405469771827200, 42.52822723974406927 ) ) ;
#1221 = EDGE_CURVE ( 'NONE', #1743, #5329, #3634, .T. ) ;
#1222 = CARTESIAN_POINT ( 'NONE',  ( 59.96775624942294769, 33.99999999999999289, 38.74635050411377790 ) ) ;
#1223 = LINE ( 'NONE', #2179, #1717 ) ;
#1224 = LINE ( 'NONE', #6374, #2379 ) ;
#1225 = CARTESIAN_POINT ( 'NONE',  ( -57.95764185593586149, 40.53405317481450965, 37.62711779163092984 ) ) ;
#1226 = CIRCLE ( 'NONE', #4943, 1.549999999999995826 ) ;
#1227 = AXIS2_PLACEMENT_3D ( 'NONE', #3135, #4102, #5657 ) ;
#1228 = CARTESIAN_POINT ( 'NONE',  ( -62.00000000000000000, 34.00000000000000711, -4.389543696378558124 ) ) ;
#1229 = CARTESIAN_POINT ( 'NONE',  ( -58.02185266290097587, 36.89314949780957420, 42.22644676460087965 ) ) ;
#1230 = CARTESIAN_POINT ( 'NONE',  ( -58.99954277849716533, 37.34614544839107708, -2.429612841490214059 ) ) ;
#1231 = CARTESIAN_POINT ( 'NONE',  ( -57.97219599883889174, 40.68745817418526656, 37.42731191457632889 ) ) ;
#1232 = EDGE_CURVE ( 'NONE', #3244, #3941, #5672, .T. ) ;
#1233 = DIRECTION ( 'NONE',  ( 0.000000000000000000, 1.000000000000000000, -0.000000000000000000 ) ) ;
#1234 = CARTESIAN_POINT ( 'NONE',  ( -58.67970516542634130, 34.00000000000000000, -6.516613856874375443 ) ) ;
#1235 = ORIENTED_EDGE ( 'NONE', *, *, #3692, .T. ) ;
#1236 = ORIENTED_EDGE ( 'NONE', *, *, #1994, .F. ) ;
#1237 = ORIENTED_EDGE ( 'NONE', *, *, #835, .T. ) ;
#1238 = VERTEX_POINT ( 'NONE', #6206 ) ;
#1239 = DIRECTION ( 'NONE',  ( -0.000000000000000000, 1.000000000000000000, -0.000000000000000000 ) ) ;
#1240 = DIRECTION ( 'NONE',  ( 0.000000000000000000, -0.8191520442889912434, -0.5735764363510471586 ) ) ;
#1241 = LINE ( 'NONE', #3235, #4333 ) ;
#1242 = ORIENTED_EDGE ( 'NONE', *, *, #3869, .T. ) ;
#1243 = CARTESIAN_POINT ( 'NONE',  ( -58.07908900098730953, 37.17934559548245943, 41.74683257055727381 ) ) ;
#1244 = CARTESIAN_POINT ( 'NONE',  ( -58.01129243455462614, 36.24076181009733233, 43.41375409892685866 ) ) ;
#1245 = EDGE_LOOP ( 'NONE', ( #3236, #2236, #3938, #5972 ) ) ;
#1246 = CARTESIAN_POINT ( 'NONE',  ( -61.19866736768302928, 38.00000000000000711, 42.09252843739977124 ) ) ;
#1247 = ORIENTED_EDGE ( 'NONE', *, *, #4511, .T. ) ;
#1248 = CARTESIAN_POINT ( 'NONE',  ( -58.29259735929383623, 38.45106243637059151, 38.53250707443016410 ) ) ;
#1249 = CYLINDRICAL_SURFACE ( 'NONE', #970, 1.999999999999999778 ) ;
#1250 = EDGE_LOOP ( 'NONE', ( #415, #5902, #2886, #4465 ) ) ;
#1251 = DIRECTION ( 'NONE',  ( -0.000000000000000000, -1.000000000000000000, -0.000000000000000000 ) ) ;
#1252 = FACE_OUTER_BOUND ( 'NONE', #2104, .T. ) ;
#1253 = CARTESIAN_POINT ( 'NONE',  ( -57.99553100759193569, 36.68837555866475952, 42.53708958241437443 ) ) ;
#1254 = CARTESIAN_POINT ( 'NONE',  ( -58.00121512360842502, 36.68371522080134639, 42.54396687613358097 ) ) ;
#1255 = AXIS2_PLACEMENT_3D ( 'NONE', #3995, #5963, #4958 ) ;
#1256 = CARTESIAN_POINT ( 'NONE',  ( 58.06020887643279593, 34.00000000000000711, 42.78059757775797323 ) ) ;
#1257 = DIRECTION ( 'NONE',  ( 0.000000000000000000, 0.000000000000000000, 1.000000000000000000 ) ) ;
#1258 = CARTESIAN_POINT ( 'NONE',  ( -58.02461321633606417, 39.58794404347285933, 37.87014546038434304 ) ) ;
#1259 = EDGE_CURVE ( 'NONE', #1995, #2173, #2146, .T. ) ;
#1260 = DIRECTION ( 'NONE',  ( 0.000000000000000000, 1.000000000000000000, 0.000000000000000000 ) ) ;
#1261 = ORIENTED_EDGE ( 'NONE', *, *, #6046, .T. ) ;
#1262 = CARTESIAN_POINT ( 'NONE',  ( 70.05933982822017470, 35.00000000000000000, -57.63933982822017299 ) ) ;
#1263 = CARTESIAN_POINT ( 'NONE',  ( -58.02836417446456352, 36.76688605122310349, 42.41181804051799986 ) ) ;
#1264 = CIRCLE ( 'NONE', #939, 7.600000000000002309 ) ;
#1265 = CARTESIAN_POINT ( 'NONE',  ( -59.14210877788222120, 37.19520438292281739, -2.528508578176656751 ) ) ;
#1266 = EDGE_CURVE ( 'NONE', #2695, #2767, #1120, .T. ) ;
#1267 = CARTESIAN_POINT ( 'NONE',  ( -58.00643896659748577, 39.81225520296733578, 37.76360791807432804 ) ) ;
#1268 = CARTESIAN_POINT ( 'NONE',  ( 57.99999999999999289, 31.99000000000000554, 42.78059757775796612 ) ) ;
#1269 = CARTESIAN_POINT ( 'NONE',  ( 58.99869864895410387, 37.34706741053835799, -6.350039872455180756 ) ) ;
#1270 = AXIS2_PLACEMENT_3D ( 'NONE', #984, #6037, #6010 ) ;
#1271 = ORIENTED_EDGE ( 'NONE', *, *, #247, .F. ) ;
#1272 = ORIENTED_EDGE ( 'NONE', *, *, #1090, .T. ) ;
#1273 = CARTESIAN_POINT ( 'NONE',  ( -37.50000000000000711, 54.28757085013698713, 8.684810586358356232 ) ) ;
#1274 = CARTESIAN_POINT ( 'NONE',  ( 60.34314575050761675, 32.00000000000000000, 44.78059757775795191 ) ) ;
#1275 = CARTESIAN_POINT ( 'NONE',  ( -57.99999999999999289, 64.22955928539265358, 2.300939127940843765 ) ) ;
#1276 = EDGE_LOOP ( 'NONE', ( #5499, #872, #3104, #4863 ) ) ;
#1277 = CARTESIAN_POINT ( 'NONE',  ( -59.31426047659252987, 36.24307231663833306, 42.51264760245900476 ) ) ;
#1278 = CARTESIAN_POINT ( 'NONE',  ( -58.00042400191332348, 36.66633590777968976, 42.56997947478624411 ) ) ;
#1279 = VERTEX_POINT ( 'NONE', #4214 ) ;
#1280 = CARTESIAN_POINT ( 'NONE',  ( -60.27140583937961082, 38.00000000000291323, 40.87657669440388730 ) ) ;
#1281 = ORIENTED_EDGE ( 'NONE', *, *, #4304, .F. ) ;
#1282 = CARTESIAN_POINT ( 'NONE',  ( -58.03269085284785689, 39.31879378121144697, 38.47743738716255280 ) ) ;
#1283 = CARTESIAN_POINT ( 'NONE',  ( -58.89655787801940079, 36.53968853525967120, 42.06626774763801535 ) ) ;
#1284 = ORIENTED_EDGE ( 'NONE', *, *, #6536, .T. ) ;
#1285 = CARTESIAN_POINT ( 'NONE',  ( 57.99999999999999289, 63.54551899874132204, 4.180324369512661065 ) ) ;
#1286 = CARTESIAN_POINT ( 'NONE',  ( -57.99763556290533728, 36.68342127131275276, 42.54445632560748436 ) ) ;
#1287 = CARTESIAN_POINT ( 'NONE',  ( -58.00189714682021958, 36.69153148576334900, 42.53229479424207682 ) ) ;
#1288 = EDGE_CURVE ( 'NONE', #3469, #6530, #6307, .T. ) ;
#1289 = CARTESIAN_POINT ( 'NONE',  ( -70.43535897468470353, 38.00000000000000711, -57.36535897468449008 ) ) ;
#1290 = VERTEX_POINT ( 'NONE', #5314 ) ;
#1291 = CARTESIAN_POINT ( 'NONE',  ( -57.98180163256269282, 40.09730531349793381, 37.78670408443598916 ) ) ;
#1292 = DIRECTION ( 'NONE',  ( 0.000000000000000000, 0.8191520442889909104, 0.5735764363510474917 ) ) ;
#1293 = AXIS2_PLACEMENT_3D ( 'NONE', #1273, #4724, #5793 ) ;
#1294 = VERTEX_POINT ( 'NONE', #6242 ) ;
#1295 = FACE_BOUND ( 'NONE', #5734, .T. ) ;
#1296 = CARTESIAN_POINT ( 'NONE',  ( -58.09906728036265378, 36.65105138847978594, 42.56292641081816441 ) ) ;
#1297 = VECTOR ( 'NONE', #5352, 1000.000000000000000 ) ;
#1298 = EDGE_CURVE ( 'NONE', #596, #880, #2015, .T. ) ;
#1299 = DIRECTION ( 'NONE',  ( 0.000000000000000000, 0.000000000000000000, 1.000000000000000000 ) ) ;
#1300 = CARTESIAN_POINT ( 'NONE',  ( -58.01245977232316875, 39.72493833543386188, 37.75228395663621939 ) ) ;
#1301 = FACE_OUTER_BOUND ( 'NONE', #353, .T. ) ;
#1302 = CARTESIAN_POINT ( 'NONE',  ( 56.81696149937539531, 45.01691039480854784, -2.563537644687544415 ) ) ;
#1303 = EDGE_CURVE ( 'NONE', #3298, #6397, #2652, .T. ) ;
#1304 = EDGE_LOOP ( 'NONE', ( #6471, #3159 ) ) ;
#1305 = EDGE_CURVE ( 'NONE', #4794, #1740, #3510, .T. ) ;
#1306 = EDGE_CURVE ( 'NONE', #6044, #5830, #339, .T. ) ;
#1307 = CARTESIAN_POINT ( 'NONE',  ( 57.24341128645178145, 36.63362295928706658, -6.483976903379159218 ) ) ;
#1308 = CARTESIAN_POINT ( 'NONE',  ( 37.49999999999999289, 52.22269567938673873, 11.63375794576270650 ) ) ;
#1309 = CONICAL_SURFACE ( 'NONE', #1619, 3.325000000000001510, 0.7853981633974531640 ) ;
#1310 = CARTESIAN_POINT ( 'NONE',  ( -12.49999999999998401, 32.00000000000000000, -50.15000000000001279 ) ) ;
#1311 = ORIENTED_EDGE ( 'NONE', *, *, #160, .T. ) ;
#1312 = CARTESIAN_POINT ( 'NONE',  ( -58.37373418730726371, 36.88722968471498120, 41.90496378125781263 ) ) ;
#1313 = CARTESIAN_POINT ( 'NONE',  ( -58.00002733534959987, 36.71645457626781450, 42.49533764953328330 ) ) ;
#1314 = EDGE_LOOP ( 'NONE', ( #6130, #5689 ) ) ;
#1315 = CARTESIAN_POINT ( 'NONE',  ( -59.54484331487950755, 34.00000000000000000, -2.928765861983094076 ) ) ;
#1316 = VERTEX_POINT ( 'NONE', #3256 ) ;
#1317 = CARTESIAN_POINT ( 'NONE',  ( -58.01084786200245702, 39.17643568201314253, 38.87799706902656993 ) ) ;
#1318 = CARTESIAN_POINT ( 'NONE',  ( -10.12673965676616561, 36.00000000000000711, -12.15000000000000568 ) ) ;
#1319 = VERTEX_POINT ( 'NONE', #129 ) ;
#1320 = DIRECTION ( 'NONE',  ( 0.000000000000000000, 0.5735764363510458264, -0.8191520442889919096 ) ) ;
#1321 = CARTESIAN_POINT ( 'NONE',  ( -57.99535124652219764, 36.63383693052111312, 42.61969247552439555 ) ) ;
#1322 = CIRCLE ( 'NONE', #4291, 2.000000000000001776 ) ;
#1323 = CARTESIAN_POINT ( 'NONE',  ( -58.02601771994027047, 36.47852095352357082, 42.88248509464934699 ) ) ;
#1324 = CARTESIAN_POINT ( 'NONE',  ( 31.00000000000000000, 32.00000000000000000, -54.15000000000001279 ) ) ;
#1325 = CARTESIAN_POINT ( 'NONE',  ( -58.02726612488808655, 37.65483327759245924, 41.10587160336564949 ) ) ;
#1326 = VERTEX_POINT ( 'NONE', #2150 ) ;
#1327 = CARTESIAN_POINT ( 'NONE',  ( -58.01159869768179789, 39.71937236665954174, 37.89698065537815808 ) ) ;
#1328 = PLANE ( 'NONE',  #4040 ) ;
#1329 = ORIENTED_EDGE ( 'NONE', *, *, #3397, .F. ) ;
#1330 = LINE ( 'NONE', #232, #173 ) ;
#1331 = CARTESIAN_POINT ( 'NONE',  ( -58.81482983737970471, 36.10284812769604201, 43.64938667017114682 ) ) ;
#1332 = DIRECTION ( 'NONE',  ( -1.000000000000000000, -0.000000000000000000, 1.119176436114069085E-16 ) ) ;
#1333 = CARTESIAN_POINT ( 'NONE',  ( -58.00685325346324106, 39.80532907322694314, 37.76616546088703785 ) ) ;
#1334 = AXIS2_PLACEMENT_3D ( 'NONE', #5809, #2753, #723 ) ;
#1335 = FACE_OUTER_BOUND ( 'NONE', #422, .T. ) ;
#1336 = CARTESIAN_POINT ( 'NONE',  ( -57.99999999999999289, 37.69059892324150240, -6.646254786282208116 ) ) ;
#1337 = ORIENTED_EDGE ( 'NONE', *, *, #333, .F. ) ;
#1338 = AXIS2_PLACEMENT_3D ( 'NONE', #5991, #6452, #964 ) ;
#1339 = CARTESIAN_POINT ( 'NONE',  ( -57.99999999999999289, 63.54551899874132204, 4.180324369512660176 ) ) ;
#1340 = CARTESIAN_POINT ( 'NONE',  ( -58.57454716352424384, 36.84002831890855845, 41.70357178822546729 ) ) ;
#1341 = CARTESIAN_POINT ( 'NONE',  ( -71.01999999999998181, 32.00000000000000000, -49.55065792321467200 ) ) ;
#1342 = CARTESIAN_POINT ( 'NONE',  ( 37.49999999999999289, 36.50670132325451789, 34.07852395931707434 ) ) ;
#1343 = ADVANCED_FACE ( 'NONE', ( #4177 ), #5210, .T. ) ;
#1344 = AXIS2_PLACEMENT_3D ( 'NONE', #6176, #1689, #5709 ) ;
#1345 = EDGE_LOOP ( 'NONE', ( #2810, #3319, #3668, #2729 ) ) ;
#1346 = CARTESIAN_POINT ( 'NONE',  ( -58.06485347047182444, 37.26525320602423363, 41.63342094004862304 ) ) ;
#1347 = CARTESIAN_POINT ( 'NONE',  ( -58.01838119204126798, 36.08279068972743175, 43.97090650713706594 ) ) ;
#1348 = ORIENTED_EDGE ( 'NONE', *, *, #4795, .T. ) ;
#1349 = CARTESIAN_POINT ( 'NONE',  ( -58.96315420081601388, 34.00000000000000000, -6.386039892726167011 ) ) ;
#1350 = EDGE_CURVE ( 'NONE', #1640, #5871, #4714, .T. ) ;
#1351 = VECTOR ( 'NONE', #1969, 1000.000000000000114 ) ;
#1352 = CARTESIAN_POINT ( 'NONE',  ( -57.92376410538325615, 39.33872101824362488, 39.03612836969391253 ) ) ;
#1353 = DIRECTION ( 'NONE',  ( -0.000000000000000000, -1.000000000000000000, -0.000000000000000000 ) ) ;
#1354 = B_SPLINE_CURVE_WITH_KNOTS ( 'NONE', 3,
 ( #4777, #4241, #1714, #3607, #4170, #5771, #2605, #2749, #2244, #4640 ),
 .UNSPECIFIED., .F., .F.,
 ( 4, 2, 2, 2, 4 ),
 ( 1.734723475976807094E-18, 0.0008353035060437147665, 0.001670607012087427798, 0.002505910518131140938, 0.003341214024174853862 ),
 .UNSPECIFIED. ) ;
#1355 = ORIENTED_EDGE ( 'NONE', *, *, #24, .T. ) ;
#1356 = CARTESIAN_POINT ( 'NONE',  ( -59.94794535239942235, 39.82095390137753554, -5.011803710301936832 ) ) ;
#1357 = CARTESIAN_POINT ( 'NONE',  ( -57.99675635130628137, 36.24074136807797686, 43.41385892742286501 ) ) ;
#1358 = CARTESIAN_POINT ( 'NONE',  ( -58.14642972397505361, 36.08340386814843015, 43.96111150004617940 ) ) ;
#1359 = EDGE_CURVE ( 'NONE', #5459, #1294, #887, .T. ) ;
#1360 = CARTESIAN_POINT ( 'NONE',  ( 60.34314575050761675, 34.00000000000000000, -8.646254786282211668 ) ) ;
#1361 = CARTESIAN_POINT ( 'NONE',  ( -58.63319107389030194, 37.10900660840615473, 40.94532896198462169 ) ) ;
#1362 = EDGE_LOOP ( 'NONE', ( #4879, #5420, #4691, #5945 ) ) ;
#1363 = CARTESIAN_POINT ( 'NONE',  ( -58.08037452825175251, 39.20119278329315193, 37.96150414274734430 ) ) ;
#1364 = CARTESIAN_POINT ( 'NONE',  ( -37.50000000000000711, 59.10391286199825345, 14.01048891167807220 ) ) ;
#1365 = VERTEX_POINT ( 'NONE', #2349 ) ;
#1366 = CARTESIAN_POINT ( 'NONE',  ( -36.00000000000000000, 54.20514562966183547, 12.28941959192743383 ) ) ;
#1367 = CARTESIAN_POINT ( 'NONE',  ( -58.03841360043456632, 36.68659015504395882, 42.53025232673643075 ) ) ;
#1368 = VECTOR ( 'NONE', #3756, 1000.000000000000000 ) ;
#1369 = CYLINDRICAL_SURFACE ( 'NONE', #751, 1.549999999999995826 ) ;
#1370 = CARTESIAN_POINT ( 'NONE',  ( -58.00742966775175091, 39.79501585701608235, 37.78416948198319858 ) ) ;
#1371 = CARTESIAN_POINT ( 'NONE',  ( -62.00000000000000000, 40.00000000000000711, 0.000000000000000000 ) ) ;
#1372 = FACE_BOUND ( 'NONE', #4730, .T. ) ;
#1373 = ORIENTED_EDGE ( 'NONE', *, *, #4045, .F. ) ;
#1374 = DIRECTION ( 'NONE',  ( 0.000000000000000000, 0.000000000000000000, 1.000000000000000000 ) ) ;
#1375 = CARTESIAN_POINT ( 'NONE',  ( -58.10129060087101749, 37.43572514367772186, 41.31974129115200611 ) ) ;
#1376 = CARTESIAN_POINT ( 'NONE',  ( -71.01999999999998181, 32.00000000000000000, -49.55065792321467200 ) ) ;
#1377 = AXIS2_PLACEMENT_3D ( 'NONE', #3961, #2418, #1861 ) ;
#1378 = CARTESIAN_POINT ( 'NONE',  ( 23.00000000000001421, 36.00000000000000711, -46.15000000000001279 ) ) ;
#1379 = ORIENTED_EDGE ( 'NONE', *, *, #1172, .T. ) ;
#1380 = CARTESIAN_POINT ( 'NONE',  ( -58.00309835005129599, 36.24074304250950007, 43.41385034387318598 ) ) ;
#1381 = ORIENTED_EDGE ( 'NONE', *, *, #3476, .F. ) ;
#1382 = EDGE_CURVE ( 'NONE', #2711, #5413, #795, .T. ) ;
#1383 = CARTESIAN_POINT ( 'NONE',  ( 23.00000000000001421, 34.40000000000000568, -23.47500000000000142 ) ) ;
#1384 = CARTESIAN_POINT ( 'NONE',  ( -57.93233557778949461, 39.56179848170008739, 38.73062222171065372 ) ) ;
#1385 = FACE_OUTER_BOUND ( 'NONE', #1831, .T. ) ;
#1386 = ORIENTED_EDGE ( 'NONE', *, *, #5656, .T. ) ;
#1387 = DIRECTION ( 'NONE',  ( -0.000000000000000000, -1.000000000000000000, 0.000000000000000000 ) ) ;
#1388 = EDGE_CURVE ( 'NONE', #94, #3196, #2447, .T. ) ;
#1389 = CARTESIAN_POINT ( 'NONE',  ( -57.99090468330948767, 36.24074136807797686, 43.41385892742286501 ) ) ;
#1390 = CARTESIAN_POINT ( 'NONE',  ( -58.00189699511644648, 36.83724973359312571, 42.31567237686549987 ) ) ;
#1391 = AXIS2_PLACEMENT_3D ( 'NONE', #3141, #581, #3750 ) ;
#1392 = CARTESIAN_POINT ( 'NONE',  ( -28.20000000000001350, 28.40000000000000213, -54.15000000000000568 ) ) ;
#1393 = CARTESIAN_POINT ( 'NONE',  ( -58.03682478746153350, 37.66607407450420908, 41.07372158926922623 ) ) ;
#1394 = EDGE_LOOP ( 'NONE', ( #764, #4735, #3946, #4342, #2041 ) ) ;
#1395 = CARTESIAN_POINT ( 'NONE',  ( -58.02795099994624906, 39.51024095131122493, 38.09772412680363374 ) ) ;
#1396 = CARTESIAN_POINT ( 'NONE',  ( 71.01999999999998181, 35.00000000000000000, -49.55065792321467200 ) ) ;
#1397 = ORIENTED_EDGE ( 'NONE', *, *, #3255, .F. ) ;
#1398 = CARTESIAN_POINT ( 'NONE',  ( -58.01422547050214718, 36.74084066083335642, 42.45593272292043707 ) ) ;
#1399 = LINE ( 'NONE', #3930, #6560 ) ;
#1400 = CARTESIAN_POINT ( 'NONE',  ( -59.59657043635222351, 36.77609344167277072, 37.83315529413240341 ) ) ;
#1401 = CARTESIAN_POINT ( 'NONE',  ( 57.81803233686318322, 46.17987403037206207, -2.140253497808431771 ) ) ;
#1402 = ORIENTED_EDGE ( 'NONE', *, *, #1893, .T. ) ;
#1403 = AXIS2_PLACEMENT_3D ( 'NONE', #3513, #5132, #1076 ) ;
#1404 = CARTESIAN_POINT ( 'NONE',  ( 60.00000000000000000, 40.00000000000000711, 0.000000000000000000 ) ) ;
#1405 = DIRECTION ( 'NONE',  ( 0.000000000000000000, 0.000000000000000000, 1.000000000000000000 ) ) ;
#1406 = EDGE_CURVE ( 'NONE', #2535, #6546, #4363, .T. ) ;
#1407 = PLANE ( 'NONE',  #4303 ) ;
#1408 = EDGE_CURVE ( 'NONE', #5841, #4926, #3322, .T. ) ;
#1409 = VERTEX_POINT ( 'NONE', #6442 ) ;
#1410 = CARTESIAN_POINT ( 'NONE',  ( -58.00211317207504891, 36.52200282593901193, 42.80253873958683641 ) ) ;
#1411 = VERTEX_POINT ( 'NONE', #1364 ) ;
#1412 = CARTESIAN_POINT ( 'NONE',  ( -60.00267327737197576, 40.03600000000000847, -4.680178964098156591 ) ) ;
#1413 = CARTESIAN_POINT ( 'NONE',  ( -58.57079694750978405, 37.70101227060001037, 39.37718463097444044 ) ) ;
#1414 = CARTESIAN_POINT ( 'NONE',  ( -11.24239605247315943, 35.26201308060836226, -54.15000000000001990 ) ) ;
#1415 = EDGE_LOOP ( 'NONE', ( #6290, #2900, #3810, #1858 ) ) ;
#1416 = CARTESIAN_POINT ( 'NONE',  ( -59.22909344175750590, 39.45299566451826223, -6.290612348717072422 ) ) ;
#1417 = CARTESIAN_POINT ( 'NONE',  ( -57.99508918308775662, 36.88819848186236072, 42.23996427362528294 ) ) ;
#1418 = CARTESIAN_POINT ( 'NONE',  ( -58.00215966051504779, 36.66779850774015870, 42.56771504152660413 ) ) ;
#1419 = CARTESIAN_POINT ( 'NONE',  ( 71.11999999999999034, 36.00000000000000711, -54.15000000000001990 ) ) ;
#1420 = CARTESIAN_POINT ( 'NONE',  ( -58.86594341309979939, 36.88562977679969634, 41.05004316922754981 ) ) ;
#1421 = EDGE_CURVE ( 'NONE', #2287, #1238, #4851, .T. ) ;
#1422 = VERTEX_POINT ( 'NONE', #5886 ) ;
#1423 = CARTESIAN_POINT ( 'NONE',  ( -58.01392123611547191, 39.66120920922227100, 38.00397888167268690 ) ) ;
#1424 = CARTESIAN_POINT ( 'NONE',  ( -58.00479102744770898, 39.82466502478008152, 37.81922923833156602 ) ) ;
#1425 = EDGE_LOOP ( 'NONE', ( #1311, #4416 ) ) ;
#1426 = EDGE_CURVE ( 'NONE', #4470, #2998, #4386, .T. ) ;
#1427 = CARTESIAN_POINT ( 'NONE',  ( -58.00660891184976009, 36.70676891011419229, 42.50891310684202296 ) ) ;
#1428 = AXIS2_PLACEMENT_3D ( 'NONE', #4895, #4330, #1768 ) ;
#1429 = LINE ( 'NONE', #4421, #5947 ) ;
#1430 = CARTESIAN_POINT ( 'NONE',  ( -58.01355704652406331, 39.71137623855204879, 37.77159737822685770 ) ) ;
#1431 = LINE ( 'NONE', #5419, #3817 ) ;
#1432 = ORIENTED_EDGE ( 'NONE', *, *, #3323, .F. ) ;
#1433 = AXIS2_PLACEMENT_3D ( 'NONE', #978, #5036, #6525 ) ;
#1434 = CARTESIAN_POINT ( 'NONE',  ( -57.99515665127059094, 34.00000000000000000, 42.78055773600101475 ) ) ;
#1435 = ADVANCED_FACE ( 'NONE', ( #2792 ), #1328, .F. ) ;
#1436 = CARTESIAN_POINT ( 'NONE',  ( -57.99465895741807486, 38.12184661318928391, 40.48909141100333642 ) ) ;
#1437 = CARTESIAN_POINT ( 'NONE',  ( 0.000000000000000000, 35.00000000000000000, 0.000000000000000000 ) ) ;
#1438 = FACE_OUTER_BOUND ( 'NONE', #222, .T. ) ;
#1439 = VECTOR ( 'NONE', #3090, 1000.000000000000000 ) ;
#1440 = VECTOR ( 'NONE', #4743, 1000.000000000000000 ) ;
#1441 = CARTESIAN_POINT ( 'NONE',  ( -57.99976929990024388, 36.68672412954742867, 42.53954516347874204 ) ) ;
#1442 = EDGE_LOOP ( 'NONE', ( #53, #3140, #83, #5873 ) ) ;
#1443 = CARTESIAN_POINT ( 'NONE',  ( -59.99712829100097622, 40.03600000000001558, -4.054097739584252125 ) ) ;
#1444 = CARTESIAN_POINT ( 'NONE',  ( -58.05449294999505128, 38.80340166810496783, 39.25236753286107216 ) ) ;
#1445 = LINE ( 'NONE', #2338, #4692 ) ;
#1446 = CARTESIAN_POINT ( 'NONE',  ( -37.50000000000000711, 54.28757085025051055, 8.684810586322338821 ) ) ;
#1447 = CARTESIAN_POINT ( 'NONE',  ( -57.98864420731709401, 36.62111888298453977, 42.63976540379466229 ) ) ;
#1448 = CARTESIAN_POINT ( 'NONE',  ( -58.06106724012985865, 36.08288759721855854, 43.96936049229329768 ) ) ;
#1449 = ADVANCED_FACE ( 'NONE', ( #5412 ), #334, .T. ) ;
#1450 = DIRECTION ( 'NONE',  ( 0.000000000000000000, 0.000000000000000000, 1.000000000000000000 ) ) ;
#1451 = CARTESIAN_POINT ( 'NONE',  ( -58.32051800431467825, 37.23761089608345287, 41.29376261511402646 ) ) ;
#1452 = ORIENTED_EDGE ( 'NONE', *, *, #4280, .T. ) ;
#1453 = CARTESIAN_POINT ( 'NONE',  ( -58.00890845132620655, 39.71523352117061023, 37.98422585688925324 ) ) ;
#1454 = DIRECTION ( 'NONE',  ( -0.000000000000000000, 1.000000000000000000, -0.000000000000000000 ) ) ;
#1455 = EDGE_LOOP ( 'NONE', ( #1798, #6207, #2227, #6457 ) ) ;
#1456 = CARTESIAN_POINT ( 'NONE',  ( -58.02707783562349420, 36.64171869976249241, 42.60431359628362458 ) ) ;
#1457 = DIRECTION ( 'NONE',  ( -1.000000000000000000, -0.000000000000000000, -0.000000000000000000 ) ) ;
#1458 = ADVANCED_FACE ( 'NONE', ( #300 ), #5919, .F. ) ;
#1459 = CARTESIAN_POINT ( 'NONE',  ( -58.00776841875494938, 39.78811351053795420, 37.80086671142584720 ) ) ;
#1460 = FACE_OUTER_BOUND ( 'NONE', #4497, .T. ) ;
#1461 = VERTEX_POINT ( 'NONE', #1396 ) ;
#1462 = CARTESIAN_POINT ( 'NONE',  ( -58.06284288619846734, 37.08395221617084303, 41.90982610294205557 ) ) ;
#1463 = ADVANCED_FACE ( 'NONE', ( #6410 ), #2317, .T. ) ;
#1464 = CARTESIAN_POINT ( 'NONE',  ( 28.20000000000003126, 38.40000000000000568, -9.317943242389716370E-15 ) ) ;
#1465 = CARTESIAN_POINT ( 'NONE',  ( 60.11460359525054287, 38.00000000000000000, -5.039197935829846209 ) ) ;
#1466 = CARTESIAN_POINT ( 'NONE',  ( 59.35135426011413529, 33.99999999999999289, 41.29346597117024231 ) ) ;
#1467 = FACE_OUTER_BOUND ( 'NONE', #3705, .T. ) ;
#1468 = CARTESIAN_POINT ( 'NONE',  ( -58.00124637940054129, 36.47664436131213961, 42.88693152618230897 ) ) ;
#1469 = ORIENTED_EDGE ( 'NONE', *, *, #4955, .F. ) ;
#1470 = DIRECTION ( 'NONE',  ( 0.000000000000000000, 0.000000000000000000, -1.000000000000000000 ) ) ;
#1471 = CARTESIAN_POINT ( 'NONE',  ( -58.06429865808731705, 38.24021513329262945, 40.13808498198294217 ) ) ;
#1472 = CARTESIAN_POINT ( 'NONE',  ( 57.99999999999999289, 63.54551899874133625, 4.180324369512663729 ) ) ;
#1473 = CARTESIAN_POINT ( 'NONE',  ( -37.50000000000000711, 36.50670132339097762, 34.07852395930014211 ) ) ;
#1474 = CARTESIAN_POINT ( 'NONE',  ( -57.98915005847988624, 36.68672412954742867, 42.53954516347874204 ) ) ;
#1475 = CARTESIAN_POINT ( 'NONE',  ( -58.06106026070308701, 36.17513461957095444, 43.59242095006138129 ) ) ;
#1476 = DIRECTION ( 'NONE',  ( 0.000000000000000000, 0.8191520442889909104, 0.5735764363510474917 ) ) ;
#1477 = CARTESIAN_POINT ( 'NONE',  ( -57.94431291498779757, 37.79599927648544622, 41.02523215877776153 ) ) ;
#1478 = ORIENTED_EDGE ( 'NONE', *, *, #4505, .F. ) ;
#1479 = CARTESIAN_POINT ( 'NONE',  ( -58.01612531187749511, 39.63757462457633807, 38.01261964517458836 ) ) ;
#1480 = CARTESIAN_POINT ( 'NONE',  ( 58.95769593090199123, 36.47791219860095424, -2.389944568551906734 ) ) ;
#1481 = CYLINDRICAL_SURFACE ( 'NONE', #3287, 3.325000000000001510 ) ;
#1482 = ADVANCED_FACE ( 'NONE', ( #2889 ), #4480, .F. ) ;
#1483 = EDGE_LOOP ( 'NONE', ( #2525, #5996, #923, #1381 ) ) ;
#1484 = CARTESIAN_POINT ( 'NONE',  ( -58.19587756137425316, 36.24909275312067791, 43.37072799243347276 ) ) ;
#1485 = AXIS2_PLACEMENT_3D ( 'NONE', #3107, #4137, #6300 ) ;
#1486 = CARTESIAN_POINT ( 'NONE',  ( 37.49999999999999289, 56.35244602111427525, 5.735863226881972921 ) ) ;
#1487 = LINE ( 'NONE', #810, #5890 ) ;
#1488 = CARTESIAN_POINT ( 'NONE',  ( -58.00827201270682565, 39.78177010224995058, 37.78721246716564508 ) ) ;
#1489 = VECTOR ( 'NONE', #4949, 1000.000000000000000 ) ;
#1490 = DIRECTION ( 'NONE',  ( 0.000000000000000000, 0.8191520442889909104, 0.5735764363510474917 ) ) ;
#1491 = ORIENTED_EDGE ( 'NONE', *, *, #2688, .F. ) ;
#1492 = CARTESIAN_POINT ( 'NONE',  ( -58.03787433108485061, 37.03646468601233721, 42.00325763444568850 ) ) ;
#1493 = EDGE_CURVE ( 'NONE', #2747, #5082, #5300, .T. ) ;
#1494 = DIRECTION ( 'NONE',  ( 8.659560562354902043E-17, 0.7071067811865502373, -0.7071067811865449082 ) ) ;
#1495 = CARTESIAN_POINT ( 'NONE',  ( 60.08759784126578296, 38.00000000000000711, -4.693982791111142916 ) ) ;
#1496 = EDGE_CURVE ( 'NONE', #1659, #908, #5564, .T. ) ;
#1497 = FACE_BOUND ( 'NONE', #3455, .T. ) ;
#1498 = EDGE_CURVE ( 'NONE', #1822, #1916, #552, .T. ) ;
#1499 = DIRECTION ( 'NONE',  ( 0.000000000000000000, 0.000000000000000000, -1.000000000000000000 ) ) ;
#1500 = VECTOR ( 'NONE', #4774, 1000.000000000000000 ) ;
#1501 = CIRCLE ( 'NONE', #2350, 1.599999999999998312 ) ;
#1502 = ADVANCED_FACE ( 'NONE', ( #2538 ), #56, .F. ) ;
#1503 = CARTESIAN_POINT ( 'NONE',  ( -58.00003350553372172, 36.68672866696480384, 42.53953837504982971 ) ) ;
#1504 = ORIENTED_EDGE ( 'NONE', *, *, #2033, .T. ) ;
#1505 = CONICAL_SURFACE ( 'NONE', #808, 3.324999999999999734, 0.7853981633974531640 ) ;
#1506 = CARTESIAN_POINT ( 'NONE',  ( -10.34726898512177051, 35.87134250280524839, -12.15000000000000568 ) ) ;
#1507 = CARTESIAN_POINT ( 'NONE',  ( -59.13956121957816947, 36.99848731281237946, 39.83463843969302332 ) ) ;
#1508 = CYLINDRICAL_SURFACE ( 'NONE', #1071, 1.324999999999999734 ) ;
#1509 = PLANE ( 'NONE',  #4428 ) ;
#1510 = CARTESIAN_POINT ( 'NONE',  ( -57.98827171620664700, 36.57024669283823926, 42.72005711687571505 ) ) ;
#1511 = CARTESIAN_POINT ( 'NONE',  ( -58.08241307473964810, 36.08298466909666047, 43.96781085616818530 ) ) ;
#1512 = DIRECTION ( 'NONE',  ( 0.000000000000000000, -1.000000000000000000, 0.000000000000000000 ) ) ;
#1513 = CARTESIAN_POINT ( 'NONE',  ( -58.06918110546983769, 37.55293592965377769, 41.19016689007575138 ) ) ;
#1514 = ADVANCED_FACE ( 'NONE', ( #6501 ), #2076, .T. ) ;
#1515 = ORIENTED_EDGE ( 'NONE', *, *, #1857, .T. ) ;
#1516 = CARTESIAN_POINT ( 'NONE',  ( -57.93099382538017039, 40.23069853723272615, 38.02843785956493861 ) ) ;
#1517 = CARTESIAN_POINT ( 'NONE',  ( 56.05869130924117627, 36.47791219860096135, -5.011531050092880690 ) ) ;
#1518 = DIRECTION ( 'NONE',  ( 0.000000000000000000, -0.000000000000000000, -1.000000000000000000 ) ) ;
#1519 = CARTESIAN_POINT ( 'NONE',  ( -58.29828046327495628, 36.18481663296036288, 43.52197615662017682 ) ) ;
#1520 = CARTESIAN_POINT ( 'NONE',  ( -57.97920134731589314, 36.24074136807797686, 43.41385892742286501 ) ) ;
#1521 = CARTESIAN_POINT ( 'NONE',  ( -12.75303849939671785, 35.07499999999998153, -54.15000000000000568 ) ) ;
#1522 = CARTESIAN_POINT ( 'NONE',  ( 37.49999999999999289, 58.38333107169546565, 11.55269276807757706 ) ) ;
#1523 = CARTESIAN_POINT ( 'NONE',  ( -58.11457292338665326, 39.05797403620144337, 37.83598044488991263 ) ) ;
#1524 = CARTESIAN_POINT ( 'NONE',  ( -62.00000000000000000, 34.00000000000000711, -6.883067321740155897 ) ) ;
#1525 = EDGE_LOOP ( 'NONE', ( #1736, #4269, #3594, #6477, #2305, #6038, #2596 ) ) ;
#1526 = CARTESIAN_POINT ( 'NONE',  ( -58.05469608950621563, 36.98717377986347543, 42.06355192448305047 ) ) ;
#1527 = VECTOR ( 'NONE', #989, 1000.000000000000000 ) ;
#1528 = CARTESIAN_POINT ( 'NONE',  ( 70.05933982822018891, 38.00000000000000711, 54.53933982822016446 ) ) ;
#1529 = CARTESIAN_POINT ( 'NONE',  ( 36.00000000000000000, 58.30090585110675505, 15.15730177368264009 ) ) ;
#1530 = CARTESIAN_POINT ( 'NONE',  ( 0.000000000000000000, 36.00000000000000711, 0.000000000000000000 ) ) ;
#1531 = DIRECTION ( 'NONE',  ( -1.000000000000000000, 0.000000000000000000, -0.000000000000000000 ) ) ;
#1532 = EDGE_LOOP ( 'NONE', ( #103, #3559, #2434, #3266 ) ) ;
#1533 = CARTESIAN_POINT ( 'NONE',  ( -57.99976736204730798, 36.67944331913464850, 42.55037262740864890 ) ) ;
#1534 = ORIENTED_EDGE ( 'NONE', *, *, #3970, .F. ) ;
#1535 = DIRECTION ( 'NONE',  ( 0.000000000000000000, 0.000000000000000000, -1.000000000000000000 ) ) ;
#1536 = AXIS2_PLACEMENT_3D ( 'NONE', #3630, #5652, #2162 ) ;
#1537 = EDGE_CURVE ( 'NONE', #4317, #5159, #2949, .T. ) ;
#1538 = CARTESIAN_POINT ( 'NONE',  ( -59.75452019572575324, 36.42493563285017188, 40.71327586447414149 ) ) ;
#1539 = DIRECTION ( 'NONE',  ( -0.000000000000000000, -1.000000000000000000, -0.000000000000000000 ) ) ;
#1540 = CIRCLE ( 'NONE', #2067, 3.325000000000001510 ) ;
#1541 = CARTESIAN_POINT ( 'NONE',  ( -1.673168771990532086E-15, 38.40000000000000568, -14.94999999999999218 ) ) ;
#1542 = CARTESIAN_POINT ( 'NONE',  ( -58.05550169238016878, 37.35127857505122506, 41.51548944042527012 ) ) ;
#1543 = CARTESIAN_POINT ( 'NONE',  ( -58.00088284458879428, 36.78427711056153271, 42.39446737327156001 ) ) ;
#1544 = EDGE_CURVE ( 'NONE', #1927, #298, #2637, .T. ) ;
#1545 = LINE ( 'NONE', #3102, #6519 ) ;
#1546 = CARTESIAN_POINT ( 'NONE',  ( -59.69523399817902032, 36.19127942235605389, 42.26433909503764141 ) ) ;
#1547 = EDGE_LOOP ( 'NONE', ( #644, #3094, #4772, #5989 ) ) ;
#1548 = CARTESIAN_POINT ( 'NONE',  ( -58.03892350296432312, 39.35211086322699714, 38.32994743543451222 ) ) ;
#1549 = CARTESIAN_POINT ( 'NONE',  ( 58.49037383325193673, 46.25824894800439324, -2.183950452431869138 ) ) ;
#1550 = DIRECTION ( 'NONE',  ( 0.000000000000000000, 1.000000000000000000, 0.000000000000000000 ) ) ;
#1551 = VECTOR ( 'NONE', #4884, 1000.000000000000114 ) ;
#1552 = CARTESIAN_POINT ( 'NONE',  ( -58.00940424156421216, 36.69501844690739034, 42.52584733865910493 ) ) ;
#1553 = CARTESIAN_POINT ( 'NONE',  ( -57.98464843606875974, 36.66628203617722193, 42.57006256808004707 ) ) ;
#1554 = CARTESIAN_POINT ( 'NONE',  ( -37.50000000000000711, 36.50670132325451789, 34.07852395931707434 ) ) ;
#1555 = DIRECTION ( 'NONE',  ( 0.000000000000000000, -0.8191520442889911324, -0.5735764363510470476 ) ) ;
#1556 = CARTESIAN_POINT ( 'NONE',  ( -58.01032204981773077, 39.74335130809085115, 37.85975580885419589 ) ) ;
#1557 = CIRCLE ( 'NONE', #2500, 1.324999999999999734 ) ;
#1558 = CARTESIAN_POINT ( 'NONE',  ( -71.11999999999999034, 32.00000000000000000, 57.14999999999999858 ) ) ;
#1559 = CARTESIAN_POINT ( 'NONE',  ( 37.49999999999999289, 58.38333107169546565, 11.55269276807757706 ) ) ;
#1560 = CARTESIAN_POINT ( 'NONE',  ( -58.06408954092125185, 37.08035119904153021, 41.91406940792754909 ) ) ;
#1561 = DIRECTION ( 'NONE',  ( 0.000000000000000000, 0.000000000000000000, 1.000000000000000000 ) ) ;
#1562 = CARTESIAN_POINT ( 'NONE',  ( -57.99988949927518433, 39.93709483341547184, 37.67405246248613793 ) ) ;
#1563 = B_SPLINE_SURFACE_WITH_KNOTS ( 'NONE', 3, 1, ( 
 ( #5964, #4832 ),
 ( #811, #379 ),
 ( #4896, #282 ),
 ( #2396, #6324 ),
 ( #5394, #4367 ),
 ( #1769, #3805 ),
 ( #2838, #847 ),
 ( #3840, #2299 ),
 ( #313, #4331 ),
 ( #350, #3436 ) ),
 .UNSPECIFIED., .F., .F., .F.,
 ( 4, 2, 2, 2, 4 ),
 ( 2, 2 ),
 ( 0.000000000000000000, 0.2500000000000000000, 0.5000000000000000000, 0.7500000000000000000, 1.000000000000000000 ),
 ( 0.000000000000000000, 1.000000000000000000 ),
 .UNSPECIFIED. ) ;
#1564 = CARTESIAN_POINT ( 'NONE',  ( 58.06837915715748721, 34.00000000000000000, 42.77665683987380874 ) ) ;
#1565 = LINE ( 'NONE', #2995, #2926 ) ;
#1566 = ORIENTED_EDGE ( 'NONE', *, *, #2130, .T. ) ;
#1567 = EDGE_LOOP ( 'NONE', ( #781, #6340, #5754, #2793 ) ) ;
#1568 = CARTESIAN_POINT ( 'NONE',  ( 57.99999999999999289, 65.18382308731931118, 5.327477242214759379 ) ) ;
#1569 = CARTESIAN_POINT ( 'NONE',  ( -57.90496195059999707, 38.68980302593405440, 39.91203041852566002 ) ) ;
#1570 = DIRECTION ( 'NONE',  ( 1.000000000000000000, 0.000000000000000000, 0.000000000000000000 ) ) ;
#1571 = CARTESIAN_POINT ( 'NONE',  ( -58.11820516054153529, 33.99999999999999289, 42.76207592541228308 ) ) ;
#1572 = CARTESIAN_POINT ( 'NONE',  ( -58.08364810864060956, 37.36085035208732563, 41.46255234474029550 ) ) ;
#1573 = CIRCLE ( 'NONE', #88, 3.599999999999998312 ) ;
#1574 = CARTESIAN_POINT ( 'NONE',  ( -58.02905223955092850, 36.08280681320428585, 43.97064944087566829 ) ) ;
#1575 = DIRECTION ( 'NONE',  ( 8.659560562354974766E-17, 0.7071067811865441310, -0.7071067811865510144 ) ) ;
#1576 = CARTESIAN_POINT ( 'NONE',  ( -58.58928059815743694, 36.90456977327528421, 41.52471020754790487 ) ) ;
#1577 = ORIENTED_EDGE ( 'NONE', *, *, #279, .F. ) ;
#1578 = CARTESIAN_POINT ( 'NONE',  ( -58.00391281719711145, 39.60282272779306112, 38.25676836396284131 ) ) ;
#1579 = CARTESIAN_POINT ( 'NONE',  ( 55.99999999999996447, 46.25824894800436482, -4.700734922224748757 ) ) ;
#1580 = ADVANCED_FACE ( 'NONE', ( #1946 ), #1481, .T. ) ;
#1581 = VECTOR ( 'NONE', #5072, 1000.000000000000000 ) ;
#1582 = DIRECTION ( 'NONE',  ( 0.000000000000000000, 0.000000000000000000, -1.000000000000000000 ) ) ;
#1583 = CARTESIAN_POINT ( 'NONE',  ( -58.01023114413126791, 36.89915840201960862, 42.22325713071015940 ) ) ;
#1584 = CARTESIAN_POINT ( 'NONE',  ( -57.97840632797937843, 36.52200282593901193, 42.80253873958683641 ) ) ;
#1585 = CARTESIAN_POINT ( 'NONE',  ( -60.00000000000000000, 31.99000000000000554, 37.80681039527355836 ) ) ;
#1586 = FACE_BOUND ( 'NONE', #179, .T. ) ;
#1587 = CARTESIAN_POINT ( 'NONE',  ( -58.33137274807557304, 38.36860606174034416, 37.85972504779208236 ) ) ;
#1588 = CYLINDRICAL_SURFACE ( 'NONE', #6181, 1.324999999999999734 ) ;
#1589 = ORIENTED_EDGE ( 'NONE', *, *, #917, .F. ) ;
#1590 = CARTESIAN_POINT ( 'NONE',  ( -58.09153696617476470, 36.93789383973746965, 42.10840539896956614 ) ) ;
#1591 = LINE ( 'NONE', #562, #2312 ) ;
#1592 = AXIS2_PLACEMENT_3D ( 'NONE', #2896, #6382, #4485 ) ;
#1593 = CARTESIAN_POINT ( 'NONE',  ( -58.00644800466719886, 39.80852653254833484, 37.71028654196291541 ) ) ;
#1594 = DIRECTION ( 'NONE',  ( 0.000000000000000000, 0.000000000000000000, 1.000000000000000000 ) ) ;
#1595 = DIRECTION ( 'NONE',  ( -0.000000000000000000, 0.8191520442889909104, 0.5735764363510474917 ) ) ;
#1596 = ORIENTED_EDGE ( 'NONE', *, *, #6570, .T. ) ;
#1597 =( BOUNDED_CURVE ( )  B_SPLINE_CURVE ( 3, ( #4168, #1144, #4705, #3814 ),
 .UNSPECIFIED., .F., .T. ) 
 B_SPLINE_CURVE_WITH_KNOTS ( ( 4, 4 ),
 ( 0.000000000000000000, 1.000000000000000000 ),
 .UNSPECIFIED. ) 
 CURVE ( )  GEOMETRIC_REPRESENTATION_ITEM ( )  RATIONAL_B_SPLINE_CURVE ( ( 1.000000000000000000, 0.8047378541243646044, 0.8047378541243646044, 1.000000000000000000 ) ) 
 REPRESENTATION_ITEM ( '' )  );
#1598 = ORIENTED_EDGE ( 'NONE', *, *, #6279, .F. ) ;
#1599 = CARTESIAN_POINT ( 'NONE',  ( 60.00000000000000000, 36.53589838486225716, 37.80681039527357967 ) ) ;
#1600 = ADVANCED_FACE ( 'NONE', ( #5105 ), #4510, .F. ) ;
#1601 = CARTESIAN_POINT ( 'NONE',  ( -58.08421459351932725, 38.54469868602769367, 39.55594193651543833 ) ) ;
#1602 = DIRECTION ( 'NONE',  ( -0.000000000000000000, 0.8191520442889907994, 0.5735764363510474917 ) ) ;
#1603 = AXIS2_PLACEMENT_3D ( 'NONE', #2642, #6202, #1257 ) ;
#1604 = DIRECTION ( 'NONE',  ( 0.000000000000000000, 0.5735764363510470476, -0.8191520442889911324 ) ) ;
#1605 = ORIENTED_EDGE ( 'NONE', *, *, #4182, .F. ) ;
#1606 = CARTESIAN_POINT ( 'NONE',  ( -58.06838578351072755, 37.32094305290454628, 41.54458709962209184 ) ) ;
#1607 = CARTESIAN_POINT ( 'NONE',  ( -58.00023447332327464, 36.68194906349777540, 42.54664335698949884 ) ) ;
#1608 = VECTOR ( 'NONE', #2878, 1000.000000000000114 ) ;
#1609 = CARTESIAN_POINT ( 'NONE',  ( -58.07319031833229417, 37.51124472025160372, 41.24744595876352093 ) ) ;
#1610 = VERTEX_POINT ( 'NONE', #3481 ) ;
#1611 = CARTESIAN_POINT ( 'NONE',  ( -58.02446950781030921, 39.44622324129419155, 38.31387989635283731 ) ) ;
#1612 = CARTESIAN_POINT ( 'NONE',  ( 60.00000000000001421, 36.47791219860096135, -4.700734922224746093 ) ) ;
#1613 = ORIENTED_EDGE ( 'NONE', *, *, #2085, .F. ) ;
#1614 = FACE_OUTER_BOUND ( 'NONE', #3836, .T. ) ;
#1615 = CARTESIAN_POINT ( 'NONE',  ( -58.20154615686043797, 36.12428866464694721, 43.75582240398146183 ) ) ;
#1616 = ADVANCED_FACE ( 'NONE', ( #3013 ), #4452, .T. ) ;
#1617 = CARTESIAN_POINT ( 'NONE',  ( -57.98334431310490089, 36.12181242216358612, 43.78217543661525468 ) ) ;
#1618 = DIRECTION ( 'NONE',  ( 1.000000000000000000, -0.000000000000000000, 0.000000000000000000 ) ) ;
#1619 = AXIS2_PLACEMENT_3D ( 'NONE', #3487, #1953, #4084 ) ;
#1620 = FACE_OUTER_BOUND ( 'NONE', #4307, .T. ) ;
#1621 = CARTESIAN_POINT ( 'NONE',  ( -58.57206075321715844, 37.90523216763531877, 37.89135655448684759 ) ) ;
#1622 = EDGE_CURVE ( 'NONE', #908, #397, #424, .T. ) ;
#1623 = DIRECTION ( 'NONE',  ( 0.000000000000000000, -0.5735764363510474917, 0.8191520442889909104 ) ) ;
#1624 = CARTESIAN_POINT ( 'NONE',  ( 31.00000000000001421, 38.00000000000000711, -12.15000000000000746 ) ) ;
#1625 = CARTESIAN_POINT ( 'NONE',  ( -58.08935636758769760, 36.84844834885853260, 42.24934590773420240 ) ) ;
#1626 =( BOUNDED_CURVE ( )  B_SPLINE_CURVE ( 3, ( #5805, #2782, #2309, #5202 ),
 .UNSPECIFIED., .F., .F. ) 
 B_SPLINE_CURVE_WITH_KNOTS ( ( 4, 4 ),
 ( 0.000000000000000000, 1.000000000000000000 ),
 .UNSPECIFIED. ) 
 CURVE ( )  GEOMETRIC_REPRESENTATION_ITEM ( )  RATIONAL_B_SPLINE_CURVE ( ( 1.000000000000000000, 0.8047378541243654926, 0.8047378541243654926, 1.000000000000000000 ) ) 
 REPRESENTATION_ITEM ( '' )  );
#1627 = CARTESIAN_POINT ( 'NONE',  ( -37.50000000000000711, 52.22269567938673873, 11.63375794576270650 ) ) ;
#1628 = CARTESIAN_POINT ( 'NONE',  ( -58.02636276556540906, 39.58097258326060341, 37.71961104315440849 ) ) ;
#1629 = LINE ( 'NONE', #3153, #2177 ) ;
#1630 = CARTESIAN_POINT ( 'NONE',  ( 59.41302493544886687, 36.94349204760217731, -5.996232435405622674 ) ) ;
#1631 = CARTESIAN_POINT ( 'NONE',  ( 57.99999999999999289, 40.00000000000000711, 37.80681039527357257 ) ) ;
#1632 = ORIENTED_EDGE ( 'NONE', *, *, #5251, .F. ) ;
#1633 = ADVANCED_BREP_SHAPE_REPRESENTATION ( 'RFID_lid', ( #3925, #682 ), #3233 ) ;
#1634 = EDGE_CURVE ( 'NONE', #4914, #6066, #418, .T. ) ;
#1635 = ORIENTED_EDGE ( 'NONE', *, *, #5469, .F. ) ;
#1636 = AXIS2_PLACEMENT_3D ( 'NONE', #5722, #1240, #3234 ) ;
#1637 = CARTESIAN_POINT ( 'NONE',  ( 37.49999999999999289, 34.44182615252720581, 37.02747131874050268 ) ) ;
#1638 = CARTESIAN_POINT ( 'NONE',  ( -58.00857754377239672, 38.01493747431302950, 40.60854262633892375 ) ) ;
#1639 = DIRECTION ( 'NONE',  ( 0.000000000000000000, 0.000000000000000000, -1.000000000000000000 ) ) ;
#1640 = VERTEX_POINT ( 'NONE', #1976 ) ;
#1641 = CARTESIAN_POINT ( 'NONE',  ( -58.74756312672354852, 36.63866612341944773, 41.95225525074136641 ) ) ;
#1642 = CARTESIAN_POINT ( 'NONE',  ( -58.00168569779359728, 36.88843746294889314, 42.23959875134856645 ) ) ;
#1643 = CARTESIAN_POINT ( 'NONE',  ( -71.01999999999998181, 32.00000000000000000, 49.55065792321466489 ) ) ;
#1644 = CARTESIAN_POINT ( 'NONE',  ( -58.76798306106813641, 36.67081626935441818, 41.83430040388611104 ) ) ;
#1645 = VECTOR ( 'NONE', #1512, 1000.000000000000000 ) ;
#1646 = ORIENTED_EDGE ( 'NONE', *, *, #5116, .T. ) ;
#1647 = CARTESIAN_POINT ( 'NONE',  ( -58.02227568050366102, 39.52689060915407993, 38.16857125071997103 ) ) ;
#1648 = DIRECTION ( 'NONE',  ( 0.000000000000000000, 0.000000000000000000, 1.000000000000000000 ) ) ;
#1649 = ORIENTED_EDGE ( 'NONE', *, *, #1634, .F. ) ;
#1650 = DIRECTION ( 'NONE',  ( -0.000000000000000000, 1.000000000000000000, -0.000000000000000000 ) ) ;
#1651 = CIRCLE ( 'NONE', #4515, 2.000000000000000000 ) ;
#1652 = CARTESIAN_POINT ( 'NONE',  ( -58.00249390157215146, 36.79192232821066000, 42.38297767916831305 ) ) ;
#1653 = AXIS2_PLACEMENT_3D ( 'NONE', #2653, #2122, #4151 ) ;
#1654 = CARTESIAN_POINT ( 'NONE',  ( -12.99999999999998401, 36.00000000000000711, -14.82500000000000462 ) ) ;
#1655 = DIRECTION ( 'NONE',  ( 0.000000000000000000, 1.000000000000000000, 0.000000000000000000 ) ) ;
#1656 = FACE_BOUND ( 'NONE', #4239, .T. ) ;
#1657 = CARTESIAN_POINT ( 'NONE',  ( -58.00941655505241812, 39.76120095064127469, 37.82534127961145742 ) ) ;
#1658 = DIRECTION ( 'NONE',  ( 0.000000000000000000, 0.000000000000000000, 1.000000000000000000 ) ) ;
#1659 = VERTEX_POINT ( 'NONE', #2443 ) ;
#1660 = CARTESIAN_POINT ( 'NONE',  ( -58.03373810544270128, 36.83695080063927207, 42.30400470461964346 ) ) ;
#1661 = CARTESIAN_POINT ( 'NONE',  ( -57.97339717923349411, 40.70294852574576794, 37.40965568613367509 ) ) ;
#1662 = FACE_OUTER_BOUND ( 'NONE', #5219, .T. ) ;
#1663 = CARTESIAN_POINT ( 'NONE',  ( 59.76174905153494166, 36.68208153985747089, -5.477201284505775369 ) ) ;
#1664 = CARTESIAN_POINT ( 'NONE',  ( 70.05933982822018891, 38.00000000000000711, 56.08933982822016162 ) ) ;
#1665 = VERTEX_POINT ( 'NONE', #951 ) ;
#1666 = EDGE_LOOP ( 'NONE', ( #1909, #1211, #6286, #473, #3462, #4015 ) ) ;
#1667 = ORIENTED_EDGE ( 'NONE', *, *, #639, .F. ) ;
#1668 = CARTESIAN_POINT ( 'NONE',  ( -59.59338134772455220, 34.00000000000000711, 40.68018005768468015 ) ) ;
#1669 = DIRECTION ( 'NONE',  ( 0.000000000000000000, 1.000000000000000000, 0.000000000000000000 ) ) ;
#1670 = EDGE_LOOP ( 'NONE', ( #938, #4809, #1731, #1272 ) ) ;
#1671 = CARTESIAN_POINT ( 'NONE',  ( -58.06952270595095200, 37.38419342352932517, 41.44696755429063018 ) ) ;
#1672 = CARTESIAN_POINT ( 'NONE',  ( -58.00027873482171969, 36.67962197667922197, 42.55010417023554936 ) ) ;
#1673 = VECTOR ( 'NONE', #4458, 1000.000000000000000 ) ;
#1674 = FACE_OUTER_BOUND ( 'NONE', #4274, .T. ) ;
#1675 = CARTESIAN_POINT ( 'NONE',  ( -58.07228345269797387, 37.44375733538143436, 41.35217514976875464 ) ) ;
#1676 = ORIENTED_EDGE ( 'NONE', *, *, #5774, .F. ) ;
#1677 = CARTESIAN_POINT ( 'NONE',  ( -58.46654696034361365, 38.04249032836617062, 38.55954803269192865 ) ) ;
#1678 = LINE ( 'NONE', #3707, #5109 ) ;
#1679 = ORIENTED_EDGE ( 'NONE', *, *, #6491, .F. ) ;
#1680 = CARTESIAN_POINT ( 'NONE',  ( 63.52065792321464954, 32.00000000000000000, 57.05000000000000426 ) ) ;
#1681 = CARTESIAN_POINT ( 'NONE',  ( -12.49999999999998401, 34.39999999999997726, -46.82500000000000995 ) ) ;
#1682 = CARTESIAN_POINT ( 'NONE',  ( -58.14307514311471436, 36.24556659884551379, 43.38896614071403235 ) ) ;
#1683 = LINE ( 'NONE', #2178, #4839 ) ;
#1684 = VECTOR ( 'NONE', #5416, 1000.000000000000000 ) ;
#1685 = DIRECTION ( 'NONE',  ( 0.000000000000000000, -0.000000000000000000, -1.000000000000000000 ) ) ;
#1686 = CARTESIAN_POINT ( 'NONE',  ( -59.22863715565213738, 37.08971426078928602, 37.98993075685172727 ) ) ;
#1687 = EDGE_CURVE ( 'NONE', #1896, #4892, #2425, .T. ) ;
#1688 = CARTESIAN_POINT ( 'NONE',  ( 57.99999999999999289, 40.00000000000000711, -8.646254786282208116 ) ) ;
#1689 = DIRECTION ( 'NONE',  ( 0.000000000000000000, -0.8191520442889912434, -0.5735764363510471586 ) ) ;
#1690 = CARTESIAN_POINT ( 'NONE',  ( -58.82898908485436351, 36.25884184064180005, 42.98709259793574944 ) ) ;
#1691 = CARTESIAN_POINT ( 'NONE',  ( -36.00000000000000711, 56.50623700566850971, 14.23346091681524150 ) ) ;
#1692 = CARTESIAN_POINT ( 'NONE',  ( -63.52065792321464954, 35.00000000000000000, 57.05000000000000426 ) ) ;
#1693 = LINE ( 'NONE', #2190, #5975 ) ;
#1694 = DIRECTION ( 'NONE',  ( 0.000000000000000000, 0.000000000000000000, 1.000000000000000000 ) ) ;
#1695 = ORIENTED_EDGE ( 'NONE', *, *, #1634, .T. ) ;
#1696 = CARTESIAN_POINT ( 'NONE',  ( 31.00000000000000000, 38.00000000000000711, -54.15000000000001279 ) ) ;
#1697 = ORIENTED_EDGE ( 'NONE', *, *, #3016, .F. ) ;
#1698 = CARTESIAN_POINT ( 'NONE',  ( 56.35051480649912747, 37.32617105651103628, -5.667586350903451198 ) ) ;
#1699 = EDGE_CURVE ( 'NONE', #4934, #961, #6144, .T. ) ;
#1700 = CARTESIAN_POINT ( 'NONE',  ( -73.11999999999999034, 38.00000000000000711, -59.14999999999999858 ) ) ;
#1701 = CARTESIAN_POINT ( 'NONE',  ( 58.64937781447893883, 36.80196904420519388, 42.37407193029149255 ) ) ;
#1702 = EDGE_CURVE ( 'NONE', #4812, #5895, #2964, .T. ) ;
#1703 = ORIENTED_EDGE ( 'NONE', *, *, #5135, .F. ) ;
#1704 = CARTESIAN_POINT ( 'NONE',  ( -57.93190279119889396, 37.61889650539767871, 41.27676066146372591 ) ) ;
#1705 = CARTESIAN_POINT ( 'NONE',  ( -58.03453612260917538, 36.12188610431037716, 43.78139386050080617 ) ) ;
#1706 = ORIENTED_EDGE ( 'NONE', *, *, #1496, .F. ) ;
#1707 = CARTESIAN_POINT ( 'NONE',  ( 57.99999999999999289, 38.00000000000000711, 44.14999999999999147 ) ) ;
#1708 = CARTESIAN_POINT ( 'NONE',  ( -58.07151783608231455, 37.41249041274360110, 41.40105089950448303 ) ) ;
#1709 = ORIENTED_EDGE ( 'NONE', *, *, #2688, .T. ) ;
#1710 = CARTESIAN_POINT ( 'NONE',  ( -59.00322830055313972, 37.34829549035877250, 38.44955580844354159 ) ) ;
#1711 = CARTESIAN_POINT ( 'NONE',  ( 57.50962616674808459, 36.47791219860096135, -2.183950452431869138 ) ) ;
#1712 = VERTEX_POINT ( 'NONE', #4078 ) ;
#1713 = DIRECTION ( 'NONE',  ( 0.000000000000000000, 0.5735764363510470476, -0.8191520442889911324 ) ) ;
#1714 = CARTESIAN_POINT ( 'NONE',  ( 59.95395636250454174, 34.00000000000000000, -4.946647326036792691 ) ) ;
#1715 = CIRCLE ( 'NONE', #3092, 3.324999999999999734 ) ;
#1716 = CARTESIAN_POINT ( 'NONE',  ( -58.00292445192353341, 36.68932301467957302, 42.53547037796549546 ) ) ;
#1717 = VECTOR ( 'NONE', #3253, 999.9999999999998863 ) ;
#1718 = EDGE_CURVE ( 'NONE', #5768, #2695, #1354, .T. ) ;
#1719 = CARTESIAN_POINT ( 'NONE',  ( 60.00000000000000711, 34.00000000000000711, 38.27683290132125649 ) ) ;
#1720 = CARTESIAN_POINT ( 'NONE',  ( -60.00000000000000000, 65.04051772897437900, 2.045244912848333207 ) ) ;
#1721 = VECTOR ( 'NONE', #4564, 1000.000000000000114 ) ;
#1722 = CARTESIAN_POINT ( 'NONE',  ( -58.01310756908036836, 39.69210645263180481, 37.93552698531030387 ) ) ;
#1723 = DIRECTION ( 'NONE',  ( 0.000000000000000000, 1.000000000000000000, -0.000000000000000000 ) ) ;
#1724 = CARTESIAN_POINT ( 'NONE',  ( -12.49999999999998401, 36.00000000000000711, -50.15000000000001279 ) ) ;
#1725 = CARTESIAN_POINT ( 'NONE',  ( -58.69090930038809262, 36.35536040411613357, 42.82306023009995499 ) ) ;
#1726 = CARTESIAN_POINT ( 'NONE',  ( 58.26184658806021588, 38.36169591142492408, 43.63344470505171557 ) ) ;
#1727 = CARTESIAN_POINT ( 'NONE',  ( -57.98453663895735133, 40.24254848924173444, 37.59063135108466014 ) ) ;
#1728 = DIRECTION ( 'NONE',  ( 0.000000000000000000, 1.000000000000000000, -0.000000000000000000 ) ) ;
#1729 = CARTESIAN_POINT ( 'NONE',  ( 58.15014487759360406, 38.89123220401027226, -6.641434986499337612 ) ) ;
#1730 = ORIENTED_EDGE ( 'NONE', *, *, #6541, .F. ) ;
#1731 = ORIENTED_EDGE ( 'NONE', *, *, #5816, .T. ) ;
#1732 = ORIENTED_EDGE ( 'NONE', *, *, #4264, .F. ) ;
#1733 = CARTESIAN_POINT ( 'NONE',  ( -58.96309449675393921, 36.56250135595579565, 41.97037559335787194 ) ) ;
#1734 = FACE_OUTER_BOUND ( 'NONE', #6116, .T. ) ;
#1735 = CARTESIAN_POINT ( 'NONE',  ( -12.99999999999998401, 32.00000000000000000, -16.15000000000000568 ) ) ;
#1736 = ORIENTED_EDGE ( 'NONE', *, *, #5389, .T. ) ;
#1737 = CARTESIAN_POINT ( 'NONE',  ( -58.06687001794252012, 37.19846135691270206, 41.73186071993046653 ) ) ;
#1738 = CARTESIAN_POINT ( 'NONE',  ( -58.00133828442243811, 36.62116937378333148, 42.63967991041302952 ) ) ;
#1739 = VECTOR ( 'NONE', #524, 1000.000000000000000 ) ;
#1740 = VERTEX_POINT ( 'NONE', #1218 ) ;
#1741 = EDGE_CURVE ( 'NONE', #1074, #3437, #5198, .T. ) ;
#1742 = PLANE ( 'NONE',  #3771 ) ;
#1743 = VERTEX_POINT ( 'NONE', #1111 ) ;
#1744 = CARTESIAN_POINT ( 'NONE',  ( -58.03821084696279087, 39.20999446348864126, 38.63434497253224720 ) ) ;
#1745 = DIRECTION ( 'NONE',  ( -1.000000000000000000, 0.000000000000000000, 1.119176436114068839E-16 ) ) ;
#1746 = EDGE_LOOP ( 'NONE', ( #4721, #3304, #2634, #3699 ) ) ;
#1747 = CARTESIAN_POINT ( 'NONE',  ( 23.00000000000001421, 32.00000000000000000, -49.47500000000000853 ) ) ;
#1748 = CARTESIAN_POINT ( 'NONE',  ( 62.00000000000000000, 34.00000000000000711, -4.389543696378559900 ) ) ;
#1749 = CARTESIAN_POINT ( 'NONE',  ( -57.99561564593045659, 36.70323842072078691, 42.51498935283501623 ) ) ;
#1750 = CARTESIAN_POINT ( 'NONE',  ( -58.00116560855365577, 36.69268088351485346, 42.53063887247293451 ) ) ;
#1751 = EDGE_CURVE ( 'NONE', #3196, #2772, #3724, .T. ) ;
#1752 = AXIS2_PLACEMENT_3D ( 'NONE', #4164, #5693, #1139 ) ;
#1753 = LINE ( 'NONE', #2786, #2819 ) ;
#1754 = DIRECTION ( 'NONE',  ( 0.000000000000000000, -1.000000000000000000, 0.000000000000000000 ) ) ;
#1755 = CARTESIAN_POINT ( 'NONE',  ( -58.01282487456941084, 39.69550982203602985, 37.93427785672829344 ) ) ;
#1756 = AXIS2_PLACEMENT_3D ( 'NONE', #4755, #1728, #202 ) ;
#1757 = CARTESIAN_POINT ( 'NONE',  ( 62.00000000000000000, 32.00000000000000000, -4.389543696378559900 ) ) ;
#1758 = CARTESIAN_POINT ( 'NONE',  ( -12.49999999999998401, 34.39999999999997726, -50.15000000000001279 ) ) ;
#1759 = CARTESIAN_POINT ( 'NONE',  ( -58.03328194827930275, 36.83895336683443844, 42.30124857711963671 ) ) ;
#1760 = CARTESIAN_POINT ( 'NONE',  ( 57.99999999999999289, 38.00000000000000711, 44.14999999999998437 ) ) ;
#1761 = CARTESIAN_POINT ( 'NONE',  ( -58.01566101024805278, 39.68212598033992577, 37.73749291034910414 ) ) ;
#1762 = DIRECTION ( 'NONE',  ( 0.000000000000000000, 0.7071067811865441310, 0.7071067811865510144 ) ) ;
#1763 = CARTESIAN_POINT ( 'NONE',  ( 59.99999999999999289, 36.53589838486225005, -4.616593630694625361 ) ) ;
#1764 = ORIENTED_EDGE ( 'NONE', *, *, #2962, .F. ) ;
#1765 = ORIENTED_EDGE ( 'NONE', *, *, #1837, .F. ) ;
#1766 = EDGE_LOOP ( 'NONE', ( #2319, #6434, #1596, #3230 ) ) ;
#1767 = CARTESIAN_POINT ( 'NONE',  ( -76.11999999999999034, 35.00000000000000000, -59.14999999999999858 ) ) ;
#1768 = DIRECTION ( 'NONE',  ( 0.000000000000000000, -0.9396926207859082059, -0.3420201433256696566 ) ) ;
#1769 = CARTESIAN_POINT ( 'NONE',  ( 59.17963960759204411, 34.00000000000000711, -6.233497205144183262 ) ) ;
#1770 = ORIENTED_EDGE ( 'NONE', *, *, #6433, .T. ) ;
#1771 = CARTESIAN_POINT ( 'NONE',  ( -58.30382118679231951, 37.01713167874759591, 41.73907370516899107 ) ) ;
#1772 = CARTESIAN_POINT ( 'NONE',  ( -58.00012570600065942, 36.69008262978635315, 42.53455071798172327 ) ) ;
#1773 = ORIENTED_EDGE ( 'NONE', *, *, #1421, .F. ) ;
#1774 = CARTESIAN_POINT ( 'NONE',  ( -60.30744879269003889, 37.99999999999688782, 39.34847379538322087 ) ) ;
#1775 = ORIENTED_EDGE ( 'NONE', *, *, #4396, .T. ) ;
#1776 = CARTESIAN_POINT ( 'NONE',  ( -59.34555461665151199, 36.95650692407546956, 38.65513689732359381 ) ) ;
#1777 = CARTESIAN_POINT ( 'NONE',  ( -58.05901639704784145, 36.53589786658321970, 42.78059847544356131 ) ) ;
#1778 = ORIENTED_EDGE ( 'NONE', *, *, #333, .T. ) ;
#1779 = CARTESIAN_POINT ( 'NONE',  ( 37.49999999999999289, 40.60246154483593273, 36.94640614105537679 ) ) ;
#1780 = CARTESIAN_POINT ( 'NONE',  ( -57.99745484235103277, 36.57024669283823926, 42.72005711687571505 ) ) ;
#1781 = CARTESIAN_POINT ( 'NONE',  ( -58.02826340675049721, 36.52573080408085104, 42.79462219255836430 ) ) ;
#1782 = CONICAL_SURFACE ( 'NONE', #1255, 3.325000000000001510, 0.7853981633974445042 ) ;
#1783 = LINE ( 'NONE', #1289, #161 ) ;
#1784 = EDGE_CURVE ( 'NONE', #1162, #1316, #3300, .T. ) ;
#1785 = VERTEX_POINT ( 'NONE', #5203 ) ;
#1786 = CARTESIAN_POINT ( 'NONE',  ( -58.01260557845573373, 39.70633609734841940, 37.90217903425897816 ) ) ;
#1787 = CARTESIAN_POINT ( 'NONE',  ( -60.00000000000000711, 39.04030368420232122, 41.21997375095563854 ) ) ;
#1788 = EDGE_LOOP ( 'NONE', ( #1179, #3911, #5639, #3010 ) ) ;
#1789 = CARTESIAN_POINT ( 'NONE',  ( -12.49999999999998401, 34.39999999999997726, -53.47500000000001563 ) ) ;
#1790 = ADVANCED_FACE ( 'NONE', ( #614 ), #190, .F. ) ;
#1791 = CARTESIAN_POINT ( 'NONE',  ( -58.02154512707817702, 36.78630023899795987, 42.38570921757333565 ) ) ;
#1792 = VECTOR ( 'NONE', #5894, 1000.000000000000000 ) ;
#1793 = DIRECTION ( 'NONE',  ( -0.000000000000000000, -0.000000000000000000, -1.000000000000000000 ) ) ;
#1794 = CARTESIAN_POINT ( 'NONE',  ( -58.00507389594519481, 39.83650181224614784, 37.72842597978731760 ) ) ;
#1795 = LINE ( 'NONE', #840, #3525 ) ;
#1796 = CARTESIAN_POINT ( 'NONE',  ( 56.25517949914087268, 43.04580875615682345, -3.280959969870134607 ) ) ;
#1797 = VECTOR ( 'NONE', #1550, 1000.000000000000000 ) ;
#1798 = ORIENTED_EDGE ( 'NONE', *, *, #5241, .F. ) ;
#1799 = CARTESIAN_POINT ( 'NONE',  ( -59.91758138095512010, 36.56250135595578854, 39.29719823645297794 ) ) ;
#1800 = CARTESIAN_POINT ( 'NONE',  ( 57.99999999999999289, 63.54551899874132204, 4.180324369512666394 ) ) ;
#1801 = DIRECTION ( 'NONE',  ( -1.000000000000000000, 0.000000000000000000, -0.000000000000000000 ) ) ;
#1802 = ORIENTED_EDGE ( 'NONE', *, *, #3491, .T. ) ;
#1803 = CARTESIAN_POINT ( 'NONE',  ( -58.06607339223677400, 37.26234511010333250, 41.63633135665374141 ) ) ;
#1804 = CARTESIAN_POINT ( 'NONE',  ( -58.00004471531545391, 36.70325345986613996, 42.51496686870698483 ) ) ;
#1805 = ORIENTED_EDGE ( 'NONE', *, *, #4841, .F. ) ;
#1806 = EDGE_CURVE ( 'NONE', #6367, #3290, #2768, .T. ) ;
#1807 = CARTESIAN_POINT ( 'NONE',  ( -59.72915899869840217, 40.03600000000000847, -5.562090497314406967 ) ) ;
#1808 = ORIENTED_EDGE ( 'NONE', *, *, #5855, .T. ) ;
#1809 = CARTESIAN_POINT ( 'NONE',  ( -58.00594214410681104, 39.49480719197963907, 38.41280574627185729 ) ) ;
#1810 = DIRECTION ( 'NONE',  ( 0.000000000000000000, 1.000000000000000000, 0.000000000000000000 ) ) ;
#1811 = VERTEX_POINT ( 'NONE', #685 ) ;
#1812 = DIRECTION ( 'NONE',  ( 0.000000000000000000, 0.000000000000000000, -1.000000000000000000 ) ) ;
#1813 = CARTESIAN_POINT ( 'NONE',  ( -57.99964585351715840, 36.12181242216358612, 43.78217543661525468 ) ) ;
#1814 =( BOUNDED_CURVE ( )  B_SPLINE_CURVE ( 3, ( #6555, #1072, #3071, #5162 ),
 .UNSPECIFIED., .F., .F. ) 
 B_SPLINE_CURVE_WITH_KNOTS ( ( 4, 4 ),
 ( 4.712388980384690562, 6.283185307179586232 ),
 .UNSPECIFIED. ) 
 CURVE ( )  GEOMETRIC_REPRESENTATION_ITEM ( )  RATIONAL_B_SPLINE_CURVE ( ( 1.000000000000000000, 0.8047378541243652705, 0.8047378541243652705, 1.000000000000000000 ) ) 
 REPRESENTATION_ITEM ( '' )  );
#1815 = CARTESIAN_POINT ( 'NONE',  ( -58.01990297472967484, 36.52405158229904458, 42.79819342083291644 ) ) ;
#1816 = DIRECTION ( 'NONE',  ( 0.000000000000000000, 0.5735764363510470476, -0.8191520442889911324 ) ) ;
#1817 = CARTESIAN_POINT ( 'NONE',  ( -58.80108196125980413, 36.74048972928712686, 41.58266159503057224 ) ) ;
#1818 = ORIENTED_EDGE ( 'NONE', *, *, #314, .T. ) ;
#1819 = CARTESIAN_POINT ( 'NONE',  ( -60.06293255217882177, 36.50912449774946822, 37.99201738633541936 ) ) ;
#1820 = CARTESIAN_POINT ( 'NONE',  ( -58.02865779174864258, 39.55763751439604903, 37.84874783378987217 ) ) ;
#1821 = AXIS2_PLACEMENT_3D ( 'NONE', #5896, #2328, #1374 ) ;
#1822 = VERTEX_POINT ( 'NONE', #5699 ) ;
#1823 = DIRECTION ( 'NONE',  ( -0.000000000000000000, -1.000000000000000000, -0.000000000000000000 ) ) ;
#1824 = CARTESIAN_POINT ( 'NONE',  ( -58.00715435534463893, 36.90436621059399158, 42.21606868965533010 ) ) ;
#1825 = AXIS2_PLACEMENT_3D ( 'NONE', #5767, #6297, #1745 ) ;
#1826 = CARTESIAN_POINT ( 'NONE',  ( 23.00000000000001421, 32.00000000000000000, -23.47500000000000142 ) ) ;
#1827 = ADVANCED_FACE ( 'NONE', ( #5134 ), #4207, .T. ) ;
#1828 = CARTESIAN_POINT ( 'NONE',  ( -58.00520749720397617, 39.83303418614855929, 37.75593404323843316 ) ) ;
#1829 =( NAMED_UNIT ( * ) SI_UNIT ( $, .STERADIAN. ) SOLID_ANGLE_UNIT ( ) );
#1830 = CARTESIAN_POINT ( 'NONE',  ( 57.99999999999998579, 46.20026276174309032, -2.132832606474911241 ) ) ;
#1831 = EDGE_LOOP ( 'NONE', ( #5223, #1107, #2812, #6507 ) ) ;
#1832 = EDGE_CURVE ( 'NONE', #3511, #2732, #6475, .T. ) ;
#1833 = CARTESIAN_POINT ( 'NONE',  ( 60.00000000000000000, 39.31595971334866846, -6.766869544710393036 ) ) ;
#1834 = CARTESIAN_POINT ( 'NONE',  ( -57.98809073267649694, 37.64700749748798358, 41.17295046411795312 ) ) ;
#1835 = CARTESIAN_POINT ( 'NONE',  ( -36.00000000000000000, 58.30090585110679058, 15.15730177368267206 ) ) ;
#1836 = DIRECTION ( 'NONE',  ( 1.000000000000000000, 0.000000000000000000, -0.000000000000000000 ) ) ;
#1837 = EDGE_CURVE ( 'NONE', #1811, #1822, #3249, .T. ) ;
#1838 = ORIENTED_EDGE ( 'NONE', *, *, #4887, .F. ) ;
#1839 = ADVANCED_FACE ( 'NONE', ( #1614 ), #154, .F. ) ;
#1840 = CARTESIAN_POINT ( 'NONE',  ( -58.06859742167055316, 37.19427994395883985, 41.73621277757928993 ) ) ;
#1841 = CARTESIAN_POINT ( 'NONE',  ( -58.00004322966064763, 36.71646516267621507, 42.49532182448419348 ) ) ;
#1842 = ORIENTED_EDGE ( 'NONE', *, *, #287, .T. ) ;
#1843 = CARTESIAN_POINT ( 'NONE',  ( -59.93495616434080375, 34.00000000000000000, -3.742232034523562678 ) ) ;
#1844 = CARTESIAN_POINT ( 'NONE',  ( -58.02372349557960263, 38.92585044406117589, 39.20267772134811679 ) ) ;
#1845 = LINE ( 'NONE', #912, #3199 ) ;
#1846 = ORIENTED_EDGE ( 'NONE', *, *, #1, .T. ) ;
#1847 = CARTESIAN_POINT ( 'NONE',  ( -61.49514555529260917, 38.00000000000000711, -6.533304190391857169 ) ) ;
#1848 = CARTESIAN_POINT ( 'NONE',  ( -57.99762814709412595, 36.68109340537446172, 42.54791583268632138 ) ) ;
#1849 = CIRCLE ( 'NONE', #1636, 3.599999999999998312 ) ;
#1850 = CARTESIAN_POINT ( 'NONE',  ( -58.09023243298527461, 36.12231275935825181, 43.77686150252427666 ) ) ;
#1851 = LINE ( 'NONE', #4912, #4298 ) ;
#1852 = CARTESIAN_POINT ( 'NONE',  ( -58.06184697326474975, 37.57046564429308688, 41.17569871349879662 ) ) ;
#1853 = EDGE_LOOP ( 'NONE', ( #5790, #3923, #4190, #2515, #1094, #3913, #344, #1566 ) ) ;
#1854 = AXIS2_PLACEMENT_3D ( 'NONE', #3581, #5604, #5110 ) ;
#1855 = CARTESIAN_POINT ( 'NONE',  ( -58.01977007423232635, 39.57691958586247694, 38.09238341950726436 ) ) ;
#1856 = CARTESIAN_POINT ( 'NONE',  ( -60.00000000000000000, 40.00000000000000711, 37.80681039527355836 ) ) ;
#1857 = EDGE_CURVE ( 'NONE', #464, #4404, #2540, .T. ) ;
#1858 = ORIENTED_EDGE ( 'NONE', *, *, #73, .F. ) ;
#1859 = DIRECTION ( 'NONE',  ( 0.000000000000000000, 0.000000000000000000, 1.000000000000000000 ) ) ;
#1860 = CARTESIAN_POINT ( 'NONE',  ( -58.40453142010097309, 36.27626772882857864, 43.22970153402486915 ) ) ;
#1861 = DIRECTION ( 'NONE',  ( 0.000000000000000000, 0.000000000000000000, 1.000000000000000000 ) ) ;
#1862 = CIRCLE ( 'NONE', #6210, 4.925000000000013145 ) ;
#1863 = CARTESIAN_POINT ( 'NONE',  ( -58.17994216832418175, 38.85056839128547068, 37.80435706616808034 ) ) ;
#1864 = AXIS2_PLACEMENT_3D ( 'NONE', #6438, #889, #4382 ) ;
#1865 = SURFACE_STYLE_USAGE ( .BOTH. , #6313 ) ;
#1866 = CARTESIAN_POINT ( 'NONE',  ( 23.00000000000001421, 32.00000000000000000, -47.47500000000000853 ) ) ;
#1867 = EDGE_LOOP ( 'NONE', ( #2493, #1697, #2856, #2415 ) ) ;
#1868 = FACE_OUTER_BOUND ( 'NONE', #4065, .T. ) ;
#1869 = CARTESIAN_POINT ( 'NONE',  ( -58.15771215565796837, 37.32368512848626807, 41.41319442289175612 ) ) ;
#1870 = DIRECTION ( 'NONE',  ( 3.304235192336776005E-16, 0.000000000000000000, 1.000000000000000000 ) ) ;
#1871 = ADVANCED_FACE ( 'NONE', ( #3677 ), #6370, .T. ) ;
#1872 = CARTESIAN_POINT ( 'NONE',  ( -12.49999999999998401, 32.00000000000000000, -53.47500000000001563 ) ) ;
#1873 = VECTOR ( 'NONE', #2052, 1000.000000000000114 ) ;
#1874 = ORIENTED_EDGE ( 'NONE', *, *, #3704, .T. ) ;
#1875 = CARTESIAN_POINT ( 'NONE',  ( -58.00005369133107536, 36.68508737611749382, 42.54197877324647692 ) ) ;
#1876 = ORIENTED_EDGE ( 'NONE', *, *, #4530, .T. ) ;
#1877 = DIRECTION ( 'NONE',  ( 0.000000000000000000, -1.000000000000000000, 0.000000000000000000 ) ) ;
#1878 = AXIS2_PLACEMENT_3D ( 'NONE', #665, #510, #5620 ) ;
#1879 = CARTESIAN_POINT ( 'NONE',  ( -59.09973581441599322, 37.16510327644109424, 39.14428320398956629 ) ) ;
#1880 = CARTESIAN_POINT ( 'NONE',  ( -62.00000000000000000, 32.00000000000000000, -6.883067321740154121 ) ) ;
#1881 = VERTEX_POINT ( 'NONE', #4708 ) ;
#1882 = CARTESIAN_POINT ( 'NONE',  ( -60.08759784126539216, 38.00000000000001421, -4.693982791110977715 ) ) ;
#1883 = CARTESIAN_POINT ( 'NONE',  ( -57.99548398534180649, 36.67944331913464850, 42.55037262740864890 ) ) ;
#1884 = CARTESIAN_POINT ( 'NONE',  ( -58.00424340527002443, 36.67095723031112442, 42.56279732378386171 ) ) ;
#1885 = CARTESIAN_POINT ( 'NONE',  ( 62.00000000000000000, 32.00000000000000000, -4.389543696378559900 ) ) ;
#1886 = CARTESIAN_POINT ( 'NONE',  ( -58.08010573234422225, 37.57143757751859425, 41.14276307000834265 ) ) ;
#1887 = ORIENTED_EDGE ( 'NONE', *, *, #5073, .F. ) ;
#1888 = CARTESIAN_POINT ( 'NONE',  ( -58.02038247855107045, 39.57083860355633931, 38.09499276423846226 ) ) ;
#1889 = DIRECTION ( 'NONE',  ( 0.000000000000000000, -0.5735764363510470476, 0.8191520442889911324 ) ) ;
#1890 = ORIENTED_EDGE ( 'NONE', *, *, #1259, .F. ) ;
#1891 = CARTESIAN_POINT ( 'NONE',  ( -58.04588649637730668, 36.73741723819181715, 42.44912648241006536 ) ) ;
#1892 = FACE_OUTER_BOUND ( 'NONE', #1788, .T. ) ;
#1893 = EDGE_CURVE ( 'NONE', #4368, #878, #2175, .T. ) ;
#1894 = CARTESIAN_POINT ( 'NONE',  ( -58.00592979956285689, 39.81921103035100629, 37.77521945842501339 ) ) ;
#1895 = CARTESIAN_POINT ( 'NONE',  ( 55.99969448132075911, 39.31171558372329145, -4.640058736612578727 ) ) ;
#1896 = VERTEX_POINT ( 'NONE', #5736 ) ;
#1897 = FACE_OUTER_BOUND ( 'NONE', #5010, .T. ) ;
#1898 = CARTESIAN_POINT ( 'NONE',  ( 31.00000000000000000, 36.00000000000000711, -57.14999999999999147 ) ) ;
#1899 = AXIS2_PLACEMENT_3D ( 'NONE', #3328, #4886, #4952 ) ;
#1900 = CYLINDRICAL_SURFACE ( 'NONE', #5675, 3.325000000000001510 ) ;
#1901 = ORIENTED_EDGE ( 'NONE', *, *, #943, .F. ) ;
#1902 = CARTESIAN_POINT ( 'NONE',  ( -58.00373352774921898, 36.17471404035520521, 43.59546372948125992 ) ) ;
#1903 = EDGE_CURVE ( 'NONE', #1740, #4794, #327, .T. ) ;
#1904 = ORIENTED_EDGE ( 'NONE', *, *, #3333, .F. ) ;
#1905 = CARTESIAN_POINT ( 'NONE',  ( -57.99999999999999289, 40.03600000000000847, -6.646254786282208116 ) ) ;
#1906 = ADVANCED_FACE ( 'NONE', ( #1252 ), #3282, .F. ) ;
#1907 = CARTESIAN_POINT ( 'NONE',  ( -58.07098720040311690, 38.75205656738093296, 39.25683696711377024 ) ) ;
#1908 = CARTESIAN_POINT ( 'NONE',  ( 31.00000000000001421, 32.00000000000000000, -12.15000000000000746 ) ) ;
#1909 = ORIENTED_EDGE ( 'NONE', *, *, #650, .T. ) ;
#1910 = FACE_OUTER_BOUND ( 'NONE', #2990, .T. ) ;
#1911 = CARTESIAN_POINT ( 'NONE',  ( -57.99420187657511150, 36.78250701835288794, 42.39712146174512952 ) ) ;
#1912 = CARTESIAN_POINT ( 'NONE',  ( -58.00082020545179518, 36.69159332525909178, 42.53228131836207382 ) ) ;
#1913 = AXIS2_PLACEMENT_3D ( 'NONE', #5273, #3176, #5628 ) ;
#1914 = CARTESIAN_POINT ( 'NONE',  ( 61.99999999999999289, 32.00000000000000000, -6.883067321740159450 ) ) ;
#1915 = CARTESIAN_POINT ( 'NONE',  ( -59.37892075948165171, 36.50738437906701961, 41.27735131712954342 ) ) ;
#1916 = VERTEX_POINT ( 'NONE', #1748 ) ;
#1917 = CARTESIAN_POINT ( 'NONE',  ( -58.04812486973372643, 39.37485072642427752, 38.10383744526040317 ) ) ;
#1918 = CARTESIAN_POINT ( 'NONE',  ( -59.69181571528068275, 36.72592313742926251, 37.82423854577695010 ) ) ;
#1919 = ORIENTED_EDGE ( 'NONE', *, *, #817, .T. ) ;
#1920 = ADVANCED_FACE ( 'NONE', ( #275 ), #5321, .F. ) ;
#1921 = CARTESIAN_POINT ( 'NONE',  ( -58.02209687890137246, 36.78256108188540452, 42.39106425145658363 ) ) ;
#1922 = EDGE_CURVE ( 'NONE', #5860, #182, #6048, .T. ) ;
#1923 = DIRECTION ( 'NONE',  ( 0.000000000000000000, -0.8191520442889912434, -0.5735764363510471586 ) ) ;
#1924 = CARTESIAN_POINT ( 'NONE',  ( -58.88087819802913003, 37.51916272132515928, 37.85483144499450248 ) ) ;
#1925 = VECTOR ( 'NONE', #1020, 1000.000000000000114 ) ;
#1926 = CARTESIAN_POINT ( 'NONE',  ( 37.49999999999999289, 58.38333107169546565, 11.55269276807757706 ) ) ;
#1927 = VERTEX_POINT ( 'NONE', #2800 ) ;
#1928 = AXIS2_PLACEMENT_3D ( 'NONE', #5944, #2496, #3629 ) ;
#1929 = DIRECTION ( 'NONE',  ( -0.000000000000000000, 1.000000000000000000, -0.000000000000000000 ) ) ;
#1930 = CARTESIAN_POINT ( 'NONE',  ( 60.01052654067235181, 38.00000000000000711, -5.713561897591092453 ) ) ;
#1931 = CYLINDRICAL_SURFACE ( 'NONE', #239, 1.324999999999999734 ) ;
#1932 = AXIS2_PLACEMENT_3D ( 'NONE', #1437, #5578, #3027 ) ;
#1933 = CARTESIAN_POINT ( 'NONE',  ( -57.99999999999999289, 6.089883287725362138, -16.73181682013946414 ) ) ;
#1934 = CARTESIAN_POINT ( 'NONE',  ( -57.99978189562587971, 36.72966128659815155, 42.47570005580506347 ) ) ;
#1935 = ORIENTED_EDGE ( 'NONE', *, *, #3418, .F. ) ;
#1936 = CARTESIAN_POINT ( 'NONE',  ( -58.24646767237216949, 40.03600000000000847, -6.646254786282207228 ) ) ;
#1937 = CARTESIAN_POINT ( 'NONE',  ( -58.05106676181440406, 38.81717563697957729, 39.24648900244667260 ) ) ;
#1938 = CARTESIAN_POINT ( 'NONE',  ( -9.626739656766151398, 36.00000000000000711, -54.15000000000001279 ) ) ;
#1939 = CARTESIAN_POINT ( 'NONE',  ( -61.99999999999226219, 38.00000000000000711, -4.946846333483261304 ) ) ;
#1940 = CARTESIAN_POINT ( 'NONE',  ( -57.98908170656054750, 36.68176984219542192, 42.54691190667185907 ) ) ;
#1941 = CARTESIAN_POINT ( 'NONE',  ( -58.00086870595042399, 36.68414615465079009, 42.54335327685414825 ) ) ;
#1942 = EDGE_CURVE ( 'NONE', #2879, #711, #5701, .T. ) ;
#1943 = CARTESIAN_POINT ( 'NONE',  ( -58.06006064078894724, 37.89223918987660511, 40.68556962503025431 ) ) ;
#1944 = ORIENTED_EDGE ( 'NONE', *, *, #537, .F. ) ;
#1945 = CARTESIAN_POINT ( 'NONE',  ( -58.14582898967358915, 38.92806682188168566, 38.04828182503772638 ) ) ;
#1946 = FACE_OUTER_BOUND ( 'NONE', #3391, .T. ) ;
#1947 = EDGE_CURVE ( 'NONE', #357, #3030, #4034, .T. ) ;
#1948 = VERTEX_POINT ( 'NONE', #4326 ) ;
#1949 = CARTESIAN_POINT ( 'NONE',  ( -58.00636642502308860, 36.71272761250845917, 42.50009111493872638 ) ) ;
#1950 = VECTOR ( 'NONE', #4611, 1000.000000000000000 ) ;
#1951 = CARTESIAN_POINT ( 'NONE',  ( 23.00000000000001421, 32.00000000000000000, -20.15000000000000213 ) ) ;
#1952 = CARTESIAN_POINT ( 'NONE',  ( -58.05983953365156225, 39.31398084404633408, 37.78814180334416051 ) ) ;
#1953 = DIRECTION ( 'NONE',  ( 0.000000000000000000, 1.000000000000000000, 0.000000000000000000 ) ) ;
#1954 = ORIENTED_EDGE ( 'NONE', *, *, #1221, .T. ) ;
#1955 = CARTESIAN_POINT ( 'NONE',  ( -58.05346979322411727, 36.99068919711880454, 42.05925889294136510 ) ) ;
#1956 = AXIS2_PLACEMENT_3D ( 'NONE', #3318, #3752, #4243 ) ;
#1957 = LINE ( 'NONE', #3464, #2661 ) ;
#1958 = CARTESIAN_POINT ( 'NONE',  ( -57.98437490908309400, 37.18269624182264010, 41.83033714190143115 ) ) ;
#1959 = CARTESIAN_POINT ( 'NONE',  ( 58.83118123499971119, 37.26763150234717870, 42.15529062994483667 ) ) ;
#1960 = DIRECTION ( 'NONE',  ( 0.000000000000000000, 0.000000000000000000, -1.000000000000000000 ) ) ;
#1961 = AXIS2_PLACEMENT_3D ( 'NONE', #6425, #3909, #2263 ) ;
#1962 = CIRCLE ( 'NONE', #1334, 1.600000000000000089 ) ;
#1963 = CARTESIAN_POINT ( 'NONE',  ( -57.99977802001799176, 36.71644985365946923, 42.49534470432004696 ) ) ;
#1964 = VERTEX_POINT ( 'NONE', #3262 ) ;
#1965 = DIRECTION ( 'NONE',  ( -0.000000000000000000, -1.000000000000000000, 0.000000000000000000 ) ) ;
#1966 = EDGE_CURVE ( 'NONE', #3985, #6034, #3335, .T. ) ;
#1967 = CARTESIAN_POINT ( 'NONE',  ( -58.06078049401645558, 38.24984747843461008, 40.13325147614870758 ) ) ;
#1968 = FACE_OUTER_BOUND ( 'NONE', #4225, .T. ) ;
#1969 = DIRECTION ( 'NONE',  ( 0.000000000000000000, 0.5735764363510470476, -0.8191520442889911324 ) ) ;
#1970 = CARTESIAN_POINT ( 'NONE',  ( -57.99336309463737393, 36.68259555675408734, 42.54568411613967527 ) ) ;
#1971 = CARTESIAN_POINT ( 'NONE',  ( -58.00056151607065402, 36.68587767429076507, 42.54079238828047949 ) ) ;
#1972 = CARTESIAN_POINT ( 'NONE',  ( 60.00000000000000000, 40.00000000000000711, -4.389543696378559900 ) ) ;
#1973 = CARTESIAN_POINT ( 'NONE',  ( -58.10083584517114730, 37.47022829303816138, 41.26618335744829835 ) ) ;
#1974 = ORIENTED_EDGE ( 'NONE', *, *, #732, .T. ) ;
#1975 = CARTESIAN_POINT ( 'NONE',  ( -58.04571931056734257, 39.42368643444455500, 37.95189421900366966 ) ) ;
#1976 = CARTESIAN_POINT ( 'NONE',  ( -31.00000000000000000, 32.00000000000000000, -54.15000000000000568 ) ) ;
#1977 = ORIENTED_EDGE ( 'NONE', *, *, #506, .F. ) ;
#1978 = CARTESIAN_POINT ( 'NONE',  ( -58.00980093880914268, 36.72572162219903191, 42.47996534898962295 ) ) ;
#1979 = B_SPLINE_SURFACE_WITH_KNOTS ( 'NONE', 3, 1, ( 
 ( #2304, #1905 ),
 ( #5399, #1936 ),
 ( #6486, #5872 ),
 ( #1349, #4436 ),
 ( #4935, #4867 ),
 ( #3380, #3440 ),
 ( #5969, #1807 ),
 ( #4838, #3973 ),
 ( #910, #1412 ),
 ( #5997, #1443 ),
 ( #1843, #319 ),
 ( #881, #2876 ),
 ( #1315, #4338 ),
 ( #3470, #2938 ),
 ( #412, #3882 ),
 ( #851, #2367 ),
 ( #2909, #6363 ),
 ( #3845, #3345 ) ),
 .UNSPECIFIED., .F., .F., .F.,
 ( 4, 2, 2, 2, 2, 2, 2, 2, 4 ),
 ( 2, 2 ),
 ( 0.000000000000000000, 0.1250000000000000000, 0.2500000000000000000, 0.3750000000000000000, 0.5000000000000000000, 0.6250000000000000000, 0.7500000000000000000, 0.8750000000000000000, 1.000000000000000000 ),
 ( 0.000000000000000000, 1.000000000000000000 ),
 .UNSPECIFIED. ) ;
#1980 = ADVANCED_FACE ( 'NONE', ( #3688 ), #5716, .F. ) ;
#1981 = CARTESIAN_POINT ( 'NONE',  ( -37.50000000000000711, 43.15848793143913298, 36.78291574291202437 ) ) ;
#1982 = LINE ( 'NONE', #4516, #2373 ) ;
#1983 = CARTESIAN_POINT ( 'NONE',  ( -58.00709914792293631, 39.79846279123989206, 37.79703492856843638 ) ) ;
#1984 = EDGE_CURVE ( 'NONE', #538, #778, #1163, .T. ) ;
#1985 = CYLINDRICAL_SURFACE ( 'NONE', #4700, 3.599999999999998312 ) ;
#1986 = EDGE_LOOP ( 'NONE', ( #6538, #754, #4834, #3279, #5561, #6096, #1635 ) ) ;
#1987 = CARTESIAN_POINT ( 'NONE',  ( -59.26640550178574784, 36.13529130289123970, 43.13510728716436660 ) ) ;
#1988 = AXIS2_PLACEMENT_3D ( 'NONE', #1339, #3403, #2394 ) ;
#1989 = CARTESIAN_POINT ( 'NONE',  ( -63.52065792321464954, 32.00000000000000000, -57.05000000000001137 ) ) ;
#1990 = CARTESIAN_POINT ( 'NONE',  ( 23.00000000000001421, 32.00000000000000000, -44.82500000000000995 ) ) ;
#1991 = PLANE ( 'NONE',  #1932 ) ;
#1992 = PLANE ( 'NONE',  #905 ) ;
#1993 = CARTESIAN_POINT ( 'NONE',  ( -58.00184427454774294, 36.38592039521989108, 43.05573194161012651 ) ) ;
#1994 = EDGE_CURVE ( 'NONE', #5830, #4938, #3761, .T. ) ;
#1995 = VERTEX_POINT ( 'NONE', #3226 ) ;
#1996 = VECTOR ( 'NONE', #304, 1000.000000000000114 ) ;
#1997 = LINE ( 'NONE', #569, #3890 ) ;
#1998 = CARTESIAN_POINT ( 'NONE',  ( -58.08578944375683761, 38.19483700905990275, 40.14670797752537368 ) ) ;
#1999 = DIRECTION ( 'NONE',  ( 0.000000000000000000, -0.000000000000000000, 1.000000000000000000 ) ) ;
#2000 = CARTESIAN_POINT ( 'NONE',  ( -60.00000000000000000, 34.00000000000000000, 37.80681039527355125 ) ) ;
#2001 = CARTESIAN_POINT ( 'NONE',  ( -57.99192970319923290, 36.88819848186236072, 42.23996427362528294 ) ) ;
#2002 = CARTESIAN_POINT ( 'NONE',  ( -58.01572275871926365, 36.52321197140813780, 42.79997903497018541 ) ) ;
#2003 = CARTESIAN_POINT ( 'NONE',  ( 23.00000000000001421, 36.00000000000000711, -46.15000000000001279 ) ) ;
#2004 = CARTESIAN_POINT ( 'NONE',  ( -58.15780505329637862, 37.38916317110755472, 41.30453163410680162 ) ) ;
#2005 = VERTEX_POINT ( 'NONE', #699 ) ;
#2006 = CARTESIAN_POINT ( 'NONE',  ( -58.02151728045522816, 39.53352845578573493, 38.16615029265616243 ) ) ;
#2007 = CARTESIAN_POINT ( 'NONE',  ( 58.95769593090204097, 36.47791219860095424, -6.389142824205216620 ) ) ;
#2008 = DIRECTION ( 'NONE',  ( 0.000000000000000000, -0.8191520442889912434, -0.5735764363510471586 ) ) ;
#2009 = CARTESIAN_POINT ( 'NONE',  ( -58.00684502401416864, 36.86284034717910885, 42.27717425641763072 ) ) ;
#2010 = VECTOR ( 'NONE', #4756, 1000.000000000000114 ) ;
#2011 = CARTESIAN_POINT ( 'NONE',  ( -57.98521939973132788, 36.70323842072078691, 42.51498935283502334 ) ) ;
#2012 = CARTESIAN_POINT ( 'NONE',  ( -57.99999999999999289, 63.54551899874132204, 4.180324369512664617 ) ) ;
#2013 = CARTESIAN_POINT ( 'NONE',  ( 60.00000000000000000, 34.00000000000000000, -57.15000000000000568 ) ) ;
#2014 = CARTESIAN_POINT ( 'NONE',  ( -58.01424118406777808, 39.69862251532843089, 37.82812804188429823 ) ) ;
#2015 = CIRCLE ( 'NONE', #3190, 3.000000000000002665 ) ;
#2016 = CARTESIAN_POINT ( 'NONE',  ( -71.01999999999998181, 32.00000000000000000, 49.55065792321466489 ) ) ;
#2017 = ORIENTED_EDGE ( 'NONE', *, *, #1718, .F. ) ;
#2018 = CARTESIAN_POINT ( 'NONE',  ( -58.05062612879690676, 36.99889565049785745, 42.04923199831494429 ) ) ;
#2019 =( BOUNDED_CURVE ( )  B_SPLINE_CURVE ( 3, ( #2051, #30, #4114, #494 ),
 .UNSPECIFIED., .F., .F. ) 
 B_SPLINE_CURVE_WITH_KNOTS ( ( 4, 4 ),
 ( 4.712388980384690562, 6.283185307179586232 ),
 .UNSPECIFIED. ) 
 CURVE ( )  GEOMETRIC_REPRESENTATION_ITEM ( )  RATIONAL_B_SPLINE_CURVE ( ( 1.000000000000000000, 0.8047378541243652705, 0.8047378541243652705, 1.000000000000000000 ) ) 
 REPRESENTATION_ITEM ( '' )  );
#2020 = ADVANCED_FACE ( 'NONE', ( #2728 ), #204, .F. ) ;
#2021 = DIRECTION ( 'NONE',  ( -1.000000000000000000, 0.000000000000000000, 0.000000000000000000 ) ) ;
#2022 = FACE_OUTER_BOUND ( 'NONE', #5292, .T. ) ;
#2023 = CARTESIAN_POINT ( 'NONE',  ( 59.91156166437016850, 37.26763150234716448, 39.33190263726230995 ) ) ;
#2024 = DIRECTION ( 'NONE',  ( 0.000000000000000000, 0.000000000000000000, 1.000000000000000000 ) ) ;
#2025 = ORIENTED_EDGE ( 'NONE', *, *, #1221, .F. ) ;
#2026 = VECTOR ( 'NONE', #3798, 1000.000000000000000 ) ;
#2027 = VECTOR ( 'NONE', #6239, 1000.000000000000000 ) ;
#2028 = EDGE_CURVE ( 'NONE', #1422, #3561, #4195, .T. ) ;
#2029 = CARTESIAN_POINT ( 'NONE',  ( -58.00003475105403794, 36.68342578844319490, 42.54444956558092628 ) ) ;
#2030 = ORIENTED_EDGE ( 'NONE', *, *, #3721, .F. ) ;
#2031 = VECTOR ( 'NONE', #75, 1000.000000000000000 ) ;
#2032 = DIRECTION ( 'NONE',  ( 0.000000000000000000, 0.000000000000000000, -1.000000000000000000 ) ) ;
#2033 = EDGE_CURVE ( 'NONE', #1319, #2303, #271, .T. ) ;
#2034 = CARTESIAN_POINT ( 'NONE',  ( -58.05796819110232576, 38.61501665907691461, 39.54803324490464433 ) ) ;
#2035 = FACE_OUTER_BOUND ( 'NONE', #5921, .T. ) ;
#2036 = CARTESIAN_POINT ( 'NONE',  ( -58.06012759274854318, 34.00000000000000000, 42.78059757775795902 ) ) ;
#2037 = CARTESIAN_POINT ( 'NONE',  ( -58.30975267424837227, 37.06925921549652969, 41.63241273230851647 ) ) ;
#2038 = CARTESIAN_POINT ( 'NONE',  ( -58.07166480625306093, 36.12210765297302117, 43.77904196502645107 ) ) ;
#2039 = CARTESIAN_POINT ( 'NONE',  ( -57.99999999999999289, 39.31595971334866846, -6.766869544710392148 ) ) ;
#2040 = CARTESIAN_POINT ( 'NONE',  ( -58.06543216881505032, 37.49406157477830703, 41.28606325470263982 ) ) ;
#2041 = ORIENTED_EDGE ( 'NONE', *, *, #1942, .F. ) ;
#2042 = CARTESIAN_POINT ( 'NONE',  ( -58.03024781619899386, 39.40441852833777148, 38.32742711634217869 ) ) ;
#2043 = CARTESIAN_POINT ( 'NONE',  ( 56.43774313737436188, 46.25824894800437903, -5.826324426971696724 ) ) ;
#2044 = CARTESIAN_POINT ( 'NONE',  ( 57.99999999999999289, 31.99000000000000554, 44.78059757775796612 ) ) ;
#2045 = CARTESIAN_POINT ( 'NONE',  ( -58.00884395136635163, 36.74134593202705901, 42.45693407859344148 ) ) ;
#2046 = CARTESIAN_POINT ( 'NONE',  ( -57.98496576947565728, 36.69002698778209748, 42.53463400135000683 ) ) ;
#2047 = DIRECTION ( 'NONE',  ( 0.000000000000000000, -0.000000000000000000, -1.000000000000000000 ) ) ;
#2048 = DIRECTION ( 'NONE',  ( 0.000000000000000000, -0.5735764363510470476, 0.8191520442889911324 ) ) ;
#2049 = CARTESIAN_POINT ( 'NONE',  ( -58.33578151632681141, 38.35891645054658738, 37.87929455911042709 ) ) ;
#2050 = EDGE_CURVE ( 'NONE', #1811, #2327, #768, .T. ) ;
#2051 = CARTESIAN_POINT ( 'NONE',  ( 62.00000000000000000, 38.00000000000000711, 37.80681039527357967 ) ) ;
#2052 = DIRECTION ( 'NONE',  ( 0.000000000000000000, 0.8191520442889909104, 0.5735764363510474917 ) ) ;
#2053 = CARTESIAN_POINT ( 'NONE',  ( -58.51039583989491888, 36.69017318729577681, 42.13469324780725600 ) ) ;
#2054 = AXIS2_PLACEMENT_3D ( 'NONE', #1522, #4082, #2080 ) ;
#2055 = LINE ( 'NONE', #3555, #5395 ) ;
#2056 = DIRECTION ( 'NONE',  ( 0.000000000000000000, 1.000000000000000000, 0.000000000000000000 ) ) ;
#2057 = DIRECTION ( 'NONE',  ( 0.000000000000000000, -0.000000000000000000, 1.000000000000000000 ) ) ;
#2058 = CARTESIAN_POINT ( 'NONE',  ( 70.05933982822018891, 35.00000000000000000, 56.08933982822016162 ) ) ;
#2059 = ORIENTED_EDGE ( 'NONE', *, *, #3981, .F. ) ;
#2060 = CARTESIAN_POINT ( 'NONE',  ( -57.99976808877277534, 36.68259555675408734, 42.54568411613967527 ) ) ;
#2061 = VERTEX_POINT ( 'NONE', #1691 ) ;
#2062 = EDGE_CURVE ( 'NONE', #4934, #1027, #2723, .T. ) ;
#2063 = CARTESIAN_POINT ( 'NONE',  ( -11.26664715917113746, 35.42862181289986978, -12.15000000000000568 ) ) ;
#2064 = EDGE_CURVE ( 'NONE', #3985, #2005, #2153, .T. ) ;
#2065 = CARTESIAN_POINT ( 'NONE',  ( -58.59264085931528143, 37.57669792155274280, 39.69744355228175436 ) ) ;
#2066 = CARTESIAN_POINT ( 'NONE',  ( 23.00000000000001421, 32.00000000000000000, -20.15000000000000213 ) ) ;
#2067 = AXIS2_PLACEMENT_3D ( 'NONE', #2344, #3477, #947 ) ;
#2068 = FACE_OUTER_BOUND ( 'NONE', #4054, .T. ) ;
#2069 = CARTESIAN_POINT ( 'NONE',  ( -57.92441659045256586, 37.69582922152532944, 41.18232678370849698 ) ) ;
#2070 = CARTESIAN_POINT ( 'NONE',  ( -58.00213261493667005, 36.62128334497726456, 42.63948682700453219 ) ) ;
#2071 = DIRECTION ( 'NONE',  ( 0.000000000000000000, 0.8191520442889909104, 0.5735764363510474917 ) ) ;
#2072 = CARTESIAN_POINT ( 'NONE',  ( -58.06829359828116566, 37.48732746959154838, 41.29184267309847201 ) ) ;
#2073 = VERTEX_POINT ( 'NONE', #3223 ) ;
#2074 = CARTESIAN_POINT ( 'NONE',  ( -58.02622373474758888, 39.43317941784498259, 38.31863520327063810 ) ) ;
#2075 = CARTESIAN_POINT ( 'NONE',  ( 57.04230406909796613, 36.47791219860096135, -6.389142824205215732 ) ) ;
#2076 = SPHERICAL_SURFACE ( 'NONE', #3495, 2.000000000000000000 ) ;
#2077 = CARTESIAN_POINT ( 'NONE',  ( -58.30058443499859067, 36.26176942731962782, 43.30494852700554986 ) ) ;
#2078 = CARTESIAN_POINT ( 'NONE',  ( -57.98106090125168066, 36.70323842072078691, 42.51498935283502334 ) ) ;
#2079 = CARTESIAN_POINT ( 'NONE',  ( -36.00000000000000000, 58.30090585110679058, 15.15730177368267206 ) ) ;
#2080 = DIRECTION ( 'NONE',  ( 0.000000000000000000, 0.5735764363510470476, -0.8191520442889911324 ) ) ;
#2081 = CARTESIAN_POINT ( 'NONE',  ( -58.01007228428208151, 39.74678147794439553, 37.85849137872428827 ) ) ;
#2082 = CARTESIAN_POINT ( 'NONE',  ( -62.00000000000000000, 32.00000000000000000, -6.883067321740155897 ) ) ;
#2083 = CARTESIAN_POINT ( 'NONE',  ( -12.49999999999998401, 32.00000000000000000, -46.82500000000000995 ) ) ;
#2084 = CARTESIAN_POINT ( 'NONE',  ( -58.11999735623554386, 36.90179219390774534, 42.14225096740992171 ) ) ;
#2085 = EDGE_CURVE ( 'NONE', #182, #5860, #4360, .T. ) ;
#2086 = DIRECTION ( 'NONE',  ( -3.304235192336776005E-16, 0.000000000000000000, -1.000000000000000000 ) ) ;
#2087 = LINE ( 'NONE', #661, #6321 ) ;
#2088 = DIRECTION ( 'NONE',  ( -0.000000000000000000, 0.000000000000000000, -1.000000000000000000 ) ) ;
#2089 = CARTESIAN_POINT ( 'NONE',  ( -12.49999999999998401, 32.00000000000000000, -51.47500000000001563 ) ) ;
#2090 = ORIENTED_EDGE ( 'NONE', *, *, #371, .T. ) ;
#2091 = VECTOR ( 'NONE', #5053, 1000.000000000000114 ) ;
#2092 = ORIENTED_EDGE ( 'NONE', *, *, #691, .F. ) ;
#2093 = CARTESIAN_POINT ( 'NONE',  ( -57.85329442300736247, 38.84583645667783713, 39.83371737231794896 ) ) ;
#2094 = CARTESIAN_POINT ( 'NONE',  ( -62.00000000000001421, 38.00000000000000711, 41.89196034566926841 ) ) ;
#2095 = CARTESIAN_POINT ( 'NONE',  ( 58.53028186478747585, 36.72339182285184478, 42.48629183234262996 ) ) ;
#2096 = ORIENTED_EDGE ( 'NONE', *, *, #6405, .F. ) ;
#2097 = EDGE_CURVE ( 'NONE', #1881, #2125, #219, .T. ) ;
#2098 = CARTESIAN_POINT ( 'NONE',  ( -58.05470204515658139, 37.41901275686699790, 41.41502448786438606 ) ) ;
#2099 = VECTOR ( 'NONE', #5048, 999.9999999999998863 ) ;
#2100 = CARTESIAN_POINT ( 'NONE',  ( -58.00125009760929373, 36.66013615608092380, 42.57937308443294455 ) ) ;
#2101 = ADVANCED_FACE ( 'NONE', ( #2255 ), #2751, .F. ) ;
#2102 = DIRECTION ( 'NONE',  ( 0.000000000000000000, 1.000000000000000000, -0.000000000000000000 ) ) ;
#2103 = CARTESIAN_POINT ( 'NONE',  ( -57.90587466886395163, 37.90670618708130490, 40.92901213948533723 ) ) ;
#2104 = EDGE_LOOP ( 'NONE', ( #2151, #4320, #891, #2950 ) ) ;
#2105 = CARTESIAN_POINT ( 'NONE',  ( -59.67819417559960016, 36.71166204368941521, 38.31625918119306817 ) ) ;
#2106 = CARTESIAN_POINT ( 'NONE',  ( 60.00000000000001421, 46.25824894800437903, -4.700734922224746093 ) ) ;
#2107 = AXIS2_PLACEMENT_3D ( 'NONE', #23, #456, #1582 ) ;
#2108 = CARTESIAN_POINT ( 'NONE',  ( 62.00000000000000000, 32.00000000000000000, -57.15000000000000568 ) ) ;
#2109 = CARTESIAN_POINT ( 'NONE',  ( -58.00366338058810101, 36.71659531347378902, 42.49477297450408741 ) ) ;
#2110 = CARTESIAN_POINT ( 'NONE',  ( -57.98431078851632492, 36.83535275010762433, 42.31854286768520268 ) ) ;
#2111 = CARTESIAN_POINT ( 'NONE',  ( -70.43535897468470353, 38.00000000000000711, -57.36535897468449008 ) ) ;
#2112 = DIRECTION ( 'NONE',  ( 0.000000000000000000, 0.000000000000000000, 1.000000000000000000 ) ) ;
#2113 = CARTESIAN_POINT ( 'NONE',  ( -58.01684895785300711, 39.67067793928154629, 37.82935566057930288 ) ) ;
#2114 = EDGE_CURVE ( 'NONE', #3310, #331, #2830, .T. ) ;
#2115 = DIRECTION ( 'NONE',  ( 1.000000000000000000, 0.000000000000000000, 0.000000000000000000 ) ) ;
#2116 = ADVANCED_FACE ( 'NONE', ( #6445 ), #1369, .F. ) ;
#2117 = EDGE_LOOP ( 'NONE', ( #642, #5368, #2429, #3850 ) ) ;
#2118 = CARTESIAN_POINT ( 'NONE',  ( -58.03555525243456259, 36.83213889510039962, 42.31021557484521622 ) ) ;
#2119 = DIRECTION ( 'NONE',  ( 0.000000000000000000, 0.000000000000000000, 1.000000000000000000 ) ) ;
#2120 = CARTESIAN_POINT ( 'NONE',  ( -59.58285811917702546, 36.78548716499065563, 37.76263127261985630 ) ) ;
#2121 = AXIS2_PLACEMENT_3D ( 'NONE', #2756, #4681, #5743 ) ;
#2122 = DIRECTION ( 'NONE',  ( 1.119176436114069332E-16, 0.000000000000000000, 1.000000000000000000 ) ) ;
#2123 = FACE_OUTER_BOUND ( 'NONE', #3972, .T. ) ;
#2124 = EDGE_LOOP ( 'NONE', ( #4353, #5233, #2202, #2363 ) ) ;
#2125 = VERTEX_POINT ( 'NONE', #5854 ) ;
#2126 = DIRECTION ( 'NONE',  ( -0.000000000000000000, 1.000000000000000000, -0.000000000000000000 ) ) ;
#2127 = CARTESIAN_POINT ( 'NONE',  ( -57.95296720515534616, 38.14869667935182918, 40.52477469891859840 ) ) ;
#2128 = CIRCLE ( 'NONE', #1821, 1.549999999999995826 ) ;
#2129 = LINE ( 'NONE', #3735, #305 ) ;
#2130 = EDGE_CURVE ( 'NONE', #6283, #3244, #4462, .T. ) ;
#2131 = ORIENTED_EDGE ( 'NONE', *, *, #6383, .T. ) ;
#2132 = CARTESIAN_POINT ( 'NONE',  ( -58.10181345896258875, 37.36794221939736360, 41.42544140295740362 ) ) ;
#2133 = CARTESIAN_POINT ( 'NONE',  ( -58.00022759458958177, 36.68127246149820309, 42.54764766477669724 ) ) ;
#2134 = CIRCLE ( 'NONE', #2454, 3.000000000000002665 ) ;
#2135 = CARTESIAN_POINT ( 'NONE',  ( -57.99999999999999289, 38.00000000000000711, 44.78059757775795191 ) ) ;
#2136 = CARTESIAN_POINT ( 'NONE',  ( -58.07452996595696249, 37.44047348415332266, 41.35378877077547344 ) ) ;
#2137 = EDGE_LOOP ( 'NONE', ( #2815, #1778, #149, #2194 ) ) ;
#2138 = CARTESIAN_POINT ( 'NONE',  ( -58.01323091762025541, 39.60655150777500921, 38.13951329518832267 ) ) ;
#2139 = LINE ( 'NONE', #2814, #1500 ) ;
#2140 = ORIENTED_EDGE ( 'NONE', *, *, #3910, .F. ) ;
#2141 = DIRECTION ( 'NONE',  ( 0.000000000000000000, 0.000000000000000000, 1.000000000000000000 ) ) ;
#2142 = ADVANCED_FACE ( 'NONE', ( #6414 ), #6155, .T. ) ;
#2143 = CARTESIAN_POINT ( 'NONE',  ( -58.16449931211912627, 36.12338359415437594, 43.76546942533942541 ) ) ;
#2144 = CARTESIAN_POINT ( 'NONE',  ( -57.98061404175278710, 36.68507270043009072, 42.54200074454311675 ) ) ;
#2145 = CARTESIAN_POINT ( 'NONE',  ( 23.00000000000001421, 36.00000000000000711, -20.15000000000000213 ) ) ;
#2146 = CIRCLE ( 'NONE', #135, 4.925000000000013145 ) ;
#2147 = LINE ( 'NONE', #3082, #5133 ) ;
#2148 = CARTESIAN_POINT ( 'NONE',  ( -58.01376235441741613, 39.69913124673259830, 37.86526071062302634 ) ) ;
#2149 = ADVANCED_FACE ( 'NONE', ( #1892 ), #3398, .F. ) ;
#2150 = CARTESIAN_POINT ( 'NONE',  ( -71.01999999999998181, 35.00000000000000000, 49.55065792321466489 ) ) ;
#2151 = ORIENTED_EDGE ( 'NONE', *, *, #6454, .T. ) ;
#2152 = CARTESIAN_POINT ( 'NONE',  ( -58.05220123721944958, 36.89940812040252638, 42.19715690777458406 ) ) ;
#2153 = LINE ( 'NONE', #6346, #3185 ) ;
#2154 = CARTESIAN_POINT ( 'NONE',  ( -58.00450422064550082, 39.84693053300880194, 37.72458197749537590 ) ) ;
#2155 = CARTESIAN_POINT ( 'NONE',  ( 37.49999999999999289, 60.44820624255923747, 8.603745408637212932 ) ) ;
#2156 = CARTESIAN_POINT ( 'NONE',  ( 58.60824525902426529, 37.86786953211753115, -6.542315620406760956 ) ) ;
#2157 = DIRECTION ( 'NONE',  ( 0.000000000000000000, 0.000000000000000000, 1.000000000000000000 ) ) ;
#2158 = VERTEX_POINT ( 'NONE', #5477 ) ;
#2159 = EDGE_LOOP ( 'NONE', ( #3574, #2131, #5360, #1035 ) ) ;
#2160 = CARTESIAN_POINT ( 'NONE',  ( -12.49999999999998401, 32.00000000000000000, -50.15000000000001279 ) ) ;
#2161 = DIRECTION ( 'NONE',  ( 1.000000000000000000, 0.000000000000000000, 0.000000000000000000 ) ) ;
#2162 = DIRECTION ( 'NONE',  ( 0.000000000000000000, 0.000000000000000000, -1.000000000000000000 ) ) ;
#2163 = ORIENTED_EDGE ( 'NONE', *, *, #2114, .F. ) ;
#2164 = CARTESIAN_POINT ( 'NONE',  ( -59.58356348888410992, 36.17366511645877125, 42.53668614899670075 ) ) ;
#2165 = CARTESIAN_POINT ( 'NONE',  ( -58.00034904204010644, 36.68215644512144991, 42.54633175314269522 ) ) ;
#2166 = EDGE_CURVE ( 'NONE', #3812, #5731, #5958, .T. ) ;
#2167 = DIRECTION ( 'NONE',  ( -1.000000000000000000, 0.000000000000000000, -0.000000000000000000 ) ) ;
#2168 = CARTESIAN_POINT ( 'NONE',  ( -59.20262362907143228, 36.39460283463654378, 42.04489043480329258 ) ) ;
#2169 = CIRCLE ( 'NONE', #59, 1.599999999999997202 ) ;
#2170 = ORIENTED_EDGE ( 'NONE', *, *, #691, .T. ) ;
#2171 = CARTESIAN_POINT ( 'NONE',  ( -58.03318789937996769, 39.31559537640048774, 38.47861131910263310 ) ) ;
#2172 = CARTESIAN_POINT ( 'NONE',  ( -59.96796821861452287, 36.54617926119228599, 38.74440384108142155 ) ) ;
#2173 = VERTEX_POINT ( 'NONE', #3865 ) ;
#2174 = CARTESIAN_POINT ( 'NONE',  ( 58.53028186478747585, 36.72339182285184478, 42.48629183234262996 ) ) ;
#2175 = LINE ( 'NONE', #1681, #5418 ) ;
#2176 = CARTESIAN_POINT ( 'NONE',  ( -58.00246459612078098, 36.73845067739931380, 42.46246665561042732 ) ) ;
#2177 = VECTOR ( 'NONE', #5714, 999.9999999999998863 ) ;
#2178 = CARTESIAN_POINT ( 'NONE',  ( -63.52065792321464954, 32.00000000000000000, 57.05000000000000426 ) ) ;
#2179 = CARTESIAN_POINT ( 'NONE',  ( -57.99999999999999289, 66.67882181755236104, 3.192397785550443956 ) ) ;
#2180 = CARTESIAN_POINT ( 'NONE',  ( -58.02120522657405388, 39.61662697714009340, 37.90614194493768707 ) ) ;
#2181 = VECTOR ( 'NONE', #1057, 1000.000000000000000 ) ;
#2182 = DIRECTION ( 'NONE',  ( 0.000000000000000000, -0.000000000000000000, 1.000000000000000000 ) ) ;
#2183 = CARTESIAN_POINT ( 'NONE',  ( -37.50000000000000711, 38.57157649425474233, 31.12957659985977088 ) ) ;
#2184 = CARTESIAN_POINT ( 'NONE',  ( -58.04619518661940702, 36.81628327115492993, 42.32814293674835682 ) ) ;
#2185 = EDGE_CURVE ( 'NONE', #2346, #786, #1399, .T. ) ;
#2186 = CARTESIAN_POINT ( 'NONE',  ( 59.94794535295574889, 39.57117737012394798, 39.33191960147368604 ) ) ;
#2187 = VECTOR ( 'NONE', #755, 1000.000000000000000 ) ;
#2188 = ADVANCED_FACE ( 'NONE', ( #5350 ), #2354, .F. ) ;
#2189 = CYLINDRICAL_SURFACE ( 'NONE', #278, 7.600000000000002309 ) ;
#2190 = CARTESIAN_POINT ( 'NONE',  ( 57.99999999999999289, 31.99000000000000554, -6.646254786282211668 ) ) ;
#2191 = DIRECTION ( 'NONE',  ( 0.000000000000000000, -0.000000000000000000, 1.000000000000000000 ) ) ;
#2192 = ORIENTED_EDGE ( 'NONE', *, *, #2033, .F. ) ;
#2193 = CARTESIAN_POINT ( 'NONE',  ( 23.00000000000001421, 34.40000000000000568, -20.15000000000000213 ) ) ;
#2194 = ORIENTED_EDGE ( 'NONE', *, *, #1784, .T. ) ;
#2195 = CARTESIAN_POINT ( 'NONE',  ( -58.02920404917911412, 36.56250135595579565, 42.78111772891448084 ) ) ;
#2196 = FACE_OUTER_BOUND ( 'NONE', #4703, .T. ) ;
#2197 = CARTESIAN_POINT ( 'NONE',  ( 23.00000000000001421, 32.00000000000000000, -18.82500000000000284 ) ) ;
#2198 = ORIENTED_EDGE ( 'NONE', *, *, #4731, .F. ) ;
#2199 = EDGE_CURVE ( 'NONE', #301, #4868, #203, .T. ) ;
#2200 = CARTESIAN_POINT ( 'NONE',  ( -57.96347398964664421, 37.52310958625251658, 41.37380811145015258 ) ) ;
#2201 = CARTESIAN_POINT ( 'NONE',  ( -58.00068911284753170, 36.67322492160789693, 42.55961735614813790 ) ) ;
#2202 = ORIENTED_EDGE ( 'NONE', *, *, #6174, .F. ) ;
#2203 = CARTESIAN_POINT ( 'NONE',  ( -58.52369317611788802, 38.00000000000000711, 44.78059757775431393 ) ) ;
#2204 = CARTESIAN_POINT ( 'NONE',  ( -58.06944455899343893, 37.41733459831021236, 41.39670436051548563 ) ) ;
#2205 = EDGE_LOOP ( 'NONE', ( #2708, #4435, #4426, #848 ) ) ;
#2206 = CARTESIAN_POINT ( 'NONE',  ( -58.05138304947267613, 39.14790330284299813, 38.64005583792493326 ) ) ;
#2207 = LINE ( 'NONE', #1213, #15 ) ;
#2208 = ORIENTED_EDGE ( 'NONE', *, *, #6405, .T. ) ;
#2209 = DIRECTION ( 'NONE',  ( 0.000000000000000000, -0.8191520442889912434, -0.5735764363510471586 ) ) ;
#2210 = DIRECTION ( 'NONE',  ( 0.000000000000000000, 0.000000000000000000, -1.000000000000000000 ) ) ;
#2211 = CARTESIAN_POINT ( 'NONE',  ( -58.08617728283910964, 36.39354446660691877, 43.03252272453196525 ) ) ;
#2212 = LINE ( 'NONE', #2821, #4306 ) ;
#2213 = CIRCLE ( 'NONE', #846, 2.000000000000001776 ) ;
#2214 = CYLINDRICAL_SURFACE ( 'NONE', #1603, 3.325000000000001510 ) ;
#2215 = PRODUCT_CONTEXT ( 'NONE', #5691, 'mechanical' ) ;
#2216 = CARTESIAN_POINT ( 'NONE',  ( -58.00665962838237988, 39.77038839270156245, 37.90679124229645680 ) ) ;
#2217 = CARTESIAN_POINT ( 'NONE',  ( -36.00000000000000000, 39.86573472088564785, 32.76822069915220936 ) ) ;
#2218 = PLANE ( 'NONE',  #3033 ) ;
#2219 = CARTESIAN_POINT ( 'NONE',  ( -58.03142410801879691, 36.95675827942292813, 42.12599108069230880 ) ) ;
#2220 = CARTESIAN_POINT ( 'NONE',  ( 61.89589070591154041, 38.00000000000000711, 39.63218443946628611 ) ) ;
#2221 = CARTESIAN_POINT ( 'NONE',  ( -58.00156096581238074, 39.89537365817298564, 37.73290751584536196 ) ) ;
#2222 = CARTESIAN_POINT ( 'NONE',  ( -12.49999999999998401, 36.00000000000000711, -50.15000000000001279 ) ) ;
#2223 = CARTESIAN_POINT ( 'NONE',  ( 71.11999999999999034, 32.00000000000000000, -57.15000000000000568 ) ) ;
#2224 = ORIENTED_EDGE ( 'NONE', *, *, #4585, .F. ) ;
#2225 = CARTESIAN_POINT ( 'NONE',  ( -58.89708958083837587, 34.00000000000000000, 42.06542376202308731 ) ) ;
#2226 = EDGE_CURVE ( 'NONE', #6530, #4477, #2213, .T. ) ;
#2227 = ORIENTED_EDGE ( 'NONE', *, *, #712, .T. ) ;
#2228 = AXIS2_PLACEMENT_3D ( 'NONE', #2293, #1126, #5750 ) ;
#2229 = CARTESIAN_POINT ( 'NONE',  ( 56.64227611712735921, 36.93254169545974008, -6.064326620828359715 ) ) ;
#2230 = DIRECTION ( 'NONE',  ( -0.000000000000000000, 0.8191520442889907994, 0.5735764363510474917 ) ) ;
#2231 = EDGE_CURVE ( 'NONE', #6367, #6066, #925, .T. ) ;
#2232 = CARTESIAN_POINT ( 'NONE',  ( 0.000000000000000000, 35.00000000000000000, -62.15000000000000568 ) ) ;
#2233 = ORIENTED_EDGE ( 'NONE', *, *, #4650, .F. ) ;
#2234 = CARTESIAN_POINT ( 'NONE',  ( -58.05370155965272971, 37.23054083233797229, 41.69845003066372158 ) ) ;
#2235 = CARTESIAN_POINT ( 'NONE',  ( -58.00004127494005957, 36.78251216852314798, 42.39711375728762732 ) ) ;
#2236 = ORIENTED_EDGE ( 'NONE', *, *, #2393, .T. ) ;
#2237 = CARTESIAN_POINT ( 'NONE',  ( -61.49514555417875528, 38.00000000000000711, 41.31894198223444903 ) ) ;
#2238 = CARTESIAN_POINT ( 'NONE',  ( -58.08375502388382472, 37.39348843724981464, 41.41213527518254267 ) ) ;
#2239 = ORIENTED_EDGE ( 'NONE', *, *, #3165, .F. ) ;
#2240 = CARTESIAN_POINT ( 'NONE',  ( -58.15018316480099969, 38.77053582250458419, 38.66311145365617818 ) ) ;
#2241 = CARTESIAN_POINT ( 'NONE',  ( -59.73487730006367968, 36.54005130820009128, 40.13400868967509894 ) ) ;
#2242 = ORIENTED_EDGE ( 'NONE', *, *, #2623, .F. ) ;
#2243 = LINE ( 'NONE', #4343, #5934 ) ;
#2244 = CARTESIAN_POINT ( 'NONE',  ( 58.27961445270084795, 34.00000000000000000, -6.646254786282210780 ) ) ;
#2245 = CARTESIAN_POINT ( 'NONE',  ( -57.99576611408782156, 36.72966128659815155, 42.47570005580505637 ) ) ;
#2246 = AXIS2_PLACEMENT_3D ( 'NONE', #4376, #4439, #6462 ) ;
#2247 = CARTESIAN_POINT ( 'NONE',  ( -58.00106194004462168, 36.70593994968438523, 42.51092837480520359 ) ) ;
#2248 = DIRECTION ( 'NONE',  ( 0.000000000000000000, 0.000000000000000000, 1.000000000000000000 ) ) ;
#2249 = CARTESIAN_POINT ( 'NONE',  ( -70.43535897468416351, 38.00000000000000711, 55.81535897468440766 ) ) ;
#2250 = VECTOR ( 'NONE', #5554, 1000.000000000000114 ) ;
#2251 = CARTESIAN_POINT ( 'NONE',  ( -58.19707766294565943, 38.79466788901250851, 37.90188253646626748 ) ) ;
#2252 = DIRECTION ( 'NONE',  ( -0.000000000000000000, -0.5735764363510491570, 0.8191520442889895781 ) ) ;
#2253 = LINE ( 'NONE', #765, #3902 ) ;
#2254 = CARTESIAN_POINT ( 'NONE',  ( -58.00936777469387806, 36.95753999771378062, 42.13733571524866051 ) ) ;
#2255 = FACE_OUTER_BOUND ( 'NONE', #2788, .T. ) ;
#2256 = CARTESIAN_POINT ( 'NONE',  ( -58.02798237121399438, 39.56805062440118803, 37.74214789708076268 ) ) ;
#2257 = DIRECTION ( 'NONE',  ( 0.000000000000000000, 0.000000000000000000, 1.000000000000000000 ) ) ;
#2258 = DIRECTION ( 'NONE',  ( 0.000000000000000000, 0.000000000000000000, 1.000000000000000000 ) ) ;
#2259 = ORIENTED_EDGE ( 'NONE', *, *, #4955, .T. ) ;
#2260 = ORIENTED_EDGE ( 'NONE', *, *, #428, .F. ) ;
#2261 = CARTESIAN_POINT ( 'NONE',  ( -58.17491282069919833, 36.56250135595580275, 42.74038898032974743 ) ) ;
#2262 = DIRECTION ( 'NONE',  ( 1.000000000000000000, -0.000000000000000000, -1.119176436114068839E-16 ) ) ;
#2263 = DIRECTION ( 'NONE',  ( 0.000000000000000000, -0.5735764363510470476, 0.8191520442889911324 ) ) ;
#2264 = ORIENTED_EDGE ( 'NONE', *, *, #4224, .T. ) ;
#2265 = CARTESIAN_POINT ( 'NONE',  ( -58.03607795794579971, 37.33520822196537381, 41.56327244462242732 ) ) ;
#2266 = CARTESIAN_POINT ( 'NONE',  ( -58.00013672416501009, 36.68182486411417642, 42.54682949205665210 ) ) ;
#2267 = EDGE_CURVE ( 'NONE', #1319, #2061, #1047, .T. ) ;
#2268 = AXIS2_PLACEMENT_3D ( 'NONE', #5585, #4031, #1470 ) ;
#2269 = ORIENTED_EDGE ( 'NONE', *, *, #6279, .T. ) ;
#2270 = CARTESIAN_POINT ( 'NONE',  ( -59.04699154131689198, 38.00000000000000711, 44.59908856111189834 ) ) ;
#2271 = ORIENTED_EDGE ( 'NONE', *, *, #2267, .F. ) ;
#2272 = ADVANCED_FACE ( 'NONE', ( #2448 ), #5404, .T. ) ;
#2273 = CARTESIAN_POINT ( 'NONE',  ( -59.72534042752822359, 36.66371593324130629, 38.68845778255161605 ) ) ;
#2274 = DIRECTION ( 'NONE',  ( 0.000000000000000000, -0.9396926207859080948, -0.3420201433256696011 ) ) ;
#2275 = EDGE_LOOP ( 'NONE', ( #3410, #3964, #2982, #613 ) ) ;
#2276 = CARTESIAN_POINT ( 'NONE',  ( 58.38272937497814752, 36.63517744309093871, 42.61675624612127677 ) ) ;
#2277 = CARTESIAN_POINT ( 'NONE',  ( -57.99793222422999150, 36.78250701835288794, 42.39712146174513663 ) ) ;
#2278 = CARTESIAN_POINT ( 'NONE',  ( -58.00733357388008926, 36.65126776778458861, 42.59240075781422519 ) ) ;
#2279 = CIRCLE ( 'NONE', #1864, 1.324999999999999734 ) ;
#2280 = CARTESIAN_POINT ( 'NONE',  ( 58.22571825045796601, 33.99999999999999289, 42.71508486560052376 ) ) ;
#2281 = CARTESIAN_POINT ( 'NONE',  ( 57.38422255867810406, 36.59725131697265255, -6.543021497067645242 ) ) ;
#2282 = ORIENTED_EDGE ( 'NONE', *, *, #4547, .F. ) ;
#2283 = CARTESIAN_POINT ( 'NONE',  ( -58.01080063891631511, 39.72962314376508886, 37.89321097413196071 ) ) ;
#2284 = AXIS2_PLACEMENT_3D ( 'NONE', #1664, #4690, #2157 ) ;
#2285 = VECTOR ( 'NONE', #594, 1000.000000000000000 ) ;
#2286 = CARTESIAN_POINT ( 'NONE',  ( -58.67653435413602381, 37.77309674775675319, 37.86114251922936091 ) ) ;
#2287 = VERTEX_POINT ( 'NONE', #2385 ) ;
#2288 = DIRECTION ( 'NONE',  ( 0.000000000000000000, 0.000000000000000000, -1.000000000000000000 ) ) ;
#2289 = CARTESIAN_POINT ( 'NONE',  ( -58.02294544411819999, 36.77695439726817739, 42.39908952387659014 ) ) ;
#2290 = DIRECTION ( 'NONE',  ( -0.000000000000000000, 1.000000000000000000, -0.000000000000000000 ) ) ;
#2291 = CARTESIAN_POINT ( 'NONE',  ( -58.01135475585662249, 39.73865736678694560, 37.73509676522478173 ) ) ;
#2292 = LINE ( 'NONE', #6350, #3423 ) ;
#2293 = CARTESIAN_POINT ( 'NONE',  ( 37.49999999999999289, 40.60246154483593273, 36.94640614105537679 ) ) ;
#2294 = EDGE_LOOP ( 'NONE', ( #3800, #748, #1977 ) ) ;
#2295 = EDGE_CURVE ( 'NONE', #6463, #1294, #3900, .T. ) ;
#2296 = VERTEX_POINT ( 'NONE', #5986 ) ;
#2297 = CARTESIAN_POINT ( 'NONE',  ( -58.45234804878063528, 36.56250135595579565, 42.56244670550448461 ) ) ;
#2298 = CARTESIAN_POINT ( 'NONE',  ( -60.00000000000000000, 39.59929847728922425, -5.782148936151223495 ) ) ;
#2299 = CARTESIAN_POINT ( 'NONE',  ( 58.49037383325192252, 40.03600000000001558, -6.595136940325256880 ) ) ;
#2300 = EDGE_LOOP ( 'NONE', ( #3624, #1135 ) ) ;
#2301 = CARTESIAN_POINT ( 'NONE',  ( -58.29555788854089116, 36.96892045264035431, 41.83949092969488248 ) ) ;
#2302 = CARTESIAN_POINT ( 'NONE',  ( -58.00023081521115387, 36.65977522667206046, 42.57993829831278276 ) ) ;
#2303 = VERTEX_POINT ( 'NONE', #4922 ) ;
#2304 = CARTESIAN_POINT ( 'NONE',  ( -57.99999999999999289, 34.00000000000000000, -6.646254786282208116 ) ) ;
#2305 = ORIENTED_EDGE ( 'NONE', *, *, #3871, .T. ) ;
#2306 = CARTESIAN_POINT ( 'NONE',  ( -58.01355511002343945, 39.44357396185036890, 38.43162228054440277 ) ) ;
#2307 = CARTESIAN_POINT ( 'NONE',  ( -36.00000000000000000, 43.96149494233060295, 35.63610288090744405 ) ) ;
#2308 = ORIENTED_EDGE ( 'NONE', *, *, #3162, .F. ) ;
#2309 = CARTESIAN_POINT ( 'NONE',  ( 60.34314575050761675, 33.99999999999999289, 44.78059757775795191 ) ) ;
#2310 = CARTESIAN_POINT ( 'NONE',  ( -57.99515906081494165, 36.57024669283823926, 42.72005711687571505 ) ) ;
#2311 = CARTESIAN_POINT ( 'NONE',  ( -58.00185641475739118, 36.69485600002637682, 42.52735398069467010 ) ) ;
#2312 = VECTOR ( 'NONE', #996, 1000.000000000000000 ) ;
#2313 = EDGE_CURVE ( 'NONE', #3772, #596, #1429, .T. ) ;
#2314 = CARTESIAN_POINT ( 'NONE',  ( 23.00000000000001421, 34.40000000000000568, -46.15000000000001279 ) ) ;
#2315 = ORIENTED_EDGE ( 'NONE', *, *, #5236, .F. ) ;
#2316 = CARTESIAN_POINT ( 'NONE',  ( -58.01319961911888612, 39.69945402571470083, 37.90248471845810485 ) ) ;
#2317 = PLANE ( 'NONE',  #5205 ) ;
#2318 = EDGE_CURVE ( 'NONE', #4926, #772, #5046, .T. ) ;
#2319 = ORIENTED_EDGE ( 'NONE', *, *, #3704, .F. ) ;
#2320 = CARTESIAN_POINT ( 'NONE',  ( 57.99999999999999289, 36.53589838487207686, 42.78059757775796612 ) ) ;
#2321 = CARTESIAN_POINT ( 'NONE',  ( -58.01414114154979984, 36.74173073051478156, 42.45463422241636664 ) ) ;
#2322 = DIRECTION ( 'NONE',  ( 0.000000000000000000, 0.5735764363510470476, -0.8191520442889911324 ) ) ;
#2323 = CARTESIAN_POINT ( 'NONE',  ( -59.58754466907203806, 36.78232150868534234, 37.78842955134896187 ) ) ;
#2324 = EDGE_CURVE ( 'NONE', #3886, #1659, #4519, .T. ) ;
#2325 = CARTESIAN_POINT ( 'NONE',  ( 56.09606936155744705, 42.03529114992222304, -3.648758299741465816 ) ) ;
#2326 = ORIENTED_EDGE ( 'NONE', *, *, #4560, .F. ) ;
#2327 = VERTEX_POINT ( 'NONE', #27 ) ;
#2328 = DIRECTION ( 'NONE',  ( -0.000000000000000000, -1.000000000000000000, 0.000000000000000000 ) ) ;
#2329 = CARTESIAN_POINT ( 'NONE',  ( -37.50000000000000711, 34.44182615252720581, 37.02747131874050268 ) ) ;
#2330 = DIRECTION ( 'NONE',  ( -3.304235192336775512E-16, 0.000000000000000000, -1.000000000000000000 ) ) ;
#2331 = ORIENTED_EDGE ( 'NONE', *, *, #6123, .F. ) ;
#2332 = CARTESIAN_POINT ( 'NONE',  ( -58.22687503244827667, 37.10717765749604524, 41.67813655431560704 ) ) ;
#2333 = AXIS2_PLACEMENT_3D ( 'NONE', #2639, #2713, #86 ) ;
#2334 = CARTESIAN_POINT ( 'NONE',  ( -58.00016472296378112, 36.67949816798948603, 42.55029024122180914 ) ) ;
#2335 = ORIENTED_EDGE ( 'NONE', *, *, #2199, .T. ) ;
#2336 = CARTESIAN_POINT ( 'NONE',  ( -14.25760394752680327, 35.26201308060837647, -12.14999999999999858 ) ) ;
#2337 = CARTESIAN_POINT ( 'NONE',  ( -58.04997886754336633, 38.99373860032311256, 38.94630111377143322 ) ) ;
#2338 = CARTESIAN_POINT ( 'NONE',  ( 71.01999999999998181, 32.00000000000000000, -49.55065792321467200 ) ) ;
#2339 = AXIS2_PLACEMENT_3D ( 'NONE', #3860, #5954, #2921 ) ;
#2340 = EDGE_LOOP ( 'NONE', ( #6411, #6484, #1598, #2737 ) ) ;
#2341 = DIRECTION ( 'NONE',  ( 1.000000000000000000, -0.000000000000000000, -0.000000000000000000 ) ) ;
#2342 = CARTESIAN_POINT ( 'NONE',  ( -57.99773445001355299, 36.71644985365946923, 42.49534470432004696 ) ) ;
#2343 = CARTESIAN_POINT ( 'NONE',  ( -58.00285424210004237, 36.66885141526380920, 42.56607580227903043 ) ) ;
#2344 = CARTESIAN_POINT ( 'NONE',  ( 23.00000000000001421, 32.00000000000000000, -20.15000000000000213 ) ) ;
#2345 = CARTESIAN_POINT ( 'NONE',  ( -58.09886841812743086, 37.54291219428910864, 41.15473670882211366 ) ) ;
#2346 = VERTEX_POINT ( 'NONE', #3018 ) ;
#2347 = CARTESIAN_POINT ( 'NONE',  ( -57.97982513848289443, 39.98228085506529084, 37.94440778821123672 ) ) ;
#2348 = AXIS2_PLACEMENT_3D ( 'NONE', #373, #4424, #2832 ) ;
#2349 = CARTESIAN_POINT ( 'NONE',  ( -73.11999999999999034, 38.00000000000000711, -62.15000000000000568 ) ) ;
#2350 = AXIS2_PLACEMENT_3D ( 'NONE', #4927, #3492, #2456 ) ;
#2351 = ORIENTED_EDGE ( 'NONE', *, *, #4182, .T. ) ;
#2352 = LINE ( 'NONE', #694, #3366 ) ;
#2353 = CARTESIAN_POINT ( 'NONE',  ( -58.04509808583635788, 36.67289481693642728, 42.54967350181457419 ) ) ;
#2354 = PLANE ( 'NONE',  #3929 ) ;
#2355 = CARTESIAN_POINT ( 'NONE',  ( -58.02962972258751506, 39.55473787823452625, 37.75937574955646880 ) ) ;
#2356 = FACE_OUTER_BOUND ( 'NONE', #812, .T. ) ;
#2357 = CARTESIAN_POINT ( 'NONE',  ( -76.11999999999999034, 38.00000000000000711, 59.14999999999999147 ) ) ;
#2358 = ORIENTED_EDGE ( 'NONE', *, *, #442, .F. ) ;
#2359 = DIRECTION ( 'NONE',  ( 0.000000000000000000, 1.000000000000000000, 0.000000000000000000 ) ) ;
#2360 = CARTESIAN_POINT ( 'NONE',  ( -58.23447065411882306, 37.25158411648865098, 41.41179506529346099 ) ) ;
#2361 = CARTESIAN_POINT ( 'NONE',  ( 57.99999999999999289, 32.00000000000000000, 44.78059757775795191 ) ) ;
#2362 = CARTESIAN_POINT ( 'NONE',  ( 57.99999999999999289, 63.54551899874132204, 4.180324369512660176 ) ) ;
#2363 = ORIENTED_EDGE ( 'NONE', *, *, #2631, .F. ) ;
#2364 = CARTESIAN_POINT ( 'NONE',  ( -58.00107567623098959, 36.63388837881926463, 42.61960765294801945 ) ) ;
#2365 = ORIENTED_EDGE ( 'NONE', *, *, #5512, .T. ) ;
#2366 = B_SPLINE_CURVE_WITH_KNOTS ( 'NONE', 3,
 ( #871, #1895, #3903, #3868, #2325, #1796, #3835, #5858, #2899, #1302, #4361, #3331, #2833, #3933, #5961, #1401, #6386, #1830 ),
 .UNSPECIFIED., .F., .F.,
 ( 4, 2, 2, 2, 2, 2, 2, 2, 4 ),
 ( 0.01110887409589061264, 0.01328647764817475832, 0.01546408120045890400, 0.01655288297660097857, 0.01764168475274304621, 0.01873048652888512078, 0.01927488741695614766, 0.01954708786099167497, 0.01981928830502720229 ),
 .UNSPECIFIED. ) ;
#2367 = CARTESIAN_POINT ( 'NONE',  ( -58.45846034117311518, 40.03600000000001558, -2.175007162275515604 ) ) ;
#2368 = CARTESIAN_POINT ( 'NONE',  ( -58.05636095849342837, 38.96977845629893977, 38.94793528777185543 ) ) ;
#2369 = CARTESIAN_POINT ( 'NONE',  ( -11.49131876064977753, 35.19284417492607275, -54.15000000000001279 ) ) ;
#2370 = VERTEX_POINT ( 'NONE', #5507 ) ;
#2371 = CARTESIAN_POINT ( 'NONE',  ( -59.00723795827146745, 39.40229490808746959, -6.466818664550193496 ) ) ;
#2372 = CARTESIAN_POINT ( 'NONE',  ( -57.99763309072763917, 36.68259555675408734, 42.54568411613967527 ) ) ;
#2373 = VECTOR ( 'NONE', #4019, 1000.000000000000114 ) ;
#2374 = CARTESIAN_POINT ( 'NONE',  ( -58.00117856711729303, 36.69102350024365933, 42.53310268468140265 ) ) ;
#2375 = ADVANCED_FACE ( 'NONE', ( #61 ), #555, .F. ) ;
#2376 = DIRECTION ( 'NONE',  ( 0.000000000000000000, -0.8191520442889912434, -0.5735764363510471586 ) ) ;
#2377 = CARTESIAN_POINT ( 'NONE',  ( -58.06624229353844413, 37.55994598880783997, 41.18438284559103835 ) ) ;
#2378 = ORIENTED_EDGE ( 'NONE', *, *, #4511, .F. ) ;
#2379 = VECTOR ( 'NONE', #3320, 1000.000000000000000 ) ;
#2380 = CARTESIAN_POINT ( 'NONE',  ( -57.96497081604333346, 40.25609619329255651, 37.78635428301284804 ) ) ;
#2381 = DIRECTION ( 'NONE',  ( 0.000000000000000000, -0.5735764363510462704, 0.8191520442889915765 ) ) ;
#2382 = EDGE_LOOP ( 'NONE', ( #2619, #4258, #486, #5850, #6225, #6184 ) ) ;
#2383 = CARTESIAN_POINT ( 'NONE',  ( -12.99999999999998401, 34.40000000000000568, -12.82500000000000462 ) ) ;
#2384 = CARTESIAN_POINT ( 'NONE',  ( -58.56760320131805031, 36.14006145102312217, 43.58752914716354354 ) ) ;
#2385 = CARTESIAN_POINT ( 'NONE',  ( 57.99999999999999289, 32.00000000000000000, -8.646254786282211668 ) ) ;
#2386 = AXIS2_PLACEMENT_3D ( 'NONE', #1342, #2805, #3303 ) ;
#2387 = CARTESIAN_POINT ( 'NONE',  ( -58.00212569660970274, 39.88143013975472684, 37.75219966370541158 ) ) ;
#2388 = VECTOR ( 'NONE', #5623, 1000.000000000000000 ) ;
#2389 = LINE ( 'NONE', #5857, #2026 ) ;
#2390 = CARTESIAN_POINT ( 'NONE',  ( -31.00000000000000000, 36.00000000000000711, -54.15000000000000568 ) ) ;
#2391 = ADVANCED_FACE ( 'NONE', ( #2575, #523 ), #988, .T. ) ;
#2392 = ORIENTED_EDGE ( 'NONE', *, *, #4876, .F. ) ;
#2393 = EDGE_CURVE ( 'NONE', #961, #4934, #2526, .T. ) ;
#2394 = DIRECTION ( 'NONE',  ( 0.000000000000000000, -0.3420201433256692680, 0.9396926207859082059 ) ) ;
#2395 = CARTESIAN_POINT ( 'NONE',  ( 58.65865668205508143, 38.00000000000182609, -7.160663991861381916 ) ) ;
#2396 = CARTESIAN_POINT ( 'NONE',  ( 59.72214288824189765, 34.00000000000000000, -5.574601400057111356 ) ) ;
#2397 = CIRCLE ( 'NONE', #1344, 3.599999999999998312 ) ;
#2398 = ORIENTED_EDGE ( 'NONE', *, *, #24, .F. ) ;
#2399 = CARTESIAN_POINT ( 'NONE',  ( -58.00192498887660264, 36.66628203617722193, 42.57006256808005418 ) ) ;
#2400 = ORIENTED_EDGE ( 'NONE', *, *, #2471, .F. ) ;
#2401 = CARTESIAN_POINT ( 'NONE',  ( 0.000000000000000000, 38.00000000000000711, 44.78059757775796612 ) ) ;
#2402 = AXIS2_PLACEMENT_3D ( 'NONE', #4739, #6268, #1713 ) ;
#2403 = CARTESIAN_POINT ( 'NONE',  ( -58.05630134559393696, 38.79769645130084399, 39.25285981390572232 ) ) ;
#2404 = CARTESIAN_POINT ( 'NONE',  ( -61.99999999999999289, 38.00000000000000711, -6.883067321740156785 ) ) ;
#2405 = ADVANCED_FACE ( 'NONE', ( #5108 ), #460, .F. ) ;
#2406 = ORIENTED_EDGE ( 'NONE', *, *, #6349, .F. ) ;
#2407 = CARTESIAN_POINT ( 'NONE',  ( -59.74757277764571484, 39.65550432907900813, -5.586810113434931502 ) ) ;
#2408 = CARTESIAN_POINT ( 'NONE',  ( -57.98917284245299442, 36.68837555866475952, 42.53708958241437443 ) ) ;
#2409 = CARTESIAN_POINT ( 'NONE',  ( -58.00046870482668027, 36.71728959938998571, 42.49408684586187945 ) ) ;
#2410 = CARTESIAN_POINT ( 'NONE',  ( 37.49999999999999289, 42.66733671569970454, 33.99745878161500912 ) ) ;
#2411 = CARTESIAN_POINT ( 'NONE',  ( -58.06059938188924008, 37.60872140935779129, 41.11964525068027143 ) ) ;
#2412 = EDGE_LOOP ( 'NONE', ( #2801, #4623 ) ) ;
#2413 = CARTESIAN_POINT ( 'NONE',  ( -58.01111524155778909, 39.66062728256260783, 38.06184117456057692 ) ) ;
#2414 = CARTESIAN_POINT ( 'NONE',  ( -58.01528431375035666, 39.68486081335538529, 37.84639805739124085 ) ) ;
#2415 = ORIENTED_EDGE ( 'NONE', *, *, #5153, .F. ) ;
#2416 = VECTOR ( 'NONE', #2086, 1000.000000000000000 ) ;
#2417 = CARTESIAN_POINT ( 'NONE',  ( -58.70892751724321812, 36.15125664018997753, 43.46812671986400289 ) ) ;
#2418 = DIRECTION ( 'NONE',  ( 0.000000000000000000, 1.000000000000000000, 0.000000000000000000 ) ) ;
#2419 = CARTESIAN_POINT ( 'NONE',  ( -57.99893876370811086, 39.93674696787808642, 37.73171839408608008 ) ) ;
#2420 = CARTESIAN_POINT ( 'NONE',  ( 37.49999999999999289, 40.60246154483593273, 36.94640614105537679 ) ) ;
#2421 = ORIENTED_EDGE ( 'NONE', *, *, #5813, .T. ) ;
#2422 = CARTESIAN_POINT ( 'NONE',  ( -73.11999999999999034, 38.00000000000000711, -62.15000000000000568 ) ) ;
#2423 = CYLINDRICAL_SURFACE ( 'NONE', #3778, 1.324999999999999734 ) ;
#2424 = DIRECTION ( 'NONE',  ( -0.000000000000000000, -1.000000000000000000, -0.000000000000000000 ) ) ;
#2425 = CIRCLE ( 'NONE', #5833, 3.000000000000002665 ) ;
#2426 = FACE_BOUND ( 'NONE', #3815, .T. ) ;
#2427 = ADVANCED_FACE ( 'NONE', ( #4514 ), #1081, .F. ) ;
#2428 = CARTESIAN_POINT ( 'NONE',  ( -57.99982840292055641, 36.88819848186236072, 42.23996427362528294 ) ) ;
#2429 = ORIENTED_EDGE ( 'NONE', *, *, #3418, .T. ) ;
#2430 = CARTESIAN_POINT ( 'NONE',  ( -15.87326034323380242, 36.00000000000000711, -12.15000000000000391 ) ) ;
#2431 = EDGE_CURVE ( 'NONE', #1743, #3450, #4796, .T. ) ;
#2432 = CARTESIAN_POINT ( 'NONE',  ( -58.79087428455751763, 37.47505587089490575, 39.09422405020043811 ) ) ;
#2433 = PLANE ( 'NONE',  #6171 ) ;
#2434 = ORIENTED_EDGE ( 'NONE', *, *, #5582, .F. ) ;
#2435 = CARTESIAN_POINT ( 'NONE',  ( 70.05933982822018891, 35.00000000000000000, 56.08933982822016162 ) ) ;
#2436 = CARTESIAN_POINT ( 'NONE',  ( -57.99263043443678356, 36.52200282593901193, 42.80253873958683641 ) ) ;
#2437 = CARTESIAN_POINT ( 'NONE',  ( -58.01159318237179008, 36.52262842530180365, 42.80121562142215197 ) ) ;
#2438 = AXIS2_PLACEMENT_3D ( 'NONE', #3989, #586, #5012 ) ;
#2439 = LINE ( 'NONE', #1419, #5044 ) ;
#2440 = CARTESIAN_POINT ( 'NONE',  ( -58.06856983732065913, 37.58936178892854940, 41.13537176758680403 ) ) ;
#2441 = VERTEX_POINT ( 'NONE', #1981 ) ;
#2442 = CARTESIAN_POINT ( 'NONE',  ( -59.65053967442543126, 36.73595908441144786, 38.13126193300526978 ) ) ;
#2443 = CARTESIAN_POINT ( 'NONE',  ( -15.37326034323381663, 36.00000000000000711, -54.15000000000001279 ) ) ;
#2444 = ORIENTED_EDGE ( 'NONE', *, *, #1903, .F. ) ;
#2445 = CARTESIAN_POINT ( 'NONE',  ( -58.01544094675816154, 36.93719907475535535, 42.16641784724315301 ) ) ;
#2446 = B_SPLINE_CURVE_WITH_KNOTS ( 'NONE', 3,
 ( #4002, #441, #6056, #43, #2970, #2063, #971, #474, #1506, #3096 ),
 .UNSPECIFIED., .F., .F.,
 ( 4, 2, 2, 2, 4 ),
 ( 0.003044081556831734932, 0.003801491318661564742, 0.004558901080491393684, 0.005316310842321223494, 0.006073720604151053304 ),
 .UNSPECIFIED. ) ;
#2447 = B_SPLINE_CURVE_WITH_KNOTS ( 'NONE', 3,
 ( #267, #1918, #3424, #3826, #2286, #5849, #3957, #4418, #5982, #1820, #893, #2414, #4449, #5444, #2826, #4881, #1424, #3454 ),
 .UNSPECIFIED., .F., .F.,
 ( 4, 2, 2, 2, 2, 1, 1, 2, 2, 4 ),
 ( 0.000000000000000000, 0.2499999999999964473, 0.4999999999999928946, 0.7499999999999893419, 0.8749999999999894529, 0.9062499999999868994, 0.9218749999999856781, 0.9296874999999875655, 0.9374999999999894529, 1.000000000000000000 ),
 .UNSPECIFIED. ) ;
#2448 = FACE_OUTER_BOUND ( 'NONE', #3807, .T. ) ;
#2449 = CARTESIAN_POINT ( 'NONE',  ( -60.03831086763781144, 36.52345745214916661, 37.82352772465787183 ) ) ;
#2450 = AXIS2_PLACEMENT_3D ( 'NONE', #2754, #6339, #2787 ) ;
#2451 = CARTESIAN_POINT ( 'NONE',  ( -70.43535897468470353, 38.00000000000000711, -54.26535897468450287 ) ) ;
#2452 = ORIENTED_EDGE ( 'NONE', *, *, #3476, .T. ) ;
#2453 = CARTESIAN_POINT ( 'NONE',  ( -58.67419569284484737, 36.55088340288428128, 42.27986720025741363 ) ) ;
#2454 = AXIS2_PLACEMENT_3D ( 'NONE', #5645, #5151, #565 ) ;
#2455 = EDGE_CURVE ( 'NONE', #3290, #4914, #4048, .T. ) ;
#2456 = DIRECTION ( 'NONE',  ( 0.000000000000000000, -0.5735764363510497121, 0.8191520442889892450 ) ) ;
#2457 = CARTESIAN_POINT ( 'NONE',  ( 60.01447591654110170, 38.00000000000000711, -8.108999908071439222 ) ) ;
#2458 = CARTESIAN_POINT ( 'NONE',  ( 58.45922756443386703, 37.26763150234717870, 42.55655442259327970 ) ) ;
#2459 = DIRECTION ( 'NONE',  ( 0.000000000000000000, 0.9396926207859082059, 0.3420201433256696566 ) ) ;
#2460 = CARTESIAN_POINT ( 'NONE',  ( -58.00246317235337301, 36.30677204466380203, 43.23223695826510493 ) ) ;
#2461 = EDGE_LOOP ( 'NONE', ( #3499, #6362 ) ) ;
#2462 = AXIS2_PLACEMENT_3D ( 'NONE', #3549, #5572, #1025 ) ;
#2463 = EDGE_CURVE ( 'NONE', #6295, #4477, #3612, .T. ) ;
#2464 = CARTESIAN_POINT ( 'NONE',  ( 62.00000000000000000, 34.00000000000000711, -4.389543696378559900 ) ) ;
#2465 = CARTESIAN_POINT ( 'NONE',  ( -59.05372896744267308, 37.25606659670444998, 38.79667507570917451 ) ) ;
#2466 = DIRECTION ( 'NONE',  ( -0.000000000000000000, 1.000000000000000000, -0.000000000000000000 ) ) ;
#2467 = CARTESIAN_POINT ( 'NONE',  ( -59.59933368298867862, 39.57962528488985754, -5.850521500931050056 ) ) ;
#2468 = CARTESIAN_POINT ( 'NONE',  ( -57.99339775504802930, 36.68672412954742867, 42.53954516347874204 ) ) ;
#2469 = CARTESIAN_POINT ( 'NONE',  ( -58.02058741944235720, 36.47775055782391718, 42.88431504604316302 ) ) ;
#2470 = EDGE_CURVE ( 'NONE', #952, #2567, #649, .T. ) ;
#2471 = EDGE_CURVE ( 'NONE', #4327, #5445, #3110, .T. ) ;
#2472 = CYLINDRICAL_SURFACE ( 'NONE', #2589, 9.999999999999998224 ) ;
#2473 = CARTESIAN_POINT ( 'NONE',  ( -59.02621608139407527, 36.58256526378240636, 41.71246599961423840 ) ) ;
#2474 = ORIENTED_EDGE ( 'NONE', *, *, #3079, .T. ) ;
#2475 = CARTESIAN_POINT ( 'NONE',  ( -58.37840899370932846, 38.26305987442545842, 38.07635399003996923 ) ) ;
#2476 = ORIENTED_EDGE ( 'NONE', *, *, #3165, .T. ) ;
#2477 = CARTESIAN_POINT ( 'NONE',  ( -58.00671936188138744, 36.70421545829970711, 42.51269285242786111 ) ) ;
#2478 = AXIS2_PLACEMENT_3D ( 'NONE', #3373, #461, #3337 ) ;
#2479 = DIRECTION ( 'NONE',  ( -0.000000000000000000, 0.8191520442889907994, 0.5735764363510474917 ) ) ;
#2480 = CYLINDRICAL_SURFACE ( 'NONE', #5550, 1.599999999999995870 ) ;
#2481 = CARTESIAN_POINT ( 'NONE',  ( -58.00821686811566735, 39.78121412358412101, 37.80342098411316698 ) ) ;
#2482 = CARTESIAN_POINT ( 'NONE',  ( -60.34314575050761675, 32.00000000000000000, -8.646254786282209892 ) ) ;
#2483 = ORIENTED_EDGE ( 'NONE', *, *, #4585, .T. ) ;
#2484 = CARTESIAN_POINT ( 'NONE',  ( -58.93223659004774362, 36.28494165162991436, 42.80137028254885934 ) ) ;
#2485 =( BOUNDED_CURVE ( )  B_SPLINE_CURVE ( 3, ( #5392, #6356, #3804, #3875 ),
 .UNSPECIFIED., .F., .F. ) 
 B_SPLINE_CURVE_WITH_KNOTS ( ( 4, 4 ),
 ( 4.712388980384689674, 4.996183089593015936 ),
 .UNSPECIFIED. ) 
 CURVE ( )  GEOMETRIC_REPRESENTATION_ITEM ( )  RATIONAL_B_SPLINE_CURVE ( ( 1.000000000000000000, 0.9932996624407778308, 0.9932996624407778308, 1.000000000000000000 ) ) 
 REPRESENTATION_ITEM ( '' )  );
#2486 = VECTOR ( 'NONE', #2917, 1000.000000000000000 ) ;
#2487 = FACE_OUTER_BOUND ( 'NONE', #3344, .T. ) ;
#2488 = DIRECTION ( 'NONE',  ( 0.000000000000000000, -0.8191520442889912434, -0.5735764363510471586 ) ) ;
#2489 = CARTESIAN_POINT ( 'NONE',  ( 60.00000000000000000, 37.26763150234717159, 37.80681039527357967 ) ) ;
#2490 = CARTESIAN_POINT ( 'NONE',  ( -29.14916879289514640, 38.39999999999999858, -14.00083120710485574 ) ) ;
#2491 = VECTOR ( 'NONE', #5643, 1000.000000000000000 ) ;
#2492 = CARTESIAN_POINT ( 'NONE',  ( -58.00194902508471273, 36.64671908120146782, 42.59975621605207863 ) ) ;
#2493 = ORIENTED_EDGE ( 'NONE', *, *, #1266, .T. ) ;
#2494 = CARTESIAN_POINT ( 'NONE',  ( 59.70740479729168726, 36.72098630755997561, 40.21099271437871181 ) ) ;
#2495 = CARTESIAN_POINT ( 'NONE',  ( -58.06783034505809837, 38.58795363122825961, 39.55102381463365191 ) ) ;
#2496 = DIRECTION ( 'NONE',  ( 0.000000000000000000, 0.8191520442889909104, 0.5735764363510474917 ) ) ;
#2497 = CARTESIAN_POINT ( 'NONE',  ( 57.99999999999999289, 34.00000000000000711, 44.78059757775795191 ) ) ;
#2498 = CARTESIAN_POINT ( 'NONE',  ( -57.99312523735224545, 36.12181242216358612, 43.78217543661525468 ) ) ;
#2499 = CARTESIAN_POINT ( 'NONE',  ( -58.00353524873708011, 36.88926664551750179, 42.23833088102469446 ) ) ;
#2500 = AXIS2_PLACEMENT_3D ( 'NONE', #3749, #4311, #1217 ) ;
#2501 = DIRECTION ( 'NONE',  ( 0.000000000000000000, 0.000000000000000000, 1.000000000000000000 ) ) ;
#2502 = CARTESIAN_POINT ( 'NONE',  ( -58.05157739521034443, 37.56076272512035530, 41.20696375249125509 ) ) ;
#2503 = ORIENTED_EDGE ( 'NONE', *, *, #1544, .F. ) ;
#2504 = CARTESIAN_POINT ( 'NONE',  ( -58.02000434363656467, 39.54680461250464418, 38.16130791791751165 ) ) ;
#2505 = CARTESIAN_POINT ( 'NONE',  ( 59.94130869075880241, 36.47791219860095424, -3.767556342664240443 ) ) ;
#2506 = CARTESIAN_POINT ( 'NONE',  ( -31.00000000000000000, 36.00000000000000711, -57.15000000000000568 ) ) ;
#2507 = ADVANCED_FACE ( 'NONE', ( #490 ), #4577, .F. ) ;
#2508 = CARTESIAN_POINT ( 'NONE',  ( -58.01471808231202942, 36.91797936076819298, 42.19495707472087531 ) ) ;
#2509 = CARTESIAN_POINT ( 'NONE',  ( -57.97770819440381729, 36.47664113311083156, 42.88693913571687943 ) ) ;
#2510 = CARTESIAN_POINT ( 'NONE',  ( -14.23335284082883589, 35.42862181289985557, -54.15000000000001279 ) ) ;
#2511 = DIRECTION ( 'NONE',  ( 0.000000000000000000, 0.000000000000000000, -1.000000000000000000 ) ) ;
#2512 = CARTESIAN_POINT ( 'NONE',  ( -58.87585268215807588, 37.52544329846170257, 37.83327427164896051 ) ) ;
#2513 = ADVANCED_FACE ( 'NONE', ( #1052 ), #4610, .T. ) ;
#2514 = CARTESIAN_POINT ( 'NONE',  ( 23.00000000000001421, 36.00000000000000711, -44.82500000000000995 ) ) ;
#2515 = ORIENTED_EDGE ( 'NONE', *, *, #4095, .T. ) ;
#2516 = CARTESIAN_POINT ( 'NONE',  ( -58.47101395000471769, 36.62282326415884626, 42.33226077465442927 ) ) ;
#2517 = VECTOR ( 'NONE', #4707, 1000.000000000000114 ) ;
#2518 = CIRCLE ( 'NONE', #4752, 1.324999999999999734 ) ;
#2519 = DIRECTION ( 'NONE',  ( 0.000000000000000000, -1.000000000000000000, 0.000000000000000000 ) ) ;
#2520 = EDGE_CURVE ( 'NONE', #1294, #5329, #5703, .T. ) ;
#2521 = DIRECTION ( 'NONE',  ( -3.304235192336776005E-16, 0.000000000000000000, -1.000000000000000000 ) ) ;
#2522 = CARTESIAN_POINT ( 'NONE',  ( 59.91156166437016850, 33.99999999999999289, 39.33190263726230995 ) ) ;
#2523 = DIRECTION ( 'NONE',  ( 0.000000000000000000, -1.000000000000000000, 0.000000000000000000 ) ) ;
#2524 = CARTESIAN_POINT ( 'NONE',  ( -58.00003412215478704, 36.68507722770085877, 42.54199397032848395 ) ) ;
#2525 = ORIENTED_EDGE ( 'NONE', *, *, #5453, .F. ) ;
#2526 = CIRCLE ( 'NONE', #3063, 1.324999999999999734 ) ;
#2527 = CARTESIAN_POINT ( 'NONE',  ( -36.00000000000000000, 42.32319085383622337, 34.48895000826388468 ) ) ;
#2528 = CARTESIAN_POINT ( 'NONE',  ( -58.63632868292626910, 37.32806922345821476, 40.33796139489636801 ) ) ;
#2529 = LINE ( 'NONE', #4127, #1721 ) ;
#2530 = CARTESIAN_POINT ( 'NONE',  ( 59.09702202801781112, 37.24814264646836648, 41.73686998955950145 ) ) ;
#2531 = CARTESIAN_POINT ( 'NONE',  ( -57.99308994202619516, 36.62111888298453977, 42.63976540379466229 ) ) ;
#2532 = CARTESIAN_POINT ( 'NONE',  ( -58.00055354788619866, 36.68753090997963540, 42.53833429829367674 ) ) ;
#2533 = FACE_OUTER_BOUND ( 'NONE', #1670, .T. ) ;
#2534 = CARTESIAN_POINT ( 'NONE',  ( -58.06400526005213436, 37.49742997054120508, 41.28317121699434722 ) ) ;
#2535 = VERTEX_POINT ( 'NONE', #4282 ) ;
#2536 = CARTESIAN_POINT ( 'NONE',  ( -58.02842738968185188, 39.41687623258675188, 38.32457799833704115 ) ) ;
#2537 = CARTESIAN_POINT ( 'NONE',  ( 59.94130869075880241, 46.25824894800437193, -3.767556342664240443 ) ) ;
#2538 = FACE_OUTER_BOUND ( 'NONE', #515, .T. ) ;
#2539 = CARTESIAN_POINT ( 'NONE',  ( -58.00668233279674979, 36.70506659996308230, 42.51143297335823945 ) ) ;
#2540 = CIRCLE ( 'NONE', #6264, 3.000000000000002665 ) ;
#2541 = CARTESIAN_POINT ( 'NONE',  ( -57.98480725056586493, 36.68176984219542192, 42.54691190667185907 ) ) ;
#2542 = DIRECTION ( 'NONE',  ( 0.000000000000000000, -1.000000000000000000, 0.000000000000000000 ) ) ;
#2543 = ADVANCED_FACE ( 'NONE', ( #3180, #90 ), #5810, .T. ) ;
#2544 = CARTESIAN_POINT ( 'NONE',  ( -37.50000000000000711, 58.38333107169546565, 11.55269276807757706 ) ) ;
#2545 = CARTESIAN_POINT ( 'NONE',  ( -58.00830463721077024, 39.77777941337343748, 37.81880192300643984 ) ) ;
#2546 = DIRECTION ( 'NONE',  ( 0.000000000000000000, 0.000000000000000000, -1.000000000000000000 ) ) ;
#2547 = EDGE_LOOP ( 'NONE', ( #783, #2025, #5788 ) ) ;
#2548 = CARTESIAN_POINT ( 'NONE',  ( -58.84842330371400720, 36.43346787244892226, 42.43217493841999755 ) ) ;
#2549 = ADVANCED_FACE ( 'NONE', ( #6304 ), #2214, .T. ) ;
#2550 = FACE_OUTER_BOUND ( 'NONE', #829, .T. ) ;
#2551 = CARTESIAN_POINT ( 'NONE',  ( -58.05284928433135150, 39.35170257071897026, 37.72867717549602418 ) ) ;
#2552 = DIRECTION ( 'NONE',  ( 0.000000000000000000, 0.5735764363510458264, -0.8191520442889919096 ) ) ;
#2553 = CARTESIAN_POINT ( 'NONE',  ( 0.000000000000000000, 36.00000000000000711, 0.000000000000000000 ) ) ;
#2554 = VERTEX_POINT ( 'NONE', #5312 ) ;
#2555 = PRESENTATION_LAYER_ASSIGNMENT (  '', '', ( #4154 ) ) ;
#2556 = CARTESIAN_POINT ( 'NONE',  ( -57.99975854408985043, 36.62111888298453977, 42.63976540379466229 ) ) ;
#2557 = ORIENTED_EDGE ( 'NONE', *, *, #1498, .F. ) ;
#2558 = AXIS2_PLACEMENT_3D ( 'NONE', #6050, #1031, #2552 ) ;
#2559 = PLANE ( 'NONE',  #4605 ) ;
#2560 = CARTESIAN_POINT ( 'NONE',  ( -58.05994062189348170, 38.60960405350718361, 39.54863135885044301 ) ) ;
#2561 = DIRECTION ( 'NONE',  ( 0.000000000000000000, 0.000000000000000000, 1.000000000000000000 ) ) ;
#2562 = CARTESIAN_POINT ( 'NONE',  ( -59.73430714505505534, 34.00000000000000000, 40.13607448732528837 ) ) ;
#2563 = CARTESIAN_POINT ( 'NONE',  ( -58.06682183935145503, 37.39052210875352955, 41.44116350163744755 ) ) ;
#2564 = CARTESIAN_POINT ( 'NONE',  ( -58.00021986891299974, 36.68855639435866323, 42.53681877658502231 ) ) ;
#2565 = DIRECTION ( 'NONE',  ( 0.000000000000000000, -0.5735764363510470476, 0.8191520442889911324 ) ) ;
#2566 = CARTESIAN_POINT ( 'NONE',  ( -58.13844418606292663, 37.41596064422497392, 41.29155649848407705 ) ) ;
#2567 = VERTEX_POINT ( 'NONE', #2111 ) ;
#2568 = CARTESIAN_POINT ( 'NONE',  ( -60.09319535939926027, 36.48880075159734560, 38.23325550957282104 ) ) ;
#2569 = CARTESIAN_POINT ( 'NONE',  ( 56.27785711175809524, 36.47791219860096135, -3.204485992700011110 ) ) ;
#2570 = DIRECTION ( 'NONE',  ( 0.000000000000000000, -0.8191520442889912434, -0.5735764363510471586 ) ) ;
#2571 = EDGE_CURVE ( 'NONE', #6463, #2627, #346, .T. ) ;
#2572 = ADVANCED_FACE ( 'NONE', ( #6272 ), #4711, .F. ) ;
#2573 = CARTESIAN_POINT ( 'NONE',  ( -58.36043225340538498, 36.19013634053580120, 43.48322448227303028 ) ) ;
#2574 = CARTESIAN_POINT ( 'NONE',  ( -57.98485480623880051, 36.68424698587142530, 42.54322853507530766 ) ) ;
#2575 = FACE_OUTER_BOUND ( 'NONE', #242, .T. ) ;
#2576 = CARTESIAN_POINT ( 'NONE',  ( -60.00000000000000000, 31.99000000000000554, -4.389543696378558124 ) ) ;
#2577 = CARTESIAN_POINT ( 'NONE',  ( -58.00065184891251135, 39.88058037898771602, 37.80914567201470078 ) ) ;
#2578 = DIRECTION ( 'NONE',  ( 0.000000000000000000, 1.000000000000000000, 0.000000000000000000 ) ) ;
#2579 = ORIENTED_EDGE ( 'NONE', *, *, #376, .F. ) ;
#2580 = CARTESIAN_POINT ( 'NONE',  ( -58.10569699996775483, 36.91974299619001698, 42.12523798566110145 ) ) ;
#2581 = AXIS2_PLACEMENT_3D ( 'NONE', #141, #632, #5756 ) ;
#2582 = DIRECTION ( 'NONE',  ( 0.000000000000000000, 0.000000000000000000, -1.000000000000000000 ) ) ;
#2583 = CARTESIAN_POINT ( 'NONE',  ( -58.01974113587392168, 39.63829008639601170, 37.71734451006900457 ) ) ;
#2584 = ADVANCED_FACE ( 'NONE', ( #4643 ), #3144, .T. ) ;
#2585 = CARTESIAN_POINT ( 'NONE',  ( -12.99999999999998401, 34.40000000000000568, -16.15000000000000568 ) ) ;
#2586 = CARTESIAN_POINT ( 'NONE',  ( 76.11999999999999034, 38.00000000000000711, 0.000000000000000000 ) ) ;
#2587 = ORIENTED_EDGE ( 'NONE', *, *, #1232, .F. ) ;
#2588 = EDGE_CURVE ( 'NONE', #5337, #2781, #4902, .T. ) ;
#2589 = AXIS2_PLACEMENT_3D ( 'NONE', #1392, #5439, #328 ) ;
#2590 = ORIENTED_EDGE ( 'NONE', *, *, #5868, .F. ) ;
#2591 = CARTESIAN_POINT ( 'NONE',  ( -36.00000000000000711, 42.47955561080360098, 34.26563799227619711 ) ) ;
#2592 = AXIS2_PLACEMENT_3D ( 'NONE', #100, #3689, #5717 ) ;
#2593 = CARTESIAN_POINT ( 'NONE',  ( -60.15740469836094917, 36.37216175524707751, 39.69003876436509159 ) ) ;
#2594 = CARTESIAN_POINT ( 'NONE',  ( -36.00000000000000000, 56.66260176258805359, 14.01014890102205968 ) ) ;
#2595 = CARTESIAN_POINT ( 'NONE',  ( 37.49999999999999289, 54.28757085025051055, 8.684810586322338821 ) ) ;
#2596 = ORIENTED_EDGE ( 'NONE', *, *, #296, .F. ) ;
#2597 = CARTESIAN_POINT ( 'NONE',  ( -58.08343427815419346, 37.29557418176234762, 41.56338648385580825 ) ) ;
#2598 = CARTESIAN_POINT ( 'NONE',  ( -58.00018599989088841, 36.71663765158692883, 42.49506389426710484 ) ) ;
#2599 = DIRECTION ( 'NONE',  ( 0.000000000000000000, -0.5735764363510497121, 0.8191520442889892450 ) ) ;
#2600 = CARTESIAN_POINT ( 'NONE',  ( -57.98375690558699347, 37.72643570777506739, 41.06731963201626456 ) ) ;
#2601 = EDGE_CURVE ( 'NONE', #4775, #1461, #2777, .T. ) ;
#2602 = ORIENTED_EDGE ( 'NONE', *, *, #4431, .T. ) ;
#2603 = CARTESIAN_POINT ( 'NONE',  ( -57.95883226788085096, 40.13835984385126920, 37.94542028051890270 ) ) ;
#2604 = CARTESIAN_POINT ( 'NONE',  ( 59.94130869075884505, 46.25824894800437193, -5.011531050092884243 ) ) ;
#2605 = CARTESIAN_POINT ( 'NONE',  ( 59.05492983976097321, 34.00000000000000000, -6.329341067992587000 ) ) ;
#2606 = CARTESIAN_POINT ( 'NONE',  ( -58.00457488703617059, 36.68098102802601090, 42.54768835860295439 ) ) ;
#2607 = CARTESIAN_POINT ( 'NONE',  ( -57.98775570228802678, 36.83535275010762433, 42.31854286768520268 ) ) ;
#2608 = CARTESIAN_POINT ( 'NONE',  ( -14.46925495477516499, 35.52892882438895583, -54.15000000000001279 ) ) ;
#2609 = CARTESIAN_POINT ( 'NONE',  ( -62.00000000000000000, 40.00000000000000711, 0.000000000000000000 ) ) ;
#2610 = CARTESIAN_POINT ( 'NONE',  ( -57.99979577060796032, 39.90864146838567450, 37.77039740438680582 ) ) ;
#2611 = CARTESIAN_POINT ( 'NONE',  ( 62.00000000000000000, 40.00000000000000711, -4.389543696378559900 ) ) ;
#2612 = CARTESIAN_POINT ( 'NONE',  ( -12.99999999999998401, 32.00000000000000000, -12.82500000000000462 ) ) ;
#2613 = CARTESIAN_POINT ( 'NONE',  ( -58.36524885712203314, 36.52152277238726441, 42.63956220702785771 ) ) ;
#2614 = DIRECTION ( 'NONE',  ( 0.000000000000000000, -0.000000000000000000, -1.000000000000000000 ) ) ;
#2615 = EDGE_CURVE ( 'NONE', #5614, #3450, #1223, .T. ) ;
#2616 = CARTESIAN_POINT ( 'NONE',  ( -58.01439223628204900, 39.69531127268700033, 37.71502588525348898 ) ) ;
#2617 = DIRECTION ( 'NONE',  ( -1.000000000000000000, 0.000000000000000000, 0.000000000000000000 ) ) ;
#2618 = DIRECTION ( 'NONE',  ( 0.000000000000000000, 0.000000000000000000, 1.000000000000000000 ) ) ;
#2619 = ORIENTED_EDGE ( 'NONE', *, *, #3255, .T. ) ;
#2620 = AXIS2_PLACEMENT_3D ( 'NONE', #1989, #1561, #4057 ) ;
#2621 = ORIENTED_EDGE ( 'NONE', *, *, #3123, .T. ) ;
#2622 = CARTESIAN_POINT ( 'NONE',  ( 37.49999999999999289, 56.31845590083169384, 14.50164012751794296 ) ) ;
#2623 = EDGE_CURVE ( 'NONE', #2694, #5719, #5431, .T. ) ;
#2624 = CARTESIAN_POINT ( 'NONE',  ( -58.05902247273471772, 38.25466406197129743, 40.13083435902159124 ) ) ;
#2625 = CARTESIAN_POINT ( 'NONE',  ( -62.00000000000000000, 32.00000000000000000, -57.15000000000000568 ) ) ;
#2626 = DIRECTION ( 'NONE',  ( 0.000000000000000000, -0.8191520442889911324, -0.5735764363510470476 ) ) ;
#2627 = VERTEX_POINT ( 'NONE', #4678 ) ;
#2628 = CARTESIAN_POINT ( 'NONE',  ( -58.39790625228980048, 37.00339960057065269, 41.63986982853488428 ) ) ;
#2629 = CIRCLE ( 'NONE', #3489, 1.549999999999995826 ) ;
#2630 = CARTESIAN_POINT ( 'NONE',  ( -58.00019226773847691, 36.70342290758688364, 42.51471339313554410 ) ) ;
#2631 = EDGE_CURVE ( 'NONE', #5329, #6463, #6170, .T. ) ;
#2632 = CARTESIAN_POINT ( 'NONE',  ( -71.11999999999999034, 35.00000000000000000, -57.15000000000000568 ) ) ;
#2633 = CARTESIAN_POINT ( 'NONE',  ( -58.12006018063227941, 37.37515888344359638, 41.38640391925004280 ) ) ;
#2634 = ORIENTED_EDGE ( 'NONE', *, *, #5512, .F. ) ;
#2635 = CARTESIAN_POINT ( 'NONE',  ( -58.00168511582317166, 39.71282898898667213, 38.10072360702209693 ) ) ;
#2636 = CARTESIAN_POINT ( 'NONE',  ( 57.99999999999999289, 36.47791219860096135, -2.132832606474910797 ) ) ;
#2637 = CIRCLE ( 'NONE', #1270, 3.324999999999999734 ) ;
#2638 = ORIENTED_EDGE ( 'NONE', *, *, #5469, .T. ) ;
#2639 = CARTESIAN_POINT ( 'NONE',  ( 73.11999999999999034, 38.00000000000000711, -59.14999999999999858 ) ) ;
#2640 = CARTESIAN_POINT ( 'NONE',  ( -58.09307533552150460, 36.31064963295293069, 43.21697243220531703 ) ) ;
#2641 = CARTESIAN_POINT ( 'NONE',  ( -57.98432805247637845, 36.63383693052111312, 42.61969247552439555 ) ) ;
#2642 = CARTESIAN_POINT ( 'NONE',  ( 23.00000000000001421, 32.00000000000000000, -20.15000000000000213 ) ) ;
#2643 = LINE ( 'NONE', #3647, #1950 ) ;
#2644 = CARTESIAN_POINT ( 'NONE',  ( -57.97166870102679326, 40.37503835670323582, 37.62670486830192118 ) ) ;
#2645 = DIRECTION ( 'NONE',  ( 0.000000000000000000, -1.000000000000000000, 0.000000000000000000 ) ) ;
#2646 = EDGE_LOOP ( 'NONE', ( #6316, #3878 ) ) ;
#2647 = AXIS2_PLACEMENT_3D ( 'NONE', #3213, #5239, #4740 ) ;
#2648 = AXIS2_PLACEMENT_3D ( 'NONE', #2816, #5769, #4275 ) ;
#2649 = CARTESIAN_POINT ( 'NONE',  ( -58.23664946860089486, 36.76138932369925527, 42.28124730535436271 ) ) ;
#2650 = CARTESIAN_POINT ( 'NONE',  ( -58.73381108345193269, 37.68101369547329682, -2.284699043459064161 ) ) ;
#2651 = CARTESIAN_POINT ( 'NONE',  ( -57.98469573787198073, 40.25725306472151033, 37.57320508992234664 ) ) ;
#2652 = CIRCLE ( 'NONE', #4994, 2.000000000000000000 ) ;
#2653 = CARTESIAN_POINT ( 'NONE',  ( 71.11999999999999034, 36.00000000000000711, -54.15000000000001990 ) ) ;
#2654 = DIRECTION ( 'NONE',  ( 0.000000000000000000, -0.8191520442889911324, -0.5735764363510470476 ) ) ;
#2655 = ORIENTED_EDGE ( 'NONE', *, *, #6383, .F. ) ;
#2656 = EDGE_CURVE ( 'NONE', #5719, #3149, #2716, .T. ) ;
#2657 = EDGE_LOOP ( 'NONE', ( #6455, #351, #1901, #5301 ) ) ;
#2658 = FACE_OUTER_BOUND ( 'NONE', #1204, .T. ) ;
#2659 = CARTESIAN_POINT ( 'NONE',  ( -71.01999999999998181, 35.00000000000000000, -49.55065792321467200 ) ) ;
#2660 = CARTESIAN_POINT ( 'NONE',  ( -60.08163334823679236, 36.28794915129901000, 40.81805571612484584 ) ) ;
#2661 = VECTOR ( 'NONE', #4987, 1000.000000000000114 ) ;
#2662 = CARTESIAN_POINT ( 'NONE',  ( 58.93701335802164465, 37.06280696515638340, 42.00155677340229232 ) ) ;
#2663 = ORIENTED_EDGE ( 'NONE', *, *, #3788, .F. ) ;
#2664 = CARTESIAN_POINT ( 'NONE',  ( -58.03364927307716670, 37.46983370526257318, 41.36826083366121054 ) ) ;
#2665 = CARTESIAN_POINT ( 'NONE',  ( -58.00011672429756970, 36.72971998530724846, 42.47561229212186618 ) ) ;
#2666 = AXIS2_PLACEMENT_3D ( 'NONE', #2746, #6196, #1648 ) ;
#2667 = EDGE_CURVE ( 'NONE', #4868, #301, #2890, .T. ) ;
#2668 = CARTESIAN_POINT ( 'NONE',  ( -58.40457463798519200, 37.05403573447278376, 41.52656126869515418 ) ) ;
#2669 = ORIENTED_EDGE ( 'NONE', *, *, #4279, .F. ) ;
#2670 = CARTESIAN_POINT ( 'NONE',  ( -58.00757738340536207, 39.38868335532414022, 38.56786952052343054 ) ) ;
#2671 = FACE_OUTER_BOUND ( 'NONE', #4440, .T. ) ;
#2672 = EDGE_CURVE ( 'NONE', #1095, #4552, #3217, .T. ) ;
#2673 = ORIENTED_EDGE ( 'NONE', *, *, #2199, .F. ) ;
#2674 = DIRECTION ( 'NONE',  ( 0.000000000000000000, -0.8191520442889912434, -0.5735764363510471586 ) ) ;
#2675 = DIRECTION ( 'NONE',  ( 0.000000000000000000, 0.000000000000000000, 1.000000000000000000 ) ) ;
#2676 = EDGE_CURVE ( 'NONE', #1326, #6118, #3713, .T. ) ;
#2677 = CARTESIAN_POINT ( 'NONE',  ( -58.00346232866652230, 36.73004738757011012, 42.47480115354856167 ) ) ;
#2678 = ADVANCED_FACE ( 'NONE', ( #193 ), #724, .T. ) ;
#2679 = LINE ( 'NONE', #5242, #6005 ) ;
#2680 = DIRECTION ( 'NONE',  ( 0.000000000000000000, 0.000000000000000000, 1.000000000000000000 ) ) ;
#2681 = FACE_BOUND ( 'NONE', #388, .T. ) ;
#2682 = CARTESIAN_POINT ( 'NONE',  ( -60.04917884047042520, 36.51729917270499470, 37.89603035555873589 ) ) ;
#2683 = DIRECTION ( 'NONE',  ( 0.000000000000000000, 0.8191520442889910214, 0.5735764363510471586 ) ) ;
#2684 = ORIENTED_EDGE ( 'NONE', *, *, #1406, .F. ) ;
#2685 = CARTESIAN_POINT ( 'NONE',  ( -58.03624649093613641, 36.93932558145037603, 42.14859819558762410 ) ) ;
#2686 = CARTESIAN_POINT ( 'NONE',  ( -59.34603051888660730, 37.00583047138660930, -2.720138406993452662 ) ) ;
#2687 = CARTESIAN_POINT ( 'NONE',  ( -57.98517301180202566, 40.27158479477115804, 37.55105035968600191 ) ) ;
#2688 = EDGE_CURVE ( 'NONE', #2767, #5201, #3452, .T. ) ;
#2689 = DIRECTION ( 'NONE',  ( -0.000000000000000000, 0.8191520442889909104, 0.5735764363510474917 ) ) ;
#2690 = CARTESIAN_POINT ( 'NONE',  ( 23.00000000000001421, 34.40000000000000568, -46.15000000000001279 ) ) ;
#2691 = VERTEX_POINT ( 'NONE', #1767 ) ;
#2692 = AXIS2_PLACEMENT_3D ( 'NONE', #3405, #6041, #2511 ) ;
#2693 = CARTESIAN_POINT ( 'NONE',  ( -36.00000000000000000, 54.20514562966183547, 12.28941959192743383 ) ) ;
#2694 = VERTEX_POINT ( 'NONE', #2696 ) ;
#2695 = VERTEX_POINT ( 'NONE', #1201 ) ;
#2696 = CARTESIAN_POINT ( 'NONE',  ( -12.49999999999998401, 32.00000000000000000, -51.47500000000001563 ) ) ;
#2697 = CIRCLE ( 'NONE', #1854, 1.549999999999995826 ) ;
#2698 = FACE_OUTER_BOUND ( 'NONE', #1746, .T. ) ;
#2699 = CARTESIAN_POINT ( 'NONE',  ( -60.34314575050763096, 32.00000000000000000, 44.78059757775795902 ) ) ;
#2700 = EDGE_LOOP ( 'NONE', ( #5434, #172, #3531, #1646 ) ) ;
#2701 = CARTESIAN_POINT ( 'NONE',  ( -58.07222923120362879, 37.37786664660846725, 41.45276814106693308 ) ) ;
#2702 = CARTESIAN_POINT ( 'NONE',  ( -58.01064110655071460, 36.38602303658152692, 43.05542210258655444 ) ) ;
#2703 =( BOUNDED_CURVE ( )  B_SPLINE_CURVE ( 3, ( #470, #2490, #4526, #6544 ),
 .UNSPECIFIED., .F., .F. ) 
 B_SPLINE_CURVE_WITH_KNOTS ( ( 4, 4 ),
 ( 4.712388980384689674, 4.996183089593015936 ),
 .UNSPECIFIED. ) 
 CURVE ( )  GEOMETRIC_REPRESENTATION_ITEM ( )  RATIONAL_B_SPLINE_CURVE ( ( 1.000000000000000000, 0.9932996624407778308, 0.9932996624407778308, 1.000000000000000000 ) ) 
 REPRESENTATION_ITEM ( '' )  );
#2704 = AXIS2_PLACEMENT_3D ( 'NONE', #3969, #6115, #3496 ) ;
#2705 = CARTESIAN_POINT ( 'NONE',  ( -12.49999999999998401, 32.00000000000000000, -48.82500000000001705 ) ) ;
#2706 = CARTESIAN_POINT ( 'NONE',  ( -59.64092283488773205, 36.18226452313568586, 42.40350351575295207 ) ) ;
#2707 = AXIS2_PLACEMENT_3D ( 'NONE', #1012, #2071, #3039 ) ;
#2708 = ORIENTED_EDGE ( 'NONE', *, *, #39, .F. ) ;
#2709 = CARTESIAN_POINT ( 'NONE',  ( -58.03916172209684987, 39.20429812868326991, 38.63682130606161280 ) ) ;
#2710 = DIRECTION ( 'NONE',  ( 0.000000000000000000, -1.000000000000000000, 0.000000000000000000 ) ) ;
#2711 = VERTEX_POINT ( 'NONE', #5325 ) ;
#2712 = CARTESIAN_POINT ( 'NONE',  ( 58.10775825086024327, 36.54482938349545407, 42.76507234961620441 ) ) ;
#2713 = DIRECTION ( 'NONE',  ( 0.000000000000000000, 1.000000000000000000, -0.000000000000000000 ) ) ;
#2714 = CARTESIAN_POINT ( 'NONE',  ( -58.00280649411757139, 36.69835749286943383, 42.52204601760121250 ) ) ;
#2715 = CARTESIAN_POINT ( 'NONE',  ( 59.44927730608912952, 34.00000000000000000, 41.03177213924634970 ) ) ;
#2716 = LINE ( 'NONE', #125, #16 ) ;
#2717 = CARTESIAN_POINT ( 'NONE',  ( -58.01213290546599666, 39.71253867881339517, 37.89949353387937236 ) ) ;
#2718 = EDGE_CURVE ( 'NONE', #6377, #6546, #140, .T. ) ;
#2719 = VECTOR ( 'NONE', #1823, 1000.000000000000000 ) ;
#2720 = DIRECTION ( 'NONE',  ( 0.000000000000000000, 0.000000000000000000, 1.000000000000000000 ) ) ;
#2721 = FACE_OUTER_BOUND ( 'NONE', #2930, .T. ) ;
#2722 = CARTESIAN_POINT ( 'NONE',  ( -58.59812570876687943, 36.32669431514825220, 42.96983189663375668 ) ) ;
#2723 = LINE ( 'NONE', #2759, #5095 ) ;
#2724 = ADVANCED_FACE ( 'NONE', ( #2658 ), #5755, .F. ) ;
#2725 = CIRCLE ( 'NONE', #2402, 3.599999999999998312 ) ;
#2726 = CARTESIAN_POINT ( 'NONE',  ( -57.97078403404532310, 40.67206470925686546, 37.44668186339100657 ) ) ;
#2727 = LINE ( 'NONE', #6147, #1077 ) ;
#2728 = FACE_OUTER_BOUND ( 'NONE', #4590, .T. ) ;
#2729 = ORIENTED_EDGE ( 'NONE', *, *, #5441, .T. ) ;
#2730 = CARTESIAN_POINT ( 'NONE',  ( -59.96777180562032328, 33.99999999999999289, 38.74619945096635121 ) ) ;
#2731 = ORIENTED_EDGE ( 'NONE', *, *, #2852, .T. ) ;
#2732 = VERTEX_POINT ( 'NONE', #6322 ) ;
#2733 = CARTESIAN_POINT ( 'NONE',  ( 56.07447722796497658, 38.34329238874020263, -5.002164190560848489 ) ) ;
#2734 = CARTESIAN_POINT ( 'NONE',  ( 59.25055268726961799, 37.08618071873252831, 41.46825126906909276 ) ) ;
#2735 = DIRECTION ( 'NONE',  ( -0.000000000000000000, -1.000000000000000000, -0.000000000000000000 ) ) ;
#2736 = AXIS2_PLACEMENT_3D ( 'NONE', #2992, #3025, #5576 ) ;
#2737 = ORIENTED_EDGE ( 'NONE', *, *, #800, .F. ) ;
#2738 = CARTESIAN_POINT ( 'NONE',  ( -58.03591028328188628, 37.27533271878845511, 41.65165404852237430 ) ) ;
#2739 = CARTESIAN_POINT ( 'NONE',  ( -58.00013235081375740, 36.68114837659313565, 42.54783353531149714 ) ) ;
#2740 = ORIENTED_EDGE ( 'NONE', *, *, #4921, .T. ) ;
#2741 = B_SPLINE_CURVE_WITH_KNOTS ( 'NONE', 3,
 ( #2095, #1701, #6256, #2662, #3770, #5189 ),
 .UNSPECIFIED., .F., .F.,
 ( 4, 2, 4 ),
 ( 0.0008600636934299987464, 0.001404180436008508042, 0.001948297178587017446 ),
 .UNSPECIFIED. ) ;
#2742 = LINE ( 'NONE', #1707, #3124 ) ;
#2743 = CARTESIAN_POINT ( 'NONE',  ( -58.07262216863828286, 37.40955146438265899, 41.40391082363492359 ) ) ;
#2744 = ORIENTED_EDGE ( 'NONE', *, *, #1026, .F. ) ;
#2745 = CARTESIAN_POINT ( 'NONE',  ( -58.08154763797288211, 39.02227676331050077, 38.64750494242949230 ) ) ;
#2746 = CARTESIAN_POINT ( 'NONE',  ( 71.11999999999999034, 32.00000000000000000, 57.14999999999999858 ) ) ;
#2747 = VERTEX_POINT ( 'NONE', #3695 ) ;
#2748 = CARTESIAN_POINT ( 'NONE',  ( 58.05532490558242387, 36.53589838486227137, 42.78059757775795902 ) ) ;
#2749 = CARTESIAN_POINT ( 'NONE',  ( 58.55619321676736178, 34.00000000000000711, -6.578341593463274073 ) ) ;
#2750 = CARTESIAN_POINT ( 'NONE',  ( -57.99763803508306381, 36.68424698587142530, 42.54322853507530766 ) ) ;
#2751 =( BOUNDED_SURFACE ( )  B_SPLINE_SURFACE ( 3, 2, ( 
 ( #5783, #1760, #5179 ),
 ( #1726, #3259, #3294 ),
 ( #5249, #2797, #4789 ),
 ( #3720, #624, #3188 ),
 ( #696, #3795, #660 ),
 ( #1155, #4825, #5214 ),
 ( #5819, #165, #5746 ),
 ( #2186, #1193, #2220 ),
 ( #4854, #869, #4453 ),
 ( #5924, #427, #3457 ) ),
 .UNSPECIFIED., .F., .F., .F. ) 
 B_SPLINE_SURFACE_WITH_KNOTS ( ( 4, 2, 2, 2, 4 ),
 ( 3, 3 ),
 ( 0.000000000000000000, 0.3926990816987241395, 0.7853981633974482790, 1.178097245096172418, 1.570796326794896558 ),
 ( 0.000000000000000000, 1.000000000000000000 ),
 .UNSPECIFIED. ) 
 GEOMETRIC_REPRESENTATION_ITEM ( )  RATIONAL_B_SPLINE_SURFACE ( (
 ( 1.000000000000000000, 0.9537169507482271547, 1.000000000000000000),
 ( 1.000000000000000000, 0.9537256514130580953, 1.000000000000000000),
 ( 1.000000000000000000, 0.9481749096192636506, 1.000000000000000000),
 ( 1.000000000000000000, 0.9262838430522258859, 1.000000000000000000),
 ( 1.000000000000000000, 0.9099337315497098011, 1.000000000000000000),
 ( 1.000000000000000000, 0.8672707954192997448, 1.000000000000000000),
 ( 1.000000000000000000, 0.8409543455511551135, 1.000000000000000000),
 ( 1.000000000000000000, 0.7798330655163127068, 1.000000000000000000),
 ( 1.000000000000000000, 0.7450334786644857710, 1.000000000000000000),
 ( 1.000000000000000000, 0.7071067811865475727, 1.000000000000000000) ) ) 
 REPRESENTATION_ITEM ( '' )  SURFACE ( )  );
#2752 = CARTESIAN_POINT ( 'NONE',  ( -58.01172679019152412, 36.90543205493580103, 42.21382377871373137 ) ) ;
#2753 = DIRECTION ( 'NONE',  ( 0.000000000000000000, -0.8191520442889912434, -0.5735764363510471586 ) ) ;
#2754 = CARTESIAN_POINT ( 'NONE',  ( 73.11999999999999034, 38.00000000000000711, -59.14999999999999858 ) ) ;
#2755 = CARTESIAN_POINT ( 'NONE',  ( -58.01736578860675309, 39.64486609146925389, 37.94221715885101531 ) ) ;
#2756 = CARTESIAN_POINT ( 'NONE',  ( 37.49999999999999289, 36.50670132339097762, 34.07852395930014211 ) ) ;
#2757 = LINE ( 'NONE', #6344, #1368 ) ;
#2758 = CARTESIAN_POINT ( 'NONE',  ( -58.03422766745342187, 36.83412631009336735, 42.30798006113998611 ) ) ;
#2759 = CARTESIAN_POINT ( 'NONE',  ( 23.00000000000001421, 32.00000000000000000, -44.82500000000000995 ) ) ;
#2760 = CARTESIAN_POINT ( 'NONE',  ( -59.18446724278179261, 37.13114423837929934, 37.79407914356583120 ) ) ;
#2761 = CARTESIAN_POINT ( 'NONE',  ( 23.00000000000001421, 36.00000000000000711, -46.15000000000001279 ) ) ;
#2762 = CARTESIAN_POINT ( 'NONE',  ( -60.00000000000000000, 36.53589838486225716, -4.389543696378558124 ) ) ;
#2763 = ORIENTED_EDGE ( 'NONE', *, *, #835, .F. ) ;
#2764 = ORIENTED_EDGE ( 'NONE', *, *, #3084, .F. ) ;
#2765 = EDGE_CURVE ( 'NONE', #5510, #1665, #6354, .T. ) ;
#2766 = ORIENTED_EDGE ( 'NONE', *, *, #2571, .T. ) ;
#2767 = VERTEX_POINT ( 'NONE', #3267 ) ;
#2768 = CIRCLE ( 'NONE', #1485, 3.599999999999998312 ) ;
#2769 = CARTESIAN_POINT ( 'NONE',  ( -58.25302803754558312, 34.00000000000000000, 42.70447063140235855 ) ) ;
#2770 = CARTESIAN_POINT ( 'NONE',  ( -12.99999999999998401, 32.00000000000000000, -16.15000000000000568 ) ) ;
#2771 = CARTESIAN_POINT ( 'NONE',  ( 31.00000000000001421, 36.00000000000000711, -12.15000000000000746 ) ) ;
#2772 = VERTEX_POINT ( 'NONE', #4191 ) ;
#2773 = CARTESIAN_POINT ( 'NONE',  ( -58.11207450340612723, 37.13557592689648601, 41.77674832120718662 ) ) ;
#2774 = CARTESIAN_POINT ( 'NONE',  ( -58.00044650789853051, 36.88821796462517710, 42.23993447918002175 ) ) ;
#2775 = EDGE_LOOP ( 'NONE', ( #5695, #4221, #4012, #566 ) ) ;
#2776 = DIRECTION ( 'NONE',  ( -0.000000000000000000, 0.5735764363510470476, -0.8191520442889911324 ) ) ;
#2777 = CIRCLE ( 'NONE', #762, 7.600000000000002309 ) ;
#2778 = ORIENTED_EDGE ( 'NONE', *, *, #4969, .F. ) ;
#2779 = CARTESIAN_POINT ( 'NONE',  ( -58.27137734306501216, 38.53441706797832467, 38.37301054819615587 ) ) ;
#2780 = CARTESIAN_POINT ( 'NONE',  ( 60.00000000000000000, 0.000000000000000000, 0.000000000000000000 ) ) ;
#2781 = VERTEX_POINT ( 'NONE', #5863 ) ;
#2782 = CARTESIAN_POINT ( 'NONE',  ( 61.99999999999999289, 33.99999999999999289, 41.89196034566927551 ) ) ;
#2783 = CARTESIAN_POINT ( 'NONE',  ( -57.99636798671728144, 36.83535275010762433, 42.31854286768520268 ) ) ;
#2784 = MECHANICAL_DESIGN_GEOMETRIC_PRESENTATION_REPRESENTATION (  '', ( #4154 ), #653 ) ;
#2785 = CARTESIAN_POINT ( 'NONE',  ( -58.00187609656332199, 36.69319372969014381, 42.52982444065567336 ) ) ;
#2786 = CARTESIAN_POINT ( 'NONE',  ( 60.00000000000000000, 42.32319085375258538, 34.48895000820532886 ) ) ;
#2787 = DIRECTION ( 'NONE',  ( 0.000000000000000000, 0.000000000000000000, -1.000000000000000000 ) ) ;
#2788 = EDGE_LOOP ( 'NONE', ( #5917, #2365, #5451, #71 ) ) ;
#2789 = VECTOR ( 'NONE', #1999, 1000.000000000000000 ) ;
#2790 = CARTESIAN_POINT ( 'NONE',  ( -58.02960965884452094, 39.53471213927473116, 37.94707441909735479 ) ) ;
#2791 = ADVANCED_FACE ( 'NONE', ( #2802 ), #175, .F. ) ;
#2792 = FACE_OUTER_BOUND ( 'NONE', #6401, .T. ) ;
#2793 = ORIENTED_EDGE ( 'NONE', *, *, #4801, .T. ) ;
#2794 = CARTESIAN_POINT ( 'NONE',  ( 58.53028186478747585, 36.72339182285184478, 42.48629183234262996 ) ) ;
#2795 = CARTESIAN_POINT ( 'NONE',  ( -58.30920722256539790, 36.47631752094636681, 42.77737725945720371 ) ) ;
#2796 = VECTOR ( 'NONE', #6175, 1000.000000000000000 ) ;
#2797 = CARTESIAN_POINT ( 'NONE',  ( 58.76306184776479569, 38.00000000000205347, 43.97337746044011908 ) ) ;
#2798 = CARTESIAN_POINT ( 'NONE',  ( -59.59208214016017280, 36.77921243482084179, 37.80989621900284448 ) ) ;
#2799 = DIRECTION ( 'NONE',  ( 0.000000000000000000, 0.000000000000000000, 1.000000000000000000 ) ) ;
#2800 = CARTESIAN_POINT ( 'NONE',  ( -12.99999999999998401, 34.40000000000000568, -19.47500000000000497 ) ) ;
#2801 = ORIENTED_EDGE ( 'NONE', *, *, #6226, .T. ) ;
#2802 = FACE_OUTER_BOUND ( 'NONE', #3193, .T. ) ;
#2803 = ADVANCED_FACE ( 'NONE', ( #6221 ), #5537, .F. ) ;
#2804 = CARTESIAN_POINT ( 'NONE',  ( -59.17157287525380127, 39.31595971334866846, -6.766869544710393036 ) ) ;
#2805 = DIRECTION ( 'NONE',  ( -0.000000000000000000, 0.8191520442889907994, 0.5735764363510474917 ) ) ;
#2806 = EDGE_CURVE ( 'NONE', #2567, #952, #2128, .T. ) ;
#2807 = VERTEX_POINT ( 'NONE', #6478 ) ;
#2808 = CARTESIAN_POINT ( 'NONE',  ( -58.88476760556270762, 36.45473843432014149, 42.32692638857230349 ) ) ;
#2809 = CARTESIAN_POINT ( 'NONE',  ( -58.00003012326769181, 36.72966609471887978, 42.47569287108414926 ) ) ;
#2810 = ORIENTED_EDGE ( 'NONE', *, *, #6213, .F. ) ;
#2811 = CARTESIAN_POINT ( 'NONE',  ( 57.99999999999999289, 38.41449496416858267, -6.646254786282211668 ) ) ;
#2812 = ORIENTED_EDGE ( 'NONE', *, *, #1751, .F. ) ;
#2813 = CARTESIAN_POINT ( 'NONE',  ( -58.20562255876895108, 38.65534849037280196, 38.51898659529928182 ) ) ;
#2814 = CARTESIAN_POINT ( 'NONE',  ( 23.00000000000001421, 32.00000000000000000, -49.47500000000000853 ) ) ;
#2815 = ORIENTED_EDGE ( 'NONE', *, *, #3117, .F. ) ;
#2816 = CARTESIAN_POINT ( 'NONE',  ( -37.50000000000000711, 36.50670132325451789, 34.07852395931707434 ) ) ;
#2817 = CARTESIAN_POINT ( 'NONE',  ( -57.99763061854994106, 36.68176984219542192, 42.54691190667185907 ) ) ;
#2818 = CARTESIAN_POINT ( 'NONE',  ( -58.00122257810654247, 36.68605142616991799, 42.54049381228269766 ) ) ;
#2819 = VECTOR ( 'NONE', #4817, 1000.000000000000000 ) ;
#2820 = EDGE_CURVE ( 'NONE', #807, #1095, #4893, .T. ) ;
#2821 = CARTESIAN_POINT ( 'NONE',  ( -62.00000000000000000, 34.00000000000000000, -57.15000000000000568 ) ) ;
#2822 = ORIENTED_EDGE ( 'NONE', *, *, #6318, .T. ) ;
#2823 = CARTESIAN_POINT ( 'NONE',  ( -58.07139979277125974, 39.25103109766708087, 37.88450501379792712 ) ) ;
#2824 = CIRCLE ( 'NONE', #6523, 2.000000000000000000 ) ;
#2825 = VECTOR ( 'NONE', #2617, 1000.000000000000000 ) ;
#2826 = CARTESIAN_POINT ( 'NONE',  ( -58.01043195484851367, 39.74447568142615239, 37.84565129102917780 ) ) ;
#2827 = ORIENTED_EDGE ( 'NONE', *, *, #917, .T. ) ;
#2828 = DIRECTION ( 'NONE',  ( -0.000000000000000000, 1.000000000000000000, -0.000000000000000000 ) ) ;
#2829 = CARTESIAN_POINT ( 'NONE',  ( -58.01364478027342386, 36.74707185074889537, 42.44684061848817436 ) ) ;
#2830 = LINE ( 'NONE', #5384, #3939 ) ;
#2831 = CARTESIAN_POINT ( 'NONE',  ( -58.00735348119423662, 39.79509854474097352, 37.73268973573448903 ) ) ;
#2832 = DIRECTION ( 'NONE',  ( 0.000000000000000000, 0.000000000000000000, 1.000000000000000000 ) ) ;
#2833 = CARTESIAN_POINT ( 'NONE',  ( 57.36720579644656937, 45.89649356442886585, -2.243395552384231717 ) ) ;
#2834 = ORIENTED_EDGE ( 'NONE', *, *, #5194, .T. ) ;
#2835 = ORIENTED_EDGE ( 'NONE', *, *, #5035, .F. ) ;
#2836 = CARTESIAN_POINT ( 'NONE',  ( 23.00000000000001421, 32.00000000000000000, -21.47500000000000142 ) ) ;
#2837 = CARTESIAN_POINT ( 'NONE',  ( -60.00000000000000000, 40.00000000000000711, -4.389543696378558124 ) ) ;
#2838 = CARTESIAN_POINT ( 'NONE',  ( 58.95769593090201965, 34.00000000000000000, -6.389142824205217508 ) ) ;
#2839 = ORIENTED_EDGE ( 'NONE', *, *, #1832, .F. ) ;
#2840 = CARTESIAN_POINT ( 'NONE',  ( -58.72630217927491714, 36.60710032210239007, 42.06848450209803758 ) ) ;
#2841 = CARTESIAN_POINT ( 'NONE',  ( -58.00570798553928142, 36.17471679120143335, 43.59544385604834105 ) ) ;
#2842 = ORIENTED_EDGE ( 'NONE', *, *, #1303, .F. ) ;
#2843 = CARTESIAN_POINT ( 'NONE',  ( 37.49999999999999289, 53.36984855203456846, 9.995453857262228681 ) ) ;
#2844 = ORIENTED_EDGE ( 'NONE', *, *, #3157, .T. ) ;
#2845 = CARTESIAN_POINT ( 'NONE',  ( -59.74093413980667577, 36.64048728967186008, 38.87530065372834542 ) ) ;
#2846 = CARTESIAN_POINT ( 'NONE',  ( -12.49999999999998401, 35.07499999999998153, -54.15000000000001279 ) ) ;
#2847 = EDGE_LOOP ( 'NONE', ( #6449, #2956, #2839, #2264 ) ) ;
#2848 = CARTESIAN_POINT ( 'NONE',  ( -61.19866736597670354, 38.00000000000000711, -7.005491538408941565 ) ) ;
#2849 = EDGE_CURVE ( 'NONE', #3022, #5177, #6020, .T. ) ;
#2850 = CARTESIAN_POINT ( 'NONE',  ( -57.99970010019280409, 36.30676992293005867, 43.23224526286440295 ) ) ;
#2851 = CARTESIAN_POINT ( 'NONE',  ( -58.03687832093611831, 36.48006174492287812, 42.87882519186172203 ) ) ;
#2852 = EDGE_CURVE ( 'NONE', #791, #5895, #1957, .T. ) ;
#2853 = AXIS2_PLACEMENT_3D ( 'NONE', #3434, #5452, #902 ) ;
#2854 = PLANE ( 'NONE',  #3988 ) ;
#2855 = CARTESIAN_POINT ( 'NONE',  ( -58.06250934090149940, 37.88802959708207396, 40.68668215971740665 ) ) ;
#2856 = ORIENTED_EDGE ( 'NONE', *, *, #3653, .F. ) ;
#2857 = CARTESIAN_POINT ( 'NONE',  ( -58.01872368456236018, 39.58696366481385098, 38.08871923251709291 ) ) ;
#2858 = CARTESIAN_POINT ( 'NONE',  ( 23.00000000000001421, 32.00000000000000000, -16.82499999999999929 ) ) ;
#2859 = VERTEX_POINT ( 'NONE', #5484 ) ;
#2860 = FACE_OUTER_BOUND ( 'NONE', #4670, .T. ) ;
#2861 = CARTESIAN_POINT ( 'NONE',  ( -58.01854681718920403, 36.72856656068629633, 42.47278188726333781 ) ) ;
#2862 = AXIS2_PLACEMENT_3D ( 'NONE', #1585, #2985, #5569 ) ;
#2863 = DIRECTION ( 'NONE',  ( 0.000000000000000000, 1.000000000000000000, 0.000000000000000000 ) ) ;
#2864 = CARTESIAN_POINT ( 'NONE',  ( -58.00621776148388165, 39.81627263706683806, 37.74833911238753359 ) ) ;
#2865 = DIRECTION ( 'NONE',  ( -0.000000000000000000, 1.000000000000000000, -0.000000000000000000 ) ) ;
#2866 = PLANE ( 'NONE',  #6355 ) ;
#2867 = ORIENTED_EDGE ( 'NONE', *, *, #6127, .F. ) ;
#2868 = CARTESIAN_POINT ( 'NONE',  ( 60.00000000000000000, 63.54551899874132204, 4.180324369512662841 ) ) ;
#2869 = CARTESIAN_POINT ( 'NONE',  ( -58.07115352208199255, 37.44675704416530237, 41.34931400324866502 ) ) ;
#2870 = PLANE ( 'NONE',  #1428 ) ;
#2871 = FACE_OUTER_BOUND ( 'NONE', #4995, .T. ) ;
#2872 = EDGE_CURVE ( 'NONE', #3726, #4317, #4374, .T. ) ;
#2873 = EDGE_LOOP ( 'NONE', ( #736, #1337 ) ) ;
#2874 = CARTESIAN_POINT ( 'NONE',  ( -58.00190659189213704, 36.47665159772036247, 42.88691445781041978 ) ) ;
#2875 = ORIENTED_EDGE ( 'NONE', *, *, #561, .T. ) ;
#2876 = CARTESIAN_POINT ( 'NONE',  ( -59.70850293519216478, 40.03600000000001558, -3.179290172756860322 ) ) ;
#2877 = CARTESIAN_POINT ( 'NONE',  ( -58.25454400724363069, 38.39469724459309674, 38.99309927328351222 ) ) ;
#2878 = DIRECTION ( 'NONE',  ( 0.000000000000000000, 0.5735764363510470476, -0.8191520442889911324 ) ) ;
#2879 = VERTEX_POINT ( 'NONE', #434 ) ;
#2880 = DIRECTION ( 'NONE',  ( 0.000000000000000000, -0.8191520442889912434, -0.5735764363510471586 ) ) ;
#2881 = CARTESIAN_POINT ( 'NONE',  ( -57.99769489517028376, 36.70323842072078691, 42.51498935283502334 ) ) ;
#2882 = CARTESIAN_POINT ( 'NONE',  ( -58.00321568102415881, 36.67756048913739164, 42.55296492873542746 ) ) ;
#2883 = CARTESIAN_POINT ( 'NONE',  ( -70.43535897468416351, 38.00000000000000711, 54.26535897468441050 ) ) ;
#2884 = CARTESIAN_POINT ( 'NONE',  ( -59.49457709633119862, 36.29572458367159271, 41.97948686408601304 ) ) ;
#2885 = EDGE_CURVE ( 'NONE', #5197, #2441, #1501, .T. ) ;
#2886 = ORIENTED_EDGE ( 'NONE', *, *, #1173, .F. ) ;
#2887 = CARTESIAN_POINT ( 'NONE',  ( -58.01454783421413453, 39.65445617022873392, 38.00644800977061522 ) ) ;
#2888 = CIRCLE ( 'NONE', #5429, 1.324999999999999734 ) ;
#2889 = FACE_OUTER_BOUND ( 'NONE', #985, .T. ) ;
#2890 = CIRCLE ( 'NONE', #5861, 4.925000000000013145 ) ;
#2891 = EDGE_LOOP ( 'NONE', ( #3073, #1101, #1014, #5042 ) ) ;
#2892 = DIRECTION ( 'NONE',  ( 0.000000000000000000, -0.8191520442889912434, -0.5735764363510471586 ) ) ;
#2893 = EDGE_CURVE ( 'NONE', #5329, #3450, #6063, .T. ) ;
#2894 = CARTESIAN_POINT ( 'NONE',  ( -58.65208736434281178, 36.09521812370464744, 43.77169544864902662 ) ) ;
#2895 = CIRCLE ( 'NONE', #3204, 2.000000000000000000 ) ;
#2896 = CARTESIAN_POINT ( 'NONE',  ( -71.11999999999999034, 32.00000000000000000, -57.15000000000000568 ) ) ;
#2897 = CARTESIAN_POINT ( 'NONE',  ( -58.01823006982930053, 39.65510162011631934, 37.77402486457949493 ) ) ;
#2898 = CARTESIAN_POINT ( 'NONE',  ( -63.52065792321464954, 35.00000000000000000, -57.05000000000001137 ) ) ;
#2899 = CARTESIAN_POINT ( 'NONE',  ( 56.57641349937622977, 44.37478457668439091, -2.797252329138573579 ) ) ;
#2900 = ORIENTED_EDGE ( 'NONE', *, *, #171, .T. ) ;
#2901 = FACE_OUTER_BOUND ( 'NONE', #4408, .T. ) ;
#2902 = EDGE_CURVE ( 'NONE', #1785, #6156, #4016, .T. ) ;
#2903 = CARTESIAN_POINT ( 'NONE',  ( 61.49514555529260917, 38.00000000000000711, -6.533304190391622690 ) ) ;
#2904 = DIRECTION ( 'NONE',  ( 0.000000000000000000, 0.8191520442889921316, 0.5735764363510458264 ) ) ;
#2905 = CARTESIAN_POINT ( 'NONE',  ( 28.20000000000001350, 28.40000000000000213, -54.15000000000001279 ) ) ;
#2906 = ORIENTED_EDGE ( 'NONE', *, *, #1687, .F. ) ;
#2907 = CARTESIAN_POINT ( 'NONE',  ( -58.00189911136447307, 36.68424698587142530, 42.54322853507530766 ) ) ;
#2908 = ORIENTED_EDGE ( 'NONE', *, *, #2623, .T. ) ;
#2909 = CARTESIAN_POINT ( 'NONE',  ( -58.21116514749641624, 34.00000000000000711, -2.128242384787214725 ) ) ;
#2910 = CARTESIAN_POINT ( 'NONE',  ( -58.07865983018142231, 38.72924529422999029, 39.25888405358092115 ) ) ;
#2911 = DIRECTION ( 'NONE',  ( -1.000000000000000000, 0.000000000000000000, -0.000000000000000000 ) ) ;
#2912 = EDGE_LOOP ( 'NONE', ( #1605, #6188, #3313, #5475, #4637, #283, #2170, #1397 ) ) ;
#2913 = DIRECTION ( 'NONE',  ( -1.000000000000000000, 0.000000000000000000, 0.000000000000000000 ) ) ;
#2914 = CARTESIAN_POINT ( 'NONE',  ( -57.98905892028355424, 36.67944331913464850, 42.55037262740864890 ) ) ;
#2915 = VECTOR ( 'NONE', #1118, 1000.000000000000000 ) ;
#2916 = CARTESIAN_POINT ( 'NONE',  ( -58.01148184635733429, 36.62550077003191262, 42.63229316438582117 ) ) ;
#2917 = DIRECTION ( 'NONE',  ( 1.000000000000000000, 0.000000000000000000, -5.981805089575197430E-17 ) ) ;
#2918 = CARTESIAN_POINT ( 'NONE',  ( -58.06734916226489673, 37.59261383635239895, 41.13252262339248233 ) ) ;
#2919 = ORIENTED_EDGE ( 'NONE', *, *, #1288, .T. ) ;
#2920 = CARTESIAN_POINT ( 'NONE',  ( -58.01580926752160394, 39.64095088138532930, 38.01138538025936953 ) ) ;
#2921 = DIRECTION ( 'NONE',  ( 0.000000000000000000, 0.5735764363510470476, -0.8191520442889911324 ) ) ;
#2922 = EDGE_LOOP ( 'NONE', ( #366, #1676 ) ) ;
#2923 = CARTESIAN_POINT ( 'NONE',  ( -58.01439651305096135, 36.73906069419936671, 42.45852907761254613 ) ) ;
#2924 = CIRCLE ( 'NONE', #4613, 1.324999999999999734 ) ;
#2925 = DIRECTION ( 'NONE',  ( 0.000000000000000000, 0.000000000000000000, -1.000000000000000000 ) ) ;
#2926 = VECTOR ( 'NONE', #4962, 1000.000000000000000 ) ;
#2927 = EDGE_CURVE ( 'NONE', #1365, #548, #5421, .T. ) ;
#2928 = CARTESIAN_POINT ( 'NONE',  ( -60.04202288407640964, 36.52139685696652549, 37.84783459559093188 ) ) ;
#2929 = CIRCLE ( 'NONE', #3024, 1.549999999999995826 ) ;
#2930 = EDGE_LOOP ( 'NONE', ( #1838, #143, #2271 ) ) ;
#2931 = EDGE_CURVE ( 'NONE', #3298, #5614, #404, .T. ) ;
#2932 = DIRECTION ( 'NONE',  ( 0.000000000000000000, -1.000000000000000000, 0.000000000000000000 ) ) ;
#2933 = CARTESIAN_POINT ( 'NONE',  ( -57.98995615468548692, 39.06102236448860765, 39.14780943380467448 ) ) ;
#2934 = CARTESIAN_POINT ( 'NONE',  ( 58.18174391168821558, 33.99999999999999289, 42.73734272187311234 ) ) ;
#2935 = CARTESIAN_POINT ( 'NONE',  ( 73.11999999999999034, 38.00000000000000711, 62.14999999999999858 ) ) ;
#2936 = CARTESIAN_POINT ( 'NONE',  ( -58.00290616159960422, 36.12181242216358612, 43.78217543661525468 ) ) ;
#2937 = ORIENTED_EDGE ( 'NONE', *, *, #3160, .T. ) ;
#2938 = CARTESIAN_POINT ( 'NONE',  ( -59.15549124430185657, 40.03600000000001558, -2.525978673372611727 ) ) ;
#2939 = CARTESIAN_POINT ( 'NONE',  ( -58.04661325016803630, 39.00819127772825823, 38.94231740808767483 ) ) ;
#2940 = DIRECTION ( 'NONE',  ( 0.000000000000000000, 0.8191520442889909104, 0.5735764363510474917 ) ) ;
#2941 = ORIENTED_EDGE ( 'NONE', *, *, #4294, .F. ) ;
#2942 = FACE_OUTER_BOUND ( 'NONE', #3247, .T. ) ;
#2943 = CARTESIAN_POINT ( 'NONE',  ( -57.99348274990173024, 36.17471281322589505, 43.59547259198132707 ) ) ;
#2944 = CARTESIAN_POINT ( 'NONE',  ( -58.00049666420464689, 36.73051624392084591, 42.47441929693827944 ) ) ;
#2945 = CARTESIAN_POINT ( 'NONE',  ( -12.49999999999998401, 32.00000000000000000, -50.15000000000001279 ) ) ;
#2946 = CARTESIAN_POINT ( 'NONE',  ( -57.89417863944628095, 38.04359494999710023, 40.76892042777217284 ) ) ;
#2947 = ORIENTED_EDGE ( 'NONE', *, *, #6418, .F. ) ;
#2948 = CARTESIAN_POINT ( 'NONE',  ( -58.03175693016048342, 39.48321097900517174, 38.09894389737043952 ) ) ;
#2949 = LINE ( 'NONE', #485, #5506 ) ;
#2950 = ORIENTED_EDGE ( 'NONE', *, *, #6536, .F. ) ;
#2951 = AXIS2_PLACEMENT_3D ( 'NONE', #2868, #4364, #347 ) ;
#2952 = CARTESIAN_POINT ( 'NONE',  ( -58.00991028601695376, 36.72398576387374192, 42.48252370638405750 ) ) ;
#2953 = CARTESIAN_POINT ( 'NONE',  ( -12.99999999999998401, 34.40000000000000568, -16.15000000000000568 ) ) ;
#2954 = CARTESIAN_POINT ( 'NONE',  ( -59.19961239632367977, 37.11725757760093103, 37.85903261171852563 ) ) ;
#2955 = LINE ( 'NONE', #2357, #4655 ) ;
#2956 = ORIENTED_EDGE ( 'NONE', *, *, #123, .F. ) ;
#2957 = VECTOR ( 'NONE', #621, 1000.000000000000000 ) ;
#2958 = CARTESIAN_POINT ( 'NONE',  ( -59.52523477469265600, 36.16520487132132189, 42.66785191849508152 ) ) ;
#2959 = ADVANCED_FACE ( 'NONE', ( #2901 ), #1782, .T. ) ;
#2960 = CARTESIAN_POINT ( 'NONE',  ( -37.50000000000000711, 36.50670132339097762, 34.07852395930014211 ) ) ;
#2961 = CARTESIAN_POINT ( 'NONE',  ( 58.26184658766043611, 39.31595971335129036, -6.766869544709439133 ) ) ;
#2962 = EDGE_CURVE ( 'NONE', #4477, #6083, #809, .T. ) ;
#2963 = CARTESIAN_POINT ( 'NONE',  ( 58.18174391168821558, 37.26763150234716448, 42.73734272187311234 ) ) ;
#2964 = CIRCLE ( 'NONE', #96, 3.599999999999998312 ) ;
#2965 = EDGE_CURVE ( 'NONE', #1279, #4794, #3873, .T. ) ;
#2966 = FACE_OUTER_BOUND ( 'NONE', #2646, .T. ) ;
#2967 = ADVANCED_FACE ( 'NONE', ( #4859 ), #311, .T. ) ;
#2968 = CARTESIAN_POINT ( 'NONE',  ( -58.00029318910094389, 36.63384114480716391, 42.61968553230286716 ) ) ;
#2969 = ORIENTED_EDGE ( 'NONE', *, *, #1288, .F. ) ;
#2970 = CARTESIAN_POINT ( 'NONE',  ( -11.74634644789163573, 35.26082823914958198, -12.15000000000000568 ) ) ;
#2971 = CARTESIAN_POINT ( 'NONE',  ( -58.74088907569285567, 37.58941168336281180, 38.75847810060972876 ) ) ;
#2972 = DIRECTION ( 'NONE',  ( 1.000000000000000000, 0.000000000000000000, -1.119176436114068839E-16 ) ) ;
#2973 = CARTESIAN_POINT ( 'NONE',  ( -59.24343296660943281, 38.00000000000000000, -6.842909578724129638 ) ) ;
#2974 = CARTESIAN_POINT ( 'NONE',  ( -57.98986492926979963, 36.12181242216358612, 43.78217543661525468 ) ) ;
#2975 = CARTESIAN_POINT ( 'NONE',  ( -58.00075046701050496, 36.73131375712284097, 42.47322245500180316 ) ) ;
#2976 = DIRECTION ( 'NONE',  ( 0.000000000000000000, 1.000000000000000000, -0.000000000000000000 ) ) ;
#2977 = CARTESIAN_POINT ( 'NONE',  ( -58.23868108718817638, 37.60579019972904291, 40.76671383321173181 ) ) ;
#2978 = AXIS2_PLACEMENT_3D ( 'NONE', #4319, #5380, #1889 ) ;
#2979 = ORIENTED_EDGE ( 'NONE', *, *, #5367, .F. ) ;
#2980 = CARTESIAN_POINT ( 'NONE',  ( -58.93772517010118150, 37.44470045872228070, 38.10753046843386471 ) ) ;
#2981 = CARTESIAN_POINT ( 'NONE',  ( 23.00000000000001421, 32.00000000000000000, -46.15000000000001279 ) ) ;
#2982 = ORIENTED_EDGE ( 'NONE', *, *, #5762, .T. ) ;
#2983 = CARTESIAN_POINT ( 'NONE',  ( -58.00530142011118073, 36.75361435870514981, 42.43949707072390254 ) ) ;
#2984 =( BOUNDED_SURFACE ( )  B_SPLINE_SURFACE ( 3, 2, ( 
 ( #5911, #3947, #5403 ),
 ( #4409, #445, #6402 ),
 ( #5000, #3350, #6001 ),
 ( #2371, #2973, #914 ),
 ( #1416, #5372, #3444 ),
 ( #2467, #824, #2848 ),
 ( #2407, #5464, #1847 ),
 ( #1356, #3473, #4907 ),
 ( #3415, #1882, #1939 ),
 ( #3976, #5494, #855 ) ),
 .UNSPECIFIED., .F., .F., .F. ) 
 B_SPLINE_SURFACE_WITH_KNOTS ( ( 4, 2, 2, 2, 4 ),
 ( 3, 3 ),
 ( 0.000000000000000000, 0.3926990816987241395, 0.7853981633974482790, 1.178097245096172418, 1.570796326794896558 ),
 ( 0.000000000000000000, 1.000000000000000000 ),
 .UNSPECIFIED. ) 
 GEOMETRIC_REPRESENTATION_ITEM ( )  RATIONAL_B_SPLINE_SURFACE ( (
 ( 1.000000000000000000, 0.8191520442889919096, 1.000000000000000000),
 ( 1.000000000000000000, 0.8191600913473143786, 1.000000000000000000),
 ( 1.000000000000000000, 0.8164478053468315899, 1.000000000000000000),
 ( 1.000000000000000000, 0.8058871847986444070, 1.000000000000000000),
 ( 1.000000000000000000, 0.7980300503069528428, 1.000000000000000000),
 ( 1.000000000000000000, 0.7779425145862155500, 1.000000000000000000),
 ( 1.000000000000000000, 0.7657107956964221973, 1.000000000000000000),
 ( 1.000000000000000000, 0.7382077143205720837, 1.000000000000000000),
 ( 1.000000000000000000, 0.7229448875465703805, 1.000000000000000000),
 ( 1.000000000000000000, 0.7071067811865475727, 1.000000000000000000) ) ) 
 REPRESENTATION_ITEM ( '' )  SURFACE ( )  );
#2985 = DIRECTION ( 'NONE',  ( -1.000000000000000000, 0.000000000000000000, 0.000000000000000000 ) ) ;
#2986 = EDGE_CURVE ( 'NONE', #4327, #1995, #5286, .T. ) ;
#2987 = CARTESIAN_POINT ( 'NONE',  ( -58.00754532847760458, 39.79156327077193112, 37.79958945047337693 ) ) ;
#2988 = VECTOR ( 'NONE', #669, 1000.000000000000114 ) ;
#2989 = CARTESIAN_POINT ( 'NONE',  ( 60.34314575050760965, 32.00000000000000711, 44.78059757775795902 ) ) ;
#2990 = EDGE_LOOP ( 'NONE', ( #2421, #322, #3881, #4233 ) ) ;
#2991 = CARTESIAN_POINT ( 'NONE',  ( -59.02265091458316704, 36.31605234201356325, 42.58448267658258146 ) ) ;
#2992 = CARTESIAN_POINT ( 'NONE',  ( 23.00000000000001421, 32.00000000000000000, -20.15000000000000213 ) ) ;
#2993 = CARTESIAN_POINT ( 'NONE',  ( -57.99123166552232789, 37.47616352584296351, 41.41122242518389385 ) ) ;
#2994 = CARTESIAN_POINT ( 'NONE',  ( 60.00000000000000711, 37.26763150234717159, 38.56951504288884536 ) ) ;
#2995 = CARTESIAN_POINT ( 'NONE',  ( 71.01999999999998181, 35.00000000000000000, 49.55065792321465779 ) ) ;
#2996 =( BOUNDED_CURVE ( )  B_SPLINE_CURVE ( 3, ( #1757, #3649, #5780, #93 ),
 .UNSPECIFIED., .F., .F. ) 
 B_SPLINE_CURVE_WITH_KNOTS ( ( 4, 4 ),
 ( 1.570796326794896114, 3.141592653589793116 ),
 .UNSPECIFIED. ) 
 CURVE ( )  GEOMETRIC_REPRESENTATION_ITEM ( )  RATIONAL_B_SPLINE_CURVE ( ( 1.000000000000000000, 0.8047378541243649375, 0.8047378541243649375, 1.000000000000000000 ) ) 
 REPRESENTATION_ITEM ( '' )  );
#2997 = CARTESIAN_POINT ( 'NONE',  ( -58.00182159002242344, 36.71644985365946923, 42.49534470432004696 ) ) ;
#2998 = VERTEX_POINT ( 'NONE', #6422 ) ;
#2999 = VECTOR ( 'NONE', #6274, 1000.000000000000000 ) ;
#3000 = CARTESIAN_POINT ( 'NONE',  ( 59.92961030192249439, 36.57287573425535498, 39.20081533853234390 ) ) ;
#3001 = ADVANCED_FACE ( 'NONE', ( #1868 ), #5931, .T. ) ;
#3002 = CARTESIAN_POINT ( 'NONE',  ( -58.11439347307174330, 38.13714239074954548, 40.15675715210266361 ) ) ;
#3003 = CARTESIAN_POINT ( 'NONE',  ( 73.11999999999999034, 38.00000000000000711, 59.14999999999999147 ) ) ;
#3004 = CARTESIAN_POINT ( 'NONE',  ( -58.42245700290614963, 33.99999999999999289, 42.58691323527681760 ) ) ;
#3005 = CARTESIAN_POINT ( 'NONE',  ( -57.99334229698905574, 36.67944331913464850, 42.55037262740864890 ) ) ;
#3006 = CARTESIAN_POINT ( 'NONE',  ( -58.00196261031227607, 36.66053858370992913, 42.57874214247558342 ) ) ;
#3007 = ADVANCED_FACE ( 'NONE', ( #1897 ), #3935, .T. ) ;
#3008 = DIRECTION ( 'NONE',  ( 1.000000000000000000, 0.000000000000000000, -0.000000000000000000 ) ) ;
#3009 = CARTESIAN_POINT ( 'NONE',  ( -58.08108093121828830, 37.53396837147042220, 41.19921691645113526 ) ) ;
#3010 = ORIENTED_EDGE ( 'NONE', *, *, #2656, .F. ) ;
#3011 = CARTESIAN_POINT ( 'NONE',  ( -57.97892505584724177, 39.92542584717497789, 38.02312973708392008 ) ) ;
#3012 = CARTESIAN_POINT ( 'NONE',  ( 59.72214288824189055, 36.47791219860096135, -5.574601400057111356 ) ) ;
#3013 = FACE_OUTER_BOUND ( 'NONE', #1532, .T. ) ;
#3014 = ORIENTED_EDGE ( 'NONE', *, *, #459, .F. ) ;
#3015 = CARTESIAN_POINT ( 'NONE',  ( -58.00643273694759472, 36.71102499837638078, 42.50261218737154678 ) ) ;
#3016 = EDGE_CURVE ( 'NONE', #5787, #2767, #1591, .T. ) ;
#3017 = CARTESIAN_POINT ( 'NONE',  ( -57.98479140330373838, 36.68109340537446172, 42.54791583268632138 ) ) ;
#3018 = CARTESIAN_POINT ( 'NONE',  ( 57.99999999999999289, 32.00000000000000000, 44.78059757775795191 ) ) ;
#3019 = CARTESIAN_POINT ( 'NONE',  ( -37.50000000000000711, 35.58897902517644951, 35.38916723023800159 ) ) ;
#3020 = CARTESIAN_POINT ( 'NONE',  ( -58.00621586622938963, 39.81226236969737897, 37.79192492858879149 ) ) ;
#3021 = DIRECTION ( 'NONE',  ( 0.000000000000000000, -0.5735764363510470476, 0.8191520442889911324 ) ) ;
#3022 = VERTEX_POINT ( 'NONE', #6047 ) ;
#3023 = CARTESIAN_POINT ( 'NONE',  ( -58.00526725608628453, 37.23767686019000678, 41.73489159023801420 ) ) ;
#3024 = AXIS2_PLACEMENT_3D ( 'NONE', #385, #3914, #6430 ) ;
#3025 = DIRECTION ( 'NONE',  ( 0.000000000000000000, -1.000000000000000000, 0.000000000000000000 ) ) ;
#3026 = CARTESIAN_POINT ( 'NONE',  ( 61.99999999999226219, 38.00000000000000711, -4.946846333483083669 ) ) ;
#3027 = DIRECTION ( 'NONE',  ( 0.000000000000000000, 0.000000000000000000, 1.000000000000000000 ) ) ;
#3028 = DIRECTION ( 'NONE',  ( 0.000000000000000000, -0.8191520442889911324, -0.5735764363510470476 ) ) ;
#3029 = CARTESIAN_POINT ( 'NONE',  ( -58.00190308681790441, 36.68259555675408734, 42.54568411613967527 ) ) ;
#3030 = VERTEX_POINT ( 'NONE', #4652 ) ;
#3031 = DIRECTION ( 'NONE',  ( 1.000000000000000000, 0.000000000000000000, 0.000000000000000000 ) ) ;
#3032 = CARTESIAN_POINT ( 'NONE',  ( -58.06253893976997205, 38.24503105945966297, 40.13566844806337741 ) ) ;
#3033 = AXIS2_PLACEMENT_3D ( 'NONE', #1366, #833, #4823 ) ;
#3034 = CARTESIAN_POINT ( 'NONE',  ( 23.00000000000001421, 32.00000000000000000, -46.15000000000001279 ) ) ;
#3035 = CARTESIAN_POINT ( 'NONE',  ( -36.00000000000000000, 58.30090585110679058, 15.15730177368267206 ) ) ;
#3036 = CARTESIAN_POINT ( 'NONE',  ( -57.99039198964432273, 36.17471281322589505, 43.59547259198132707 ) ) ;
#3037 = CARTESIAN_POINT ( 'NONE',  ( -58.00085572177070503, 36.68264083022156541, 42.54559066958511693 ) ) ;
#3038 = CIRCLE ( 'NONE', #178, 3.325000000000001510 ) ;
#3039 = DIRECTION ( 'NONE',  ( 0.000000000000000000, -0.5735764363510470476, 0.8191520442889911324 ) ) ;
#3040 = CARTESIAN_POINT ( 'NONE',  ( -58.04133740245355000, 37.55138181483899018, 41.23679928436772002 ) ) ;
#3041 = ORIENTED_EDGE ( 'NONE', *, *, #6046, .F. ) ;
#3042 = CARTESIAN_POINT ( 'NONE',  ( -58.01060979885240698, 39.55059945189272952, 38.27581704624623171 ) ) ;
#3043 = CARTESIAN_POINT ( 'NONE',  ( 57.50962616674808459, 46.25824894800436482, -6.595136940325256880 ) ) ;
#3044 = EDGE_CURVE ( 'NONE', #3858, #6034, #530, .T. ) ;
#3045 = DIRECTION ( 'NONE',  ( -0.000000000000000000, 1.000000000000000000, -0.000000000000000000 ) ) ;
#3046 = EDGE_CURVE ( 'NONE', #4470, #3812, #5593, .T. ) ;
#3047 = CARTESIAN_POINT ( 'NONE',  ( -58.01916756507132789, 36.69567145173293454, 42.52256689597221140 ) ) ;
#3048 = CARTESIAN_POINT ( 'NONE',  ( -57.98561074342218546, 36.88819848186236072, 42.23996427362528294 ) ) ;
#3049 = DIRECTION ( 'NONE',  ( 0.000000000000000000, 0.000000000000000000, 1.000000000000000000 ) ) ;
#3050 = DIRECTION ( 'NONE',  ( 0.000000000000000000, 0.5735764363510470476, -0.8191520442889911324 ) ) ;
#3051 = CARTESIAN_POINT ( 'NONE',  ( -58.00982325467708733, 39.75021169857645020, 37.85722686807256565 ) ) ;
#3052 = LINE ( 'NONE', #693, #5017 ) ;
#3053 = ORIENTED_EDGE ( 'NONE', *, *, #2765, .T. ) ;
#3054 = CARTESIAN_POINT ( 'NONE',  ( -58.05306227088311744, 36.99186127000892554, 42.05782719167140726 ) ) ;
#3055 = AXIS2_PLACEMENT_3D ( 'NONE', #4178, #2892, #5414 ) ;
#3056 = CARTESIAN_POINT ( 'NONE',  ( -57.99999999999999289, 40.00000000000000711, 44.78059757775796612 ) ) ;
#3057 = CARTESIAN_POINT ( 'NONE',  ( -58.00412208539255943, 39.85349746369733026, 37.70476594901575851 ) ) ;
#3058 = DIRECTION ( 'NONE',  ( 0.000000000000000000, 1.000000000000000000, 0.000000000000000000 ) ) ;
#3059 = LINE ( 'NONE', #904, #3554 ) ;
#3060 = ORIENTED_EDGE ( 'NONE', *, *, #3046, .T. ) ;
#3061 = CARTESIAN_POINT ( 'NONE',  ( -57.99976444342035364, 36.65976105118530626, 42.57996045073739566 ) ) ;
#3062 = EDGE_LOOP ( 'NONE', ( #5428, #3407, #6315, #5152 ) ) ;
#3063 = AXIS2_PLACEMENT_3D ( 'NONE', #4018, #955, #6104 ) ;
#3064 = FACE_OUTER_BOUND ( 'NONE', #1442, .T. ) ;
#3065 = EDGE_CURVE ( 'NONE', #2073, #4160, #6450, .T. ) ;
#3066 = CARTESIAN_POINT ( 'NONE',  ( -58.01372887957709423, 38.38005772020040496, 40.06785517480830094 ) ) ;
#3067 = FACE_OUTER_BOUND ( 'NONE', #1567, .T. ) ;
#3068 = CARTESIAN_POINT ( 'NONE',  ( -58.22574795228237576, 34.00000000000000711, 42.71501805061278390 ) ) ;
#3069 = CARTESIAN_POINT ( 'NONE',  ( -58.07262874771776495, 37.37656864875451390, 41.45417572445232679 ) ) ;
#3070 = CARTESIAN_POINT ( 'NONE',  ( -58.03756083135004218, 36.24103912487575485, 43.41233015692750996 ) ) ;
#3071 = CARTESIAN_POINT ( 'NONE',  ( 59.17157287525380127, 38.36169591142202506, 43.63344470505585093 ) ) ;
#3072 = CARTESIAN_POINT ( 'NONE',  ( -58.11945321882431159, 37.44298847270840014, 41.27877256654322480 ) ) ;
#3073 = ORIENTED_EDGE ( 'NONE', *, *, #3970, .T. ) ;
#3074 = CARTESIAN_POINT ( 'NONE',  ( -58.02189615854051397, 39.53020949384870164, 38.16736080990538227 ) ) ;
#3075 = CARTESIAN_POINT ( 'NONE',  ( 56.00000000000000000, 46.25824894800437903, -4.078352470532377261 ) ) ;
#3076 = CARTESIAN_POINT ( 'NONE',  ( 62.00000000000000000, 31.99000000000000554, -4.389543696378559900 ) ) ;
#3077 = CARTESIAN_POINT ( 'NONE',  ( -58.01363813855151363, 36.70940681541788564, 42.50326381063600678 ) ) ;
#3078 = VECTOR ( 'NONE', #3685, 1000.000000000000000 ) ;
#3079 = EDGE_CURVE ( 'NONE', #292, #3886, #1089, .T. ) ;
#3080 = CARTESIAN_POINT ( 'NONE',  ( -57.98053279457117526, 36.68176984219542192, 42.54691190667185907 ) ) ;
#3081 = DIRECTION ( 'NONE',  ( 0.000000000000000000, -0.5735764363510470476, 0.8191520442889911324 ) ) ;
#3082 = CARTESIAN_POINT ( 'NONE',  ( 36.00000000000000000, 36.36169591142201796, 43.00284712729789760 ) ) ;
#3083 = CARTESIAN_POINT ( 'NONE',  ( -58.01193351458137926, 39.72648518971747933, 37.82689312299573459 ) ) ;
#3084 = EDGE_CURVE ( 'NONE', #3767, #5082, #5544, .T. ) ;
#3085 = LINE ( 'NONE', #2083, #2181 ) ;
#3086 = CARTESIAN_POINT ( 'NONE',  ( -57.98650851928562844, 37.20690920892113951, 41.79312106031984797 ) ) ;
#3087 = DIRECTION ( 'NONE',  ( 0.000000000000000000, -1.000000000000000000, 0.000000000000000000 ) ) ;
#3088 = CARTESIAN_POINT ( 'NONE',  ( -58.00376385086939024, 39.86046367656014411, 37.70220706708735037 ) ) ;
#3089 = CARTESIAN_POINT ( 'NONE',  ( -37.50000000000000711, 52.22269567938673873, 11.63375794576270650 ) ) ;
#3090 = DIRECTION ( 'NONE',  ( -0.000000000000000000, 1.000000000000000000, -0.000000000000000000 ) ) ;
#3091 = ORIENTED_EDGE ( 'NONE', *, *, #120, .T. ) ;
#3092 = AXIS2_PLACEMENT_3D ( 'NONE', #5651, #4999, #4629 ) ;
#3093 = ADVANCED_FACE ( 'NONE', ( #2487 ), #497, .F. ) ;
#3094 = ORIENTED_EDGE ( 'NONE', *, *, #2806, .F. ) ;
#3095 = VECTOR ( 'NONE', #4621, 1000.000000000000000 ) ;
#3096 = CARTESIAN_POINT ( 'NONE',  ( -10.12673965676616561, 36.00000000000000711, -12.15000000000000568 ) ) ;
#3097 = CARTESIAN_POINT ( 'NONE',  ( -58.23613178769928567, 37.90835190511906916, 40.19938588474922625 ) ) ;
#3098 = LINE ( 'NONE', #5125, #3956 ) ;
#3099 = B_SPLINE_SURFACE_WITH_KNOTS ( 'NONE', 3, 1, ( 
 ( #2636, #85 ),
 ( #4639, #3641 ),
 ( #4043, #1549 ),
 ( #1480, #3542 ),
 ( #116, #580 ),
 ( #517, #5598 ),
 ( #1109, #4604 ),
 ( #2505, #2537 ),
 ( #6098, #5533 ),
 ( #1612, #2106 ),
 ( #982, #2604 ),
 ( #3012, #55 ),
 ( #4540, #5040 ),
 ( #4136, #6559 ),
 ( #2007, #5563 ),
 ( #6163, #1016 ),
 ( #6068, #4573 ),
 ( #5167, #5661 ),
 ( #612, #3043 ),
 ( #2075, #3932 ),
 ( #3139, #21 ),
 ( #4672, #2043 ),
 ( #4077, #6036 ),
 ( #1517, #3576 ),
 ( #5071, #1579 ),
 ( #1046, #3075 ),
 ( #5104, #550 ),
 ( #2569, #4106 ),
 ( #6132, #3606 ),
 ( #5627, #785 ),
 ( #3174, #3210 ),
 ( #1711, #717 ),
 ( #5840, #681 ),
 ( #3675, #5235 ) ),
 .UNSPECIFIED., .T., .F., .F.,
 ( 4, 2, 2, 2, 2, 2, 2, 2, 2, 2, 2, 2, 2, 2, 2, 2, 4 ),
 ( 2, 2 ),
 ( 0.000000000000000000, 0.06250000000000000000, 0.1250000000000000000, 0.1875000000000000000, 0.2500000000000000000, 0.3125000000000000000, 0.3750000000000000000, 0.4375000000000000000, 0.5000000000000000000, 0.5625000000000000000, 0.6250000000000000000, 0.6875000000000000000, 0.7500000000000000000, 0.8125000000000000000, 0.8750000000000000000, 0.9375000000000000000, 1.000000000000000000 ),
 ( 0.000000000000000000, 1.000000000000000000 ),
 .UNSPECIFIED. ) ;
#3100 = CARTESIAN_POINT ( 'NONE',  ( -58.23237156997210917, 37.19189574582088653, 41.52105064574851667 ) ) ;
#3101 = CARTESIAN_POINT ( 'NONE',  ( -58.00294276218309619, 36.62147364884755518, 42.63916363984731106 ) ) ;
#3102 = CARTESIAN_POINT ( 'NONE',  ( 71.11999999999999034, 32.00000000000000000, 44.78059757775795902 ) ) ;
#3103 = CARTESIAN_POINT ( 'NONE',  ( -58.07192297575335971, 37.54799536534212479, 41.19312101161532524 ) ) ;
#3104 = ORIENTED_EDGE ( 'NONE', *, *, #5558, .F. ) ;
#3105 = CARTESIAN_POINT ( 'NONE',  ( -58.18721051216322593, 38.74443965048940441, 38.36103736712579604 ) ) ;
#3106 = CARTESIAN_POINT ( 'NONE',  ( -12.99999999999998401, 35.07500000000000284, -12.15000000000000568 ) ) ;
#3107 = CARTESIAN_POINT ( 'NONE',  ( 37.49999999999999289, 54.28757085025051055, 8.684810586322338821 ) ) ;
#3108 = CARTESIAN_POINT ( 'NONE',  ( -58.00291366966148843, 36.69251213817568669, 42.53072872634219692 ) ) ;
#3109 = CARTESIAN_POINT ( 'NONE',  ( -57.97334967931909233, 36.24074136807797686, 43.41385892742286501 ) ) ;
#3110 = LINE ( 'NONE', #5539, #6388 ) ;
#3111 = FACE_OUTER_BOUND ( 'NONE', #1362, .T. ) ;
#3112 = CARTESIAN_POINT ( 'NONE',  ( -57.99652107231792542, 39.96376175926202734, 37.74999973497683925 ) ) ;
#3113 = LINE ( 'NONE', #6043, #3281 ) ;
#3114 = LINE ( 'NONE', #2612, #5914 ) ;
#3115 = CARTESIAN_POINT ( 'NONE',  ( -57.99361389342491435, 37.11470114169777901, 41.91984246322052599 ) ) ;
#3116 = AXIS2_PLACEMENT_3D ( 'NONE', #1166, #599, #4192 ) ;
#3117 = EDGE_CURVE ( 'NONE', #6018, #1316, #5019, .T. ) ;
#3118 = CARTESIAN_POINT ( 'NONE',  ( -12.49999999999998401, 34.39999999999997726, -53.47500000000001563 ) ) ;
#3119 = CARTESIAN_POINT ( 'NONE',  ( -58.30893958525641096, 38.41716191175920159, 37.75780790371997142 ) ) ;
#3120 = LINE ( 'NONE', #5150, #2285 ) ;
#3121 = CARTESIAN_POINT ( 'NONE',  ( 70.05933982822018891, 35.00000000000000000, 54.53933982822016446 ) ) ;
#3122 = ORIENTED_EDGE ( 'NONE', *, *, #3274, .T. ) ;
#3123 = EDGE_CURVE ( 'NONE', #2158, #1279, #80, .T. ) ;
#3124 = VECTOR ( 'NONE', #2776, 1000.000000000000114 ) ;
#3125 = ORIENTED_EDGE ( 'NONE', *, *, #4731, .T. ) ;
#3126 = CARTESIAN_POINT ( 'NONE',  ( 59.38445669242074132, 36.97006576333533445, 41.17171166718929243 ) ) ;
#3127 = CIRCLE ( 'NONE', #2592, 2.000000000000001776 ) ;
#3128 = CARTESIAN_POINT ( 'NONE',  ( -58.11819751006200363, 38.45830203978936623, 39.56604509369730494 ) ) ;
#3129 = DIRECTION ( 'NONE',  ( 1.000000000000000000, 0.000000000000000000, -1.119176436114068839E-16 ) ) ;
#3130 = AXIS2_PLACEMENT_3D ( 'NONE', #2314, #1148, #5775 ) ;
#3131 = PLANE ( 'NONE',  #6347 ) ;
#3132 = EDGE_LOOP ( 'NONE', ( #6293, #2602, #1063, #138 ) ) ;
#3133 = CARTESIAN_POINT ( 'NONE',  ( -58.13771430092222658, 37.28618185121372619, 41.50349299873153086 ) ) ;
#3134 = CARTESIAN_POINT ( 'NONE',  ( -58.00015639386847965, 36.78256989329698001, 42.39702736345802947 ) ) ;
#3135 = CARTESIAN_POINT ( 'NONE',  ( -70.43535897468416351, 38.00000000000000711, 55.81535897468440766 ) ) ;
#3136 = CARTESIAN_POINT ( 'NONE',  ( -58.79297427977979851, 36.72234722334805213, 41.64923889825594472 ) ) ;
#3137 = ORIENTED_EDGE ( 'NONE', *, *, #3323, .T. ) ;
#3138 = CARTESIAN_POINT ( 'NONE',  ( -59.66504701002759248, 36.72375663979742910, 38.22357605097990074 ) ) ;
#3139 = CARTESIAN_POINT ( 'NONE',  ( 56.82036039240797010, 36.47791219860094714, -6.233497205144183262 ) ) ;
#3140 = ORIENTED_EDGE ( 'NONE', *, *, #5835, .F. ) ;
#3141 = CARTESIAN_POINT ( 'NONE',  ( -12.99999999999998401, 32.00000000000000000, -16.15000000000000568 ) ) ;
#3142 = CARTESIAN_POINT ( 'NONE',  ( -58.00296388124245794, 36.69000709583271203, 42.53444943827331315 ) ) ;
#3143 = CARTESIAN_POINT ( 'NONE',  ( -57.98421046912949350, 36.17471281322589505, 43.59547259198132707 ) ) ;
#3144 = PLANE ( 'NONE',  #3620 ) ;
#3145 = CYLINDRICAL_SURFACE ( 'NONE', #3763, 3.000000000000002665 ) ;
#3146 = CARTESIAN_POINT ( 'NONE',  ( -58.01101635742574558, 39.73369520737065130, 37.86372266756948335 ) ) ;
#3147 = ADVANCED_FACE ( 'NONE', ( #6145 ), #97, .T. ) ;
#3148 = DIRECTION ( 'NONE',  ( 0.000000000000000000, 0.000000000000000000, 1.000000000000000000 ) ) ;
#3149 = VERTEX_POINT ( 'NONE', #4148 ) ;
#3150 = CARTESIAN_POINT ( 'NONE',  ( -58.84126208792942236, 36.16597420562050758, 43.31298308308704037 ) ) ;
#3151 = CARTESIAN_POINT ( 'NONE',  ( -59.41343236727677635, 36.94773218120828062, -2.792235910096710239 ) ) ;
#3152 = CARTESIAN_POINT ( 'NONE',  ( -57.99762005803081166, 39.97904302723960512, 37.67585877353271684 ) ) ;
#3153 = CARTESIAN_POINT ( 'NONE',  ( 57.99999999999999289, 66.67882181755236104, 3.192397785550443956 ) ) ;
#3154 = CARTESIAN_POINT ( 'NONE',  ( 58.01869362615267534, 39.55345590431601721, -6.646553112625825044 ) ) ;
#3155 = CARTESIAN_POINT ( 'NONE',  ( 76.11999999999999034, 35.00000000000000000, 0.000000000000000000 ) ) ;
#3156 = ORIENTED_EDGE ( 'NONE', *, *, #5738, .T. ) ;
#3157 = EDGE_CURVE ( 'NONE', #4265, #5426, #6178, .T. ) ;
#3158 = VECTOR ( 'NONE', #2735, 1000.000000000000000 ) ;
#3159 = ORIENTED_EDGE ( 'NONE', *, *, #2393, .F. ) ;
#3160 = EDGE_CURVE ( 'NONE', #5871, #4265, #2055, .T. ) ;
#3161 = CARTESIAN_POINT ( 'NONE',  ( 37.49999999999999289, 55.20529314835791013, 7.374167315537461853 ) ) ;
#3162 = EDGE_CURVE ( 'NONE', #4837, #2747, #4523, .T. ) ;
#3163 = CARTESIAN_POINT ( 'NONE',  ( -58.03649430788443908, 37.94810841344440888, 40.65037798922580947 ) ) ;
#3164 = FACE_OUTER_BOUND ( 'NONE', #738, .T. ) ;
#3165 = EDGE_CURVE ( 'NONE', #4552, #4205, #5513, .T. ) ;
#3166 = ORIENTED_EDGE ( 'NONE', *, *, #1359, .F. ) ;
#3167 = CARTESIAN_POINT ( 'NONE',  ( -58.13842056413312065, 37.31716706641803682, 41.45234600384416268 ) ) ;
#3168 = CARTESIAN_POINT ( 'NONE',  ( -58.00106492445725337, 36.88827185302550760, 42.23985206707136797 ) ) ;
#3169 =( BOUNDED_SURFACE ( )  B_SPLINE_SURFACE ( 3, 1, ( 
 ( #5638, #6076 ),
 ( #2482, #527 ),
 ( #2082, #1524 ),
 ( #6017, #1085 ) ),
 .UNSPECIFIED., .F., .F., .F. ) 
 B_SPLINE_SURFACE_WITH_KNOTS ( ( 4, 4 ),
 ( 2, 2 ),
 ( 0.000000000000000000, 1.000000000000000000 ),
 ( 0.000000000000000000, 1.000000000000000000 ),
 .UNSPECIFIED. ) 
 GEOMETRIC_REPRESENTATION_ITEM ( )  RATIONAL_B_SPLINE_SURFACE ( (
 ( 1.000000000000000000, 1.000000000000000000),
 ( 0.8047378541243646044, 0.8047378541243646044),
 ( 0.8047378541243646044, 0.8047378541243646044),
 ( 1.000000000000000000, 1.000000000000000000) ) ) 
 REPRESENTATION_ITEM ( '' )  SURFACE ( )  );
#3170 = CARTESIAN_POINT ( 'NONE',  ( -59.22909344090447092, 38.68990254338030610, 42.46617665280564324 ) ) ;
#3171 = CARTESIAN_POINT ( 'NONE',  ( -58.23369278600745247, 37.22119495433943825, 41.46715795398920790 ) ) ;
#3172 = ORIENTED_EDGE ( 'NONE', *, *, #4224, .F. ) ;
#3173 = CARTESIAN_POINT ( 'NONE',  ( -58.03656899318469442, 39.21939341675200552, 38.63084986216760797 ) ) ;
#3174 = CARTESIAN_POINT ( 'NONE',  ( 57.04230406909798745, 36.47791219860094714, -2.389944568551908954 ) ) ;
#3175 = ORIENTED_EDGE ( 'NONE', *, *, #376, .T. ) ;
#3176 = DIRECTION ( 'NONE',  ( 0.000000000000000000, 0.8191520442889909104, 0.5735764363510474917 ) ) ;
#3177 = CARTESIAN_POINT ( 'NONE',  ( -58.00779921022874674, 36.67898434192122181, 42.55018904043601680 ) ) ;
#3178 = ADVANCED_FACE ( 'NONE', ( #963 ), #6540, .F. ) ;
#3179 = LINE ( 'NONE', #4347, #1115 ) ;
#3180 = FACE_OUTER_BOUND ( 'NONE', #1425, .T. ) ;
#3181 = FACE_OUTER_BOUND ( 'NONE', #2891, .T. ) ;
#3182 = CARTESIAN_POINT ( 'NONE',  ( -58.88585356759393363, 37.51289361966450997, 37.87623395294469475 ) ) ;
#3183 = DIRECTION ( 'NONE',  ( 0.000000000000000000, 0.8191520442889906883, 0.5735764363510477137 ) ) ;
#3184 = CARTESIAN_POINT ( 'NONE',  ( -60.34314575050762386, 34.00000000000000000, -8.646254786282208116 ) ) ;
#3185 = VECTOR ( 'NONE', #5712, 1000.000000000000000 ) ;
#3186 = VECTOR ( 'NONE', #3212, 1000.000000000000000 ) ;
#3187 = CARTESIAN_POINT ( 'NONE',  ( -58.12726690636684879, 36.70034834762349618, 42.46541947977795672 ) ) ;
#3188 = CARTESIAN_POINT ( 'NONE',  ( 60.01447591760370415, 38.00000000000000711, 43.90041071341114787 ) ) ;
#3189 = CARTESIAN_POINT ( 'NONE',  ( -58.00448260204445461, 39.84653134665086327, 37.70732457754139233 ) ) ;
#3190 = AXIS2_PLACEMENT_3D ( 'NONE', #4747, #1723, #3148 ) ;
#3191 = FACE_BOUND ( 'NONE', #4202, .T. ) ;
#3192 = CARTESIAN_POINT ( 'NONE',  ( -59.95331527984739495, 34.00000000000000711, -4.948540731134304593 ) ) ;
#3193 = EDGE_LOOP ( 'NONE', ( #169, #3264, #683, #2282 ) ) ;
#3194 = LINE ( 'NONE', #542, #411 ) ;
#3195 = ORIENTED_EDGE ( 'NONE', *, *, #5389, .F. ) ;
#3196 = VERTEX_POINT ( 'NONE', #6079 ) ;
#3197 = CARTESIAN_POINT ( 'NONE',  ( 56.06033495139379141, 38.48577181483881304, -4.940677683664027597 ) ) ;
#3198 = DIRECTION ( 'NONE',  ( 0.000000000000000000, 0.000000000000000000, 1.000000000000000000 ) ) ;
#3199 = VECTOR ( 'NONE', #2972, 1000.000000000000000 ) ;
#3200 = CYLINDRICAL_SURFACE ( 'NONE', #1536, 1.549999999999995826 ) ;
#3201 = VERTEX_POINT ( 'NONE', #1528 ) ;
#3202 = CARTESIAN_POINT ( 'NONE',  ( -58.07087502668513679, 37.38102971792343254, 41.44986842546332184 ) ) ;
#3203 = CARTESIAN_POINT ( 'NONE',  ( -58.00033970749019829, 36.68147965164266822, 42.54733649986994948 ) ) ;
#3204 = AXIS2_PLACEMENT_3D ( 'NONE', #1472, #5094, #3502 ) ;
#3205 = ADVANCED_FACE ( 'NONE', ( #2550 ), #4586, .T. ) ;
#3206 = CARTESIAN_POINT ( 'NONE',  ( -58.37976831692849800, 38.00000000000000000, 44.14999999999089653 ) ) ;
#3207 = CARTESIAN_POINT ( 'NONE',  ( -58.40158396053481482, 37.02825407976636285, 41.58398454428586888 ) ) ;
#3208 = ORIENTED_EDGE ( 'NONE', *, *, #2601, .T. ) ;
#3209 = CARTESIAN_POINT ( 'NONE',  ( -58.03547551629817747, 39.22565959456903784, 38.62851963058326277 ) ) ;
#3210 = CARTESIAN_POINT ( 'NONE',  ( 57.04230406909798745, 46.25824894800436482, -2.389944568551908954 ) ) ;
#3211 = VERTEX_POINT ( 'NONE', #5609 ) ;
#3212 = DIRECTION ( 'NONE',  ( 0.000000000000000000, 1.000000000000000000, 0.000000000000000000 ) ) ;
#3213 = CARTESIAN_POINT ( 'NONE',  ( 23.00000000000001421, 36.00000000000000711, -20.15000000000000213 ) ) ;
#3214 = CARTESIAN_POINT ( 'NONE',  ( -58.01917173960735141, 36.63302493173457464, 42.61933481794542189 ) ) ;
#3215 = EDGE_CURVE ( 'NONE', #8, #1027, #2518, .T. ) ;
#3216 = CARTESIAN_POINT ( 'NONE',  ( 58.51145117230039006, 34.00000000000000000, 42.50804328343888727 ) ) ;
#3217 = LINE ( 'NONE', #4173, #2027 ) ;
#3218 =( LENGTH_UNIT ( ) NAMED_UNIT ( * ) SI_UNIT ( .MILLI., .METRE. ) );
#3219 = CARTESIAN_POINT ( 'NONE',  ( -58.34459905282928815, 38.33953722815907383, 37.91843358174712364 ) ) ;
#3220 = DIRECTION ( 'NONE',  ( 0.000000000000000000, 0.000000000000000000, -1.000000000000000000 ) ) ;
#3221 = CARTESIAN_POINT ( 'NONE',  ( -62.00000000000000000, 34.00000000000000711, -4.389543696378558124 ) ) ;
#3222 = CARTESIAN_POINT ( 'NONE',  ( -58.04253693739214981, 36.91758073329519618, 42.17672793065743519 ) ) ;
#3223 = CARTESIAN_POINT ( 'NONE',  ( -57.99999552354899635, 36.53589838490153596, 42.78059757768987481 ) ) ;
#3224 = CARTESIAN_POINT ( 'NONE',  ( -60.03459885119922035, 36.52551804733181484, 37.79922085372480467 ) ) ;
#3225 = FACE_OUTER_BOUND ( 'NONE', #4508, .T. ) ;
#3226 = CARTESIAN_POINT ( 'NONE',  ( -12.99999999999998401, 36.00000000000000711, -21.07500000000001705 ) ) ;
#3227 = ORIENTED_EDGE ( 'NONE', *, *, #2885, .T. ) ;
#3228 = CIRCLE ( 'NONE', #792, 1.549999999999995826 ) ;
#3229 = DIRECTION ( 'NONE',  ( 0.000000000000000000, 0.8191520442889909104, 0.5735764363510474917 ) ) ;
#3230 = ORIENTED_EDGE ( 'NONE', *, *, #4264, .T. ) ;
#3231 = ORIENTED_EDGE ( 'NONE', *, *, #4355, .F. ) ;
#3232 = DIRECTION ( 'NONE',  ( 1.000000000000000000, 0.000000000000000000, -0.000000000000000000 ) ) ;
#3233 =( GEOMETRIC_REPRESENTATION_CONTEXT ( 3 ) GLOBAL_UNCERTAINTY_ASSIGNED_CONTEXT ( ( #616 ) ) GLOBAL_UNIT_ASSIGNED_CONTEXT ( ( #3218, #4745, #5884 ) ) REPRESENTATION_CONTEXT ( 'NONE', 'WORKASPACE' ) );
#3234 = DIRECTION ( 'NONE',  ( 0.000000000000000000, 0.5735764363510470476, -0.8191520442889911324 ) ) ;
#3235 = CARTESIAN_POINT ( 'NONE',  ( -12.99999999999998401, 34.40000000000000568, -12.82500000000000462 ) ) ;
#3236 = ORIENTED_EDGE ( 'NONE', *, *, #5738, .F. ) ;
#3237 = CARTESIAN_POINT ( 'NONE',  ( -58.13324237299251962, 37.16685782837895857, 41.70209727040138148 ) ) ;
#3238 = CARTESIAN_POINT ( 'NONE',  ( -58.00044968652695587, 36.63385059160958690, 42.61966995643189904 ) ) ;
#3239 = VERTEX_POINT ( 'NONE', #4726 ) ;
#3240 = AXIS2_PLACEMENT_3D ( 'NONE', #1735, #4194, #6223 ) ;
#3241 = CARTESIAN_POINT ( 'NONE',  ( -73.11999999999999034, 38.00000000000000711, 62.14999999999999858 ) ) ;
#3242 = CARTESIAN_POINT ( 'NONE',  ( -59.43141414314459325, 36.27502043695145062, 42.18825659740596024 ) ) ;
#3243 = AXIS2_PLACEMENT_3D ( 'NONE', #4569, #4600, #2565 ) ;
#3244 = VERTEX_POINT ( 'NONE', #1134 ) ;
#3245 = CARTESIAN_POINT ( 'NONE',  ( -58.03438422437186262, 39.23192619068645115, 38.62618908571187859 ) ) ;
#3246 = DIRECTION ( 'NONE',  ( 0.000000000000000000, -0.000000000000000000, -1.000000000000000000 ) ) ;
#3247 = EDGE_LOOP ( 'NONE', ( #4759, #5804, #4293, #1709 ) ) ;
#3248 = CARTESIAN_POINT ( 'NONE',  ( -31.00000000000000000, 38.00000000000000711, -54.15000000000000568 ) ) ;
#3249 = LINE ( 'NONE', #2108, #5619 ) ;
#3250 = CARTESIAN_POINT ( 'NONE',  ( -57.99657351015913775, 36.17471281322589505, 43.59547259198132707 ) ) ;
#3251 = CARTESIAN_POINT ( 'NONE',  ( -58.27563984634307559, 36.12609880563208975, 43.73652836126552756 ) ) ;
#3252 = CARTESIAN_POINT ( 'NONE',  ( -28.20000000000001350, 38.40000000000000568, -51.35000000000002274 ) ) ;
#3253 = DIRECTION ( 'NONE',  ( 0.000000000000000000, 0.9396926207859082059, 0.3420201433256696566 ) ) ;
#3254 = CARTESIAN_POINT ( 'NONE',  ( -58.01169693919202075, 39.70912353248973403, 37.92928102619647035 ) ) ;
#3255 = EDGE_CURVE ( 'NONE', #256, #3642, #2741, .T. ) ;
#3256 = CARTESIAN_POINT ( 'NONE',  ( 37.49999999999999289, 60.93935745832159512, 11.38920236995330626 ) ) ;
#3257 = PLANE ( 'NONE',  #5575 ) ;
#3258 = CARTESIAN_POINT ( 'NONE',  ( -58.03192637926127873, 36.84496284402857214, 42.29297452047779160 ) ) ;
#3259 = CARTESIAN_POINT ( 'NONE',  ( 58.37976831692829194, 38.00000000000000711, 44.14999999998726565 ) ) ;
#3260 = CARTESIAN_POINT ( 'NONE',  ( -58.02265838162270484, 39.61177854413846688, 37.75705656516498721 ) ) ;
#3261 = DIRECTION ( 'NONE',  ( 0.000000000000000000, 0.000000000000000000, 1.000000000000000000 ) ) ;
#3262 = CARTESIAN_POINT ( 'NONE',  ( -12.99999999999998401, 36.00000000000000711, -17.47500000000000497 ) ) ;
#3263 = EDGE_LOOP ( 'NONE', ( #1613, #5683 ) ) ;
#3264 = ORIENTED_EDGE ( 'NONE', *, *, #2849, .T. ) ;
#3265 = ORIENTED_EDGE ( 'NONE', *, *, #1303, .T. ) ;
#3266 = ORIENTED_EDGE ( 'NONE', *, *, #3948, .F. ) ;
#3267 = CARTESIAN_POINT ( 'NONE',  ( 57.99999999999999289, 36.53589838486225005, -6.646254786282211668 ) ) ;
#3268 = DIRECTION ( 'NONE',  ( 0.000000000000000000, 0.000000000000000000, -1.000000000000000000 ) ) ;
#3269 = CARTESIAN_POINT ( 'NONE',  ( 70.05933982822017470, 38.00000000000000711, -54.53933982822017867 ) ) ;
#3270 = ORIENTED_EDGE ( 'NONE', *, *, #2267, .T. ) ;
#3271 = CARTESIAN_POINT ( 'NONE',  ( -57.93941238563358809, 37.54755482948859679, 41.36540501460762442 ) ) ;
#3272 = CARTESIAN_POINT ( 'NONE',  ( -58.00005107765061751, 36.69004176241247706, 42.53461189093743400 ) ) ;
#3273 = ORIENTED_EDGE ( 'NONE', *, *, #5725, .T. ) ;
#3274 = EDGE_CURVE ( 'NONE', #2370, #5860, #5724, .T. ) ;
#3275 = CARTESIAN_POINT ( 'NONE',  ( -58.76306184776480990, 38.00000000000000711, 43.97337746044011908 ) ) ;
#3276 = ORIENTED_EDGE ( 'NONE', *, *, #2676, .F. ) ;
#3277 = CARTESIAN_POINT ( 'NONE',  ( -58.01600945076034321, 39.33849238287936600, 38.58654576238377132 ) ) ;
#3278 = CARTESIAN_POINT ( 'NONE',  ( -59.26639829767137257, 36.53848529897447150, 41.46777443169031585 ) ) ;
#3279 = ORIENTED_EDGE ( 'NONE', *, *, #2471, .T. ) ;
#3280 = DIRECTION ( 'NONE',  ( 0.000000000000000000, 0.5735764363510458264, -0.8191520442889919096 ) ) ;
#3281 = VECTOR ( 'NONE', #3522, 1000.000000000000000 ) ;
#3282 = PLANE ( 'NONE',  #531 ) ;
#3283 = CARTESIAN_POINT ( 'NONE',  ( -57.99550279481243109, 36.68342127131275276, 42.54445632560748436 ) ) ;
#3284 = CARTESIAN_POINT ( 'NONE',  ( -58.00193073751454165, 36.68903815799509260, 42.53600016744849199 ) ) ;
#3285 = CARTESIAN_POINT ( 'NONE',  ( 58.11712861231548288, 34.00000000000000000, 42.76249262518359728 ) ) ;
#3286 = DIRECTION ( 'NONE',  ( 0.000000000000000000, -1.000000000000000000, 0.000000000000000000 ) ) ;
#3287 = AXIS2_PLACEMENT_3D ( 'NONE', #2981, #1454, #5599 ) ;
#3288 = CARTESIAN_POINT ( 'NONE',  ( -58.02334065250258988, 39.58982522471783483, 37.94464704727976567 ) ) ;
#3289 = DIRECTION ( 'NONE',  ( 1.000000000000000000, -0.000000000000000000, -0.000000000000000000 ) ) ;
#3290 = VERTEX_POINT ( 'NONE', #4128 ) ;
#3291 = CARTESIAN_POINT ( 'NONE',  ( -62.00000000000000000, 32.00000000000000000, 41.89196034566925420 ) ) ;
#3292 = CARTESIAN_POINT ( 'NONE',  ( -58.17252616837258472, 36.54495309292645544, 42.72210004340649903 ) ) ;
#3293 = ADVANCED_FACE ( 'NONE', ( #3164 ), #1100, .F. ) ;
#3294 = CARTESIAN_POINT ( 'NONE',  ( 58.52369317611776012, 38.00000000000000711, 44.78059757775431393 ) ) ;
#3295 = EDGE_CURVE ( 'NONE', #850, #880, #5296, .T. ) ;
#3296 = CARTESIAN_POINT ( 'NONE',  ( -58.00920162866090379, 39.76692306001044841, 37.73389869266262053 ) ) ;
#3297 = DIRECTION ( 'NONE',  ( 0.000000000000000000, 0.5735764363510470476, -0.8191520442889911324 ) ) ;
#3298 = VERTEX_POINT ( 'NONE', #4763 ) ;
#3299 = ORIENTED_EDGE ( 'NONE', *, *, #5135, .T. ) ;
#3300 = CIRCLE ( 'NONE', #1913, 1.599999999999997202 ) ;
#3301 = CARTESIAN_POINT ( 'NONE',  ( -58.82796647154884795, 36.56250135595579565, 42.15978128946242975 ) ) ;
#3302 = CARTESIAN_POINT ( 'NONE',  ( 31.00000000000000000, 36.00000000000000711, -57.14999999999999147 ) ) ;
#3303 = DIRECTION ( 'NONE',  ( 0.000000000000000000, -0.5735764363510497121, 0.8191520442889892450 ) ) ;
#3304 = ORIENTED_EDGE ( 'NONE', *, *, #5647, .F. ) ;
#3305 = ADVANCED_FACE ( 'NONE', ( #706 ), #3131, .F. ) ;
#3306 = CARTESIAN_POINT ( 'NONE',  ( -58.11846688913228576, 37.24784177488461268, 41.59150763158302055 ) ) ;
#3307 = CARTESIAN_POINT ( 'NONE',  ( -58.01597817745619778, 36.12182290744677715, 43.78206428376314818 ) ) ;
#3308 = ORIENTED_EDGE ( 'NONE', *, *, #5725, .F. ) ;
#3309 = CARTESIAN_POINT ( 'NONE',  ( -61.99999999999683098, 38.00000000000000711, 38.71984158773764761 ) ) ;
#3310 = VERTEX_POINT ( 'NONE', #3667 ) ;
#3311 = CARTESIAN_POINT ( 'NONE',  ( -59.03072554395600946, 37.30154825683612074, 38.62287101156898217 ) ) ;
#3312 = DIRECTION ( 'NONE',  ( 0.000000000000000000, 0.3420201433256692680, -0.9396926207859082059 ) ) ;
#3313 = ORIENTED_EDGE ( 'NONE', *, *, #1751, .T. ) ;
#3314 = CARTESIAN_POINT ( 'NONE',  ( -37.50000000000000711, 35.58897902509283995, 35.38916723017945998 ) ) ;
#3315 = CARTESIAN_POINT ( 'NONE',  ( -57.99550749694233787, 36.68424698587142530, 42.54322853507530766 ) ) ;
#3316 = AXIS2_PLACEMENT_3D ( 'NONE', #2780, #822, #883 ) ;
#3317 = CARTESIAN_POINT ( 'NONE',  ( -58.00504747246488080, 36.64921892744369103, 42.59571979816391263 ) ) ;
#3318 = CARTESIAN_POINT ( 'NONE',  ( -57.99999999999999289, 63.54551899874132204, 4.180324369512660176 ) ) ;
#3319 = ORIENTED_EDGE ( 'NONE', *, *, #1306, .T. ) ;
#3320 = DIRECTION ( 'NONE',  ( 0.000000000000000000, 0.000000000000000000, -1.000000000000000000 ) ) ;
#3321 = CARTESIAN_POINT ( 'NONE',  ( -58.01133267809331073, 39.72278929236138367, 37.89572409496275895 ) ) ;
#3322 = LINE ( 'NONE', #5346, #5853 ) ;
#3323 = EDGE_CURVE ( 'NONE', #298, #4041, #1241, .T. ) ;
#3324 = ORIENTED_EDGE ( 'NONE', *, *, #865, .F. ) ;
#3325 = CARTESIAN_POINT ( 'NONE',  ( 0.000000000000000000, 36.00000000000000711, 0.000000000000000000 ) ) ;
#3326 = CARTESIAN_POINT ( 'NONE',  ( -58.00697401983731538, 36.84697569994910538, 42.30066794679164133 ) ) ;
#3327 = AXIS2_PLACEMENT_3D ( 'NONE', #2217, #1623, #4145 ) ;
#3328 = CARTESIAN_POINT ( 'NONE',  ( -12.49999999999998401, 32.00000000000000000, -50.15000000000001279 ) ) ;
#3329 = CARTESIAN_POINT ( 'NONE',  ( -58.01695092285545741, 39.66853563274095507, 37.75469043993027896 ) ) ;
#3330 = CARTESIAN_POINT ( 'NONE',  ( 60.00000000000000000, 36.53589838486225716, -4.389543696378561677 ) ) ;
#3331 = CARTESIAN_POINT ( 'NONE',  ( 57.25421489926512209, 45.75984912496382151, -2.293130061027490729 ) ) ;
#3332 = ORIENTED_EDGE ( 'NONE', *, *, #3567, .F. ) ;
#3333 = EDGE_CURVE ( 'NONE', #4892, #548, #76, .T. ) ;
#3334 = EDGE_LOOP ( 'NONE', ( #3934, #1764, #3982, #2969 ) ) ;
#3335 = B_SPLINE_CURVE_WITH_KNOTS ( 'NONE', 3,
 ( #5253, #1763, #735, #663, #1663, #5218, #1630, #136, #1269, #168, #2156, #3799, #5823, #1729, #3658, #3154, #4185, #5183 ),
 .UNSPECIFIED., .F., .F.,
 ( 4, 2, 2, 2, 2, 2, 2, 2, 4 ),
 ( 0.01973287699114414928, 0.02040939137014566654, 0.02108590574914718380, 0.02176242012814870452, 0.02243893450715022178, 0.02311544888615173904, 0.02379196326515325977, 0.02446847764415477702, 0.02514499202315629428 ),
 .UNSPECIFIED. ) ;
#3336 = CARTESIAN_POINT ( 'NONE',  ( -58.06311152617307414, 34.00000000000000711, 42.77772916421365323 ) ) ;
#3337 = DIRECTION ( 'NONE',  ( 0.000000000000000000, 0.5735764363510470476, -0.8191520442889911324 ) ) ;
#3338 = EDGE_CURVE ( 'NONE', #5201, #3561, #2129, .T. ) ;
#3339 = LINE ( 'NONE', #2771, #582 ) ;
#3340 = VERTEX_POINT ( 'NONE', #4630 ) ;
#3341 = CARTESIAN_POINT ( 'NONE',  ( -58.00068381734495659, 37.36502820396145808, 41.55785925101881872 ) ) ;
#3342 = CARTESIAN_POINT ( 'NONE',  ( -58.00002828087612272, 36.70324306009032256, 42.51498242025650853 ) ) ;
#3343 = VECTOR ( 'NONE', #539, 1000.000000000000114 ) ;
#3344 = EDGE_LOOP ( 'NONE', ( #4155, #2260, #5323, #5489 ) ) ;
#3345 = CARTESIAN_POINT ( 'NONE',  ( -57.96472147835335420, 40.03600000000000847, -2.133186452530325905 ) ) ;
#3346 = ORIENTED_EDGE ( 'NONE', *, *, #1298, .T. ) ;
#3347 = CARTESIAN_POINT ( 'NONE',  ( -58.34872467504190752, 38.20741406832383547, 39.01170888152434912 ) ) ;
#3348 = DIRECTION ( 'NONE',  ( 0.000000000000000000, 0.5735764363510470476, -0.8191520442889911324 ) ) ;
#3349 = ORIENTED_EDGE ( 'NONE', *, *, #958, .F. ) ;
#3350 = CARTESIAN_POINT ( 'NONE',  ( -58.65865668205856309, 38.00000000000000711, -7.160663991860320543 ) ) ;
#3351 = CARTESIAN_POINT ( 'NONE',  ( -57.99638554543470548, 36.12181242216358612, 43.78217543661525468 ) ) ;
#3352 = CARTESIAN_POINT ( 'NONE',  ( -58.01389366446039730, 36.57247223247581758, 42.71582910360911001 ) ) ;
#3353 = AXIS2_PLACEMENT_3D ( 'NONE', #3952, #4132, #2599 ) ;
#3354 = CARTESIAN_POINT ( 'NONE',  ( -36.00000000000000000, 56.66260176258805359, 14.01014890102206145 ) ) ;
#3355 = CARTESIAN_POINT ( 'NONE',  ( -58.03861786984089122, 37.62664612468557124, 41.12925121190362177 ) ) ;
#3356 = ORIENTED_EDGE ( 'NONE', *, *, #330, .F. ) ;
#3357 = CARTESIAN_POINT ( 'NONE',  ( -58.00151051757800502, 39.85265428181620706, 37.84794526824286010 ) ) ;
#3358 = AXIS2_PLACEMENT_3D ( 'NONE', #3527, #2488, #6479 ) ;
#3359 = CARTESIAN_POINT ( 'NONE',  ( -59.17157287525380838, 38.36169591142202506, 43.63344470505585093 ) ) ;
#3360 = EDGE_LOOP ( 'NONE', ( #1033, #3231, #1887, #2378 ) ) ;
#3361 = CARTESIAN_POINT ( 'NONE',  ( -57.99999999999999289, 38.00000000000000711, 44.78059757775796612 ) ) ;
#3362 = CARTESIAN_POINT ( 'NONE',  ( -58.02237822556224955, 36.78069204023245931, 42.39373986730242905 ) ) ;
#3363 = DIRECTION ( 'NONE',  ( -0.000000000000000000, 1.000000000000000000, -0.000000000000000000 ) ) ;
#3364 = ADVANCED_FACE ( 'NONE', ( #5757 ), #602, .F. ) ;
#3365 = CARTESIAN_POINT ( 'NONE',  ( -58.00566415786027363, 39.82603818575213950, 37.74432475057067649 ) ) ;
#3366 = VECTOR ( 'NONE', #2828, 1000.000000000000000 ) ;
#3367 = DIRECTION ( 'NONE',  ( 0.000000000000000000, 0.000000000000000000, 1.000000000000000000 ) ) ;
#3368 = DIRECTION ( 'NONE',  ( 0.000000000000000000, -0.8191520442889912434, -0.5735764363510471586 ) ) ;
#3369 = ORIENTED_EDGE ( 'NONE', *, *, #5035, .T. ) ;
#3370 = CIRCLE ( 'NONE', #6224, 3.599999999999998312 ) ;
#3371 = DIRECTION ( 'NONE',  ( 0.000000000000000000, 0.000000000000000000, -1.000000000000000000 ) ) ;
#3372 = CARTESIAN_POINT ( 'NONE',  ( -58.15775860447717349, 37.35642414979690784, 41.35886302849927887 ) ) ;
#3373 = CARTESIAN_POINT ( 'NONE',  ( -37.50000000000000711, 40.60246154483593273, 36.94640614105537679 ) ) ;
#3374 = CARTESIAN_POINT ( 'NONE',  ( 62.00000000000000000, 38.00000000000000711, -4.389543696378559900 ) ) ;
#3375 = ORIENTED_EDGE ( 'NONE', *, *, #776, .F. ) ;
#3376 = CARTESIAN_POINT ( 'NONE',  ( -58.00055988609072699, 36.62113228982766344, 42.63974270656194676 ) ) ;
#3377 = ADVANCED_FACE ( 'NONE', ( #5688, #4228 ), #5795, .T. ) ;
#3378 = EDGE_LOOP ( 'NONE', ( #1216, #452, #5584 ) ) ;
#3379 = ADVANCED_FACE ( 'NONE', ( #6289 ), #3200, .F. ) ;
#3380 = CARTESIAN_POINT ( 'NONE',  ( -59.56952654970626782, 34.00000000000000711, -5.816621784839972165 ) ) ;
#3381 = EDGE_CURVE ( 'NONE', #6325, #3639, #5145, .T. ) ;
#3382 = CARTESIAN_POINT ( 'NONE',  ( -58.02091813223416494, 39.12832922493736731, 38.89639272606250842 ) ) ;
#3383 = CARTESIAN_POINT ( 'NONE',  ( -60.34314575050761675, 32.00000000000000000, -8.646254786282209892 ) ) ;
#3384 = ORIENTED_EDGE ( 'NONE', *, *, #4495, .F. ) ;
#3385 = LINE ( 'NONE', #4971, #1351 ) ;
#3386 = CARTESIAN_POINT ( 'NONE',  ( -57.99666892303201848, 36.88819848186236072, 42.23996427362528294 ) ) ;
#3387 = AXIS2_PLACEMENT_3D ( 'NONE', #1724, #3793, #2288 ) ;
#3388 = CARTESIAN_POINT ( 'NONE',  ( -58.07193996437649730, 36.30901861453369150, 43.22340438288724584 ) ) ;
#3389 = DIRECTION ( 'NONE',  ( 0.000000000000000000, 1.000000000000000000, 0.000000000000000000 ) ) ;
#3390 = CARTESIAN_POINT ( 'NONE',  ( -58.07087701632536891, 37.58577694664656121, 41.13685002807110891 ) ) ;
#3391 = EDGE_LOOP ( 'NONE', ( #5596, #5254, #1208, #6419 ) ) ;
#3392 = CARTESIAN_POINT ( 'NONE',  ( -58.02761150435967608, 39.53622171987333189, 38.02165725196392998 ) ) ;
#3393 = DIRECTION ( 'NONE',  ( -0.000000000000000000, 0.5735764363510473807, -0.8191520442889909104 ) ) ;
#3394 = EDGE_LOOP ( 'NONE', ( #4292, #4764 ) ) ;
#3395 = CARTESIAN_POINT ( 'NONE',  ( -62.00000000000000000, 34.00000000000001421, 41.89196034566925420 ) ) ;
#3396 = CARTESIAN_POINT ( 'NONE',  ( -58.60527398619451844, 36.21675752667265868, 43.28929774825942900 ) ) ;
#3397 = EDGE_CURVE ( 'NONE', #622, #6183, #3678, .T. ) ;
#3398 = CYLINDRICAL_SURFACE ( 'NONE', #1899, 1.324999999999999734 ) ;
#3399 = CARTESIAN_POINT ( 'NONE',  ( -58.06216398085635433, 39.30138647347386183, 37.80763111956589739 ) ) ;
#3400 = SURFACE_STYLE_FILL_AREA ( #4325 ) ;
#3401 = CARTESIAN_POINT ( 'NONE',  ( 37.49999999999999289, 36.50670132339097762, 34.07852395930014211 ) ) ;
#3402 = ORIENTED_EDGE ( 'NONE', *, *, #1741, .F. ) ;
#3403 = DIRECTION ( 'NONE',  ( -0.000000000000000000, -0.9396926207859082059, -0.3420201433256692680 ) ) ;
#3404 = CARTESIAN_POINT ( 'NONE',  ( -58.77686838855192519, 36.68778296123721105, 41.77277795968723240 ) ) ;
#3405 = CARTESIAN_POINT ( 'NONE',  ( -12.49999999999998401, 36.00000000000000711, -50.15000000000001279 ) ) ;
#3406 = DIRECTION ( 'NONE',  ( 0.000000000000000000, -1.000000000000000000, 0.000000000000000000 ) ) ;
#3407 = ORIENTED_EDGE ( 'NONE', *, *, #1408, .F. ) ;
#3408 = AXIS2_PLACEMENT_3D ( 'NONE', #1182, #646, #2675 ) ;
#3409 = CARTESIAN_POINT ( 'NONE',  ( -58.00153535737484845, 36.83535275010762433, 42.31854286768520268 ) ) ;
#3410 = ORIENTED_EDGE ( 'NONE', *, *, #3615, .T. ) ;
#3411 = CARTESIAN_POINT ( 'NONE',  ( 23.00000000000001421, 32.00000000000000000, -47.47500000000000853 ) ) ;
#3412 = CARTESIAN_POINT ( 'NONE',  ( -59.36656885919249760, 36.92272151004608105, 38.83487205080862736 ) ) ;
#3413 = DIRECTION ( 'NONE',  ( 0.000000000000000000, -0.5735764363510497121, 0.8191520442889892450 ) ) ;
#3414 = ORIENTED_EDGE ( 'NONE', *, *, #6251, .T. ) ;
#3415 = CARTESIAN_POINT ( 'NONE',  ( -60.00000000000000000, 39.91044319250323014, -4.700791027134211042 ) ) ;
#3416 = CARTESIAN_POINT ( 'NONE',  ( -57.98912727450677096, 36.68507270043009072, 42.54200074454311675 ) ) ;
#3417 = CARTESIAN_POINT ( 'NONE',  ( -58.00169896031000860, 36.70815416271626930, 42.50759030100662272 ) ) ;
#3418 = EDGE_CURVE ( 'NONE', #2158, #1740, #1167, .T. ) ;
#3419 = DIRECTION ( 'NONE',  ( 0.000000000000000000, 0.000000000000000000, -1.000000000000000000 ) ) ;
#3420 = CARTESIAN_POINT ( 'NONE',  ( -57.97864892953002425, 37.80992797701243546, 40.95817778362539485 ) ) ;
#3421 = EDGE_LOOP ( 'NONE', ( #630, #4970, #3847, #2315 ) ) ;
#3422 = CARTESIAN_POINT ( 'NONE',  ( -58.21029101110299564, 38.75045510064685317, 37.97968734103437782 ) ) ;
#3423 = VECTOR ( 'NONE', #236, 1000.000000000000000 ) ;
#3424 = CARTESIAN_POINT ( 'NONE',  ( -59.40052301368475440, 36.95431954376810069, 37.83765505954490749 ) ) ;
#3425 = ADVANCED_FACE ( 'NONE', ( #5424 ), #1407, .F. ) ;
#3426 = ORIENTED_EDGE ( 'NONE', *, *, #3825, .F. ) ;
#3427 = CARTESIAN_POINT ( 'NONE',  ( -58.00892847473883762, 36.89129392372772998, 42.23479725663806050 ) ) ;
#3428 = AXIS2_PLACEMENT_3D ( 'NONE', #3590, #6480, #468 ) ;
#3429 = CARTESIAN_POINT ( 'NONE',  ( 62.00000000000000000, 40.00000000000000711, 37.80681039527357967 ) ) ;
#3430 = EDGE_CURVE ( 'NONE', #5834, #3631, #2824, .T. ) ;
#3431 = CARTESIAN_POINT ( 'NONE',  ( -58.32692080342095409, 38.37831432049686953, 37.83966232607355096 ) ) ;
#3432 = DIRECTION ( 'NONE',  ( 0.000000000000000000, 0.5735764363510470476, -0.8191520442889911324 ) ) ;
#3433 = ORIENTED_EDGE ( 'NONE', *, *, #2185, .F. ) ;
#3434 = CARTESIAN_POINT ( 'NONE',  ( -37.50000000000000711, 36.50670132339097762, 34.07852395930014211 ) ) ;
#3435 = CARTESIAN_POINT ( 'NONE',  ( -57.99464530651621175, 37.76965434931163657, 40.99207409065022745 ) ) ;
#3436 = CARTESIAN_POINT ( 'NONE',  ( 57.99999999999999289, 40.03600000000000847, -6.646254786282211668 ) ) ;
#3437 = VERTEX_POINT ( 'NONE', #1872 ) ;
#3438 = CARTESIAN_POINT ( 'NONE',  ( -58.00231813161714456, 36.38591774745447793, 43.05573992797696548 ) ) ;
#3439 = ORIENTED_EDGE ( 'NONE', *, *, #3295, .F. ) ;
#3440 = CARTESIAN_POINT ( 'NONE',  ( -59.56952654970626782, 40.03600000000001558, -5.816621784839972165 ) ) ;
#3441 = CARTESIAN_POINT ( 'NONE',  ( -58.82481347936010252, 37.36720491687595569, 39.43230732145693906 ) ) ;
#3442 = DIRECTION ( 'NONE',  ( 1.000000000000000000, 0.000000000000000000, 0.000000000000000000 ) ) ;
#3443 = ORIENTED_EDGE ( 'NONE', *, *, #4157, .F. ) ;
#3444 = CARTESIAN_POINT ( 'NONE',  ( -60.45818688351567260, 38.00000000000000711, -7.793494408793878669 ) ) ;
#3445 = CARTESIAN_POINT ( 'NONE',  ( -57.99314660771303664, 36.63383693052111312, 42.61969247552439555 ) ) ;
#3446 = VECTOR ( 'NONE', #1002, 1000.000000000000000 ) ;
#3447 = CARTESIAN_POINT ( 'NONE',  ( -58.05309619484614814, 36.12196516088139475, 43.78055493030088741 ) ) ;
#3448 = DIRECTION ( 'NONE',  ( 0.000000000000000000, -1.000000000000000000, 0.000000000000000000 ) ) ;
#3449 = CARTESIAN_POINT ( 'NONE',  ( -57.93483818935030172, 37.92604355500562718, 40.86417430682267593 ) ) ;
#3450 = VERTEX_POINT ( 'NONE', #1275 ) ;
#3451 = CARTESIAN_POINT ( 'NONE',  ( -58.01517717880980740, 39.64770339500331886, 38.00891685042891766 ) ) ;
#3452 = B_SPLINE_CURVE_WITH_KNOTS ( 'NONE', 3,
 ( #4818, #262, #4316, #2281, #1307, #4329, #2229, #4694, #1698, #3802, #4295, #5826, #5293, #2733, #3197, #3730 ),
 .UNSPECIFIED., .F., .F.,
 ( 4, 2, 2, 2, 2, 2, 2, 4 ),
 ( 0.003196323018677967205, 0.003664567207916890820, 0.004132811397155815303, 0.005069299775633646921, 0.005537543964872564464, 0.006005788154111480273, 0.006474032343350397817, 0.006942276532589315360 ),
 .UNSPECIFIED. ) ;
#3453 = EDGE_CURVE ( 'NONE', #5445, #4265, #3339, .T. ) ;
#3454 = CARTESIAN_POINT ( 'NONE',  ( -58.00223629969836026, 39.86237566894448747, 37.80680640070919907 ) ) ;
#3455 = EDGE_LOOP ( 'NONE', ( #1001, #1667 ) ) ;
#3456 = CARTESIAN_POINT ( 'NONE',  ( -58.00599679238655426, 36.82481658805978242, 42.33360329186842108 ) ) ;
#3457 = CARTESIAN_POINT ( 'NONE',  ( 62.00000000000000000, 38.00000000000000711, 37.80681039527357257 ) ) ;
#3458 = CARTESIAN_POINT ( 'NONE',  ( -57.96937206925176156, 40.65667124432845725, 37.46605181220568426 ) ) ;
#3459 = VECTOR ( 'NONE', #67, 1000.000000000000000 ) ;
#3460 = ADVANCED_FACE ( 'NONE', ( #4401 ), #777, .T. ) ;
#3461 = DIRECTION ( 'NONE',  ( 0.000000000000000000, 0.5735764363510470476, -0.8191520442889911324 ) ) ;
#3462 = ORIENTED_EDGE ( 'NONE', *, *, #4348, .T. ) ;
#3463 = CARTESIAN_POINT ( 'NONE',  ( -58.06913346738597426, 37.25507807907681723, 41.64360118338189665 ) ) ;
#3464 = CARTESIAN_POINT ( 'NONE',  ( -36.00000000000000711, 36.36169591142201796, 43.00284712729789760 ) ) ;
#3465 = LINE ( 'NONE', #4430, #6524 ) ;
#3466 = LINE ( 'NONE', #36, #5437 ) ;
#3467 = DIRECTION ( 'NONE',  ( 0.000000000000000000, -0.000000000000000000, 1.000000000000000000 ) ) ;
#3468 = CARTESIAN_POINT ( 'NONE',  ( -58.00140814286481117, 36.88819848186236072, 42.23996427362528294 ) ) ;
#3469 = VERTEX_POINT ( 'NONE', #3374 ) ;
#3470 = CARTESIAN_POINT ( 'NONE',  ( -59.15549124430185657, 34.00000000000000711, -2.525978673372611727 ) ) ;
#3471 = CARTESIAN_POINT ( 'NONE',  ( -58.37604027989812749, 38.05344801158744872, 39.33201062287638905 ) ) ;
#3472 = LINE ( 'NONE', #291, #4800 ) ;
#3473 = CARTESIAN_POINT ( 'NONE',  ( -60.11460359525445085, 38.00000000000000711, -5.039197935829129449 ) ) ;
#3474 = CARTESIAN_POINT ( 'NONE',  ( -57.98788906561764378, 36.52200282593901193, 42.80253873958683641 ) ) ;
#3475 = CARTESIAN_POINT ( 'NONE',  ( -58.00088610637116204, 36.83582623117068522, 42.31782666512717128 ) ) ;
#3476 = EDGE_CURVE ( 'NONE', #1290, #5381, #1862, .T. ) ;
#3477 = DIRECTION ( 'NONE',  ( 0.000000000000000000, -1.000000000000000000, 0.000000000000000000 ) ) ;
#3478 = CARTESIAN_POINT ( 'NONE',  ( -59.12243208629072910, 36.69650707793335442, 41.16369724317854661 ) ) ;
#3479 = ORIENTED_EDGE ( 'NONE', *, *, #1382, .F. ) ;
#3480 = CARTESIAN_POINT ( 'NONE',  ( -58.03456732148728037, 39.48163070123150931, 38.02407854819655597 ) ) ;
#3481 = CARTESIAN_POINT ( 'NONE',  ( 70.05933982822017470, 38.00000000000000711, -57.63933982822017299 ) ) ;
#3482 = ORIENTED_EDGE ( 'NONE', *, *, #52, .T. ) ;
#3483 = AXIS2_PLACEMENT_3D ( 'NONE', #4696, #6154, #142 ) ;
#3484 = CARTESIAN_POINT ( 'NONE',  ( -58.01160118700893520, 36.68825883568236179, 42.53556942699037791 ) ) ;
#3485 = CARTESIAN_POINT ( 'NONE',  ( -15.15273101487820284, 35.87134250280524839, -54.15000000000001279 ) ) ;
#3486 = CARTESIAN_POINT ( 'NONE',  ( -58.03126032467737616, 39.54157953399175085, 37.77876002802519650 ) ) ;
#3487 = CARTESIAN_POINT ( 'NONE',  ( 23.00000000000001421, 34.40000000000000568, -20.15000000000000213 ) ) ;
#3488 = ORIENTED_EDGE ( 'NONE', *, *, #2765, .F. ) ;
#3489 = AXIS2_PLACEMENT_3D ( 'NONE', #206, #3535, #5096 ) ;
#3490 = CARTESIAN_POINT ( 'NONE',  ( -58.21374150551510240, 37.00673045948276041, 41.86873544841254358 ) ) ;
#3491 = EDGE_CURVE ( 'NONE', #3639, #6325, #5364, .T. ) ;
#3492 = DIRECTION ( 'NONE',  ( 0.000000000000000000, 0.8191520442889909104, 0.5735764363510474917 ) ) ;
#3493 = CARTESIAN_POINT ( 'NONE',  ( 60.00000000000000000, 38.00000000000000000, -4.389543696378560789 ) ) ;
#3494 = CARTESIAN_POINT ( 'NONE',  ( 59.35135426011413529, 37.26763150234716448, 41.29346597117024231 ) ) ;
#3495 = AXIS2_PLACEMENT_3D ( 'NONE', #6099, #3577, #5474 ) ;
#3496 = DIRECTION ( 'NONE',  ( 0.000000000000000000, 0.5735764363510470476, -0.8191520442889911324 ) ) ;
#3497 = ADVANCED_FACE ( 'NONE', ( #4432 ), #5900, .T. ) ;
#3498 = CARTESIAN_POINT ( 'NONE',  ( -58.00196516294968774, 36.63383693052111312, 42.61969247552439555 ) ) ;
#3499 = ORIENTED_EDGE ( 'NONE', *, *, #2097, .F. ) ;
#3500 = DIRECTION ( 'NONE',  ( 1.000000000000000000, 0.000000000000000000, 0.000000000000000000 ) ) ;
#3501 = CARTESIAN_POINT ( 'NONE',  ( -58.05726614934382468, 38.25948130375583389, 40.12841666104016269 ) ) ;
#3502 = DIRECTION ( 'NONE',  ( 0.000000000000000000, -0.3420201433256622736, 0.9396926207859107594 ) ) ;
#3503 = ADVANCED_FACE ( 'NONE', ( #4931 ), #6453, .F. ) ;
#3504 = AXIS2_PLACEMENT_3D ( 'NONE', #237, #6314, #2258 ) ;
#3505 = CARTESIAN_POINT ( 'NONE',  ( -60.00000000000000000, 34.00000000000000000, -4.389543696378559012 ) ) ;
#3506 = CARTESIAN_POINT ( 'NONE',  ( -57.98882981883532040, 36.64671908120146782, 42.59975621605207152 ) ) ;
#3507 = CARTESIAN_POINT ( 'NONE',  ( -58.00138021007040834, 36.83633421208516978, 42.31705811368416192 ) ) ;
#3508 = CARTESIAN_POINT ( 'NONE',  ( 31.00000000000001421, 36.00000000000000711, -12.15000000000000746 ) ) ;
#3509 = CARTESIAN_POINT ( 'NONE',  ( -58.06609100439710858, 37.52638808222516076, 41.23582827060330658 ) ) ;
#3510 = CIRCLE ( 'NONE', #6380, 1.324999999999999734 ) ;
#3511 = VERTEX_POINT ( 'NONE', #5357 ) ;
#3512 = CARTESIAN_POINT ( 'NONE',  ( -57.96182943082234118, 40.19704400463611904, 37.86600665554567513 ) ) ;
#3513 = CARTESIAN_POINT ( 'NONE',  ( -37.50000000000000711, 42.24076563327744793, 38.09355901377441000 ) ) ;
#3514 = CARTESIAN_POINT ( 'NONE',  ( -37.50000000000000711, 58.38333107169546565, 11.55269276807757706 ) ) ;
#3515 = ORIENTED_EDGE ( 'NONE', *, *, #3084, .T. ) ;
#3516 = CARTESIAN_POINT ( 'NONE',  ( -58.23521051325758435, 36.18083577550478935, 43.55099170568896483 ) ) ;
#3517 = CARTESIAN_POINT ( 'NONE',  ( -57.97991877485804224, 36.63383693052111312, 42.61969247552439555 ) ) ;
#3518 = CARTESIAN_POINT ( 'NONE',  ( 60.00000000000000000, 44.60379323845862842, 31.23191225831609330 ) ) ;
#3519 = DIRECTION ( 'NONE',  ( 0.000000000000000000, -0.5735764363510462704, 0.8191520442889915765 ) ) ;
#3520 = CARTESIAN_POINT ( 'NONE',  ( -57.98398064270583774, 40.21339161950083962, 37.62928625660391901 ) ) ;
#3521 = AXIS2_PLACEMENT_3D ( 'NONE', #2160, #1239, #209 ) ;
#3522 = DIRECTION ( 'NONE',  ( -1.000000000000000000, 0.000000000000000000, 0.000000000000000000 ) ) ;
#3523 = ORIENTED_EDGE ( 'NONE', *, *, #1493, .T. ) ;
#3524 = CARTESIAN_POINT ( 'NONE',  ( -58.04415379827707966, 37.01765921333759479, 42.02629816693699638 ) ) ;
#3525 = VECTOR ( 'NONE', #2865, 1000.000000000000000 ) ;
#3526 = DIRECTION ( 'NONE',  ( -0.000000000000000000, 0.8191520442889907994, 0.5735764363510474917 ) ) ;
#3527 = CARTESIAN_POINT ( 'NONE',  ( -37.50000000000000711, 40.60246154483593273, 36.94640614105537679 ) ) ;
#3528 = CARTESIAN_POINT ( 'NONE',  ( 58.26041176258534904, 37.26763150234717870, 42.70013110448009286 ) ) ;
#3529 = FACE_OUTER_BOUND ( 'NONE', #4979, .T. ) ;
#3530 = CARTESIAN_POINT ( 'NONE',  ( -58.00022142552620608, 36.64672337454500450, 42.59974932885855736 ) ) ;
#3531 = ORIENTED_EDGE ( 'NONE', *, *, #995, .F. ) ;
#3532 = CARTESIAN_POINT ( 'NONE',  ( 36.00000000000000000, 54.20514562966183547, 12.28941959192743383 ) ) ;
#3533 = CARTESIAN_POINT ( 'NONE',  ( -58.32842507959497169, 37.75915514105518866, 40.23150528585884445 ) ) ;
#3534 = CARTESIAN_POINT ( 'NONE',  ( -57.99999999999999289, 31.99000000000000554, -8.646254786282208116 ) ) ;
#3535 = DIRECTION ( 'NONE',  ( -0.000000000000000000, -1.000000000000000000, 0.000000000000000000 ) ) ;
#3536 = CARTESIAN_POINT ( 'NONE',  ( -57.99337002671950358, 36.68342127131275276, 42.54445632560748436 ) ) ;
#3537 = CARTESIAN_POINT ( 'NONE',  ( -58.00048505725398229, 36.70406335201538184, 42.51375304817144496 ) ) ;
#3538 = CARTESIAN_POINT ( 'NONE',  ( 60.00000000000000000, 39.59929847728923136, -5.782148936151225271 ) ) ;
#3539 = CARTESIAN_POINT ( 'NONE',  ( -58.15699225107288584, 37.42317906282384854, 41.24927277338111509 ) ) ;
#3540 = ORIENTED_EDGE ( 'NONE', *, *, #5367, .T. ) ;
#3541 = CARTESIAN_POINT ( 'NONE',  ( -57.95283794199787053, 40.02099152228157664, 38.10424753046535074 ) ) ;
#3542 = CARTESIAN_POINT ( 'NONE',  ( 58.95769593090199123, 46.25824894800437193, -2.389944568551906734 ) ) ;
#3543 = DIRECTION ( 'NONE',  ( 0.000000000000000000, 1.000000000000000000, 0.000000000000000000 ) ) ;
#3544 = CARTESIAN_POINT ( 'NONE',  ( -58.00583592962699697, 36.72634852556507923, 42.47992253547619157 ) ) ;
#3545 = CARTESIAN_POINT ( 'NONE',  ( -57.98547302998699138, 36.71644985365946923, 42.49534470432003985 ) ) ;
#3546 = DIRECTION ( 'NONE',  ( -0.000000000000000000, -1.000000000000000000, 0.000000000000000000 ) ) ;
#3547 = LINE ( 'NONE', #2576, #3652 ) ;
#3548 = CARTESIAN_POINT ( 'NONE',  ( -60.04565043742320540, 36.51934494491507621, 37.87206582267559440 ) ) ;
#3549 = CARTESIAN_POINT ( 'NONE',  ( 37.49999999999999289, 36.50670132339097762, 34.07852395930014211 ) ) ;
#3550 = EDGE_LOOP ( 'NONE', ( #263, #2557, #1765, #3690 ) ) ;
#3551 = CARTESIAN_POINT ( 'NONE',  ( -58.05486489828266627, 36.98620968687281874, 42.06486755988053261 ) ) ;
#3552 = ADVANCED_FACE ( 'NONE', ( #3937 ), #1900, .T. ) ;
#3553 = ADVANCED_FACE ( 'NONE', ( #2871 ), #1563, .F. ) ;
#3554 = VECTOR ( 'NONE', #4494, 1000.000000000000114 ) ;
#3555 = CARTESIAN_POINT ( 'NONE',  ( 71.11999999999999034, 32.00000000000000000, -12.15000000000001457 ) ) ;
#3556 = CARTESIAN_POINT ( 'NONE',  ( 58.32864294735583144, 38.00000000000000711, -7.245839709857341049 ) ) ;
#3557 = FACE_BOUND ( 'NONE', #2461, .T. ) ;
#3558 = CARTESIAN_POINT ( 'NONE',  ( 60.00000000000000000, 64.22955928539265358, 2.300939127940843765 ) ) ;
#3559 = ORIENTED_EDGE ( 'NONE', *, *, #5453, .T. ) ;
#3560 = CARTESIAN_POINT ( 'NONE',  ( -57.99976541977562050, 36.66628203617722193, 42.57006256808005418 ) ) ;
#3561 = VERTEX_POINT ( 'NONE', #743 ) ;
#3562 = DIRECTION ( 'NONE',  ( -0.000000000000000000, -1.000000000000000000, -0.000000000000000000 ) ) ;
#3563 = CARTESIAN_POINT ( 'NONE',  ( -57.96423097824599324, 38.94813444674471015, 39.40359595776578061 ) ) ;
#3564 = VECTOR ( 'NONE', #5211, 1000.000000000000000 ) ;
#3565 = DIRECTION ( 'NONE',  ( 0.000000000000000000, -1.000000000000000000, 0.000000000000000000 ) ) ;
#3566 = DIRECTION ( 'NONE',  ( 1.000000000000000000, 0.000000000000000000, -1.119176436114068839E-16 ) ) ;
#3567 = EDGE_CURVE ( 'NONE', #3631, #715, #1651, .T. ) ;
#3568 = CARTESIAN_POINT ( 'NONE',  ( -58.15721076530092404, 37.29211280229860392, 41.46608693222503206 ) ) ;
#3569 = CARTESIAN_POINT ( 'NONE',  ( -58.00507289839704583, 36.63528518961393132, 42.61729637767570011 ) ) ;
#3570 = AXIS2_PLACEMENT_3D ( 'NONE', #223, #4206, #1320 ) ;
#3571 = ADVANCED_FACE ( 'NONE', ( #1467, #4991 ), #999, .T. ) ;
#3572 = FACE_OUTER_BOUND ( 'NONE', #5347, .T. ) ;
#3573 = CARTESIAN_POINT ( 'NONE',  ( -58.06900958764578036, 37.48564416534292576, 41.29328713904047277 ) ) ;
#3574 = ORIENTED_EDGE ( 'NONE', *, *, #763, .F. ) ;
#3575 = CARTESIAN_POINT ( 'NONE',  ( -58.06374690396532401, 39.22082632787336820, 38.33638929883158397 ) ) ;
#3576 = CARTESIAN_POINT ( 'NONE',  ( 56.05869130924117627, 46.25824894800437903, -5.011531050092880690 ) ) ;
#3577 = DIRECTION ( 'NONE',  ( 0.000000000000000000, -0.000000000000000000, 1.000000000000000000 ) ) ;
#3578 = CARTESIAN_POINT ( 'NONE',  ( -58.06297569269295167, 36.53953233922099031, 42.76503043239203095 ) ) ;
#3579 = CARTESIAN_POINT ( 'NONE',  ( -57.97682369694000926, 36.12181242216358612, 43.78217543661525468 ) ) ;
#3580 = DIRECTION ( 'NONE',  ( 1.000000000000000000, 0.000000000000000000, 0.000000000000000000 ) ) ;
#3581 = CARTESIAN_POINT ( 'NONE',  ( 70.05933982822017470, 38.00000000000000711, -56.08933982822017583 ) ) ;
#3582 = CARTESIAN_POINT ( 'NONE',  ( -58.00692321443951016, 39.79843945778912939, 37.81116290703634064 ) ) ;
#3583 = VECTOR ( 'NONE', #1929, 1000.000000000000000 ) ;
#3584 = CARTESIAN_POINT ( 'NONE',  ( 62.00000000000000000, 34.00000000000000711, 41.89196034566927551 ) ) ;
#3585 = ADVANCED_FACE ( 'NONE', ( #1438 ), #6082, .F. ) ;
#3586 = ORIENTED_EDGE ( 'NONE', *, *, #2050, .F. ) ;
#3587 = CARTESIAN_POINT ( 'NONE',  ( -58.07361072359625354, 37.06775767846711034, 41.92386067744316591 ) ) ;
#3588 = DIRECTION ( 'NONE',  ( 0.000000000000000000, 0.000000000000000000, 1.000000000000000000 ) ) ;
#3589 = FACE_OUTER_BOUND ( 'NONE', #4349, .T. ) ;
#3590 = CARTESIAN_POINT ( 'NONE',  ( -70.43535897468416351, 38.00000000000000711, 55.81535897468440766 ) ) ;
#3591 = AXIS2_PLACEMENT_3D ( 'NONE', #4394, #4984, #5353 ) ;
#3592 = DIRECTION ( 'NONE',  ( 0.000000000000000000, 0.000000000000000000, -1.000000000000000000 ) ) ;
#3593 = ORIENTED_EDGE ( 'NONE', *, *, #3453, .F. ) ;
#3594 = ORIENTED_EDGE ( 'NONE', *, *, #2324, .T. ) ;
#3595 =( BOUNDED_SURFACE ( )  B_SPLINE_SURFACE ( 3, 2, ( 
 ( #5729, #4305, #4701 ),
 ( #1209, #6329, #3309 ),
 ( #5800, #1774, #5837 ),
 ( #4733, #1280, #2237 ),
 ( #4270, #216, #1246 ),
 ( #3170, #3702, #5195 ),
 ( #3811, #6294, #5333 ),
 ( #5763, #3275, #2270 ),
 ( #6192, #3206, #2203 ),
 ( #5302, #3671, #2135 ) ),
 .UNSPECIFIED., .F., .F., .F. ) 
 B_SPLINE_SURFACE_WITH_KNOTS ( ( 4, 2, 2, 2, 4 ),
 ( 3, 3 ),
 ( 1.570796326794896558, 1.963495408493620697, 2.356194490192344837, 2.748893571891068976, 3.141592653589793116 ),
 ( 0.000000000000000000, 1.000000000000000000 ),
 .UNSPECIFIED. ) 
 GEOMETRIC_REPRESENTATION_ITEM ( )  RATIONAL_B_SPLINE_SURFACE ( (
 ( 1.000000000000000000, 0.7071067811865475727, 1.000000000000000000),
 ( 1.000000000000000000, 0.7450334786645202989, 1.000000000000000000),
 ( 1.000000000000000000, 0.7798330655162646341, 1.000000000000000000),
 ( 1.000000000000000000, 0.8409543455512031862, 1.000000000000000000),
 ( 1.000000000000000000, 0.8672707954194518454, 1.000000000000000000),
 ( 1.000000000000000000, 0.9099337315495583667, 1.000000000000000000),
 ( 1.000000000000000000, 0.9262838430519909627, 1.000000000000000000),
 ( 1.000000000000000000, 0.9481749096194979076, 1.000000000000000000),
 ( 1.000000000000000000, 0.9537256514128814588, 1.000000000000000000),
 ( 1.000000000000000000, 0.9537169507482267106, 1.000000000000000000) ) ) 
 REPRESENTATION_ITEM ( '' )  SURFACE ( )  );
#3596 = CARTESIAN_POINT ( 'NONE',  ( -70.43535897468416351, 38.00000000000000711, 54.26535897468441050 ) ) ;
#3597 = CARTESIAN_POINT ( 'NONE',  ( -58.06721917449255699, 38.23341925791986995, 40.14017444873988438 ) ) ;
#3598 = LINE ( 'NONE', #974, #2789 ) ;
#3599 = CYLINDRICAL_SURFACE ( 'NONE', #5827, 1.549999999999995826 ) ;
#3600 = CARTESIAN_POINT ( 'NONE',  ( -58.07264190587674335, 37.31060301749823793, 41.55470552608713319 ) ) ;
#3601 = CARTESIAN_POINT ( 'NONE',  ( -58.00032432604373156, 36.69041795101711756, 42.53404776962445766 ) ) ;
#3602 = CARTESIAN_POINT ( 'NONE',  ( 59.17157287525380838, 39.31595971334866846, -6.766869544710394813 ) ) ;
#3603 = CARTESIAN_POINT ( 'NONE',  ( -58.08231185614673109, 37.49752111084027462, 41.25364282159733165 ) ) ;
#3604 = EDGE_LOOP ( 'NONE', ( #3762, #3736, #1329, #5332 ) ) ;
#3605 = CARTESIAN_POINT ( 'NONE',  ( -58.02798581356051955, 39.42013674604380924, 38.32338954703235601 ) ) ;
#3606 = CARTESIAN_POINT ( 'NONE',  ( 56.43774313737439741, 46.25824894800436482, -2.952762965785427074 ) ) ;
#3607 = CARTESIAN_POINT ( 'NONE',  ( 59.77040302526683746, 34.00000000000000000, -5.474166768623430990 ) ) ;
#3608 = EDGE_CURVE ( 'NONE', #4317, #3726, #5255, .T. ) ;
#3609 = CARTESIAN_POINT ( 'NONE',  ( -58.00443050428543756, 36.84544198683890670, 42.30328802225278650 ) ) ;
#3610 = AXIS2_PLACEMENT_3D ( 'NONE', #627, #2654, #3297 ) ;
#3611 = CARTESIAN_POINT ( 'NONE',  ( -57.97631192725269500, 36.38591774745447793, 43.05573992797696548 ) ) ;
#3612 = LINE ( 'NONE', #3518, #5630 ) ;
#3613 = FACE_BOUND ( 'NONE', #3062, .T. ) ;
#3614 = CARTESIAN_POINT ( 'NONE',  ( -58.00853637393066009, 39.77433616634009894, 37.82007493385865615 ) ) ;
#3615 = EDGE_CURVE ( 'NONE', #3858, #114, #3059, .T. ) ;
#3616 = CARTESIAN_POINT ( 'NONE',  ( 57.99999999999999289, 34.00000000000000711, 44.78059757775795191 ) ) ;
#3617 = VERTEX_POINT ( 'NONE', #2935 ) ;
#3618 = CARTESIAN_POINT ( 'NONE',  ( -57.96985524512633248, 37.28445289130620921, 41.69676322189849316 ) ) ;
#3619 = DIRECTION ( 'NONE',  ( 0.000000000000000000, 0.000000000000000000, 1.000000000000000000 ) ) ;
#3620 = AXIS2_PLACEMENT_3D ( 'NONE', #5207, #1618, #157 ) ;
#3621 = CARTESIAN_POINT ( 'NONE',  ( -58.00820464540995403, 39.78029157820495954, 37.71147988668771944 ) ) ;
#3622 = CARTESIAN_POINT ( 'NONE',  ( -71.01999999999998181, 32.00000000000000000, 49.55065792321466489 ) ) ;
#3623 = CARTESIAN_POINT ( 'NONE',  ( 57.99999999999999289, 63.54551899874132204, 4.180324369512661065 ) ) ;
#3624 = ORIENTED_EDGE ( 'NONE', *, *, #2588, .T. ) ;
#3625 = EDGE_LOOP ( 'NONE', ( #3741, #3662, #4075, #2358 ) ) ;
#3626 = VECTOR ( 'NONE', #3562, 1000.000000000000000 ) ;
#3627 = DIRECTION ( 'NONE',  ( 0.000000000000000000, 1.000000000000000000, 0.000000000000000000 ) ) ;
#3628 = CARTESIAN_POINT ( 'NONE',  ( -58.13641083064140958, 38.41526104793370422, 39.57136386535305661 ) ) ;
#3629 = DIRECTION ( 'NONE',  ( 0.000000000000000000, -0.5735764363510470476, 0.8191520442889911324 ) ) ;
#3630 = CARTESIAN_POINT ( 'NONE',  ( -70.43535897468470353, 38.00000000000000711, -55.81535897468449292 ) ) ;
#3631 = VERTEX_POINT ( 'NONE', #5547 ) ;
#3632 = CARTESIAN_POINT ( 'NONE',  ( -58.31271841797640576, 37.09532298387100013, 41.57908224587828272 ) ) ;
#3633 = CARTESIAN_POINT ( 'NONE',  ( -58.00171778521887944, 36.63400451137520264, 42.61941608330383247 ) ) ;
#3634 = CIRCLE ( 'NONE', #775, 2.000000000000004885 ) ;
#3635 =( BOUNDED_SURFACE ( )  B_SPLINE_SURFACE ( 3, 2, ( 
 ( #3997, #3493, #6049 ),
 ( #4026, #1495, #3026 ),
 ( #498, #1465, #4058 ),
 ( #4524, #1930, #2903 ),
 ( #5514, #4959, #6080 ),
 ( #3967, #4556, #903 ),
 ( #4928, #4, #2457 ),
 ( #4492, #2395, #378 ),
 ( #2961, #3556, #467 ),
 ( #6542, #5020, #5545 ) ),
 .UNSPECIFIED., .F., .F., .F. ) 
 B_SPLINE_SURFACE_WITH_KNOTS ( ( 4, 2, 2, 2, 4 ),
 ( 3, 3 ),
 ( 1.570796326794896558, 1.963495408493620697, 2.356194490192344837, 2.748893571891068976, 3.141592653589793116 ),
 ( 0.000000000000000000, 1.000000000000000000 ),
 .UNSPECIFIED. ) 
 GEOMETRIC_REPRESENTATION_ITEM ( )  RATIONAL_B_SPLINE_SURFACE ( (
 ( 1.000000000000000000, 0.7071067811865475727, 1.000000000000000000),
 ( 1.000000000000000000, 0.7229448875465945834, 1.000000000000000000),
 ( 1.000000000000000000, 0.7382077143205404424, 1.000000000000000000),
 ( 1.000000000000000000, 0.7657107956964518403, 1.000000000000000000),
 ( 1.000000000000000000, 0.7779425145862196578, 1.000000000000000000),
 ( 1.000000000000000000, 0.7980300503069476248, 1.000000000000000000),
 ( 1.000000000000000000, 0.8058871847982336245, 1.000000000000000000),
 ( 1.000000000000000000, 0.8164478053472423724, 1.000000000000000000),
 ( 1.000000000000000000, 0.8191600913470047374, 1.000000000000000000),
 ( 1.000000000000000000, 0.8191520442889919096, 1.000000000000000000) ) ) 
 REPRESENTATION_ITEM ( '' )  SURFACE ( )  );
#3636 = ADVANCED_FACE ( 'NONE', ( #5487, #2426 ), #4061, .T. ) ;
#3637 = CARTESIAN_POINT ( 'NONE',  ( 57.99999999999999289, 39.31595971334866846, -6.766869544710393036 ) ) ;
#3638 = CARTESIAN_POINT ( 'NONE',  ( -58.58543915599043572, 36.88250706977893145, 41.58461095161396059 ) ) ;
#3639 = VERTEX_POINT ( 'NONE', #3999 ) ;
#3640 = CARTESIAN_POINT ( 'NONE',  ( -58.02710447224097123, 39.42665803772948863, 38.32101241293429439 ) ) ;
#3641 = CARTESIAN_POINT ( 'NONE',  ( 58.24499768625463503, 46.25824894800437193, -2.132832606474910797 ) ) ;
#3642 = VERTEX_POINT ( 'NONE', #1032 ) ;
#3643 = CARTESIAN_POINT ( 'NONE',  ( -57.99367905639620346, 40.16385377051882699, 37.57280295950993576 ) ) ;
#3644 = CARTESIAN_POINT ( 'NONE',  ( -58.00419211417262488, 36.69558360426807297, 42.52595046818125013 ) ) ;
#3645 = CARTESIAN_POINT ( 'NONE',  ( -57.97560461712495083, 36.08278354698991564, 43.97102036694539606 ) ) ;
#3646 = DIRECTION ( 'NONE',  ( 0.000000000000000000, 0.000000000000000000, -1.000000000000000000 ) ) ;
#3647 = CARTESIAN_POINT ( 'NONE',  ( 60.00000000000000000, 31.99000000000000554, 37.80681039527357967 ) ) ;
#3648 = CARTESIAN_POINT ( 'NONE',  ( -57.97343066486500618, 40.40493747561644255, 37.58673522072049877 ) ) ;
#3649 = CARTESIAN_POINT ( 'NONE',  ( 61.99999999999999289, 32.00000000000000000, -6.883067321740159450 ) ) ;
#3650 = CARTESIAN_POINT ( 'NONE',  ( -60.00000000000000000, 36.53589838486225716, 37.80681039527355836 ) ) ;
#3651 = CARTESIAN_POINT ( 'NONE',  ( -58.20426779272060003, 36.70162023182177791, 42.41145207066558243 ) ) ;
#3652 = VECTOR ( 'NONE', #127, 1000.000000000000000 ) ;
#3653 = EDGE_CURVE ( 'NONE', #2879, #5787, #534, .T. ) ;
#3654 = CARTESIAN_POINT ( 'NONE',  ( -59.59939550556955368, 36.79975038251463815, -3.033231241158884650 ) ) ;
#3655 = EDGE_CURVE ( 'NONE', #3450, #715, #5088, .T. ) ;
#3656 = CARTESIAN_POINT ( 'NONE',  ( -58.09982340415911750, 39.11758091246183966, 37.73690844672735523 ) ) ;
#3657 = CARTESIAN_POINT ( 'NONE',  ( 62.00000000000000000, 34.00000000000000000, -57.15000000000000568 ) ) ;
#3658 = CARTESIAN_POINT ( 'NONE',  ( 58.09346866892092009, 39.11162224750675165, -6.644167883790615292 ) ) ;
#3659 = LINE ( 'NONE', #4622, #5327 ) ;
#3660 = EDGE_LOOP ( 'NONE', ( #3783, #4673, #2483, #6055, #5825, #2822, #4964, #6263 ) ) ;
#3661 = CIRCLE ( 'NONE', #5462, 3.599999999999998312 ) ;
#3662 = ORIENTED_EDGE ( 'NONE', *, *, #3117, .T. ) ;
#3663 = CARTESIAN_POINT ( 'NONE',  ( 60.00000000000000000, 40.00000000000000711, -4.389543696378559900 ) ) ;
#3664 = AXIS2_PLACEMENT_3D ( 'NONE', #6357, #3406, #877 ) ;
#3665 = CARTESIAN_POINT ( 'NONE',  ( -58.05061865088518402, 37.91476752987540522, 40.67121754813207701 ) ) ;
#3666 = AXIS2_PLACEMENT_3D ( 'NONE', #166, #5610, #6246 ) ;
#3667 = CARTESIAN_POINT ( 'NONE',  ( 31.00000000000000000, 38.00000000000000711, -54.15000000000001279 ) ) ;
#3668 = ORIENTED_EDGE ( 'NONE', *, *, #1994, .T. ) ;
#3669 = CARTESIAN_POINT ( 'NONE',  ( -58.11995359254766669, 37.34244888137267537, 41.43879625017338242 ) ) ;
#3670 = CARTESIAN_POINT ( 'NONE',  ( -58.00720163744073687, 36.47676950271103635, 42.88663627427051495 ) ) ;
#3671 = CARTESIAN_POINT ( 'NONE',  ( -57.99999999999998579, 38.00000000000000711, 44.14999999999998437 ) ) ;
#3672 = CARTESIAN_POINT ( 'NONE',  ( -58.07386014214462477, 37.47585910220246319, 41.30061736476949363 ) ) ;
#3673 = ORIENTED_EDGE ( 'NONE', *, *, #4074, .F. ) ;
#3674 = CARTESIAN_POINT ( 'NONE',  ( -58.03160850095227374, 39.45753092194981804, 38.17513189634725990 ) ) ;
#3675 = CARTESIAN_POINT ( 'NONE',  ( 57.99999999999999289, 36.47791219860096135, -2.132832606474910797 ) ) ;
#3676 = ORIENTED_EDGE ( 'NONE', *, *, #3065, .T. ) ;
#3677 = FACE_OUTER_BOUND ( 'NONE', #1483, .T. ) ;
#3678 =( BOUNDED_CURVE ( )  B_SPLINE_CURVE ( 3, ( #5227, #671, #2699, #177 ),
 .UNSPECIFIED., .F., .F. ) 
 B_SPLINE_CURVE_WITH_KNOTS ( ( 4, 4 ),
 ( 1.570796326794894560, 3.141592653589793116 ),
 .UNSPECIFIED. ) 
 CURVE ( )  GEOMETRIC_REPRESENTATION_ITEM ( )  RATIONAL_B_SPLINE_CURVE ( ( 1.000000000000000000, 0.8047378541243644934, 0.8047378541243644934, 1.000000000000000000 ) ) 
 REPRESENTATION_ITEM ( '' )  );
#3679 = CARTESIAN_POINT ( 'NONE',  ( -58.00245726975794724, 36.72508276469648791, 42.48233889972095056 ) ) ;
#3680 = DIRECTION ( 'NONE',  ( 1.000000000000000000, 0.000000000000000000, 0.000000000000000000 ) ) ;
#3681 = DIRECTION ( 'NONE',  ( 0.000000000000000000, -0.8191520442889912434, -0.5735764363510471586 ) ) ;
#3682 = CARTESIAN_POINT ( 'NONE',  ( -58.02703083244478677, 39.57185926552812560, 37.81507426145986983 ) ) ;
#3683 = CARTESIAN_POINT ( 'NONE',  ( -57.99999999999999289, 36.36169591142201796, 43.00284712729789760 ) ) ;
#3684 = CARTESIAN_POINT ( 'NONE',  ( -58.07301573520764038, 36.77715370152704821, 42.37345382980728914 ) ) ;
#3685 = DIRECTION ( 'NONE',  ( 0.000000000000000000, 1.000000000000000000, 0.000000000000000000 ) ) ;
#3686 = DIRECTION ( 'NONE',  ( 0.000000000000000000, 0.000000000000000000, 1.000000000000000000 ) ) ;
#3687 = FACE_BOUND ( 'NONE', #5984, .T. ) ;
#3688 = FACE_OUTER_BOUND ( 'NONE', #6328, .T. ) ;
#3689 = DIRECTION ( 'NONE',  ( -0.000000000000000000, -0.000000000000000000, 1.000000000000000000 ) ) ;
#3690 = ORIENTED_EDGE ( 'NONE', *, *, #2050, .T. ) ;
#3691 = VECTOR ( 'NONE', #3526, 1000.000000000000114 ) ;
#3692 = EDGE_CURVE ( 'NONE', #3764, #4593, #1226, .T. ) ;
#3693 = EDGE_LOOP ( 'NONE', ( #3821, #3443, #208, #4093 ) ) ;
#3694 = ORIENTED_EDGE ( 'NONE', *, *, #35, .F. ) ;
#3695 = CARTESIAN_POINT ( 'NONE',  ( -37.50000000000000711, 56.31845590083169384, 14.50164012751794296 ) ) ;
#3696 = DIRECTION ( 'NONE',  ( 0.000000000000000000, 0.000000000000000000, -1.000000000000000000 ) ) ;
#3697 = ADVANCED_FACE ( 'NONE', ( #2966 ), #437, .F. ) ;
#3698 = DIRECTION ( 'NONE',  ( -1.000000000000000000, -0.000000000000000000, -0.000000000000000000 ) ) ;
#3699 = ORIENTED_EDGE ( 'NONE', *, *, #2463, .F. ) ;
#3700 = CARTESIAN_POINT ( 'NONE',  ( -58.07032560804360344, 37.31639508449905662, 41.54894736295033653 ) ) ;
#3701 = CARTESIAN_POINT ( 'NONE',  ( -58.00237594800665875, 36.63419842389386361, 42.61909541849357907 ) ) ;
#3702 = CARTESIAN_POINT ( 'NONE',  ( -59.72781746861069507, 38.00000000000000711, 42.81316442813131573 ) ) ;
#3703 = CARTESIAN_POINT ( 'NONE',  ( -58.07082611655484783, 37.41410492651699116, 41.39960243855076527 ) ) ;
#3704 = EDGE_CURVE ( 'NONE', #3211, #1461, #1565, .T. ) ;
#3705 = EDGE_LOOP ( 'NONE', ( #1846, #5334 ) ) ;
#3706 = CARTESIAN_POINT ( 'NONE',  ( -57.97549028044030450, 39.69974011249675527, 38.33753960918166825 ) ) ;
#3707 = CARTESIAN_POINT ( 'NONE',  ( 60.00000000000000000, 36.72339182284403591, 42.48629183235377127 ) ) ;
#3708 = VERTEX_POINT ( 'NONE', #6023 ) ;
#3709 = CARTESIAN_POINT ( 'NONE',  ( 58.20593211044206328, 36.56861097429685259, 42.72484582019664856 ) ) ;
#3710 = DIRECTION ( 'NONE',  ( 0.000000000000000000, 0.7071067811865502373, 0.7071067811865449082 ) ) ;
#3711 = CARTESIAN_POINT ( 'NONE',  ( -58.00523534419501459, 36.85124144028564075, 42.29458343364106554 ) ) ;
#3712 = CARTESIAN_POINT ( 'NONE',  ( 58.42231339174794158, 34.00000000000000000, 42.58701063140170362 ) ) ;
#3713 = LINE ( 'NONE', #5740, #3734 ) ;
#3714 = CARTESIAN_POINT ( 'NONE',  ( -60.00000000000000000, 34.00000000000000000, 37.80681039527355125 ) ) ;
#3715 = CARTESIAN_POINT ( 'NONE',  ( -58.01557578177150987, 39.67192573917984788, 37.90370745525461871 ) ) ;
#3716 = CARTESIAN_POINT ( 'NONE',  ( 57.99999999999999289, 31.99000000000000554, -6.646254786282211668 ) ) ;
#3717 = ORIENTED_EDGE ( 'NONE', *, *, #102, .T. ) ;
#3718 = AXIS2_PLACEMENT_3D ( 'NONE', #731, #6212, #4217 ) ;
#3719 = CARTESIAN_POINT ( 'NONE',  ( -59.12196416106198882, 36.12288450530794393, 43.33106804759763975 ) ) ;
#3720 = CARTESIAN_POINT ( 'NONE',  ( 59.00723795880360711, 38.56847218675534350, 42.89804414742163630 ) ) ;
#3721 = EDGE_CURVE ( 'NONE', #3561, #6085, #6481, .T. ) ;
#3722 = CARTESIAN_POINT ( 'NONE',  ( -58.00526455112905211, 39.83302560677885396, 37.72970723166730522 ) ) ;
#3723 = CARTESIAN_POINT ( 'NONE',  ( 23.00000000000001421, 36.00000000000000711, -21.47500000000000142 ) ) ;
#3724 = B_SPLINE_CURVE_WITH_KNOTS ( 'NONE', 3,
 ( #6269, #3643, #1146, #4276 ),
 .UNSPECIFIED., .F., .F.,
 ( 4, 4 ),
 ( 0.000000000000000000, 1.000000000000000000 ),
 .UNSPECIFIED. ) ;
#3725 = CARTESIAN_POINT ( 'NONE',  ( -58.27769611656894710, 34.00000000000000000, -6.629651369444699682 ) ) ;
#3726 = VERTEX_POINT ( 'NONE', #5517 ) ;
#3727 = CARTESIAN_POINT ( 'NONE',  ( 57.99999999999999289, 40.00000000000000711, 37.80681039527357257 ) ) ;
#3728 = EDGE_LOOP ( 'NONE', ( #3265, #2140, #739, #4840 ) ) ;
#3729 = ORIENTED_EDGE ( 'NONE', *, *, #5375, .T. ) ;
#3730 = CARTESIAN_POINT ( 'NONE',  ( 56.04960485060823316, 38.63191942670053436, -4.887484303137414443 ) ) ;
#3731 = CARTESIAN_POINT ( 'NONE',  ( 0.000000000000000000, 40.00000000000000711, 44.78059757775796612 ) ) ;
#3732 = CIRCLE ( 'NONE', #4479, 3.599999999999998312 ) ;
#3733 = EDGE_CURVE ( 'NONE', #4205, #4085, #2703, .T. ) ;
#3734 = VECTOR ( 'NONE', #1187, 1000.000000000000000 ) ;
#3735 = CARTESIAN_POINT ( 'NONE',  ( 60.00000000000000000, 38.63191942669732981, -4.887484303138577069 ) ) ;
#3736 = ORIENTED_EDGE ( 'NONE', *, *, #6433, .F. ) ;
#3737 = CARTESIAN_POINT ( 'NONE',  ( -59.06785807685088940, 36.33160768720538414, 42.47603887359944252 ) ) ;
#3738 = CARTESIAN_POINT ( 'NONE',  ( -58.00021680211582975, 36.69020822916179725, 42.53436262286841441 ) ) ;
#3739 = ADVANCED_FACE ( 'NONE', ( #5022 ), #1992, .T. ) ;
#3740 = AXIS2_PLACEMENT_3D ( 'NONE', #5524, #3565, #1570 ) ;
#3741 = ORIENTED_EDGE ( 'NONE', *, *, #4627, .T. ) ;
#3742 = ADVANCED_FACE ( 'NONE', ( #3529 ), #5057, .F. ) ;
#3743 = FACE_OUTER_BOUND ( 'NONE', #1191, .T. ) ;
#3744 = CARTESIAN_POINT ( 'NONE',  ( -58.07220955560978837, 37.41087589897021104, 41.40249936045819368 ) ) ;
#3745 = ORIENTED_EDGE ( 'NONE', *, *, #3044, .T. ) ;
#3746 = CARTESIAN_POINT ( 'NONE',  ( -58.43971100486859882, 38.11437190295616517, 38.39695691033686842 ) ) ;
#3747 = CARTESIAN_POINT ( 'NONE',  ( -59.44993554810024960, 36.53758721776093665, 41.03010457125739663 ) ) ;
#3748 = ORIENTED_EDGE ( 'NONE', *, *, #6127, .T. ) ;
#3749 = CARTESIAN_POINT ( 'NONE',  ( 23.00000000000001421, 32.00000000000000000, -20.15000000000000213 ) ) ;
#3750 = DIRECTION ( 'NONE',  ( 0.000000000000000000, 0.000000000000000000, 1.000000000000000000 ) ) ;
#3751 = CARTESIAN_POINT ( 'NONE',  ( -58.00294700486056598, 36.69084210642056831, 42.53320921559275547 ) ) ;
#3752 = DIRECTION ( 'NONE',  ( 0.000000000000000000, 1.000000000000000000, -0.000000000000000000 ) ) ;
#3753 = CARTESIAN_POINT ( 'NONE',  ( 23.00000000000001421, 32.00000000000000000, -46.15000000000001279 ) ) ;
#3754 = CARTESIAN_POINT ( 'NONE',  ( -58.01367508976088061, 39.68529988817275722, 37.93802500224225582 ) ) ;
#3755 = CARTESIAN_POINT ( 'NONE',  ( 23.00000000000001421, 36.00000000000000711, -20.15000000000000213 ) ) ;
#3756 = DIRECTION ( 'NONE',  ( -0.000000000000000000, 1.000000000000000000, -0.000000000000000000 ) ) ;
#3757 = CARTESIAN_POINT ( 'NONE',  ( -58.05835271319261182, 36.89084551491668407, 42.20578838296022894 ) ) ;
#3758 = CARTESIAN_POINT ( 'NONE',  ( 70.05933982822017470, 35.00000000000000000, -56.08933982822017583 ) ) ;
#3759 = CARTESIAN_POINT ( 'NONE',  ( -58.05751508644677017, 39.32657521461879924, 37.76865248712241652 ) ) ;
#3760 = LINE ( 'NONE', #564, #2825 ) ;
#3761 = LINE ( 'NONE', #5289, #2010 ) ;
#3762 = ORIENTED_EDGE ( 'NONE', *, *, #4140, .F. ) ;
#3763 = AXIS2_PLACEMENT_3D ( 'NONE', #5173, #6138, #5208 ) ;
#3764 = VERTEX_POINT ( 'NONE', #3121 ) ;
#3765 = EDGE_CURVE ( 'NONE', #3201, #6353, #6319, .T. ) ;
#3766 = ORIENTED_EDGE ( 'NONE', *, *, #4454, .F. ) ;
#3767 = VERTEX_POINT ( 'NONE', #628 ) ;
#3768 = CARTESIAN_POINT ( 'NONE',  ( -37.50000000000000711, 34.44182615252720581, 37.02747131874050268 ) ) ;
#3769 = DIRECTION ( 'NONE',  ( 0.000000000000000000, 0.000000000000000000, 1.000000000000000000 ) ) ;
#3770 = CARTESIAN_POINT ( 'NONE',  ( 59.02038856661268795, 37.15425977039118521, 41.87094863189527416 ) ) ;
#3771 = AXIS2_PLACEMENT_3D ( 'NONE', #252, #640, #147 ) ;
#3772 = VERTEX_POINT ( 'NONE', #4121 ) ;
#3773 = CARTESIAN_POINT ( 'NONE',  ( -58.07094443035837372, 37.19037607313529747, 41.73943826877847130 ) ) ;
#3774 = CARTESIAN_POINT ( 'NONE',  ( -58.00029190375885690, 36.88820449252509803, 42.23995508220718875 ) ) ;
#3775 = ORIENTED_EDGE ( 'NONE', *, *, #3855, .T. ) ;
#3776 = AXIS2_PLACEMENT_3D ( 'NONE', #2595, #2626, #1604 ) ;
#3777 = DIRECTION ( 'NONE',  ( -0.000000000000000000, 0.000000000000000000, 1.000000000000000000 ) ) ;
#3778 = AXIS2_PLACEMENT_3D ( 'NONE', #4459, #4988, #34 ) ;
#3779 = ORIENTED_EDGE ( 'NONE', *, *, #3491, .F. ) ;
#3780 = CARTESIAN_POINT ( 'NONE',  ( -58.31130646454319333, 38.36984631368834187, 38.69224101012822814 ) ) ;
#3781 = CARTESIAN_POINT ( 'NONE',  ( -12.99999999999998401, 32.00000000000000000, -16.15000000000000568 ) ) ;
#3782 = ADVANCED_FACE ( 'NONE', ( #5184 ), #137, .T. ) ;
#3783 = ORIENTED_EDGE ( 'NONE', *, *, #1421, .T. ) ;
#3784 = LINE ( 'NONE', #6335, #493 ) ;
#3785 = DIRECTION ( 'NONE',  ( 0.000000000000000000, 0.000000000000000000, -1.000000000000000000 ) ) ;
#3786 = CARTESIAN_POINT ( 'NONE',  ( -57.99619542414609441, 36.08278354698991564, 43.97102036694539606 ) ) ;
#3787 = CARTESIAN_POINT ( 'NONE',  ( -58.00343232413078454, 36.84120117782490667, 42.30969740888801311 ) ) ;
#3788 = EDGE_CURVE ( 'NONE', #6008, #1294, #3127, .T. ) ;
#3789 = CARTESIAN_POINT ( 'NONE',  ( -57.97184742809984215, 36.17471281322589505, 43.59547259198132707 ) ) ;
#3790 = DIRECTION ( 'NONE',  ( -0.000000000000000000, -0.9396926207859082059, -0.3420201433256696566 ) ) ;
#3791 = CARTESIAN_POINT ( 'NONE',  ( -58.01339097425458391, 39.68870314143652678, 37.93677603484217542 ) ) ;
#3792 = DIRECTION ( 'NONE',  ( -0.000000000000000000, 0.000000000000000000, 1.000000000000000000 ) ) ;
#3793 = DIRECTION ( 'NONE',  ( 0.000000000000000000, -1.000000000000000000, 0.000000000000000000 ) ) ;
#3794 = CARTESIAN_POINT ( 'NONE',  ( -58.10193166283750799, 36.83179241232704015, 42.26704896360567432 ) ) ;
#3795 = CARTESIAN_POINT ( 'NONE',  ( 59.72781746860832897, 38.00000000000000000, 42.81316442812579481 ) ) ;
#3796 = CARTESIAN_POINT ( 'NONE',  ( -58.00448519484509546, 39.84685734194611229, 37.73664862805185294 ) ) ;
#3797 = EDGE_CURVE ( 'NONE', #5159, #1964, #3990, .T. ) ;
#3798 = DIRECTION ( 'NONE',  ( 1.000000000000000000, -0.000000000000000000, -0.000000000000000000 ) ) ;
#3799 = CARTESIAN_POINT ( 'NONE',  ( 58.39177860152763344, 38.25910399661258765, -6.605816228458107453 ) ) ;
#3800 = ORIENTED_EDGE ( 'NONE', *, *, #650, .F. ) ;
#3801 = ORIENTED_EDGE ( 'NONE', *, *, #1622, .F. ) ;
#3802 = CARTESIAN_POINT ( 'NONE',  ( 56.24684312000267283, 37.55318955058955055, -5.478456577491614965 ) ) ;
#3803 = VECTOR ( 'NONE', #5238, 1000.000000000000114 ) ;
#3804 = CARTESIAN_POINT ( 'NONE',  ( 30.08879795882068464, 38.26576726201064105, -13.06120204117934414 ) ) ;
#3805 = CARTESIAN_POINT ( 'NONE',  ( 59.17963960759204411, 40.03600000000001558, -6.233497205144183262 ) ) ;
#3806 = VECTOR ( 'NONE', #66, 1000.000000000000000 ) ;
#3807 = EDGE_LOOP ( 'NONE', ( #636, #5535, #3954, #4844 ) ) ;
#3808 = CARTESIAN_POINT ( 'NONE',  ( -57.96829956885423485, 37.45560411412532176, 41.46242938720834559 ) ) ;
#3809 = CARTESIAN_POINT ( 'NONE',  ( -58.00345863788108147, 36.52204577911693661, 42.80244808627234221 ) ) ;
#3810 = ORIENTED_EDGE ( 'NONE', *, *, #1544, .T. ) ;
#3811 = CARTESIAN_POINT ( 'NONE',  ( -59.00723795880173128, 38.56847218675768829, 42.89804414741965388 ) ) ;
#3812 = VERTEX_POINT ( 'NONE', #4656 ) ;
#3813 = CARTESIAN_POINT ( 'NONE',  ( -58.03021076899024422, 39.33478667877342616, 38.47156704102757629 ) ) ;
#3814 = CARTESIAN_POINT ( 'NONE',  ( -62.00000000000000000, 34.00000000000000711, 37.80681039527355836 ) ) ;
#3815 = EDGE_LOOP ( 'NONE', ( #1086, #3349, #1649, #185, #2192, #2947, #318, #2867, #744, #854, #4387, #2684, #152, #4196, #2763, #2979 ) ) ;
#3816 = CARTESIAN_POINT ( 'NONE',  ( 37.49999999999999289, 54.28757085025051055, 8.684810586322338821 ) ) ;
#3817 = VECTOR ( 'NONE', #343, 1000.000000000000114 ) ;
#3818 = CARTESIAN_POINT ( 'NONE',  ( -57.99755588533136574, 36.63383693052111312, 42.61969247552439555 ) ) ;
#3819 = CARTESIAN_POINT ( 'NONE',  ( -58.00358531888831948, 36.66230725265710078, 42.57595713424066020 ) ) ;
#3820 = CARTESIAN_POINT ( 'NONE',  ( -29.14916879289514995, 38.39999999999999858, -52.29916879289514497 ) ) ;
#3821 = ORIENTED_EDGE ( 'NONE', *, *, #5073, .T. ) ;
#3822 = AXIS2_PLACEMENT_3D ( 'NONE', #6529, #3543, #5041 ) ;
#3823 = CARTESIAN_POINT ( 'NONE',  ( 0.000000000000000000, 0.000000000000000000, 0.000000000000000000 ) ) ;
#3824 = CARTESIAN_POINT ( 'NONE',  ( -58.07593007172800981, 39.22603188083876802, 37.92294949286235806 ) ) ;
#3825 = EDGE_CURVE ( 'NONE', #2694, #2859, #5612, .T. ) ;
#3826 = CARTESIAN_POINT ( 'NONE',  ( -58.89276749882570527, 37.47810842675321652, 37.85597227741954640 ) ) ;
#3827 = EDGE_LOOP ( 'NONE', ( #4822, #796, #3893, #495 ) ) ;
#3828 = LINE ( 'NONE', #5851, #504 ) ;
#3829 = CARTESIAN_POINT ( 'NONE',  ( -58.02251889889268455, 36.77975751940599025, 42.39507767522535175 ) ) ;
#3830 = CARTESIAN_POINT ( 'NONE',  ( 70.05933982822018891, 38.00000000000000711, 56.08933982822016162 ) ) ;
#3831 = ADVANCED_FACE ( 'NONE', ( #2123 ), #4152, .T. ) ;
#3832 = CARTESIAN_POINT ( 'NONE',  ( -58.00487590133869276, 39.83991751152154848, 37.73920758027225020 ) ) ;
#3833 = LINE ( 'NONE', #1268, #1297 ) ;
#3834 = CIRCLE ( 'NONE', #954, 2.000000000000001776 ) ;
#3835 = CARTESIAN_POINT ( 'NONE',  ( 56.31989895381898492, 43.38105090647467676, -3.158941805883018983 ) ) ;
#3836 = EDGE_LOOP ( 'NONE', ( #5069, #805, #1773, #6527 ) ) ;
#3837 = VECTOR ( 'NONE', #3792, 1000.000000000000000 ) ;
#3838 = CARTESIAN_POINT ( 'NONE',  ( -58.25302803754558312, 36.56250135595579565, 42.70447063140235855 ) ) ;
#3839 = DIRECTION ( 'NONE',  ( 6.821990600866115764E-15, -0.5735764363510462704, 0.8191520442889916875 ) ) ;
#3840 = CARTESIAN_POINT ( 'NONE',  ( 58.49037383325192252, 34.00000000000000711, -6.595136940325256880 ) ) ;
#3841 = ORIENTED_EDGE ( 'NONE', *, *, #160, .F. ) ;
#3842 = CARTESIAN_POINT ( 'NONE',  ( -58.07131766109107218, 37.24952493930199893, 41.64934983603687613 ) ) ;
#3843 = CARTESIAN_POINT ( 'NONE',  ( -58.00005187294251385, 36.68839030023077186, 42.53706751871624192 ) ) ;
#3844 = ORIENTED_EDGE ( 'NONE', *, *, #5926, .F. ) ;
#3845 = CARTESIAN_POINT ( 'NONE',  ( -57.96472147835335420, 34.00000000000000000, -2.133186452530325905 ) ) ;
#3846 = AXIS2_PLACEMENT_3D ( 'NONE', #5138, #3580, #5603 ) ;
#3847 = ORIENTED_EDGE ( 'NONE', *, *, #4957, .T. ) ;
#3848 = CARTESIAN_POINT ( 'NONE',  ( -60.16227668740953760, 36.40204947581653272, 39.30270730905342447 ) ) ;
#3849 = CARTESIAN_POINT ( 'NONE',  ( -57.99999999999999289, 32.00000000000000000, -8.646254786282211668 ) ) ;
#3850 = ORIENTED_EDGE ( 'NONE', *, *, #1305, .F. ) ;
#3851 = CARTESIAN_POINT ( 'NONE',  ( -36.00000000000000000, 43.96149494233060295, 35.63610288090744405 ) ) ;
#3852 = CARTESIAN_POINT ( 'NONE',  ( -57.99549809268251011, 36.68259555675408734, 42.54568411613967527 ) ) ;
#3853 = VECTOR ( 'NONE', #274, 1000.000000000000000 ) ;
#3854 = CARTESIAN_POINT ( 'NONE',  ( -58.12736768644969487, 36.12272297212872019, 43.77250057751993495 ) ) ;
#3855 = EDGE_CURVE ( 'NONE', #3617, #850, #2134, .T. ) ;
#3856 = FACE_OUTER_BOUND ( 'NONE', #1250, .T. ) ;
#3857 = CARTESIAN_POINT ( 'NONE',  ( -59.74649473691891188, 36.20071081427357029, 42.11900711453353807 ) ) ;
#3858 = VERTEX_POINT ( 'NONE', #1631 ) ;
#3859 = CARTESIAN_POINT ( 'NONE',  ( -58.01824242609950488, 39.64431403656196551, 37.90492674013265173 ) ) ;
#3860 = CARTESIAN_POINT ( 'NONE',  ( -37.50000000000000711, 40.60246154483593273, 36.94640614105537679 ) ) ;
#3861 = EDGE_LOOP ( 'NONE', ( #2835, #4858, #819, #4384 ) ) ;
#3862 = DIRECTION ( 'NONE',  ( 0.000000000000000000, 1.000000000000000000, 0.000000000000000000 ) ) ;
#3863 = CARTESIAN_POINT ( 'NONE',  ( -58.01443565166364635, 36.73744114123711313, 42.46092942553794813 ) ) ;
#3864 = AXIS2_PLACEMENT_3D ( 'NONE', #5606, #1056, #6537 ) ;
#3865 = CARTESIAN_POINT ( 'NONE',  ( -15.87326034323380242, 36.00000000000000711, -12.15000000000000391 ) ) ;
#3866 = CARTESIAN_POINT ( 'NONE',  ( -58.00561570831888503, 39.82610773928454506, 37.75849224670363213 ) ) ;
#3867 = CARTESIAN_POINT ( 'NONE',  ( -12.49999999999998401, 35.07499999999998153, -54.15000000000001279 ) ) ;
#3868 = CARTESIAN_POINT ( 'NONE',  ( 56.03611634398389896, 41.35503557788350548, -3.896351079657269789 ) ) ;
#3869 = EDGE_CURVE ( 'NONE', #2807, #5841, #3659, .T. ) ;
#3870 = ORIENTED_EDGE ( 'NONE', *, *, #3157, .F. ) ;
#3871 = EDGE_CURVE ( 'NONE', #908, #1640, #69, .T. ) ;
#3872 = EDGE_CURVE ( 'NONE', #880, #1896, #1127, .T. ) ;
#3873 = LINE ( 'NONE', #2836, #3583 ) ;
#3874 = CARTESIAN_POINT ( 'NONE',  ( -58.08351601899290273, 37.42733807924086875, 41.36024325480235575 ) ) ;
#3875 = CARTESIAN_POINT ( 'NONE',  ( 31.00000000000001421, 38.00000000000000711, -12.15000000000000746 ) ) ;
#3876 = CONICAL_SURFACE ( 'NONE', #264, 3.325000000000001510, 0.7853981633974445042 ) ;
#3877 = DIRECTION ( 'NONE',  ( 0.000000000000000000, 1.387778780781445676E-14, -1.000000000000000000 ) ) ;
#3878 = ORIENTED_EDGE ( 'NONE', *, *, #3215, .T. ) ;
#3879 = CARTESIAN_POINT ( 'NONE',  ( -58.13630177450044556, 37.22421142080510492, 41.60578698850626722 ) ) ;
#3880 = CARTESIAN_POINT ( 'NONE',  ( -58.00005384029586963, 36.68110800190425635, 42.54789398416964730 ) ) ;
#3881 = ORIENTED_EDGE ( 'NONE', *, *, #2571, .F. ) ;
#3882 = CARTESIAN_POINT ( 'NONE',  ( -58.93059962341015279, 40.03600000000000847, -2.373480949073485835 ) ) ;
#3883 = CARTESIAN_POINT ( 'NONE',  ( -57.89613568766928609, 39.75529738817046166, 38.65710585399563826 ) ) ;
#3884 = CYLINDRICAL_SURFACE ( 'NONE', #1928, 3.599999999999998312 ) ;
#3885 = EDGE_CURVE ( 'NONE', #3437, #292, #1795, .T. ) ;
#3886 = VERTEX_POINT ( 'NONE', #3867 ) ;
#3887 = CARTESIAN_POINT ( 'NONE',  ( -73.11999999999999034, 35.00000000000000000, -62.15000000000000568 ) ) ;
#3888 = CARTESIAN_POINT ( 'NONE',  ( -57.99759588589473225, 36.65976105118530626, 42.57996045073739566 ) ) ;
#3889 = CARTESIAN_POINT ( 'NONE',  ( -58.09025562991343605, 36.24251614749420725, 43.40472653166663264 ) ) ;
#3890 = VECTOR ( 'NONE', #6088, 1000.000000000000000 ) ;
#3891 = CARTESIAN_POINT ( 'NONE',  ( 61.99999999999999289, 34.00000000000000000, -6.883067321740159450 ) ) ;
#3892 = CARTESIAN_POINT ( 'NONE',  ( -58.06509542079577102, 37.59798165240525947, 41.12823251293391991 ) ) ;
#3893 = ORIENTED_EDGE ( 'NONE', *, *, #1426, .T. ) ;
#3894 = CARTESIAN_POINT ( 'NONE',  ( -58.01675945835065562, 39.63082230689148133, 38.01508793896802985 ) ) ;
#3895 = B_SPLINE_CURVE_WITH_KNOTS ( 'NONE', 3,
 ( #4425, #1336, #4891, #6448 ),
 .UNSPECIFIED., .F., .F.,
 ( 4, 4 ),
 ( 0.000000000000000000, 1.000000000000000000 ),
 .UNSPECIFIED. ) ;
#3896 = DIRECTION ( 'NONE',  ( -1.000000000000000000, 0.000000000000000000, -0.000000000000000000 ) ) ;
#3897 = ORIENTED_EDGE ( 'NONE', *, *, #6491, .T. ) ;
#3898 = PLANE ( 'NONE',  #4199 ) ;
#3899 = CARTESIAN_POINT ( 'NONE',  ( -58.01039949406116136, 36.78985659828907018, 42.38429752837932796 ) ) ;
#3900 = LINE ( 'NONE', #4357, #1684 ) ;
#3901 = CARTESIAN_POINT ( 'NONE',  ( -58.00699864128142025, 39.80192862525373698, 37.78161260388144171 ) ) ;
#3902 = VECTOR ( 'NONE', #5382, 999.9999999999998863 ) ;
#3903 = CARTESIAN_POINT ( 'NONE',  ( 55.98776217124689936, 39.99356804056802872, -4.391884738159807178 ) ) ;
#3904 = ORIENTED_EDGE ( 'NONE', *, *, #4591, .T. ) ;
#3905 = AXIS2_PLACEMENT_3D ( 'NONE', #1473, #6551, #1006 ) ;
#3906 = CARTESIAN_POINT ( 'NONE',  ( -12.99999999999998401, 36.00000000000000711, -16.15000000000000568 ) ) ;
#3907 = CARTESIAN_POINT ( 'NONE',  ( -58.08291393756982046, 37.46242959504056813, 41.30694303819984725 ) ) ;
#3908 = DIRECTION ( 'NONE',  ( -0.000000000000000000, -1.000000000000000000, -0.000000000000000000 ) ) ;
#3909 = DIRECTION ( 'NONE',  ( 0.000000000000000000, 0.8191520442889909104, 0.5735764363510474917 ) ) ;
#3910 = EDGE_CURVE ( 'NONE', #4334, #6397, #2389, .T. ) ;
#3911 = ORIENTED_EDGE ( 'NONE', *, *, #3825, .T. ) ;
#3912 = CARTESIAN_POINT ( 'NONE',  ( -58.00005416467353569, 36.68426164510947274, 42.54320658679429812 ) ) ;
#3913 = ORIENTED_EDGE ( 'NONE', *, *, #995, .T. ) ;
#3914 = DIRECTION ( 'NONE',  ( -0.000000000000000000, -1.000000000000000000, 0.000000000000000000 ) ) ;
#3915 = ADVANCED_FACE ( 'NONE', ( #1301 ), #342, .F. ) ;
#3916 = CARTESIAN_POINT ( 'NONE',  ( -57.96711721632862435, 39.15491341109660084, 39.11029498058645970 ) ) ;
#3917 = EDGE_LOOP ( 'NONE', ( #5303, #3053, #2834, #1284, #268, #4602, #4561, #1247 ) ) ;
#3918 = LINE ( 'NONE', #4378, #4209 ) ;
#3919 = CARTESIAN_POINT ( 'NONE',  ( -57.98974244178072723, 36.72966128659815155, 42.47570005580505637 ) ) ;
#3920 = CARTESIAN_POINT ( 'NONE',  ( -58.00120742386659600, 36.68770877713980383, 42.53803013225797969 ) ) ;
#3921 = CARTESIAN_POINT ( 'NONE',  ( 60.34314575050761675, 32.00000000000000000, -8.646254786282211668 ) ) ;
#3922 = CARTESIAN_POINT ( 'NONE',  ( -58.06771070993839601, 37.55644060991922117, 41.18727548900069735 ) ) ;
#3923 = ORIENTED_EDGE ( 'NONE', *, *, #865, .T. ) ;
#3924 = CARTESIAN_POINT ( 'NONE',  ( -58.01707687444200445, 39.62744618061402946, 38.01632204555240691 ) ) ;
#3925 = MANIFOLD_SOLID_BREP ( 'Extruir-L\X2\00e1\X0\mina2', #5265 ) ;
#3926 = CARTESIAN_POINT ( 'NONE',  ( 37.49999999999999289, 54.28757085013698713, 8.684810586358356232 ) ) ;
#3927 = ORIENTED_EDGE ( 'NONE', *, *, #5939, .T. ) ;
#3928 = CARTESIAN_POINT ( 'NONE',  ( -58.03273494774573749, 36.75948671910238374, 42.42111488435467948 ) ) ;
#3929 = AXIS2_PLACEMENT_3D ( 'NONE', #799, #4982, #6473 ) ;
#3930 = CARTESIAN_POINT ( 'NONE',  ( 57.99999999999999289, 31.99000000000000554, 44.78059757775795191 ) ) ;
#3931 = CARTESIAN_POINT ( 'NONE',  ( -58.00781464269154952, 39.78874376085236264, 37.78690220533639632 ) ) ;
#3932 = CARTESIAN_POINT ( 'NONE',  ( 57.04230406909796613, 46.25824894800437903, -6.389142824205215732 ) ) ;
#3933 = CARTESIAN_POINT ( 'NONE',  ( 57.57657737574196943, 46.06280146362752959, -2.182864427352566139 ) ) ;
#3934 = ORIENTED_EDGE ( 'NONE', *, *, #1172, .F. ) ;
#3935 = CYLINDRICAL_SURFACE ( 'NONE', #2853, 3.599999999999998312 ) ;
#3936 = CARTESIAN_POINT ( 'NONE',  ( -57.98812946960182302, 37.24135655532804634, 41.74656153209382836 ) ) ;
#3937 = FACE_OUTER_BOUND ( 'NONE', #363, .T. ) ;
#3938 = ORIENTED_EDGE ( 'NONE', *, *, #2062, .T. ) ;
#3939 = VECTOR ( 'NONE', #1332, 1000.000000000000000 ) ;
#3940 = CARTESIAN_POINT ( 'NONE',  ( -58.00204640542322920, 36.57024669283823926, 42.72005711687571505 ) ) ;
#3941 = VERTEX_POINT ( 'NONE', #2898 ) ;
#3942 = EDGE_CURVE ( 'NONE', #4956, #464, #5893, .T. ) ;
#3943 = DIRECTION ( 'NONE',  ( -0.000000000000000000, -1.000000000000000000, -0.000000000000000000 ) ) ;
#3944 = CARTESIAN_POINT ( 'NONE',  ( -58.19583027558890365, 38.41046966820707098, 39.28926548558948895 ) ) ;
#3945 = CARTESIAN_POINT ( 'NONE',  ( 57.99999999999999289, 34.00000000000000711, -8.646254786282208116 ) ) ;
#3946 = ORIENTED_EDGE ( 'NONE', *, *, #2028, .F. ) ;
#3947 = CARTESIAN_POINT ( 'NONE',  ( -58.00000000000000000, 38.00000000000000711, -7.245839709862788247 ) ) ;
#3948 = EDGE_CURVE ( 'NONE', #538, #5381, #6385, .T. ) ;
#3949 = CARTESIAN_POINT ( 'NONE',  ( -57.99191564987136616, 36.38591774745447793, 43.05573992797696548 ) ) ;
#3950 = CARTESIAN_POINT ( 'NONE',  ( -58.03031674088852299, 36.38682773065546883, 43.05298706818911114 ) ) ;
#3951 = ADVANCED_FACE ( 'NONE', ( #2356 ), #4924, .F. ) ;
#3952 = CARTESIAN_POINT ( 'NONE',  ( 37.49999999999999289, 42.24076563327744793, 38.09355901377441000 ) ) ;
#3953 = CARTESIAN_POINT ( 'NONE',  ( -58.06209551165561322, 37.60514056840530372, 41.12250923366625699 ) ) ;
#3954 = ORIENTED_EDGE ( 'NONE', *, *, #2667, .F. ) ;
#3955 = CARTESIAN_POINT ( 'NONE',  ( -58.05806149994499066, 39.32037590390219606, 38.10630260792753177 ) ) ;
#3956 = VECTOR ( 'NONE', #1602, 1000.000000000000114 ) ;
#3957 = CARTESIAN_POINT ( 'NONE',  ( -58.20895506612037451, 38.71772744271150657, 37.86099882439736319 ) ) ;
#3958 = EDGE_LOOP ( 'NONE', ( #4807, #4947, #2937, #2844 ) ) ;
#3959 = CARTESIAN_POINT ( 'NONE',  ( -58.02291706784075132, 36.77618790516423530, 42.40024810158606527 ) ) ;
#3960 = CIRCLE ( 'NONE', #2558, 1.599999999999997202 ) ;
#3961 = CARTESIAN_POINT ( 'NONE',  ( 23.00000000000001421, 34.40000000000000568, -20.15000000000000213 ) ) ;
#3962 = CARTESIAN_POINT ( 'NONE',  ( -57.99594713950765623, 39.99207589820264275, 37.71123196658964360 ) ) ;
#3963 = CARTESIAN_POINT ( 'NONE',  ( 0.000000000000000000, 38.00000000000000711, 62.14999999999999858 ) ) ;
#3964 = ORIENTED_EDGE ( 'NONE', *, *, #4280, .F. ) ;
#3965 = B_SPLINE_CURVE_WITH_KNOTS ( 'NONE', 3,
 ( #2430, #4965, #5906, #2336, #782, #4373, #4901, #4405 ),
 .UNSPECIFIED., .F., .F.,
 ( 4, 2, 2, 4 ),
 ( 0.000000000000000000, 0.001522040778415863996, 0.002283061167623799681, 0.003044081556831734932 ),
 .UNSPECIFIED. ) ;
#3966 = CARTESIAN_POINT ( 'NONE',  ( -57.99515665127059094, 36.56250135595579565, 42.78055773600101475 ) ) ;
#3967 = CARTESIAN_POINT ( 'NONE',  ( 59.22909344175737090, 39.45299566451821249, -6.290612348717236735 ) ) ;
#3968 = CARTESIAN_POINT ( 'NONE',  ( 23.00000000000001421, 32.00000000000000000, -46.15000000000001279 ) ) ;
#3969 = CARTESIAN_POINT ( 'NONE',  ( -37.50000000000000711, 54.28757085025051055, 8.684810586322338821 ) ) ;
#3970 = EDGE_CURVE ( 'NONE', #2296, #3772, #4049, .T. ) ;
#3971 = CARTESIAN_POINT ( 'NONE',  ( -57.99977026880221587, 36.69002698778209748, 42.53463400135000683 ) ) ;
#3972 = EDGE_LOOP ( 'NONE', ( #6249, #1044, #4215, #2392 ) ) ;
#3973 = CARTESIAN_POINT ( 'NONE',  ( -59.94603075566908501, 40.03600000000001558, -4.993580692471085491 ) ) ;
#3974 = CARTESIAN_POINT ( 'NONE',  ( -58.04817095786246028, 38.82861015383276282, 39.24188063654363390 ) ) ;
#3975 = CARTESIAN_POINT ( 'NONE',  ( -11.99323052289754621, 35.09942767474807823, -54.15000000000002700 ) ) ;
#3976 = CARTESIAN_POINT ( 'NONE',  ( -60.00000000000000000, 40.00000000000000711, -4.389543696378559012 ) ) ;
#3977 = CARTESIAN_POINT ( 'NONE',  ( -57.99341161921228860, 36.68837555866475952, 42.53708958241437443 ) ) ;
#3978 = CARTESIAN_POINT ( 'NONE',  ( -58.00100045715979746, 36.68098729952504300, 42.54804496872637287 ) ) ;
#3979 = CARTESIAN_POINT ( 'NONE',  ( 62.00000000000000000, 34.00000000000000711, -4.389543696378559900 ) ) ;
#3980 = CARTESIAN_POINT ( 'NONE',  ( -58.02518961587522739, 37.69484485500585436, 41.05061282814045853 ) ) ;
#3981 = EDGE_CURVE ( 'NONE', #1027, #8, #2888, .T. ) ;
#3982 = ORIENTED_EDGE ( 'NONE', *, *, #2226, .F. ) ;
#3983 = CARTESIAN_POINT ( 'NONE',  ( -57.98076979561625421, 40.03957048090858706, 37.86556558748439016 ) ) ;
#3984 = DIRECTION ( 'NONE',  ( 0.000000000000000000, -0.000000000000000000, 1.000000000000000000 ) ) ;
#3985 = VERTEX_POINT ( 'NONE', #3330 ) ;
#3986 = EDGE_CURVE ( 'NONE', #4395, #139, #2292, .T. ) ;
#3987 = CARTESIAN_POINT ( 'NONE',  ( -58.01380328400232145, 36.68153988604470328, 42.54532801728861102 ) ) ;
#3988 = AXIS2_PLACEMENT_3D ( 'NONE', #4475, #5915, #918 ) ;
#3989 = CARTESIAN_POINT ( 'NONE',  ( 60.00000000000000000, 40.00000000000000711, -8.646254786282208116 ) ) ;
#3990 = CIRCLE ( 'NONE', #1113, 1.324999999999999734 ) ;
#3991 = CARTESIAN_POINT ( 'NONE',  ( -58.03289092676723726, 39.52842118974898256, 37.79814430649391710 ) ) ;
#3992 = FACE_OUTER_BOUND ( 'NONE', #4797, .T. ) ;
#3993 = ORIENTED_EDGE ( 'NONE', *, *, #3872, .T. ) ;
#3994 = CARTESIAN_POINT ( 'NONE',  ( -58.06234311905561896, 37.08522791258446460, 41.90837979302760630 ) ) ;
#3995 = CARTESIAN_POINT ( 'NONE',  ( -12.49999999999998401, 34.39999999999997726, -50.15000000000001279 ) ) ;
#3996 = EDGE_CURVE ( 'NONE', #1665, #238, #3833, .T. ) ;
#3997 = CARTESIAN_POINT ( 'NONE',  ( 60.00000000000000000, 40.00000000000000711, -4.389543696378560789 ) ) ;
#3998 = CARTESIAN_POINT ( 'NONE',  ( 58.96464529240456187, 34.00000000000000711, 41.96767248176148257 ) ) ;
#3999 = CARTESIAN_POINT ( 'NONE',  ( -12.99999999999998401, 32.00000000000000000, -12.82500000000000462 ) ) ;
#4000 = CARTESIAN_POINT ( 'NONE',  ( -58.00218149192242123, 36.47664113311083156, 42.88693913571687943 ) ) ;
#4001 = ORIENTED_EDGE ( 'NONE', *, *, #123, .T. ) ;
#4002 = CARTESIAN_POINT ( 'NONE',  ( -12.99999999999998401, 35.07500000000000284, -12.15000000000000568 ) ) ;
#4003 = CARTESIAN_POINT ( 'NONE',  ( -58.39438005794499986, 37.90745195278814350, 39.64367063376360534 ) ) ;
#4004 = DIRECTION ( 'NONE',  ( 0.000000000000000000, 0.000000000000000000, 1.000000000000000000 ) ) ;
#4005 = DIRECTION ( 'NONE',  ( 0.000000000000000000, 0.5735764363510470476, -0.8191520442889911324 ) ) ;
#4006 = B_SPLINE_SURFACE_WITH_KNOTS ( 'NONE', 3, 1, ( 
 ( #4090, #6511 ),
 ( #6081, #6114 ),
 ( #1564, #5611 ),
 ( #2934, #2963 ),
 ( #436, #3528 ),
 ( #5546, #2458 ),
 ( #4027, #4493 ),
 ( #500, #1959 ),
 ( #3998, #6022 ),
 ( #1466, #3494 ),
 ( #5, #5516 ),
 ( #2522, #2023 ),
 ( #965, #2994 ),
 ( #5021, #2489 ) ),
 .UNSPECIFIED., .F., .F., .F.,
 ( 4, 2, 2, 2, 2, 2, 4 ),
 ( 2, 2 ),
 ( 0.000000000000000000, 0.1250000000000011657, 0.2500000000000023315, 0.3750000000000034972, 0.5000000000000046629, 0.7500000000000023315, 1.000000000000000000 ),
 ( 0.000000000000000000, 1.000000000000000000 ),
 .UNSPECIFIED. ) ;
#4007 = CARTESIAN_POINT ( 'NONE',  ( -57.99325877084348946, 36.65976105118530626, 42.57996045073738856 ) ) ;
#4008 = CARTESIAN_POINT ( 'NONE',  ( -58.00054616348022307, 36.68918415006679368, 42.53587619000718689 ) ) ;
#4009 = ADVANCED_FACE ( 'NONE', ( #1335 ), #5320, .T. ) ;
#4010 = CARTESIAN_POINT ( 'NONE',  ( -31.00000000000000000, 36.00000000000000711, -12.15000000000000213 ) ) ;
#4011 = CARTESIAN_POINT ( 'NONE',  ( -59.21980936773115900, 36.40428987841746533, 41.97932200495425548 ) ) ;
#4012 = ORIENTED_EDGE ( 'NONE', *, *, #1537, .T. ) ;
#4013 = CARTESIAN_POINT ( 'NONE',  ( -60.08194942465789268, 36.49690571598481625, 38.13650755239297752 ) ) ;
#4014 = DIRECTION ( 'NONE',  ( 0.000000000000000000, 0.5735764363510470476, -0.8191520442889911324 ) ) ;
#4015 = ORIENTED_EDGE ( 'NONE', *, *, #3869, .F. ) ;
#4016 = CIRCLE ( 'NONE', #5707, 1.600000000000000089 ) ;
#4017 = CARTESIAN_POINT ( 'NONE',  ( -58.11831410240124285, 36.39911622684002168, 43.01549307267959676 ) ) ;
#4018 = CARTESIAN_POINT ( 'NONE',  ( 23.00000000000001421, 32.00000000000000000, -46.15000000000001279 ) ) ;
#4019 = DIRECTION ( 'NONE',  ( -0.000000000000000000, 0.8191520442889907994, 0.5735764363510474917 ) ) ;
#4020 = CARTESIAN_POINT ( 'NONE',  ( -58.00701620208771914, 39.80250819895960035, 37.76762065886196496 ) ) ;
#4021 = CARTESIAN_POINT ( 'NONE',  ( 28.20000000000001350, 38.40000000000000568, -51.35000000000002984 ) ) ;
#4022 = ORIENTED_EDGE ( 'NONE', *, *, #171, .F. ) ;
#4023 = CARTESIAN_POINT ( 'NONE',  ( -58.00751113730380837, 37.13073591322205402, 41.88750217836543754 ) ) ;
#4024 = EDGE_CURVE ( 'NONE', #604, #1326, #647, .T. ) ;
#4025 = CARTESIAN_POINT ( 'NONE',  ( -37.50000000000000711, 56.35244602111427525, 5.735863226881972921 ) ) ;
#4026 = CARTESIAN_POINT ( 'NONE',  ( 60.00000000000000000, 39.91044319250315908, -4.700791027133288225 ) ) ;
#4027 = CARTESIAN_POINT ( 'NONE',  ( 58.57826707472845129, 34.00000000000000711, 42.44991891034565157 ) ) ;
#4028 = CARTESIAN_POINT ( 'NONE',  ( -31.00000000000000000, 36.00000000000000711, -57.15000000000000568 ) ) ;
#4029 = CARTESIAN_POINT ( 'NONE',  ( -58.00094743182692980, 36.52200634435826743, 42.80253131846840375 ) ) ;
#4030 = ORIENTED_EDGE ( 'NONE', *, *, #73, .T. ) ;
#4031 = DIRECTION ( 'NONE',  ( -0.000000000000000000, -1.000000000000000000, -0.000000000000000000 ) ) ;
#4032 = CARTESIAN_POINT ( 'NONE',  ( -58.04147455010111400, 38.30284243553884949, 40.10665223689027670 ) ) ;
#4033 = DIRECTION ( 'NONE',  ( -0.000000000000000000, -1.000000000000000000, -0.000000000000000000 ) ) ;
#4034 = CIRCLE ( 'NONE', #2228, 3.599999999999998312 ) ;
#4035 = CARTESIAN_POINT ( 'NONE',  ( -59.26558103466275185, 34.00000000000000000, 41.46906406675923051 ) ) ;
#4036 = CARTESIAN_POINT ( 'NONE',  ( -57.98892165579225377, 36.65976105118530626, 42.57996045073738856 ) ) ;
#4037 = CARTESIAN_POINT ( 'NONE',  ( -58.00084019396950907, 36.68828345457420426, 42.53720225934680599 ) ) ;
#4038 = PLANE ( 'NONE',  #6312 ) ;
#4039 = CARTESIAN_POINT ( 'NONE',  ( -58.31862839515815722, 37.17847254887932706, 41.41140151384966828 ) ) ;
#4040 = AXIS2_PLACEMENT_3D ( 'NONE', #4821, #365, #6342 ) ;
#4041 = VERTEX_POINT ( 'NONE', #3106 ) ;
#4042 = CARTESIAN_POINT ( 'NONE',  ( -58.97106019509278951, 37.39633599042748102, 38.27828584715496163 ) ) ;
#4043 = CARTESIAN_POINT ( 'NONE',  ( 58.49037383325193673, 36.47791219860097556, -2.183950452431869138 ) ) ;
#4044 = DIRECTION ( 'NONE',  ( 0.000000000000000000, 0.5735764363510470476, -0.8191520442889911324 ) ) ;
#4045 = EDGE_CURVE ( 'NONE', #2441, #5197, #4262, .T. ) ;
#4046 = CARTESIAN_POINT ( 'NONE',  ( -58.01002259954356788, 36.72225007565593558, 42.48508139997333188 ) ) ;
#4047 = CARTESIAN_POINT ( 'NONE',  ( -57.98419847260798576, 36.62111888298453977, 42.63976540379466229 ) ) ;
#4048 = LINE ( 'NONE', #1486, #1925 ) ;
#4049 = CIRCLE ( 'NONE', #6277, 3.000000000000002665 ) ;
#4050 = LINE ( 'NONE', #556, #4828 ) ;
#4051 = CARTESIAN_POINT ( 'NONE',  ( -58.89075743993498691, 37.50664094262060644, 37.89713409236017583 ) ) ;
#4052 = VECTOR ( 'NONE', #5990, 1000.000000000000114 ) ;
#4053 = DIRECTION ( 'NONE',  ( -0.000000000000000000, 1.000000000000000000, -0.000000000000000000 ) ) ;
#4054 = EDGE_LOOP ( 'NONE', ( #1452, #3375, #2030, #5091, #4433 ) ) ;
#4055 = CARTESIAN_POINT ( 'NONE',  ( -58.05143517011187981, 36.99655020514288850, 42.05209872723718689 ) ) ;
#4056 = VECTOR ( 'NONE', #3129, 1000.000000000000000 ) ;
#4057 = DIRECTION ( 'NONE',  ( 1.000000000000000000, 0.000000000000000000, -0.000000000000000000 ) ) ;
#4058 = CARTESIAN_POINT ( 'NONE',  ( 61.89589070479767940, 38.00000000000000711, -5.503728823307244333 ) ) ;
#4059 = ADVANCED_FACE ( 'NONE', ( #484 ), #3099, .F. ) ;
#4060 = CARTESIAN_POINT ( 'NONE',  ( 70.05933982822018891, 35.00000000000000000, 57.63933982822015878 ) ) ;
#4061 = PLANE ( 'NONE',  #380 ) ;
#4062 = ORIENTED_EDGE ( 'NONE', *, *, #6318, .F. ) ;
#4063 = ADVANCED_FACE ( 'NONE', ( #2671, #5733 ), #4309, .T. ) ;
#4064 = CARTESIAN_POINT ( 'NONE',  ( -58.00003443046531970, 36.68425150806889690, 42.54322176796780752 ) ) ;
#4065 = EDGE_LOOP ( 'NONE', ( #5549, #4371, #2092, #3745, #5297 ) ) ;
#4066 = CARTESIAN_POINT ( 'NONE',  ( -57.99999999999999289, 40.00000000000000711, -8.646254786282208116 ) ) ;
#4067 = CARTESIAN_POINT ( 'NONE',  ( -58.13412859858552650, 38.09884398922365989, 40.16367792055101660 ) ) ;
#4068 = CYLINDRICAL_SURFACE ( 'NONE', #551, 1.549999999999995826 ) ;
#4069 = LINE ( 'NONE', #1541, #5294 ) ;
#4070 = CARTESIAN_POINT ( 'NONE',  ( -58.04535887660207294, 37.37560098913599660, 41.49211157866402999 ) ) ;
#4071 = CARTESIAN_POINT ( 'NONE',  ( -58.02242103824816155, 36.38638855673077899, 43.05431672755036487 ) ) ;
#4072 = FACE_OUTER_BOUND ( 'NONE', #3378, .T. ) ;
#4073 = CARTESIAN_POINT ( 'NONE',  ( -58.06686161955194336, 37.49069407808879362, 41.28895374121448469 ) ) ;
#4074 = EDGE_CURVE ( 'NONE', #535, #778, #2139, .T. ) ;
#4075 = ORIENTED_EDGE ( 'NONE', *, *, #932, .T. ) ;
#4076 = CARTESIAN_POINT ( 'NONE',  ( -58.02534541256844847, 39.43970115168098545, 38.31625769134146253 ) ) ;
#4077 = CARTESIAN_POINT ( 'NONE',  ( 56.27785711175808814, 36.47791219860094714, -5.574601400057112244 ) ) ;
#4078 = CARTESIAN_POINT ( 'NONE',  ( -37.50000000000000711, 53.36984855203456846, 9.995453857262228681 ) ) ;
#4079 = CARTESIAN_POINT ( 'NONE',  ( -58.00721242365671770, 36.70181814041800550, 42.51616223837278596 ) ) ;
#4080 = CARTESIAN_POINT ( 'NONE',  ( -57.98314769679851111, 36.52200282593901193, 42.80253873958683641 ) ) ;
#4081 = CARTESIAN_POINT ( 'NONE',  ( -13.50950496531248390, 35.19311791566082093, -54.15000000000000568 ) ) ;
#4082 = DIRECTION ( 'NONE',  ( 0.000000000000000000, -0.8191520442889911324, -0.5735764363510470476 ) ) ;
#4083 = CARTESIAN_POINT ( 'NONE',  ( -57.96643792892337643, 40.62590694112573431, 37.50586019036212804 ) ) ;
#4084 = DIRECTION ( 'NONE',  ( 0.000000000000000000, 0.000000000000000000, 1.000000000000000000 ) ) ;
#4085 = VERTEX_POINT ( 'NONE', #4843 ) ;
#4086 = CARTESIAN_POINT ( 'NONE',  ( -57.95443157450299054, 37.40487147767044718, 41.54269372089541434 ) ) ;
#4087 = VECTOR ( 'NONE', #4558, 1000.000000000000000 ) ;
#4088 = CARTESIAN_POINT ( 'NONE',  ( -12.49999999999998401, 32.00000000000000000, -50.15000000000001279 ) ) ;
#4089 = CARTESIAN_POINT ( 'NONE',  ( -58.00340637730096205, 39.86742992155013354, 37.69964810297339142 ) ) ;
#4090 = CARTESIAN_POINT ( 'NONE',  ( 57.99999999999999289, 34.00000000000000000, 42.78059757775795191 ) ) ;
#4091 = DIRECTION ( 'NONE',  ( 0.000000000000000000, 0.000000000000000000, -1.000000000000000000 ) ) ;
#4092 = ORIENTED_EDGE ( 'NONE', *, *, #4544, .T. ) ;
#4093 = ORIENTED_EDGE ( 'NONE', *, *, #729, .F. ) ;
#4094 = CARTESIAN_POINT ( 'NONE',  ( -31.00000000000000000, 32.00000000000000000, -12.15000000000000213 ) ) ;
#4095 = EDGE_CURVE ( 'NONE', #1409, #4657, #5213, .T. ) ;
#4096 = CARTESIAN_POINT ( 'NONE',  ( -58.03726818282112276, 38.68766250849714083, 39.51630951541061165 ) ) ;
#4097 = CARTESIAN_POINT ( 'NONE',  ( 60.00000000000000000, 40.00000000000000711, 37.80681039527357967 ) ) ;
#4098 = CARTESIAN_POINT ( 'NONE',  ( 57.99999999999998579, 38.96338366406319409, 39.28725194919804409 ) ) ;
#4099 = CARTESIAN_POINT ( 'NONE',  ( -58.03538641691452682, 37.39998263100014952, 41.46863582702119544 ) ) ;
#4100 = CARTESIAN_POINT ( 'NONE',  ( -58.02525608649068545, 36.12184657602487192, 43.78181332560075845 ) ) ;
#4101 = ADVANCED_FACE ( 'NONE', ( #6332 ), #1249, .T. ) ;
#4102 = DIRECTION ( 'NONE',  ( -0.000000000000000000, -1.000000000000000000, -0.000000000000000000 ) ) ;
#4103 = CARTESIAN_POINT ( 'NONE',  ( -58.07116071223916975, 37.48059536013971638, 41.29761859276334945 ) ) ;
#4104 = ORIENTED_EDGE ( 'NONE', *, *, #526, .F. ) ;
#4105 = CARTESIAN_POINT ( 'NONE',  ( -58.63714309726114493, 37.79624246836214496, 38.17575940133475143 ) ) ;
#4106 = CARTESIAN_POINT ( 'NONE',  ( 56.27785711175809524, 46.25824894800437903, -3.204485992700011110 ) ) ;
#4107 = CARTESIAN_POINT ( 'NONE',  ( 37.49999999999999289, 58.38333107169546565, 11.55269276807757706 ) ) ;
#4108 = CARTESIAN_POINT ( 'NONE',  ( -58.01265398030157172, 36.65907795570421257, 42.57963987386064275 ) ) ;
#4109 = CARTESIAN_POINT ( 'NONE',  ( -57.98572666024266908, 36.72966128659815155, 42.47570005580505637 ) ) ;
#4110 = CARTESIAN_POINT ( 'NONE',  ( -13.00999685661390970, 35.09990890406879771, -54.15000000000001279 ) ) ;
#4111 = DIRECTION ( 'NONE',  ( 0.000000000000000000, 1.000000000000000000, 0.000000000000000000 ) ) ;
#4112 = CARTESIAN_POINT ( 'NONE',  ( -58.01057255093721210, 39.73992118873218260, 37.86102015521227315 ) ) ;
#4113 = VECTOR ( 'NONE', #1203, 1000.000000000000000 ) ;
#4114 = CARTESIAN_POINT ( 'NONE',  ( 60.34314575050760965, 38.00000000000000711, 44.78059757775795902 ) ) ;
#4115 = EDGE_LOOP ( 'NONE', ( #610, #5867, #2331, #3308 ) ) ;
#4116 = CARTESIAN_POINT ( 'NONE',  ( -58.14581086051282455, 37.09248316087901998, 41.80728519166457602 ) ) ;
#4117 = DIRECTION ( 'NONE',  ( 0.000000000000000000, 0.000000000000000000, 1.000000000000000000 ) ) ;
#4118 = CARTESIAN_POINT ( 'NONE',  ( -37.50000000000000711, 54.28757085025051055, 8.684810586322338821 ) ) ;
#4119 = LINE ( 'NONE', #1195, #479 ) ;
#4120 = CIRCLE ( 'NONE', #5501, 3.599999999999998312 ) ;
#4121 = CARTESIAN_POINT ( 'NONE',  ( -73.11999999999999034, 35.00000000000000000, 62.14999999999999858 ) ) ;
#4122 = ORIENTED_EDGE ( 'NONE', *, *, #6418, .T. ) ;
#4123 = ORIENTED_EDGE ( 'NONE', *, *, #6166, .F. ) ;
#4124 = AXIS2_PLACEMENT_3D ( 'NONE', #519, #5009, #5534 ) ;
#4125 = CARTESIAN_POINT ( 'NONE',  ( 37.49999999999999289, 54.28757085025051055, 8.684810586322338821 ) ) ;
#4126 = CARTESIAN_POINT ( 'NONE',  ( -59.78228751735561275, 36.54969467097039626, 39.62260443308364444 ) ) ;
#4127 = CARTESIAN_POINT ( 'NONE',  ( -37.50000000000000711, 53.36984855197531630, 9.995453857220740090 ) ) ;
#4128 = CARTESIAN_POINT ( 'NONE',  ( 37.49999999999999289, 56.35244602111427525, 5.735863226881972921 ) ) ;
#4129 = ORIENTED_EDGE ( 'NONE', *, *, #5018, .F. ) ;
#4130 = CARTESIAN_POINT ( 'NONE',  ( -58.10091518970877189, 37.27168177339298438, 41.57742275152838829 ) ) ;
#4131 = CARTESIAN_POINT ( 'NONE',  ( -58.01943124356525061, 36.30695193356365280, 43.23153181166542680 ) ) ;
#4132 = DIRECTION ( 'NONE',  ( 0.000000000000000000, 0.8191520442889909104, 0.5735764363510474917 ) ) ;
#4133 = CARTESIAN_POINT ( 'NONE',  ( -59.72104196858666114, 36.19591615508227278, 42.19331088656510786 ) ) ;
#4134 = ORIENTED_EDGE ( 'NONE', *, *, #3942, .T. ) ;
#4135 = CARTESIAN_POINT ( 'NONE',  ( -58.01746226974519516, 39.49839995819979777, 38.29485753644382129 ) ) ;
#4136 = CARTESIAN_POINT ( 'NONE',  ( 59.17963960759203701, 36.47791219860096135, -6.233497205144181486 ) ) ;
#4137 = DIRECTION ( 'NONE',  ( 0.000000000000000000, -0.8191520442889912434, -0.5735764363510471586 ) ) ;
#4138 =( BOUNDED_CURVE ( )  B_SPLINE_CURVE ( 3, ( #3221, #1153, #3184, #5113 ),
 .UNSPECIFIED., .F., .F. ) 
 B_SPLINE_CURVE_WITH_KNOTS ( ( 4, 4 ),
 ( 0.000000000000000000, 1.000000000000000000 ),
 .UNSPECIFIED. ) 
 CURVE ( )  GEOMETRIC_REPRESENTATION_ITEM ( )  RATIONAL_B_SPLINE_CURVE ( ( 1.000000000000000000, 0.8047378541243648264, 0.8047378541243648264, 1.000000000000000000 ) ) 
 REPRESENTATION_ITEM ( '' )  );
#4139 = CARTESIAN_POINT ( 'NONE',  ( -58.00257710606864947, 36.71171870742814036, 42.50219819401803534 ) ) ;
#4140 = EDGE_CURVE ( 'NONE', #5726, #679, #1597, .T. ) ;
#4141 = CARTESIAN_POINT ( 'NONE',  ( -57.98138588997814225, 36.71644985365946923, 42.49534470432003985 ) ) ;
#4142 = DIRECTION ( 'NONE',  ( 0.000000000000000000, 1.000000000000000000, 0.000000000000000000 ) ) ;
#4143 = CARTESIAN_POINT ( 'NONE',  ( 57.99999999999999289, 38.00000000000000711, -8.646254786282208116 ) ) ;
#4144 = CARTESIAN_POINT ( 'NONE',  ( -58.02206450542347227, 39.61478878718778418, 37.83181089796931218 ) ) ;
#4145 = DIRECTION ( 'NONE',  ( 0.000000000000000000, -0.8191520442889909104, -0.5735764363510474917 ) ) ;
#4146 = ORIENTED_EDGE ( 'NONE', *, *, #1130, .T. ) ;
#4147 = CARTESIAN_POINT ( 'NONE',  ( -58.04086559235913967, 36.82418923512850739, 42.31915762966615091 ) ) ;
#4148 = CARTESIAN_POINT ( 'NONE',  ( -12.49999999999998401, 36.00000000000000711, -48.82500000000001705 ) ) ;
#4149 = AXIS2_PLACEMENT_3D ( 'NONE', #5776, #1685, #228 ) ;
#4150 = CARTESIAN_POINT ( 'NONE',  ( -60.02690155002035510, 36.52966753021781443, 37.74997763646430116 ) ) ;
#4151 = DIRECTION ( 'NONE',  ( 1.000000000000000000, 0.000000000000000000, -1.119176436114069332E-16 ) ) ;
#4152 = CYLINDRICAL_SURFACE ( 'NONE', #4900, 1.999999999999999334 ) ;
#4153 = ORIENTED_EDGE ( 'NONE', *, *, #4260, .T. ) ;
#4154 = STYLED_ITEM ( 'NONE', ( #734 ), #3925 ) ;
#4155 = ORIENTED_EDGE ( 'NONE', *, *, #6086, .T. ) ;
#4156 = CARTESIAN_POINT ( 'NONE',  ( 57.99999999999999289, 40.00000000000000711, -6.646254786282211668 ) ) ;
#4157 = EDGE_CURVE ( 'NONE', #2073, #94, #5055, .T. ) ;
#4158 = CARTESIAN_POINT ( 'NONE',  ( -58.05238419376027537, 37.91059991942928065, 40.67382249299535601 ) ) ;
#4159 = CARTESIAN_POINT ( 'NONE',  ( 76.11999999999999034, 38.00000000000000711, 59.14999999999999147 ) ) ;
#4160 = VERTEX_POINT ( 'NONE', #4811 ) ;
#4161 = CARTESIAN_POINT ( 'NONE',  ( -59.38631362074134046, 36.26185857276755797, 42.32149319369052876 ) ) ;
#4162 = CARTESIAN_POINT ( 'NONE',  ( -58.00028986424364774, 36.70363638906304971, 42.51439327814750868 ) ) ;
#4163 = CIRCLE ( 'NONE', #3864, 1.549999999999995826 ) ;
#4164 = CARTESIAN_POINT ( 'NONE',  ( -37.50000000000000711, 36.50670132339097762, 34.07852395930014211 ) ) ;
#4165 = CARTESIAN_POINT ( 'NONE',  ( -58.31510235904009676, 37.12236696019526505, 41.52419092231607323 ) ) ;
#4166 = EDGE_LOOP ( 'NONE', ( #2269, #4648, #1974, #6443 ) ) ;
#4167 = CARTESIAN_POINT ( 'NONE',  ( -58.02303601159400870, 39.52025299372039058, 38.17099197418107082 ) ) ;
#4168 = CARTESIAN_POINT ( 'NONE',  ( -57.99999999999999289, 34.00000000000000711, 44.78059757775796612 ) ) ;
#4169 = ORIENTED_EDGE ( 'NONE', *, *, #5441, .F. ) ;
#4170 = CARTESIAN_POINT ( 'NONE',  ( 59.63331897274440507, 34.00000000000000000, -5.721568103860644072 ) ) ;
#4171 = CARTESIAN_POINT ( 'NONE',  ( -58.00403435739832503, 36.70146656015852216, 42.51722205948991729 ) ) ;
#4172 = CARTESIAN_POINT ( 'NONE',  ( -57.98059372995738414, 36.68424698587142530, 42.54322853507530766 ) ) ;
#4173 = CARTESIAN_POINT ( 'NONE',  ( -5.746970999445747313E-15, 38.40000000000000568, -51.35000000000002274 ) ) ;
#4174 = CARTESIAN_POINT ( 'NONE',  ( 62.00000000000000000, 38.00000000000000711, 37.80681039527357967 ) ) ;
#4175 = CARTESIAN_POINT ( 'NONE',  ( -58.01625146114486853, 39.67139338296363604, 37.86648615422615194 ) ) ;
#4176 = EDGE_CURVE ( 'NONE', #3941, #4775, #2207, .T. ) ;
#4177 = FACE_OUTER_BOUND ( 'NONE', #5089, .T. ) ;
#4178 = CARTESIAN_POINT ( 'NONE',  ( 37.49999999999999289, 58.38333107169546565, 11.55269276807757706 ) ) ;
#4179 = CARTESIAN_POINT ( 'NONE',  ( -58.04412727065994204, 36.91214761260442856, 42.18375162785583399 ) ) ;
#4180 = AXIS2_PLACEMENT_3D ( 'NONE', #4125, #5061, #4498 ) ;
#4181 = CARTESIAN_POINT ( 'NONE',  ( 62.00000000000000000, 31.99000000000000554, 37.80681039527357967 ) ) ;
#4182 = EDGE_CURVE ( 'NONE', #4160, #256, #1678, .T. ) ;
#4183 = CARTESIAN_POINT ( 'NONE',  ( -58.00469334887571904, 39.84345425787251571, 37.72586339266243272 ) ) ;
#4184 = DIRECTION ( 'NONE',  ( -1.000000000000000000, 0.000000000000000000, 1.119176436114069332E-16 ) ) ;
#4185 = CARTESIAN_POINT ( 'NONE',  ( 58.00000000000000000, 39.77594480646234132, -6.646254786282213445 ) ) ;
#4186 = DIRECTION ( 'NONE',  ( -6.938893903907222067E-15, 1.000000000000000000, 0.000000000000000000 ) ) ;
#4187 = ORIENTED_EDGE ( 'NONE', *, *, #2455, .F. ) ;
#4188 = VECTOR ( 'NONE', #3943, 1000.000000000000000 ) ;
#4189 = ADVANCED_FACE ( 'NONE', ( #6266 ), #4273, .T. ) ;
#4190 = ORIENTED_EDGE ( 'NONE', *, *, #6570, .F. ) ;
#4191 = CARTESIAN_POINT ( 'NONE',  ( -57.99999999999998579, 40.49116044666850200, 37.10536058237339319 ) ) ;
#4192 = DIRECTION ( 'NONE',  ( 0.000000000000000000, -0.8191520442889917986, -0.5735764363510459374 ) ) ;
#4193 = CIRCLE ( 'NONE', #1338, 1.549999999999995826 ) ;
#4194 = DIRECTION ( 'NONE',  ( 0.000000000000000000, -1.000000000000000000, 0.000000000000000000 ) ) ;
#4195 = B_SPLINE_CURVE_WITH_KNOTS ( 'NONE', 3,
 ( #2762, #4792, #4323, #4685, #5318, #3654, #6310, #3151, #2686, #1265, #1230, #2650, #4251, #5678, #6278, #4287, #4717, #6245, #132, #4751 ),
 .UNSPECIFIED., .F., .F.,
 ( 4, 2, 2, 2, 2, 2, 2, 2, 2, 4 ),
 ( 0.003338951504887369918, 0.004010675100176047149, 0.004682398695464723946, 0.005018260493109063212, 0.005354122290753402479, 0.006025845886042057592, 0.006697569481330711838, 0.007369293076619366084, 0.008041016671908022065, 0.008712740267196676311 ),
 .UNSPECIFIED. ) ;
#4196 = ORIENTED_EDGE ( 'NONE', *, *, #1947, .F. ) ;
#4197 = CARTESIAN_POINT ( 'NONE',  ( -58.94784014524761062, 36.50258710141181950, 42.09415642050604589 ) ) ;
#4198 = CARTESIAN_POINT ( 'NONE',  ( -58.03972390641057189, 36.08283374120904341, 43.97021979134821379 ) ) ;
#4199 = AXIS2_PLACEMENT_3D ( 'NONE', #727, #4748, #197 ) ;
#4200 = FACE_OUTER_BOUND ( 'NONE', #2657, .T. ) ;
#4201 = CARTESIAN_POINT ( 'NONE',  ( -59.40937635284706175, 36.26833310862631521, 42.25583033163740510 ) ) ;
#4202 = EDGE_LOOP ( 'NONE', ( #3273, #457, #276, #2941, #4450, #1589, #2919, #568 ) ) ;
#4203 = CARTESIAN_POINT ( 'NONE',  ( -59.70448850674361552, 36.68747285147338033, 38.50162544161938882 ) ) ;
#4204 = CARTESIAN_POINT ( 'NONE',  ( -60.00000000000000000, 36.53589838486225716, 37.80681039527355836 ) ) ;
#4205 = VERTEX_POINT ( 'NONE', #5803 ) ;
#4206 = DIRECTION ( 'NONE',  ( 0.000000000000000000, -0.8191520442889912434, -0.5735764363510471586 ) ) ;
#4207 = CYLINDRICAL_SURFACE ( 'NONE', #1391, 3.324999999999999734 ) ;
#4208 = CARTESIAN_POINT ( 'NONE',  ( -58.00589822183865607, 36.67434709504065893, 42.55749884715883979 ) ) ;
#4209 = VECTOR ( 'NONE', #2341, 1000.000000000000000 ) ;
#4210 = ADVANCED_FACE ( 'NONE', ( #5305 ), #753, .F. ) ;
#4211 = DIRECTION ( 'NONE',  ( 1.000000000000000000, 0.000000000000000000, 0.000000000000000000 ) ) ;
#4212 = DIRECTION ( 'NONE',  ( 0.000000000000000000, 0.000000000000000000, 1.000000000000000000 ) ) ;
#4213 = CARTESIAN_POINT ( 'NONE',  ( -58.35320888258844718, 38.32030861307735847, 37.95777905516210637 ) ) ;
#4214 = CARTESIAN_POINT ( 'NONE',  ( 23.00000000000001421, 32.00000000000000000, -21.47500000000000142 ) ) ;
#4215 = ORIENTED_EDGE ( 'NONE', *, *, #5503, .F. ) ;
#4216 = CARTESIAN_POINT ( 'NONE',  ( -58.00843945599884677, 37.04413795546791732, 42.01241894680705258 ) ) ;
#4217 = DIRECTION ( 'NONE',  ( 0.000000000000000000, 0.000000000000000000, 1.000000000000000000 ) ) ;
#4218 = CYLINDRICAL_SURFACE ( 'NONE', #3666, 3.599999999999998312 ) ;
#4219 = CARTESIAN_POINT ( 'NONE',  ( 63.52065792321464954, 35.00000000000000000, -57.05000000000001137 ) ) ;
#4220 = CARTESIAN_POINT ( 'NONE',  ( -57.99999999999999289, 34.00000000000000711, -6.646254786282208116 ) ) ;
#4221 = ORIENTED_EDGE ( 'NONE', *, *, #2872, .T. ) ;
#4222 = AXIS2_PLACEMENT_3D ( 'NONE', #3816, #2209, #3280 ) ;
#4223 = CARTESIAN_POINT ( 'NONE',  ( -59.99999999999999289, 34.00000000000000000, 38.27684892789189064 ) ) ;
#4224 = EDGE_CURVE ( 'NONE', #3511, #1896, #3472, .T. ) ;
#4225 = EDGE_LOOP ( 'NONE', ( #3346, #3439, #667, #2090 ) ) ;
#4226 = CARTESIAN_POINT ( 'NONE',  ( -58.96309449675393921, 34.00000000000000000, 41.97037559335787194 ) ) ;
#4227 = FACE_OUTER_BOUND ( 'NONE', #5354, .T. ) ;
#4228 = FACE_BOUND ( 'NONE', #2873, .T. ) ;
#4229 = ORIENTED_EDGE ( 'NONE', *, *, #5762, .F. ) ;
#4230 = CARTESIAN_POINT ( 'NONE',  ( -58.09883797414769191, 37.21227527812214220, 41.67281458979307018 ) ) ;
#4231 = CARTESIAN_POINT ( 'NONE',  ( -58.00096928187657852, 36.66666055621205089, 42.56947764805430978 ) ) ;
#4232 = AXIS2_PLACEMENT_3D ( 'NONE', #1951, #2542, #2047 ) ;
#4233 = ORIENTED_EDGE ( 'NONE', *, *, #6174, .T. ) ;
#4234 = CARTESIAN_POINT ( 'NONE',  ( 31.00000000000000000, 38.00000000000000711, -54.15000000000001279 ) ) ;
#4235 = CARTESIAN_POINT ( 'NONE',  ( -57.94723860535439997, 37.75405234038206714, 41.07788230263773954 ) ) ;
#4236 = ORIENTED_EDGE ( 'NONE', *, *, #4332, .F. ) ;
#4237 = CARTESIAN_POINT ( 'NONE',  ( -58.05721115172003977, 39.12279741150570800, 38.64152790663414549 ) ) ;
#4238 = DIRECTION ( 'NONE',  ( 1.000000000000000000, 0.000000000000000000, 0.000000000000000000 ) ) ;
#4239 = EDGE_LOOP ( 'NONE', ( #5102, #1373 ) ) ;
#4240 = CARTESIAN_POINT ( 'NONE',  ( -31.00000000000000000, 36.00000000000000711, -12.15000000000000213 ) ) ;
#4241 = CARTESIAN_POINT ( 'NONE',  ( 59.99999999999999289, 34.00000000000000000, -4.668906906687760205 ) ) ;
#4242 = CARTESIAN_POINT ( 'NONE',  ( -58.00283516762367952, 36.69668734104958929, 42.52452699554910964 ) ) ;
#4243 = DIRECTION ( 'NONE',  ( 0.000000000000000000, 0.000000000000000000, 1.000000000000000000 ) ) ;
#4244 = CARTESIAN_POINT ( 'NONE',  ( -12.49999999999998401, 32.00000000000000000, -50.15000000000001279 ) ) ;
#4245 = CARTESIAN_POINT ( 'NONE',  ( -58.01113723799094402, 39.71593073917993877, 37.92678216131869107 ) ) ;
#4246 = ADVANCED_FACE ( 'NONE', ( #1385 ), #2433, .F. ) ;
#4247 = CARTESIAN_POINT ( 'NONE',  ( 37.49999999999999289, 59.10391286199825345, 14.01048891167807220 ) ) ;
#4248 = CARTESIAN_POINT ( 'NONE',  ( -60.34314575050762386, 32.00000000000000000, 44.78059757775795902 ) ) ;
#4249 = AXIS2_PLACEMENT_3D ( 'NONE', #2223, #4254, #6282 ) ;
#4250 = CARTESIAN_POINT ( 'NONE',  ( -58.29819647629349078, 36.69650222374222182, 42.35474725510241001 ) ) ;
#4251 = CARTESIAN_POINT ( 'NONE',  ( -58.60878400776200436, 37.86707015890290506, -2.236979308992075755 ) ) ;
#4252 = CARTESIAN_POINT ( 'NONE',  ( -58.05516200108712610, 39.33931963360976880, 37.75135738414942921 ) ) ;
#4253 = LINE ( 'NONE', #3657, #4806 ) ;
#4254 = DIRECTION ( 'NONE',  ( 0.000000000000000000, 1.000000000000000000, 0.000000000000000000 ) ) ;
#4255 = ORIENTED_EDGE ( 'NONE', *, *, #2324, .F. ) ;
#4257 = DIRECTION ( 'NONE',  ( 1.000000000000000000, 0.000000000000000000, 0.000000000000000000 ) ) ;
#4256 = PRODUCT_DEFINITION ( 'UNKNOWN', '', #5458, #5075 ) ;
#4258 = ORIENTED_EDGE ( 'NONE', *, *, #5957, .F. ) ;
#4259 = CARTESIAN_POINT ( 'NONE',  ( 71.11999999999999034, 34.00000000000000000, 42.78059757775795902 ) ) ;
#4260 = EDGE_CURVE ( 'NONE', #6377, #2554, #3732, .T. ) ;
#4261 = DIRECTION ( 'NONE',  ( -1.000000000000000000, 0.000000000000000000, 0.000000000000000000 ) ) ;
#4262 = CIRCLE ( 'NONE', #1403, 1.599999999999998312 ) ;
#4263 = CARTESIAN_POINT ( 'NONE',  ( -70.43535897468470353, 38.00000000000000711, -55.81535897468449292 ) ) ;
#4264 = EDGE_CURVE ( 'NONE', #5268, #1461, #1445, .T. ) ;
#4265 = VERTEX_POINT ( 'NONE', #1908 ) ;
#4266 = CARTESIAN_POINT ( 'NONE',  ( -58.06285490917402825, 37.20822252420067855, 41.72169662366758303 ) ) ;
#4267 = CARTESIAN_POINT ( 'NONE',  ( -58.00005465676185423, 36.68343591412175186, 42.54443440025740131 ) ) ;
#4268 = CIRCLE ( 'NONE', #5752, 3.325000000000001510 ) ;
#4269 = ORIENTED_EDGE ( 'NONE', *, *, #4345, .T. ) ;
#4270 = CARTESIAN_POINT ( 'NONE',  ( -59.59933368384171359, 38.99318559526142991, 41.38754940162402818 ) ) ;
#4271 = ORIENTED_EDGE ( 'NONE', *, *, #6086, .F. ) ;
#4272 = CARTESIAN_POINT ( 'NONE',  ( -58.03418313608307244, 39.30919876037414440, 38.48095902603349572 ) ) ;
#4273 = PLANE ( 'NONE',  #1825 ) ;
#4274 = EDGE_LOOP ( 'NONE', ( #4528, #5930, #2663, #6194 ) ) ;
#4275 = DIRECTION ( 'NONE',  ( 0.000000000000000000, -0.5735764363510497121, 0.8191520442889892450 ) ) ;
#4276 = CARTESIAN_POINT ( 'NONE',  ( -57.99999999999998579, 40.49116044666850200, 37.10536058237339319 ) ) ;
#4277 = CARTESIAN_POINT ( 'NONE',  ( -57.99764545161617235, 36.68672412954742867, 42.53954516347874204 ) ) ;
#4278 = CARTESIAN_POINT ( 'NONE',  ( -58.00102120055210264, 36.71919994617723404, 42.49121409177291042 ) ) ;
#4279 = EDGE_CURVE ( 'NONE', #1238, #4395, #666, .T. ) ;
#4280 = EDGE_CURVE ( 'NONE', #3239, #114, #5493, .T. ) ;
#4281 = FACE_OUTER_BOUND ( 'NONE', #2547, .T. ) ;
#4282 = CARTESIAN_POINT ( 'NONE',  ( -35.51002512564785007, 42.32319085375258538, 34.48895000820532886 ) ) ;
#4283 = CARTESIAN_POINT ( 'NONE',  ( -58.02713082752314477, 39.56125285829634919, 37.90857235454775775 ) ) ;
#4284 = CARTESIAN_POINT ( 'NONE',  ( -12.99999999999998401, 36.00000000000000711, -16.15000000000000568 ) ) ;
#4285 = FACE_OUTER_BOUND ( 'NONE', #3604, .T. ) ;
#4286 = CARTESIAN_POINT ( 'NONE',  ( -58.00071926756420737, 37.02249307447441851, 42.04656386612119690 ) ) ;
#4287 = CARTESIAN_POINT ( 'NONE',  ( -58.15171327655571787, 38.88584795030057961, -2.137778025859264019 ) ) ;
#4288 = CARTESIAN_POINT ( 'NONE',  ( -58.10574507970004987, 39.09376794381754650, 37.77717714130405113 ) ) ;
#4289 = CARTESIAN_POINT ( 'NONE',  ( -60.00000000000000000, 34.00000000000000000, -4.389543696378559012 ) ) ;
#4290 = EDGE_LOOP ( 'NONE', ( #559, #5442, #1695, #4706 ) ) ;
#4291 = AXIS2_PLACEMENT_3D ( 'NONE', #1097, #2161, #3696 ) ;
#4292 = ORIENTED_EDGE ( 'NONE', *, *, #1903, .T. ) ;
#4293 = ORIENTED_EDGE ( 'NONE', *, *, #3016, .T. ) ;
#4294 = EDGE_CURVE ( 'NONE', #4334, #2627, #4788, .T. ) ;
#4295 = CARTESIAN_POINT ( 'NONE',  ( 56.20589866849541494, 37.67407105720346294, -5.388410912377626261 ) ) ;
#4296 = CARTESIAN_POINT ( 'NONE',  ( -31.00000000000000000, 28.40000000000000213, -14.94999999999998863 ) ) ;
#4297 = DIRECTION ( 'NONE',  ( 0.000000000000000000, 0.000000000000000000, 1.000000000000000000 ) ) ;
#4298 = VECTOR ( 'NONE', #5978, 1000.000000000000000 ) ;
#4299 = EDGE_LOOP ( 'NONE', ( #894, #5290 ) ) ;
#4300 = CARTESIAN_POINT ( 'NONE',  ( -58.06629530623880697, 37.19985547946462390, 41.73040937967862618 ) ) ;
#4301 = CARTESIAN_POINT ( 'NONE',  ( -58.00005516742059797, 36.68261018315394040, 42.54566221363641887 ) ) ;
#4302 = EDGE_LOOP ( 'NONE', ( #1632, #2242 ) ) ;
#4303 = AXIS2_PLACEMENT_3D ( 'NONE', #246, #4861, #1836 ) ;
#4304 = EDGE_CURVE ( 'NONE', #3340, #4938, #440, .T. ) ;
#4305 = CARTESIAN_POINT ( 'NONE',  ( -60.00000000000000000, 38.00000000000000000, 37.80681039527357967 ) ) ;
#4306 = VECTOR ( 'NONE', #2248, 1000.000000000000000 ) ;
#4307 = EDGE_LOOP ( 'NONE', ( #5531, #2096, #3482 ) ) ;
#4308 = CARTESIAN_POINT ( 'NONE',  ( -58.03368551773152006, 39.31239706838731252, 38.47978517256806441 ) ) ;
#4309 = PLANE ( 'NONE',  #126 ) ;
#4310 = EDGE_LOOP ( 'NONE', ( #5410, #4104 ) ) ;
#4311 = DIRECTION ( 'NONE',  ( 0.000000000000000000, -1.000000000000000000, 0.000000000000000000 ) ) ;
#4312 = CARTESIAN_POINT ( 'NONE',  ( -57.99764050726076192, 36.68507270043009072, 42.54200074454311675 ) ) ;
#4313 = CARTESIAN_POINT ( 'NONE',  ( -58.00240877145456153, 36.83856688167038840, 42.31368072087300902 ) ) ;
#4314 = EDGE_CURVE ( 'NONE', #5895, #2061, #4905, .T. ) ;
#4315 = LINE ( 'NONE', #5342, #584 ) ;
#4316 = CARTESIAN_POINT ( 'NONE',  ( 57.68621721772176159, 36.54792035705172282, -6.625008881537609362 ) ) ;
#4317 = VERTEX_POINT ( 'NONE', #414 ) ;
#4318 = CARTESIAN_POINT ( 'NONE',  ( -58.00553521691046654, 39.79796582846703501, 37.86807393500005503 ) ) ;
#4319 = CARTESIAN_POINT ( 'NONE',  ( -37.50000000000000711, 54.28757085025051055, 8.684810586322338821 ) ) ;
#4320 = ORIENTED_EDGE ( 'NONE', *, *, #2064, .F. ) ;
#4321 = FACE_BOUND ( 'NONE', #1131, .T. ) ;
#4322 = CARTESIAN_POINT ( 'NONE',  ( -58.01234691567798762, 36.76131673062607064, 42.42605071098160607 ) ) ;
#4323 = CARTESIAN_POINT ( 'NONE',  ( -59.96908339411790934, 36.55324097010642959, -3.936556595945134518 ) ) ;
#4324 = CARTESIAN_POINT ( 'NONE',  ( -58.54699839776390036, 37.94494727070214424, 37.79046882944933827 ) ) ;
#4325 = FILL_AREA_STYLE ('',( #6416 ) ) ;
#4326 = CARTESIAN_POINT ( 'NONE',  ( 63.52065792321464954, 32.00000000000000000, -57.05000000000001137 ) ) ;
#4327 = VERTEX_POINT ( 'NONE', #1318 ) ;
#4328 = ORIENTED_EDGE ( 'NONE', *, *, #5631, .T. ) ;
#4329 = CARTESIAN_POINT ( 'NONE',  ( 56.84900702855902210, 36.78306576569483610, -6.262330663186149060 ) ) ;
#4330 = DIRECTION ( 'NONE',  ( 0.000000000000000000, -0.3420201433256696566, 0.9396926207859080948 ) ) ;
#4331 = CARTESIAN_POINT ( 'NONE',  ( 58.24499768625464924, 40.03600000000000847, -6.646254786282211668 ) ) ;
#4332 = EDGE_CURVE ( 'NONE', #2554, #6377, #5008, .T. ) ;
#4333 = VECTOR ( 'NONE', #211, 999.9999999999998863 ) ;
#4334 = VERTEX_POINT ( 'NONE', #6400 ) ;
#4335 = CARTESIAN_POINT ( 'NONE',  ( -58.06729588780237350, 37.25943782057309761, 41.63924021935020647 ) ) ;
#4336 = CARTESIAN_POINT ( 'NONE',  ( -58.00017622456778099, 36.66629634072610600, 42.57004050820719243 ) ) ;
#4337 = ORIENTED_EDGE ( 'NONE', *, *, #2062, .F. ) ;
#4338 = CARTESIAN_POINT ( 'NONE',  ( -59.54484331487950755, 40.03600000000000847, -2.928765861983094076 ) ) ;
#4339 = VERTEX_POINT ( 'NONE', #3945 ) ;
#4340 = CARTESIAN_POINT ( 'NONE',  ( -58.04558500695497258, 39.24895213822942708, 38.48528328625768324 ) ) ;
#4341 = LINE ( 'NONE', #6488, #5968 ) ;
#4342 = ORIENTED_EDGE ( 'NONE', *, *, #6495, .F. ) ;
#4343 = CARTESIAN_POINT ( 'NONE',  ( 76.11999999999999034, 38.00000000000000711, 0.000000000000000000 ) ) ;
#4344 = CARTESIAN_POINT ( 'NONE',  ( -57.99542732836911085, 36.65976105118530626, 42.57996045073738856 ) ) ;
#4345 = EDGE_CURVE ( 'NONE', #5751, #3886, #1164, .T. ) ;
#4346 = CARTESIAN_POINT ( 'NONE',  ( -58.00799174976530992, 36.62352705037294953, 42.63566470383712925 ) ) ;
#4347 = CARTESIAN_POINT ( 'NONE',  ( 71.11999999999999034, 34.00000000000000000, -6.646254786282209892 ) ) ;
#4348 = EDGE_CURVE ( 'NONE', #439, #5841, #5909, .T. ) ;
#4349 = EDGE_LOOP ( 'NONE', ( #1386, #2587, #5910, #3414 ) ) ;
#4350 = CARTESIAN_POINT ( 'NONE',  ( -58.03938441818299054, 39.47580339390025017, 37.87495085002492345 ) ) ;
#4351 = EDGE_CURVE ( 'NONE', #4085, #31, #1845, .T. ) ;
#4352 = CARTESIAN_POINT ( 'NONE',  ( 57.99999999999999289, 0.000000000000000000, 0.000000000000000000 ) ) ;
#4353 = ORIENTED_EDGE ( 'NONE', *, *, #2893, .T. ) ;
#4354 = LINE ( 'NONE', #5888, #1551 ) ;
#4355 = EDGE_CURVE ( 'NONE', #94, #1422, #4341, .T. ) ;
#4356 = CARTESIAN_POINT ( 'NONE',  ( -58.01431059637209131, 36.73995064903655816, 42.45723100755373025 ) ) ;
#4357 = CARTESIAN_POINT ( 'NONE',  ( -60.00000000000000000, 40.00000000000000711, 44.14999999999999147 ) ) ;
#4358 = CARTESIAN_POINT ( 'NONE',  ( -58.00099623501505874, 39.90931717659125155, 37.71361536798531233 ) ) ;
#4359 = CARTESIAN_POINT ( 'NONE',  ( -71.11999999999999034, 35.00000000000000000, 57.14999999999999858 ) ) ;
#4360 = CIRCLE ( 'NONE', #3, 1.549999999999995826 ) ;
#4361 = CARTESIAN_POINT ( 'NONE',  ( 56.95958769989398718, 45.33245079718628290, -2.448690330513659141 ) ) ;
#4362 = ORIENTED_EDGE ( 'NONE', *, *, #5280, .F. ) ;
#4363 = CIRCLE ( 'NONE', #2339, 3.599999999999998312 ) ;
#4364 = DIRECTION ( 'NONE',  ( -1.000000000000000000, 0.000000000000000000, 0.000000000000000000 ) ) ;
#4365 = CARTESIAN_POINT ( 'NONE',  ( -58.07185865918903289, 37.44510874357731467, 41.35076042046564027 ) ) ;
#4366 = CARTESIAN_POINT ( 'NONE',  ( 60.00000000000000000, 63.54551899874133625, 4.180324369512659288 ) ) ;
#4367 = CARTESIAN_POINT ( 'NONE',  ( 59.56225686262561680, 40.03600000000000847, -5.826324426971697612 ) ) ;
#4368 = VERTEX_POINT ( 'NONE', #6366 ) ;
#4369 = CARTESIAN_POINT ( 'NONE',  ( -58.07341975680942880, 37.24664786223962665, 41.65114357225236574 ) ) ;
#4370 = CARTESIAN_POINT ( 'NONE',  ( -58.00454744185854850, 36.47668054335326104, 42.88684618432286300 ) ) ;
#4371 = ORIENTED_EDGE ( 'NONE', *, *, #5957, .T. ) ;
#4372 = AXIS2_PLACEMENT_3D ( 'NONE', #803, #770, #2799 ) ;
#4373 = CARTESIAN_POINT ( 'NONE',  ( -13.50676947710241471, 35.09942767474810665, -12.15000000000000391 ) ) ;
#4374 = CIRCLE ( 'NONE', #5215, 1.324999999999999734 ) ;
#4375 = CARTESIAN_POINT ( 'NONE',  ( -58.04961792873750426, 38.82289263450319794, 39.24418500277214150 ) ) ;
#4376 = CARTESIAN_POINT ( 'NONE',  ( -37.50000000000000711, 36.50670132339097762, 34.07852395930014211 ) ) ;
#4377 = ORIENTED_EDGE ( 'NONE', *, *, #1806, .T. ) ;
#4378 = CARTESIAN_POINT ( 'NONE',  ( 60.00000000000000000, 38.36169591142202506, 43.63344470505586514 ) ) ;
#4379 = CARTESIAN_POINT ( 'NONE',  ( -57.99966427041655237, 36.17471281322589505, 43.59547259198132707 ) ) ;
#4380 = VECTOR ( 'NONE', #3442, 1000.000000000000000 ) ;
#4381 = CARTESIAN_POINT ( 'NONE',  ( -58.00162885642445332, 36.72145400100538382, 42.48781982444999983 ) ) ;
#4382 = DIRECTION ( 'NONE',  ( 0.000000000000000000, 0.000000000000000000, -1.000000000000000000 ) ) ;
#4383 = CARTESIAN_POINT ( 'NONE',  ( -58.09228107169524691, 37.83766508510492343, 40.70020878294055677 ) ) ;
#4384 = ORIENTED_EDGE ( 'NONE', *, *, #428, .T. ) ;
#4385 = CARTESIAN_POINT ( 'NONE',  ( -58.13463205684012536, 38.97506980087358386, 37.97087899482420426 ) ) ;
#4386 = LINE ( 'NONE', #2858, #6054 ) ;
#4387 = ORIENTED_EDGE ( 'NONE', *, *, #4916, .F. ) ;
#4388 = CARTESIAN_POINT ( 'NONE',  ( 36.00000000000000000, 56.66260176258805359, 14.01014890102206145 ) ) ;
#4389 = CARTESIAN_POINT ( 'NONE',  ( -58.03711879728959389, 36.75213022546552111, 42.43045208370647714 ) ) ;
#4390 = DIRECTION ( 'NONE',  ( 0.000000000000000000, 0.000000000000000000, 1.000000000000000000 ) ) ;
#4391 = ADVANCED_FACE ( 'NONE', ( #5370 ), #3884, .T. ) ;
#4392 = CARTESIAN_POINT ( 'NONE',  ( -58.17648729077327374, 38.86175700142014477, 37.78452572181392810 ) ) ;
#4393 = DIRECTION ( 'NONE',  ( 1.000000000000000000, 0.000000000000000000, 0.000000000000000000 ) ) ;
#4394 = CARTESIAN_POINT ( 'NONE',  ( 37.49999999999999289, 60.02163516015992428, 12.69984564081569012 ) ) ;
#4395 = VERTEX_POINT ( 'NONE', #1099 ) ;
#4396 = EDGE_CURVE ( 'NONE', #298, #1927, #1715, .T. ) ;
#4397 = DIRECTION ( 'NONE',  ( 0.000000000000000000, 0.000000000000000000, 1.000000000000000000 ) ) ;
#4398 = CARTESIAN_POINT ( 'NONE',  ( -58.03278070115848664, 37.50475924239378145, 41.31807333698121454 ) ) ;
#4399 = FACE_OUTER_BOUND ( 'NONE', #5613, .T. ) ;
#4400 = CIRCLE ( 'NONE', #2692, 1.324999999999999734 ) ;
#4401 = FACE_OUTER_BOUND ( 'NONE', #4290, .T. ) ;
#4402 = ORIENTED_EDGE ( 'NONE', *, *, #4732, .F. ) ;
#4403 = CARTESIAN_POINT ( 'NONE',  ( -58.00055409473711165, 36.65981443673306472, 42.57987700891933969 ) ) ;
#4404 = VERTEX_POINT ( 'NONE', #6058 ) ;
#4405 = CARTESIAN_POINT ( 'NONE',  ( -12.99999999999998401, 35.07500000000000284, -12.15000000000000568 ) ) ;
#4406 = CARTESIAN_POINT ( 'NONE',  ( -58.11023196580024575, 38.63803106507221230, 39.26722868027044910 ) ) ;
#4407 = DIRECTION ( 'NONE',  ( -0.000000000000000000, -0.000000000000000000, -1.000000000000000000 ) ) ;
#4408 = EDGE_LOOP ( 'NONE', ( #4481, #1271, #1402, #4769, #4255 ) ) ;
#4409 = CARTESIAN_POINT ( 'NONE',  ( -58.26184658766054980, 39.31595971335195117, -6.766869544709196660 ) ) ;
#4410 = CARTESIAN_POINT ( 'NONE',  ( -57.99554041185177056, 36.69002698778209748, 42.53463400134999972 ) ) ;
#4411 = CARTESIAN_POINT ( 'NONE',  ( -58.05090354368212502, 36.30800564233140193, 43.22739073974224056 ) ) ;
#4412 = AXIS2_PLACEMENT_3D ( 'NONE', #5579, #3467, #501 ) ;
#4413 = CIRCLE ( 'NONE', #901, 2.000000000000000000 ) ;
#4414 = DIRECTION ( 'NONE',  ( -1.000000000000000000, 0.000000000000000000, 1.119176436114069332E-16 ) ) ;
#4415 = CARTESIAN_POINT ( 'NONE',  ( -58.06697617126719280, 37.55819318245123384, 41.18582937417176737 ) ) ;
#4416 = ORIENTED_EDGE ( 'NONE', *, *, #657, .T. ) ;
#4417 = CARTESIAN_POINT ( 'NONE',  ( -59.63465342975934647, 36.74825598862924636, 38.03951507702893053 ) ) ;
#4418 = CARTESIAN_POINT ( 'NONE',  ( -58.08523268282593932, 39.20028519920962395, 37.85476246287301194 ) ) ;
#4419 = VERTEX_POINT ( 'NONE', #6153 ) ;
#4420 = CARTESIAN_POINT ( 'NONE',  ( -58.12701199579277045, 36.51709836845910218, 42.78960217404613076 ) ) ;
#4421 = CARTESIAN_POINT ( 'NONE',  ( 0.000000000000000000, 35.00000000000000000, 62.14999999999999858 ) ) ;
#4422 = CARTESIAN_POINT ( 'NONE',  ( -58.00635551529907730, 39.81229796704753454, 37.77777691313502118 ) ) ;
#4423 = CIRCLE ( 'NONE', #6111, 3.325000000000001510 ) ;
#4424 = DIRECTION ( 'NONE',  ( -1.000000000000000000, 0.000000000000000000, 0.000000000000000000 ) ) ;
#4425 = CARTESIAN_POINT ( 'NONE',  ( -58.00000000001936229, 36.53589838486225005, -6.646254786282208116 ) ) ;
#4426 = ORIENTED_EDGE ( 'NONE', *, *, #2718, .T. ) ;
#4427 = ADVANCED_FACE ( 'NONE', ( #572 ), #1508, .F. ) ;
#4428 = AXIS2_PLACEMENT_3D ( 'NONE', #2693, #5525, #3229 ) ;
#4429 = DIRECTION ( 'NONE',  ( 0.000000000000000000, -0.000000000000000000, -1.000000000000000000 ) ) ;
#4430 = CARTESIAN_POINT ( 'NONE',  ( -76.11999999999999034, 35.00000000000000000, 0.000000000000000000 ) ) ;
#4431 = EDGE_CURVE ( 'NONE', #1785, #2441, #3098, .T. ) ;
#4432 = FACE_OUTER_BOUND ( 'NONE', #4166, .T. ) ;
#4433 = ORIENTED_EDGE ( 'NONE', *, *, #969, .T. ) ;
#4434 = CARTESIAN_POINT ( 'NONE',  ( -58.00193300094596793, 36.65976105118530626, 42.57996045073739566 ) ) ;
#4435 = ORIENTED_EDGE ( 'NONE', *, *, #4260, .F. ) ;
#4436 = CARTESIAN_POINT ( 'NONE',  ( -58.96315420081601388, 40.03600000000000847, -6.386039892726167011 ) ) ;
#4437 = AXIS2_PLACEMENT_3D ( 'NONE', #4555, #2021, #2119 ) ;
#4438 = CARTESIAN_POINT ( 'NONE',  ( -58.03111596409086559, 39.08025457970334315, 38.91477540886373987 ) ) ;
#4439 = DIRECTION ( 'NONE',  ( 0.000000000000000000, -0.8191520442889912434, -0.5735764363510471586 ) ) ;
#4440 = EDGE_LOOP ( 'NONE', ( #1802, #251 ) ) ;
#4441 = DIRECTION ( 'NONE',  ( 0.000000000000000000, -1.000000000000000000, 0.000000000000000000 ) ) ;
#4442 = CARTESIAN_POINT ( 'NONE',  ( -57.99338389088376289, 36.68507270043009072, 42.54200074454311675 ) ) ;
#4443 = CARTESIAN_POINT ( 'NONE',  ( -58.00085136549167686, 36.68662853208411434, 42.53966267686379155 ) ) ;
#4444 = CYLINDRICAL_SURFACE ( 'NONE', #5671, 7.600000000000002309 ) ;
#4445 = CARTESIAN_POINT ( 'NONE',  ( -58.06810104351310287, 37.59082479216240813, 41.13395226840769681 ) ) ;
#4446 = ORIENTED_EDGE ( 'NONE', *, *, #3608, .T. ) ;
#4447 = CARTESIAN_POINT ( 'NONE',  ( -58.61952089328531201, 37.82695746985670837, 38.09377881296566670 ) ) ;
#4448 = AXIS2_PLACEMENT_3D ( 'NONE', #4925, #899, #5387 ) ;
#4449 = CARTESIAN_POINT ( 'NONE',  ( -58.01283291809002662, 39.71402597966920212, 37.84584249162268321 ) ) ;
#4450 = ORIENTED_EDGE ( 'NONE', *, *, #3910, .T. ) ;
#4451 = CARTESIAN_POINT ( 'NONE',  ( -58.01032065137356142, 37.01338202401559840, 42.05720284718422164 ) ) ;
#4452 = CONICAL_SURFACE ( 'NONE', #3822, 3.325000000000001510, 0.7853981633974531640 ) ;
#4453 = CARTESIAN_POINT ( 'NONE',  ( 61.99999999999683098, 38.00000000000000711, 38.71984158773764761 ) ) ;
#4454 = EDGE_CURVE ( 'NONE', #5371, #2061, #6028, .T. ) ;
#4455 = CARTESIAN_POINT ( 'NONE',  ( -57.97431164678411619, 40.41988703507305303, 37.56675039692979112 ) ) ;
#4456 = CARTESIAN_POINT ( 'NONE',  ( 57.99999999999999289, 38.00000000000000711, -8.646254786282208116 ) ) ;
#4457 = EDGE_LOOP ( 'NONE', ( #77, #842, #5168, #4402, #5481, #929, #4899, #1176 ) ) ;
#4458 = DIRECTION ( 'NONE',  ( -0.000000000000000000, -1.000000000000000000, -0.000000000000000000 ) ) ;
#4459 = CARTESIAN_POINT ( 'NONE',  ( 23.00000000000001421, 32.00000000000000000, -20.15000000000000213 ) ) ;
#4460 = DIRECTION ( 'NONE',  ( 0.000000000000000000, -0.000000000000000000, 1.000000000000000000 ) ) ;
#4461 = CARTESIAN_POINT ( 'NONE',  ( 60.00000000000000000, 36.36169591142201796, 43.00284712729789760 ) ) ;
#4462 = CIRCLE ( 'NONE', #1592, 7.600000000000002309 ) ;
#4463 = CARTESIAN_POINT ( 'NONE',  ( -57.99981290048899751, 36.83535275010762433, 42.31854286768520268 ) ) ;
#4464 = ADVANCED_FACE ( 'NONE', ( #5028 ), #1004, .T. ) ;
#4465 = ORIENTED_EDGE ( 'NONE', *, *, #1498, .T. ) ;
#4466 = CARTESIAN_POINT ( 'NONE',  ( -9.626739656766151398, 36.00000000000000711, -54.15000000000001279 ) ) ;
#4467 = EDGE_CURVE ( 'NONE', #163, #6008, #5899, .T. ) ;
#4468 = CARTESIAN_POINT ( 'NONE',  ( -58.05251606044041068, 38.81145876990712651, 39.24879291048354446 ) ) ;
#4469 = DIRECTION ( 'NONE',  ( -0.000000000000000000, 0.000000000000000000, 1.000000000000000000 ) ) ;
#4470 = VERTEX_POINT ( 'NONE', #444 ) ;
#4471 = CARTESIAN_POINT ( 'NONE',  ( 60.00000000000000000, 42.32319085375258538, 34.48895000820532886 ) ) ;
#4472 = CARTESIAN_POINT ( 'NONE',  ( -57.98956016999585472, 36.71644985365946923, 42.49534470432003985 ) ) ;
#4473 = CARTESIAN_POINT ( 'NONE',  ( -58.00056393329141713, 36.68189403193160558, 42.54671417005645395 ) ) ;
#4474 = AXIS2_PLACEMENT_3D ( 'NONE', #4244, #1754, #3646 ) ;
#4475 = CARTESIAN_POINT ( 'NONE',  ( -60.82842712474619162, 34.00000000000000711, -7.399492973601407897 ) ) ;
#4476 = CARTESIAN_POINT ( 'NONE',  ( -58.05768984964318946, 37.89810104552778114, 40.68163289338977506 ) ) ;
#4477 = VERTEX_POINT ( 'NONE', #4097 ) ;
#4478 = CARTESIAN_POINT ( 'NONE',  ( -58.01804291885105158, 39.61790252518287048, 38.01802761097911088 ) ) ;
#4479 = AXIS2_PLACEMENT_3D ( 'NONE', #4937, #321, #3348 ) ;
#4480 = PLANE ( 'NONE',  #5520 ) ;
#4481 = ORIENTED_EDGE ( 'NONE', *, *, #3079, .F. ) ;
#4482 = ADVANCED_FACE ( 'NONE', ( #3067 ), #4500, .F. ) ;
#4483 = CARTESIAN_POINT ( 'NONE',  ( -58.00818588162126588, 36.75524540065086398, 42.43641883982277108 ) ) ;
#4484 = ADVANCED_FACE ( 'NONE', ( #1968 ), #4596, .T. ) ;
#4485 = DIRECTION ( 'NONE',  ( 0.000000000000000000, 0.000000000000000000, 1.000000000000000000 ) ) ;
#4486 = CARTESIAN_POINT ( 'NONE',  ( -58.55711996301455002, 37.92900391756008815, 37.82983279393248210 ) ) ;
#4487 = CARTESIAN_POINT ( 'NONE',  ( 62.00000000000000000, 32.00000000000000000, 37.80681039527357967 ) ) ;
#4488 = ORIENTED_EDGE ( 'NONE', *, *, #2718, .F. ) ;
#4489 = CARTESIAN_POINT ( 'NONE',  ( -58.03557493395407363, 37.15558171243461061, 41.82841725632227536 ) ) ;
#4490 = CIRCLE ( 'NONE', #2462, 3.599999999999998312 ) ;
#4491 = DIRECTION ( 'NONE',  ( 0.000000000000000000, -0.8191520442889912434, -0.5735764363510471586 ) ) ;
#4492 = CARTESIAN_POINT ( 'NONE',  ( 58.52349577118904023, 39.33376345141018504, -6.704994114975109554 ) ) ;
#4493 = CARTESIAN_POINT ( 'NONE',  ( 58.57826707472845129, 37.26763150234717870, 42.44991891034565157 ) ) ;
#4494 = DIRECTION ( 'NONE',  ( 0.000000000000000000, 0.5735764363510470476, -0.8191520442889911324 ) ) ;
#4495 = EDGE_CURVE ( 'NONE', #715, #6295, #2895, .T. ) ;
#4496 = CARTESIAN_POINT ( 'NONE',  ( -58.00007864845694172, 36.67284742691753507, 42.56019303361124884 ) ) ;
#4497 = EDGE_LOOP ( 'NONE', ( #2764, #5937, #1064, #3523 ) ) ;
#4498 = DIRECTION ( 'NONE',  ( 0.000000000000000000, 0.5735764363510470476, -0.8191520442889911324 ) ) ;
#4499 = CARTESIAN_POINT ( 'NONE',  ( -57.97056678107562533, 39.36886151031622916, 38.80441444088278757 ) ) ;
#4500 = PLANE ( 'NONE',  #6069 ) ;
#4501 = DIRECTION ( 'NONE',  ( 0.000000000000000000, 0.000000000000000000, 1.000000000000000000 ) ) ;
#4502 = CARTESIAN_POINT ( 'NONE',  ( -57.99417828471404590, 36.30676992293005867, 43.23224526286440295 ) ) ;
#4503 = VECTOR ( 'NONE', #4695, 999.9999999999998863 ) ;
#4504 = CARTESIAN_POINT ( 'NONE',  ( -58.00456305667594847, 36.62185425658812221, 42.63851726553286170 ) ) ;
#4505 = EDGE_CURVE ( 'NONE', #3437, #1074, #22, .T. ) ;
#4506 = FACE_OUTER_BOUND ( 'NONE', #3861, .T. ) ;
#4507 = CARTESIAN_POINT ( 'NONE',  ( -57.94138722462120228, 37.83794621258883240, 40.97258201491779062 ) ) ;
#4508 = EDGE_LOOP ( 'NONE', ( #1515, #658, #3775, #5799, #4985, #4697, #5846, #4134 ) ) ;
#4509 = CARTESIAN_POINT ( 'NONE',  ( -58.01733380917062277, 39.60035634291647000, 38.08383303120553620 ) ) ;
#4510 = CYLINDRICAL_SURFACE ( 'NONE', #4124, 1.324999999999999734 ) ;
#4511 = EDGE_CURVE ( 'NONE', #711, #6568, #3598, .T. ) ;
#4512 = ORIENTED_EDGE ( 'NONE', *, *, #337, .F. ) ;
#4513 = CARTESIAN_POINT ( 'NONE',  ( -58.02263228275248252, 36.65482674107322936, 42.58450839707573010 ) ) ;
#4514 = FACE_OUTER_BOUND ( 'NONE', #3132, .T. ) ;
#4515 = AXIS2_PLACEMENT_3D ( 'NONE', #5456, #1531, #1960 ) ;
#4516 = CARTESIAN_POINT ( 'NONE',  ( 37.49999999999999289, 37.42442362141619583, 32.76788068845469581 ) ) ;
#4517 = CARTESIAN_POINT ( 'NONE',  ( -57.96794255054987843, 40.64125288551193194, 37.48561788209785561 ) ) ;
#4518 = CIRCLE ( 'NONE', #4618, 4.925000000000013145 ) ;
#4519 = B_SPLINE_CURVE_WITH_KNOTS ( 'NONE', 3,
 ( #6564, #1521, #4110, #4081, #6137, #2510, #2608, #6040, #3485, #6073 ),
 .UNSPECIFIED., .F., .F.,
 ( 4, 2, 2, 2, 4 ),
 ( 0.003044081556831751412, 0.003801491318661586426, 0.004558901080491421440, 0.005316310842321256454, 0.006073720604151091468 ),
 .UNSPECIFIED. ) ;
#4520 = DIRECTION ( 'NONE',  ( 0.000000000000000000, 0.8191520442889909104, 0.5735764363510474917 ) ) ;
#4521 = EDGE_LOOP ( 'NONE', ( #2259, #286, #4976, #6234 ) ) ;
#4522 = CARTESIAN_POINT ( 'NONE',  ( -59.09700230732891413, 36.19893132448444106, 42.96701132885429075 ) ) ;
#4523 = LINE ( 'NONE', #1627, #5175 ) ;
#4524 = CARTESIAN_POINT ( 'NONE',  ( 59.74757277764624064, 39.65550432907881628, -5.586810113433672065 ) ) ;
#4525 = CARTESIAN_POINT ( 'NONE',  ( 63.52065792321464954, 32.00000000000000000, 57.05000000000000426 ) ) ;
#4526 = CARTESIAN_POINT ( 'NONE',  ( -30.08879795882066688, 38.26576726201064105, -13.06120204117933703 ) ) ;
#4527 = CARTESIAN_POINT ( 'NONE',  ( -58.00198141144439745, 36.62111888298453977, 42.63976540379466229 ) ) ;
#4528 = ORIENTED_EDGE ( 'NONE', *, *, #6123, .T. ) ;
#4529 = CARTESIAN_POINT ( 'NONE',  ( 59.61368947633911120, 36.78642094278038144, 40.54100787103050862 ) ) ;
#4530 = EDGE_CURVE ( 'NONE', #3201, #3764, #509, .T. ) ;
#4531 = CARTESIAN_POINT ( 'NONE',  ( -59.77303174347898818, 36.50810832493032621, 39.98616157688046968 ) ) ;
#4532 = CARTESIAN_POINT ( 'NONE',  ( -57.99999999999999289, 38.00000000000000711, 44.78059757775796612 ) ) ;
#4533 = CARTESIAN_POINT ( 'NONE',  ( -62.00000000000000000, 34.00000000000000711, 37.80681039527355836 ) ) ;
#4534 = CARTESIAN_POINT ( 'NONE',  ( -57.99353639669062943, 36.70323842072078691, 42.51498935283501623 ) ) ;
#4535 = CARTESIAN_POINT ( 'NONE',  ( -58.00085695125276430, 36.68580107083906228, 42.54089288562228433 ) ) ;
#4536 = CYLINDRICAL_SURFACE ( 'NONE', #1433, 2.000000000000001776 ) ;
#4537 = CARTESIAN_POINT ( 'NONE',  ( -58.06973339916590504, 37.51779939911811113, 41.24303580584253126 ) ) ;
#4538 = EDGE_LOOP ( 'NONE', ( #3904, #2875, #913, #248 ) ) ;
#4539 = CARTESIAN_POINT ( 'NONE',  ( -58.40948309565419549, 38.18844157231060166, 38.23639974537252328 ) ) ;
#4540 = CARTESIAN_POINT ( 'NONE',  ( 59.56225686262560970, 36.47791219860095424, -5.826324426971697612 ) ) ;
#4541 = DIRECTION ( 'NONE',  ( 0.000000000000000000, 0.5735764363510470476, -0.8191520442889911324 ) ) ;
#4542 = VECTOR ( 'NONE', #6389, 1000.000000000000000 ) ;
#4543 = CARTESIAN_POINT ( 'NONE',  ( -58.01088358257037925, 36.71633557050241592, 42.49366883213830448 ) ) ;
#4544 = EDGE_CURVE ( 'NONE', #1238, #5271, #6091, .T. ) ;
#4545 = CARTESIAN_POINT ( 'NONE',  ( -57.98057341816198118, 36.68342127131275276, 42.54445632560748436 ) ) ;
#4546 = DIRECTION ( 'NONE',  ( 1.000000000000000000, -0.000000000000000000, 0.000000000000000000 ) ) ;
#4547 = EDGE_CURVE ( 'NONE', #1712, #1411, #2529, .T. ) ;
#4548 = FACE_OUTER_BOUND ( 'NONE', #19, .T. ) ;
#4549 = CARTESIAN_POINT ( 'NONE',  ( -58.00721377533469081, 39.79847222018253206, 37.78289108557797960 ) ) ;
#4550 = ADVANCED_FACE ( 'NONE', ( #2035 ), #4068, .F. ) ;
#4551 = FACE_OUTER_BOUND ( 'NONE', #5186, .T. ) ;
#4552 = VERTEX_POINT ( 'NONE', #4662 ) ;
#4553 = APPLICATION_CONTEXT ( 'automotive_design' ) ;
#4554 = CARTESIAN_POINT ( 'NONE',  ( -58.06184403700022045, 37.08650378590937891, 41.90693308162654063 ) ) ;
#4555 = CARTESIAN_POINT ( 'NONE',  ( 0.000000000000000000, 40.00000000000000711, 44.78059757775796612 ) ) ;
#4556 = CARTESIAN_POINT ( 'NONE',  ( 59.49990373962010892, 38.00000000000000711, -6.607033865786309690 ) ) ;
#4557 = DIRECTION ( 'NONE',  ( -0.000000000000000000, 1.000000000000000000, -0.000000000000000000 ) ) ;
#4558 = DIRECTION ( 'NONE',  ( 0.000000000000000000, 1.000000000000000000, 0.000000000000000000 ) ) ;
#4559 = CARTESIAN_POINT ( 'NONE',  ( -58.00178978639491589, 36.72966128659815155, 42.47570005580506347 ) ) ;
#4560 = EDGE_CURVE ( 'NONE', #397, #2173, #106, .T. ) ;
#4561 = ORIENTED_EDGE ( 'NONE', *, *, #1942, .T. ) ;
#4562 = CARTESIAN_POINT ( 'NONE',  ( 23.00000000000001421, 34.40000000000000568, -16.82499999999999929 ) ) ;
#4563 = CARTESIAN_POINT ( 'NONE',  ( -58.88352150476503510, 37.06298829471624146, 40.42263173393677533 ) ) ;
#4564 = DIRECTION ( 'NONE',  ( -0.000000000000000000, 0.8191520442889907994, 0.5735764363510474917 ) ) ;
#4565 = CARTESIAN_POINT ( 'NONE',  ( -58.27629496963872668, 34.00000000000000000, 42.68552533244339031 ) ) ;
#4566 = CARTESIAN_POINT ( 'NONE',  ( -57.98933182180571322, 36.08278354698991564, 43.97102036694539606 ) ) ;
#4567 = CARTESIAN_POINT ( 'NONE',  ( -58.00282546287039054, 36.64748245582885033, 42.59852777054791773 ) ) ;
#4568 =( BOUNDED_CURVE ( )  B_SPLINE_CURVE ( 3, ( #6417, #841, #401, #4456 ),
 .UNSPECIFIED., .F., .F. ) 
 B_SPLINE_CURVE_WITH_KNOTS ( ( 4, 4 ),
 ( 1.570796326794896114, 3.141592653589793116 ),
 .UNSPECIFIED. ) 
 CURVE ( )  GEOMETRIC_REPRESENTATION_ITEM ( )  RATIONAL_B_SPLINE_CURVE ( ( 1.000000000000000000, 0.8047378541243649375, 0.8047378541243649375, 1.000000000000000000 ) ) 
 REPRESENTATION_ITEM ( '' )  );
#4569 = CARTESIAN_POINT ( 'NONE',  ( 37.49999999999999289, 36.50670132339097762, 34.07852395930014211 ) ) ;
#4570 = CARTESIAN_POINT ( 'NONE',  ( -58.11840082362455462, 37.47822063251629032, 41.22393621885426285 ) ) ;
#4571 = ORIENTED_EDGE ( 'NONE', *, *, #4332, .T. ) ;
#4572 = CARTESIAN_POINT ( 'NONE',  ( -58.02886896580317710, 39.41361571912969453, 38.32576644964173340 ) ) ;
#4573 = CARTESIAN_POINT ( 'NONE',  ( 58.24499768625464924, 46.25824894800436482, -6.646254786282210780 ) ) ;
#4574 = CARTESIAN_POINT ( 'NONE',  ( 73.11999999999999034, 35.00000000000000000, -59.14999999999999858 ) ) ;
#4575 = CARTESIAN_POINT ( 'NONE',  ( -58.19894142161984263, 36.32422392016993484, 43.16316789037161072 ) ) ;
#4576 = CARTESIAN_POINT ( 'NONE',  ( -57.98055310636657822, 36.68259555675408734, 42.54568411613967527 ) ) ;
#4577 = PLANE ( 'NONE',  #3846 ) ;
#4578 = PLANE ( 'NONE',  #896 ) ;
#4579 = CARTESIAN_POINT ( 'NONE',  ( -57.98342227915777869, 40.18424292276744580, 37.66840905733698008 ) ) ;
#4580 = AXIS2_PLACEMENT_3D ( 'NONE', #5172, #3680, #618 ) ;
#4581 = FACE_OUTER_BOUND ( 'NONE', #6252, .T. ) ;
#4582 = LINE ( 'NONE', #2183, #1873 ) ;
#4583 = CARTESIAN_POINT ( 'NONE',  ( -58.05659929504209060, 36.98389315063356264, 42.06692528508102669 ) ) ;
#4584 = VECTOR ( 'NONE', #4033, 1000.000000000000000 ) ;
#4585 = EDGE_CURVE ( 'NONE', #4395, #622, #5157, .T. ) ;
#4586 = CYLINDRICAL_SURFACE ( 'NONE', #4966, 3.325000000000001510 ) ;
#4587 = CARTESIAN_POINT ( 'NONE',  ( -57.97864753601667331, 40.49473776108514045, 37.46896568808681138 ) ) ;
#4588 = FACE_OUTER_BOUND ( 'NONE', #6150, .T. ) ;
#4589 = DIRECTION ( 'NONE',  ( 0.000000000000000000, -0.000000000000000000, 1.000000000000000000 ) ) ;
#4590 = EDGE_LOOP ( 'NONE', ( #3208, #1732, #3324, #1348 ) ) ;
#4591 = EDGE_CURVE ( 'NONE', #1743, #5459, #3466, .T. ) ;
#4592 = CARTESIAN_POINT ( 'NONE',  ( -57.99976833099826479, 36.68342127131275276, 42.54445632560748436 ) ) ;
#4593 = VERTEX_POINT ( 'NONE', #4060 ) ;
#4594 = CARTESIAN_POINT ( 'NONE',  ( 62.00000000000000000, 31.99000000000000554, -4.389543696378559900 ) ) ;
#4595 = CARTESIAN_POINT ( 'NONE',  ( -58.05585702021692640, 38.62264953309130533, 39.54441808967682448 ) ) ;
#4596 = CYLINDRICAL_SURFACE ( 'NONE', #1188, 3.000000000000002665 ) ;
#4597 = CARTESIAN_POINT ( 'NONE',  ( 28.20000000000002771, 38.40000000000000568, -14.94999999999999574 ) ) ;
#4598 = CARTESIAN_POINT ( 'NONE',  ( -58.23053939079749597, 37.16365638304593944, 41.57341261527088250 ) ) ;
#4599 = CARTESIAN_POINT ( 'NONE',  ( -58.02150881737600940, 36.17476161200688978, 43.59511999651798675 ) ) ;
#4600 = DIRECTION ( 'NONE',  ( 0.000000000000000000, 0.8191520442889909104, 0.5735764363510474917 ) ) ;
#4601 = CARTESIAN_POINT ( 'NONE',  ( -58.07044346062394879, 37.48227822164170675, 41.29617490454559459 ) ) ;
#4602 = ORIENTED_EDGE ( 'NONE', *, *, #5153, .T. ) ;
#4603 = CARTESIAN_POINT ( 'NONE',  ( -58.00737513081715235, 39.65967977443958858, 38.12012207450663936 ) ) ;
#4604 = CARTESIAN_POINT ( 'NONE',  ( 59.72214288824191897, 46.25824894800437193, -3.204485992700011998 ) ) ;
#4605 = AXIS2_PLACEMENT_3D ( 'NONE', #4594, #3031, #2032 ) ;
#4606 = CARTESIAN_POINT ( 'NONE',  ( 71.11999999999999034, 36.00000000000000711, -54.15000000000001990 ) ) ;
#4607 = CARTESIAN_POINT ( 'NONE',  ( -58.10425490950287042, 36.50317100622542199, 42.82335323936593596 ) ) ;
#4608 = UNCERTAINTY_MEASURE_WITH_UNIT (LENGTH_MEASURE( 1.000000000000000082E-05 ), #5928, 'distance_accuracy_value', 'NONE');
#4609 = CARTESIAN_POINT ( 'NONE',  ( -57.98032929786679546, 36.66628203617722193, 42.57006256808004707 ) ) ;
#4610 = CYLINDRICAL_SURFACE ( 'NONE', #5747, 10.00000000000000178 ) ;
#4611 = DIRECTION ( 'NONE',  ( 0.000000000000000000, 1.000000000000000000, 0.000000000000000000 ) ) ;
#4612 = CARTESIAN_POINT ( 'NONE',  ( -58.02079014996717632, 39.62821115904524305, 37.81264361676179675 ) ) ;
#4613 = AXIS2_PLACEMENT_3D ( 'NONE', #2945, #3448, #3419 ) ;
#4614 = LINE ( 'NONE', #5509, #2099 ) ;
#4615 = LINE ( 'NONE', #1121, #3564 ) ;
#4616 = CARTESIAN_POINT ( 'NONE',  ( -58.03180169232864216, 37.05531893145428057, 41.98010654322963831 ) ) ;
#4617 = AXIS2_PLACEMENT_3D ( 'NONE', #2586, #1093, #2618 ) ;
#4618 = AXIS2_PLACEMENT_3D ( 'NONE', #2222, #662, #5217 ) ;
#4619 = CARTESIAN_POINT ( 'NONE',  ( -28.20000000000001350, 38.40000000000000568, 0.000000000000000000 ) ) ;
#4620 = CARTESIAN_POINT ( 'NONE',  ( -58.16952879785821295, 38.88410791222762697, 37.74387493239156299 ) ) ;
#4621 = DIRECTION ( 'NONE',  ( -0.000000000000000000, 0.000000000000000000, 1.000000000000000000 ) ) ;
#4622 = CARTESIAN_POINT ( 'NONE',  ( 36.00000000000000000, 39.86573472088564785, 32.76822069915220936 ) ) ;
#4623 = ORIENTED_EDGE ( 'NONE', *, *, #279, .T. ) ;
#4624 = ORIENTED_EDGE ( 'NONE', *, *, #1306, .F. ) ;
#4625 = ADVANCED_FACE ( 'NONE', ( #4960, #1497, #4588, #3557, #6543, #533 ), #1991, .F. ) ;
#4626 = CARTESIAN_POINT ( 'NONE',  ( 70.05933982822017470, 35.00000000000000000, -54.53933982822017867 ) ) ;
#4627 = EDGE_CURVE ( 'NONE', #5761, #6018, #3960, .T. ) ;
#4628 = CARTESIAN_POINT ( 'NONE',  ( -58.05663387150943322, 38.61994138662885234, 39.54558872199357467 ) ) ;
#4629 = DIRECTION ( 'NONE',  ( 0.000000000000000000, 0.000000000000000000, 1.000000000000000000 ) ) ;
#4630 = CARTESIAN_POINT ( 'NONE',  ( 37.49999999999999289, 43.15848793143913298, 36.78291574291202437 ) ) ;
#4631 = EDGE_CURVE ( 'NONE', #292, #4368, #4268, .T. ) ;
#4632 = ORIENTED_EDGE ( 'NONE', *, *, #247, .T. ) ;
#4633 = CARTESIAN_POINT ( 'NONE',  ( -57.99549657816431392, 37.49750919845672570, 41.37473282044985723 ) ) ;
#4634 = CARTESIAN_POINT ( 'NONE',  ( -58.00022322192026536, 36.68690456058957494, 42.53927492608904259 ) ) ;
#4635 = DIRECTION ( 'NONE',  ( 0.000000000000000000, -0.5735764363510458264, 0.8191520442889919096 ) ) ;
#4636 = CARTESIAN_POINT ( 'NONE',  ( -58.06318624048486043, 37.53326228144800325, 41.23005661511389519 ) ) ;
#4637 = ORIENTED_EDGE ( 'NONE', *, *, #776, .T. ) ;
#4638 = CARTESIAN_POINT ( 'NONE',  ( -58.02332065916996839, 39.51754262267501616, 38.17236638449904262 ) ) ;
#4639 = CARTESIAN_POINT ( 'NONE',  ( 58.24499768625463503, 36.47791219860095424, -2.132832606474910797 ) ) ;
#4640 = CARTESIAN_POINT ( 'NONE',  ( 57.99999999999999289, 34.00000000000000000, -6.646254786282211668 ) ) ;
#4641 = CARTESIAN_POINT ( 'NONE',  ( -58.01521869159927292, 36.62867804772061220, 42.62684542877632055 ) ) ;
#4642 = CARTESIAN_POINT ( 'NONE',  ( -57.98477554357804564, 36.67944331913464850, 42.55037262740864890 ) ) ;
#4643 = FACE_OUTER_BOUND ( 'NONE', #1766, .T. ) ;
#4644 = CARTESIAN_POINT ( 'NONE',  ( -31.00000000000000000, 38.00000000000000711, -54.15000000000000568 ) ) ;
#4645 = CARTESIAN_POINT ( 'NONE',  ( -58.00784116377099764, 39.78466590744011455, 37.81625590130200010 ) ) ;
#4646 = AXIS2_PLACEMENT_3D ( 'NONE', #3906, #2359, #4397 ) ;
#4647 = CARTESIAN_POINT ( 'NONE',  ( 57.99999999999999289, 40.00000000000000711, 44.78059757775796612 ) ) ;
#4648 = ORIENTED_EDGE ( 'NONE', *, *, #5721, .T. ) ;
#4649 = CARTESIAN_POINT ( 'NONE',  ( -58.04380808407987757, 36.91323404288229426, 42.18234744199637731 ) ) ;
#4650 = EDGE_CURVE ( 'NONE', #2781, #5337, #6284, .T. ) ;
#4651 = ADVANCED_FACE ( 'NONE', ( #998 ), #1931, .F. ) ;
#4652 = CARTESIAN_POINT ( 'NONE',  ( 35.51002512564783586, 42.32319085383622337, 34.48895000826388468 ) ) ;
#4653 = CARTESIAN_POINT ( 'NONE',  ( -58.86060758108536817, 37.54431905990249874, 37.76771279702821715 ) ) ;
#4654 = CARTESIAN_POINT ( 'NONE',  ( 73.11999999999999034, 35.00000000000000000, -62.15000000000000568 ) ) ;
#4655 = VECTOR ( 'NONE', #804, 1000.000000000000000 ) ;
#4656 = CARTESIAN_POINT ( 'NONE',  ( 23.00000000000001421, 32.00000000000000000, -23.47500000000000142 ) ) ;
#4657 = VERTEX_POINT ( 'NONE', #4525 ) ;
#4658 = ORIENTED_EDGE ( 'NONE', *, *, #5721, .F. ) ;
#4659 = AXIS2_PLACEMENT_3D ( 'NONE', #3514, #2570, #4014 ) ;
#4660 = FACE_OUTER_BOUND ( 'NONE', #2340, .T. ) ;
#4661 = CARTESIAN_POINT ( 'NONE',  ( -58.02754647395118326, 38.34142802074026690, 40.08726949047927235 ) ) ;
#4662 = CARTESIAN_POINT ( 'NONE',  ( -28.20000000000001350, 38.40000000000000568, -51.35000000000002274 ) ) ;
#4663 = DIRECTION ( 'NONE',  ( 0.000000000000000000, 1.000000000000000000, 0.000000000000000000 ) ) ;
#4664 = ORIENTED_EDGE ( 'NONE', *, *, #521, .F. ) ;
#4665 = CARTESIAN_POINT ( 'NONE',  ( -57.99188283882019590, 37.57159731660979674, 41.27453895767129666 ) ) ;
#4666 = CARTESIAN_POINT ( 'NONE',  ( -58.00010680690484577, 36.71650750830981025, 42.49525852428782002 ) ) ;
#4667 = ADVANCED_FACE ( 'NONE', ( #5992 ), #5486, .F. ) ;
#4668 = DIRECTION ( 'NONE',  ( 0.000000000000000000, 1.000000000000000000, 0.000000000000000000 ) ) ;
#4669 = CARTESIAN_POINT ( 'NONE',  ( -58.05430222154478770, 37.45287984777489498, 41.36479201158394403 ) ) ;
#4670 = EDGE_LOOP ( 'NONE', ( #1706, #4328, #5165, #3195, #5952, #2400, #4871, #5122, #2326, #3801 ) ) ;
#4671 = CARTESIAN_POINT ( 'NONE',  ( -58.95497614236260375, 37.42035624046183528, 38.19265086651066099 ) ) ;
#4672 = CARTESIAN_POINT ( 'NONE',  ( 56.43774313737436188, 36.47791219860096135, -5.826324426971696724 ) ) ;
#4673 = ORIENTED_EDGE ( 'NONE', *, *, #4279, .T. ) ;
#4674 = DIRECTION ( 'NONE',  ( -1.000000000000000000, 0.000000000000000000, -0.000000000000000000 ) ) ;
#4675 = CARTESIAN_POINT ( 'NONE',  ( -58.11667393398494852, 36.24380352170793174, 43.39808521485431214 ) ) ;
#4676 = AXIS2_PLACEMENT_3D ( 'NONE', #3926, #831, #2381 ) ;
#4677 = CARTESIAN_POINT ( 'NONE',  ( -57.98458454074101098, 36.65976105118530626, 42.57996045073738856 ) ) ;
#4678 = CARTESIAN_POINT ( 'NONE',  ( -62.00000000000000000, 38.00000000000000711, -4.389543696378558124 ) ) ;
#4679 = PLANE ( 'NONE',  #5662 ) ;
#4680 = CARTESIAN_POINT ( 'NONE',  ( -58.00833791085975832, 39.77079363397263023, 37.84963886393142474 ) ) ;
#4681 = DIRECTION ( 'NONE',  ( 0.000000000000000000, -0.8191520442889912434, -0.5735764363510471586 ) ) ;
#4682 = ADVANCED_FACE ( 'NONE', ( #935 ), #4006, .F. ) ;
#4683 = ORIENTED_EDGE ( 'NONE', *, *, #325, .T. ) ;
#4684 = CARTESIAN_POINT ( 'NONE',  ( -58.05154395541766377, 36.80842177868972698, 42.33717094857604479 ) ) ;
#4685 = CARTESIAN_POINT ( 'NONE',  ( -59.85130305611115631, 36.62540794857758897, -3.509236603891824569 ) ) ;
#4686 = VECTOR ( 'NONE', #5243, 1000.000000000000114 ) ;
#4687 = DIRECTION ( 'NONE',  ( 0.000000000000000000, -0.5735764363510470476, 0.8191520442889911324 ) ) ;
#4688 = DIRECTION ( 'NONE',  ( -0.000000000000000000, -1.000000000000000000, -0.000000000000000000 ) ) ;
#4689 = CARTESIAN_POINT ( 'NONE',  ( -59.05523598415432218, 34.00000000000000711, -6.329313399928843786 ) ) ;
#4690 = DIRECTION ( 'NONE',  ( -0.000000000000000000, -1.000000000000000000, 0.000000000000000000 ) ) ;
#4691 = ORIENTED_EDGE ( 'NONE', *, *, #2028, .T. ) ;
#4692 = VECTOR ( 'NONE', #1810, 1000.000000000000000 ) ;
#4693 = EDGE_LOOP ( 'NONE', ( #2731, #277, #3766, #3091, #5758, #823 ) ) ;
#4694 = CARTESIAN_POINT ( 'NONE',  ( 56.41403994977611802, 37.21925353155366167, -5.767650531849620954 ) ) ;
#4695 = DIRECTION ( 'NONE',  ( 8.659560562354974766E-17, 0.7071067811865441310, -0.7071067811865510144 ) ) ;
#4696 = CARTESIAN_POINT ( 'NONE',  ( -37.50000000000000711, 54.28757085013698713, 8.684810586358356232 ) ) ;
#4697 = ORIENTED_EDGE ( 'NONE', *, *, #972, .T. ) ;
#4698 = CARTESIAN_POINT ( 'NONE',  ( -59.14811716377167983, 36.36650807940419128, 42.23605759027072537 ) ) ;
#4699 = CARTESIAN_POINT ( 'NONE',  ( -58.00011045307275737, 36.70329505896941669, 42.51490466250885447 ) ) ;
#4700 = AXIS2_PLACEMENT_3D ( 'NONE', #991, #1490, #3021 ) ;
#4701 = CARTESIAN_POINT ( 'NONE',  ( -62.00000000000000000, 38.00000000000000711, 37.80681039527357257 ) ) ;
#4702 = CARTESIAN_POINT ( 'NONE',  ( -58.05360258468719792, 37.48799154816833834, 41.31310607816477898 ) ) ;
#4703 = EDGE_LOOP ( 'NONE', ( #708, #410, #578, #1236 ) ) ;
#4704 = CARTESIAN_POINT ( 'NONE',  ( -58.04581090916497743, 39.17298497177652195, 38.63860595027038158 ) ) ;
#4705 = CARTESIAN_POINT ( 'NONE',  ( -62.00000000000001421, 34.00000000000000711, 41.89196034566926841 ) ) ;
#4706 = ORIENTED_EDGE ( 'NONE', *, *, #2231, .F. ) ;
#4707 = DIRECTION ( 'NONE',  ( -0.000000000000000000, 0.8191520442889907994, 0.5735764363510474917 ) ) ;
#4708 = CARTESIAN_POINT ( 'NONE',  ( -70.43535897468470353, 35.00000000000000000, -57.36535897468449008 ) ) ;
#4709 = CARTESIAN_POINT ( 'NONE',  ( -58.00399313775274379, 36.70314753274910657, 42.51472771671372186 ) ) ;
#4710 = CARTESIAN_POINT ( 'NONE',  ( -37.50000000000000711, 60.93935745832159512, 11.38920236995330626 ) ) ;
#4711 = PLANE ( 'NONE',  #4580 ) ;
#4712 = CARTESIAN_POINT ( 'NONE',  ( -58.01240037067976374, 39.70912186205646321, 37.90074993168730089 ) ) ;
#4713 = EDGE_CURVE ( 'NONE', #791, #439, #2727, .T. ) ;
#4714 = LINE ( 'NONE', #162, #959 ) ;
#4715 = EDGE_LOOP ( 'NONE', ( #3332, #3175, #3384 ) ) ;
#4716 = CARTESIAN_POINT ( 'NONE',  ( -58.04444645723999940, 36.91106118232656996, 42.18515581371529066 ) ) ;
#4717 = CARTESIAN_POINT ( 'NONE',  ( -58.09459302059917007, 39.10655619387032544, -2.134972235036428412 ) ) ;
#4718 = CARTESIAN_POINT ( 'NONE',  ( -58.00412596418507150, 39.85388308328136731, 37.72201914716126225 ) ) ;
#4719 = LINE ( 'NONE', #5680, #5115 ) ;
#4720 = DIRECTION ( 'NONE',  ( -0.000000000000000000, -1.000000000000000000, -0.000000000000000000 ) ) ;
#4721 = ORIENTED_EDGE ( 'NONE', *, *, #6349, .T. ) ;
#4722 = CARTESIAN_POINT ( 'NONE',  ( -36.00000000000000000, 42.32319085375259249, 34.48895000838331981 ) ) ;
#4723 = ORIENTED_EDGE ( 'NONE', *, *, #4631, .F. ) ;
#4724 = DIRECTION ( 'NONE',  ( -0.000000000000000000, 0.8191520442889907994, 0.5735764363510474917 ) ) ;
#4725 = CARTESIAN_POINT ( 'NONE',  ( 37.49999999999999289, 37.42442362149979829, 32.76788068851323033 ) ) ;
#4726 = CARTESIAN_POINT ( 'NONE',  ( 57.99999999999999289, 46.20026276174308322, -3.637306666410679679 ) ) ;
#4727 = ORIENTED_EDGE ( 'NONE', *, *, #2986, .F. ) ;
#4728 = CARTESIAN_POINT ( 'NONE',  ( -57.95833079210995464, 37.59597380437516989, 41.27924957358520430 ) ) ;
#4729 = CARTESIAN_POINT ( 'NONE',  ( -58.00026135642249159, 36.78271182135814144, 42.39681487230988921 ) ) ;
#4730 = EDGE_LOOP ( 'NONE', ( #5378, #4624 ) ) ;
#4731 = EDGE_CURVE ( 'NONE', #2767, #6034, #1693, .T. ) ;
#4732 = EDGE_CURVE ( 'NONE', #2327, #1916, #4253, .T. ) ;
#4733 = CARTESIAN_POINT ( 'NONE',  ( -59.74757277708878433, 39.17491896612629176, 40.74121402268369252 ) ) ;
#4734 = CARTESIAN_POINT ( 'NONE',  ( -58.06903999518367954, 37.45170259990604933, 41.34497359206757494 ) ) ;
#4735 = ORIENTED_EDGE ( 'NONE', *, *, #928, .T. ) ;
#4736 = CARTESIAN_POINT ( 'NONE',  ( -57.94238391985609837, 39.79066011700815153, 38.41829049694696607 ) ) ;
#4737 = CARTESIAN_POINT ( 'NONE',  ( -60.00000161749235161, 36.54728987703190057, 38.27628738503036487 ) ) ;
#4738 = ORIENTED_EDGE ( 'NONE', *, *, #2852, .F. ) ;
#4739 = CARTESIAN_POINT ( 'NONE',  ( 37.49999999999999289, 36.50670132339097762, 34.07852395930014211 ) ) ;
#4740 = DIRECTION ( 'NONE',  ( 0.000000000000000000, 0.000000000000000000, -1.000000000000000000 ) ) ;
#4741 = CARTESIAN_POINT ( 'NONE',  ( -58.00987723145780706, 36.65456594017163638, 42.58703721184843261 ) ) ;
#4742 = AXIS2_PLACEMENT_3D ( 'NONE', #1446, #2880, #4005 ) ;
#4743 = DIRECTION ( 'NONE',  ( 0.000000000000000000, 1.000000000000000000, 0.000000000000000000 ) ) ;
#4744 = DIRECTION ( 'NONE',  ( -0.000000000000000000, 1.000000000000000000, -0.000000000000000000 ) ) ;
#4745 =( NAMED_UNIT ( * ) PLANE_ANGLE_UNIT ( ) SI_UNIT ( $, .RADIAN. ) );
#4746 = CARTESIAN_POINT ( 'NONE',  ( -58.12331696800384151, 39.02223321943922940, 37.89360701382583585 ) ) ;
#4747 = CARTESIAN_POINT ( 'NONE',  ( 73.11999999999999034, 35.00000000000000000, 59.14999999999999147 ) ) ;
#4748 = DIRECTION ( 'NONE',  ( 0.000000000000000000, -0.8191520442889911324, -0.5735764363510470476 ) ) ;
#4749 = CARTESIAN_POINT ( 'NONE',  ( -58.04317210958120654, 36.91540731842168555, 42.17953788439552198 ) ) ;
#4750 = EDGE_CURVE ( 'NONE', #5426, #1640, #4719, .T. ) ;
#4751 = CARTESIAN_POINT ( 'NONE',  ( -57.99999999999999289, 40.00000000000000711, -2.132832606474909465 ) ) ;
#4752 = AXIS2_PLACEMENT_3D ( 'NONE', #1059, #3087, #634 ) ;
#4753 = EDGE_CURVE ( 'NONE', #3561, #3196, #167, .T. ) ;
#4754 = CARTESIAN_POINT ( 'NONE',  ( -57.97600289717152577, 40.44989346036581424, 37.52791075188794423 ) ) ;
#4755 = CARTESIAN_POINT ( 'NONE',  ( 0.000000000000000000, 38.00000000000000711, 0.000000000000000000 ) ) ;
#4756 = DIRECTION ( 'NONE',  ( -0.000000000000000000, 0.8191520442889907994, 0.5735764363510474917 ) ) ;
#4757 = EDGE_LOOP ( 'NONE', ( #6025, #3515, #4122, #3270, #3748, #2308 ) ) ;
#4758 = CARTESIAN_POINT ( 'NONE',  ( -59.83484602288829990, 34.00000000000000000, 39.67560964188019312 ) ) ;
#4759 = ORIENTED_EDGE ( 'NONE', *, *, #3338, .T. ) ;
#4760 = ORIENTED_EDGE ( 'NONE', *, *, #2601, .F. ) ;
#4761 = CARTESIAN_POINT ( 'NONE',  ( -59.59338134772455220, 36.56250135595580275, 40.68018005768468015 ) ) ;
#4762 = CARTESIAN_POINT ( 'NONE',  ( -62.00000000000000000, 38.00000000000000711, 37.80681039527355836 ) ) ;
#4763 = CARTESIAN_POINT ( 'NONE',  ( 57.99999999999999289, 39.31595971334866846, -6.766869544710393036 ) ) ;
#4764 = ORIENTED_EDGE ( 'NONE', *, *, #1305, .T. ) ;
#4765 = ADVANCED_FACE ( 'NONE', ( #1662 ), #1505, .T. ) ;
#4766 = CARTESIAN_POINT ( 'NONE',  ( -58.07036043653037183, 37.25217217976339157, 41.64650732781572628 ) ) ;
#4767 = CARTESIAN_POINT ( 'NONE',  ( -58.00238871718821798, 36.57029335363962730, 42.71996894027306979 ) ) ;
#4768 = AXIS2_PLACEMENT_3D ( 'NONE', #5448, #1923, #2322 ) ;
#4769 = ORIENTED_EDGE ( 'NONE', *, *, #5631, .F. ) ;
#4770 = CARTESIAN_POINT ( 'NONE',  ( -12.49999999999998401, 32.00000000000000000, -50.15000000000001279 ) ) ;
#4771 = CARTESIAN_POINT ( 'NONE',  ( -58.07484873968738270, 37.40633885895608302, 41.40555571394445167 ) ) ;
#4772 = ORIENTED_EDGE ( 'NONE', *, *, #5236, .T. ) ;
#4773 = CARTESIAN_POINT ( 'NONE',  ( -58.09527474333850705, 38.97192857514932030, 38.65062624467483232 ) ) ;
#4774 = DIRECTION ( 'NONE',  ( -0.000000000000000000, 1.000000000000000000, -0.000000000000000000 ) ) ;
#4775 = VERTEX_POINT ( 'NONE', #4219 ) ;
#4776 = CARTESIAN_POINT ( 'NONE',  ( 57.99999999999999289, 36.53589838487207686, 42.78059757775796612 ) ) ;
#4777 = CARTESIAN_POINT ( 'NONE',  ( 60.00000000000000000, 34.00000000000000711, -4.389543696378561677 ) ) ;
#4778 = CARTESIAN_POINT ( 'NONE',  ( -57.99975062388713098, 36.57024669283823926, 42.72005711687571505 ) ) ;
#4779 = CARTESIAN_POINT ( 'NONE',  ( -58.00407759296784604, 36.69978565519026859, 42.51971613501814318 ) ) ;
#4780 = CARTESIAN_POINT ( 'NONE',  ( -37.50000000000000711, 41.32304333511577710, 39.40420228463679564 ) ) ;
#4781 = DIRECTION ( 'NONE',  ( -1.000000000000000000, 0.000000000000000000, 1.119176436114069085E-16 ) ) ;
#4782 = DIRECTION ( 'NONE',  ( 1.000000000000000000, 0.000000000000000000, 0.000000000000000000 ) ) ;
#4783 = CARTESIAN_POINT ( 'NONE',  ( -58.02020614933162790, 39.61738176743939022, 37.94343336137097111 ) ) ;
#4784 = CARTESIAN_POINT ( 'NONE',  ( -12.99999999999998401, 32.00000000000000000, -17.47500000000000497 ) ) ;
#4785 = DIRECTION ( 'NONE',  ( -0.000000000000000000, -1.000000000000000000, -0.000000000000000000 ) ) ;
#4786 = AXIS2_PLACEMENT_3D ( 'NONE', #6199, #1078, #224 ) ;
#4787 = CARTESIAN_POINT ( 'NONE',  ( -58.02682717761480546, 36.97423421463192739, 42.10327665391525898 ) ) ;
#4788 =( BOUNDED_CURVE ( )  B_SPLINE_CURVE ( 3, ( #4968, #5433, #2404, #5999 ),
 .UNSPECIFIED., .F., .F. ) 
 B_SPLINE_CURVE_WITH_KNOTS ( ( 4, 4 ),
 ( 0.000000000000000000, 1.570796326794896780 ),
 .UNSPECIFIED. ) 
 CURVE ( )  GEOMETRIC_REPRESENTATION_ITEM ( )  RATIONAL_B_SPLINE_CURVE ( ( 1.000000000000000000, 0.8047378541243649375, 0.8047378541243649375, 1.000000000000000000 ) ) 
 REPRESENTATION_ITEM ( '' )  );
#4789 = CARTESIAN_POINT ( 'NONE',  ( 59.04699154131700567, 38.00000000000000711, 44.59908856110973829 ) ) ;
#4790 = CARTESIAN_POINT ( 'NONE',  ( -58.17298360904040777, 38.87307582367736813, 37.76692968287775187 ) ) ;
#4791 = DIRECTION ( 'NONE',  ( 0.000000000000000000, 0.000000000000000000, -1.000000000000000000 ) ) ;
#4792 = CARTESIAN_POINT ( 'NONE',  ( -60.00000000000000711, 36.53589838486226427, -4.164641571512633256 ) ) ;
#4793 = ORIENTED_EDGE ( 'NONE', *, *, #4631, .T. ) ;
#4794 = VERTEX_POINT ( 'NONE', #3723 ) ;
#4795 = EDGE_CURVE ( 'NONE', #1948, #4775, #4119, .T. ) ;
#4796 = CIRCLE ( 'NONE', #966, 2.000000000000000000 ) ;
#4797 = EDGE_LOOP ( 'NONE', ( #3694, #6334, #2669, #4092 ) ) ;
#4798 = CARTESIAN_POINT ( 'NONE',  ( -58.17491282069919833, 34.00000000000000711, 42.74038898032974743 ) ) ;
#4799 = CARTESIAN_POINT ( 'NONE',  ( -12.49999999999998401, 34.39999999999997726, -50.15000000000001279 ) ) ;
#4800 = VECTOR ( 'NONE', #1353, 1000.000000000000000 ) ;
#4801 = EDGE_CURVE ( 'NONE', #5659, #1326, #5119, .T. ) ;
#4802 = DIRECTION ( 'NONE',  ( 0.000000000000000000, 1.000000000000000000, 0.000000000000000000 ) ) ;
#4803 = ORIENTED_EDGE ( 'NONE', *, *, #3885, .T. ) ;
#4804 = CARTESIAN_POINT ( 'NONE',  ( -58.09555276113394484, 37.15743517919933225, 41.76176640079899016 ) ) ;
#4805 = CARTESIAN_POINT ( 'NONE',  ( -58.01360581669953831, 36.17472779458636012, 43.59536436231666556 ) ) ;
#4806 = VECTOR ( 'NONE', #2088, 1000.000000000000000 ) ;
#4807 = ORIENTED_EDGE ( 'NONE', *, *, #4750, .T. ) ;
#4808 = DIRECTION ( 'NONE',  ( 0.000000000000000000, 0.000000000000000000, 1.000000000000000000 ) ) ;
#4809 = ORIENTED_EDGE ( 'NONE', *, *, #2588, .F. ) ;
#4810 = CARTESIAN_POINT ( 'NONE',  ( -60.13669972053297386, 36.44876554443190031, 38.71914525404444873 ) ) ;
#4811 = CARTESIAN_POINT ( 'NONE',  ( -57.99305551514804336, 36.92983758759513080, 42.19661525655402556 ) ) ;
#4812 = VERTEX_POINT ( 'NONE', #1125 ) ;
#4813 = CARTESIAN_POINT ( 'NONE',  ( -76.11999999999999034, 38.00000000000000711, 59.14999999999999147 ) ) ;
#4814 = AXIS2_PLACEMENT_3D ( 'NONE', #2611, #5281, #2115 ) ;
#4815 = CARTESIAN_POINT ( 'NONE',  ( -57.99761578009628948, 36.67284297417539563, 42.56019980629794475 ) ) ;
#4816 = CARTESIAN_POINT ( 'NONE',  ( -58.00191954061643429, 36.68986926725118281, 42.53476504304635597 ) ) ;
#4817 = DIRECTION ( 'NONE',  ( -1.000000000000000000, 0.000000000000000000, 0.000000000000000000 ) ) ;
#4818 = CARTESIAN_POINT ( 'NONE',  ( 57.99999999999999289, 36.53589838486225005, -6.646254786282211668 ) ) ;
#4819 = ORIENTED_EDGE ( 'NONE', *, *, #3986, .T. ) ;
#4820 = CARTESIAN_POINT ( 'NONE',  ( -58.90056518461709345, 37.49413558853279937, 37.93893437119113088 ) ) ;
#4821 = CARTESIAN_POINT ( 'NONE',  ( -37.50000000000000711, 40.60246154483593273, 36.94640614105537679 ) ) ;
#4822 = ORIENTED_EDGE ( 'NONE', *, *, #2166, .F. ) ;
#4823 = DIRECTION ( 'NONE',  ( 0.000000000000000000, 0.000000000000000000, 1.000000000000000000 ) ) ;
#4824 = CARTESIAN_POINT ( 'NONE',  ( -58.01380701334785783, 36.74529124076424580, 42.44943935692650427 ) ) ;
#4825 = CARTESIAN_POINT ( 'NONE',  ( 60.14810721154284323, 38.00000000000000711, 41.60663093047141814 ) ) ;
#4826 = CARTESIAN_POINT ( 'NONE',  ( -58.00541649787661669, 39.83019476982211415, 37.73116596575631831 ) ) ;
#4827 = CARTESIAN_POINT ( 'NONE',  ( -58.54704053406160114, 34.00000000000000000, -6.565153751696359841 ) ) ;
#4828 = VECTOR ( 'NONE', #62, 1000.000000000000000 ) ;
#4829 = ORIENTED_EDGE ( 'NONE', *, *, #5656, .F. ) ;
#4830 = CARTESIAN_POINT ( 'NONE',  ( -59.99985138049904521, 36.56250135595579565, 37.75186128545609421 ) ) ;
#4831 = CARTESIAN_POINT ( 'NONE',  ( -57.99999999999999289, 32.00000000000000000, 44.78059757775795902 ) ) ;
#4832 = CARTESIAN_POINT ( 'NONE',  ( 60.00000000000000000, 40.03600000000000847, -4.389543696378561677 ) ) ;
#4833 = CIRCLE ( 'NONE', #1752, 1.600000000000000089 ) ;
#4834 = ORIENTED_EDGE ( 'NONE', *, *, #5926, .T. ) ;
#4835 = CARTESIAN_POINT ( 'NONE',  ( -58.06744538425779467, 37.19706742586568993, 41.73331166746422838 ) ) ;
#4836 = CARTESIAN_POINT ( 'NONE',  ( -58.00282042960088802, 36.38592633054110337, 43.05571402937287928 ) ) ;
#4837 = VERTEX_POINT ( 'NONE', #3089 ) ;
#4838 = CARTESIAN_POINT ( 'NONE',  ( -59.94603075566908501, 34.00000000000000711, -4.993580692471085491 ) ) ;
#4839 = VECTOR ( 'NONE', #4211, 1000.000000000000000 ) ;
#4840 = ORIENTED_EDGE ( 'NONE', *, *, #2931, .F. ) ;
#4841 = EDGE_CURVE ( 'NONE', #878, #5751, #4518, .T. ) ;
#4842 = CARTESIAN_POINT ( 'NONE',  ( -59.31956460140685294, 36.99118462635687621, 38.47575833526093447 ) ) ;
#4843 = CARTESIAN_POINT ( 'NONE',  ( -31.00000000000000000, 38.00000000000000711, -12.15000000000000036 ) ) ;
#4844 = ORIENTED_EDGE ( 'NONE', *, *, #5939, .F. ) ;
#4845 = LINE ( 'NONE', #1680, #3186 ) ;
#4846 = CARTESIAN_POINT ( 'NONE',  ( -57.99531280938074929, 36.62111888298453977, 42.63976540379466229 ) ) ;
#4847 = CARTESIAN_POINT ( 'NONE',  ( -58.00651627109153452, 36.63629075484723785, 42.61562360389413584 ) ) ;
#4848 = CARTESIAN_POINT ( 'NONE',  ( -31.00000000000000000, 38.00000000000000711, -54.15000000000000568 ) ) ;
#4849 = VERTEX_POINT ( 'NONE', #1092 ) ;
#4850 = CARTESIAN_POINT ( 'NONE',  ( -58.58191935292361308, 37.88941485307102397, 37.93154837969859727 ) ) ;
#4851 = LINE ( 'NONE', #761, #1489 ) ;
#4852 = ORIENTED_EDGE ( 'NONE', *, *, #3733, .F. ) ;
#4853 = CARTESIAN_POINT ( 'NONE',  ( -58.01397248364509096, 36.74351086987763182, 42.45203722140823999 ) ) ;
#4854 = CARTESIAN_POINT ( 'NONE',  ( 60.00000000000000000, 39.78550783146920367, 38.56965255444627161 ) ) ;
#4855 = CARTESIAN_POINT ( 'NONE',  ( -58.00662873498514216, 39.80926861710899800, 37.74864476630008170 ) ) ;
#4856 = DIRECTION ( 'NONE',  ( 0.000000000000000000, 1.000000000000000000, 0.000000000000000000 ) ) ;
#4857 = CARTESIAN_POINT ( 'NONE',  ( 60.00000000000000000, 31.99000000000000554, -4.389543696378559900 ) ) ;
#4858 = ORIENTED_EDGE ( 'NONE', *, *, #5116, .F. ) ;
#4859 = FACE_OUTER_BOUND ( 'NONE', #5792, .T. ) ;
#4860 = DIRECTION ( 'NONE',  ( -0.000000000000000000, 0.8191520442889907994, 0.5735764363510474917 ) ) ;
#4861 = DIRECTION ( 'NONE',  ( 0.000000000000000000, -0.000000000000000000, 1.000000000000000000 ) ) ;
#4862 = AXIS2_PLACEMENT_3D ( 'NONE', #377, #4429, #6451 ) ;
#4863 = ORIENTED_EDGE ( 'NONE', *, *, #2927, .T. ) ;
#4864 = CARTESIAN_POINT ( 'NONE',  ( -58.70167713427453293, 36.57786918143489885, 42.17781390354515736 ) ) ;
#4865 = CARTESIAN_POINT ( 'NONE',  ( -58.00013550187905764, 36.68265064047508162, 42.54560161550998032 ) ) ;
#4866 = ORIENTED_EDGE ( 'NONE', *, *, #2965, .T. ) ;
#4867 = CARTESIAN_POINT ( 'NONE',  ( -59.18611727261298938, 40.03600000000000847, -6.228501107827193017 ) ) ;
#4868 = VERTEX_POINT ( 'NONE', #5252 ) ;
#4869 = CARTESIAN_POINT ( 'NONE',  ( -60.14522537615849984, 36.43319352156011348, 38.91366593904744065 ) ) ;
#4870 = DIRECTION ( 'NONE',  ( 0.000000000000000000, 0.9396926207859082059, 0.3420201433256696566 ) ) ;
#4871 = ORIENTED_EDGE ( 'NONE', *, *, #2986, .T. ) ;
#4872 = CARTESIAN_POINT ( 'NONE',  ( 60.00000000000000000, 40.00000000000000711, -8.646254786282208116 ) ) ;
#4873 = VECTOR ( 'NONE', #3363, 1000.000000000000000 ) ;
#4874 = CARTESIAN_POINT ( 'NONE',  ( -57.99809044360314658, 36.83535275010762433, 42.31854286768520268 ) ) ;
#4875 = CARTESIAN_POINT ( 'NONE',  ( -58.00590112359974171, 36.89169367480550932, 42.23462585787545009 ) ) ;
#4876 = EDGE_CURVE ( 'NONE', #715, #3298, #1629, .T. ) ;
#4877 = LINE ( 'NONE', #4974, #5791 ) ;
#4878 = CARTESIAN_POINT ( 'NONE',  ( -57.93929907775070376, 37.88139032612728840, 40.91716830485323442 ) ) ;
#4879 = ORIENTED_EDGE ( 'NONE', *, *, #1388, .F. ) ;
#4880 = CARTESIAN_POINT ( 'NONE',  ( -58.01907181731693441, 39.58361556693718342, 38.08994070597501747 ) ) ;
#4881 = CARTESIAN_POINT ( 'NONE',  ( -58.00741091319950016, 39.78693789923073609, 37.83166096643680731 ) ) ;
#4882 = ADVANCED_FACE ( 'NONE', ( #3191, #5182, #5749, #3225, #3687, #698, #1157 ), #6281, .T. ) ;
#4883 = EDGE_LOOP ( 'NONE', ( #4153, #4571 ) ) ;
#4884 = DIRECTION ( 'NONE',  ( -0.000000000000000000, 0.8191520442889909104, 0.5735764363510474917 ) ) ;
#4885 = CARTESIAN_POINT ( 'NONE',  ( -58.02184462134944454, 36.72150795679756641, 42.48230273839185855 ) ) ;
#4886 = DIRECTION ( 'NONE',  ( -0.000000000000000000, 1.000000000000000000, -0.000000000000000000 ) ) ;
#4887 = EDGE_CURVE ( 'NONE', #5371, #1319, #3120, .T. ) ;
#4888 = CARTESIAN_POINT ( 'NONE',  ( -58.00606094675767821, 39.81909865260426784, 37.74688304338567235 ) ) ;
#4889 = EDGE_CURVE ( 'NONE', #5834, #1743, #3760, .T. ) ;
#4890 = AXIS2_PLACEMENT_3D ( 'NONE', #2690, #4720, #1694 ) ;
#4891 = CARTESIAN_POINT ( 'NONE',  ( -57.99999999999999289, 38.84529946162075476, -6.646254786282208116 ) ) ;
#4892 = VERTEX_POINT ( 'NONE', #4654 ) ;
#4893 = LINE ( 'NONE', #1464, #5528 ) ;
#4894 = CARTESIAN_POINT ( 'NONE',  ( -57.91326324561434546, 37.81977573743115784, 41.03268823281903366 ) ) ;
#4895 = CARTESIAN_POINT ( 'NONE',  ( 60.00000000000000000, 66.67882181755236104, 3.192397785550443956 ) ) ;
#4896 = CARTESIAN_POINT ( 'NONE',  ( 59.94130869075881662, 34.00000000000000000, -5.011531050092881578 ) ) ;
#4897 = ORIENTED_EDGE ( 'NONE', *, *, #3788, .T. ) ;
#4898 = CARTESIAN_POINT ( 'NONE',  ( -58.00376634836464262, 36.30677680085270254, 43.23221833371950140 ) ) ;
#4899 = ORIENTED_EDGE ( 'NONE', *, *, #4140, .T. ) ;
#4900 = AXIS2_PLACEMENT_3D ( 'NONE', #5120, #6182, #6148 ) ;
#4901 = CARTESIAN_POINT ( 'NONE',  ( -13.25424475231247889, 35.07499999999999574, -12.15000000000000213 ) ) ;
#4902 = CIRCLE ( 'NONE', #1185, 1.549999999999995826 ) ;
#4903 = ADVANCED_FACE ( 'NONE', ( #99 ), #626, .T. ) ;
#4904 = CARTESIAN_POINT ( 'NONE',  ( -58.09400508973803312, 38.68362274792811206, 39.26297822651522296 ) ) ;
#4905 = LINE ( 'NONE', #5875, #1608 ) ;
#4906 = ORIENTED_EDGE ( 'NONE', *, *, #3430, .T. ) ;
#4907 = CARTESIAN_POINT ( 'NONE',  ( -61.89589070479767940, 38.00000000000000711, -5.503728823307000084 ) ) ;
#4908 = CARTESIAN_POINT ( 'NONE',  ( -57.99737180325591623, 36.52200282593901193, 42.80253873958683641 ) ) ;
#4909 = EDGE_CURVE ( 'NONE', #2998, #5731, #6211, .T. ) ;
#4910 = AXIS2_PLACEMENT_3D ( 'NONE', #2066, #2466, #2561 ) ;
#4911 = CARTESIAN_POINT ( 'NONE',  ( -58.00193392728386499, 36.68586400196089414, 42.54071928923049484 ) ) ;
#4912 = CARTESIAN_POINT ( 'NONE',  ( 70.05933982822017470, 38.00000000000000711, -57.63933982822017299 ) ) ;
#4913 = CARTESIAN_POINT ( 'NONE',  ( -58.06330942639253578, 37.56695814952730927, 41.17859507625011872 ) ) ;
#4914 = VERTEX_POINT ( 'NONE', #2155 ) ;
#4915 = CARTESIAN_POINT ( 'NONE',  ( -58.01664285721363967, 39.60705311398825756, 38.08138949157832087 ) ) ;
#4916 = EDGE_CURVE ( 'NONE', #6546, #4812, #5468, .T. ) ;
#4917 = DIRECTION ( 'NONE',  ( -0.000000000000000000, 1.000000000000000000, -0.000000000000000000 ) ) ;
#4918 = ORIENTED_EDGE ( 'NONE', *, *, #4176, .T. ) ;
#4919 = DIRECTION ( 'NONE',  ( 0.000000000000000000, -1.000000000000000000, 0.000000000000000000 ) ) ;
#4920 = CARTESIAN_POINT ( 'NONE',  ( -58.02400648916551518, 36.77432753437601320, 42.40256208937245219 ) ) ;
#4921 = EDGE_CURVE ( 'NONE', #5445, #6394, #875, .T. ) ;
#4922 = CARTESIAN_POINT ( 'NONE',  ( 35.51002512592939553, 56.66260176252876590, 14.01014890098054444 ) ) ;
#4923 = CARTESIAN_POINT ( 'NONE',  ( -58.02411552243382431, 39.59847920647811037, 37.77641458419545728 ) ) ;
#4924 = PLANE ( 'NONE',  #2348 ) ;
#4925 = CARTESIAN_POINT ( 'NONE',  ( 71.11999999999999034, 32.00000000000000000, -57.15000000000000568 ) ) ;
#4926 = VERTEX_POINT ( 'NONE', #1529 ) ;
#4927 = CARTESIAN_POINT ( 'NONE',  ( -37.50000000000000711, 42.24076563327744793, 38.09355901377441000 ) ) ;
#4928 = CARTESIAN_POINT ( 'NONE',  ( 59.00723795827132534, 39.40229490808918200, -6.466818664549634832 ) ) ;
#4929 = CARTESIAN_POINT ( 'NONE',  ( 70.05933982822018891, 38.00000000000000711, 57.63933982822015878 ) ) ;
#4930 = AXIS2_PLACEMENT_3D ( 'NONE', #2544, #3681, #5704 ) ;
#4931 = FACE_OUTER_BOUND ( 'NONE', #1345, .T. ) ;
#4932 = ORIENTED_EDGE ( 'NONE', *, *, #296, .T. ) ;
#4933 = CARTESIAN_POINT ( 'NONE',  ( -58.00190905040006584, 36.67944331913464850, 42.55037262740864890 ) ) ;
#4934 = VERTEX_POINT ( 'NONE', #1990 ) ;
#4935 = CARTESIAN_POINT ( 'NONE',  ( -59.18611727261298938, 34.00000000000000000, -6.228501107827193017 ) ) ;
#4936 = CARTESIAN_POINT ( 'NONE',  ( -58.01240223972940413, 38.97166303746826088, 39.18420117319578821 ) ) ;
#4937 = CARTESIAN_POINT ( 'NONE',  ( -37.50000000000000711, 36.50670132339097762, 34.07852395930014211 ) ) ;
#4938 = VERTEX_POINT ( 'NONE', #997 ) ;
#4939 = CARTESIAN_POINT ( 'NONE',  ( 23.00000000000001421, 32.00000000000000000, -46.15000000000001279 ) ) ;
#4940 = CARTESIAN_POINT ( 'NONE',  ( -57.98907031790053423, 36.68109340537446172, 42.54791583268632138 ) ) ;
#4941 = CARTESIAN_POINT ( 'NONE',  ( -58.05410814930736052, 36.38872362660694648, 43.04723119046845170 ) ) ;
#4942 = ADVANCED_FACE ( 'NONE', ( #2022 ), #3635, .F. ) ;
#4943 = AXIS2_PLACEMENT_3D ( 'NONE', #2058, #6513, #2024 ) ;
#4944 = VECTOR ( 'NONE', #5941, 1000.000000000000000 ) ;
#4945 = CARTESIAN_POINT ( 'NONE',  ( 71.01999999999998181, 32.00000000000000000, -49.55065792321467200 ) ) ;
#4946 = CARTESIAN_POINT ( 'NONE',  ( -58.08222813681268093, 37.85440194109607859, 40.69564127872781967 ) ) ;
#4947 = ORIENTED_EDGE ( 'NONE', *, *, #1350, .T. ) ;
#4948 = CARTESIAN_POINT ( 'NONE',  ( -58.03936879058895215, 39.42915103439306534, 38.10138343850403686 ) ) ;
#4949 = DIRECTION ( 'NONE',  ( -1.000000000000000000, 0.000000000000000000, 0.000000000000000000 ) ) ;
#4950 = ORIENTED_EDGE ( 'NONE', *, *, #1537, .F. ) ;
#4951 = CARTESIAN_POINT ( 'NONE',  ( -58.24073661659178924, 36.33340251410346156, 43.12667257173807656 ) ) ;
#4952 = DIRECTION ( 'NONE',  ( 0.000000000000000000, 0.000000000000000000, 1.000000000000000000 ) ) ;
#4953 = CARTESIAN_POINT ( 'NONE',  ( -58.01010149276795147, 39.75387546784030945, 37.78845351448264012 ) ) ;
#4954 = CARTESIAN_POINT ( 'NONE',  ( -12.49999999999998401, 36.00000000000000711, -45.22500000000000142 ) ) ;
#4955 = EDGE_CURVE ( 'NONE', #2691, #2296, #3465, .T. ) ;
#4956 = VERTEX_POINT ( 'NONE', #6021 ) ;
#4957 = EDGE_CURVE ( 'NONE', #2125, #1881, #4193, .T. ) ;
#4958 = DIRECTION ( 'NONE',  ( 0.000000000000000000, 0.000000000000000000, 1.000000000000000000 ) ) ;
#4959 = CARTESIAN_POINT ( 'NONE',  ( 59.88424820814380922, 38.00000000000000711, -6.044537390642448216 ) ) ;
#4960 = FACE_BOUND ( 'NONE', #3263, .T. ) ;
#4961 =( BOUNDED_CURVE ( )  B_SPLINE_CURVE ( 3, ( #5490, #940, #4996, #2464 ),
 .UNSPECIFIED., .F., .F. ) 
 B_SPLINE_CURVE_WITH_KNOTS ( ( 4, 4 ),
 ( 0.000000000000000000, 1.000000000000000000 ),
 .UNSPECIFIED. ) 
 CURVE ( )  GEOMETRIC_REPRESENTATION_ITEM ( )  RATIONAL_B_SPLINE_CURVE ( ( 1.000000000000000000, 0.8047378541243649375, 0.8047378541243649375, 1.000000000000000000 ) ) 
 REPRESENTATION_ITEM ( '' )  );
#4962 = DIRECTION ( 'NONE',  ( 0.000000000000000000, 0.000000000000000000, -1.000000000000000000 ) ) ;
#4963 = CARTESIAN_POINT ( 'NONE',  ( -58.00305902648647560, 36.08278354698991564, 43.97102036694539606 ) ) ;
#4964 = ORIENTED_EDGE ( 'NONE', *, *, #1837, .T. ) ;
#4965 = CARTESIAN_POINT ( 'NONE',  ( -15.43166906000573668, 35.74237426964123898, -12.15000000000000213 ) ) ;
#4966 = AXIS2_PLACEMENT_3D ( 'NONE', #4088, #5117, #3588 ) ;
#4967 = CARTESIAN_POINT ( 'NONE',  ( -58.04273113513510651, 39.02620521451251534, 38.93543317508049029 ) ) ;
#4968 = CARTESIAN_POINT ( 'NONE',  ( -57.99999999999999289, 38.00000000000000711, -8.646254786282208116 ) ) ;
#4969 = EDGE_CURVE ( 'NONE', #4160, #3196, #451, .T. ) ;
#4970 = ORIENTED_EDGE ( 'NONE', *, *, #6381, .T. ) ;
#4971 = CARTESIAN_POINT ( 'NONE',  ( -57.99999999999999289, 36.36169591142201796, 43.00284712729789760 ) ) ;
#4972 = CARTESIAN_POINT ( 'NONE',  ( -57.99483950266683507, 36.47664113311083156, 42.88693913571687943 ) ) ;
#4973 = CARTESIAN_POINT ( 'NONE',  ( -58.00086273200629705, 36.68497361170825144, 42.54212308559674227 ) ) ;
#4974 = CARTESIAN_POINT ( 'NONE',  ( -62.00000000000000000, 31.99000000000000554, 37.80681039527355836 ) ) ;
#4975 = CARTESIAN_POINT ( 'NONE',  ( -58.07230414135170093, 37.87119122590396358, 40.69113229846603019 ) ) ;
#4976 = ORIENTED_EDGE ( 'NONE', *, *, #3942, .F. ) ;
#4977 = CARTESIAN_POINT ( 'NONE',  ( -58.02413359579587393, 39.56351722919424674, 38.02044660384761698 ) ) ;
#4978 = DIRECTION ( 'NONE',  ( -1.000000000000000000, 0.000000000000000000, 1.119176436114069332E-16 ) ) ;
#4979 = EDGE_LOOP ( 'NONE', ( #3993, #3172, #5625, #5838 ) ) ;
#4980 = CARTESIAN_POINT ( 'NONE',  ( -58.24861094244739945, 36.25452027656515241, 43.34257202349589733 ) ) ;
#4981 = AXIS2_PLACEMENT_3D ( 'NONE', #4107, #5502, #4541 ) ;
#4982 = DIRECTION ( 'NONE',  ( 0.000000000000000000, 0.000000000000000000, -1.000000000000000000 ) ) ;
#4983 = CARTESIAN_POINT ( 'NONE',  ( -58.00269485255021351, 39.86746140637066560, 37.77148372618869843 ) ) ;
#4984 = DIRECTION ( 'NONE',  ( 0.000000000000000000, 0.8191520442889909104, 0.5735764363510474917 ) ) ;
#4985 = ORIENTED_EDGE ( 'NONE', *, *, #1832, .T. ) ;
#4986 = CARTESIAN_POINT ( 'NONE',  ( -58.06599377745625645, 37.07783249492664623, 41.91602766183067530 ) ) ;
#4987 = DIRECTION ( 'NONE',  ( 0.000000000000000000, 0.5735764363510470476, -0.8191520442889911324 ) ) ;
#4989 = VECTOR ( 'NONE', #1251, 1000.000000000000000 ) ;
#4988 = DIRECTION ( 'NONE',  ( -0.000000000000000000, 1.000000000000000000, -0.000000000000000000 ) ) ;
#4990 = DIRECTION ( 'NONE',  ( 0.000000000000000000, 0.000000000000000000, 1.000000000000000000 ) ) ;
#4991 = FACE_BOUND ( 'NONE', #968, .T. ) ;
#4992 = ADVANCED_FACE ( 'NONE', ( #405 ), #2423, .F. ) ;
#4993 = CARTESIAN_POINT ( 'NONE',  ( -58.00275503067396698, 36.17471281322589505, 43.59547259198132707 ) ) ;
#4994 = AXIS2_PLACEMENT_3D ( 'NONE', #1688, #3289, #196 ) ;
#4995 = EDGE_LOOP ( 'NONE', ( #2198, #38, #2017, #1919, #980 ) ) ;
#4996 = CARTESIAN_POINT ( 'NONE',  ( 61.99999999999999289, 34.00000000000000000, -6.883067321740163003 ) ) ;
#4997 = ADVANCED_FACE ( 'NONE', ( #3589 ), #2189, .F. ) ;
#4998 = CARTESIAN_POINT ( 'NONE',  ( -59.40859734427446881, 36.85515068198728983, 39.19434235777868736 ) ) ;
#4999 = DIRECTION ( 'NONE',  ( -0.000000000000000000, -1.000000000000000000, -0.000000000000000000 ) ) ;
#5000 = CARTESIAN_POINT ( 'NONE',  ( -58.52349577118888391, 39.33376345141190455, -6.704994114974550001 ) ) ;
#5001 = CARTESIAN_POINT ( 'NONE',  ( -57.98749751341125602, 36.47664113311083156, 42.88693913571687943 ) ) ;
#5002 = CARTESIAN_POINT ( 'NONE',  ( -58.00087467989455803, 36.68331869759333586, 42.54458346811156133 ) ) ;
#5003 = AXIS2_PLACEMENT_3D ( 'NONE', #5633, #3546, #3049 ) ;
#5004 = FACE_BOUND ( 'NONE', #3917, .T. ) ;
#5005 = CARTESIAN_POINT ( 'NONE',  ( -58.15414314200142343, 37.73789993532194842, 40.72831312185709152 ) ) ;
#5006 = EDGE_LOOP ( 'NONE', ( #41, #4146 ) ) ;
#5007 = CARTESIAN_POINT ( 'NONE',  ( -57.99941116742457581, 39.82333387241371980, 37.94467665510786958 ) ) ;
#5008 = CIRCLE ( 'NONE', #2246, 3.599999999999998312 ) ;
#5009 = DIRECTION ( 'NONE',  ( -0.000000000000000000, 1.000000000000000000, -0.000000000000000000 ) ) ;
#5010 = EDGE_LOOP ( 'NONE', ( #4236, #6373, #6515, #5698, #5015, #4488 ) ) ;
#5011 = CARTESIAN_POINT ( 'NONE',  ( -58.15072224691146374, 36.40768912211876085, 42.98917000938788391 ) ) ;
#5012 = DIRECTION ( 'NONE',  ( 0.000000000000000000, 0.000000000000000000, 1.000000000000000000 ) ) ;
#5013 = CARTESIAN_POINT ( 'NONE',  ( -58.00799226542122256, 39.78466379490512139, 37.80214389043548096 ) ) ;
#5014 = DIRECTION ( 'NONE',  ( 0.000000000000000000, 0.000000000000000000, 1.000000000000000000 ) ) ;
#5015 = ORIENTED_EDGE ( 'NONE', *, *, #1406, .T. ) ;
#5016 = CARTESIAN_POINT ( 'NONE',  ( -58.10439965946234508, 37.02780207732450179, 41.95552680236649934 ) ) ;
#5017 = VECTOR ( 'NONE', #656, 1000.000000000000000 ) ;
#5018 = EDGE_CURVE ( 'NONE', #3022, #1712, #5907, .T. ) ;
#5019 = LINE ( 'NONE', #5641, #3691 ) ;
#5020 = CARTESIAN_POINT ( 'NONE',  ( 58.00000000000000000, 38.00000000000000711, -7.245839709862792688 ) ) ;
#5021 = CARTESIAN_POINT ( 'NONE',  ( 60.00000000000000000, 34.00000000000000000, 37.80681039527357967 ) ) ;
#5022 = FACE_OUTER_BOUND ( 'NONE', #6440, .T. ) ;
#5023 = CARTESIAN_POINT ( 'NONE',  ( -58.00438487533829601, 36.12181328100985667, 43.78216633439524230 ) ) ;
#5024 = ORIENTED_EDGE ( 'NONE', *, *, #507, .T. ) ;
#5025 = AXIS2_PLACEMENT_3D ( 'NONE', #2770, #2126, #5155 ) ;
#5026 = CARTESIAN_POINT ( 'NONE',  ( 60.00000000000000000, 34.00000000000000000, 37.80681039527357967 ) ) ;
#5027 = CARTESIAN_POINT ( 'NONE',  ( -58.15452923640827976, 38.06074557240274459, 40.17081951339066137 ) ) ;
#5028 = FACE_OUTER_BOUND ( 'NONE', #3827, .T. ) ;
#5029 = CARTESIAN_POINT ( 'NONE',  ( 23.00000000000001421, 34.40000000000000568, -49.47500000000000853 ) ) ;
#5030 = ADVANCED_FACE ( 'NONE', ( #1156 ), #4218, .T. ) ;
#5031 = CARTESIAN_POINT ( 'NONE',  ( -57.98901332981562007, 36.67284297417539563, 42.56019980629794475 ) ) ;
#5032 = AXIS2_PLACEMENT_3D ( 'NONE', #5187, #1669, #3769 ) ;
#5033 = CARTESIAN_POINT ( 'NONE',  ( -58.04038533333495309, 36.30749915623025004, 43.22938391816973080 ) ) ;
#5034 = EDGE_CURVE ( 'NONE', #5940, #4419, #2087, .T. ) ;
#5035 = EDGE_CURVE ( 'NONE', #604, #289, #563, .T. ) ;
#5036 = DIRECTION ( 'NONE',  ( 0.000000000000000000, -0.000000000000000000, -1.000000000000000000 ) ) ;
#5037 = CARTESIAN_POINT ( 'NONE',  ( -58.13750219908900618, 37.45058453566297629, 41.23651071183410721 ) ) ;
#5038 = ORIENTED_EDGE ( 'NONE', *, *, #800, .T. ) ;
#5039 = CARTESIAN_POINT ( 'NONE',  ( -58.02075952428467076, 39.54016637965979442, 38.16372925815770856 ) ) ;
#5040 = CARTESIAN_POINT ( 'NONE',  ( 59.56225686262560970, 46.25824894800437193, -5.826324426971697612 ) ) ;
#5041 = DIRECTION ( 'NONE',  ( 0.000000000000000000, 0.000000000000000000, 1.000000000000000000 ) ) ;
#5042 = ORIENTED_EDGE ( 'NONE', *, *, #815, .T. ) ;
#5043 = CARTESIAN_POINT ( 'NONE',  ( -58.15654460949092197, 36.31734973073657358, 43.19046427917798070 ) ) ;
#5044 = VECTOR ( 'NONE', #4414, 1000.000000000000000 ) ;
#5045 = CARTESIAN_POINT ( 'NONE',  ( -57.98368015313445056, 36.57024669283823926, 42.72005711687571505 ) ) ;
#5046 = LINE ( 'NONE', #2079, #5715 ) ;
#5047 = CARTESIAN_POINT ( 'NONE',  ( -58.00909714202526857, 39.76799549006326373, 37.80646233434237757 ) ) ;
#5048 = DIRECTION ( 'NONE',  ( 0.000000000000000000, 0.9396926207859082059, 0.3420201433256696566 ) ) ;
#5049 = ADVANCED_FACE ( 'NONE', ( #5577 ), #5589, .T. ) ;
#5050 = EDGE_LOOP ( 'NONE', ( #108, #5542 ) ) ;
#5051 = CARTESIAN_POINT ( 'NONE',  ( -58.06084587288943766, 37.08905553255920040, 41.90403965882440929 ) ) ;
#5052 = CIRCLE ( 'NONE', #3387, 1.324999999999999734 ) ;
#5053 = DIRECTION ( 'NONE',  ( 0.000000000000000000, 0.8191520442889909104, 0.5735764363510474917 ) ) ;
#5054 = CARTESIAN_POINT ( 'NONE',  ( -57.98810412876471787, 37.30007467737896576, 41.66270336312749833 ) ) ;
#5055 = B_SPLINE_CURVE_WITH_KNOTS ( 'NONE', 3,
 ( #255, #1777, #5336, #1178, #5697, #221, #151, #5270, #1283, #3278, #3747, #2241, #187, #2172, #4737, #4204 ),
 .UNSPECIFIED., .F., .F.,
 ( 4, 2, 2, 2, 2, 2, 2, 4 ),
 ( 0.004773415634415468546, 0.004949756761545747070, 0.005126097888676025595, 0.005478780142936571368, 0.006184144651457662914, 0.007594873668499826924, 0.009005602685541992669, 0.01041633170258415668 ),
 .UNSPECIFIED. ) ;
#5056 = DIRECTION ( 'NONE',  ( 0.000000000000000000, 0.000000000000000000, 1.000000000000000000 ) ) ;
#5057 = PLANE ( 'NONE',  #4617 ) ;
#5058 = AXIS2_PLACEMENT_3D ( 'NONE', #4872, #5946, #4501 ) ;
#5059 = CARTESIAN_POINT ( 'NONE',  ( -58.00011428023139359, 36.66628644896271538, 42.57005576656243306 ) ) ;
#5060 = ORIENTED_EDGE ( 'NONE', *, *, #4591, .F. ) ;
#5061 = DIRECTION ( 'NONE',  ( 0.000000000000000000, -0.8191520442889912434, -0.5735764363510471586 ) ) ;
#5062 = CARTESIAN_POINT ( 'NONE',  ( -60.13214758165289453, 36.34409088726438597, 40.06604441495166924 ) ) ;
#5063 = DIRECTION ( 'NONE',  ( 0.000000000000000000, 0.000000000000000000, -1.000000000000000000 ) ) ;
#5064 = DIRECTION ( 'NONE',  ( -0.000000000000000000, -1.000000000000000000, -0.000000000000000000 ) ) ;
#5065 = CARTESIAN_POINT ( 'NONE',  ( -57.99335616255524428, 36.68176984219542192, 42.54691190667185907 ) ) ;
#5066 = CARTESIAN_POINT ( 'NONE',  ( -58.01094191375827336, 36.57156019426161464, 42.71756685711113732 ) ) ;
#5067 = FACE_OUTER_BOUND ( 'NONE', #5306, .T. ) ;
#5068 = CARTESIAN_POINT ( 'NONE',  ( -58.06900403304251057, 37.51951682153410417, 41.24159484662400388 ) ) ;
#5069 = ORIENTED_EDGE ( 'NONE', *, *, #5811, .T. ) ;
#5070 = CARTESIAN_POINT ( 'NONE',  ( -58.02754484098765886, 39.42339734767173809, 38.32220101776611187 ) ) ;
#5071 = CARTESIAN_POINT ( 'NONE',  ( 55.99999999999996447, 36.47791219860094714, -4.700734922224748757 ) ) ;
#5072 = DIRECTION ( 'NONE',  ( 0.000000000000000000, -0.000000000000000000, 1.000000000000000000 ) ) ;
#5073 = EDGE_CURVE ( 'NONE', #6568, #94, #4315, .T. ) ;
#5074 = CARTESIAN_POINT ( 'NONE',  ( -58.01025092253563997, 36.71877891040917774, 42.49019595956873019 ) ) ;
#5075 = PRODUCT_DEFINITION_CONTEXT ( 'detailed design', #4553, 'design' ) ;
#5076 = CARTESIAN_POINT ( 'NONE',  ( -57.98589556149588731, 36.30676992293005867, 43.23224526286440295 ) ) ;
#5077 = DIRECTION ( 'NONE',  ( 1.000000000000000000, 0.000000000000000000, -1.119176436114068839E-16 ) ) ;
#5078 = FACE_BOUND ( 'NONE', #5050, .T. ) ;
#5079 = CARTESIAN_POINT ( 'NONE',  ( -58.00883007999423313, 39.76393278421959110, 37.85216850337506855 ) ) ;
#5080 = EDGE_CURVE ( 'NONE', #139, #679, #2212, .T. ) ;
#5081 = CARTESIAN_POINT ( 'NONE',  ( -37.50000000000000711, 60.02163516015992428, 12.69984564081569012 ) ) ;
#5082 = VERTEX_POINT ( 'NONE', #5702 ) ;
#5083 = CARTESIAN_POINT ( 'NONE',  ( -58.06384378546510305, 37.08140117424918003, 41.91271792092560133 ) ) ;
#5084 = AXIS2_PLACEMENT_3D ( 'NONE', #897, #340, #4390 ) ;
#5085 = CARTESIAN_POINT ( 'NONE',  ( 31.00000000000000000, 32.00000000000000000, -57.14999999999999147 ) ) ;
#5086 = CARTESIAN_POINT ( 'NONE',  ( -58.00430234371850702, 39.85001440517410032, 37.70604526327857542 ) ) ;
#5087 = DIRECTION ( 'NONE',  ( 0.000000000000000000, -0.5735764363510470476, 0.8191520442889911324 ) ) ;
#5088 = LINE ( 'NONE', #3558, #5467 ) ;
#5089 = EDGE_LOOP ( 'NONE', ( #1954, #750, #3166, #5060 ) ) ;
#5090 = CARTESIAN_POINT ( 'NONE',  ( -57.99976052414052674, 36.63383693052111312, 42.61969247552439555 ) ) ;
#5091 = ORIENTED_EDGE ( 'NONE', *, *, #3338, .F. ) ;
#5092 = CARTESIAN_POINT ( 'NONE',  ( -58.00000000001936229, 36.53589838486225005, -6.646254786282208116 ) ) ;
#5093 = CARTESIAN_POINT ( 'NONE',  ( -58.05508062045434059, 38.62535782103393700, 39.54324734642671046 ) ) ;
#5094 = DIRECTION ( 'NONE',  ( 0.000000000000000000, -0.9396926207859106484, -0.3420201433256625512 ) ) ;
#5095 = VECTOR ( 'NONE', #2290, 1000.000000000000000 ) ;
#5096 = DIRECTION ( 'NONE',  ( 0.000000000000000000, 0.000000000000000000, 1.000000000000000000 ) ) ;
#5097 = CARTESIAN_POINT ( 'NONE',  ( -58.07226858239129541, 37.31184814188497256, 41.55330570228440479 ) ) ;
#5098 = CARTESIAN_POINT ( 'NONE',  ( -58.00022867273060001, 36.68442681142713013, 42.54295914412360702 ) ) ;
#5099 = EDGE_CURVE ( 'NONE', #331, #4552, #6317, .T. ) ;
#5100 = FACE_OUTER_BOUND ( 'NONE', #3334, .T. ) ;
#5101 = CARTESIAN_POINT ( 'NONE',  ( -58.07046276528929951, 37.51608197670211808, 41.24447676506105154 ) ) ;
#5102 = ORIENTED_EDGE ( 'NONE', *, *, #2885, .F. ) ;
#5103 = CARTESIAN_POINT ( 'NONE',  ( -58.03445099936390505, 39.37828999803936370, 38.32868108163011556 ) ) ;
#5104 = CARTESIAN_POINT ( 'NONE',  ( 56.05869130924116206, 36.47791219860094714, -3.767556342664242219 ) ) ;
#5105 = FACE_OUTER_BOUND ( 'NONE', #5685, .T. ) ;
#5106 = CARTESIAN_POINT ( 'NONE',  ( -58.00664530371211924, 36.70591774162645038, 42.51017309428862490 ) ) ;
#5107 = CARTESIAN_POINT ( 'NONE',  ( -57.98246821946533203, 36.08278354698991564, 43.97102036694539606 ) ) ;
#5108 = FACE_OUTER_BOUND ( 'NONE', #3728, .T. ) ;
#5109 = VECTOR ( 'NONE', #4238, 1000.000000000000000 ) ;
#5110 = DIRECTION ( 'NONE',  ( 0.000000000000000000, 0.000000000000000000, 1.000000000000000000 ) ) ;
#5111 = CARTESIAN_POINT ( 'NONE',  ( -58.03452174035301425, 39.51524274846148899, 37.81746614097284009 ) ) ;
#5112 = CARTESIAN_POINT ( 'NONE',  ( 62.00000000000000000, 34.00000000000000711, 37.80681039527357967 ) ) ;
#5113 = CARTESIAN_POINT ( 'NONE',  ( -57.99999999999999289, 34.00000000000000711, -8.646254786282208116 ) ) ;
#5114 = CARTESIAN_POINT ( 'NONE',  ( -58.06353688207975949, 36.97462700567655247, 42.07515618588301720 ) ) ;
#5115 = VECTOR ( 'NONE', #4184, 1000.000000000000000 ) ;
#5116 = EDGE_CURVE ( 'NONE', #4849, #604, #261, .T. ) ;
#5117 = DIRECTION ( 'NONE',  ( -0.000000000000000000, 1.000000000000000000, -0.000000000000000000 ) ) ;
#5118 = CARTESIAN_POINT ( 'NONE',  ( -58.00462644195395967, 39.84369505738873585, 37.70878171321139405 ) ) ;
#5119 = LINE ( 'NONE', #3622, #2491 ) ;
#5120 = CARTESIAN_POINT ( 'NONE',  ( 57.99999999999999289, 6.089883287725362138, -16.73181682013946414 ) ) ;
#5121 = ORIENTED_EDGE ( 'NONE', *, *, #732, .F. ) ;
#5122 = ORIENTED_EDGE ( 'NONE', *, *, #1259, .T. ) ;
#5123 = CARTESIAN_POINT ( 'NONE',  ( 36.00000000000000000, 56.50623700572779740, 14.23346091685675674 ) ) ;
#5124 = CARTESIAN_POINT ( 'NONE',  ( -58.43105961403873749, 37.61545983518953307, 40.26699065553802370 ) ) ;
#5125 = CARTESIAN_POINT ( 'NONE',  ( -37.50000000000000711, 37.42442362141619583, 32.76788068845469581 ) ) ;
#5126 = CARTESIAN_POINT ( 'NONE',  ( -58.07483261990233103, 37.37342498942107483, 41.45585104850992053 ) ) ;
#5127 = CARTESIAN_POINT ( 'NONE',  ( -58.01456775044986358, 36.38614487663127761, 43.05505364424115555 ) ) ;
#5128 = CARTESIAN_POINT ( 'NONE',  ( -63.52065792321464954, 32.00000000000000000, 57.05000000000000426 ) ) ;
#5129 = CARTESIAN_POINT ( 'NONE',  ( -59.47402733312327427, 36.28859890535733257, 42.05194418677513823 ) ) ;
#5130 = ORIENTED_EDGE ( 'NONE', *, *, #2463, .T. ) ;
#5131 = CARTESIAN_POINT ( 'NONE',  ( -58.02421073510391381, 39.51088155220115539, 38.17267290875290087 ) ) ;
#5132 = DIRECTION ( 'NONE',  ( 0.000000000000000000, 0.8191520442889909104, 0.5735764363510474917 ) ) ;
#5133 = VECTOR ( 'NONE', #2048, 1000.000000000000114 ) ;
#5134 = FACE_OUTER_BOUND ( 'NONE', #1415, .T. ) ;
#5135 = EDGE_CURVE ( 'NONE', #238, #2073, #2679, .T. ) ;
#5136 = CARTESIAN_POINT ( 'NONE',  ( -58.00414541705758609, 36.69726439548852426, 42.52345685317547463 ) ) ;
#5137 = CARTESIAN_POINT ( 'NONE',  ( -57.98482310245684346, 36.68259555675408734, 42.54568411613967527 ) ) ;
#5138 = CARTESIAN_POINT ( 'NONE',  ( 36.00000000000000000, 54.20514562966183547, 12.28941959192743383 ) ) ;
#5139 = CYLINDRICAL_SURFACE ( 'NONE', #1215, 4.000000000000003553 ) ;
#5140 = CARTESIAN_POINT ( 'NONE',  ( -58.01575408034187831, 39.68422844068896893, 37.81018052939617746 ) ) ;
#5141 = CIRCLE ( 'NONE', #6102, 3.000000000000002665 ) ;
#5142 = FACE_OUTER_BOUND ( 'NONE', #590, .T. ) ;
#5143 = DIRECTION ( 'NONE',  ( 0.000000000000000000, 0.5735764363510470476, -0.8191520442889911324 ) ) ;
#5144 = CARTESIAN_POINT ( 'NONE',  ( -58.02833918359520027, 36.86099194956315728, 42.27089822423825183 ) ) ;
#5145 = CIRCLE ( 'NONE', #3240, 3.324999999999999734 ) ;
#5146 = VECTOR ( 'NONE', #2521, 1000.000000000000000 ) ;
#5147 = CARTESIAN_POINT ( 'NONE',  ( 71.11999999999999034, 32.00000000000000000, 57.14999999999999858 ) ) ;
#5148 = CARTESIAN_POINT ( 'NONE',  ( -58.54192059846366902, 37.95283851574312450, 37.76649346906408056 ) ) ;
#5149 = EDGE_CURVE ( 'NONE', #778, #538, #5677, .T. ) ;
#5150 = CARTESIAN_POINT ( 'NONE',  ( 60.00000000000000000, 56.66260176252876590, 14.01014890098054444 ) ) ;
#5151 = DIRECTION ( 'NONE',  ( 0.000000000000000000, 1.000000000000000000, -0.000000000000000000 ) ) ;
#5152 = ORIENTED_EDGE ( 'NONE', *, *, #6191, .F. ) ;
#5153 = EDGE_CURVE ( 'NONE', #2695, #2879, #3179, .T. ) ;
#5154 = EDGE_LOOP ( 'NONE', ( #240, #6320 ) ) ;
#5155 = DIRECTION ( 'NONE',  ( 0.000000000000000000, 0.000000000000000000, 1.000000000000000000 ) ) ;
#5156 = CARTESIAN_POINT ( 'NONE',  ( -58.05551152720574493, 38.26429920728727296, 40.12599839169017457 ) ) ;
#5157 = LINE ( 'NONE', #2625, #5220 ) ;
#5158 = DIRECTION ( 'NONE',  ( -1.000000000000000000, 0.000000000000000000, 0.000000000000000000 ) ) ;
#5159 = VERTEX_POINT ( 'NONE', #1654 ) ;
#5160 = CARTESIAN_POINT ( 'NONE',  ( -57.95282921130088027, 37.67432631803080767, 41.17924575881428950 ) ) ;
#5161 = CARTESIAN_POINT ( 'NONE',  ( -58.00986858084846176, 36.47691804706673935, 42.88628506844641919 ) ) ;
#5162 = CARTESIAN_POINT ( 'NONE',  ( 57.99999999999999289, 38.36169591142202506, 43.63344470505586514 ) ) ;
#5163 = CARTESIAN_POINT ( 'NONE',  ( -58.23524852223020076, 37.28197327863785659, 41.35643217659770698 ) ) ;
#5164 = EDGE_CURVE ( 'NONE', #4849, #4657, #1683, .T. ) ;
#5165 = ORIENTED_EDGE ( 'NONE', *, *, #4841, .T. ) ;
#5166 = CARTESIAN_POINT ( 'NONE',  ( -58.10596994207867994, 39.05404628525743504, 38.19399438282337655 ) ) ;
#5167 = CARTESIAN_POINT ( 'NONE',  ( 57.75500231374533655, 36.47791219860096135, -6.646254786282210780 ) ) ;
#5168 = ORIENTED_EDGE ( 'NONE', *, *, #5942, .T. ) ;
#5169 = CARTESIAN_POINT ( 'NONE',  ( -73.11999999999999034, 38.00000000000000711, 59.14999999999999147 ) ) ;
#5170 = CARTESIAN_POINT ( 'NONE',  ( -58.00416852022315339, 36.69642399188109749, 42.52470369337100209 ) ) ;
#5171 = CARTESIAN_POINT ( 'NONE',  ( -57.97975273789888462, 36.62111888298453977, 42.63976540379466229 ) ) ;
#5172 = CARTESIAN_POINT ( 'NONE',  ( -76.11999999999999034, 38.00000000000000711, 0.000000000000000000 ) ) ;
#5173 = CARTESIAN_POINT ( 'NONE',  ( -73.11999999999999034, 38.00000000000000711, 59.14999999999999147 ) ) ;
#5174 = CARTESIAN_POINT ( 'NONE',  ( -59.60547094216422437, 36.76986732565281102, 37.87956492455158042 ) ) ;
#5175 = VECTOR ( 'NONE', #2, 1000.000000000000114 ) ;
#5176 = CARTESIAN_POINT ( 'NONE',  ( -57.99999999999999289, 63.54551899874132204, 4.180324369512657512 ) ) ;
#5177 = VERTEX_POINT ( 'NONE', #4710 ) ;
#5178 = CARTESIAN_POINT ( 'NONE',  ( -58.03419682497379029, 36.83494858478966449, 42.30675970294753085 ) ) ;
#5179 = CARTESIAN_POINT ( 'NONE',  ( 57.99999999999999289, 38.00000000000000711, 44.78059757775795191 ) ) ;
#5180 = EDGE_CURVE ( 'NONE', #5830, #6044, #1962, .T. ) ;
#5181 = CARTESIAN_POINT ( 'NONE',  ( -58.00040146171760824, 39.92341126477446522, 37.69638501790375784 ) ) ;
#5182 = FACE_BOUND ( 'NONE', #2300, .T. ) ;
#5183 = CARTESIAN_POINT ( 'NONE',  ( 57.99999999999999289, 40.00000000000000711, -6.646254786282211668 ) ) ;
#5184 = FACE_OUTER_BOUND ( 'NONE', #5796, .T. ) ;
#5185 = ORIENTED_EDGE ( 'NONE', *, *, #4876, .T. ) ;
#5186 = EDGE_LOOP ( 'NONE', ( #4446, #1160, #5962, #4950 ) ) ;
#5187 = CARTESIAN_POINT ( 'NONE',  ( 71.11999999999999034, 35.00000000000000000, 57.14999999999999858 ) ) ;
#5188 = CARTESIAN_POINT ( 'NONE',  ( -58.05592043885432929, 37.90226696118460126, 40.67902985167692265 ) ) ;
#5189 = CARTESIAN_POINT ( 'NONE',  ( 59.09702202801781112, 37.24814264646836648, 41.73686998955950145 ) ) ;
#5190 = EDGE_LOOP ( 'NONE', ( #4918, #1169, #5765, #5965 ) ) ;
#5191 = CARTESIAN_POINT ( 'NONE',  ( -58.39358632337810917, 36.97944586804855049, 41.69416259270914082 ) ) ;
#5192 = CARTESIAN_POINT ( 'NONE',  ( -58.00033333057557172, 36.68711334371959509, 42.53896138349058731 ) ) ;
#5193 = ADVANCED_FACE ( 'NONE', ( #4281 ), #651, .T. ) ;
#5194 = EDGE_CURVE ( 'NONE', #1665, #5887, #1024, .T. ) ;
#5195 = CARTESIAN_POINT ( 'NONE',  ( -60.45818688180933975, 38.00000000000000711, 43.38351676772045096 ) ) ;
#5196 = CARTESIAN_POINT ( 'NONE',  ( -58.07013502359637869, 37.41571965458771842, 41.39815359212774837 ) ) ;
#5197 = VERTEX_POINT ( 'NONE', #4780 ) ;
#5198 = CIRCLE ( 'NONE', #4786, 3.324999999999999734 ) ;
#5199 = CARTESIAN_POINT ( 'NONE',  ( -58.03711573162795645, 39.21626032784349292, 38.63201497795978412 ) ) ;
#5200 = CARTESIAN_POINT ( 'NONE',  ( -57.99999999999999289, 65.99478153090102239, 5.071783027122259924 ) ) ;
#5201 = VERTEX_POINT ( 'NONE', #6303 ) ;
#5202 = CARTESIAN_POINT ( 'NONE',  ( 57.99999999999999289, 34.00000000000000711, 44.78059757775795191 ) ) ;
#5203 = CARTESIAN_POINT ( 'NONE',  ( -37.50000000000000711, 37.42442362149979829, 32.76788068851323033 ) ) ;
#5204 = CARTESIAN_POINT ( 'NONE',  ( -58.00618467187885585, 36.68566016765313975, 42.54040801862166887 ) ) ;
#5205 = AXIS2_PLACEMENT_3D ( 'NONE', #4352, #3896, #864 ) ;
#5206 = CARTESIAN_POINT ( 'NONE',  ( 57.99999999999999289, 34.00000000000000000, 42.78059757775795191 ) ) ;
#5207 = CARTESIAN_POINT ( 'NONE',  ( 71.01999999999998181, 32.00000000000000000, 49.55065792321465779 ) ) ;
#5208 = DIRECTION ( 'NONE',  ( 0.000000000000000000, 0.000000000000000000, -1.000000000000000000 ) ) ;
#5209 = CARTESIAN_POINT ( 'NONE',  ( -58.03614263296300635, 39.50209629694107605, 37.83662771065686314 ) ) ;
#5210 = CYLINDRICAL_SURFACE ( 'NONE', #1168, 2.000000000000003997 ) ;
#5211 = DIRECTION ( 'NONE',  ( -1.000000000000000000, 0.000000000000000000, 0.000000000000000000 ) ) ;
#5212 = CARTESIAN_POINT ( 'NONE',  ( -58.17188611684030519, 36.64185113994429344, 42.54165683597680214 ) ) ;
#5213 = CIRCLE ( 'NONE', #2666, 7.600000000000002309 ) ;
#5214 = CARTESIAN_POINT ( 'NONE',  ( 61.19866736768280902, 38.00000000000000711, 42.09252843740275551 ) ) ;
#5215 = AXIS2_PLACEMENT_3D ( 'NONE', #933, #2932, #3371 ) ;
#5216 = CARTESIAN_POINT ( 'NONE',  ( -58.00499075449660324, 39.83666135242065565, 37.70908267896169974 ) ) ;
#5217 = DIRECTION ( 'NONE',  ( 0.000000000000000000, 0.000000000000000000, 1.000000000000000000 ) ) ;
#5218 = CARTESIAN_POINT ( 'NONE',  ( 59.54240711521147489, 36.84110977887863214, -5.839783756435838136 ) ) ;
#5219 = EDGE_LOOP ( 'NONE', ( #2503, #1261, #4727, #3844, #1432 ) ) ;
#5220 = VECTOR ( 'NONE', #4460, 1000.000000000000000 ) ;
#5221 = CARTESIAN_POINT ( 'NONE',  ( -59.44971488426320150, 34.00000000000000711, 41.03052501226834181 ) ) ;
#5222 = EDGE_CURVE ( 'NONE', #3030, #2535, #1753, .T. ) ;
#5223 = ORIENTED_EDGE ( 'NONE', *, *, #3721, .T. ) ;
#5224 = EDGE_LOOP ( 'NONE', ( #5388, #3156, #2059, #4337 ) ) ;
#5225 = CARTESIAN_POINT ( 'NONE',  ( -58.02920404917911412, 34.00000000000000000, 42.78111772891448084 ) ) ;
#5226 = CARTESIAN_POINT ( 'NONE',  ( 37.49999999999999289, 36.50670132325451789, 34.07852395931707434 ) ) ;
#5227 = CARTESIAN_POINT ( 'NONE',  ( -62.00000000000000000, 32.00000000000000000, 37.80681039527355836 ) ) ;
#5228 = ORIENTED_EDGE ( 'NONE', *, *, #506, .T. ) ;
#5229 = CARTESIAN_POINT ( 'NONE',  ( -58.56828192091658281, 36.81955283396997203, 41.76144499384808029 ) ) ;
#5230 = CARTESIAN_POINT ( 'NONE',  ( -58.00063905452154245, 36.83557224071343938, 42.31821094084867951 ) ) ;
#5231 = CARTESIAN_POINT ( 'NONE',  ( -12.49999999999998401, 36.00000000000000711, -50.15000000000001279 ) ) ;
#5232 = CARTESIAN_POINT ( 'NONE',  ( -58.13871699807059201, 37.34930767202297375, 41.39970354011739317 ) ) ;
#5233 = ORIENTED_EDGE ( 'NONE', *, *, #2615, .F. ) ;
#5234 = CARTESIAN_POINT ( 'NONE',  ( -58.03120142951632232, 39.32838928681295698, 38.47391536253182664 ) ) ;
#5235 = CARTESIAN_POINT ( 'NONE',  ( 57.99999999999999289, 46.25824894800437903, -2.132832606474910797 ) ) ;
#5236 = EDGE_CURVE ( 'NONE', #2567, #1881, #1783, .T. ) ;
#5237 = ORIENTED_EDGE ( 'NONE', *, *, #5779, .F. ) ;
#5238 = DIRECTION ( 'NONE',  ( -0.000000000000000000, 0.8191520442889907994, 0.5735764363510474917 ) ) ;
#5239 = DIRECTION ( 'NONE',  ( 0.000000000000000000, -1.000000000000000000, 0.000000000000000000 ) ) ;
#5240 = CARTESIAN_POINT ( 'NONE',  ( -58.23162314981847487, 36.08447060932584094, 43.94403287861467078 ) ) ;
#5241 = EDGE_CURVE ( 'NONE', #3812, #4470, #1540, .T. ) ;
#5242 = CARTESIAN_POINT ( 'NONE',  ( 0.000000000000000000, 36.53589838486225716, 42.78059757775796612 ) ) ;
#5243 = DIRECTION ( 'NONE',  ( -0.000000000000000000, 0.5735764363510470476, -0.8191520442889911324 ) ) ;
#5244 = CIRCLE ( 'NONE', #6087, 2.000000000000001332 ) ;
#5245 = CARTESIAN_POINT ( 'NONE',  ( -58.04257907520291582, 39.44966795273835203, 37.91337906342027964 ) ) ;
#5246 = DIRECTION ( 'NONE',  ( 1.000000000000000000, 0.000000000000000000, -0.000000000000000000 ) ) ;
#5247 = ORIENTED_EDGE ( 'NONE', *, *, #3996, .F. ) ;
#5248 = CARTESIAN_POINT ( 'NONE',  ( -58.04454628286804052, 36.91016799848309660, 42.18642381051025581 ) ) ;
#5249 = CARTESIAN_POINT ( 'NONE',  ( 58.52349577065674424, 38.40433658231115999, 43.48179300759728250 ) ) ;
#5250 = CARTESIAN_POINT ( 'NONE',  ( -58.10276016084507944, 39.10583735525037241, 37.75976183025455413 ) ) ;
#5251 = EDGE_CURVE ( 'NONE', #5719, #2694, #2924, .T. ) ;
#5252 = CARTESIAN_POINT ( 'NONE',  ( 23.00000000000001421, 36.00000000000000711, -15.22499999999998721 ) ) ;
#5253 = CARTESIAN_POINT ( 'NONE',  ( 60.00000000000000000, 36.53589838486225716, -4.389543696378561677 ) ) ;
#5254 = ORIENTED_EDGE ( 'NONE', *, *, #4074, .T. ) ;
#5255 = CIRCLE ( 'NONE', #6426, 1.324999999999999734 ) ;
#5256 = VECTOR ( 'NONE', #1575, 999.9999999999998863 ) ;
#5257 = ORIENTED_EDGE ( 'NONE', *, *, #244, .F. ) ;
#5258 = CARTESIAN_POINT ( 'NONE',  ( -59.91758138095512010, 33.99999999999999289, 39.29719823645297794 ) ) ;
#5259 = CARTESIAN_POINT ( 'NONE',  ( -70.43535897468416351, 35.00000000000000000, 57.36535897468439771 ) ) ;
#5260 = CARTESIAN_POINT ( 'NONE',  ( 0.000000000000000000, 36.00000000000000711, 0.000000000000000000 ) ) ;
#5261 = ORIENTED_EDGE ( 'NONE', *, *, #5080, .T. ) ;
#5262 = CARTESIAN_POINT ( 'NONE',  ( -58.54719702307954066, 36.76035185151783224, 41.93009695283496541 ) ) ;
#5263 = CARTESIAN_POINT ( 'NONE',  ( -58.00010792191541498, 36.83535826965245263, 42.31853452431897722 ) ) ;
#5264 = VERTEX_POINT ( 'NONE', #6496 ) ;
#5265 = CLOSED_SHELL ( 'NONE', ( #1449, #3007, #4391, #3460, #6209, #5983, #2427, #2791, #4059, #1514, #2272, #1616, #4765, #6052, #773, #3379, #6110, #4550, #3552, #1827, #2549, #1580, #2149, #1082, #1600, #4427, #3636, #3951, #1088, #230, #1839, #1502, #5407, #1049, #5925, #4882, #6460, #3178, #2020, #2584, #3093, #5518, #5425, #4482, #4997, #4903, #3739, #4189, #6338, #5478, #3364, #6485, #5684, #4484, #3742, #2678, #3585, #6089, #2572, #2116, #5836, #4625, #117, #3205, #6016, #4464, #4009, #5723, #4063, #2391, #2543, #2724, #1790, #4992, #4651, #4667, #1980, #3305, #3697, #2959, #2142, #1871, #1011, #1482, #3782, #2967, #5193, #4210, #6059, #3831, #5446, #6531, #2101, #6255, #4942, #1343, #6014, #4101, #2405, #597, #5616, #5637, #3915, #2507, #1199, #111, #745, #1463, #3001, #689, #3147, #603, #4246, #5049, #6554, #5770, #2375, #2803, #3425, #4682, #1906, #3553, #2188, #5285, #3293, #408, #3503, #1458, #5345, #5977, #2513, #3497, #6420, #3377, #5592, #1920, #820, #5600, #1435, #672, #5030, #260, #3571, #1112 ) ) ;
#5266 = FACE_BOUND ( 'NONE', #4302, .T. ) ;
#5267 = CARTESIAN_POINT ( 'NONE',  ( -58.04254289070068751, 37.51444213962343355, 41.28982758438078804 ) ) ;
#5268 = VERTEX_POINT ( 'NONE', #4945 ) ;
#5269 = CARTESIAN_POINT ( 'NONE',  ( -58.03766301630932389, 39.21312734350974694, 38.63318001543098035 ) ) ;
#5270 = CARTESIAN_POINT ( 'NONE',  ( -58.75894273106408150, 36.53885263545257089, 42.25485265035779037 ) ) ;
#5271 = VERTEX_POINT ( 'NONE', #6406 ) ;
#5272 = CARTESIAN_POINT ( 'NONE',  ( 37.49999999999999289, 38.53758637397216091, 39.89535350049574447 ) ) ;
#5273 = CARTESIAN_POINT ( 'NONE',  ( 37.49999999999999289, 60.02163516015992428, 12.69984564081569012 ) ) ;
#5274 = CARTESIAN_POINT ( 'NONE',  ( -57.99760585067463836, 36.66628203617722193, 42.57006256808005418 ) ) ;
#5275 = CARTESIAN_POINT ( 'NONE',  ( -58.00320170592183189, 36.79733663889254558, 42.37484602238033204 ) ) ;
#5276 = CIRCLE ( 'NONE', #6117, 1.549999999999995826 ) ;
#5277 = CARTESIAN_POINT ( 'NONE',  ( 60.00000000000000000, 34.00000000000000000, 37.80681039527357967 ) ) ;
#5278 = CARTESIAN_POINT ( 'NONE',  ( -31.00000000000000000, 28.40000000000000213, -51.35000000000002274 ) ) ;
#5279 = CARTESIAN_POINT ( 'NONE',  ( -58.01417611830199661, 39.67912121738780939, 37.94069448024363567 ) ) ;
#5280 = EDGE_CURVE ( 'NONE', #548, #2691, #577, .T. ) ;
#5281 = DIRECTION ( 'NONE',  ( 0.000000000000000000, 0.000000000000000000, 1.000000000000000000 ) ) ;
#5282 = CARTESIAN_POINT ( 'NONE',  ( -62.00000000000000000, 34.00000000000000711, 37.80681039527355836 ) ) ;
#5283 = CARTESIAN_POINT ( 'NONE',  ( -58.42129049167866839, 36.56672802382816911, 42.50174715459851171 ) ) ;
#5284 = DIRECTION ( 'NONE',  ( -0.000000000000000000, -1.000000000000000000, 0.000000000000000000 ) ) ;
#5285 = ADVANCED_FACE ( 'NONE', ( #5376, #5004 ), #2854, .F. ) ;
#5286 = CIRCLE ( 'NONE', #4646, 4.925000000000013145 ) ;
#5287 = CARTESIAN_POINT ( 'NONE',  ( -58.00602695767940986, 39.81918145126985564, 37.76105012325304244 ) ) ;
#5288 = DIRECTION ( 'NONE',  ( 0.000000000000000000, 0.000000000000000000, -1.000000000000000000 ) ) ;
#5289 = CARTESIAN_POINT ( 'NONE',  ( 37.49999999999999289, 35.58897902509283995, 35.38916723017945998 ) ) ;
#5290 = ORIENTED_EDGE ( 'NONE', *, *, #2470, .T. ) ;
#5291 = ORIENTED_EDGE ( 'NONE', *, *, #2820, .T. ) ;
#5292 = EDGE_LOOP ( 'NONE', ( #1379, #2827, #2842, #718 ) ) ;
#5293 = CARTESIAN_POINT ( 'NONE',  ( 56.11385644802202677, 38.06597678251008432, -5.141453711578970243 ) ) ;
#5294 = VECTOR ( 'NONE', #3566, 1000.000000000000000 ) ;
#5295 = CYLINDRICAL_SURFACE ( 'NONE', #3116, 2.000000000000002220 ) ;
#5296 = LINE ( 'NONE', #4159, #3158 ) ;
#5297 = ORIENTED_EDGE ( 'NONE', *, *, #1966, .F. ) ;
#5298 = CARTESIAN_POINT ( 'NONE',  ( -58.06399907786418879, 37.20543273568351594, 41.72460244779306748 ) ) ;
#5299 = CARTESIAN_POINT ( 'NONE',  ( -58.00003242056310171, 36.69003154556901336, 42.53462718417635813 ) ) ;
#5300 = CIRCLE ( 'NONE', #4659, 3.599999999999998312 ) ;
#5301 = ORIENTED_EDGE ( 'NONE', *, *, #5706, .T. ) ;
#5302 = CARTESIAN_POINT ( 'NONE',  ( -57.99999999999999289, 38.36169591142202506, 43.63344470505585093 ) ) ;
#5303 = ORIENTED_EDGE ( 'NONE', *, *, #729, .T. ) ;
#5304 = CARTESIAN_POINT ( 'NONE',  ( -58.22192970826051095, 38.56846474177956452, 38.67702415462735388 ) ) ;
#5305 = FACE_OUTER_BOUND ( 'NONE', #101, .T. ) ;
#5306 = EDGE_LOOP ( 'NONE', ( #3479, #4664, #6427, #6218, #5228, #3540 ) ) ;
#5307 = FACE_OUTER_BOUND ( 'NONE', #6364, .T. ) ;
#5308 = DIRECTION ( 'NONE',  ( 1.000000000000000000, 0.000000000000000000, 0.000000000000000000 ) ) ;
#5309 = CARTESIAN_POINT ( 'NONE',  ( -57.99549339055258201, 36.68176984219542192, 42.54691190667185907 ) ) ;
#5310 = CARTESIAN_POINT ( 'NONE',  ( -58.00118405762408713, 36.78550627192147715, 42.39262125194761666 ) ) ;
#5311 = CARTESIAN_POINT ( 'NONE',  ( -63.52065792321464954, 32.00000000000000000, 57.05000000000000426 ) ) ;
#5312 = CARTESIAN_POINT ( 'NONE',  ( -37.50000000000000711, 38.57157649425474233, 31.12957659985977088 ) ) ;
#5313 = CARTESIAN_POINT ( 'NONE',  ( -58.00236418184422149, 39.82486109464080215, 37.88678165283315025 ) ) ;
#5314 = CARTESIAN_POINT ( 'NONE',  ( 23.00000000000001421, 36.00000000000000711, -51.07500000000002416 ) ) ;
#5315 = EDGE_LOOP ( 'NONE', ( #6352, #3897, #4852, #2239 ) ) ;
#5316 = CARTESIAN_POINT ( 'NONE',  ( -57.99999999999999289, 34.00000000000000711, 44.78059757775795902 ) ) ;
#5317 = CARTESIAN_POINT ( 'NONE',  ( -58.24679357631155341, 36.44201279487338496, 42.88347370916444135 ) ) ;
#5318 = CARTESIAN_POINT ( 'NONE',  ( -59.76237643466866700, 36.68171143637964349, -3.303489687432375366 ) ) ;
#5319 = CARTESIAN_POINT ( 'NONE',  ( -58.31343050543105733, 38.40755276053135248, 37.78126538812414026 ) ) ;
#5320 = CYLINDRICAL_SURFACE ( 'NONE', #4372, 3.325000000000001510 ) ;
#5321 = PLANE ( 'NONE',  #3610 ) ;
#5322 = EDGE_CURVE ( 'NONE', #622, #679, #4877, .T. ) ;
#5323 = ORIENTED_EDGE ( 'NONE', *, *, #4095, .F. ) ;
#5324 = EDGE_CURVE ( 'NONE', #1964, #5159, #2279, .T. ) ;
#5325 = CARTESIAN_POINT ( 'NONE',  ( 37.49999999999999289, 38.57157649425474233, 31.12957659985977088 ) ) ;
#5326 = CARTESIAN_POINT ( 'NONE',  ( 62.00000000000000000, 32.00000000000000000, 37.80681039527358678 ) ) ;
#5327 = VECTOR ( 'NONE', #1595, 1000.000000000000114 ) ;
#5328 = DIRECTION ( 'NONE',  ( -0.000000000000000000, 1.000000000000000000, -0.000000000000000000 ) ) ;
#5329 = VERTEX_POINT ( 'NONE', #860 ) ;
#5330 = CARTESIAN_POINT ( 'NONE',  ( -58.15441642609000894, 37.20080466814328446, 41.62025690166813519 ) ) ;
#5331 = CARTESIAN_POINT ( 'NONE',  ( -58.00012970109597887, 36.68677952280845744, 42.53946223055473297 ) ) ;
#5332 = ORIENTED_EDGE ( 'NONE', *, *, #5322, .T. ) ;
#5333 = CARTESIAN_POINT ( 'NONE',  ( -60.01447591760383204, 38.00000000000000711, 43.90041071340899492 ) ) ;
#5334 = ORIENTED_EDGE ( 'NONE', *, *, #570, .T. ) ;
#5335 = CARTESIAN_POINT ( 'NONE',  ( -57.97384911398540908, 39.58944724510324420, 38.49316455308203899 ) ) ;
#5336 = CARTESIAN_POINT ( 'NONE',  ( -58.11726493405578253, 36.53497006699590344, 42.76245111690985823 ) ) ;
#5337 = VERTEX_POINT ( 'NONE', #2883 ) ;
#5338 = LINE ( 'NONE', #293, #6240 ) ;
#5339 = VECTOR ( 'NONE', #2546, 1000.000000000000000 ) ;
#5340 = CARTESIAN_POINT ( 'NONE',  ( -57.99544628157365622, 36.66628203617722193, 42.57006256808004707 ) ) ;
#5341 = CARTESIAN_POINT ( 'NONE',  ( -58.10857129545036770, 36.17601368045472299, 43.58604868044601943 ) ) ;
#5342 = CARTESIAN_POINT ( 'NONE',  ( -60.00000000000000000, 31.99000000000000554, 37.80681039527355836 ) ) ;
#5343 = ORIENTED_EDGE ( 'NONE', *, *, #2962, .T. ) ;
#5344 = CARTESIAN_POINT ( 'NONE',  ( -58.03138057453592324, 39.53199646795854960, 37.87256230908167254 ) ) ;
#5345 = ADVANCED_FACE ( 'NONE', ( #5408 ), #2472, .T. ) ;
#5346 = CARTESIAN_POINT ( 'NONE',  ( 36.00000000000000000, 58.30090585110679058, 15.15730177368267206 ) ) ;
#5347 = EDGE_LOOP ( 'NONE', ( #4187, #5573, #949, #394, #3717, #1818 ) ) ;
#5348 = CARTESIAN_POINT ( 'NONE',  ( 73.11999999999999034, 38.00000000000000711, -62.15000000000000568 ) ) ;
#5349 = CARTESIAN_POINT ( 'NONE',  ( -58.01125586261712641, 36.77557682287405783, 42.40520492377625317 ) ) ;
#5350 = FACE_OUTER_BOUND ( 'NONE', #1867, .T. ) ;
#5351 = CARTESIAN_POINT ( 'NONE',  ( -58.55209592629451265, 37.93693997007078167, 37.80903530959447778 ) ) ;
#5352 = DIRECTION ( 'NONE',  ( 0.000000000000000000, 1.000000000000000000, 0.000000000000000000 ) ) ;
#5353 = DIRECTION ( 'NONE',  ( 0.000000000000000000, -0.5735764363510458264, 0.8191520442889919096 ) ) ;
#5354 = EDGE_LOOP ( 'NONE', ( #4022, #3779, #4030, #1775 ) ) ;
#5355 = CARTESIAN_POINT ( 'NONE',  ( -58.06311152617307414, 36.56250135595580275, 42.77772916421365323 ) ) ;
#5356 = CARTESIAN_POINT ( 'NONE',  ( 61.99999999999999289, 32.00000000000000000, 41.89196034566927551 ) ) ;
#5357 = CARTESIAN_POINT ( 'NONE',  ( 76.11999999999999034, 38.00000000000000711, -59.14999999999999858 ) ) ;
#5358 = EDGE_CURVE ( 'NONE', #1610, #182, #1851, .T. ) ;
#5359 = AXIS2_PLACEMENT_3D ( 'NONE', #2003, #49, #5594 ) ;
#5360 = ORIENTED_EDGE ( 'NONE', *, *, #639, .T. ) ;
#5361 = CARTESIAN_POINT ( 'NONE',  ( -58.06852094085810734, 37.25653132624224639, 41.64214752870466896 ) ) ;
#5362 = CARTESIAN_POINT ( 'NONE',  ( -58.00012176107832573, 36.67285740824901552, 42.56017783986160907 ) ) ;
#5363 = ORIENTED_EDGE ( 'NONE', *, *, #5552, .T. ) ;
#5364 = CIRCLE ( 'NONE', #3664, 3.324999999999999734 ) ;
#5365 = DIRECTION ( 'NONE',  ( 0.000000000000000000, -0.000000000000000000, -1.000000000000000000 ) ) ;
#5366 = AXIS2_PLACEMENT_3D ( 'NONE', #6180, #4688, #134 ) ;
#5367 = EDGE_CURVE ( 'NONE', #4419, #5413, #3661, .T. ) ;
#5368 = ORIENTED_EDGE ( 'NONE', *, *, #526, .T. ) ;
#5369 = CARTESIAN_POINT ( 'NONE',  ( -57.88233864937431150, 39.52314315856188642, 38.96214620389359595 ) ) ;
#5370 = FACE_OUTER_BOUND ( 'NONE', #5580, .T. ) ;
#5371 = VERTEX_POINT ( 'NONE', #3354 ) ;
#5372 = CARTESIAN_POINT ( 'NONE',  ( -59.49990373962001655, 38.00000000000186162, -6.607033865785735038 ) ) ;
#5373 = CARTESIAN_POINT ( 'NONE',  ( -57.99500111884634634, 36.52200282593901193, 42.80253873958683641 ) ) ;
#5374 = CARTESIAN_POINT ( 'NONE',  ( -58.00219027803192517, 36.68420329939619506, 42.54316841713148278 ) ) ;
#5375 = EDGE_CURVE ( 'NONE', #5726, #786, #420, .T. ) ;
#5376 = FACE_OUTER_BOUND ( 'NONE', #4457, .T. ) ;
#5377 = CARTESIAN_POINT ( 'NONE',  ( -58.05014734824248990, 37.59852560241933617, 41.15252781148822692 ) ) ;
#5378 = ORIENTED_EDGE ( 'NONE', *, *, #5180, .F. ) ;
#5379 = CARTESIAN_POINT ( 'NONE',  ( -58.01186544025222958, 39.71595549557032712, 37.89823713607143674 ) ) ;
#5380 = DIRECTION ( 'NONE',  ( 0.000000000000000000, 0.8191520442889909104, 0.5735764363510474917 ) ) ;
#5381 = VERTEX_POINT ( 'NONE', #392 ) ;
#5382 = DIRECTION ( 'NONE',  ( 8.659560562354974766E-17, 0.7071067811865441310, -0.7071067811865510144 ) ) ;
#5383 = CARTESIAN_POINT ( 'NONE',  ( -58.13539246440309682, 36.59642324195299068, 42.64141321052753142 ) ) ;
#5384 = CARTESIAN_POINT ( 'NONE',  ( -31.00000000000000000, 38.00000000000000711, -54.15000000000000568 ) ) ;
#5385 = CARTESIAN_POINT ( 'NONE',  ( -58.00580389454013641, 39.82317552480589029, 37.73147071975194677 ) ) ;
#5386 = DIRECTION ( 'NONE',  ( 0.000000000000000000, -1.000000000000000000, 0.000000000000000000 ) ) ;
#5387 = DIRECTION ( 'NONE',  ( 0.000000000000000000, 0.000000000000000000, 1.000000000000000000 ) ) ;
#5388 = ORIENTED_EDGE ( 'NONE', *, *, #1699, .T. ) ;
#5389 = EDGE_CURVE ( 'NONE', #6394, #5751, #2439, .T. ) ;
#5390 = DIRECTION ( 'NONE',  ( -3.304235192336775512E-16, 0.000000000000000000, -1.000000000000000000 ) ) ;
#5391 = CARTESIAN_POINT ( 'NONE',  ( -58.11975669972829905, 37.40907367807599826, 41.33258824289663380 ) ) ;
#5392 = CARTESIAN_POINT ( 'NONE',  ( 28.20000000000002771, 38.40000000000000568, -14.94999999999999574 ) ) ;
#5393 = CIRCLE ( 'NONE', #3055, 3.599999999999998312 ) ;
#5394 = CARTESIAN_POINT ( 'NONE',  ( 59.56225686262561680, 34.00000000000000000, -5.826324426971697612 ) ) ;
#5395 = VECTOR ( 'NONE', #6112, 1000.000000000000000 ) ;
#5396 = ORIENTED_EDGE ( 'NONE', *, *, #1298, .F. ) ;
#5397 = CARTESIAN_POINT ( 'NONE',  ( -58.00006429872573932, 36.78252371347792149, 42.39709647852171059 ) ) ;
#5398 = ORIENTED_EDGE ( 'NONE', *, *, #4505, .T. ) ;
#5399 = CARTESIAN_POINT ( 'NONE',  ( -58.24646767237216949, 34.00000000000000000, -6.646254786282207228 ) ) ;
#5400 = CARTESIAN_POINT ( 'NONE',  ( -58.05179117835285041, 38.81431713821776697, 39.24764100228393460 ) ) ;
#5401 = CARTESIAN_POINT ( 'NONE',  ( -12.24575524768748203, 35.07499999999998153, -54.15000000000001279 ) ) ;
#5402 = EDGE_LOOP ( 'NONE', ( #2655, #425, #1876, #1235 ) ) ;
#5403 = CARTESIAN_POINT ( 'NONE',  ( -57.99999999999999289, 38.00000000000000711, -8.646254786282208116 ) ) ;
#5404 = CONICAL_SURFACE ( 'NONE', #1377, 3.325000000000001510, 0.7853981633974531640 ) ;
#5405 = CARTESIAN_POINT ( 'NONE',  ( -57.99606705040255861, 36.78250701835288794, 42.39712146174512952 ) ) ;
#5406 = CARTESIAN_POINT ( 'NONE',  ( -58.10375195781811897, 36.08312440211390992, 43.96557773746085473 ) ) ;
#5407 = ADVANCED_FACE ( 'NONE', ( #3856 ), #455, .F. ) ;
#5408 = FACE_OUTER_BOUND ( 'NONE', #5315, .T. ) ;
#5409 = CARTESIAN_POINT ( 'NONE',  ( -58.59415953990553305, 36.92728497717870795, 41.46033451359642896 ) ) ;
#5410 = ORIENTED_EDGE ( 'NONE', *, *, #3123, .F. ) ;
#5411 = CARTESIAN_POINT ( 'NONE',  ( -57.94650552204706884, 40.41217417455836625, 37.78823984684720472 ) ) ;
#5412 = FACE_OUTER_BOUND ( 'NONE', #4757, .T. ) ;
#5413 = VERTEX_POINT ( 'NONE', #2410 ) ;
#5414 = DIRECTION ( 'NONE',  ( 0.000000000000000000, 0.5735764363510470476, -0.8191520442889911324 ) ) ;
#5415 = CARTESIAN_POINT ( 'NONE',  ( -58.02181916242528814, 36.78443047789469489, 42.38838737280025981 ) ) ;
#5416 = DIRECTION ( 'NONE',  ( -0.000000000000000000, -0.000000000000000000, 1.000000000000000000 ) ) ;
#5417 = CARTESIAN_POINT ( 'NONE',  ( -58.18339704587508976, 38.83937978115079659, 37.82418841052223257 ) ) ;
#5418 = VECTOR ( 'NONE', #3710, 1000.000000000000114 ) ;
#5419 = CARTESIAN_POINT ( 'NONE',  ( 36.00000000000000000, 56.66260176261239678, 14.01014890103910737 ) ) ;
#5420 = ORIENTED_EDGE ( 'NONE', *, *, #4355, .T. ) ;
#5421 = LINE ( 'NONE', #2422, #1673 ) ;
#5422 = CARTESIAN_POINT ( 'NONE',  ( -59.66807841653337618, 36.18677197274586632, 42.33392130539529319 ) ) ;
#5423 = LINE ( 'NONE', #1835, #6305 ) ;
#5424 = FACE_OUTER_BOUND ( 'NONE', #6330, .T. ) ;
#5425 = ADVANCED_FACE ( 'NONE', ( #6006 ), #4444, .F. ) ;
#5426 = VERTEX_POINT ( 'NONE', #1324 ) ;
#5427 = CARTESIAN_POINT ( 'NONE',  ( -58.00188917273087696, 36.68837555866475952, 42.53708958241438154 ) ) ;
#5428 = ORIENTED_EDGE ( 'NONE', *, *, #2318, .F. ) ;
#5429 = AXIS2_PLACEMENT_3D ( 'NONE', #2761, #5386, #4791 ) ;
#5430 = CARTESIAN_POINT ( 'NONE',  ( -57.99999999999999289, 34.00000000000000711, 44.78059757775796612 ) ) ;
#5431 = CIRCLE ( 'NONE', #4474, 1.324999999999999734 ) ;
#5432 = CARTESIAN_POINT ( 'NONE',  ( -58.04596548918815557, 39.01119342110758481, 38.94117015955423966 ) ) ;
#5433 = CARTESIAN_POINT ( 'NONE',  ( -60.34314575050762386, 38.00000000000000711, -8.646254786282208116 ) ) ;
#5434 = ORIENTED_EDGE ( 'NONE', *, *, #4024, .T. ) ;
#5435 = DIRECTION ( 'NONE',  ( 0.000000000000000000, 0.000000000000000000, 1.000000000000000000 ) ) ;
#5436 = CARTESIAN_POINT ( 'NONE',  ( -57.98937789821098221, 36.70323842072078691, 42.51498935283501623 ) ) ;
#5437 = VECTOR ( 'NONE', #5087, 1000.000000000000114 ) ;
#5438 = CARTESIAN_POINT ( 'NONE',  ( -58.00194227030702621, 36.68820705509325109, 42.53723526565462265 ) ) ;
#5439 = DIRECTION ( 'NONE',  ( -0.000000000000000000, 0.000000000000000000, 1.000000000000000000 ) ) ;
#5440 = CARTESIAN_POINT ( 'NONE',  ( -58.11773261449520334, 37.51443960369476827, 41.16675928246667837 ) ) ;
#5441 = EDGE_CURVE ( 'NONE', #4938, #3340, #273, .T. ) ;
#5442 = ORIENTED_EDGE ( 'NONE', *, *, #2455, .T. ) ;
#5443 = CARTESIAN_POINT ( 'NONE',  ( -58.03705550614624542, 39.47930984723240755, 37.94949173806774922 ) ) ;
#5444 = CARTESIAN_POINT ( 'NONE',  ( -58.01127090349186233, 39.73344565001014672, 37.84547074883455764 ) ) ;
#5445 = VERTEX_POINT ( 'NONE', #3508 ) ;
#5446 = ADVANCED_FACE ( 'NONE', ( #5100 ), #4536, .F. ) ;
#5447 = CARTESIAN_POINT ( 'NONE',  ( -58.18274602337815793, 36.41913034637030222, 42.95393790931341016 ) ) ;
#5448 = CARTESIAN_POINT ( 'NONE',  ( -37.50000000000000711, 58.38333107169546565, 11.55269276807757706 ) ) ;
#5449 = CARTESIAN_POINT ( 'NONE',  ( -58.56214399973458740, 37.92106786504938754, 37.85063027827048643 ) ) ;
#5450 = DIRECTION ( 'NONE',  ( 0.000000000000000000, -0.8191520442889911324, -0.5735764363510470476 ) ) ;
#5451 = ORIENTED_EDGE ( 'NONE', *, *, #1141, .F. ) ;
#5452 = DIRECTION ( 'NONE',  ( 0.000000000000000000, 0.8191520442889909104, 0.5735764363510474917 ) ) ;
#5453 = EDGE_CURVE ( 'NONE', #778, #1290, #575, .T. ) ;
#5454 = CARTESIAN_POINT ( 'NONE',  ( -57.99290184073269216, 38.35664013407530604, 40.15377151215395912 ) ) ;
#5455 = AXIS2_PLACEMENT_3D ( 'NONE', #3731, #4261, #6288 ) ;
#5456 = CARTESIAN_POINT ( 'NONE',  ( 57.99999999999999289, 63.54551899874132204, 4.180324369512660176 ) ) ;
#5457 = CARTESIAN_POINT ( 'NONE',  ( -58.00246100793219028, 36.30676992293005867, 43.23224526286440295 ) ) ;
#5458 = PRODUCT_DEFINITION_FORMATION_WITH_SPECIFIED_SOURCE ( 'ANY', '', #446, .NOT_KNOWN. ) ;
#5459 = VERTEX_POINT ( 'NONE', #6128 ) ;
#5460 = LINE ( 'NONE', #3411, #51 ) ;
#5461 = CARTESIAN_POINT ( 'NONE',  ( -58.04402368986189487, 39.02020021008121375, 38.93772816668614212 ) ) ;
#5462 = AXIS2_PLACEMENT_3D ( 'NONE', #6371, #2376, #1816 ) ;
#5463 = ORIENTED_EDGE ( 'NONE', *, *, #2667, .T. ) ;
#5464 = CARTESIAN_POINT ( 'NONE',  ( -60.01052654066859304, 38.00000000000000711, -5.713561897591809213 ) ) ;
#5465 = CARTESIAN_POINT ( 'NONE',  ( -57.98910449053366278, 36.68342127131275276, 42.54445632560748436 ) ) ;
#5466 = CARTESIAN_POINT ( 'NONE',  ( -58.00074342991193532, 36.70483284316843964, 42.51259741170449757 ) ) ;
#5467 = VECTOR ( 'NONE', #6, 1000.000000000000000 ) ;
#5468 = CIRCLE ( 'NONE', #3358, 3.599999999999998312 ) ;
#5469 = EDGE_CURVE ( 'NONE', #397, #5871, #546, .T. ) ;
#5470 = DIRECTION ( 'NONE',  ( 0.000000000000000000, 0.000000000000000000, 1.000000000000000000 ) ) ;
#5471 = CARTESIAN_POINT ( 'NONE',  ( -58.06584603329775973, 37.59619215211725418, 41.12966294135314627 ) ) ;
#5472 = ORIENTED_EDGE ( 'NONE', *, *, #5816, .F. ) ;
#5473 = CARTESIAN_POINT ( 'NONE',  ( -59.25592944691704389, 37.06244344758784592, 38.12128212390205562 ) ) ;
#5474 = DIRECTION ( 'NONE',  ( -6.938893903907222067E-15, 1.000000000000000000, 0.000000000000000000 ) ) ;
#5475 = ORIENTED_EDGE ( 'NONE', *, *, #567, .T. ) ;
#5476 = CARTESIAN_POINT ( 'NONE',  ( -58.00666446917983876, 36.70351806379566284, 42.51374096330120267 ) ) ;
#5477 = CARTESIAN_POINT ( 'NONE',  ( 23.00000000000001421, 32.00000000000000000, -18.82500000000000284 ) ) ;
#5478 = ADVANCED_FACE ( 'NONE', ( #2533 ), #17, .F. ) ;
#5479 = CARTESIAN_POINT ( 'NONE',  ( -58.01950921680314366, 39.64166760749168361, 37.79335928922871091 ) ) ;
#5480 = CARTESIAN_POINT ( 'NONE',  ( 76.11999999999999034, 38.00000000000000711, 59.14999999999999147 ) ) ;
#5481 = ORIENTED_EDGE ( 'NONE', *, *, #337, .T. ) ;
#5482 = CARTESIAN_POINT ( 'NONE',  ( -58.04549942293866849, 37.31183430849491600, 41.58675478542573245 ) ) ;
#5483 = EDGE_CURVE ( 'NONE', #4956, #2691, #5559, .T. ) ;
#5484 = CARTESIAN_POINT ( 'NONE',  ( -12.49999999999998401, 36.00000000000000711, -51.47500000000001563 ) ) ;
#5485 = CARTESIAN_POINT ( 'NONE',  ( -57.99354422619920513, 37.65225626739201914, 41.15973592733885766 ) ) ;
#5486 = PLANE ( 'NONE',  #6493 ) ;
#5487 = FACE_OUTER_BOUND ( 'NONE', #2912, .T. ) ;
#5488 = CARTESIAN_POINT ( 'NONE',  ( -57.99977414441010382, 36.70323842072078691, 42.51498935283502334 ) ) ;
#5489 = ORIENTED_EDGE ( 'NONE', *, *, #199, .T. ) ;
#5490 = CARTESIAN_POINT ( 'NONE',  ( 57.99999999999999289, 34.00000000000000711, -8.646254786282208116 ) ) ;
#5491 = AXIS2_PLACEMENT_3D ( 'NONE', #5147, #466, #4117 ) ;
#5492 = CARTESIAN_POINT ( 'NONE',  ( -59.12777716085142998, 37.07917364992343323, 39.49370708927586548 ) ) ;
#5493 = LINE ( 'NONE', #356, #873 ) ;
#5494 = CARTESIAN_POINT ( 'NONE',  ( -60.00000000000000000, 38.00000000000000000, -4.389543696378559012 ) ) ;
#5495 = CARTESIAN_POINT ( 'NONE',  ( -57.99451627030780543, 36.38591774745447793, 43.05573992797696548 ) ) ;
#5496 = CARTESIAN_POINT ( 'NONE',  ( -58.00037707152049649, 36.78294882158685652, 42.39645961528788831 ) ) ;
#5497 = DIRECTION ( 'NONE',  ( -0.000000000000000000, -1.000000000000000000, -0.000000000000000000 ) ) ;
#5498 = CARTESIAN_POINT ( 'NONE',  ( -58.06359419579178649, 37.60156065298124872, 41.12537165609546719 ) ) ;
#5499 = ORIENTED_EDGE ( 'NONE', *, *, #5280, .T. ) ;
#5500 = CARTESIAN_POINT ( 'NONE',  ( -58.05199978129620320, 39.37172339785696096, 38.02892453017044971 ) ) ;
#5501 = AXIS2_PLACEMENT_3D ( 'NONE', #2420, #3368, #3432 ) ;
#5502 = DIRECTION ( 'NONE',  ( 0.000000000000000000, -0.8191520442889912434, -0.5735764363510471586 ) ) ;
#5503 = EDGE_CURVE ( 'NONE', #3298, #6083, #1129, .T. ) ;
#5504 = ORIENTED_EDGE ( 'NONE', *, *, #3765, .T. ) ;
#5505 = CARTESIAN_POINT ( 'NONE',  ( -58.04486004710753377, 36.58928653451954460, 42.68353439311518116 ) ) ;
#5506 = VECTOR ( 'NONE', #3045, 1000.000000000000000 ) ;
#5507 = CARTESIAN_POINT ( 'NONE',  ( 70.05933982822017470, 38.00000000000000711, -54.53933982822017867 ) ) ;
#5508 = CARTESIAN_POINT ( 'NONE',  ( -58.10869012340110373, 39.08184022764766041, 37.79681429702532114 ) ) ;
#5509 = CARTESIAN_POINT ( 'NONE',  ( 60.00000000000000000, 6.089883287725362138, -16.73181682013946414 ) ) ;
#5510 = VERTEX_POINT ( 'NONE', #1104 ) ;
#5511 = CARTESIAN_POINT ( 'NONE',  ( -58.05091648625362666, 37.11458655023111675, 41.87507487757574154 ) ) ;
#5512 = EDGE_CURVE ( 'NONE', #4477, #5264, #1814, .T. ) ;
#5513 = LINE ( 'NONE', #4619, #3806 ) ;
#5514 = CARTESIAN_POINT ( 'NONE',  ( 59.59933368298881362, 39.57962528488990017, -5.850521500930891072 ) ) ;
#5515 = EDGE_CURVE ( 'NONE', #6183, #2346, #1545, .T. ) ;
#5516 = CARTESIAN_POINT ( 'NONE',  ( 59.58780114497948688, 37.26763150234717159, 40.69462779007096742 ) ) ;
#5517 = CARTESIAN_POINT ( 'NONE',  ( -12.99999999999998401, 32.00000000000000000, -17.47500000000000497 ) ) ;
#5518 = ADVANCED_FACE ( 'NONE', ( #4506 ), #4038, .T. ) ;
#5519 = CARTESIAN_POINT ( 'NONE',  ( -58.00185339364993098, 36.70323842072078691, 42.51498935283502334 ) ) ;
#5520 = AXIS2_PLACEMENT_3D ( 'NONE', #6070, #922, #1518 ) ;
#5521 = ORIENTED_EDGE ( 'NONE', *, *, #5034, .T. ) ;
#5522 = FACE_OUTER_BOUND ( 'NONE', #3550, .T. ) ;
#5523 = CARTESIAN_POINT ( 'NONE',  ( -58.06341879892864455, 38.24262309637614976, 40.13687671502316334 ) ) ;
#5524 = CARTESIAN_POINT ( 'NONE',  ( -12.49999999999998401, 32.00000000000000000, -50.15000000000001279 ) ) ;
#5525 = DIRECTION ( 'NONE',  ( 0.000000000000000000, 0.5735764363510474917, -0.8191520442889909104 ) ) ;
#5526 = CARTESIAN_POINT ( 'NONE',  ( -57.99141737697465970, 36.30676992293005867, 43.23224526286440295 ) ) ;
#5527 = CARTESIAN_POINT ( 'NONE',  ( -58.00056963020404055, 36.68422443970157332, 42.54325047369225388 ) ) ;
#5528 = VECTOR ( 'NONE', #5390, 1000.000000000000000 ) ;
#5529 = CARTESIAN_POINT ( 'NONE',  ( 23.00000000000001421, 34.40000000000000568, -49.47500000000000853 ) ) ;
#5530 = CARTESIAN_POINT ( 'NONE',  ( -58.31915120375871453, 37.20762873368578738, 41.35437963965177488 ) ) ;
#5531 = ORIENTED_EDGE ( 'NONE', *, *, #102, .F. ) ;
#5532 = CARTESIAN_POINT ( 'NONE',  ( -58.01802741905321170, 39.59365986056719322, 38.08627628560124379 ) ) ;
#5533 = CARTESIAN_POINT ( 'NONE',  ( 59.99999999999998579, 46.25824894800437193, -4.078352470532379037 ) ) ;
#5534 = DIRECTION ( 'NONE',  ( 0.000000000000000000, 0.000000000000000000, 1.000000000000000000 ) ) ;
#5535 = ORIENTED_EDGE ( 'NONE', *, *, #244, .T. ) ;
#5536 = CARTESIAN_POINT ( 'NONE',  ( -58.01019494357509387, 36.71806775927355204, 42.49127008751388956 ) ) ;
#5537 = B_SPLINE_SURFACE_WITH_KNOTS ( 'NONE', 3, 1, ( 
 ( #774, #4830 ),
 ( #6287, #704 ),
 ( #5258, #1799 ),
 ( #1668, #4761 ),
 ( #5720, #243 ),
 ( #4226, #1733 ),
 ( #6253, #3301 ),
 ( #741, #1165 ),
 ( #280, #2297 ),
 ( #2769, #3838 ),
 ( #4798, #2261 ),
 ( #3336, #5355 ),
 ( #5225, #2195 ),
 ( #1434, #3966 ) ),
 .UNSPECIFIED., .F., .F., .F.,
 ( 4, 2, 2, 2, 2, 2, 4 ),
 ( 2, 2 ),
 ( 0.000000000000000000, 0.2500000000000007772, 0.5000000000000015543, 0.6250000000000011102, 0.7500000000000007772, 0.8750000000000003331, 1.000000000000000000 ),
 ( 0.000000000000000000, 1.000000000000000000 ),
 .UNSPECIFIED. ) ;
#5538 = CARTESIAN_POINT ( 'NONE',  ( -57.97908859006225413, 36.57024669283823926, 42.72005711687571505 ) ) ;
#5539 = CARTESIAN_POINT ( 'NONE',  ( 71.11999999999999034, 36.00000000000000711, -12.15000000000001457 ) ) ;
#5540 = LINE ( 'NONE', #1341, #1527 ) ;
#5541 = CARTESIAN_POINT ( 'NONE',  ( -58.00861665386574373, 39.77495382227659348, 37.80615058563245157 ) ) ;
#5542 = ORIENTED_EDGE ( 'NONE', *, *, #932, .F. ) ;
#5543 = CARTESIAN_POINT ( 'NONE',  ( -58.36036120962965867, 36.84635348360709628, 42.00036820083818156 ) ) ;
#5544 = LINE ( 'NONE', #4025, #2091 ) ;
#5545 = CARTESIAN_POINT ( 'NONE',  ( 57.99999999999999289, 38.00000000000000711, -8.646254786282211668 ) ) ;
#5546 = CARTESIAN_POINT ( 'NONE',  ( 58.45922756443386703, 34.00000000000000711, 42.55655442259327970 ) ) ;
#5547 = CARTESIAN_POINT ( 'NONE',  ( 57.99999999999999289, 65.54551899874132914, 4.180324369512661065 ) ) ;
#5548 = CARTESIAN_POINT ( 'NONE',  ( -58.00504458595931112, 36.08278413204572388, 43.97101104289323814 ) ) ;
#5549 = ORIENTED_EDGE ( 'NONE', *, *, #2064, .T. ) ;
#5550 = AXIS2_PLACEMENT_3D ( 'NONE', #281, #4860, #3519 ) ;
#5551 = LINE ( 'NONE', #3596, #3626 ) ;
#5552 = EDGE_CURVE ( 'NONE', #1411, #5177, #2169, .T. ) ;
#5553 = CARTESIAN_POINT ( 'NONE',  ( -58.05741072280193293, 38.61723324016639936, 39.54675935431032485 ) ) ;
#5554 = DIRECTION ( 'NONE',  ( 0.000000000000000000, -0.5735764363510470476, 0.8191520442889911324 ) ) ;
#5555 = CARTESIAN_POINT ( 'NONE',  ( -57.99999999999999289, 34.00000000000000711, 42.78059757775796612 ) ) ;
#5556 = CARTESIAN_POINT ( 'NONE',  ( -57.99334923249732299, 36.68109340537446172, 42.54791583268632138 ) ) ;
#5557 = CARTESIAN_POINT ( 'NONE',  ( -58.00053937389953518, 36.69083739472774397, 42.53341806313655127 ) ) ;
#5558 = EDGE_CURVE ( 'NONE', #1365, #4956, #5141, .T. ) ;
#5559 = LINE ( 'NONE', #6159, #2388 ) ;
#5560 = CARTESIAN_POINT ( 'NONE',  ( -58.09152715834456160, 37.48384820320303845, 41.25988875290082802 ) ) ;
#5561 = ORIENTED_EDGE ( 'NONE', *, *, #3453, .T. ) ;
#5562 = CARTESIAN_POINT ( 'NONE',  ( -58.04396626865401743, 39.37724866295511816, 38.17885002095085412 ) ) ;
#5563 = CARTESIAN_POINT ( 'NONE',  ( 58.95769593090204097, 46.25824894800437193, -6.389142824205216620 ) ) ;
#5564 = LINE ( 'NONE', #4606, #737 ) ;
#5565 = AXIS2_PLACEMENT_3D ( 'NONE', #2905, #2330, #6393 ) ;
#5566 = CARTESIAN_POINT ( 'NONE',  ( -58.00657316270669384, 36.70762010591663937, 42.50765301025717946 ) ) ;
#5567 = CIRCLE ( 'NONE', #5359, 4.925000000000013145 ) ;
#5568 = CARTESIAN_POINT ( 'NONE',  ( -57.98073591252521197, 36.69002698778209748, 42.53463400135000683 ) ) ;
#5569 = DIRECTION ( 'NONE',  ( 0.000000000000000000, 0.000000000000000000, 1.000000000000000000 ) ) ;
#5570 = FACE_OUTER_BOUND ( 'NONE', #4538, .T. ) ;
#5571 = CARTESIAN_POINT ( 'NONE',  ( -57.96342868567037954, 40.59521505235334615, 37.54634480689067288 ) ) ;
#5572 = DIRECTION ( 'NONE',  ( 0.000000000000000000, -0.8191520442889912434, -0.5735764363510471586 ) ) ;
#5573 = ORIENTED_EDGE ( 'NONE', *, *, #1806, .F. ) ;
#5574 = CARTESIAN_POINT ( 'NONE',  ( -58.77573470001662059, 36.39092674870647670, 42.64267203811538565 ) ) ;
#5575 = AXIS2_PLACEMENT_3D ( 'NONE', #3325, #3862, #5815 ) ;
#5576 = DIRECTION ( 'NONE',  ( 1.000000000000000000, 0.000000000000000000, 0.000000000000000000 ) ) ;
#5577 = FACE_OUTER_BOUND ( 'NONE', #503, .T. ) ;
#5578 = DIRECTION ( 'NONE',  ( 0.000000000000000000, 1.000000000000000000, -0.000000000000000000 ) ) ;
#5579 = CARTESIAN_POINT ( 'NONE',  ( 0.000000000000000000, 38.00000000000000711, -62.15000000000000568 ) ) ;
#5580 = EDGE_LOOP ( 'NONE', ( #6387, #6161, #1237, #3356 ) ) ;
#5581 = CIRCLE ( 'NONE', #707, 3.325000000000001510 ) ;
#5582 = EDGE_CURVE ( 'NONE', #5381, #1290, #5567, .T. ) ;
#5583 = CARTESIAN_POINT ( 'NONE',  ( -57.99976760439252388, 36.68109340537446172, 42.54791583268632138 ) ) ;
#5584 = ORIENTED_EDGE ( 'NONE', *, *, #2520, .T. ) ;
#5585 = CARTESIAN_POINT ( 'NONE',  ( 70.05933982822017470, 38.00000000000000711, -56.08933982822017583 ) ) ;
#5586 = CARTESIAN_POINT ( 'NONE',  ( -57.87265724058533323, 39.29737425793387473, 39.25266992670172073 ) ) ;
#5587 = CARTESIAN_POINT ( 'NONE',  ( 70.05933982822017470, 38.00000000000000711, -56.08933982822017583 ) ) ;
#5588 = DIRECTION ( 'NONE',  ( 0.000000000000000000, 0.000000000000000000, 1.000000000000000000 ) ) ;
#5589 = B_SPLINE_SURFACE_WITH_KNOTS ( 'NONE', 3, 3, ( 
 ( #593, #4587, #2687, #1091, #6146, #1562, #6179, #1060, #4089, #3088, #1030, #3057, #5086, #3189, #5118, #5216, #1593, #3621, #5642, #2616, #2583, #1628, #2551, #3656, #4620, #3119, #5148, #4653, #98, #2120, #4150 ),
 ( #1661, #5679, #2651, #1124, #3152, #5181, #625, #133, #4718, #2154, #4183, #6214, #1794, #3722, #4826, #5385, #2831, #3296, #2291, #1761, #839, #2256, #4252, #5250, #4790, #5319, #4324, #341, #2760, #2323, #697 ),
 ( #1231, #801, #1727, #272, #6348, #4358, #733, #3796, #3832, #6280, #769, #3365, #5856, #4888, #2864, #4855, #235, #5748, #1300, #3329, #3260, #2355, #3759, #4288, #4392, #5784, #5351, #1194, #6415, #2798, #3224 ),
 ( #2726, #4754, #5821, #201, #306, #2221, #6384, #1828, #3866, #5287, #6311, #1267, #5892, #1333, #4020, #870, #990, #492, #1430, #2897, #4923, #3486, #1952, #5508, #1863, #462, #4486, #2512, #5927, #1400, #2449 ),
 ( #3458, #372, #3520, #3962, #2419, #2387, #6505, #1894, #4422, #6446, #3901, #4549, #1370, #6535, #3931, #1488, #4953, #400, #6474, #5479, #5959, #3991, #3399, #6015, #5417, #3431, #5449, #1924, #2954, #898, #2928 ),
 ( #4517, #4455, #957, #5987, #926, #4983, #3020, #429, #1983, #2987, #1459, #5013, #2481, #6042, #5541, #5047, #5670, #6139, #5140, #4612, #3682, #5111, #525, #1523, #1054, #1587, #588, #3182, #5605, #5174, #3548 ),
 ( #4083, #3648, #4579, #3112, #2610, #620, #3582, #63, #4645, #2545, #3614, #6204, #92, #1151, #1657, #1119, #3083, #2014, #2113, #4144, #6106, #5209, #29, #557, #5705, #2049, #1621, #4051, #655, #5636, #2682 ),
 ( #5571, #2644, #6566, #6075, #2577, #1022, #4680, #5079, #6173, #3051, #2081, #1556, #4112, #1084, #3146, #128, #2148, #4175, #794, #1258, #5344, #4350, #2823, #4746, #2251, #3219, #4850, #4820, #299, #5812, #830 ),
 ( #6241, #159, #5742, #229, #3357, #4318, #5885, #6341, #2283, #3321, #1327, #5379, #2717, #4712, #1786, #2316, #3715, #3859, #2180, #4283, #1189, #5245, #3824, #266, #5848, #4213, #6375, #760, #1686, #195, #1819 ),
 ( #1225, #6306, #1291, #690, #5313, #2216, #4245, #3254, #6273, #1755, #1722, #3791, #3754, #5778, #5279, #725, #2755, #4783, #3288, #2790, #5443, #1975, #1363, #4385, #3422, #6499, #332, #423, #863, #4417, #892 ),
 ( #950, #2380, #3983, #5007, #5918, #1453, #1423, #2887, #3451, #2920, #1479, #6035, #3894, #3924, #6441, #4478, #6528, #4977, #3392, #3480, #453, #5500, #6009, #1945, #6470, #2475, #4447, #2980, #5473, #2442, #4013 ),
 ( #5411, #3512, #2347, #395, #921, #2413, #4915, #4509, #5532, #2857, #4880, #6409, #1855, #364, #1888, #5953, #5981, #1395, #2948, #4948, #1917, #3955, #6195, #611, #20, #5660, #4105, #4671, #6131, #3138, #2568 ),
 ( #1015, #2603, #3011, #2635, #4603, #2138, #54, #2504, #5039, #2006, #3074, #1647, #579, #4167, #4638, #5131, #6162, #3674, #981, #5562, #483, #84, #5166, #6558, #115, #4539, #549, #4042, #6067, #2105, #1075 ),
 ( #1516, #3541, #516, #1578, #3042, #4135, #1611, #4076, #2074, #3640, #5070, #3605, #2536, #4572, #6097, #2042, #5103, #1548, #5626, #1108, #3575, #5597, #1045, #3105, #2779, #3746, #290, #1710, #4842, #4203, #643 ),
 ( #5766, #220, #3706, #1809, #2306, #5839, #150, #3813, #5234, #254, #1282, #2171, #4308, #4272, #5732, #6296, #1212, #4340, #6365, #6232, #186, #680, #752, #2813, #1248, #1677, #6331, #3311, #1776, #2273, #4810 ),
 ( #5696, #4736, #5335, #2670, #3277, #1177, #1143, #3245, #3209, #3173, #5199, #5269, #1744, #716, #2709, #784, #4704, #2206, #4237, #6265, #2745, #4773, #2240, #5304, #3780, #5802, #2971, #2465, #3412, #2845, #4869 ),
 ( #3883, #1384, #4499, #1317, #3382, #4438, #6517, #4967, #5461, #355, #5432, #2939, #941, #6461, #5908, #2337, #2368, #821, #5943, #443, #882, #6487, #911, #2877, #3347, #413, #2432, #1879, #4998, #6431, #3848 ),
 ( #5369, #1352, #3916, #4936, #1844, #5874, #320, #3974, #4375, #1937, #5400, #4468, #5998, #6399, #1444, #2403, #852, #1907, #2910, #4904, #4406, #386, #3944, #5970, #3471, #1413, #3441, #5492, #571, #4126, #2593 ),
 ( #5586, #6152, #3563, #74, #540, #4096, #1098, #6057, #5617, #6549, #5093, #4595, #4628, #5553, #2034, #2560, #2495, #1037, #1601, #44, #3128, #3628, #1066, #1003, #4003, #2065, #6120, #1507, #600, #4531, #5062 ),
 ( #2093, #1569, #5650, #3066, #4661, #4032, #5156, #3501, #2624, #1967, #6027, #3032, #5523, #1471, #475, #3597, #973, #1998, #508, #3002, #4067, #5027, #3097, #3533, #5124, #2528, #4563, #10, #6090, #1538, #2660 ),
 ( #5687, #105, #2127, #1638, #1133, #3163, #3665, #4158, #6186, #5188, #633, #4476, #5916, #919, #1943, #2855, #4975, #4946, #4383, #393, #6439, #5005, #2977, #828, #861, #1361, #1420, #3478, #1915, #329, #421 ),
 ( #2946, #3449, #3420, #3980, #1393, #6497, #2411, #3953, #5498, #3892, #5471, #6407, #2918, #4445, #2440, #3390, #1886, #6468, #2345, #5440, #6007, #5979, #948, #1451, #450, #5409, #1817, #2473, #6372, #2884, #3857 ),
 ( #890, #4878, #5882, #1325, #3355, #5377, #1852, #4913, #362, #2377, #4415, #3922, #5951, #1513, #6033, #3103, #3009, #50, #5658, #4570, #5037, #3539, #481, #5530, #1105, #1576, #3136, #576, #1043, #5129, #4133 ),
 ( #6129, #4507, #2600, #547, #6526, #2502, #4636, #6095, #3509, #6160, #18, #5068, #4537, #5101, #6556, #1609, #3603, #5560, #1973, #3072, #2566, #2004, #5163, #4039, #1013, #3638, #6065, #5624, #4011, #609, #1546 ),
 ( #2103, #1477, #82, #979, #3040, #514, #2534, #2040, #4073, #2072, #3573, #5595, #4601, #4103, #1073, #3672, #3907, #6390, #1375, #5391, #5764, #3372, #2360, #844, #2668, #184, #3404, #113, #2168, #3242, #5422 ),
 ( #5730, #4235, #1834, #6423, #5267, #4702, #1140, #1175, #6193, #4734, #5932, #6262, #2869, #4365, #1675, #2136, #3874, #5897, #678, #2633, #5232, #1869, #3171, #4165, #3207, #1340, #1644, #217, #641, #4201, #2706 ),
 ( #4894, #6230, #349, #4398, #5694, #4669, #1210, #148, #714, #2204, #5196, #3703, #1708, #3744, #2743, #4771, #2238, #5727, #2132, #3669, #3167, #3568, #3100, #3632, #2628, #5229, #1069, #637, #5590, #4161, #543 ),
 ( #47, #5160, #4665, #2664, #5621, #2098, #605, #2563, #5654, #1671, #109, #3202, #674, #2701, #3069, #5126, #1572, #5690, #1170, #6189, #3133, #1102, #4598, #2037, #5191, #1136, #1641, #4197, #4698, #144, #2164 ),
 ( #2069, #4728, #4633, #4099, #4070, #1542, #6157, #6227, #1606, #6124, #3700, #6093, #1040, #5097, #3600, #573, #2597, #78, #4130, #3306, #3879, #5330, #2332, #1771, #5831, #5262, #2840, #284, #813, #1277, #2958 ),
 ( #1704, #2200, #1205, #2265, #5482, #6359, #1346, #1803, #4335, #5361, #3463, #930, #4766, #180, #3842, #4369, #5759, #5903, #4230, #6326, #3237, #709, #5869, #2301, #1312, #6258, #4864, #2808, #3737, #213, #316 ),
 ( #3271, #3808, #3341, #2738, #779, #2234, #4266, #5298, #6291, #4300, #1737, #4835, #6395, #1840, #5797, #3773, #1243, #746, #4804, #2773, #249, #4116, #3490, #6508, #5543, #2053, #2453, #2548, #2991, #6539, #993 ),
 ( #4086, #6019, #3023, #4489, #6143, #5511, #1058, #32, #5051, #4554, #3994, #1462, #6109, #5083, #1560, #4986, #3587, #1028, #433, #5016, #5608, #6569, #962, #65, #496, #2516, #465, #5574, #2484, #4522, #1987 ),
 ( #3618, #3086, #4023, #4616, #1492, #3524, #2018, #4055, #6045, #3054, #1955, #529, #6078, #1526, #3551, #4583, #5114, #560, #1087, #1590, #2580, #2084, #5640, #2649, #4250, #5283, #6177, #1725, #1690, #1122, #3719 ),
 ( #1192, #3115, #4216, #4787, #2219, #2685, #5745, #233, #3222, #4749, #6276, #4649, #4179, #4716, #5248, #6309, #2152, #3757, #95, #695, #1625, #3794, #5710, #3651, #5817, #2613, #659, #2722, #164, #3150, #198 ),
 ( #5782, #4286, #2254, #1229, #6208, #5144, #3258, #728, #623, #1759, #5674, #1660, #591, #5178, #2758, #2118, #4147, #2184, #4684, #131, #3684, #1154, #3187, #5212, #6244, #2795, #6444, #6345, #3396, #2417, #1331 ),
 ( #4451, #868, #3427, #270, #398, #6472, #1791, #5415, #1921, #3362, #3829, #303, #5852, #2289, #3959, #4920, #1263, #3928, #4389, #1891, #895, #5956, #1296, #5383, #3292, #5317, #798, #1860, #766, #2384, #2894 ),
 ( #834, #1824, #3326, #3899, #5349, #4322, #2829, #4824, #4853, #2321, #1398, #4356, #2923, #6379, #3863, #5889, #2861, #4885, #5923, #338, #1367, #2353, #6413, #368, #4420, #5447, #4951, #2077, #2573, #6101, #426 ),
 ( #2445, #6532, #3456, #553, #4483, #2045, #1018, #1978, #2952, #4046, #5985, #488, #1050, #5074, #5536, #4543, #3077, #6071, #3047, #520, #924, #458, #986, #6562, #4607, #5011, #4575, #4980, #1519, #6503, #58 ),
 ( #2508, #2009, #25, #2983, #6039, #3544, #1949, #3015, #5601, #5566, #1427, #5106, #2539, #2477, #5476, #4079, #1552, #3484, #3987, #6012, #4513, #1456, #5505, #3578, #953, #4017, #5043, #1484, #3516, #3251, #722 ),
 ( #2752, #3711, #5275, #5737, #2677, #2109, #4709, #4171, #4779, #226, #5136, #5170, #3644, #1184, #1220, #6237, #5204, #3177, #87, #4108, #686, #3214, #1147, #6270, #5700, #2211, #155, #1682, #6134, #1615, #5240 ),
 ( #1583, #3609, #1652, #2176, #3679, #4139, #2714, #4242, #5629, #1079, #3108, #583, #3751, #3142, #1716, #648, #2606, #4208, #5773, #4741, #191, #4641, #6167, #5665, #1114, #615, #2640, #4675, #121, #2143, #6200 ),
 ( #5844, #3787, #857, #757, #4381, #3417, #2311, #2785, #1287, #4816, #3284, #5438, #5913, #888, #4911, #5374, #2882, #1884, #360, #2278, #6369, #2916, #6302, #1781, #2851, #4941, #3388, #3889, #5341, #3854, #1358 ),
 ( #4875, #4313, #5310, #259, #4278, #2247, #1750, #2374, #6337, #3920, #789, #2818, #295, #5880, #1254, #326, #5808, #2343, #3819, #3317, #4847, #4346, #3352, #1815, #1323, #826, #4411, #6404, #6436, #1850, #5406 ),
 ( #5949, #1390, #1543, #2975, #6094, #5466, #1912, #946, #4037, #4443, #4535, #4973, #1941, #5002, #3037, #3978, #6062, #1418, #448, #6466, #3569, #916, #5066, #2002, #2469, #3950, #5033, #391, #1475, #2038, #1511 ),
 ( #2499, #3507, #6031, #2944, #2409, #3537, #5557, #4008, #2532, #1971, #512, #5527, #6553, #5591, #4473, #1009, #419, #977, #3006, #4567, #6003, #4504, #478, #2437, #14, #4071, #1041, #3070, #5976, #3447, #1448 ),
 ( #6494, #3475, #5496, #6522, #110, #4162, #3601, #1171, #5192, #5728, #6190, #1206, #5622, #2165, #3203, #1070, #2201, #4231, #2100, #48, #3701, #3101, #638, #6259, #5161, #5127, #4131, #574, #6126, #1705, #4198 ),
 ( #1642, #5230, #4729, #675, #2598, #2630, #3738, #2564, #4634, #5692, #5098, #6228, #145, #1607, #2133, #1672, #5760, #1137, #79, #6158, #3633, #2070, #606, #544, #3670, #2702, #181, #5655, #4599, #4100, #1574 ),
 ( #3168, #1103, #3134, #2665, #4666, #4699, #1772, #214, #5331, #6428, #285, #5904, #4865, #2266, #2739, #2334, #317, #1278, #4403, #5832, #2364, #1738, #4767, #3809, #4370, #710, #814, #1244, #4805, #3307, #1347 ),
 ( #2774, #6396, #5397, #6292, #1841, #1804, #3272, #3843, #780, #1875, #3912, #4267, #4301, #250, #3880, #352, #5362, #4336, #2302, #5798, #3238, #3376, #849, #6360, #2874, #4836, #4898, #5870, #2841, #5938, #747 ),
 ( #3774, #5263, #2235, #2809, #1313, #3342, #5299, #6327, #1503, #2524, #4064, #2029, #7, #1000, #409, #6053, #4496, #5059, #6514, #3530, #2968, #438, #6456, #4029, #1468, #1993, #2460, #1380, #1902, #5023, #5548 ),
 ( #3468, #3409, #967, #4559, #2997, #5519, #6545, #5427, #879, #5966, #2907, #472, #3029, #383, #502, #4933, #937, #2399, #4434, #2492, #3498, #4527, #3940, #1410, #4000, #3438, #5457, #907, #4993, #2936, #4963 ),
 ( #2428, #4463, #6483, #1934, #1963, #5488, #3971, #5995, #1441, #6024, #536, #4592, #2060, #6084, #5583, #1533, #40, #3560, #3061, #1034, #5090, #2556, #4778, #225, #825, #5879, #2850, #5772, #4379, #1813, #1219 ),
 ( #324, #4874, #2277, #788, #2342, #2881, #6368, #5807, #4277, #4312, #2750, #1286, #2372, #2817, #1848, #6403, #4815, #5274, #3888, #5912, #3818, #359, #1780, #4908, #6301, #721, #6336, #1357, #3250, #3351, #3786 ),
 ( #3386, #2783, #5405, #2245, #5843, #1749, #4410, #1253, #856, #6435, #3315, #3283, #3852, #5309, #294, #1883, #756, #5340, #4344, #258, #1321, #4846, #2310, #5373, #4972, #5495, #4502, #511, #2943, #2498, #886 ),
 ( #1417, #976, #1911, #447, #6521, #4534, #915, #3977, #2468, #4442, #945, #3536, #1970, #5065, #5556, #3005, #417, #5948, #4007, #6030, #3445, #2531, #6465, #2436, #1008, #3949, #5526, #1389, #3036, #2974, #4566 ),
 ( #2001, #5974, #13, #3919, #4472, #5436, #6552, #2408, #1474, #3416, #6002, #5465, #6492, #1940, #4940, #2914, #5031, #390, #4036, #3506, #6061, #1447, #1510, #3474, #5001, #477, #5076, #26, #3143, #1617, #5107 ),
 ( #554, #2607, #617, #4109, #3545, #2011, #2046, #489, #5602, #124, #2574, #6169, #5137, #2541, #3017, #4642, #585, #1553, #4677, #6103, #2641, #4047, #5045, #4080, #89, #987, #1080, #1520, #522, #3579, #3645 ),
 ( #3048, #2110, #5666, #6563, #4141, #2078, #5568, #6136, #1051, #2144, #4172, #4545, #4576, #3080, #1116, #6201, #5632, #4609, #60, #6072, #3517, #5171, #5538, #1584, #2509, #3611, #1019, #3109, #3789, #790, #5739 ) ),
 .UNSPECIFIED., .F., .F., .F.,
 ( 4, 3, 3, 3, 3, 3, 3, 3, 3, 3, 3, 3, 3, 3, 3, 3, 3, 3, 3, 4 ),
 ( 4, 3, 3, 3, 3, 3, 3, 3, 3, 3, 4 ),
 ( 1.550956932468598559, 1.563457905981705753, 1.575958879494812725, 1.600960826521026892, 1.650964720573455002, 1.750972508678311446, 1.950988084888024554, 2.351019237307450549, 2.401023131359878882, 2.451027025412306770, 2.551034813517163435, 2.751050389726876766, 2.951065965936589652, 3.051073754041445873, 3.101077648093874206, 3.126079595120088150, 3.138580568633195345, 3.141705812011472254, 3.144831055389748720, 3.151081542146302539 ),
 ( -0.2768683930844205721, -0.04134677523017063483, 0.01753362923339184948, 0.02489367979133716088, 0.02857370507030981832, 0.03225373034928247229, 0.04697383146517308816, 0.07641403369695433379, 0.1941748426240793024, 0.4296964604783292119, 0.6652180783325791769 ),
 .UNSPECIFIED. ) ;
#5590 = CARTESIAN_POINT ( 'NONE',  ( -59.16724577669495488, 36.37555225648078050, 42.17419323330075542 ) ) ;
#5591 = CARTESIAN_POINT ( 'NONE',  ( -58.00057817947376293, 36.68257120836878471, 42.54570854544907377 ) ) ;
#5592 = ADVANCED_FACE ( 'NONE', ( #3572 ), #6064, .T. ) ;
#5593 = CIRCLE ( 'NONE', #2736, 3.325000000000001510 ) ;
#5594 = DIRECTION ( 'NONE',  ( 0.000000000000000000, 0.000000000000000000, 1.000000000000000000 ) ) ;
#5595 = CARTESIAN_POINT ( 'NONE',  ( -58.06972620900872784, 37.48396108314369712, 41.29473121632784682 ) ) ;
#5596 = ORIENTED_EDGE ( 'NONE', *, *, #657, .F. ) ;
#5597 = CARTESIAN_POINT ( 'NONE',  ( -58.07545628010345240, 39.16809818792760467, 38.33904276532089028 ) ) ;
#5598 = CARTESIAN_POINT ( 'NONE',  ( 59.56225686262557417, 46.25824894800437193, -2.952762965785423521 ) ) ;
#5599 = DIRECTION ( 'NONE',  ( 0.000000000000000000, 0.000000000000000000, 1.000000000000000000 ) ) ;
#5600 = ADVANCED_FACE ( 'NONE', ( #5067 ), #513, .T. ) ;
#5601 = CARTESIAN_POINT ( 'NONE',  ( -58.00650166442056133, 36.70932249752153353, 42.50513281708747826 ) ) ;
#5602 = CARTESIAN_POINT ( 'NONE',  ( -57.98490236191174318, 36.68672412954742867, 42.53954516347874204 ) ) ;
#5603 = DIRECTION ( 'NONE',  ( 0.000000000000000000, 0.000000000000000000, -1.000000000000000000 ) ) ;
#5604 = DIRECTION ( 'NONE',  ( -0.000000000000000000, -1.000000000000000000, 0.000000000000000000 ) ) ;
#5605 = CARTESIAN_POINT ( 'NONE',  ( -59.20457568182393260, 37.11264641441155732, 37.88120726400841676 ) ) ;
#5606 = CARTESIAN_POINT ( 'NONE',  ( -70.43535897468416351, 35.00000000000000000, 55.81535897468440766 ) ) ;
#5607 = CARTESIAN_POINT ( 'NONE',  ( 23.00000000000001421, 36.00000000000000711, -47.47500000000000853 ) ) ;
#5608 = CARTESIAN_POINT ( 'NONE',  ( -58.11999985180172246, 37.00804835192635522, 41.97157334162997699 ) ) ;
#5609 = CARTESIAN_POINT ( 'NONE',  ( 71.01999999999998181, 35.00000000000000000, 49.55065792321465779 ) ) ;
#5610 = DIRECTION ( 'NONE',  ( 0.000000000000000000, 0.8191520442889909104, 0.5735764363510474917 ) ) ;
#5611 = CARTESIAN_POINT ( 'NONE',  ( 58.06837915715748721, 37.26763150234717159, 42.77665683987380874 ) ) ;
#5612 = LINE ( 'NONE', #2089, #1439 ) ;
#5613 = EDGE_LOOP ( 'NONE', ( #3870, #3593, #2740, #4932 ) ) ;
#5614 = VERTEX_POINT ( 'NONE', #2039 ) ;
#5615 = CARTESIAN_POINT ( 'NONE',  ( 70.05933982822017470, 38.00000000000000711, -56.08933982822017583 ) ) ;
#5616 = ADVANCED_FACE ( 'NONE', ( #4072 ), #1042, .T. ) ;
#5617 = CARTESIAN_POINT ( 'NONE',  ( -58.05275277673657541, 38.63348311032589777, 39.53973478818862475 ) ) ;
#5618 = CARTESIAN_POINT ( 'NONE',  ( 70.05933982822018891, 38.00000000000000711, 54.53933982822016446 ) ) ;
#5619 = VECTOR ( 'NONE', #6165, 1000.000000000000000 ) ;
#5620 = DIRECTION ( 'NONE',  ( 0.000000000000000000, -0.9396926207859082059, -0.3420201433256696566 ) ) ;
#5621 = CARTESIAN_POINT ( 'NONE',  ( -58.04409088164140229, 37.44439280242576729, 41.39169130265869256 ) ) ;
#5622 = CARTESIAN_POINT ( 'NONE',  ( -58.00034631268275120, 36.68298259427372443, 42.54510336077500909 ) ) ;
#5623 = DIRECTION ( 'NONE',  ( -0.000000000000000000, -1.000000000000000000, -0.000000000000000000 ) ) ;
#5624 = CARTESIAN_POINT ( 'NONE',  ( -59.00278154188342938, 36.55451976576873108, 41.84528876022130106 ) ) ;
#5625 = ORIENTED_EDGE ( 'NONE', *, *, #348, .F. ) ;
#5626 = CARTESIAN_POINT ( 'NONE',  ( -58.04366941023759807, 39.32588854884440366, 38.33122601890450909 ) ) ;
#5627 = CARTESIAN_POINT ( 'NONE',  ( 56.82036039240796299, 36.47791219860096135, -2.545590187612940536 ) ) ;
#5628 = DIRECTION ( 'NONE',  ( 0.000000000000000000, -0.5735764363510458264, 0.8191520442889919096 ) ) ;
#5629 = CARTESIAN_POINT ( 'NONE',  ( -58.00286555724147775, 36.69501723402463966, 42.52700779398346498 ) ) ;
#5630 = VECTOR ( 'NONE', #3081, 1000.000000000000114 ) ;
#5631 = EDGE_CURVE ( 'NONE', #1659, #878, #6000, .T. ) ;
#5632 = CARTESIAN_POINT ( 'NONE',  ( -57.98041087953493644, 36.67284297417539563, 42.56019980629794475 ) ) ;
#5633 = CARTESIAN_POINT ( 'NONE',  ( -70.43535897468470353, 38.00000000000000711, -55.81535897468449292 ) ) ;
#5634 = COLOUR_RGB ( '',0.7921568627450980005, 0.8196078431372548767, 0.9333333333333333481 ) ;
#5635 = CARTESIAN_POINT ( 'NONE',  ( -57.99999999999999289, 31.99000000000000554, 44.78059757775796612 ) ) ;
#5636 = CARTESIAN_POINT ( 'NONE',  ( -59.60978813356094719, 36.76677038134551623, 37.90234668884072988 ) ) ;
#5637 = ADVANCED_FACE ( 'NONE', ( #1674 ), #3595, .F. ) ;
#5638 = CARTESIAN_POINT ( 'NONE',  ( -57.99999999999999289, 32.00000000000000000, -8.646254786282208116 ) ) ;
#5639 = ORIENTED_EDGE ( 'NONE', *, *, #6226, .F. ) ;
#5640 = CARTESIAN_POINT ( 'NONE',  ( -58.17719878130669287, 36.82998898477865879, 42.21030289440520278 ) ) ;
#5641 = CARTESIAN_POINT ( 'NONE',  ( 37.49999999999999289, 55.20529314829865797, 7.374167315495973263 ) ) ;
#5642 = CARTESIAN_POINT ( 'NONE',  ( -58.01026717570065472, 39.75196480969897550, 37.71266188620964499 ) ) ;
#5643 = DIRECTION ( 'NONE',  ( 0.000000000000000000, 1.000000000000000000, 0.000000000000000000 ) ) ;
#5644 = CIRCLE ( 'NONE', #454, 1.599999999999997202 ) ;
#5645 = CARTESIAN_POINT ( 'NONE',  ( 73.11999999999999034, 38.00000000000000711, 59.14999999999999147 ) ) ;
#5646 = ORIENTED_EDGE ( 'NONE', *, *, #5868, .T. ) ;
#5647 = EDGE_CURVE ( 'NONE', #5264, #5834, #2742, .T. ) ;
#5648 = ORIENTED_EDGE ( 'NONE', *, *, #1408, .T. ) ;
#5649 = DIRECTION ( 'NONE',  ( 0.000000000000000000, 0.000000000000000000, -1.000000000000000000 ) ) ;
#5650 = CARTESIAN_POINT ( 'NONE',  ( -57.95845850208073102, 38.53457651804092876, 39.99019791212442243 ) ) ;
#5651 = CARTESIAN_POINT ( 'NONE',  ( -12.99999999999998401, 34.40000000000000568, -16.15000000000000568 ) ) ;
#5652 = DIRECTION ( 'NONE',  ( -0.000000000000000000, -1.000000000000000000, -0.000000000000000000 ) ) ;
#5653 = ORIENTED_EDGE ( 'NONE', *, *, #5515, .F. ) ;
#5654 = CARTESIAN_POINT ( 'NONE',  ( -58.06817101436195117, 37.38735734147164180, 41.44406629806799458 ) ) ;
#5655 = CARTESIAN_POINT ( 'NONE',  ( -58.01785491391656535, 36.24080795356815088, 43.41351740286186356 ) ) ;
#5656 = EDGE_CURVE ( 'NONE', #6118, #3941, #5901, .T. ) ;
#5657 = DIRECTION ( 'NONE',  ( 0.000000000000000000, 0.000000000000000000, -1.000000000000000000 ) ) ;
#5658 = CARTESIAN_POINT ( 'NONE',  ( -58.09969183643145385, 37.50606808293713357, 41.21155269955731626 ) ) ;
#5659 = VERTEX_POINT ( 'NONE', #1643 ) ;
#5660 = CARTESIAN_POINT ( 'NONE',  ( -58.39436914104700094, 38.22547640698780924, 38.15612116289035072 ) ) ;
#5661 = CARTESIAN_POINT ( 'NONE',  ( 57.75500231374533655, 46.25824894800437903, -6.646254786282210780 ) ) ;
#5662 = AXIS2_PLACEMENT_3D ( 'NONE', #5669, #4111, #28 ) ;
#5663 = ORIENTED_EDGE ( 'NONE', *, *, #4547, .T. ) ;
#5664 = CARTESIAN_POINT ( 'NONE',  ( -12.99999999999998401, 32.00000000000000000, -16.15000000000000568 ) ) ;
#5665 = CARTESIAN_POINT ( 'NONE',  ( -58.03682734117354158, 36.52843413597864952, 42.78885441595200945 ) ) ;
#5666 = CARTESIAN_POINT ( 'NONE',  ( -57.98301083361046437, 36.78250701835288794, 42.39712146174512952 ) ) ;
#5667 = DIRECTION ( 'NONE',  ( 0.000000000000000000, 0.000000000000000000, 1.000000000000000000 ) ) ;
#5668 =( BOUNDED_CURVE ( )  B_SPLINE_CURVE ( 3, ( #2361, #1274, #5356, #5326 ),
 .UNSPECIFIED., .F., .F. ) 
 B_SPLINE_CURVE_WITH_KNOTS ( ( 4, 4 ),
 ( 0.000000000000000000, 1.570796326794894560 ),
 .UNSPECIFIED. ) 
 CURVE ( )  GEOMETRIC_REPRESENTATION_ITEM ( )  RATIONAL_B_SPLINE_CURVE ( ( 1.000000000000000000, 0.8047378541243654926, 0.8047378541243654926, 1.000000000000000000 ) ) 
 REPRESENTATION_ITEM ( '' )  );
#5669 = CARTESIAN_POINT ( 'NONE',  ( 71.11999999999999034, 32.00000000000000000, -57.15000000000000568 ) ) ;
#5670 = CARTESIAN_POINT ( 'NONE',  ( -58.01101909466336792, 39.74016216120992340, 37.80770932918209581 ) ) ;
#5671 = AXIS2_PLACEMENT_3D ( 'NONE', #6467, #3389, #1450 ) ;
#5672 = LINE ( 'NONE', #231, #2999 ) ;
#5673 = FACE_OUTER_BOUND ( 'NONE', #4693, .T. ) ;
#5674 = CARTESIAN_POINT ( 'NONE',  ( -58.03350959812735965, 36.83795202485104880, 42.30262682958777987 ) ) ;
#5675 = AXIS2_PLACEMENT_3D ( 'NONE', #1310, #5328, #4297 ) ;
#5676 = EDGE_CURVE ( 'NONE', #6156, #1785, #4833, .T. ) ;
#5677 = CIRCLE ( 'NONE', #3130, 3.325000000000001510 ) ;
#5678 = CARTESIAN_POINT ( 'NONE',  ( -58.39270123190397044, 38.25726329850255780, -2.173492657579936260 ) ) ;
#5679 = CARTESIAN_POINT ( 'NONE',  ( -57.97752152091383238, 40.47998634781482252, 37.49101314108029470 ) ) ;
#5680 = CARTESIAN_POINT ( 'NONE',  ( 71.11999999999999034, 32.00000000000000000, -54.15000000000001990 ) ) ;
#5681 = CARTESIAN_POINT ( 'NONE',  ( -59.27447577370894294, 34.00000000000000000, -6.150847206456837135 ) ) ;
#5682 = DIRECTION ( 'NONE',  ( 0.000000000000000000, -1.000000000000000000, 0.000000000000000000 ) ) ;
#5683 = ORIENTED_EDGE ( 'NONE', *, *, #1922, .F. ) ;
#5684 = ADVANCED_FACE ( 'NONE', ( #4200 ), #1742, .F. ) ;
#5685 = EDGE_LOOP ( 'NONE', ( #2621, #4866, #2444, #1935 ) ) ;
#5686 = FACE_OUTER_BOUND ( 'NONE', #1276, .T. ) ;
#5687 = CARTESIAN_POINT ( 'NONE',  ( -57.84715522864564718, 38.41876063296386690, 40.35527913140638390 ) ) ;
#5688 = FACE_OUTER_BOUND ( 'NONE', #6257, .T. ) ;
#5689 = ORIENTED_EDGE ( 'NONE', *, *, #6541, .T. ) ;
#5690 = CARTESIAN_POINT ( 'NONE',  ( -58.09254204144569655, 37.34832651648886070, 41.46930275673329902 ) ) ;
#5691 = APPLICATION_CONTEXT ( 'automotive_design' ) ;
#5692 = CARTESIAN_POINT ( 'NONE',  ( -58.00022685579382653, 36.68525272781461410, 42.54173107144541888 ) ) ;
#5693 = DIRECTION ( 'NONE',  ( 0.000000000000000000, -0.8191520442889912434, -0.5735764363510471586 ) ) ;
#5694 = CARTESIAN_POINT ( 'NONE',  ( -58.04345688416107407, 37.47878870907064908, 41.34148116465601674 ) ) ;
#5695 = ORIENTED_EDGE ( 'NONE', *, *, #1214, .F. ) ;
#5696 = CARTESIAN_POINT ( 'NONE',  ( -57.91314404225001056, 39.99237107144475090, 38.34380935669622659 ) ) ;
#5697 = CARTESIAN_POINT ( 'NONE',  ( -58.27736125454246263, 36.53505546469489218, 42.68487455777130890 ) ) ;
#5698 = ORIENTED_EDGE ( 'NONE', *, *, #6166, .T. ) ;
#5699 = CARTESIAN_POINT ( 'NONE',  ( 62.00000000000000000, 32.00000000000000000, -4.389543696378559900 ) ) ;
#5700 = CARTESIAN_POINT ( 'NONE',  ( -58.05908806651081733, 36.48593718024192611, 42.86478296690977885 ) ) ;
#5701 = B_SPLINE_CURVE_WITH_KNOTS ( 'NONE', 3,
 ( #4220, #771, #3725, #4827, #1234, #4689, #5681, #5786, #6216, #3192, #6248, #4289 ),
 .UNSPECIFIED., .F., .F.,
 ( 4, 2, 2, 2, 2, 4 ),
 ( 0.000000000000000000, 0.0004146303097689719541, 0.0008292606195379439082, 0.001658521239075887816, 0.002487781858613831616, 0.003317042478151775633 ),
 .UNSPECIFIED. ) ;
#5702 = CARTESIAN_POINT ( 'NONE',  ( -37.50000000000000711, 60.44820624255923747, 8.603745408637212932 ) ) ;
#5703 = LINE ( 'NONE', #1720, #4686 ) ;
#5704 = DIRECTION ( 'NONE',  ( 0.000000000000000000, 0.5735764363510470476, -0.8191520442889911324 ) ) ;
#5705 = CARTESIAN_POINT ( 'NONE',  ( -58.19025224205941527, 38.81701243725822081, 37.86322438717139960 ) ) ;
#5706 = EDGE_CURVE ( 'NONE', #4404, #3772, #6229, .T. ) ;
#5707 = AXIS2_PLACEMENT_3D ( 'NONE', #2960, #4491, #6509 ) ;
#5708 = DIRECTION ( 'NONE',  ( 0.000000000000000000, 0.5735764363510471586, -0.8191520442889912434 ) ) ;
#5709 = DIRECTION ( 'NONE',  ( 0.000000000000000000, 0.5735764363510470476, -0.8191520442889911324 ) ) ;
#5710 = CARTESIAN_POINT ( 'NONE',  ( -58.15223284383677083, 36.76516866620107749, 42.33786118709158330 ) ) ;
#5711 =( BOUNDED_CURVE ( )  B_SPLINE_CURVE ( 3, ( #2837, #2298, #2804, #491 ),
 .UNSPECIFIED., .F., .F. ) 
 B_SPLINE_CURVE_WITH_KNOTS ( ( 4, 4 ),
 ( 4.712388980384689674, 6.283185307179586232 ),
 .UNSPECIFIED. ) 
 CURVE ( )  GEOMETRIC_REPRESENTATION_ITEM ( )  RATIONAL_B_SPLINE_CURVE ( ( 1.000000000000000000, 0.8047378541243649375, 0.8047378541243649375, 1.000000000000000000 ) ) 
 REPRESENTATION_ITEM ( '' )  );
#5712 = DIRECTION ( 'NONE',  ( -0.000000000000000000, 0.000000000000000000, 1.000000000000000000 ) ) ;
#5713 = CARTESIAN_POINT ( 'NONE',  ( -71.11999999999999034, 32.00000000000000000, -57.15000000000000568 ) ) ;
#5714 = DIRECTION ( 'NONE',  ( -0.000000000000000000, -0.9396926207859082059, -0.3420201433256696566 ) ) ;
#5715 = VECTOR ( 'NONE', #1457, 1000.000000000000000 ) ;
#5716 = PLANE ( 'NONE',  #859 ) ;
#5717 = DIRECTION ( 'NONE',  ( -1.000000000000000000, 0.000000000000000000, 0.000000000000000000 ) ) ;
#5718 = ORIENTED_EDGE ( 'NONE', *, *, #3430, .F. ) ;
#5719 = VERTEX_POINT ( 'NONE', #2705 ) ;
#5720 = CARTESIAN_POINT ( 'NONE',  ( -59.35444782258851149, 34.00000000000000000, 41.28807374579098877 ) ) ;
#5721 = EDGE_CURVE ( 'NONE', #31, #3310, #183, .T. ) ;
#5722 = CARTESIAN_POINT ( 'NONE',  ( -37.50000000000000711, 58.38333107169546565, 11.55269276807757706 ) ) ;
#5723 = ADVANCED_FACE ( 'NONE', ( #3743, #5266 ), #713, .T. ) ;
#5724 = LINE ( 'NONE', #3269, #4113 ) ;
#5725 = EDGE_CURVE ( 'NONE', #5883, #163, #6459, .T. ) ;
#5726 = VERTEX_POINT ( 'NONE', #5430 ) ;
#5727 = CARTESIAN_POINT ( 'NONE',  ( -58.09274339217004268, 37.38068888840970061, 41.41876397934941423 ) ) ;
#5728 = CARTESIAN_POINT ( 'NONE',  ( -58.00033840921943806, 36.68546104330666680, 42.54141817705710338 ) ) ;
#5729 = CARTESIAN_POINT ( 'NONE',  ( -60.00000000000000000, 40.00000000000000711, 37.80681039527357257 ) ) ;
#5730 = CARTESIAN_POINT ( 'NONE',  ( -57.90955808817744099, 37.86251727506339648, 40.98147957881393921 ) ) ;
#5731 = VERTEX_POINT ( 'NONE', #1383 ) ;
#5732 = CARTESIAN_POINT ( 'NONE',  ( -58.03455091074236094, 39.30658287486033231, 38.48228567395675981 ) ) ;
#5733 = FACE_BOUND ( 'NONE', #6469, .T. ) ;
#5734 = EDGE_LOOP ( 'NONE', ( #310, #2452 ) ) ;
#5735 = LINE ( 'NONE', #1180, #4989 ) ;
#5736 = CARTESIAN_POINT ( 'NONE',  ( 76.11999999999999034, 35.00000000000000000, -59.14999999999999858 ) ) ;
#5737 = CARTESIAN_POINT ( 'NONE',  ( -58.00341020411758564, 36.74350523783459721, 42.45481012731492143 ) ) ;
#5738 = EDGE_CURVE ( 'NONE', #961, #8, #5460, .T. ) ;
#5739 = CARTESIAN_POINT ( 'NONE',  ( -57.96874101478456964, 36.08278354698991564, 43.97102036694539606 ) ) ;
#5740 = CARTESIAN_POINT ( 'NONE',  ( -71.01999999999998181, 35.00000000000000000, 49.55065792321466489 ) ) ;
#5741 = APPLICATION_PROTOCOL_DEFINITION ( 'draft international standard', 'automotive_design', 1998, #5691 ) ;
#5742 = CARTESIAN_POINT ( 'NONE',  ( -57.98231755103591922, 40.12617272979261429, 37.74727333291179576 ) ) ;
#5743 = DIRECTION ( 'NONE',  ( 0.000000000000000000, 0.5735764363510448272, -0.8191520442889926867 ) ) ;
#5744 = EDGE_LOOP ( 'NONE', ( #2208, #5521, #6267, #1242, #5648, #2590 ) ) ;
#5745 = CARTESIAN_POINT ( 'NONE',  ( -58.04127625402909274, 36.92192924726321479, 42.17110325939636795 ) ) ;
#5746 = CARTESIAN_POINT ( 'NONE',  ( 61.49514555417875528, 38.00000000000000711, 41.31894198223444192 ) ) ;
#5747 = AXIS2_PLACEMENT_3D ( 'NONE', #5278, #4781, #5667 ) ;
#5748 = CARTESIAN_POINT ( 'NONE',  ( -58.01021419705701732, 39.75313968678032239, 37.75108071498918605 ) ) ;
#5749 = FACE_BOUND ( 'NONE', #4299, .T. ) ;
#5750 = DIRECTION ( 'NONE',  ( 0.000000000000000000, 0.5735764363510470476, -0.8191520442889911324 ) ) ;
#5751 = VERTEX_POINT ( 'NONE', #4466 ) ;
#5752 = AXIS2_PLACEMENT_3D ( 'NONE', #406, #2424, #4990 ) ;
#5753 = CARTESIAN_POINT ( 'NONE',  ( 57.99999999999999289, 64.22955928539265358, 2.300939127940843765 ) ) ;
#5754 = ORIENTED_EDGE ( 'NONE', *, *, #1055, .F. ) ;
#5755 = CYLINDRICAL_SURFACE ( 'NONE', #3521, 1.324999999999999734 ) ;
#5756 = DIRECTION ( 'NONE',  ( 0.000000000000000000, 0.000000000000000000, -1.000000000000000000 ) ) ;
#5757 = FACE_OUTER_BOUND ( 'NONE', #1547, .T. ) ;
#5758 = ORIENTED_EDGE ( 'NONE', *, *, #6191, .T. ) ;
#5759 = CARTESIAN_POINT ( 'NONE',  ( -58.08182813968282687, 37.23513955399013042, 41.65831851711432421 ) ) ;
#5760 = CARTESIAN_POINT ( 'NONE',  ( -58.00048329575027850, 36.67302003740328331, 42.55993019207092942 ) ) ;
#5761 = VERTEX_POINT ( 'NONE', #2843 ) ;
#5762 = EDGE_CURVE ( 'NONE', #3239, #6034, #354, .T. ) ;
#5763 = CARTESIAN_POINT ( 'NONE',  ( -58.52349577065863429, 38.40433658230882230, 43.48179300759924359 ) ) ;
#5764 = CARTESIAN_POINT ( 'NONE',  ( -58.13858059206675932, 37.38263415812397739, 41.34563001930073511 ) ) ;
#5765 = ORIENTED_EDGE ( 'NONE', *, *, #471, .F. ) ;
#5766 = CARTESIAN_POINT ( 'NONE',  ( -57.92164821954037279, 40.11090791308189552, 38.18716110804651720 ) ) ;
#5767 = CARTESIAN_POINT ( 'NONE',  ( 71.11999999999999034, 36.00000000000000711, -12.15000000000001457 ) ) ;
#5768 = VERTEX_POINT ( 'NONE', #6398 ) ;
#5769 = DIRECTION ( 'NONE',  ( -0.000000000000000000, 0.8191520442889907994, 0.5735764363510474917 ) ) ;
#5770 = ADVANCED_FACE ( 'NONE', ( #288 ), #1979, .F. ) ;
#5771 = CARTESIAN_POINT ( 'NONE',  ( 59.27578904165021356, 34.00000000000000711, -6.149532701401646761 ) ) ;
#5772 = CARTESIAN_POINT ( 'NONE',  ( -57.99968218530467823, 36.24074136807797686, 43.41385892742286501 ) ) ;
#5773 = CARTESIAN_POINT ( 'NONE',  ( -58.00722455837837543, 36.66775337675098001, 42.56734496872203977 ) ) ;
#5774 = EDGE_CURVE ( 'NONE', #5980, #3708, #2929, .T. ) ;
#5775 = DIRECTION ( 'NONE',  ( 0.000000000000000000, 0.000000000000000000, 1.000000000000000000 ) ) ;
#5776 = CARTESIAN_POINT ( 'NONE',  ( -62.00000000000000000, 40.00000000000000711, -4.389543696378558124 ) ) ;
#5777 = AXIS2_PLACEMENT_3D ( 'NONE', #3302, #6424, #1870 ) ;
#5778 = CARTESIAN_POINT ( 'NONE',  ( -58.01395920526717731, 39.68189663490898766, 37.93927396964233623 ) ) ;
#5779 = EDGE_CURVE ( 'NONE', #2173, #4041, #3965, .T. ) ;
#5780 = CARTESIAN_POINT ( 'NONE',  ( 60.34314575050762386, 32.00000000000000000, -8.646254786282211668 ) ) ;
#5781 = CARTESIAN_POINT ( 'NONE',  ( 63.52065792321464954, 35.00000000000000000, 57.05000000000000426 ) ) ;
#5782 = CARTESIAN_POINT ( 'NONE',  ( -57.99782387869878875, 37.08872763621525337, 41.95366066993408793 ) ) ;
#5783 = CARTESIAN_POINT ( 'NONE',  ( 57.99999999999999289, 38.36169591142202506, 43.63344470505585804 ) ) ;
#5784 = CARTESIAN_POINT ( 'NONE',  ( -58.31797171291971438, 38.39773511662534133, 37.79922288283367493 ) ) ;
#5785 = CARTESIAN_POINT ( 'NONE',  ( -73.11999999999999034, 35.00000000000000000, 59.14999999999999147 ) ) ;
#5786 = CARTESIAN_POINT ( 'NONE',  ( -59.63298131170589045, 34.00000000000000711, -5.722228583298127447 ) ) ;
#5787 = VERTEX_POINT ( 'NONE', #5092 ) ;
#5788 = ORIENTED_EDGE ( 'NONE', *, *, #2431, .T. ) ;
#5789 = AXIS2_PLACEMENT_3D ( 'NONE', #2553, #407, #4589 ) ;
#5790 = ORIENTED_EDGE ( 'NONE', *, *, #471, .T. ) ;
#5791 = VECTOR ( 'NONE', #449, 1000.000000000000000 ) ;
#5792 = EDGE_LOOP ( 'NONE', ( #4906, #5955, #215, #205, #6011 ) ) ;
#5793 = DIRECTION ( 'NONE',  ( 0.000000000000000000, -0.5735764363510462704, 0.8191520442889915765 ) ) ;
#5794 = FACE_OUTER_BOUND ( 'NONE', #2159, .T. ) ;
#5795 = PLANE ( 'NONE',  #3776 ) ;
#5796 = EDGE_LOOP ( 'NONE', ( #2579, #5718, #2406 ) ) ;
#5797 = CARTESIAN_POINT ( 'NONE',  ( -58.06890828770113444, 37.19313369254850699, 41.73758969333376712 ) ) ;
#5798 = CARTESIAN_POINT ( 'NONE',  ( -58.00033999649789962, 36.64673299856396937, 42.59973387852394922 ) ) ;
#5799 = ORIENTED_EDGE ( 'NONE', *, *, #348, .T. ) ;
#5800 = CARTESIAN_POINT ( 'NONE',  ( -59.94794535295635995, 39.57117737012415404, 39.33191960147082966 ) ) ;
#5801 = ORIENTED_EDGE ( 'NONE', *, *, #1984, .T. ) ;
#5802 = CARTESIAN_POINT ( 'NONE',  ( -58.49005997710856519, 37.97260945750588235, 38.72267472112996956 ) ) ;
#5803 = CARTESIAN_POINT ( 'NONE',  ( -28.20000000000001350, 38.40000000000000568, -14.94999999999998863 ) ) ;
#5804 = ORIENTED_EDGE ( 'NONE', *, *, #928, .F. ) ;
#5805 = CARTESIAN_POINT ( 'NONE',  ( 62.00000000000000000, 34.00000000000000000, 37.80681039527358678 ) ) ;
#5806 = CARTESIAN_POINT ( 'NONE',  ( 60.00000000000000000, 31.99000000000000554, -4.389543696378559900 ) ) ;
#5807 = CARTESIAN_POINT ( 'NONE',  ( -57.99765039597158278, 36.68837555866475952, 42.53708958241438154 ) ) ;
#5808 = CARTESIAN_POINT ( 'NONE',  ( -58.00212482615216913, 36.67543561420509235, 42.55622975310606648 ) ) ;
#5809 = CARTESIAN_POINT ( 'NONE',  ( 37.49999999999999289, 36.50670132339097762, 34.07852395930014211 ) ) ;
#5810 = PLANE ( 'NONE',  #6482 ) ;
#5811 = EDGE_CURVE ( 'NONE', #4339, #5271, #1997, .T. ) ;
#5812 = CARTESIAN_POINT ( 'NONE',  ( -59.61842251635439283, 36.76057649273091954, 37.94791021741902881 ) ) ;
#5813 = EDGE_CURVE ( 'NONE', #5614, #4334, #4413, .T. ) ;
#5814 = PLANE ( 'NONE',  #3327 ) ;
#5815 = DIRECTION ( 'NONE',  ( 0.000000000000000000, -0.000000000000000000, 1.000000000000000000 ) ) ;
#5816 = EDGE_CURVE ( 'NONE', #5337, #3708, #5551, .T. ) ;
#5817 = CARTESIAN_POINT ( 'NONE',  ( -58.25792814752107773, 36.64158774534359964, 42.48748878278633612 ) ) ;
#5818 = CIRCLE ( 'NONE', #3570, 1.599999999999997202 ) ;
#5819 = CARTESIAN_POINT ( 'NONE',  ( 59.74757277708938830, 39.17491896612649782, 40.74121402268082903 ) ) ;
#5820 = VECTOR ( 'NONE', #2614, 1000.000000000000000 ) ;
#5821 = CARTESIAN_POINT ( 'NONE',  ( -57.98425864083159098, 40.22797005437128348, 37.60995880384428602 ) ) ;
#5822 = CARTESIAN_POINT ( 'NONE',  ( 23.00000000000001421, 34.40000000000000568, -42.82500000000000995 ) ) ;
#5823 = CARTESIAN_POINT ( 'NONE',  ( 58.29898639932154225, 38.46596974719020068, -6.622313080840489974 ) ) ;
#5824 = ORIENTED_EDGE ( 'NONE', *, *, #4351, .F. ) ;
#5825 = ORIENTED_EDGE ( 'NONE', *, *, #5515, .T. ) ;
#5826 = CARTESIAN_POINT ( 'NONE',  ( 56.13937531170824968, 37.93019245330656730, -5.219975627584372724 ) ) ;
#5827 = AXIS2_PLACEMENT_3D ( 'NONE', #1161, #5064, #170 ) ;
#5828 = CARTESIAN_POINT ( 'NONE',  ( -12.99999999999998401, 32.00000000000000000, -19.47500000000000497 ) ) ;
#5829 = DIRECTION ( 'NONE',  ( 0.000000000000000000, -1.000000000000000000, 0.000000000000000000 ) ) ;
#5830 = VERTEX_POINT ( 'NONE', #1065 ) ;
#5831 = CARTESIAN_POINT ( 'NONE',  ( -58.38494646555472656, 36.93153840300433899, 41.80274812105765392 ) ) ;
#5832 = CARTESIAN_POINT ( 'NONE',  ( -58.00081428038467379, 36.64677149463980754, 42.59967207718551663 ) ) ;
#5833 = AXIS2_PLACEMENT_3D ( 'NONE', #4574, #1048, #6133 ) ;
#5834 = VERTEX_POINT ( 'NONE', #1568 ) ;
#5835 = EDGE_CURVE ( 'NONE', #1610, #2370, #3228, .T. ) ;
#5836 = ADVANCED_FACE ( 'NONE', ( #3064 ), #6547, .F. ) ;
#5837 = CARTESIAN_POINT ( 'NONE',  ( -61.89589070591154041, 38.00000000000000711, 39.63218443946629321 ) ) ;
#5838 = ORIENTED_EDGE ( 'NONE', *, *, #3295, .T. ) ;
#5839 = CARTESIAN_POINT ( 'NONE',  ( -58.02131543794050117, 39.39236671892404473, 38.45042956080373386 ) ) ;
#5840 = CARTESIAN_POINT ( 'NONE',  ( 57.75500231374535787, 36.47791219860096845, -2.132832606474910797 ) ) ;
#5841 = VERTEX_POINT ( 'NONE', #72 ) ;
#5842 = DIRECTION ( 'NONE',  ( 0.000000000000000000, 0.8191520442889909104, 0.5735764363510474917 ) ) ;
#5843 = CARTESIAN_POINT ( 'NONE',  ( -57.99569088000913553, 36.71644985365946923, 42.49534470432003985 ) ) ;
#5844 = CARTESIAN_POINT ( 'NONE',  ( -58.00820193063030672, 36.89455580159913239, 42.23026162052244814 ) ) ;
#5845 = CARTESIAN_POINT ( 'NONE',  ( 59.26632230118548250, 34.00000000000000711, 41.46798875288059349 ) ) ;
#5846 = ORIENTED_EDGE ( 'NONE', *, *, #5558, .T. ) ;
#5847 = DIRECTION ( 'NONE',  ( 0.000000000000000000, 0.000000000000000000, 1.000000000000000000 ) ) ;
#5848 = CARTESIAN_POINT ( 'NONE',  ( -58.20375868781174944, 38.77248373127214620, 37.94071140486566662 ) ) ;
#5849 = CARTESIAN_POINT ( 'NONE',  ( -58.33468572183224410, 38.39310557260686352, 37.86332241867943793 ) ) ;
#5850 = ORIENTED_EDGE ( 'NONE', *, *, #5194, .F. ) ;
#5851 = CARTESIAN_POINT ( 'NONE',  ( 31.00000000000000000, 36.00000000000000711, -54.15000000000001279 ) ) ;
#5852 = CARTESIAN_POINT ( 'NONE',  ( -58.02280296195085185, 36.77788874222078874, 42.39775234565981066 ) ) ;
#5853 = VECTOR ( 'NONE', #3393, 1000.000000000000114 ) ;
#5854 = CARTESIAN_POINT ( 'NONE',  ( -70.43535897468470353, 35.00000000000000000, -54.26535897468450287 ) ) ;
#5855 = EDGE_CURVE ( 'NONE', #791, #2535, #1036, .T. ) ;
#5856 = CARTESIAN_POINT ( 'NONE',  ( -58.00586255230897592, 39.82256841917820367, 37.74560389697817442 ) ) ;
#5857 = CARTESIAN_POINT ( 'NONE',  ( 0.000000000000000000, 38.00000000000000711, -8.646254786282208116 ) ) ;
#5858 = CARTESIAN_POINT ( 'NONE',  ( 56.48072444762193811, 44.04546540267640609, -2.917114706050614625 ) ) ;
#5859 = ORIENTED_EDGE ( 'NONE', *, *, #3655, .T. ) ;
#5860 = VERTEX_POINT ( 'NONE', #4626 ) ;
#5861 = AXIS2_PLACEMENT_3D ( 'NONE', #2145, #1655, #4212 ) ;
#5862 = EDGE_CURVE ( 'NONE', #3290, #6367, #6197, .T. ) ;
#5863 = CARTESIAN_POINT ( 'NONE',  ( -70.43535897468416351, 38.00000000000000711, 57.36535897468439771 ) ) ;
#5864 = CARTESIAN_POINT ( 'NONE',  ( -70.43535897468416351, 38.00000000000000711, 57.36535897468439771 ) ) ;
#5865 = VECTOR ( 'NONE', #5682, 1000.000000000000000 ) ;
#5866 = DIRECTION ( 'NONE',  ( 0.000000000000000000, 0.000000000000000000, 1.000000000000000000 ) ) ;
#5867 = ORIENTED_EDGE ( 'NONE', *, *, #561, .F. ) ;
#5868 = EDGE_CURVE ( 'NONE', #174, #4926, #505, .T. ) ;
#5869 = CARTESIAN_POINT ( 'NONE',  ( -58.22116097974519278, 37.05493361502374938, 41.77673656259307933 ) ) ;
#5870 = CARTESIAN_POINT ( 'NONE',  ( -58.00473716695196202, 36.24074679602706794, 43.41383109488391767 ) ) ;
#5871 = VERTEX_POINT ( 'NONE', #4094 ) ;
#5872 = CARTESIAN_POINT ( 'NONE',  ( -58.49332471150114543, 40.03600000000000847, -6.594520787480719015 ) ) ;
#5873 = ORIENTED_EDGE ( 'NONE', *, *, #2085, .T. ) ;
#5874 = CARTESIAN_POINT ( 'NONE',  ( -58.03516499918112714, 38.88007254497627940, 39.22113815467076847 ) ) ;
#5875 = CARTESIAN_POINT ( 'NONE',  ( -36.00000000000000711, 36.36169591142201796, 43.00284712729789760 ) ) ;
#5876 = ORIENTED_EDGE ( 'NONE', *, *, #4431, .F. ) ;
#5877 = LINE ( 'NONE', #645, #3803 ) ;
#5878 = CIRCLE ( 'NONE', #6500, 2.000000000000001776 ) ;
#5879 = CARTESIAN_POINT ( 'NONE',  ( -57.99971751118069818, 36.38591774745447793, 43.05573992797696548 ) ) ;
#5880 = CARTESIAN_POINT ( 'NONE',  ( -58.00123845378500675, 36.68439408564762516, 42.54295744876347385 ) ) ;
#5881 = CARTESIAN_POINT ( 'NONE',  ( 57.99999999999999289, 32.00000000000000000, -8.646254786282211668 ) ) ;
#5882 = CARTESIAN_POINT ( 'NONE',  ( -57.98185914507685368, 37.76758188922001125, 41.01235316921373908 ) ) ;
#5883 = VERTEX_POINT ( 'NONE', #9 ) ;
#5884 =( NAMED_UNIT ( * ) SI_UNIT ( $, .STERADIAN. ) SOLID_ANGLE_UNIT ( ) );
#5885 = CARTESIAN_POINT ( 'NONE',  ( -58.00974523892868007, 39.74329150415876200, 37.88818380114169315 ) ) ;
#5886 = CARTESIAN_POINT ( 'NONE',  ( -60.00000000000000000, 36.53589838486225716, -4.389543696378558124 ) ) ;
#5887 = VERTEX_POINT ( 'NONE', #5026 ) ;
#5888 = CARTESIAN_POINT ( 'NONE',  ( -36.00000000000000000, 54.20514562966183547, 12.28941959192743383 ) ) ;
#5889 = CARTESIAN_POINT ( 'NONE',  ( -58.01525788476875789, 36.73566622512695545, 42.46329991788302038 ) ) ;
#5890 = VECTOR ( 'NONE', #6534, 1000.000000000000000 ) ;
#5891 = DIRECTION ( 'NONE',  ( 0.000000000000000000, 1.000000000000000000, 0.000000000000000000 ) ) ;
#5892 = CARTESIAN_POINT ( 'NONE',  ( -58.00664611003035986, 39.80879213809713946, 37.76488668948068295 ) ) ;
#5893 = LINE ( 'NONE', #307, #3853 ) ;
#5894 = DIRECTION ( 'NONE',  ( -0.000000000000000000, 1.000000000000000000, 0.000000000000000000 ) ) ;
#5895 = VERTEX_POINT ( 'NONE', #2591 ) ;
#5896 = CARTESIAN_POINT ( 'NONE',  ( -70.43535897468470353, 38.00000000000000711, -55.81535897468449292 ) ) ;
#5897 = CARTESIAN_POINT ( 'NONE',  ( -58.09258794454019892, 37.41425354975411466, 41.36674687765854941 ) ) ;
#5898 = CARTESIAN_POINT ( 'NONE',  ( -70.43535897468470353, 38.00000000000000711, -54.26535897468450287 ) ) ;
#5899 =( BOUNDED_CURVE ( )  B_SPLINE_CURVE ( 3, ( #4532, #45, #2094, #541 ),
 .UNSPECIFIED., .F., .F. ) 
 B_SPLINE_CURVE_WITH_KNOTS ( ( 4, 4 ),
 ( 3.141592653589793116, 4.712388980384691450 ),
 .UNSPECIFIED. ) 
 CURVE ( )  GEOMETRIC_REPRESENTATION_ITEM ( )  RATIONAL_B_SPLINE_CURVE ( ( 1.000000000000000000, 0.8047378541243646044, 0.8047378541243646044, 1.000000000000000000 ) ) 
 REPRESENTATION_ITEM ( '' )  );
#5900 = CYLINDRICAL_SURFACE ( 'NONE', #5565, 9.999999999999998224 ) ;
#5901 = CIRCLE ( 'NONE', #6205, 7.600000000000002309 ) ;
#5902 = ORIENTED_EDGE ( 'NONE', *, *, #6141, .F. ) ;
#5903 = CARTESIAN_POINT ( 'NONE',  ( -58.09030099853252693, 37.22368149134197068, 41.66554234437584370 ) ) ;
#5904 = CARTESIAN_POINT ( 'NONE',  ( -58.00013427959310519, 36.68347641683597971, 42.54437373896330143 ) ) ;
#5905 = ORIENTED_EDGE ( 'NONE', *, *, #3065, .F. ) ;
#5906 = CARTESIAN_POINT ( 'NONE',  ( -14.97739048758310787, 35.51438244959670243, -12.15000000000000213 ) ) ;
#5907 = CIRCLE ( 'NONE', #906, 1.599999999999997202 ) ;
#5908 = CARTESIAN_POINT ( 'NONE',  ( -58.04838334480584905, 38.99972863632915221, 38.94589257027132589 ) ) ;
#5909 = LINE ( 'NONE', #2307, #4380 ) ;
#5910 = ORIENTED_EDGE ( 'NONE', *, *, #2130, .F. ) ;
#5911 = CARTESIAN_POINT ( 'NONE',  ( -57.99999999999999289, 39.31595971334866846, -6.766869544710391260 ) ) ;
#5912 = CARTESIAN_POINT ( 'NONE',  ( -57.99757595633492002, 36.64671908120146782, 42.59975621605207863 ) ) ;
#5913 = CARTESIAN_POINT ( 'NONE',  ( -58.00195413593646521, 36.68737595842472388, 42.53847033786097143 ) ) ;
#5914 = VECTOR ( 'NONE', #6108, 1000.000000000000000 ) ;
#5915 = DIRECTION ( 'NONE',  ( 0.000000000000000000, 1.000000000000000000, 0.000000000000000000 ) ) ;
#5916 = CARTESIAN_POINT ( 'NONE',  ( -58.05857519875119976, 37.89601836887958086, 40.68293409422654605 ) ) ;
#5917 = ORIENTED_EDGE ( 'NONE', *, *, #2226, .T. ) ;
#5918 = CARTESIAN_POINT ( 'NONE',  ( -58.00407151037665443, 39.76927472028999944, 37.96445442201373055 ) ) ;
#5919 = CYLINDRICAL_SURFACE ( 'NONE', #4676, 1.599999999999995870 ) ;
#5920 = CIRCLE ( 'NONE', #4742, 3.599999999999998312 ) ;
#5921 = EDGE_LOOP ( 'NONE', ( #1730, #3122, #218, #862 ) ) ;
#5922 = CARTESIAN_POINT ( 'NONE',  ( 23.00000000000001421, 32.00000000000000000, -46.15000000000001279 ) ) ;
#5923 = CARTESIAN_POINT ( 'NONE',  ( -58.02515130914408559, 36.71449104297713006, 42.49186195855030235 ) ) ;
#5924 = CARTESIAN_POINT ( 'NONE',  ( 60.00000000000000000, 40.00000000000000711, 37.80681039527357257 ) ) ;
#5925 = ADVANCED_FACE ( 'NONE', ( #5522 ), #2559, .F. ) ;
#5926 = EDGE_CURVE ( 'NONE', #4041, #4327, #2446, .T. ) ;
#5927 = CARTESIAN_POINT ( 'NONE',  ( -59.19458540130159463, 37.12188267936332409, 37.83671574936543891 ) ) ;
#5928 =( LENGTH_UNIT ( ) NAMED_UNIT ( * ) SI_UNIT ( .MILLI., .METRE. ) );
#5929 = LINE ( 'NONE', #4857, #1792 ) ;
#5930 = ORIENTED_EDGE ( 'NONE', *, *, #1359, .T. ) ;
#5931 = CYLINDRICAL_SURFACE ( 'NONE', #4862, 4.000000000000003553 ) ;
#5932 = CARTESIAN_POINT ( 'NONE',  ( -58.06974387542213378, 37.45005386288286786, 41.34642078218853811 ) ) ;
#5933 = DIRECTION ( 'NONE',  ( 0.000000000000000000, -0.5735764363510473807, 0.8191520442889909104 ) ) ;
#5934 = VECTOR ( 'NONE', #1812, 1000.000000000000000 ) ;
#5935 = PRODUCT_RELATED_PRODUCT_CATEGORY ( 'part', '', ( #446 ) ) ;
#5936 = DIRECTION ( 'NONE',  ( -0.000000000000000000, 1.000000000000000000, -0.000000000000000000 ) ) ;
#5937 = ORIENTED_EDGE ( 'NONE', *, *, #1, .F. ) ;
#5938 = CARTESIAN_POINT ( 'NONE',  ( -58.00670353576187921, 36.12181520629724218, 43.78214592426883200 ) ) ;
#5939 = EDGE_CURVE ( 'NONE', #2998, #4868, #6119, .T. ) ;
#5940 = VERTEX_POINT ( 'NONE', #5123 ) ;
#5941 = DIRECTION ( 'NONE',  ( -1.000000000000000000, 0.000000000000000000, 0.000000000000000000 ) ) ;
#5942 = EDGE_CURVE ( 'NONE', #4339, #1916, #4961, .T. ) ;
#5943 = CARTESIAN_POINT ( 'NONE',  ( -58.06983570893174829, 38.92182654113607754, 38.95129821821965521 ) ) ;
#5944 = CARTESIAN_POINT ( 'NONE',  ( 37.49999999999999289, 36.50670132339097762, 34.07852395930014211 ) ) ;
#5945 = ORIENTED_EDGE ( 'NONE', *, *, #4753, .T. ) ;
#5946 = DIRECTION ( 'NONE',  ( -1.000000000000000000, 0.000000000000000000, 0.000000000000000000 ) ) ;
#5947 = VECTOR ( 'NONE', #4546, 1000.000000000000000 ) ;
#5948 = CARTESIAN_POINT ( 'NONE',  ( -57.99328671247267408, 36.66628203617722193, 42.57006256808004707 ) ) ;
#5949 = CARTESIAN_POINT ( 'NONE',  ( -58.00475072008445920, 36.89026261140869423, 42.23680797655194397 ) ) ;
#5950 = CARTESIAN_POINT ( 'NONE',  ( 57.99999999999999289, 34.00000000000000711, -8.646254786282211668 ) ) ;
#5951 = CARTESIAN_POINT ( 'NONE',  ( -58.06844590770411685, 37.55468826978650299, 41.18872118953822081 ) ) ;
#5952 = ORIENTED_EDGE ( 'NONE', *, *, #4921, .F. ) ;
#5953 = CARTESIAN_POINT ( 'NONE',  ( -58.02119219455637733, 39.56411306413284734, 38.09529580495826906 ) ) ;
#5954 = DIRECTION ( 'NONE',  ( 0.000000000000000000, -0.8191520442889912434, -0.5735764363510471586 ) ) ;
#5955 = ORIENTED_EDGE ( 'NONE', *, *, #3567, .T. ) ;
#5956 = CARTESIAN_POINT ( 'NONE',  ( -58.06357866153812353, 36.70851076709603689, 42.48695513468105389 ) ) ;
#5957 = EDGE_CURVE ( 'NONE', #2005, #3642, #6421, .T. ) ;
#5958 = LINE ( 'NONE', #1826, #4873 ) ;
#5959 = CARTESIAN_POINT ( 'NONE',  ( -58.02557266324495089, 39.58517986881776096, 37.79577260322592736 ) ) ;
#5960 = AXIS2_PLACEMENT_3D ( 'NONE', #5664, #1650, #720 ) ;
#5961 = CARTESIAN_POINT ( 'NONE',  ( 57.65154062767157228, 46.11029933731103370, -2.165576615140854866 ) ) ;
#5962 = ORIENTED_EDGE ( 'NONE', *, *, #3797, .F. ) ;
#5963 = DIRECTION ( 'NONE',  ( 0.000000000000000000, 1.000000000000000000, 0.000000000000000000 ) ) ;
#5964 = CARTESIAN_POINT ( 'NONE',  ( 60.00000000000000000, 34.00000000000000000, -4.389543696378561677 ) ) ;
#5965 = ORIENTED_EDGE ( 'NONE', *, *, #1232, .T. ) ;
#5966 = CARTESIAN_POINT ( 'NONE',  ( -58.00189712363775385, 36.68507270043009072, 42.54200074454311675 ) ) ;
#5967 = ORIENTED_EDGE ( 'NONE', *, *, #2849, .F. ) ;
#5968 = VECTOR ( 'NONE', #4407, 1000.000000000000000 ) ;
#5969 = CARTESIAN_POINT ( 'NONE',  ( -59.72915899869840217, 34.00000000000000000, -5.562090497314406967 ) ) ;
#5970 = CARTESIAN_POINT ( 'NONE',  ( -58.27866194609229922, 38.22966588208117145, 39.30942361882735980 ) ) ;
#5971 = CARTESIAN_POINT ( 'NONE',  ( -10.06833093999422246, 35.74237426964123898, -54.15000000000001990 ) ) ;
#5972 = ORIENTED_EDGE ( 'NONE', *, *, #3215, .F. ) ;
#5973 = DIRECTION ( 'NONE',  ( 0.000000000000000000, 0.000000000000000000, -1.000000000000000000 ) ) ;
#5974 = CARTESIAN_POINT ( 'NONE',  ( -57.99120061605972865, 36.83535275010762433, 42.31854286768520268 ) ) ;
#5975 = VECTOR ( 'NONE', #68, 1000.000000000000000 ) ;
#5976 = CARTESIAN_POINT ( 'NONE',  ( -58.04522995291860354, 36.17493103931937526, 43.59389449727020605 ) ) ;
#5977 = ADVANCED_FACE ( 'NONE', ( #4660 ), #6323, .T. ) ;
#5978 = DIRECTION ( 'NONE',  ( -0.000000000000000000, -1.000000000000000000, -0.000000000000000000 ) ) ;
#5979 = CARTESIAN_POINT ( 'NONE',  ( -58.15667568339827653, 37.45814804865697312, 41.19138836765622358 ) ) ;
#5980 = VERTEX_POINT ( 'NONE', #5259 ) ;
#5981 = CARTESIAN_POINT ( 'NONE',  ( -58.02443105857761907, 39.53721090643888658, 38.09650796783748206 ) ) ;
#5982 = CARTESIAN_POINT ( 'NONE',  ( -58.05466418614543755, 39.36045810906716724, 37.85223042529216997 ) ) ;
#5983 = ADVANCED_FACE ( 'NONE', ( #2196 ), #6254, .F. ) ;
#5984 = EDGE_LOOP ( 'NONE', ( #5504, #664 ) ) ;
#5985 = CARTESIAN_POINT ( 'NONE',  ( -58.01007875630686783, 36.72138223154703240, 42.48636024676796552 ) ) ;
#5986 = CARTESIAN_POINT ( 'NONE',  ( -76.11999999999999034, 35.00000000000000000, 59.14999999999999147 ) ) ;
#5987 = CARTESIAN_POINT ( 'NONE',  ( -57.99623531887349515, 39.97789533992963840, 37.73055756720623322 ) ) ;
#5988 = DIRECTION ( 'NONE',  ( 0.000000000000000000, -0.8191520442889912434, -0.5735764363510471586 ) ) ;
#5989 = ORIENTED_EDGE ( 'NONE', *, *, #2097, .T. ) ;
#5990 = DIRECTION ( 'NONE',  ( -0.000000000000000000, 0.8191520442889907994, 0.5735764363510474917 ) ) ;
#5991 = CARTESIAN_POINT ( 'NONE',  ( -70.43535897468470353, 35.00000000000000000, -55.81535897468449292 ) ) ;
#5992 = FACE_OUTER_BOUND ( 'NONE', #2412, .T. ) ;
#5993 = VECTOR ( 'NONE', #3908, 1000.000000000000000 ) ;
#5994 = DIRECTION ( 'NONE',  ( 0.000000000000000000, 0.5735764363510470476, -0.8191520442889911324 ) ) ;
#5995 = CARTESIAN_POINT ( 'NONE',  ( -57.99976978435122987, 36.68837555866475952, 42.53708958241438154 ) ) ;
#5996 = ORIENTED_EDGE ( 'NONE', *, *, #1984, .F. ) ;
#5997 = CARTESIAN_POINT ( 'NONE',  ( -59.99712829100097622, 34.00000000000000711, -4.054097739584252125 ) ) ;
#5998 = CARTESIAN_POINT ( 'NONE',  ( -58.05324140779982400, 38.80860053175521074, 39.24994472547878388 ) ) ;
#5999 = CARTESIAN_POINT ( 'NONE',  ( -62.00000000000000000, 38.00000000000000711, -4.389543696378558124 ) ) ;
#6000 = CIRCLE ( 'NONE', #802, 4.925000000000013145 ) ;
#6001 = CARTESIAN_POINT ( 'NONE',  ( -59.04699154237961523, 38.00000000000000711, -8.535463988237266264 ) ) ;
#6002 = CARTESIAN_POINT ( 'NONE',  ( -57.98911588252021687, 36.68424698587142530, 42.54322853507530766 ) ) ;
#6003 = CARTESIAN_POINT ( 'NONE',  ( -58.00369227358223156, 36.63458624893117843, 42.61845408887306519 ) ) ;
#6004 = AXIS2_PLACEMENT_3D ( 'NONE', #3623, #1062, #4186 ) ;
#6005 = VECTOR ( 'NONE', #1186, 1000.000000000000000 ) ;
#6006 = FACE_OUTER_BOUND ( 'NONE', #2700, .T. ) ;
#6007 = CARTESIAN_POINT ( 'NONE',  ( -58.13700291649075069, 37.48617818383599598, 41.17897762652125948 ) ) ;
#6008 = VERTEX_POINT ( 'NONE', #4762 ) ;
#6009 = CARTESIAN_POINT ( 'NONE',  ( -58.08926344129923791, 39.15151458820189845, 38.03861344251730969 ) ) ;
#6010 = DIRECTION ( 'NONE',  ( 0.000000000000000000, 0.000000000000000000, 1.000000000000000000 ) ) ;
#6011 = ORIENTED_EDGE ( 'NONE', *, *, #4889, .F. ) ;
#6012 = CARTESIAN_POINT ( 'NONE',  ( -58.01820747798911526, 36.66810198676937915, 42.56484519788507015 ) ) ;
#6013 = DIRECTION ( 'NONE',  ( 0.000000000000000000, 0.000000000000000000, 1.000000000000000000 ) ) ;
#6014 = ADVANCED_FACE ( 'NONE', ( #210 ), #742, .F. ) ;
#6015 = CARTESIAN_POINT ( 'NONE',  ( -58.11163516710215760, 39.06991251147776723, 37.81645145274658404 ) ) ;
#6016 = ADVANCED_FACE ( 'NONE', ( #4227 ), #6222, .T. ) ;
#6017 = CARTESIAN_POINT ( 'NONE',  ( -62.00000000000000000, 32.00000000000000000, -4.389543696378554571 ) ) ;
#6018 = VERTEX_POINT ( 'NONE', #3161 ) ;
#6019 = CARTESIAN_POINT ( 'NONE',  ( -57.97795072726940901, 37.32059316987094633, 41.63967193872473160 ) ) ;
#6020 = LINE ( 'NONE', #874, #4052 ) ;
#6021 = CARTESIAN_POINT ( 'NONE',  ( -76.11999999999999034, 38.00000000000000711, -59.14999999999999858 ) ) ;
#6022 = CARTESIAN_POINT ( 'NONE',  ( 58.96464529240456187, 37.26763150234717870, 41.96767248176148257 ) ) ;
#6023 = CARTESIAN_POINT ( 'NONE',  ( -70.43535897468416351, 35.00000000000000000, 54.26535897468441050 ) ) ;
#6024 = CARTESIAN_POINT ( 'NONE',  ( -57.99976881544925789, 36.68507270043009072, 42.54200074454311675 ) ) ;
#6025 = ORIENTED_EDGE ( 'NONE', *, *, #570, .F. ) ;
#6026 = DIRECTION ( 'NONE',  ( 0.000000000000000000, 0.000000000000000000, 1.000000000000000000 ) ) ;
#6027 = CARTESIAN_POINT ( 'NONE',  ( -58.06165950465732095, 38.24743918666626996, 40.13446003471226220 ) ) ;
#6028 = LINE ( 'NONE', #2594, #2250 ) ;
#6029 = FACE_OUTER_BOUND ( 'NONE', #4883, .T. ) ;
#6030 = CARTESIAN_POINT ( 'NONE',  ( -57.99320288758512021, 36.64671908120146782, 42.59975621605207152 ) ) ;
#6031 = CARTESIAN_POINT ( 'NONE',  ( -58.00060850171650628, 36.78342282204427960, 42.39574910124388651 ) ) ;
#6032 = CARTESIAN_POINT ( 'NONE',  ( -37.50000000000000711, 60.02163516015992428, 12.69984564081569012 ) ) ;
#6033 = CARTESIAN_POINT ( 'NONE',  ( -58.06963348688712045, 37.55150211381004510, 41.19159703540637452 ) ) ;
#6034 = VERTEX_POINT ( 'NONE', #4156 ) ;
#6035 = CARTESIAN_POINT ( 'NONE',  ( -58.01644204225930679, 39.63419843316893321, 38.01385383238365279 ) ) ;
#6036 = CARTESIAN_POINT ( 'NONE',  ( 56.27785711175808814, 46.25824894800436482, -5.574601400057112244 ) ) ;
#6037 = DIRECTION ( 'NONE',  ( -0.000000000000000000, -1.000000000000000000, -0.000000000000000000 ) ) ;
#6038 = ORIENTED_EDGE ( 'NONE', *, *, #4750, .F. ) ;
#6039 = CARTESIAN_POINT ( 'NONE',  ( -58.00547244648367951, 36.73997663331736163, 42.45972566120378389 ) ) ;
#6040 = CARTESIAN_POINT ( 'NONE',  ( -14.92845646745274024, 35.75013825572349191, -54.15000000000002700 ) ) ;
#6041 = DIRECTION ( 'NONE',  ( 0.000000000000000000, -1.000000000000000000, 0.000000000000000000 ) ) ;
#6042 = CARTESIAN_POINT ( 'NONE',  ( -58.00844147081010505, 39.77776445226312774, 37.80469807779086011 ) ) ;
#6043 = CARTESIAN_POINT ( 'NONE',  ( 0.000000000000000000, 38.00000000000000711, -62.15000000000000568 ) ) ;
#6044 = VERTEX_POINT ( 'NONE', #4725 ) ;
#6045 = CARTESIAN_POINT ( 'NONE',  ( -58.05224722620112487, 36.99420541578916755, 42.05496378913150579 ) ) ;
#6046 = EDGE_CURVE ( 'NONE', #1927, #1995, #6185, .T. ) ;
#6047 = CARTESIAN_POINT ( 'NONE',  ( -37.50000000000000711, 55.20529314835791013, 7.374167315537461853 ) ) ;
#6048 = CIRCLE ( 'NONE', #3504, 1.549999999999995826 ) ;
#6049 = CARTESIAN_POINT ( 'NONE',  ( 62.00000000000000000, 38.00000000000000711, -4.389543696378561677 ) ) ;
#6050 = CARTESIAN_POINT ( 'NONE',  ( 37.49999999999999289, 54.28757085025051055, 8.684810586322338821 ) ) ;
#6051 = DIRECTION ( 'NONE',  ( 1.000000000000000000, 0.000000000000000000, 0.000000000000000000 ) ) ;
#6052 = ADVANCED_FACE ( 'NONE', ( #1734 ), #3876, .T. ) ;
#6053 = CARTESIAN_POINT ( 'NONE',  ( -58.00004309982450934, 36.67944781196913340, 42.55036588382959906 ) ) ;
#6054 = VECTOR ( 'NONE', #4917, 1000.000000000000000 ) ;
#6055 = ORIENTED_EDGE ( 'NONE', *, *, #3397, .T. ) ;
#6056 = CARTESIAN_POINT ( 'NONE',  ( -12.49000314338606721, 35.09990890406881192, -12.15000000000000924 ) ) ;
#6057 = CARTESIAN_POINT ( 'NONE',  ( -58.05120268835624842, 38.63890053714045081, 39.53739264470914350 ) ) ;
#6058 = CARTESIAN_POINT ( 'NONE',  ( -73.11999999999999034, 38.00000000000000711, 62.14999999999999858 ) ) ;
#6059 = ADVANCED_FACE ( 'NONE', ( #2698 ), #5295, .T. ) ;
#6060 = CARTESIAN_POINT ( 'NONE',  ( -58.51146562952635577, 34.00000000000000711, 42.50810454211283229 ) ) ;
#6061 = CARTESIAN_POINT ( 'NONE',  ( -57.98873733009470044, 36.63383693052111312, 42.61969247552439555 ) ) ;
#6062 = CARTESIAN_POINT ( 'NONE',  ( -58.00157939871618140, 36.67437317673893915, 42.55786216529138954 ) ) ;
#6063 = CIRCLE ( 'NONE', #1988, 1.999999999999999778 ) ;
#6064 = CYLINDRICAL_SURFACE ( 'NONE', #2707, 3.599999999999998312 ) ;
#6065 = CARTESIAN_POINT ( 'NONE',  ( -58.78575371603570687, 36.70474965312000393, 41.71125551548834665 ) ) ;
#6066 = VERTEX_POINT ( 'NONE', #2622 ) ;
#6067 = CARTESIAN_POINT ( 'NONE',  ( -59.28839432544499743, 37.02670821715997818, 38.29828099954469423 ) ) ;
#6068 = CARTESIAN_POINT ( 'NONE',  ( 58.24499768625464924, 36.47791219860094714, -6.646254786282210780 ) ) ;
#6069 = AXIS2_PLACEMENT_3D ( 'NONE', #6121, #6518, #1067 ) ;
#6070 = CARTESIAN_POINT ( 'NONE',  ( 0.000000000000000000, 38.40000000000000568, 0.000000000000000000 ) ) ;
#6071 = CARTESIAN_POINT ( 'NONE',  ( -58.01639945815130517, 36.70251857564515774, 42.51289666541045165 ) ) ;
#6072 = CARTESIAN_POINT ( 'NONE',  ( -57.98008368133573498, 36.64671908120146782, 42.59975621605207152 ) ) ;
#6073 = CARTESIAN_POINT ( 'NONE',  ( -15.37326034323381663, 36.00000000000000711, -54.15000000000001279 ) ) ;
#6074 = PLANE ( 'NONE',  #2054 ) ;
#6075 = CARTESIAN_POINT ( 'NONE',  ( -57.99709257920677885, 39.93549459792679812, 37.78888407051805842 ) ) ;
#6076 = CARTESIAN_POINT ( 'NONE',  ( -57.99999999999999289, 34.00000000000000711, -8.646254786282208116 ) ) ;
#6077 = VERTEX_POINT ( 'NONE', #1637 ) ;
#6078 = CARTESIAN_POINT ( 'NONE',  ( -58.05428707611163475, 36.98834553249439239, 42.06212105192808082 ) ) ;
#6079 = CARTESIAN_POINT ( 'NONE',  ( -57.99999999999999289, 40.00000000000000711, 37.80681039527357257 ) ) ;
#6080 = CARTESIAN_POINT ( 'NONE',  ( 61.19866736597653301, 38.00000000000000711, -7.005491538408892715 ) ) ;
#6081 = CARTESIAN_POINT ( 'NONE',  ( 58.03358273592215966, 34.00000000000000711, 42.78059757775795191 ) ) ;
#6082 = PLANE ( 'NONE',  #4412 ) ;
#6083 = VERTEX_POINT ( 'NONE', #3663 ) ;
#6084 = CARTESIAN_POINT ( 'NONE',  ( -57.99976784654728590, 36.68176984219542192, 42.54691190667185907 ) ) ;
#6085 = VERTEX_POINT ( 'NONE', #176 ) ;
#6086 = EDGE_CURVE ( 'NONE', #3211, #289, #676, .T. ) ;
#6087 = AXIS2_PLACEMENT_3D ( 'NONE', #1800, #3839, #2904 ) ;
#6088 = DIRECTION ( 'NONE',  ( -1.000000000000000000, 0.000000000000000000, 2.990902544787598715E-17 ) ) ;
#6089 = ADVANCED_FACE ( 'NONE', ( #5686 ), #245, .T. ) ;
#6090 = CARTESIAN_POINT ( 'NONE',  ( -59.44273716929824758, 36.61124098246426684, 40.61037054711790972 ) ) ;
#6091 = LINE ( 'NONE', #3534, #2031 ) ;
#6092 = FACE_OUTER_BOUND ( 'NONE', #6498, .T. ) ;
#6093 = CARTESIAN_POINT ( 'NONE',  ( -58.07097284694570760, 37.31487930073630821, 41.55040039928844209 ) ) ;
#6094 = CARTESIAN_POINT ( 'NONE',  ( -58.00071737261593086, 36.71807291876316981, 42.49291122543436927 ) ) ;
#6095 = CARTESIAN_POINT ( 'NONE',  ( -58.06463734614418115, 37.52982472598895924, 41.23294322294172787 ) ) ;
#6096 = ORIENTED_EDGE ( 'NONE', *, *, #3160, .F. ) ;
#6097 = CARTESIAN_POINT ( 'NONE',  ( -58.02919702040776428, 39.41095066091237697, 38.32711362502019625 ) ) ;
#6098 = CARTESIAN_POINT ( 'NONE',  ( 59.99999999999998579, 36.47791219860095424, -4.078352470532379037 ) ) ;
#6099 = CARTESIAN_POINT ( 'NONE',  ( 57.99999999999999289, 63.54551899874132204, 4.180324369512661065 ) ) ;
#6100 = AXIS2_PLACEMENT_3D ( 'NONE', #4263, #6187, #1639 ) ;
#6101 = CARTESIAN_POINT ( 'NONE',  ( -58.42213002134607791, 36.13261125512184435, 43.66702073450273502 ) ) ;
#6102 = AXIS2_PLACEMENT_3D ( 'NONE', #480, #2102, #2501 ) ;
#6103 = CARTESIAN_POINT ( 'NONE',  ( -57.98445675008553479, 36.64671908120146782, 42.59975621605207152 ) ) ;
#6104 = DIRECTION ( 'NONE',  ( 0.000000000000000000, 0.000000000000000000, -1.000000000000000000 ) ) ;
#6105 = FACE_OUTER_BOUND ( 'NONE', #1853, .T. ) ;
#6106 = CARTESIAN_POINT ( 'NONE',  ( -58.02848074647516796, 39.55857166633826694, 37.83423694400046600 ) ) ;
#6107 = CARTESIAN_POINT ( 'NONE',  ( 60.34314575050760965, 34.00000000000000711, 44.78059757775795902 ) ) ;
#6108 = DIRECTION ( 'NONE',  ( -0.000000000000000000, 1.000000000000000000, -0.000000000000000000 ) ) ;
#6109 = CARTESIAN_POINT ( 'NONE',  ( -58.06334333583178164, 37.08267669521001153, 41.91127201193382490 ) ) ;
#6110 = ADVANCED_FACE ( 'NONE', ( #5794 ), #1132, .F. ) ;
#6111 = AXIS2_PLACEMENT_3D ( 'NONE', #5922, #336, #797 ) ;
#6112 = DIRECTION ( 'NONE',  ( 1.000000000000000000, 0.000000000000000000, -1.119176436114068839E-16 ) ) ;
#6113 = DIRECTION ( 'NONE',  ( 0.000000000000000000, -0.8191520442889912434, -0.5735764363510471586 ) ) ;
#6114 = CARTESIAN_POINT ( 'NONE',  ( 58.03358273592215966, 37.26763150234717870, 42.78059757775795191 ) ) ;
#6115 = DIRECTION ( 'NONE',  ( 0.000000000000000000, -0.8191520442889911324, -0.5735764363510470476 ) ) ;
#6116 = EDGE_LOOP ( 'NONE', ( #4723, #2474, #188, #1805, #6343 ) ) ;
#6117 = AXIS2_PLACEMENT_3D ( 'NONE', #2435, #1387, #5435 ) ;
#6118 = VERTEX_POINT ( 'NONE', #2659 ) ;
#6119 = LINE ( 'NONE', #4562, #146 ) ;
#6120 = CARTESIAN_POINT ( 'NONE',  ( -58.84438282116175145, 37.26579937615605331, 39.76241545895021545 ) ) ;
#6121 = CARTESIAN_POINT ( 'NONE',  ( -71.01999999999998181, 32.00000000000000000, 49.55065792321466489 ) ) ;
#6122 = CARTESIAN_POINT ( 'NONE',  ( 58.38386695630831014, 38.00046124362339128, 40.66244768459642955 ) ) ;
#6123 = EDGE_CURVE ( 'NONE', #163, #5459, #1322, .T. ) ;
#6124 = CARTESIAN_POINT ( 'NONE',  ( -58.06967899986597104, 37.31791107396755791, 41.54749394184091926 ) ) ;
#6125 =( BOUNDED_CURVE ( )  B_SPLINE_CURVE ( 3, ( #3727, #4098, #6122, #2530 ),
 .UNSPECIFIED., .F., .F. ) 
 B_SPLINE_CURVE_WITH_KNOTS ( ( 4, 4 ),
 ( 1.570796326794896558, 2.329476708081952729 ),
 .UNSPECIFIED. ) 
 CURVE ( )  GEOMETRIC_REPRESENTATION_ITEM ( )  RATIONAL_B_SPLINE_CURVE ( ( 1.000000000000000000, 0.9526061134724399526, 0.9526061134724399526, 1.000000000000000000 ) ) 
 REPRESENTATION_ITEM ( '' )  );
#6126 = CARTESIAN_POINT ( 'NONE',  ( -58.02941586255687412, 36.17481808777772301, 43.59471149676872415 ) ) ;
#6127 = EDGE_CURVE ( 'NONE', #2061, #2747, #1849, .T. ) ;
#6128 = CARTESIAN_POINT ( 'NONE',  ( -57.99999999999999289, 38.36169591142202506, 43.63344470505586514 ) ) ;
#6129 = CARTESIAN_POINT ( 'NONE',  ( -57.90219124955046226, 37.95089509909922043, 40.87654470015672814 ) ) ;
#6130 = ORIENTED_EDGE ( 'NONE', *, *, #5835, .T. ) ;
#6131 = CARTESIAN_POINT ( 'NONE',  ( -59.27280918746406968, 37.04447001256152561, 38.20954233168657055 ) ) ;
#6132 = CARTESIAN_POINT ( 'NONE',  ( 56.43774313737439741, 36.47791219860094714, -2.952762965785427074 ) ) ;
#6133 = DIRECTION ( 'NONE',  ( 0.000000000000000000, 0.000000000000000000, 1.000000000000000000 ) ) ;
#6134 = CARTESIAN_POINT ( 'NONE',  ( -58.17191852605145641, 36.17825019881021120, 43.56979590023185267 ) ) ;
#6135 = CIRCLE ( 'NONE', #4448, 7.600000000000002309 ) ;
#6136 = CARTESIAN_POINT ( 'NONE',  ( -57.98069528893440605, 36.68837555866475952, 42.53708958241438154 ) ) ;
#6137 = CARTESIAN_POINT ( 'NONE',  ( -13.75365355210833762, 35.26082823914956776, -54.15000000000001279 ) ) ;
#6138 = DIRECTION ( 'NONE',  ( -0.000000000000000000, -1.000000000000000000, -0.000000000000000000 ) ) ;
#6139 = CARTESIAN_POINT ( 'NONE',  ( -58.01323604552922575, 39.71223708151082121, 37.80894898571336427 ) ) ;
#6140 = CARTESIAN_POINT ( 'NONE',  ( -12.49999999999998401, 32.00000000000000000, -46.82500000000000995 ) ) ;
#6141 = EDGE_CURVE ( 'NONE', #2287, #4339, #1487, .T. ) ;
#6142 = ORIENTED_EDGE ( 'NONE', *, *, #6333, .T. ) ;
#6143 = CARTESIAN_POINT ( 'NONE',  ( -58.04315185342102268, 37.13505792549576512, 41.85179867284334421 ) ) ;
#6144 = CIRCLE ( 'NONE', #2107, 1.324999999999999734 ) ;
#6145 = FACE_OUTER_BOUND ( 'NONE', #6408, .T. ) ;
#6146 = CARTESIAN_POINT ( 'NONE',  ( -57.99727350007480453, 39.99283523967735476, 37.65355641188337188 ) ) ;
#6147 = CARTESIAN_POINT ( 'NONE',  ( -36.00000000000000000, 39.86573472088564785, 32.76822069915220936 ) ) ;
#6148 = DIRECTION ( 'NONE',  ( 0.000000000000000000, -0.3420201433256697676, 0.9396926207859080948 ) ) ;
#6149 = ORIENTED_EDGE ( 'NONE', *, *, #4909, .F. ) ;
#6150 = EDGE_LOOP ( 'NONE', ( #1534, #1469, #4362, #1904, #2906, #482, #5396, #1110 ) ) ;
#6151 = DIRECTION ( 'NONE',  ( 0.000000000000000000, 0.7071067811865441310, 0.7071067811865510144 ) ) ;
#6152 = CARTESIAN_POINT ( 'NONE',  ( -57.91749672045550312, 39.12241502080709665, 39.32809571930449977 ) ) ;
#6153 = CARTESIAN_POINT ( 'NONE',  ( 36.00000000000000000, 42.47955561071997721, 34.26563799221763418 ) ) ;
#6154 = DIRECTION ( 'NONE',  ( -0.000000000000000000, 0.8191520442889907994, 0.5735764363510474917 ) ) ;
#6155 = CONICAL_SURFACE ( 'NONE', #518, 3.324999999999999734, 0.7853981633974531640 ) ;
#6156 = VERTEX_POINT ( 'NONE', #3019 ) ;
#6157 = CARTESIAN_POINT ( 'NONE',  ( -58.06580693475356725, 37.32700949025706194, 41.53876879854554005 ) ) ;
#6158 = CARTESIAN_POINT ( 'NONE',  ( -58.00130486217688031, 36.64688980581356503, 42.59948205051134806 ) ) ;
#6159 = CARTESIAN_POINT ( 'NONE',  ( -76.11999999999999034, 38.00000000000000711, -59.14999999999999858 ) ) ;
#6160 = CARTESIAN_POINT ( 'NONE',  ( -58.06754720137865178, 37.52295233927704032, 41.23871175412937617 ) ) ;
#6161 = ORIENTED_EDGE ( 'NONE', *, *, #1382, .T. ) ;
#6162 = CARTESIAN_POINT ( 'NONE',  ( -58.02777103883971677, 39.48423727030571229, 38.17389900576836226 ) ) ;
#6163 = CARTESIAN_POINT ( 'NONE',  ( 58.49037383325191541, 36.47791219860096135, -6.595136940325255104 ) ) ;
#6164 = ORIENTED_EDGE ( 'NONE', *, *, #3885, .F. ) ;
#6165 = DIRECTION ( 'NONE',  ( 0.000000000000000000, 0.000000000000000000, -1.000000000000000000 ) ) ;
#6166 = EDGE_CURVE ( 'NONE', #5895, #2535, #369, .T. ) ;
#6167 = CARTESIAN_POINT ( 'NONE',  ( -58.02592580008454348, 36.57723276001652124, 42.70673915327381565 ) ) ;
#6168 = VECTOR ( 'NONE', #3232, 1000.000000000000000 ) ;
#6169 = CARTESIAN_POINT ( 'NONE',  ( -57.98483895434782909, 36.68342127131275276, 42.54445632560748436 ) ) ;
#6170 = LINE ( 'NONE', #688, #1068 ) ;
#6171 = AXIS2_PLACEMENT_3D ( 'NONE', #853, #2911, #4469 ) ;
#6172 = FACE_BOUND ( 'NONE', #3958, .T. ) ;
#6173 = CARTESIAN_POINT ( 'NONE',  ( -58.00932519546711319, 39.75707213984055244, 37.85469784676911331 ) ) ;
#6174 = EDGE_CURVE ( 'NONE', #6463, #5614, #5711, .T. ) ;
#6175 = DIRECTION ( 'NONE',  ( -0.000000000000000000, 1.000000000000000000, -0.000000000000000000 ) ) ;
#6176 = CARTESIAN_POINT ( 'NONE',  ( -37.50000000000000711, 54.28757085025051055, 8.684810586322338821 ) ) ;
#6177 = CARTESIAN_POINT ( 'NONE',  ( -58.55282951592182883, 36.45187896759046708, 42.65902786226416765 ) ) ;
#6178 = LINE ( 'NONE', #5085, #2416 ) ;
#6179 = CARTESIAN_POINT ( 'NONE',  ( -58.00270056442344924, 39.88136279931226369, 37.69452921593312311 ) ) ;
#6180 = CARTESIAN_POINT ( 'NONE',  ( 23.00000000000001421, 34.40000000000000568, -20.15000000000000213 ) ) ;
#6181 = AXIS2_PLACEMENT_3D ( 'NONE', #6567, #4053, #5014 ) ;
#6182 = DIRECTION ( 'NONE',  ( 0.000000000000000000, 0.9396926207859080948, 0.3420201433256696011 ) ) ;
#6183 = VERTEX_POINT ( 'NONE', #4831 ) ;
#6184 = ORIENTED_EDGE ( 'NONE', *, *, #507, .F. ) ;
#6185 = LINE ( 'NONE', #1202, #4503 ) ;
#6186 = CARTESIAN_POINT ( 'NONE',  ( -58.05415145747854666, 37.90643306466291307, 40.67642659742250544 ) ) ;
#6187 = DIRECTION ( 'NONE',  ( -0.000000000000000000, -1.000000000000000000, -0.000000000000000000 ) ) ;
#6188 = ORIENTED_EDGE ( 'NONE', *, *, #4969, .T. ) ;
#6189 = CARTESIAN_POINT ( 'NONE',  ( -58.11945802474254208, 37.31091317920999018, 41.48970004397659750 ) ) ;
#6190 = CARTESIAN_POINT ( 'NONE',  ( -58.00034094854136413, 36.68463489310019554, 42.54264657384035786 ) ) ;
#6191 = EDGE_CURVE ( 'NONE', #772, #439, #5423, .T. ) ;
#6192 = CARTESIAN_POINT ( 'NONE',  ( -58.26184658805881611, 38.36169591142176216, 43.63344470505622041 ) ) ;
#6193 = CARTESIAN_POINT ( 'NONE',  ( -58.06763223470677815, 37.45500007395241937, 41.34207921182565570 ) ) ;
#6194 = ORIENTED_EDGE ( 'NONE', *, *, #4467, .F. ) ;
#6195 = CARTESIAN_POINT ( 'NONE',  ( -58.09780802079004047, 39.10247661381387729, 38.11616325859601773 ) ) ;
#6196 = DIRECTION ( 'NONE',  ( 0.000000000000000000, 1.000000000000000000, 0.000000000000000000 ) ) ;
#6197 = CIRCLE ( 'NONE', #4180, 3.599999999999998312 ) ;
#6198 = ORIENTED_EDGE ( 'NONE', *, *, #2927, .F. ) ;
#6199 = CARTESIAN_POINT ( 'NONE',  ( -12.49999999999998401, 32.00000000000000000, -50.15000000000001279 ) ) ;
#6200 = CARTESIAN_POINT ( 'NONE',  ( -58.18907992021510012, 36.08385394719218198, 43.95391116987163826 ) ) ;
#6201 = CARTESIAN_POINT ( 'NONE',  ( -57.98049216687254415, 36.67944331913464850, 42.55037262740864890 ) ) ;
#6202 = DIRECTION ( 'NONE',  ( -0.000000000000000000, 1.000000000000000000, -0.000000000000000000 ) ) ;
#6203 = FACE_BOUND ( 'NONE', #3660, .T. ) ;
#6204 = CARTESIAN_POINT ( 'NONE',  ( -58.00876886022005863, 39.77089296596702894, 37.82134786324171927 ) ) ;
#6205 = AXIS2_PLACEMENT_3D ( 'NONE', #2632, #4668, #112 ) ;
#6206 = CARTESIAN_POINT ( 'NONE',  ( -57.99999999999999289, 32.00000000000000000, -8.646254786282211668 ) ) ;
#6207 = ORIENTED_EDGE ( 'NONE', *, *, #2166, .T. ) ;
#6208 = CARTESIAN_POINT ( 'NONE',  ( -58.02497388495275032, 36.87705187283351904, 42.24872452693892910 ) ) ;
#6209 = ADVANCED_FACE ( 'NONE', ( #845 ), #2480, .F. ) ;
#6210 = AXIS2_PLACEMENT_3D ( 'NONE', #1378, #4802, #5866 ) ;
#6211 = CIRCLE ( 'NONE', #5366, 3.325000000000001510 ) ;
#6212 = DIRECTION ( 'NONE',  ( -0.000000000000000000, -1.000000000000000000, 0.000000000000000000 ) ) ;
#6213 = EDGE_CURVE ( 'NONE', #6044, #3340, #1982, .T. ) ;
#6214 = CARTESIAN_POINT ( 'NONE',  ( -58.00488324076134461, 39.83997801771344172, 37.72714472790732998 ) ) ;
#6215 = CARTESIAN_POINT ( 'NONE',  ( -57.99999999999999289, 40.00000000000000711, 0.000000000000000000 ) ) ;
#6216 = CARTESIAN_POINT ( 'NONE',  ( -59.77094745058484193, 34.00000000000000000, -5.472551122924011580 ) ) ;
#6217 = CARTESIAN_POINT ( 'NONE',  ( -12.99999999999998401, 36.00000000000000711, -16.15000000000000568 ) ) ;
#6218 = ORIENTED_EDGE ( 'NONE', *, *, #1947, .T. ) ;
#6219 = AXIS2_PLACEMENT_3D ( 'NONE', #1559, #64, #5143 ) ;
#6220 = ORIENTED_EDGE ( 'NONE', *, *, #1350, .F. ) ;
#6221 = FACE_OUTER_BOUND ( 'NONE', #3693, .T. ) ;
#6222 = CYLINDRICAL_SURFACE ( 'NONE', #5025, 3.324999999999999734 ) ;
#6223 = DIRECTION ( 'NONE',  ( 1.000000000000000000, 0.000000000000000000, 0.000000000000000000 ) ) ;
#6224 = AXIS2_PLACEMENT_3D ( 'NONE', #1779, #2674, #257 ) ;
#6225 = ORIENTED_EDGE ( 'NONE', *, *, #3996, .T. ) ;
#6226 = EDGE_CURVE ( 'NONE', #3149, #2859, #4400, .T. ) ;
#6227 = CARTESIAN_POINT ( 'NONE',  ( -58.06709509005023762, 37.32397585465778889, 41.54167871831057823 ) ) ;
#6228 = CARTESIAN_POINT ( 'NONE',  ( -58.00023055988606302, 36.68360089528820822, 42.54418721576485751 ) ) ;
#6229 = LINE ( 'NONE', #3241, #381 ) ;
#6230 = CARTESIAN_POINT ( 'NONE',  ( -57.95007842089633954, 37.71350257485863011, 41.12924385142883921 ) ) ;
#6231 = ORIENTED_EDGE ( 'NONE', *, *, #2931, .T. ) ;
#6232 = CARTESIAN_POINT ( 'NONE',  ( -58.06152660543259003, 39.17194426361271553, 38.48936168000880542 ) ) ;
#6233 = DIRECTION ( 'NONE',  ( 1.000000000000000000, 0.000000000000000000, 0.000000000000000000 ) ) ;
#6234 = ORIENTED_EDGE ( 'NONE', *, *, #5483, .T. ) ;
#6235 = DIRECTION ( 'NONE',  ( 0.000000000000000000, 0.000000000000000000, -1.000000000000000000 ) ) ;
#6236 = CARTESIAN_POINT ( 'NONE',  ( -57.99999999999999289, 31.99000000000000554, -8.646254786282208116 ) ) ;
#6237 = CARTESIAN_POINT ( 'NONE',  ( -58.00457383384961219, 36.69237579170524555, 42.53066339551958208 ) ) ;
#6238 = CARTESIAN_POINT ( 'NONE',  ( 58.27636115646398451, 33.99999999999999289, 42.68548042520782815 ) ) ;
#6239 = DIRECTION ( 'NONE',  ( -1.000000000000000000, 0.000000000000000000, 1.119176436114069085E-16 ) ) ;
#6240 = VECTOR ( 'NONE', #5842, 1000.000000000000114 ) ;
#6241 = CARTESIAN_POINT ( 'NONE',  ( -57.96049875346034241, 40.56459704002913469, 37.58676667259643978 ) ) ;
#6242 = CARTESIAN_POINT ( 'NONE',  ( -60.00000000000000000, 40.00000000000000711, 37.80681039527355836 ) ) ;
#6243 = ORIENTED_EDGE ( 'NONE', *, *, #3797, .T. ) ;
#6244 = CARTESIAN_POINT ( 'NONE',  ( -58.21765981874867180, 36.58667326694497746, 42.62023031047026933 ) ) ;
#6245 = CARTESIAN_POINT ( 'NONE',  ( -58.01912315895393846, 39.54937256420907232, -2.132531464614735306 ) ) ;
#6246 = DIRECTION ( 'NONE',  ( 0.000000000000000000, -0.5735764363510470476, 0.8191520442889911324 ) ) ;
#6247 = DIRECTION ( 'NONE',  ( 0.000000000000000000, 1.000000000000000000, 0.000000000000000000 ) ) ;
#6248 = CARTESIAN_POINT ( 'NONE',  ( -60.00000000000000711, 34.00000000000000000, -4.669591196048431314 ) ) ;
#6249 = ORIENTED_EDGE ( 'NONE', *, *, #4495, .T. ) ;
#6250 = CARTESIAN_POINT ( 'NONE',  ( 29.14916879289515705, 38.39999999999999858, -52.29916879289515208 ) ) ;
#6251 = EDGE_CURVE ( 'NONE', #6283, #6118, #5540, .T. ) ;
#6252 = EDGE_LOOP ( 'NONE', ( #5257, #6149, #3927, #2673 ) ) ;
#6253 = CARTESIAN_POINT ( 'NONE',  ( -58.82796647154884795, 34.00000000000000000, 42.15978128946242975 ) ) ;
#6254 = CYLINDRICAL_SURFACE ( 'NONE', #994, 1.599999999999998312 ) ;
#6255 = ADVANCED_FACE ( 'NONE', ( #4548 ), #2870, .F. ) ;
#6256 = CARTESIAN_POINT ( 'NONE',  ( 58.75122041287718844, 36.88676525668159201, 42.25297038846405684 ) ) ;
#6257 = EDGE_LOOP ( 'NONE', ( #4377, #668 ) ) ;
#6258 = CARTESIAN_POINT ( 'NONE',  ( -58.53008678484001592, 36.72384814886423499, 42.03590948438366581 ) ) ;
#6259 = CARTESIAN_POINT ( 'NONE',  ( -58.00751899604775730, 36.52230463228446666, 42.80190078054904745 ) ) ;
#6260 = ORIENTED_EDGE ( 'NONE', *, *, #5018, .T. ) ;
#6261 = DIRECTION ( 'NONE',  ( -3.304235192336775512E-16, -0.000000000000000000, -1.000000000000000000 ) ) ;
#6262 = CARTESIAN_POINT ( 'NONE',  ( -58.07044838497494510, 37.44840534475328298, 41.34786758603168266 ) ) ;
#6263 = ORIENTED_EDGE ( 'NONE', *, *, #1173, .T. ) ;
#6264 = AXIS2_PLACEMENT_3D ( 'NONE', #5169, #119, #2141 ) ;
#6265 = CARTESIAN_POINT ( 'NONE',  ( -58.06886735621475992, 39.07258562883112063, 38.64447204405257708 ) ) ;
#6266 = FACE_OUTER_BOUND ( 'NONE', #1986, .T. ) ;
#6267 = ORIENTED_EDGE ( 'NONE', *, *, #858, .F. ) ;
#6268 = DIRECTION ( 'NONE',  ( 0.000000000000000000, -0.8191520442889912434, -0.5735764363510471586 ) ) ;
#6269 = CARTESIAN_POINT ( 'NONE',  ( -57.99999999999999289, 40.00000000000000711, 37.80681039527357257 ) ) ;
#6270 = CARTESIAN_POINT ( 'NONE',  ( -58.04554345834667828, 36.53213353705942978, 42.78091308809868565 ) ) ;
#6271 = CARTESIAN_POINT ( 'NONE',  ( 59.83482744829488098, 34.00000000000000711, 39.67569721859634058 ) ) ;
#6272 = FACE_OUTER_BOUND ( 'NONE', #4521, .T. ) ;
#6273 = CARTESIAN_POINT ( 'NONE',  ( -58.01225948554748157, 39.70231656084449412, 37.93177959956427969 ) ) ;
#6274 = DIRECTION ( 'NONE',  ( 0.000000000000000000, 1.000000000000000000, 0.000000000000000000 ) ) ;
#6275 = CARTESIAN_POINT ( 'NONE',  ( 57.99999999999999289, 63.54551899874132204, 4.180324369512660176 ) ) ;
#6276 = CARTESIAN_POINT ( 'NONE',  ( -58.04348969567573846, 36.91432061098493023, 42.18094286126457604 ) ) ;
#6277 = AXIS2_PLACEMENT_3D ( 'NONE', #5785, #1233, #3261 ) ;
#6278 = CARTESIAN_POINT ( 'NONE',  ( -58.30097060003378573, 38.46122548959488086, -2.157106928040693816 ) ) ;
#6279 = EDGE_CURVE ( 'NONE', #807, #31, #2485, .T. ) ;
#6280 = CARTESIAN_POINT ( 'NONE',  ( -58.00526964940484476, 39.83297783002137749, 37.74176620620679046 ) ) ;
#6281 = PLANE ( 'NONE',  #1756 ) ;
#6282 = DIRECTION ( 'NONE',  ( 0.000000000000000000, 0.000000000000000000, 1.000000000000000000 ) ) ;
#6283 = VERTEX_POINT ( 'NONE', #1376 ) ;
#6284 = CIRCLE ( 'NONE', #3428, 1.549999999999995826 ) ;
#6285 = ORIENTED_EDGE ( 'NONE', *, *, #1388, .T. ) ;
#6286 = ORIENTED_EDGE ( 'NONE', *, *, #5855, .F. ) ;
#6287 = CARTESIAN_POINT ( 'NONE',  ( -60.00402651119993180, 34.00000000000000711, 38.52367769806037501 ) ) ;
#6288 = DIRECTION ( 'NONE',  ( 0.000000000000000000, 0.000000000000000000, 1.000000000000000000 ) ) ;
#6289 = FACE_OUTER_BOUND ( 'NONE', #3421, .T. ) ;
#6290 = ORIENTED_EDGE ( 'NONE', *, *, #3381, .F. ) ;
#6291 = CARTESIAN_POINT ( 'NONE',  ( -58.06514588283138778, 37.20264372456846758, 41.72750669917493838 ) ) ;
#6292 = CARTESIAN_POINT ( 'NONE',  ( -58.00004744347366881, 36.72967687283655636, 42.47567675529169406 ) ) ;
#6293 = ORIENTED_EDGE ( 'NONE', *, *, #5676, .T. ) ;
#6294 = CARTESIAN_POINT ( 'NONE',  ( -59.43493173761249437, 38.00000000000000711, 43.31184735941180008 ) ) ;
#6295 = VERTEX_POINT ( 'NONE', #4366 ) ;
#6296 = CARTESIAN_POINT ( 'NONE',  ( -58.03574790549404128, 39.30018394579133201, 38.48261679546933323 ) ) ;
#6297 = DIRECTION ( 'NONE',  ( -1.119176436114068839E-16, 0.000000000000000000, -1.000000000000000000 ) ) ;
#6298 = ORIENTED_EDGE ( 'NONE', *, *, #972, .F. ) ;
#6299 = CARTESIAN_POINT ( 'NONE',  ( 58.45951821173464680, 36.67670332299816494, 42.55296992034596570 ) ) ;
#6300 = DIRECTION ( 'NONE',  ( 0.000000000000000000, 0.5735764363510470476, -0.8191520442889911324 ) ) ;
#6301 = CARTESIAN_POINT ( 'NONE',  ( -57.99728683241870186, 36.47664113311083156, 42.88693913571687943 ) ) ;
#6302 = CARTESIAN_POINT ( 'NONE',  ( -58.01979716586466651, 36.57429630890422345, 42.71235359660506248 ) ) ;
#6303 = CARTESIAN_POINT ( 'NONE',  ( 56.04960485060823316, 38.63191942670053436, -4.887484303137414443 ) ) ;
#6304 = FACE_OUTER_BOUND ( 'NONE', #1455, .T. ) ;
#6305 = VECTOR ( 'NONE', #5933, 1000.000000000000114 ) ;
#6306 = CARTESIAN_POINT ( 'NONE',  ( -57.96829659631509202, 40.31552071757419498, 37.70654877628793855 ) ) ;
#6307 = LINE ( 'NONE', #726, #3837 ) ;
#6308 = CARTESIAN_POINT ( 'NONE',  ( -57.99999999999999289, 32.00000000000000000, 44.78059757775795902 ) ) ;
#6309 = CARTESIAN_POINT ( 'NONE',  ( -58.04607727373832660, 36.90801602286698113, 42.18857042996312146 ) ) ;
#6310 = CARTESIAN_POINT ( 'NONE',  ( -59.54018477433158552, 36.84469018765938841, -2.948991460830984401 ) ) ;
#6311 = CARTESIAN_POINT ( 'NONE',  ( -58.00623258235967228, 39.81571830726251449, 37.76232906152775115 ) ) ;
#6312 = AXIS2_PLACEMENT_3D ( 'NONE', #5128, #81, #3008 ) ;
#6313 = SURFACE_SIDE_STYLE ('',( #3400 ) ) ;
#6314 = DIRECTION ( 'NONE',  ( -0.000000000000000000, -1.000000000000000000, 0.000000000000000000 ) ) ;
#6315 = ORIENTED_EDGE ( 'NONE', *, *, #4348, .F. ) ;
#6316 = ORIENTED_EDGE ( 'NONE', *, *, #3981, .T. ) ;
#6317 =( BOUNDED_CURVE ( )  B_SPLINE_CURVE ( 3, ( #4848, #227, #3820, #3252 ),
 .UNSPECIFIED., .F., .F. ) 
 B_SPLINE_CURVE_WITH_KNOTS ( ( 4, 4 ),
 ( 1.287002217586570518, 1.570796326794896780 ),
 .UNSPECIFIED. ) 
 CURVE ( )  GEOMETRIC_REPRESENTATION_ITEM ( )  RATIONAL_B_SPLINE_CURVE ( ( 1.000000000000000000, 0.9932996624407778308, 0.9932996624407778308, 1.000000000000000000 ) ) 
 REPRESENTATION_ITEM ( '' )  );
#6318 = EDGE_CURVE ( 'NONE', #2346, #1811, #5668, .T. ) ;
#6319 = CIRCLE ( 'NONE', #2284, 1.549999999999995826 ) ;
#6320 = ORIENTED_EDGE ( 'NONE', *, *, #2902, .F. ) ;
#6321 = VECTOR ( 'NONE', #4687, 1000.000000000000114 ) ;
#6322 = CARTESIAN_POINT ( 'NONE',  ( 73.11999999999999034, 38.00000000000000711, -62.15000000000000568 ) ) ;
#6323 = CYLINDRICAL_SURFACE ( 'NONE', #469, 10.00000000000000000 ) ;
#6324 = CARTESIAN_POINT ( 'NONE',  ( 59.72214288824189765, 40.03600000000000847, -5.574601400057111356 ) ) ;
#6325 = VERTEX_POINT ( 'NONE', #5828 ) ;
#6326 = CARTESIAN_POINT ( 'NONE',  ( -58.11591192537801476, 37.18946285168247812, 41.68735908062753026 ) ) ;
#6327 = CARTESIAN_POINT ( 'NONE',  ( -58.00003293802397764, 36.68838010625384527, 42.53708277966634199 ) ) ;
#6328 = EDGE_LOOP ( 'NONE', ( #6243, #1197 ) ) ;
#6329 = CARTESIAN_POINT ( 'NONE',  ( -60.20377425340646482, 38.00000000000000711, 38.53153426028102047 ) ) ;
#6330 = EDGE_LOOP ( 'NONE', ( #309, #1703, #5247, #3488 ) ) ;
#6331 = CARTESIAN_POINT ( 'NONE',  ( -58.71589647126051403, 37.64658958959677193, 38.59060512581437052 ) ) ;
#6332 = FACE_OUTER_BOUND ( 'NONE', #2124, .T. ) ;
#6333 = EDGE_CURVE ( 'NONE', #2781, #5980, #312, .T. ) ;
#6334 = ORIENTED_EDGE ( 'NONE', *, *, #3986, .F. ) ;
#6335 = CARTESIAN_POINT ( 'NONE',  ( -62.00000000000000000, 38.00000000000000711, -7.245839709862790912 ) ) ;
#6336 = CARTESIAN_POINT ( 'NONE',  ( -57.99693919245341789, 36.30676992293005867, 43.23224526286440295 ) ) ;
#6337 = CARTESIAN_POINT ( 'NONE',  ( -58.00119251158641021, 36.68936613163725724, 42.53556643764522960 ) ) ;
#6338 = ADVANCED_FACE ( 'NONE', ( #4399 ), #876, .T. ) ;
#6339 = DIRECTION ( 'NONE',  ( -0.000000000000000000, -1.000000000000000000, -0.000000000000000000 ) ) ;
#6340 = ORIENTED_EDGE ( 'NONE', *, *, #6251, .F. ) ;
#6341 = CARTESIAN_POINT ( 'NONE',  ( -58.01027149168095320, 39.73645721362022698, 37.89069753440939081 ) ) ;
#6342 = DIRECTION ( 'NONE',  ( 0.000000000000000000, 0.5735764363510470476, -0.8191520442889911324 ) ) ;
#6343 = ORIENTED_EDGE ( 'NONE', *, *, #1893, .F. ) ;
#6344 = CARTESIAN_POINT ( 'NONE',  ( 23.00000000000001421, 32.00000000000000000, -42.82500000000000995 ) ) ;
#6345 = CARTESIAN_POINT ( 'NONE',  ( -58.50534211714566624, 36.29802822618037794, 43.11660356316755127 ) ) ;
#6346 = CARTESIAN_POINT ( 'NONE',  ( 60.00000000000000000, 36.53589838486225716, 0.000000000000000000 ) ) ;
#6347 = AXIS2_PLACEMENT_3D ( 'NONE', #5260, #4663, #107 ) ;
#6348 = CARTESIAN_POINT ( 'NONE',  ( -57.99808985597677946, 39.96484671039931413, 37.69312221673665420 ) ) ;
#6349 = EDGE_CURVE ( 'NONE', #6295, #5834, #5244, .T. ) ;
#6350 = CARTESIAN_POINT ( 'NONE',  ( -62.00000000000000000, 31.99000000000000554, -4.389543696378558124 ) ) ;
#6351 = DIRECTION ( 'NONE',  ( 0.000000000000000000, 0.5735764363510470476, -0.8191520442889911324 ) ) ;
#6352 = ORIENTED_EDGE ( 'NONE', *, *, #5099, .F. ) ;
#6353 = VERTEX_POINT ( 'NONE', #4929 ) ;
#6354 = LINE ( 'NONE', #4259, #6168 ) ;
#6355 = AXIS2_PLACEMENT_3D ( 'NONE', #3401, #5450, #3461 ) ;
#6356 = CARTESIAN_POINT ( 'NONE',  ( 29.14916879289516061, 38.39999999999999858, -14.00083120710486284 ) ) ;
#6357 = CARTESIAN_POINT ( 'NONE',  ( -12.99999999999998401, 32.00000000000000000, -16.15000000000000568 ) ) ;
#6358 = ORIENTED_EDGE ( 'NONE', *, *, #1622, .T. ) ;
#6359 = CARTESIAN_POINT ( 'NONE',  ( -58.05509409635228479, 37.28851797339139296, 41.61013760720770449 ) ) ;
#6360 = CARTESIAN_POINT ( 'NONE',  ( -58.00144967303776156, 36.52201423130999558, 42.80251467202919002 ) ) ;
#6361 = AXIS2_PLACEMENT_3D ( 'NONE', #2044, #3984, #1017 ) ;
#6362 = ORIENTED_EDGE ( 'NONE', *, *, #4957, .F. ) ;
#6363 = CARTESIAN_POINT ( 'NONE',  ( -58.21116514749641624, 40.03600000000001558, -2.128242384787214725 ) ) ;
#6364 = EDGE_LOOP ( 'NONE', ( #5876, #6489, #4683, #3227 ) ) ;
#6365 = CARTESIAN_POINT ( 'NONE',  ( -58.05089887311417840, 39.22328284669052323, 38.48664275084139064 ) ) ;
#6366 = CARTESIAN_POINT ( 'NONE',  ( -12.49999999999998401, 34.39999999999997726, -46.82500000000000995 ) ) ;
#6367 = VERTEX_POINT ( 'NONE', #1308 ) ;
#6368 = CARTESIAN_POINT ( 'NONE',  ( -57.99765534032699321, 36.69002698778209748, 42.53463400135000683 ) ) ;
#6369 = CARTESIAN_POINT ( 'NONE',  ( -58.00940301648049768, 36.63830188531383669, 42.61227805633100729 ) ) ;
#6370 = CONICAL_SURFACE ( 'NONE', #3408, 3.325000000000001510, 0.7853981633974531640 ) ;
#6371 = CARTESIAN_POINT ( 'NONE',  ( 37.49999999999999289, 40.60246154483593273, 36.94640614105537679 ) ) ;
#6372 = CARTESIAN_POINT ( 'NONE',  ( -59.25135020152835352, 36.42464079827767875, 41.84227040419789745 ) ) ;
#6373 = ORIENTED_EDGE ( 'NONE', *, *, #39, .T. ) ;
#6374 = CARTESIAN_POINT ( 'NONE',  ( 71.01999999999998181, 32.00000000000000000, 49.55065792321465779 ) ) ;
#6375 = CARTESIAN_POINT ( 'NONE',  ( -58.59151607537393147, 37.87371483572478326, 37.97196159279295102 ) ) ;
#6376 = CARTESIAN_POINT ( 'NONE',  ( -57.99999999999999289, 38.36169591142202506, 43.63344470505586514 ) ) ;
#6377 = VERTEX_POINT ( 'NONE', #2329 ) ;
#6378 = DIRECTION ( 'NONE',  ( 0.000000000000000000, 1.000000000000000000, 0.000000000000000000 ) ) ;
#6379 = CARTESIAN_POINT ( 'NONE',  ( -58.01448242972982428, 36.73817073936217525, 42.45982714767135491 ) ) ;
#6380 = AXIS2_PLACEMENT_3D ( 'NONE', #3755, #2645, #3220 ) ;
#6381 = EDGE_CURVE ( 'NONE', #952, #2125, #6391, .T. ) ;
#6382 = DIRECTION ( 'NONE',  ( 0.000000000000000000, 1.000000000000000000, 0.000000000000000000 ) ) ;
#6383 = EDGE_CURVE ( 'NONE', #6353, #4593, #4050, .T. ) ;
#6384 = CARTESIAN_POINT ( 'NONE',  ( -58.00480232704935446, 39.83996079415127411, 37.75337554019475306 ) ) ;
#6385 = LINE ( 'NONE', #5822, #1183 ) ;
#6386 = CARTESIAN_POINT ( 'NONE',  ( 57.90847961421063417, 46.20026276174308322, -2.132832606474910797 ) ) ;
#6387 = ORIENTED_EDGE ( 'NONE', *, *, #1130, .F. ) ;
#6388 = VECTOR ( 'NONE', #5077, 1000.000000000000000 ) ;
#6389 = DIRECTION ( 'NONE',  ( -1.000000000000000000, 0.000000000000000000, 0.000000000000000000 ) ) ;
#6390 = CARTESIAN_POINT ( 'NONE',  ( -58.09205755144238026, 37.44905087647857300, 41.31331781527968872 ) ) ;
#6391 = LINE ( 'NONE', #5898, #1207 ) ;
#6392 = AXIS2_PLACEMENT_3D ( 'NONE', #942, #2940, #3413 ) ;
#6393 = DIRECTION ( 'NONE',  ( -1.000000000000000000, 0.000000000000000000, 0.000000000000000000 ) ) ;
#6394 = VERTEX_POINT ( 'NONE', #1053 ) ;
#6395 = CARTESIAN_POINT ( 'NONE',  ( -58.06802140296417036, 37.19567368491226489, 41.73476222252175916 ) ) ;
#6396 = CARTESIAN_POINT ( 'NONE',  ( -58.00016588383132898, 36.83537064256503868, 42.31851581653939576 ) ) ;
#6397 = VERTEX_POINT ( 'NONE', #4143 ) ;
#6398 = CARTESIAN_POINT ( 'NONE',  ( 60.00000000000000000, 34.00000000000000711, -4.389543696378561677 ) ) ;
#6399 = CARTESIAN_POINT ( 'NONE',  ( -58.05396675515924443, 38.80574229360329497, 39.25109654047401619 ) ) ;
#6400 = CARTESIAN_POINT ( 'NONE',  ( -57.99999999999999289, 38.00000000000000711, -8.646254786282208116 ) ) ;
#6401 = EDGE_LOOP ( 'NONE', ( #4738, #1808, #4123 ) ) ;
#6402 = CARTESIAN_POINT ( 'NONE',  ( -58.52369317531974957, 38.00000000000000711, -8.646254786280392679 ) ) ;
#6403 = CARTESIAN_POINT ( 'NONE',  ( -57.99762567369455724, 36.67944331913464850, 42.55037262740864890 ) ) ;
#6404 = CARTESIAN_POINT ( 'NONE',  ( -58.06390040798382302, 36.24171664109847057, 43.40884379996591491 ) ) ;
#6405 = EDGE_CURVE ( 'NONE', #174, #5940, #2147, .T. ) ;
#6406 = CARTESIAN_POINT ( 'NONE',  ( -57.99999999999999289, 34.00000000000000711, -8.646254786282208116 ) ) ;
#6407 = CARTESIAN_POINT ( 'NONE',  ( -58.06659728101669771, 37.59440288054239687, 41.13109297837726075 ) ) ;
#6408 = EDGE_LOOP ( 'NONE', ( #5024, #3299, #3676, #2351 ) ) ;
#6409 = CARTESIAN_POINT ( 'NONE',  ( -58.01942061397522821, 39.58026754070922237, 38.09116210256377855 ) ) ;
#6410 = FACE_OUTER_BOUND ( 'NONE', #2275, .T. ) ;
#6411 = ORIENTED_EDGE ( 'NONE', *, *, #3733, .T. ) ;
#6412 = LINE ( 'NONE', #5348, #2719 ) ;
#6413 = CARTESIAN_POINT ( 'NONE',  ( -58.07183602744352413, 36.61811346450628690, 42.62735820212713378 ) ) ;
#6414 = FACE_OUTER_BOUND ( 'NONE', #1200, .T. ) ;
#6415 = CARTESIAN_POINT ( 'NONE',  ( -59.18955840627951659, 37.12650778112571714, 37.81439888701235219 ) ) ;
#6416 = FILL_AREA_STYLE_COLOUR ( '', #5634 ) ;
#6417 = CARTESIAN_POINT ( 'NONE',  ( 62.00000000000000000, 38.00000000000000711, -4.389543696378559900 ) ) ;
#6418 = EDGE_CURVE ( 'NONE', #5082, #1319, #6512, .T. ) ;
#6419 = ORIENTED_EDGE ( 'NONE', *, *, #287, .F. ) ;
#6420 = ADVANCED_FACE ( 'NONE', ( #1620 ), #6074, .F. ) ;
#6421 = B_SPLINE_CURVE_WITH_KNOTS ( 'NONE', 3,
 ( #1599, #6516, #3000, #2494, #4529, #3126, #2734, #705 ),
 .UNSPECIFIED., .F., .F.,
 ( 4, 2, 2, 4 ),
 ( 0.02502148884412203761, 0.02710564392974522396, 0.02814772147255681714, 0.02918979901536841032 ),
 .UNSPECIFIED. ) ;
#6422 = CARTESIAN_POINT ( 'NONE',  ( 23.00000000000001421, 34.40000000000000568, -16.82499999999999929 ) ) ;
#6423 = CARTESIAN_POINT ( 'NONE',  ( -58.03165245909584513, 37.54095521119634782, 41.26645216032822105 ) ) ;
#6424 = DIRECTION ( 'NONE',  ( -1.000000000000000000, 0.000000000000000000, 3.304235192336776005E-16 ) ) ;
#6425 = CARTESIAN_POINT ( 'NONE',  ( 37.49999999999999289, 54.28757085025051055, 8.684810586322338821 ) ) ;
#6426 = AXIS2_PLACEMENT_3D ( 'NONE', #37, #2523, #4091 ) ;
#6427 = ORIENTED_EDGE ( 'NONE', *, *, #330, .T. ) ;
#6428 = CARTESIAN_POINT ( 'NONE',  ( -58.00013196803625704, 36.68512796978401980, 42.54191798491842036 ) ) ;
#6429 = ORIENTED_EDGE ( 'NONE', *, *, #3608, .F. ) ;
#6430 = DIRECTION ( 'NONE',  ( 0.000000000000000000, 0.000000000000000000, 1.000000000000000000 ) ) ;
#6431 = CARTESIAN_POINT ( 'NONE',  ( -59.77212156436357304, 36.59403000253298188, 39.24898639608178286 ) ) ;
#6432 = CARTESIAN_POINT ( 'NONE',  ( -10.52260951241685483, 35.51438244959668111, -54.15000000000000568 ) ) ;
#6433 = EDGE_CURVE ( 'NONE', #6183, #5726, #91, .T. ) ;
#6434 = ORIENTED_EDGE ( 'NONE', *, *, #199, .F. ) ;
#6435 = CARTESIAN_POINT ( 'NONE',  ( -57.99551219907225885, 36.68507270043009072, 42.54200074454311675 ) ) ;
#6436 = CARTESIAN_POINT ( 'NONE',  ( -58.07689727228551391, 36.17542763986554633, 43.59029686018959637 ) ) ;
#6437 = CIRCLE ( 'NONE', #487, 3.325000000000001510 ) ;
#6438 = CARTESIAN_POINT ( 'NONE',  ( -12.99999999999998401, 36.00000000000000711, -16.15000000000000568 ) ) ;
#6439 = CARTESIAN_POINT ( 'NONE',  ( -58.13300865570473519, 37.77092736922017480, 40.71871294401842789 ) ) ;
#6440 = EDGE_LOOP ( 'NONE', ( #6220, #402, #6358, #2638 ) ) ;
#6441 = CARTESIAN_POINT ( 'NONE',  ( -58.01731719799450104, 39.62469145746657517, 38.01772537221293646 ) ) ;
#6442 = CARTESIAN_POINT ( 'NONE',  ( 71.01999999999998181, 32.00000000000000000, 49.55065792321465779 ) ) ;
#6443 = ORIENTED_EDGE ( 'NONE', *, *, #2820, .F. ) ;
#6444 = CARTESIAN_POINT ( 'NONE',  ( -58.40541024809680692, 36.37929892568809009, 42.94390937807567354 ) ) ;
#6445 = FACE_OUTER_BOUND ( 'NONE', #5402, .T. ) ;
#6446 = CARTESIAN_POINT ( 'NONE',  ( -58.00678426595397497, 39.80538507251833380, 37.78033404029929443 ) ) ;
#6447 =( NAMED_UNIT ( * ) PLANE_ANGLE_UNIT ( ) SI_UNIT ( $, .RADIAN. ) );
#6448 = CARTESIAN_POINT ( 'NONE',  ( -57.99999999999999289, 40.00000000000000711, -6.646254786282208116 ) ) ;
#6449 = ORIENTED_EDGE ( 'NONE', *, *, #1687, .T. ) ;
#6450 = CIRCLE ( 'NONE', #6548, 3.999999999999996447 ) ;
#6451 = DIRECTION ( 'NONE',  ( -1.000000000000000000, 0.000000000000000000, 0.000000000000000000 ) ) ;
#6452 = DIRECTION ( 'NONE',  ( -0.000000000000000000, -1.000000000000000000, 0.000000000000000000 ) ) ;
#6453 = CYLINDRICAL_SURFACE ( 'NONE', #2386, 1.599999999999998312 ) ;
#6454 = EDGE_CURVE ( 'NONE', #5887, #2005, #2643, .T. ) ;
#6455 = ORIENTED_EDGE ( 'NONE', *, *, #2313, .T. ) ;
#6456 = CARTESIAN_POINT ( 'NONE',  ( -58.00065367613521516, 36.57025051496504631, 42.72004989878441705 ) ) ;
#6457 = ORIENTED_EDGE ( 'NONE', *, *, #1426, .F. ) ;
#6458 = CIRCLE ( 'NONE', #3591, 1.599999999999997202 ) ;
#6459 = LINE ( 'NONE', #2401, #4944 ) ;
#6460 = ADVANCED_FACE ( 'NONE', ( #6203, #6105, #6172 ), #4679, .F. ) ;
#6461 = CARTESIAN_POINT ( 'NONE',  ( -58.04790976068262154, 39.00218722965432505, 38.94461173683356492 ) ) ;
#6462 = DIRECTION ( 'NONE',  ( 0.000000000000000000, 0.5735764363510470476, -0.8191520442889911324 ) ) ;
#6463 = VERTEX_POINT ( 'NONE', #619 ) ;
#6464 = FACE_BOUND ( 'NONE', #5154, .T. ) ;
#6465 = CARTESIAN_POINT ( 'NONE',  ( -57.99286327927884344, 36.57024669283823926, 42.72005711687571505 ) ) ;
#6466 = CARTESIAN_POINT ( 'NONE',  ( -58.00390442175728367, 36.64819450727323868, 42.59737931833875280 ) ) ;
#6467 = CARTESIAN_POINT ( 'NONE',  ( -71.11999999999999034, 32.00000000000000000, 57.14999999999999858 ) ) ;
#6468 = CARTESIAN_POINT ( 'NONE',  ( -58.08943631994355172, 37.55714848958628238, 41.14872542199983485 ) ) ;
#6469 = EDGE_LOOP ( 'NONE', ( #6429, #375 ) ) ;
#6470 = CARTESIAN_POINT ( 'NONE',  ( -58.22335565768550225, 38.70639783939628131, 38.05763921337180733 ) ) ;
#6471 = ORIENTED_EDGE ( 'NONE', *, *, #1699, .F. ) ;
#6472 = CARTESIAN_POINT ( 'NONE',  ( -58.01935284430125250, 36.80125832782409390, 42.36428397575794946 ) ) ;
#6473 = DIRECTION ( 'NONE',  ( -1.000000000000000000, 0.000000000000000000, -0.000000000000000000 ) ) ;
#6474 = CARTESIAN_POINT ( 'NONE',  ( -58.01465432072495787, 39.69781414167022859, 37.79091079981749601 ) ) ;
#6475 = CIRCLE ( 'NONE', #2333, 3.000000000000002665 ) ;
#6476 = DIRECTION ( 'NONE',  ( 1.000000000000000000, -0.000000000000000000, 0.000000000000000000 ) ) ;
#6477 = ORIENTED_EDGE ( 'NONE', *, *, #1496, .T. ) ;
#6478 = CARTESIAN_POINT ( 'NONE',  ( 36.00000000000000000, 42.32319085383622337, 34.48895000826388468 ) ) ;
#6479 = DIRECTION ( 'NONE',  ( 0.000000000000000000, 0.5735764363510470476, -0.8191520442889911324 ) ) ;
#6480 = DIRECTION ( 'NONE',  ( -0.000000000000000000, -1.000000000000000000, 0.000000000000000000 ) ) ;
#6481 = LINE ( 'NONE', #1933, #57 ) ;
#6482 = AXIS2_PLACEMENT_3D ( 'NONE', #3753, #3286, #1117 ) ;
#6483 = CARTESIAN_POINT ( 'NONE',  ( -57.99979739805743151, 36.78250701835288794, 42.39712146174513663 ) ) ;
#6484 = ORIENTED_EDGE ( 'NONE', *, *, #4351, .T. ) ;
#6485 = ADVANCED_FACE ( 'NONE', ( #3181 ), #3145, .T. ) ;
#6486 = CARTESIAN_POINT ( 'NONE',  ( -58.49332471150114543, 34.00000000000000000, -6.594520787480719015 ) ) ;
#6487 = CARTESIAN_POINT ( 'NONE',  ( -58.11385266133308392, 38.77792947907076382, 38.96186212424067463 ) ) ;
#6488 = CARTESIAN_POINT ( 'NONE',  ( -60.00000000000000000, 36.53589838486225716, 0.000000000000000000 ) ) ;
#6489 = ORIENTED_EDGE ( 'NONE', *, *, #2902, .T. ) ;
#6490 = DIRECTION ( 'NONE',  ( 1.000000000000000000, 0.000000000000000000, 0.000000000000000000 ) ) ;
#6491 = EDGE_CURVE ( 'NONE', #331, #4085, #654, .T. ) ;
#6492 = CARTESIAN_POINT ( 'NONE',  ( -57.98909309854710870, 36.68259555675408734, 42.54568411613967527 ) ) ;
#6493 = AXIS2_PLACEMENT_3D ( 'NONE', #1530, #3058, #2057 ) ;
#6494 = CARTESIAN_POINT ( 'NONE',  ( -58.00230221477475823, 36.88871385713842699, 42.23917612790727816 ) ) ;
#6495 = EDGE_CURVE ( 'NONE', #711, #1422, #3547, .T. ) ;
#6496 = CARTESIAN_POINT ( 'NONE',  ( 57.99999999999999289, 38.36169591142202506, 43.63344470505586514 ) ) ;
#6497 = CARTESIAN_POINT ( 'NONE',  ( -58.04863034375826203, 37.63736813697767758, 41.09673338679240118 ) ) ;
#6498 = EDGE_LOOP ( 'NONE', ( #2233, #6142, #130, #5472 ) ) ;
#6499 = CARTESIAN_POINT ( 'NONE',  ( -58.36160891962874331, 38.30122570019339179, 37.99730403345472496 ) ) ;
#6500 = AXIS2_PLACEMENT_3D ( 'NONE', #4647, #5246, #2720 ) ;
#6501 = FACE_OUTER_BOUND ( 'NONE', #4715, .T. ) ;
#6502 = ORIENTED_EDGE ( 'NONE', *, *, #3333, .T. ) ;
#6503 = CARTESIAN_POINT ( 'NONE',  ( -58.34939343136009171, 36.12888615717120899, 43.70676652817233077 ) ) ;
#6504 = DIRECTION ( 'NONE',  ( 0.000000000000000000, -0.5735764363510497121, 0.8191520442889892450 ) ) ;
#6505 = CARTESIAN_POINT ( 'NONE',  ( -58.00550712145695087, 39.82612426472920220, 37.77266170345616558 ) ) ;
#6506 = DIRECTION ( 'NONE',  ( 0.000000000000000000, -0.5735764363510458264, 0.8191520442889919096 ) ) ;
#6507 = ORIENTED_EDGE ( 'NONE', *, *, #4753, .F. ) ;
#6508 = CARTESIAN_POINT ( 'NONE',  ( -58.28534389449703212, 36.92444363176276312, 41.93320567735364790 ) ) ;
#6509 = DIRECTION ( 'NONE',  ( 0.000000000000000000, 0.5735764363510448272, -0.8191520442889926867 ) ) ;
#6510 = CARTESIAN_POINT ( 'NONE',  ( -57.99999999999999289, 40.00000000000000711, 37.80681039527357257 ) ) ;
#6511 = CARTESIAN_POINT ( 'NONE',  ( 57.99999999999999289, 37.26763150234717159, 42.78059757775795191 ) ) ;
#6512 = CIRCLE ( 'NONE', #4930, 3.599999999999998312 ) ;
#6513 = DIRECTION ( 'NONE',  ( -0.000000000000000000, -1.000000000000000000, 0.000000000000000000 ) ) ;
#6514 = CARTESIAN_POINT ( 'NONE',  ( -58.00014999532966442, 36.65976542415680939, 42.57995362066114353 ) ) ;
#6515 = ORIENTED_EDGE ( 'NONE', *, *, #1702, .T. ) ;
#6516 = CARTESIAN_POINT ( 'NONE',  ( 60.00000000000000000, 36.53589838486225716, 38.50360771221737366 ) ) ;
#6517 = CARTESIAN_POINT ( 'NONE',  ( -58.04144056057463530, 39.03221069953372080, 38.93313786772307594 ) ) ;
#6518 = DIRECTION ( 'NONE',  ( 1.000000000000000000, -0.000000000000000000, 0.000000000000000000 ) ) ;
#6519 = VECTOR ( 'NONE', #608, 1000.000000000000000 ) ;
#6520 = CARTESIAN_POINT ( 'NONE',  ( -63.52065792321464954, 35.00000000000000000, 57.05000000000000426 ) ) ;
#6521 = CARTESIAN_POINT ( 'NONE',  ( -57.99364731000470385, 36.71644985365946923, 42.49534470432003985 ) ) ;
#6522 = CARTESIAN_POINT ( 'NONE',  ( -58.00029960219968928, 36.73007373833439715, 42.47508249222986620 ) ) ;
#6523 = AXIS2_PLACEMENT_3D ( 'NONE', #2362, #1801, #3877 ) ;
#6524 = VECTOR ( 'NONE', #1405, 1000.000000000000000 ) ;
#6525 = DIRECTION ( 'NONE',  ( -1.000000000000000000, 0.000000000000000000, 0.000000000000000000 ) ) ;
#6526 = CARTESIAN_POINT ( 'NONE',  ( -58.04013191420640538, 37.58832149005454681, 41.18377098435465200 ) ) ;
#6527 = ORIENTED_EDGE ( 'NONE', *, *, #6141, .T. ) ;
#6528 = CARTESIAN_POINT ( 'NONE',  ( -58.02094580227722531, 39.59074679604808011, 38.01923656604380852 ) ) ;
#6529 = CARTESIAN_POINT ( 'NONE',  ( 23.00000000000001421, 34.40000000000000568, -46.15000000000001279 ) ) ;
#6530 = VERTEX_POINT ( 'NONE', #4174 ) ;
#6531 = ADVANCED_FACE ( 'NONE', ( #5078, #2681, #1656, #1586, #3613, #5570 ), #4578, .F. ) ;
#6532 = CARTESIAN_POINT ( 'NONE',  ( -58.00760595347581017, 36.88067035145432726, 42.25060138212092653 ) ) ;
#6533 = DIRECTION ( 'NONE',  ( -1.000000000000000000, 0.000000000000000000, 0.000000000000000000 ) ) ;
#6534 = DIRECTION ( 'NONE',  ( 0.000000000000000000, 1.000000000000000000, 0.000000000000000000 ) ) ;
#6535 = CARTESIAN_POINT ( 'NONE',  ( -58.00764556016880391, 39.79155949384962554, 37.78544787838841046 ) ) ;
#6536 = EDGE_CURVE ( 'NONE', #5887, #5768, #587, .T. ) ;
#6537 = DIRECTION ( 'NONE',  ( 0.000000000000000000, 0.000000000000000000, 1.000000000000000000 ) ) ;
#6538 = ORIENTED_EDGE ( 'NONE', *, *, #4560, .T. ) ;
#6539 = CARTESIAN_POINT ( 'NONE',  ( -59.20727180919945454, 36.22057540795712782, 42.74387653613978699 ) ) ;
#6540 = PLANE ( 'NONE',  #2620 ) ;
#6541 = EDGE_CURVE ( 'NONE', #2370, #1610, #2697, .T. ) ;
#6542 = CARTESIAN_POINT ( 'NONE',  ( 57.99999999999999289, 39.31595971334866846, -6.766869544710394813 ) ) ;
#6543 = FACE_BOUND ( 'NONE', #2922, .T. ) ;
#6544 = CARTESIAN_POINT ( 'NONE',  ( -31.00000000000000000, 38.00000000000000711, -12.15000000000000036 ) ) ;
#6545 = CARTESIAN_POINT ( 'NONE',  ( -58.00188519727743852, 36.69002698778209748, 42.53463400135000683 ) ) ;
#6546 = VERTEX_POINT ( 'NONE', #1083 ) ;
#6547 = CYLINDRICAL_SURFACE ( 'NONE', #2268, 1.549999999999995826 ) ;
#6548 = AXIS2_PLACEMENT_3D ( 'NONE', #3056, #33, #3619 ) ;
#6549 = CARTESIAN_POINT ( 'NONE',  ( -58.05430467254841886, 38.62806625079792155, 39.54207649368068189 ) ) ;
#6550 = DIRECTION ( 'NONE',  ( -0.000000000000000000, -1.000000000000000000, -0.000000000000000000 ) ) ;
#6551 = DIRECTION ( 'NONE',  ( 0.000000000000000000, -0.8191520442889911324, -0.5735764363510470476 ) ) ;
#6552 = CARTESIAN_POINT ( 'NONE',  ( -57.98919562642610259, 36.69002698778209748, 42.53463400134999972 ) ) ;
#6553 = CARTESIAN_POINT ( 'NONE',  ( -58.00057390483890174, 36.68339782403518257, 42.54447950957066382 ) ) ;
#6554 = ADVANCED_FACE ( 'NONE', ( #3111 ), #5139, .T. ) ;
#6555 = CARTESIAN_POINT ( 'NONE',  ( 60.00000000000000000, 40.00000000000000711, 37.80681039527357967 ) ) ;
#6556 = CARTESIAN_POINT ( 'NONE',  ( -58.07090993387868139, 37.51467562260442890, 41.24589674305506293 ) ) ;
#6557 = ORIENTED_EDGE ( 'NONE', *, *, #52, .F. ) ;
#6558 = CARTESIAN_POINT ( 'NONE',  ( -58.16677171242310607, 38.83595006004895822, 38.20448426274088405 ) ) ;
#6559 = CARTESIAN_POINT ( 'NONE',  ( 59.17963960759203701, 46.25824894800437903, -6.233497205144181486 ) ) ;
#6560 = VECTOR ( 'NONE', #5891, 1000.000000000000000 ) ;
#6561 = CARTESIAN_POINT ( 'NONE',  ( -37.50000000000000711, 40.60246154483593273, 36.94640614105537679 ) ) ;
#6562 = CARTESIAN_POINT ( 'NONE',  ( -58.08102124079857020, 36.55091194827875256, 42.74044485435496199 ) ) ;
#6563 = CARTESIAN_POINT ( 'NONE',  ( -57.98171087870461093, 36.72966128659815155, 42.47570005580505637 ) ) ;
#6564 = CARTESIAN_POINT ( 'NONE',  ( -12.49999999999998401, 35.07499999999998153, -54.15000000000001279 ) ) ;
#6565 = CARTESIAN_POINT ( 'NONE',  ( 60.00000000000000000, 38.00000000000000711, 44.14999999999999147 ) ) ;
#6566 = CARTESIAN_POINT ( 'NONE',  ( -57.98285550038384883, 40.15515147368311943, 37.70783766453147479 ) ) ;
#6567 = CARTESIAN_POINT ( 'NONE',  ( -12.99999999999998401, 32.00000000000000000, -16.15000000000000568 ) ) ;
#6568 = VERTEX_POINT ( 'NONE', #3714 ) ;
#6569 = CARTESIAN_POINT ( 'NONE',  ( -58.13578039285236088, 36.98850351122123925, 41.98780531731427601 ) ) ;
#6570 = EDGE_CURVE ( 'NONE', #1409, #5268, #1224, .T. ) ;
ENDSEC;
END-ISO-10303-21;
