ISO-10303-21;
HEADER;
FILE_DESCRIPTION (( 'STEP AP214' ),
    '1' );
FILE_NAME ('RFID_base.STEP',
    '2026-05-27T19:20:28',
    ( '' ),
    ( '' ),
    'SwSTEP 2.0',
    'SolidWorks 2025',
    '' );
FILE_SCHEMA (( 'AUTOMOTIVE_DESIGN' ));
ENDSEC;

DATA;
#1 = VERTEX_POINT ( 'NONE', #1950 ) ;
#2 = PLANE ( 'NONE',  #1290 ) ;
#3 = DIRECTION ( 'NONE',  ( -0.000000000000000000, -1.000000000000000000, 0.000000000000000000 ) ) ;
#4 = EDGE_CURVE ( 'NONE', #1786, #331, #1226, .T. ) ;
#5 = ORIENTED_EDGE ( 'NONE', *, *, #562, .F. ) ;
#6 = CARTESIAN_POINT ( 'NONE',  ( 71.11999999999999034, 85.00000000000000000, 57.14999999999999858 ) ) ;
#7 = CARTESIAN_POINT ( 'NONE',  ( -74.11999999999999034, 85.00000000000000000, -57.15000000000001279 ) ) ;
#8 = VERTEX_POINT ( 'NONE', #1393 ) ;
#9 = AXIS2_PLACEMENT_3D ( 'NONE', #189, #1643, #1995 ) ;
#10 = AXIS2_PLACEMENT_3D ( 'NONE', #176, #2133, #537 ) ;
#11 = AXIS2_PLACEMENT_3D ( 'NONE', #860, #2047, #1174 ) ;
#12 = DIRECTION ( 'NONE',  ( 0.000000000000000000, 1.000000000000000000, 0.000000000000000000 ) ) ;
#13 = CIRCLE ( 'NONE', #1336, 1.550000000000000933 ) ;
#14 = CARTESIAN_POINT ( 'NONE',  ( -70.43535897468416351, 65.00000000000000000, 54.26535897468441050 ) ) ;
#15 = DIRECTION ( 'NONE',  ( 0.000000000000000000, -1.000000000000000000, 0.000000000000000000 ) ) ;
#16 = CARTESIAN_POINT ( 'NONE',  ( 27.28999999999998849, 5.000000000000000000, 40.36000000000000654 ) ) ;
#17 = VECTOR ( 'NONE', #1295, 1000.000000000000000 ) ;
#18 = ORIENTED_EDGE ( 'NONE', *, *, #1470, .F. ) ;
#19 = ORIENTED_EDGE ( 'NONE', *, *, #2022, .T. ) ;
#20 = CYLINDRICAL_SURFACE ( 'NONE', #1219, 1.550000000000002709 ) ;
#21 = DIRECTION ( 'NONE',  ( 0.000000000000000000, 0.000000000000000000, -1.000000000000000000 ) ) ;
#22 = EDGE_CURVE ( 'NONE', #1443, #1239, #358, .T. ) ;
#23 = ORIENTED_EDGE ( 'NONE', *, *, #174, .T. ) ;
#24 = EDGE_CURVE ( 'NONE', #364, #346, #1589, .T. ) ;
#25 = CARTESIAN_POINT ( 'NONE',  ( 0.3799999999999810196, 19.00000000000000000, -60.15000000000000568 ) ) ;
#26 = CARTESIAN_POINT ( 'NONE',  ( -70.43535897468470353, 85.00000000000000000, -55.81535897468449292 ) ) ;
#27 = DIRECTION ( 'NONE',  ( 0.000000000000000000, 0.000000000000000000, 1.000000000000000000 ) ) ;
#28 = ORIENTED_EDGE ( 'NONE', *, *, #990, .T. ) ;
#29 = CYLINDRICAL_SURFACE ( 'NONE', #1552, 3.550000000000004707 ) ;
#30 = EDGE_CURVE ( 'NONE', #2099, #2016, #1902, .T. ) ;
#31 = CARTESIAN_POINT ( 'NONE',  ( -56.53000000000001535, 11.00000000000000000, -41.90999999999998238 ) ) ;
#32 = CARTESIAN_POINT ( 'NONE',  ( 71.11999999999999034, 85.00000000000000000, 57.14999999999999858 ) ) ;
#33 = ORIENTED_EDGE ( 'NONE', *, *, #735, .T. ) ;
#34 = DIRECTION ( 'NONE',  ( -0.000000000000000000, -1.000000000000000000, -0.000000000000000000 ) ) ;
#35 = LINE ( 'NONE', #1808, #351 ) ;
#36 = FACE_BOUND ( 'NONE', #1580, .T. ) ;
#37 = DIRECTION ( 'NONE',  ( 0.000000000000000000, 0.000000000000000000, -1.000000000000000000 ) ) ;
#38 = ORIENTED_EDGE ( 'NONE', *, *, #2112, .F. ) ;
#39 = FACE_OUTER_BOUND ( 'NONE', #116, .T. ) ;
#40 = CIRCLE ( 'NONE', #1610, 5.150000000000015454 ) ;
#41 = EDGE_CURVE ( 'NONE', #599, #1247, #671, .T. ) ;
#42 = AXIS2_PLACEMENT_3D ( 'NONE', #1888, #285, #642 ) ;
#43 = FACE_OUTER_BOUND ( 'NONE', #314, .T. ) ;
#44 = CARTESIAN_POINT ( 'NONE',  ( 71.11999999999999034, 5.000000000000004441, 49.64999999999998437 ) ) ;
#45 = ORIENTED_EDGE ( 'NONE', *, *, #1463, .F. ) ;
#46 = EDGE_LOOP ( 'NONE', ( #442, #1163 ) ) ;
#47 = VERTEX_POINT ( 'NONE', #1222 ) ;
#48 = VECTOR ( 'NONE', #239, 1000.000000000000000 ) ;
#49 = DIRECTION ( 'NONE',  ( 0.000000000000000000, 0.000000000000000000, 1.000000000000000000 ) ) ;
#50 = CIRCLE ( 'NONE', #1286, 1.550000000000002709 ) ;
#51 = DIRECTION ( 'NONE',  ( 0.000000000000000000, 0.000000000000000000, -1.000000000000000000 ) ) ;
#52 = LINE ( 'NONE', #768, #950 ) ;
#53 = CARTESIAN_POINT ( 'NONE',  ( 27.28999999999998849, 11.00000000000000000, 45.46000000000001506 ) ) ;
#54 = AXIS2_PLACEMENT_3D ( 'NONE', #823, #1015, #302 ) ;
#55 = AXIS2_PLACEMENT_3D ( 'NONE', #995, #1680, #785 ) ;
#56 = VERTEX_POINT ( 'NONE', #884 ) ;
#57 = VECTOR ( 'NONE', #1982, 1000.000000000000000 ) ;
#58 = CARTESIAN_POINT ( 'NONE',  ( -71.11999999999999034, 0.000000000000000000, -60.15000000000000568 ) ) ;
#59 = PLANE ( 'NONE',  #1665 ) ;
#60 = CARTESIAN_POINT ( 'NONE',  ( 74.11999999999999034, 85.00000000000000000, 57.14999999999999858 ) ) ;
#61 = EDGE_LOOP ( 'NONE', ( #1469, #2091, #922, #1414 ) ) ;
#62 = ORIENTED_EDGE ( 'NONE', *, *, #1981, .T. ) ;
#63 = ADVANCED_FACE ( 'NONE', ( #2096 ), #680, .T. ) ;
#64 = ORIENTED_EDGE ( 'NONE', *, *, #1751, .F. ) ;
#65 = DIRECTION ( 'NONE',  ( 0.000000000000000000, 0.000000000000000000, -1.000000000000000000 ) ) ;
#66 = CARTESIAN_POINT ( 'NONE',  ( 71.11999999999999034, 85.00000000000000000, 57.14999999999999858 ) ) ;
#67 = CARTESIAN_POINT ( 'NONE',  ( 44.37999999999998124, 6.600000000000033396, -15.00000000000000000 ) ) ;
#68 = DIRECTION ( 'NONE',  ( -0.000000000000000000, 1.000000000000000000, -0.000000000000000000 ) ) ;
#69 = VERTEX_POINT ( 'NONE', #521 ) ;
#70 = DIRECTION ( 'NONE',  ( 0.000000000000000000, 0.000000000000000000, 1.000000000000000000 ) ) ;
#71 = EDGE_CURVE ( 'NONE', #1026, #2214, #2279, .T. ) ;
#72 = DIRECTION ( 'NONE',  ( 0.000000000000000000, 0.000000000000000000, 1.000000000000000000 ) ) ;
#73 = PLANE ( 'NONE',  #717 ) ;
#74 = EDGE_LOOP ( 'NONE', ( #1486, #835, #1742, #1947 ) ) ;
#75 = EDGE_CURVE ( 'NONE', #331, #1786, #249, .T. ) ;
#76 = ORIENTED_EDGE ( 'NONE', *, *, #1830, .F. ) ;
#77 = VERTEX_POINT ( 'NONE', #2310 ) ;
#78 = MANIFOLD_SOLID_BREP ( 'Chafl\X2\00e1\X0\n1', #506 ) ;
#79 = CARTESIAN_POINT ( 'NONE',  ( -70.43535897468470353, 65.00000000000000000, -55.81535897468449292 ) ) ;
#80 = DIRECTION ( 'NONE',  ( 0.000000000000000000, 0.000000000000000000, 1.000000000000000000 ) ) ;
#81 = CARTESIAN_POINT ( 'NONE',  ( 44.37999999999998124, 6.600000000000033396, -18.55000000000000071 ) ) ;
#82 = CARTESIAN_POINT ( 'NONE',  ( 70.05933982822017470, 65.00000000000000000, -56.08933982822017583 ) ) ;
#83 = EDGE_CURVE ( 'NONE', #235, #117, #2233, .T. ) ;
#84 = EDGE_LOOP ( 'NONE', ( #1304, #1186, #2093, #412 ) ) ;
#85 = LINE ( 'NONE', #934, #1225 ) ;
#86 = VECTOR ( 'NONE', #1242, 1000.000000000000000 ) ;
#87 = CARTESIAN_POINT ( 'NONE',  ( 74.11999999999999034, 85.00000000000000000, 57.14999999999999858 ) ) ;
#88 = DIRECTION ( 'NONE',  ( 0.000000000000000000, 0.000000000000000000, 1.000000000000000000 ) ) ;
#89 = ORIENTED_EDGE ( 'NONE', *, *, #1529, .F. ) ;
#90 = ORIENTED_EDGE ( 'NONE', *, *, #997, .T. ) ;
#91 = VERTEX_POINT ( 'NONE', #2289 ) ;
#92 = LINE ( 'NONE', #1654, #615 ) ;
#93 = DIRECTION ( 'NONE',  ( 0.000000000000000000, 0.000000000000000000, 1.000000000000000000 ) ) ;
#94 = CARTESIAN_POINT ( 'NONE',  ( -70.43535897468470353, 65.00000000000000000, -54.26535897468450287 ) ) ;
#95 = CARTESIAN_POINT ( 'NONE',  ( 27.28999999999998849, 11.00000000000000000, 41.91000000000001080 ) ) ;
#96 = AXIS2_PLACEMENT_3D ( 'NONE', #851, #1050, #1568 ) ;
#97 = AXIS2_PLACEMENT_3D ( 'NONE', #2277, #1379, #2092 ) ;
#98 = EDGE_LOOP ( 'NONE', ( #508, #1629 ) ) ;
#99 = CARTESIAN_POINT ( 'NONE',  ( 44.37999999999998124, 11.00000000000000000, -11.44999999999999751 ) ) ;
#100 = CONICAL_SURFACE ( 'NONE', #167, 3.550000000000001155, 0.7853981633974423948 ) ;
#101 = VECTOR ( 'NONE', #1159, 1000.000000000000000 ) ;
#102 = VECTOR ( 'NONE', #1099, 1000.000000000000000 ) ;
#103 = CARTESIAN_POINT ( 'NONE',  ( -71.11999999999999034, 85.00000000000000000, 60.14999999999999858 ) ) ;
#104 = CARTESIAN_POINT ( 'NONE',  ( 27.28999999999998849, 5.000000000000000000, 41.91000000000001080 ) ) ;
#105 = EDGE_LOOP ( 'NONE', ( #1419, #2275, #1503, #1237 ) ) ;
#106 = VERTEX_POINT ( 'NONE', #693 ) ;
#107 = EDGE_CURVE ( 'NONE', #1694, #1044, #2038, .T. ) ;
#108 = FACE_OUTER_BOUND ( 'NONE', #1882, .T. ) ;
#109 = DIRECTION ( 'NONE',  ( -0.000000000000000000, -1.000000000000000000, -0.000000000000000000 ) ) ;
#110 = DIRECTION ( 'NONE',  ( 0.000000000000000000, 1.000000000000000000, -0.000000000000000000 ) ) ;
#111 = ADVANCED_FACE ( 'NONE', ( #780 ), #1656, .T. ) ;
#112 = ADVANCED_FACE ( 'NONE', ( #2165, #1809 ), #226, .T. ) ;
#113 = DIRECTION ( 'NONE',  ( 0.000000000000000000, 0.000000000000000000, 1.000000000000000000 ) ) ;
#114 = ADVANCED_FACE ( 'NONE', ( #962 ), #555, .T. ) ;
#115 = CARTESIAN_POINT ( 'NONE',  ( -56.53000000000001535, 6.600000000000033396, -41.90999999999998238 ) ) ;
#116 = EDGE_LOOP ( 'NONE', ( #2018, #598 ) ) ;
#117 = VERTEX_POINT ( 'NONE', #737 ) ;
#118 = LINE ( 'NONE', #497, #350 ) ;
#119 = FACE_OUTER_BOUND ( 'NONE', #1991, .T. ) ;
#120 = DIRECTION ( 'NONE',  ( 0.000000000000000000, 0.000000000000000000, 1.000000000000000000 ) ) ;
#121 = CARTESIAN_POINT ( 'NONE',  ( -56.53000000000001535, 6.600000000000033396, 45.46000000000000796 ) ) ;
#122 = EDGE_CURVE ( 'NONE', #1850, #2220, #52, .T. ) ;
#123 = VECTOR ( 'NONE', #2011, 1000.000000000000000 ) ;
#124 = VERTEX_POINT ( 'NONE', #1497 ) ;
#125 = VERTEX_POINT ( 'NONE', #1484 ) ;
#126 = VECTOR ( 'NONE', #1013, 1000.000000000000000 ) ;
#127 = ADVANCED_FACE ( 'NONE', ( #1296 ), #1833, .F. ) ;
#128 = ORIENTED_EDGE ( 'NONE', *, *, #2311, .F. ) ;
#129 = CARTESIAN_POINT ( 'NONE',  ( -63.61999999999998323, 5.000000000000004441, 57.14999999999999858 ) ) ;
#130 = FACE_OUTER_BOUND ( 'NONE', #853, .T. ) ;
#131 = CARTESIAN_POINT ( 'NONE',  ( 0.3799999999999810196, 19.00000000000000000, -57.15000000000000568 ) ) ;
#132 = CIRCLE ( 'NONE', #1402, 3.550000000000004707 ) ;
#133 = VECTOR ( 'NONE', #34, 1000.000000000000000 ) ;
#134 = AXIS2_PLACEMENT_3D ( 'NONE', #1356, #451, #1758 ) ;
#135 = AXIS2_PLACEMENT_3D ( 'NONE', #1962, #188, #1757 ) ;
#136 = ORIENTED_EDGE ( 'NONE', *, *, #1463, .T. ) ;
#137 = EDGE_CURVE ( 'NONE', #261, #2083, #920, .T. ) ;
#138 = ORIENTED_EDGE ( 'NONE', *, *, #658, .F. ) ;
#139 = CARTESIAN_POINT ( 'NONE',  ( -56.53000000000001535, 11.00000000000000000, -45.45999999999998664 ) ) ;
#140 = VECTOR ( 'NONE', #2217, 1000.000000000000000 ) ;
#141 = ORIENTED_EDGE ( 'NONE', *, *, #309, .T. ) ;
#142 = DIRECTION ( 'NONE',  ( 0.000000000000000000, 1.000000000000000000, -0.000000000000000000 ) ) ;
#143 = CARTESIAN_POINT ( 'NONE',  ( 71.11999999999999034, 85.00000000000000000, 49.64999999999998437 ) ) ;
#144 = DIRECTION ( 'NONE',  ( 0.000000000000000000, 1.000000000000000000, -0.000000000000000000 ) ) ;
#145 = EDGE_LOOP ( 'NONE', ( #664, #220, #2134, #1079 ) ) ;
#146 = ORIENTED_EDGE ( 'NONE', *, *, #223, .F. ) ;
#147 = DIRECTION ( 'NONE',  ( -0.000000000000000000, -0.000000000000000000, -1.000000000000000000 ) ) ;
#148 = DIRECTION ( 'NONE',  ( 0.000000000000000000, 0.000000000000000000, 1.000000000000000000 ) ) ;
#149 = PLANE ( 'NONE',  #2048 ) ;
#150 = EDGE_CURVE ( 'NONE', #1318, #410, #2021, .T. ) ;
#151 = CARTESIAN_POINT ( 'NONE',  ( 70.05933982822018891, 65.00000000000000000, 54.53933982822016446 ) ) ;
#152 = EDGE_CURVE ( 'NONE', #1499, #8, #1617, .T. ) ;
#153 = EDGE_LOOP ( 'NONE', ( #1267, #757, #627, #1535 ) ) ;
#154 = ORIENTED_EDGE ( 'NONE', *, *, #150, .F. ) ;
#155 = CARTESIAN_POINT ( 'NONE',  ( 27.28999999999998138, 11.00000000000000000, -41.90999999999998238 ) ) ;
#156 = ORIENTED_EDGE ( 'NONE', *, *, #344, .F. ) ;
#157 = EDGE_CURVE ( 'NONE', #1347, #2109, #1797, .T. ) ;
#158 = VECTOR ( 'NONE', #1007, 1000.000000000000000 ) ;
#159 = LINE ( 'NONE', #724, #2075 ) ;
#160 = ORIENTED_EDGE ( 'NONE', *, *, #1806, .F. ) ;
#161 = CARTESIAN_POINT ( 'NONE',  ( 71.11999999999999034, 85.00000000000000000, 49.64999999999998437 ) ) ;
#162 = DIRECTION ( 'NONE',  ( 0.000000000000000000, 0.000000000000000000, -1.000000000000000000 ) ) ;
#163 = AXIS2_PLACEMENT_3D ( 'NONE', #416, #931, #1137 ) ;
#164 = CIRCLE ( 'NONE', #1102, 3.550000000000004707 ) ;
#165 = ORIENTED_EDGE ( 'NONE', *, *, #1891, .T. ) ;
#166 = DIRECTION ( 'NONE',  ( -0.000000000000000000, -1.000000000000000000, -0.000000000000000000 ) ) ;
#167 = AXIS2_PLACEMENT_3D ( 'NONE', #1566, #2094, #837 ) ;
#168 = AXIS2_PLACEMENT_3D ( 'NONE', #183, #550, #1881 ) ;
#169 = VERTEX_POINT ( 'NONE', #2174 ) ;
#170 = DIRECTION ( 'NONE',  ( -0.000000000000000000, -1.000000000000000000, -0.000000000000000000 ) ) ;
#171 = ORIENTED_EDGE ( 'NONE', *, *, #1899, .F. ) ;
#172 = DIRECTION ( 'NONE',  ( 0.000000000000000000, 0.000000000000000000, 1.000000000000000000 ) ) ;
#173 = DIRECTION ( 'NONE',  ( 0.000000000000000000, 0.000000000000000000, 1.000000000000000000 ) ) ;
#174 = EDGE_CURVE ( 'NONE', #331, #846, #1983, .T. ) ;
#175 = ORIENTED_EDGE ( 'NONE', *, *, #1816, .T. ) ;
#176 = CARTESIAN_POINT ( 'NONE',  ( 71.11999999999999034, 85.00000000000000000, -57.15000000000000568 ) ) ;
#177 = ORIENTED_EDGE ( 'NONE', *, *, #1043, .F. ) ;
#178 = SURFACE_STYLE_USAGE ( .BOTH. , #1787 ) ;
#179 = DIRECTION ( 'NONE',  ( 0.000000000000000000, 0.000000000000000000, -1.000000000000000000 ) ) ;
#180 = DIRECTION ( 'NONE',  ( -0.000000000000000000, -1.000000000000000000, -0.000000000000000000 ) ) ;
#181 = ORIENTED_EDGE ( 'NONE', *, *, #1981, .F. ) ;
#182 = CARTESIAN_POINT ( 'NONE',  ( 70.05933982822017470, 85.00000000000000000, -56.08933982822017583 ) ) ;
#183 = CARTESIAN_POINT ( 'NONE',  ( 60.37999999999998124, 5.000000000000000000, 15.00000000000000000 ) ) ;
#184 = ORIENTED_EDGE ( 'NONE', *, *, #1965, .F. ) ;
#185 = FACE_OUTER_BOUND ( 'NONE', #953, .T. ) ;
#186 = VECTOR ( 'NONE', #1789, 1000.000000000000000 ) ;
#187 = ORIENTED_EDGE ( 'NONE', *, *, #1214, .T. ) ;
#188 = DIRECTION ( 'NONE',  ( 0.000000000000000000, 1.000000000000000000, 0.000000000000000000 ) ) ;
#189 = CARTESIAN_POINT ( 'NONE',  ( -74.11999999999999034, 85.00000000000000000, 57.14999999999999858 ) ) ;
#190 = DIRECTION ( 'NONE',  ( 0.000000000000000000, 0.000000000000000000, -1.000000000000000000 ) ) ;
#191 = ORIENTED_EDGE ( 'NONE', *, *, #1505, .T. ) ;
#192 = EDGE_LOOP ( 'NONE', ( #2050, #676, #1260, #1805 ) ) ;
#193 = DIRECTION ( 'NONE',  ( 0.000000000000000000, 1.000000000000000000, 0.000000000000000000 ) ) ;
#194 = DIRECTION ( 'NONE',  ( 0.000000000000000000, 1.000000000000000000, 0.000000000000000000 ) ) ;
#195 = EDGE_LOOP ( 'NONE', ( #1367, #1677 ) ) ;
#196 = AXIS2_PLACEMENT_3D ( 'NONE', #67, #1467, #580 ) ;
#197 = CIRCLE ( 'NONE', #715, 1.550000000000002709 ) ;
#198 = AXIS2_PLACEMENT_3D ( 'NONE', #257, #766, #65 ) ;
#199 = AXIS2_PLACEMENT_3D ( 'NONE', #755, #1647, #1501 ) ;
#200 = CONICAL_SURFACE ( 'NONE', #54, 3.550000000000001155, 0.7853981633974423948 ) ;
#201 = ADVANCED_FACE ( 'NONE', ( #36, #2010 ), #1446, .T. ) ;
#202 = DIRECTION ( 'NONE',  ( 8.659560562354882322E-17, -0.7071067811865517916, 0.7071067811865433539 ) ) ;
#203 = DIRECTION ( 'NONE',  ( 0.000000000000000000, 1.000000000000000000, 0.000000000000000000 ) ) ;
#204 = DIRECTION ( 'NONE',  ( 0.000000000000000000, 0.000000000000000000, 1.000000000000000000 ) ) ;
#205 = EDGE_LOOP ( 'NONE', ( #1633, #1969 ) ) ;
#206 = DIRECTION ( 'NONE',  ( 0.000000000000000000, 1.000000000000000000, -0.000000000000000000 ) ) ;
#207 = DIRECTION ( 'NONE',  ( -0.000000000000000000, -1.000000000000000000, 0.000000000000000000 ) ) ;
#208 = DIRECTION ( 'NONE',  ( -0.000000000000000000, 1.000000000000000000, 0.000000000000000000 ) ) ;
#209 = VERTEX_POINT ( 'NONE', #1675 ) ;
#210 = CARTESIAN_POINT ( 'NONE',  ( 0.000000000000000000, 0.000000000000000000, 0.000000000000000000 ) ) ;
#211 = DIRECTION ( 'NONE',  ( -0.000000000000000000, 1.000000000000000000, -0.000000000000000000 ) ) ;
#212 = EDGE_CURVE ( 'NONE', #1239, #787, #565, .T. ) ;
#213 = DIRECTION ( 'NONE',  ( 0.000000000000000000, 0.000000000000000000, 1.000000000000000000 ) ) ;
#214 = VERTEX_POINT ( 'NONE', #748 ) ;
#215 = DIRECTION ( 'NONE',  ( 0.000000000000000000, 0.000000000000000000, 1.000000000000000000 ) ) ;
#216 = EDGE_CURVE ( 'NONE', #261, #1016, #1992, .T. ) ;
#217 = EDGE_CURVE ( 'NONE', #589, #722, #371, .T. ) ;
#218 = CARTESIAN_POINT ( 'NONE',  ( 70.05933982822018891, 65.00000000000000000, 57.63933982822015878 ) ) ;
#219 = FACE_BOUND ( 'NONE', #2213, .T. ) ;
#220 = ORIENTED_EDGE ( 'NONE', *, *, #480, .F. ) ;
#221 = ORIENTED_EDGE ( 'NONE', *, *, #122, .T. ) ;
#222 = PRODUCT_DEFINITION_CONTEXT ( 'detailed design', #977, 'design' ) ;
#223 = EDGE_CURVE ( 'NONE', #786, #1044, #726, .T. ) ;
#224 = LINE ( 'NONE', #2052, #1030 ) ;
#225 = LINE ( 'NONE', #2009, #17 ) ;
#226 = PLANE ( 'NONE',  #803 ) ;
#227 = CARTESIAN_POINT ( 'NONE',  ( -71.11999999999999034, 85.00000000000000000, -49.64999999999999858 ) ) ;
#228 = CIRCLE ( 'NONE', #605, 3.550000000000004707 ) ;
#229 = EDGE_LOOP ( 'NONE', ( #1228, #918, #1071, #422 ) ) ;
#230 = CARTESIAN_POINT ( 'NONE',  ( 71.11999999999999034, 0.000000000000000000, -57.15000000000000568 ) ) ;
#231 = CARTESIAN_POINT ( 'NONE',  ( 27.28999999999998849, 11.00000000000000000, 38.36000000000000654 ) ) ;
#232 = DIRECTION ( 'NONE',  ( 0.000000000000000000, 1.000000000000000000, -0.000000000000000000 ) ) ;
#233 = ORIENTED_EDGE ( 'NONE', *, *, #814, .F. ) ;
#234 = ORIENTED_EDGE ( 'NONE', *, *, #1299, .T. ) ;
#235 = VERTEX_POINT ( 'NONE', #299 ) ;
#236 = VECTOR ( 'NONE', #1686, 1000.000000000000000 ) ;
#237 = ADVANCED_FACE ( 'NONE', ( #284 ), #1361, .F. ) ;
#238 = CIRCLE ( 'NONE', #290, 3.550000000000004707 ) ;
#239 = DIRECTION ( 'NONE',  ( 1.000000000000000000, 0.000000000000000000, 0.000000000000000000 ) ) ;
#240 = AXIS2_PLACEMENT_3D ( 'NONE', #155, #985, #1401 ) ;
#241 = CARTESIAN_POINT ( 'NONE',  ( 44.37999999999998124, 6.600000000000033396, -11.44999999999999751 ) ) ;
#242 = CARTESIAN_POINT ( 'NONE',  ( 63.61999999999998323, 85.00000000000000000, 57.14999999999999858 ) ) ;
#243 = CARTESIAN_POINT ( 'NONE',  ( 60.37999999999998124, 5.000000000000000000, 15.00000000000000000 ) ) ;
#244 = VECTOR ( 'NONE', #1590, 1000.000000000000000 ) ;
#245 = AXIS2_PLACEMENT_3D ( 'NONE', #251, #1128, #2253 ) ;
#246 = ORIENTED_EDGE ( 'NONE', *, *, #2157, .T. ) ;
#247 = CIRCLE ( 'NONE', #1152, 5.149999999999960387 ) ;
#248 = DIRECTION ( 'NONE',  ( -0.000000000000000000, -1.000000000000000000, -0.000000000000000000 ) ) ;
#249 = CIRCLE ( 'NONE', #532, 3.550000000000004707 ) ;
#250 = EDGE_CURVE ( 'NONE', #2316, #254, #986, .T. ) ;
#251 = CARTESIAN_POINT ( 'NONE',  ( -70.43535897468416351, 65.00000000000000000, 55.81535897468440766 ) ) ;
#252 = CARTESIAN_POINT ( 'NONE',  ( 27.28999999999998849, 6.600000000000005862, 45.46000000000001506 ) ) ;
#253 = ORIENTED_EDGE ( 'NONE', *, *, #1458, .F. ) ;
#254 = VERTEX_POINT ( 'NONE', #1349 ) ;
#255 = ORIENTED_EDGE ( 'NONE', *, *, #643, .F. ) ;
#256 = ADVANCED_FACE ( 'NONE', ( #2248 ), #469, .T. ) ;
#257 = CARTESIAN_POINT ( 'NONE',  ( 44.37999999999998124, 6.600000000000033396, -15.00000000000000000 ) ) ;
#258 = CARTESIAN_POINT ( 'NONE',  ( 27.28999999999998849, 5.000000000000000000, 41.91000000000001080 ) ) ;
#259 = DIRECTION ( 'NONE',  ( -0.000000000000000000, -1.000000000000000000, 0.000000000000000000 ) ) ;
#260 = DIRECTION ( 'NONE',  ( 1.000000000000000000, -0.000000000000000000, 0.000000000000000000 ) ) ;
#261 = VERTEX_POINT ( 'NONE', #81 ) ;
#262 = CARTESIAN_POINT ( 'NONE',  ( 44.37999999999998124, 11.00000000000000000, -16.55000000000000071 ) ) ;
#263 = EDGE_CURVE ( 'NONE', #2245, #1206, #1472, .T. ) ;
#264 = DIRECTION ( 'NONE',  ( 0.000000000000000000, 0.000000000000000000, -1.000000000000000000 ) ) ;
#265 = DIRECTION ( 'NONE',  ( 0.000000000000000000, 1.000000000000000000, 0.000000000000000000 ) ) ;
#266 = ORIENTED_EDGE ( 'NONE', *, *, #940, .F. ) ;
#267 = ORIENTED_EDGE ( 'NONE', *, *, #2000, .F. ) ;
#268 = VERTEX_POINT ( 'NONE', #809 ) ;
#269 = FACE_OUTER_BOUND ( 'NONE', #1521, .T. ) ;
#270 = DIRECTION ( 'NONE',  ( -0.000000000000000000, -1.000000000000000000, 0.000000000000000000 ) ) ;
#271 = DIRECTION ( 'NONE',  ( -0.000000000000000000, 1.000000000000000000, -0.000000000000000000 ) ) ;
#272 = DIRECTION ( 'NONE',  ( 0.000000000000000000, 0.000000000000000000, 1.000000000000000000 ) ) ;
#273 = EDGE_LOOP ( 'NONE', ( #447, #1624, #1270, #613 ) ) ;
#274 = DIRECTION ( 'NONE',  ( 0.000000000000000000, 0.000000000000000000, 1.000000000000000000 ) ) ;
#275 = EDGE_CURVE ( 'NONE', #1016, #261, #2270, .T. ) ;
#276 = CIRCLE ( 'NONE', #1021, 5.150000000000015454 ) ;
#277 = CARTESIAN_POINT ( 'NONE',  ( 74.11999999999999034, 0.000000000000000000, -57.15000000000001279 ) ) ;
#278 = DIRECTION ( 'NONE',  ( 0.000000000000000000, 0.000000000000000000, 1.000000000000000000 ) ) ;
#279 = AXIS2_PLACEMENT_3D ( 'NONE', #2317, #1048, #1766 ) ;
#280 = VERTEX_POINT ( 'NONE', #1527 ) ;
#281 = ORIENTED_EDGE ( 'NONE', *, *, #2294, .F. ) ;
#282 = EDGE_CURVE ( 'NONE', #1614, #1009, #456, .T. ) ;
#283 = CARTESIAN_POINT ( 'NONE',  ( -56.53000000000001535, 11.00000000000000000, 41.91000000000000369 ) ) ;
#284 = FACE_OUTER_BOUND ( 'NONE', #2171, .T. ) ;
#285 = DIRECTION ( 'NONE',  ( -1.000000000000000000, 0.000000000000000000, 0.000000000000000000 ) ) ;
#286 = VECTOR ( 'NONE', #392, 1000.000000000000000 ) ;
#287 = AXIS2_PLACEMENT_3D ( 'NONE', #732, #207, #1288 ) ;
#288 = EDGE_CURVE ( 'NONE', #1209, #452, #1142, .T. ) ;
#289 = CARTESIAN_POINT ( 'NONE',  ( -71.11999999999999034, 85.00000000000000000, -57.15000000000001279 ) ) ;
#290 = AXIS2_PLACEMENT_3D ( 'NONE', #1121, #960, #49 ) ;
#291 = CIRCLE ( 'NONE', #576, 7.500000000000013323 ) ;
#292 = CARTESIAN_POINT ( 'NONE',  ( -70.43535897468470353, 65.00000000000000000, -55.81535897468449292 ) ) ;
#293 = CARTESIAN_POINT ( 'NONE',  ( 60.37999999999998124, 6.600000000000033396, 15.00000000000000000 ) ) ;
#294 = ADVANCED_FACE ( 'NONE', ( #619 ), #1588, .T. ) ;
#295 = ORIENTED_EDGE ( 'NONE', *, *, #1661, .T. ) ;
#296 = ORIENTED_EDGE ( 'NONE', *, *, #2147, .T. ) ;
#297 = ORIENTED_EDGE ( 'NONE', *, *, #926, .T. ) ;
#298 = DIRECTION ( 'NONE',  ( 1.000000000000000000, 0.000000000000000000, 0.000000000000000000 ) ) ;
#299 = CARTESIAN_POINT ( 'NONE',  ( -70.43535897468416351, 65.00000000000000000, 57.36535897468439771 ) ) ;
#300 = LINE ( 'NONE', #631, #1949 ) ;
#301 = EDGE_CURVE ( 'NONE', #2314, #655, #1435, .T. ) ;
#302 = DIRECTION ( 'NONE',  ( 0.000000000000000000, 0.000000000000000000, -1.000000000000000000 ) ) ;
#303 = ORIENTED_EDGE ( 'NONE', *, *, #1061, .T. ) ;
#304 = ORIENTED_EDGE ( 'NONE', *, *, #1936, .F. ) ;
#305 = CARTESIAN_POINT ( 'NONE',  ( -71.11999999999999034, 85.00000000000000000, 57.14999999999999858 ) ) ;
#306 = DIRECTION ( 'NONE',  ( -0.000000000000000000, -0.000000000000000000, -1.000000000000000000 ) ) ;
#307 = CARTESIAN_POINT ( 'NONE',  ( 0.000000000000000000, 5.000000000000000000, 0.000000000000000000 ) ) ;
#308 = ADVANCED_FACE ( 'NONE', ( #119 ), #603, .T. ) ;
#309 = EDGE_CURVE ( 'NONE', #1530, #1756, #1741, .T. ) ;
#310 = CIRCLE ( 'NONE', #1507, 1.550000000000002709 ) ;
#311 = ORIENTED_EDGE ( 'NONE', *, *, #1043, .T. ) ;
#312 = EDGE_LOOP ( 'NONE', ( #2152, #1954, #2302, #1710 ) ) ;
#313 = CARTESIAN_POINT ( 'NONE',  ( 44.37999999999998124, 11.00000000000000000, -13.44999999999999929 ) ) ;
#314 = EDGE_LOOP ( 'NONE', ( #1791, #971, #1098, #33 ) ) ;
#315 = DIRECTION ( 'NONE',  ( -0.000000000000000000, -1.000000000000000000, 0.000000000000000000 ) ) ;
#316 = CARTESIAN_POINT ( 'NONE',  ( -56.53000000000001535, 11.00000000000000000, 40.35999999999999943 ) ) ;
#317 = DIRECTION ( 'NONE',  ( -0.000000000000000000, -1.000000000000000000, -0.000000000000000000 ) ) ;
#318 = FACE_OUTER_BOUND ( 'NONE', #548, .T. ) ;
#319 = CIRCLE ( 'NONE', #1221, 5.150000000000015454 ) ;
#320 = AXIS2_PLACEMENT_3D ( 'NONE', #644, #471, #1020 ) ;
#321 = EDGE_LOOP ( 'NONE', ( #405, #516, #1550, #440 ) ) ;
#322 = EDGE_LOOP ( 'NONE', ( #2203, #2049, #2084, #665, #890, #1398, #1175, #575 ) ) ;
#323 = FACE_OUTER_BOUND ( 'NONE', #1200, .T. ) ;
#324 = EDGE_CURVE ( 'NONE', #1209, #2214, #1510, .T. ) ;
#325 = EDGE_CURVE ( 'NONE', #1614, #2318, #401, .T. ) ;
#326 = DIRECTION ( 'NONE',  ( 0.000000000000000000, 0.000000000000000000, 1.000000000000000000 ) ) ;
#327 = CARTESIAN_POINT ( 'NONE',  ( 44.37999999999998124, 5.000000000000000000, -15.00000000000000000 ) ) ;
#328 = FACE_OUTER_BOUND ( 'NONE', #1431, .T. ) ;
#329 = DIRECTION ( 'NONE',  ( 8.659560562354803436E-17, -0.7071067811865580088, 0.7071067811865369146 ) ) ;
#330 = EDGE_CURVE ( 'NONE', #786, #1966, #2271, .T. ) ;
#331 = VERTEX_POINT ( 'NONE', #1525 ) ;
#332 = ORIENTED_EDGE ( 'NONE', *, *, #856, .T. ) ;
#333 = CARTESIAN_POINT ( 'NONE',  ( -56.53000000000001535, 6.600000000000033396, 41.91000000000000369 ) ) ;
#334 = ORIENTED_EDGE ( 'NONE', *, *, #1593, .F. ) ;
#335 = FACE_OUTER_BOUND ( 'NONE', #1207, .T. ) ;
#336 = DIRECTION ( 'NONE',  ( -0.000000000000000000, -1.000000000000000000, 0.000000000000000000 ) ) ;
#337 = FACE_BOUND ( 'NONE', #2246, .T. ) ;
#338 = ADVANCED_FACE ( 'NONE', ( #790 ), #1348, .F. ) ;
#339 = VERTEX_POINT ( 'NONE', #943 ) ;
#340 = DIRECTION ( 'NONE',  ( 0.000000000000000000, 0.000000000000000000, 1.000000000000000000 ) ) ;
#341 = EDGE_LOOP ( 'NONE', ( #2143, #795, #770, #1176 ) ) ;
#342 = AXIS2_PLACEMENT_3D ( 'NONE', #293, #824, #1077 ) ;
#343 = ADVANCED_FACE ( 'NONE', ( #1495 ), #1852, .T. ) ;
#344 = EDGE_CURVE ( 'NONE', #1693, #2024, #1831, .T. ) ;
#345 = DIRECTION ( 'NONE',  ( 0.000000000000000000, 0.000000000000000000, 1.000000000000000000 ) ) ;
#346 = VERTEX_POINT ( 'NONE', #629 ) ;
#347 = DIRECTION ( 'NONE',  ( 0.000000000000000000, 0.000000000000000000, -1.000000000000000000 ) ) ;
#348 = PLANE ( 'NONE',  #745 ) ;
#349 = AXIS2_PLACEMENT_3D ( 'NONE', #445, #630, #2065 ) ;
#350 = VECTOR ( 'NONE', #1904, 1000.000000000000000 ) ;
#351 = VECTOR ( 'NONE', #202, 1000.000000000000000 ) ;
#352 = ORIENTED_EDGE ( 'NONE', *, *, #2260, .F. ) ;
#353 = DIRECTION ( 'NONE',  ( 0.000000000000000000, 0.000000000000000000, 1.000000000000000000 ) ) ;
#354 = CIRCLE ( 'NONE', #1410, 1.549999999999995826 ) ;
#355 = CIRCLE ( 'NONE', #2151, 1.550000000000002709 ) ;
#356 = ORIENTED_EDGE ( 'NONE', *, *, #1765, .F. ) ;
#357 = AXIS2_PLACEMENT_3D ( 'NONE', #391, #1820, #51 ) ;
#358 = CIRCLE ( 'NONE', #1107, 1.550000000000002709 ) ;
#359 = CARTESIAN_POINT ( 'NONE',  ( 27.28999999999998138, 5.000000000000000000, -40.35999999999997812 ) ) ;
#360 = FILL_AREA_STYLE ('',( #1576 ) ) ;
#361 = DIRECTION ( 'NONE',  ( 0.000000000000000000, 0.000000000000000000, 1.000000000000000000 ) ) ;
#362 = CARTESIAN_POINT ( 'NONE',  ( 60.37999999999998124, 11.00000000000000000, 15.00000000000000000 ) ) ;
#363 = ADVANCED_FACE ( 'NONE', ( #2019 ), #972, .F. ) ;
#364 = VERTEX_POINT ( 'NONE', #2187 ) ;
#365 = DIRECTION ( 'NONE',  ( 0.000000000000000000, 1.000000000000000000, -0.000000000000000000 ) ) ;
#366 = DIRECTION ( 'NONE',  ( 0.000000000000000000, -0.000000000000000000, 1.000000000000000000 ) ) ;
#367 = ORIENTED_EDGE ( 'NONE', *, *, #2041, .T. ) ;
#368 = LINE ( 'NONE', #1062, #1652 ) ;
#369 = VERTEX_POINT ( 'NONE', #1684 ) ;
#370 = LINE ( 'NONE', #1796, #1625 ) ;
#371 = LINE ( 'NONE', #1620, #1514 ) ;
#372 = CARTESIAN_POINT ( 'NONE',  ( 71.11999999999999034, 85.00000000000000000, 57.14999999999999858 ) ) ;
#373 = ORIENTED_EDGE ( 'NONE', *, *, #520, .F. ) ;
#374 = ORIENTED_EDGE ( 'NONE', *, *, #895, .T. ) ;
#375 = CYLINDRICAL_SURFACE ( 'NONE', #1958, 1.549999999999995826 ) ;
#376 = FACE_OUTER_BOUND ( 'NONE', #1925, .T. ) ;
#377 = ORIENTED_EDGE ( 'NONE', *, *, #1783, .F. ) ;
#378 = VECTOR ( 'NONE', #620, 1000.000000000000000 ) ;
#379 = DIRECTION ( 'NONE',  ( -0.000000000000000000, -1.000000000000000000, -0.000000000000000000 ) ) ;
#380 = CARTESIAN_POINT ( 'NONE',  ( -70.43535897468470353, 65.00000000000000000, -55.81535897468449292 ) ) ;
#381 = DIRECTION ( 'NONE',  ( -0.000000000000000000, -1.000000000000000000, 0.000000000000000000 ) ) ;
#382 = ORIENTED_EDGE ( 'NONE', *, *, #1533, .F. ) ;
#383 = CARTESIAN_POINT ( 'NONE',  ( 0.3799999999999810196, 19.00000000000000000, 60.15100000000001046 ) ) ;
#384 = DIRECTION ( 'NONE',  ( 0.000000000000000000, 0.000000000000000000, 1.000000000000000000 ) ) ;
#385 = DIRECTION ( 'NONE',  ( -0.000000000000000000, 0.000000000000000000, -1.000000000000000000 ) ) ;
#386 = ORIENTED_EDGE ( 'NONE', *, *, #396, .F. ) ;
#387 = AXIS2_PLACEMENT_3D ( 'NONE', #2114, #689, #1946 ) ;
#388 = AXIS2_PLACEMENT_3D ( 'NONE', #1360, #1731, #2076 ) ;
#389 = CIRCLE ( 'NONE', #2238, 1.549999999999995826 ) ;
#390 = EDGE_CURVE ( 'NONE', #2255, #2292, #1697, .T. ) ;
#391 = CARTESIAN_POINT ( 'NONE',  ( -56.53000000000001535, 11.00000000000000000, -41.90999999999998238 ) ) ;
#392 = DIRECTION ( 'NONE',  ( 8.659560562354878624E-17, -0.7071067811865520136, 0.7071067811865431318 ) ) ;
#393 = CARTESIAN_POINT ( 'NONE',  ( 27.28999999999998138, 11.00000000000000000, -43.45999999999998664 ) ) ;
#394 = ORIENTED_EDGE ( 'NONE', *, *, #152, .T. ) ;
#395 = DIRECTION ( 'NONE',  ( 0.000000000000000000, -1.000000000000000000, 0.000000000000000000 ) ) ;
#396 = EDGE_CURVE ( 'NONE', #1426, #339, #224, .T. ) ;
#397 = DIRECTION ( 'NONE',  ( 0.000000000000000000, 1.000000000000000000, -0.000000000000000000 ) ) ;
#398 = DIRECTION ( 'NONE',  ( 0.000000000000000000, 0.000000000000000000, 1.000000000000000000 ) ) ;
#399 = ORIENTED_EDGE ( 'NONE', *, *, #1899, .T. ) ;
#400 = ORIENTED_EDGE ( 'NONE', *, *, #2063, .F. ) ;
#401 = LINE ( 'NONE', #616, #1146 ) ;
#402 = DIRECTION ( 'NONE',  ( 0.000000000000000000, -0.7071067811865520136, -0.7071067811865431318 ) ) ;
#403 = DIRECTION ( 'NONE',  ( 0.000000000000000000, 0.000000000000000000, 1.000000000000000000 ) ) ;
#404 = DIRECTION ( 'NONE',  ( -0.000000000000000000, -1.000000000000000000, -0.000000000000000000 ) ) ;
#405 = ORIENTED_EDGE ( 'NONE', *, *, #275, .F. ) ;
#406 = DIRECTION ( 'NONE',  ( 0.000000000000000000, 0.000000000000000000, 1.000000000000000000 ) ) ;
#407 = EDGE_CURVE ( 'NONE', #1922, #280, #1707, .T. ) ;
#408 = FACE_OUTER_BOUND ( 'NONE', #1090, .T. ) ;
#409 = DIRECTION ( 'NONE',  ( 0.000000000000000000, -1.000000000000000000, 0.000000000000000000 ) ) ;
#410 = VERTEX_POINT ( 'NONE', #2034 ) ;
#411 = ORIENTED_EDGE ( 'NONE', *, *, #1293, .T. ) ;
#412 = ORIENTED_EDGE ( 'NONE', *, *, #75, .T. ) ;
#413 = ADVANCED_FACE ( 'NONE', ( #1337 ), #1153, .T. ) ;
#414 = DIRECTION ( 'NONE',  ( 0.000000000000000000, 0.000000000000000000, 1.000000000000000000 ) ) ;
#415 = FACE_OUTER_BOUND ( 'NONE', #1311, .T. ) ;
#416 = CARTESIAN_POINT ( 'NONE',  ( -71.11999999999999034, 85.00000000000000000, -60.15000000000000568 ) ) ;
#417 = CARTESIAN_POINT ( 'NONE',  ( 0.3799999999999810196, 12.00000000000000000, -60.15000000000000568 ) ) ;
#418 = ORIENTED_EDGE ( 'NONE', *, *, #1236, .T. ) ;
#419 = CARTESIAN_POINT ( 'NONE',  ( 71.11999999999999034, 85.00000000000000000, -60.15000000000000568 ) ) ;
#420 = PLANE ( 'NONE',  #875 ) ;
#421 = DIRECTION ( 'NONE',  ( -0.000000000000000000, -1.000000000000000000, -0.000000000000000000 ) ) ;
#422 = ORIENTED_EDGE ( 'NONE', *, *, #856, .F. ) ;
#423 = ORIENTED_EDGE ( 'NONE', *, *, #1529, .T. ) ;
#424 = ORIENTED_EDGE ( 'NONE', *, *, #827, .T. ) ;
#425 = AXIS2_PLACEMENT_3D ( 'NONE', #2315, #698, #1420 ) ;
#426 = CIRCLE ( 'NONE', #1474, 3.000000000000002665 ) ;
#427 = DIRECTION ( 'NONE',  ( 0.000000000000000000, 0.000000000000000000, -1.000000000000000000 ) ) ;
#428 = VECTOR ( 'NONE', #409, 1000.000000000000000 ) ;
#429 = EDGE_CURVE ( 'NONE', #1536, #1274, #92, .T. ) ;
#430 = CARTESIAN_POINT ( 'NONE',  ( 70.05933982822018891, 85.00000000000000000, 56.08933982822016162 ) ) ;
#431 = DIRECTION ( 'NONE',  ( -0.000000000000000000, 1.000000000000000000, -0.000000000000000000 ) ) ;
#432 = DIRECTION ( 'NONE',  ( 0.000000000000000000, -1.000000000000000000, 0.000000000000000000 ) ) ;
#433 = CIRCLE ( 'NONE', #721, 3.550000000000001155 ) ;
#434 = ORIENTED_EDGE ( 'NONE', *, *, #216, .T. ) ;
#435 = AXIS2_PLACEMENT_3D ( 'NONE', #210, #2035, #1630 ) ;
#436 = DIRECTION ( 'NONE',  ( -0.000000000000000000, 1.000000000000000000, -0.000000000000000000 ) ) ;
#437 = AXIS2_PLACEMENT_3D ( 'NONE', #1846, #203, #1112 ) ;
#438 = LINE ( 'NONE', #87, #1001 ) ;
#439 = CARTESIAN_POINT ( 'NONE',  ( 27.28999999999998138, 11.00000000000000000, -41.90999999999998238 ) ) ;
#440 = ORIENTED_EDGE ( 'NONE', *, *, #137, .F. ) ;
#441 = ORIENTED_EDGE ( 'NONE', *, *, #1783, .T. ) ;
#442 = ORIENTED_EDGE ( 'NONE', *, *, #2136, .F. ) ;
#443 = DIRECTION ( 'NONE',  ( 0.000000000000000000, 1.000000000000000000, -0.000000000000000000 ) ) ;
#444 = CARTESIAN_POINT ( 'NONE',  ( 60.37999999999998124, 11.00000000000000000, 11.44999999999999751 ) ) ;
#445 = CARTESIAN_POINT ( 'NONE',  ( 27.28999999999998849, 6.600000000000005862, 41.91000000000001080 ) ) ;
#446 = CARTESIAN_POINT ( 'NONE',  ( 60.37999999999998124, 11.00000000000000000, 16.55000000000000071 ) ) ;
#447 = ORIENTED_EDGE ( 'NONE', *, *, #1397, .T. ) ;
#448 = DIRECTION ( 'NONE',  ( 0.000000000000000000, 0.000000000000000000, 1.000000000000000000 ) ) ;
#449 = EDGE_CURVE ( 'NONE', #77, #1649, #1641, .T. ) ;
#450 = DIRECTION ( 'NONE',  ( 0.000000000000000000, 1.000000000000000000, 0.000000000000000000 ) ) ;
#451 = DIRECTION ( 'NONE',  ( -0.000000000000000000, 1.000000000000000000, 0.000000000000000000 ) ) ;
#452 = VERTEX_POINT ( 'NONE', #746 ) ;
#453 = ORIENTED_EDGE ( 'NONE', *, *, #2321, .F. ) ;
#454 = EDGE_CURVE ( 'NONE', #339, #818, #2115, .T. ) ;
#455 = DIRECTION ( 'NONE',  ( 0.000000000000000000, 1.000000000000000000, -0.000000000000000000 ) ) ;
#456 = LINE ( 'NONE', #1340, #236 ) ;
#457 = DIRECTION ( 'NONE',  ( 0.000000000000000000, 1.000000000000000000, 0.000000000000000000 ) ) ;
#458 = DIRECTION ( 'NONE',  ( 0.000000000000000000, 1.000000000000000000, 0.000000000000000000 ) ) ;
#459 = CIRCLE ( 'NONE', #1800, 1.549999999999995826 ) ;
#460 = FACE_OUTER_BOUND ( 'NONE', #1773, .T. ) ;
#461 = CYLINDRICAL_SURFACE ( 'NONE', #2082, 1.550000000000002709 ) ;
#462 = ORIENTED_EDGE ( 'NONE', *, *, #1116, .T. ) ;
#463 = ORIENTED_EDGE ( 'NONE', *, *, #1807, .T. ) ;
#464 = ORIENTED_EDGE ( 'NONE', *, *, #515, .F. ) ;
#465 = EDGE_CURVE ( 'NONE', #169, #1682, #2007, .T. ) ;
#466 = DIRECTION ( 'NONE',  ( -0.000000000000000000, -1.000000000000000000, -0.000000000000000000 ) ) ;
#467 = DIRECTION ( 'NONE',  ( 0.000000000000000000, 1.000000000000000000, -0.000000000000000000 ) ) ;
#468 = DIRECTION ( 'NONE',  ( -0.000000000000000000, -1.000000000000000000, -0.000000000000000000 ) ) ;
#469 = CONICAL_SURFACE ( 'NONE', #349, 3.550000000000004707, 0.7853981633974334020 ) ;
#470 = AXIS2_PLACEMENT_3D ( 'NONE', #2323, #1441, #353 ) ;
#471 = DIRECTION ( 'NONE',  ( 0.000000000000000000, 1.000000000000000000, 0.000000000000000000 ) ) ;
#472 = AXIS2_PLACEMENT_3D ( 'NONE', #1869, #265, #980 ) ;
#473 = ADVANCED_FACE ( 'NONE', ( #269 ), #1465, .T. ) ;
#474 = CIRCLE ( 'NONE', #1664, 3.000000000000002665 ) ;
#475 = ORIENTED_EDGE ( 'NONE', *, *, #697, .F. ) ;
#476 = EDGE_LOOP ( 'NONE', ( #1266, #1681, #933, #434 ) ) ;
#477 = EDGE_LOOP ( 'NONE', ( #267, #507, #1945, #1082 ) ) ;
#478 = DIRECTION ( 'NONE',  ( 0.000000000000000000, 0.000000000000000000, 1.000000000000000000 ) ) ;
#479 = CARTESIAN_POINT ( 'NONE',  ( 60.37999999999998124, 11.00000000000000000, 18.55000000000000071 ) ) ;
#480 = EDGE_CURVE ( 'NONE', #77, #214, #238, .T. ) ;
#481 = FACE_BOUND ( 'NONE', #1976, .T. ) ;
#482 = ORIENTED_EDGE ( 'NONE', *, *, #174, .F. ) ;
#483 = EDGE_LOOP ( 'NONE', ( #253, #976, #418, #2040 ) ) ;
#484 = CARTESIAN_POINT ( 'NONE',  ( -56.53000000000001535, 5.000000000000000000, -41.90999999999998238 ) ) ;
#485 = EDGE_CURVE ( 'NONE', #722, #888, #487, .T. ) ;
#486 = ORIENTED_EDGE ( 'NONE', *, *, #2262, .T. ) ;
#487 = LINE ( 'NONE', #1210, #1811 ) ;
#488 = CARTESIAN_POINT ( 'NONE',  ( 44.37999999999998124, 5.000000000000000000, -13.44999999999999929 ) ) ;
#489 = EDGE_CURVE ( 'NONE', #69, #2227, #2043, .T. ) ;
#490 = SURFACE_STYLE_FILL_AREA ( #360 ) ;
#491 = CARTESIAN_POINT ( 'NONE',  ( -71.11999999999999034, 0.000000000000000000, 60.14999999999999858 ) ) ;
#492 = EDGE_CURVE ( 'NONE', #2225, #410, #1927, .T. ) ;
#493 = AXIS2_PLACEMENT_3D ( 'NONE', #2232, #1847, #2191 ) ;
#494 = ORIENTED_EDGE ( 'NONE', *, *, #1948, .F. ) ;
#495 = VERTEX_POINT ( 'NONE', #129 ) ;
#496 = FACE_OUTER_BOUND ( 'NONE', #863, .T. ) ;
#497 = CARTESIAN_POINT ( 'NONE',  ( 70.05933982822017470, 65.00000000000000000, -54.53933982822017867 ) ) ;
#498 = FACE_OUTER_BOUND ( 'NONE', #1659, .T. ) ;
#499 = CARTESIAN_POINT ( 'NONE',  ( 27.28999999999998138, 5.000000000000000000, -41.90999999999998238 ) ) ;
#500 = CARTESIAN_POINT ( 'NONE',  ( 27.28999999999998138, 11.00000000000000000, -40.35999999999997812 ) ) ;
#501 = CARTESIAN_POINT ( 'NONE',  ( -71.11999999999999034, 85.00000000000000000, 49.64999999999999858 ) ) ;
#502 = CIRCLE ( 'NONE', #1853, 5.150000000000015454 ) ;
#503 = VECTOR ( 'NONE', #427, 1000.000000000000000 ) ;
#504 = AXIS2_PLACEMENT_3D ( 'NONE', #1679, #798, #1516 ) ;
#505 = AXIS2_PLACEMENT_3D ( 'NONE', #1913, #1033, #1212 ) ;
#506 = CLOSED_SHELL ( 'NONE', ( #949, #1570, #887, #343, #256, #513, #237, #761, #1359, #1543, #1764, #1921, #1165, #308, #524, #568, #1320, #63, #1726, #1974, #2172, #2300, #1434, #2239, #881, #683, #753, #1100, #1594, #1407, #1636, #201, #111, #1640, #1054, #1365, #636, #968, #1571, #822, #413, #112, #1827, #1275, #473, #1595, #1351, #363, #1418, #1720, #903, #1307, #1940, #1934, #1182, #2263, #2282, #1944, #1230, #833, #1399, #552, #873, #528, #1316, #127, #114, #338, #1141, #1491, #1049, #1979, #2142, #1584, #1370, #861, #709, #777, #2179, #2062, #2241, #294, #988 ) ) ;
#507 = ORIENTED_EDGE ( 'NONE', *, *, #1124, .T. ) ;
#508 = ORIENTED_EDGE ( 'NONE', *, *, #2005, .F. ) ;
#509 = DIRECTION ( 'NONE',  ( 0.000000000000000000, 0.000000000000000000, -1.000000000000000000 ) ) ;
#510 = CYLINDRICAL_SURFACE ( 'NONE', #1366, 3.550000000000004707 ) ;
#511 = CARTESIAN_POINT ( 'NONE',  ( 70.05933982822018891, 85.00000000000000000, 54.53933982822016446 ) ) ;
#512 = DIRECTION ( 'NONE',  ( -0.000000000000000000, -1.000000000000000000, -0.000000000000000000 ) ) ;
#513 = ADVANCED_FACE ( 'NONE', ( #1713 ), #100, .T. ) ;
#514 = EDGE_CURVE ( 'NONE', #2318, #656, #426, .T. ) ;
#515 = EDGE_CURVE ( 'NONE', #2200, #527, #118, .T. ) ;
#516 = ORIENTED_EDGE ( 'NONE', *, *, #2321, .T. ) ;
#517 = CARTESIAN_POINT ( 'NONE',  ( 71.11999999999999034, 5.000000000000000000, 57.14999999999999858 ) ) ;
#518 = VERTEX_POINT ( 'NONE', #1910 ) ;
#519 = LINE ( 'NONE', #542, #1059 ) ;
#520 = EDGE_CURVE ( 'NONE', #589, #369, #2267, .T. ) ;
#521 = CARTESIAN_POINT ( 'NONE',  ( -56.53000000000001535, 11.00000000000000000, 43.46000000000000796 ) ) ;
#522 = DIRECTION ( 'NONE',  ( 0.000000000000000000, 0.000000000000000000, -1.000000000000000000 ) ) ;
#523 = DIRECTION ( 'NONE',  ( 0.000000000000000000, 0.000000000000000000, -1.000000000000000000 ) ) ;
#524 = ADVANCED_FACE ( 'NONE', ( #108 ), #1391, .F. ) ;
#525 = ORIENTED_EDGE ( 'NONE', *, *, #935, .T. ) ;
#526 = LINE ( 'NONE', #1259, #1738 ) ;
#527 = VERTEX_POINT ( 'NONE', #2101 ) ;
#528 = ADVANCED_FACE ( 'NONE', ( #1027 ), #640, .T. ) ;
#529 = CARTESIAN_POINT ( 'NONE',  ( 27.28999999999998849, 6.600000000000005862, 41.91000000000001080 ) ) ;
#530 = DIRECTION ( 'NONE',  ( 0.000000000000000000, -1.000000000000000000, 0.000000000000000000 ) ) ;
#531 = LINE ( 'NONE', #1591, #2137 ) ;
#532 = AXIS2_PLACEMENT_3D ( 'NONE', #529, #1961, #148 ) ;
#533 = AXIS2_PLACEMENT_3D ( 'NONE', #2144, #549, #1104 ) ;
#534 = CIRCLE ( 'NONE', #1814, 7.500000000000007105 ) ;
#535 = CIRCLE ( 'NONE', #533, 3.550000000000004707 ) ;
#536 = ORIENTED_EDGE ( 'NONE', *, *, #2202, .F. ) ;
#537 = DIRECTION ( 'NONE',  ( 0.000000000000000000, 0.000000000000000000, -1.000000000000000000 ) ) ;
#538 = AXIS2_PLACEMENT_3D ( 'NONE', #965, #1678, #215 ) ;
#539 = CIRCLE ( 'NONE', #504, 3.000000000000002665 ) ;
#540 = ORIENTED_EDGE ( 'NONE', *, *, #2124, .T. ) ;
#541 = AXIS2_PLACEMENT_3D ( 'NONE', #747, #1496, #725 ) ;
#542 = CARTESIAN_POINT ( 'NONE',  ( 71.11999999999999034, 5.000000000000000000, 0.000000000000000000 ) ) ;
#543 = ORIENTED_EDGE ( 'NONE', *, *, #330, .F. ) ;
#544 = EDGE_CURVE ( 'NONE', #1452, #2032, #1662, .T. ) ;
#545 = CARTESIAN_POINT ( 'NONE',  ( 27.28999999999998138, 5.000000000000000000, -41.90999999999998238 ) ) ;
#546 = LINE ( 'NONE', #1087, #186 ) ;
#547 = ORIENTED_EDGE ( 'NONE', *, *, #668, .T. ) ;
#548 = EDGE_LOOP ( 'NONE', ( #2056, #1544, #878, #1506 ) ) ;
#549 = DIRECTION ( 'NONE',  ( 0.000000000000000000, 1.000000000000000000, -0.000000000000000000 ) ) ;
#550 = DIRECTION ( 'NONE',  ( -0.000000000000000000, -1.000000000000000000, 0.000000000000000000 ) ) ;
#551 = ORIENTED_EDGE ( 'NONE', *, *, #1879, .T. ) ;
#552 = ADVANCED_FACE ( 'NONE', ( #1556 ), #1193, .T. ) ;
#553 = CARTESIAN_POINT ( 'NONE',  ( 63.61999999999998323, 85.00000000000000000, -57.15000000000000568 ) ) ;
#554 = FACE_OUTER_BOUND ( 'NONE', #1334, .T. ) ;
#555 = PLANE ( 'NONE',  #437 ) ;
#556 = CARTESIAN_POINT ( 'NONE',  ( -70.43535897468470353, 65.00000000000000000, -57.36535897468449008 ) ) ;
#557 = VERTEX_POINT ( 'NONE', #1372 ) ;
#558 = FACE_OUTER_BOUND ( 'NONE', #646, .T. ) ;
#559 = FACE_OUTER_BOUND ( 'NONE', #1045, .T. ) ;
#560 = EDGE_CURVE ( 'NONE', #2220, #2292, #763, .T. ) ;
#561 = ORIENTED_EDGE ( 'NONE', *, *, #1728, .T. ) ;
#562 = EDGE_CURVE ( 'NONE', #1922, #1872, #1202, .T. ) ;
#563 = VECTOR ( 'NONE', #1179, 1000.000000000000000 ) ;
#564 = CARTESIAN_POINT ( 'NONE',  ( -74.11999999999999034, 85.00000000000000000, 57.14999999999999858 ) ) ;
#565 = LINE ( 'NONE', #1264, #2146 ) ;
#566 = CARTESIAN_POINT ( 'NONE',  ( 63.61999999999998323, 5.000000000000000000, 57.14999999999999858 ) ) ;
#567 = ORIENTED_EDGE ( 'NONE', *, *, #1744, .T. ) ;
#568 = ADVANCED_FACE ( 'NONE', ( #1326 ), #29, .T. ) ;
#569 = DIRECTION ( 'NONE',  ( 0.000000000000000000, 1.000000000000000000, 0.000000000000000000 ) ) ;
#570 = CARTESIAN_POINT ( 'NONE',  ( 27.28999999999998849, 11.00000000000000000, 41.91000000000001080 ) ) ;
#571 = PLANE ( 'NONE',  #1333 ) ;
#572 = ORIENTED_EDGE ( 'NONE', *, *, #1014, .T. ) ;
#573 =( GEOMETRIC_REPRESENTATION_CONTEXT ( 3 ) GLOBAL_UNCERTAINTY_ASSIGNED_CONTEXT ( ( #1150 ) ) GLOBAL_UNIT_ASSIGNED_CONTEXT ( ( #1406, #2119, #1032 ) ) REPRESENTATION_CONTEXT ( 'NONE', 'WORKASPACE' ) );
#574 = AXIS2_PLACEMENT_3D ( 'NONE', #570, #1091, #1080 ) ;
#575 = ORIENTED_EDGE ( 'NONE', *, *, #1243, .F. ) ;
#576 = AXIS2_PLACEMENT_3D ( 'NONE', #32, #194, #1793 ) ;
#577 = VECTOR ( 'NONE', #623, 1000.000000000000000 ) ;
#578 = CARTESIAN_POINT ( 'NONE',  ( 27.28999999999998138, 11.00000000000000000, -45.45999999999998664 ) ) ;
#579 = LINE ( 'NONE', #944, #1035 ) ;
#580 = DIRECTION ( 'NONE',  ( 0.000000000000000000, 0.000000000000000000, 1.000000000000000000 ) ) ;
#581 = CARTESIAN_POINT ( 'NONE',  ( 0.000000000000000000, 5.000000000000000000, 57.14999999999999858 ) ) ;
#582 = ORIENTED_EDGE ( 'NONE', *, *, #1231, .F. ) ;
#583 = CARTESIAN_POINT ( 'NONE',  ( -71.11999999999999034, 85.00000000000000000, 60.14999999999999858 ) ) ;
#584 = CARTESIAN_POINT ( 'NONE',  ( 70.05933982822017470, 65.00000000000000000, -56.08933982822017583 ) ) ;
#585 = CARTESIAN_POINT ( 'NONE',  ( -56.53000000000001535, 11.00000000000000000, -41.90999999999998238 ) ) ;
#586 = EDGE_LOOP ( 'NONE', ( #89, #939, #2061, #1813 ) ) ;
#587 = EDGE_CURVE ( 'NONE', #452, #1026, #1689, .T. ) ;
#588 = ORIENTED_EDGE ( 'NONE', *, *, #1859, .F. ) ;
#589 = VERTEX_POINT ( 'NONE', #583 ) ;
#590 = DIRECTION ( 'NONE',  ( -0.000000000000000000, 1.000000000000000000, -0.000000000000000000 ) ) ;
#591 = DIRECTION ( 'NONE',  ( 0.000000000000000000, 0.000000000000000000, -1.000000000000000000 ) ) ;
#592 = CARTESIAN_POINT ( 'NONE',  ( 27.28999999999998849, 6.600000000000005862, 38.36000000000000654 ) ) ;
#593 = CARTESIAN_POINT ( 'NONE',  ( 0.3799999999999810196, 19.00000000000000000, -60.15000000000000568 ) ) ;
#594 = ORIENTED_EDGE ( 'NONE', *, *, #1327, .T. ) ;
#595 = CARTESIAN_POINT ( 'NONE',  ( -56.53000000000001535, 6.600000000000033396, -41.90999999999998238 ) ) ;
#596 = LINE ( 'NONE', #1488, #1708 ) ;
#597 = CARTESIAN_POINT ( 'NONE',  ( 70.05933982822017470, 85.00000000000000000, -57.63933982822017299 ) ) ;
#598 = ORIENTED_EDGE ( 'NONE', *, *, #1187, .F. ) ;
#599 = VERTEX_POINT ( 'NONE', #419 ) ;
#600 = ORIENTED_EDGE ( 'NONE', *, *, #309, .F. ) ;
#601 = DIRECTION ( 'NONE',  ( -0.000000000000000000, 1.000000000000000000, -0.000000000000000000 ) ) ;
#602 = CARTESIAN_POINT ( 'NONE',  ( 44.37999999999998124, 5.000000000000000000, -16.55000000000000071 ) ) ;
#603 = CYLINDRICAL_SURFACE ( 'NONE', #1622, 3.550000000000004707 ) ;
#604 = DIRECTION ( 'NONE',  ( -1.000000000000000000, 0.000000000000000000, 0.000000000000000000 ) ) ;
#605 = AXIS2_PLACEMENT_3D ( 'NONE', #1156, #2023, #1865 ) ;
#606 = EDGE_LOOP ( 'NONE', ( #1870, #2156 ) ) ;
#607 = LINE ( 'NONE', #383, #102 ) ;
#608 = EDGE_CURVE ( 'NONE', #2024, #2251, #534, .T. ) ;
#609 = CARTESIAN_POINT ( 'NONE',  ( -56.53000000000001535, 5.000000000000000000, 43.46000000000000796 ) ) ;
#610 = DIRECTION ( 'NONE',  ( 1.000000000000000000, 0.000000000000000000, 0.000000000000000000 ) ) ;
#611 = EDGE_LOOP ( 'NONE', ( #128, #462, #184, #1653 ) ) ;
#612 = ORIENTED_EDGE ( 'NONE', *, *, #1327, .F. ) ;
#613 = ORIENTED_EDGE ( 'NONE', *, *, #24, .F. ) ;
#614 = AXIS2_PLACEMENT_3D ( 'NONE', #484, #1938, #791 ) ;
#615 = VECTOR ( 'NONE', #1873, 1000.000000000000000 ) ;
#616 = CARTESIAN_POINT ( 'NONE',  ( -74.11999999999999034, 0.000000000000000000, 57.14999999999999858 ) ) ;
#617 = VECTOR ( 'NONE', #635, 1000.000000000000000 ) ;
#618 = FACE_OUTER_BOUND ( 'NONE', #1729, .T. ) ;
#619 = FACE_OUTER_BOUND ( 'NONE', #688, .T. ) ;
#620 = DIRECTION ( 'NONE',  ( 1.000000000000000000, -0.000000000000000000, -0.000000000000000000 ) ) ;
#621 = AXIS2_PLACEMENT_3D ( 'NONE', #2236, #206, #406 ) ;
#622 = ORIENTED_EDGE ( 'NONE', *, *, #1790, .F. ) ;
#623 = DIRECTION ( 'NONE',  ( 1.000000000000000000, 0.000000000000000000, 0.000000000000000000 ) ) ;
#624 = DIRECTION ( 'NONE',  ( 0.000000000000000000, 0.000000000000000000, 1.000000000000000000 ) ) ;
#625 = DIRECTION ( 'NONE',  ( -0.000000000000000000, -1.000000000000000000, 0.000000000000000000 ) ) ;
#626 = VERTEX_POINT ( 'NONE', #1646 ) ;
#627 = ORIENTED_EDGE ( 'NONE', *, *, #678, .T. ) ;
#628 = ORIENTED_EDGE ( 'NONE', *, *, #2163, .T. ) ;
#629 = CARTESIAN_POINT ( 'NONE',  ( -56.53000000000001535, 5.000000000000000000, -43.45999999999998664 ) ) ;
#630 = DIRECTION ( 'NONE',  ( 0.000000000000000000, -1.000000000000000000, 0.000000000000000000 ) ) ;
#631 = CARTESIAN_POINT ( 'NONE',  ( 0.3799999999999810196, 12.00000000000000000, 60.15100000000001046 ) ) ;
#632 = VERTEX_POINT ( 'NONE', #1836 ) ;
#633 = FACE_OUTER_BOUND ( 'NONE', #322, .T. ) ;
#634 = DIRECTION ( 'NONE',  ( 0.000000000000000000, 1.000000000000000000, 0.000000000000000000 ) ) ;
#635 = DIRECTION ( 'NONE',  ( -0.000000000000000000, -1.000000000000000000, -0.000000000000000000 ) ) ;
#636 = ADVANCED_FACE ( 'NONE', ( #39 ), #2042, .T. ) ;
#637 = ORIENTED_EDGE ( 'NONE', *, *, #2185, .T. ) ;
#638 = ORIENTED_EDGE ( 'NONE', *, *, #1078, .F. ) ;
#639 = EDGE_CURVE ( 'NONE', #235, #106, #85, .T. ) ;
#640 = CYLINDRICAL_SURFACE ( 'NONE', #1777, 7.500000000000000000 ) ;
#641 = DIRECTION ( 'NONE',  ( -0.000000000000000000, 1.000000000000000000, -0.000000000000000000 ) ) ;
#642 = DIRECTION ( 'NONE',  ( 0.000000000000000000, 0.000000000000000000, 1.000000000000000000 ) ) ;
#643 = EDGE_CURVE ( 'NONE', #527, #1645, #1151, .T. ) ;
#644 = CARTESIAN_POINT ( 'NONE',  ( -70.43535897468416351, 85.00000000000000000, 55.81535897468440766 ) ) ;
#645 = EDGE_CURVE ( 'NONE', #722, #1614, #1711, .T. ) ;
#646 = EDGE_LOOP ( 'NONE', ( #475, #2086, #1866, #45 ) ) ;
#647 = ORIENTED_EDGE ( 'NONE', *, *, #107, .T. ) ;
#648 = CARTESIAN_POINT ( 'NONE',  ( -71.11999999999999034, 85.00000000000000000, -57.15000000000000568 ) ) ;
#649 = VECTOR ( 'NONE', #1454, 1000.000000000000000 ) ;
#650 = CARTESIAN_POINT ( 'NONE',  ( -56.53000000000001535, 5.000000000000000000, 36.75999999999998380 ) ) ;
#651 = CIRCLE ( 'NONE', #1849, 3.550000000000004707 ) ;
#652 = CARTESIAN_POINT ( 'NONE',  ( -70.43535897468416351, 65.00000000000000000, 55.81535897468440766 ) ) ;
#653 = CIRCLE ( 'NONE', #876, 3.550000000000004707 ) ;
#654 = VECTOR ( 'NONE', #772, 1000.000000000000000 ) ;
#655 = VERTEX_POINT ( 'NONE', #1457 ) ;
#656 = VERTEX_POINT ( 'NONE', #58 ) ;
#657 = CYLINDRICAL_SURFACE ( 'NONE', #240, 1.550000000000002709 ) ;
#658 = EDGE_CURVE ( 'NONE', #1247, #1536, #474, .T. ) ;
#659 = DIRECTION ( 'NONE',  ( 0.000000000000000000, 0.000000000000000000, 1.000000000000000000 ) ) ;
#660 = DIRECTION ( 'NONE',  ( 0.000000000000000000, -1.000000000000000000, 0.000000000000000000 ) ) ;
#661 = CARTESIAN_POINT ( 'NONE',  ( 71.11999999999999034, 0.000000000000000000, -60.15000000000000568 ) ) ;
#662 = DIRECTION ( 'NONE',  ( -0.000000000000000000, 1.000000000000000000, -0.000000000000000000 ) ) ;
#663 = EDGE_CURVE ( 'NONE', #2032, #1452, #1523, .T. ) ;
#664 = ORIENTED_EDGE ( 'NONE', *, *, #997, .F. ) ;
#665 = ORIENTED_EDGE ( 'NONE', *, *, #789, .F. ) ;
#666 = CARTESIAN_POINT ( 'NONE',  ( 74.11999999999999034, 85.00000000000000000, -57.15000000000001279 ) ) ;
#667 = ORIENTED_EDGE ( 'NONE', *, *, #489, .T. ) ;
#668 = EDGE_CURVE ( 'NONE', #1, #1318, #653, .T. ) ;
#669 = DIRECTION ( 'NONE',  ( 0.000000000000000000, 0.000000000000000000, 1.000000000000000000 ) ) ;
#670 = CARTESIAN_POINT ( 'NONE',  ( 44.37999999999998124, 11.00000000000000000, -18.55000000000000071 ) ) ;
#671 = LINE ( 'NONE', #661, #877 ) ;
#672 = CARTESIAN_POINT ( 'NONE',  ( -56.53000000000001535, 6.600000000000033396, -41.90999999999998238 ) ) ;
#673 = CARTESIAN_POINT ( 'NONE',  ( -71.11999999999999034, 0.000000000000000000, -60.15000000000000568 ) ) ;
#674 = AXIS2_PLACEMENT_3D ( 'NONE', #95, #110, #2066 ) ;
#675 = EDGE_LOOP ( 'NONE', ( #1562, #1898, #567, #5 ) ) ;
#676 = ORIENTED_EDGE ( 'NONE', *, *, #1734, .T. ) ;
#677 = DIRECTION ( 'NONE',  ( 0.000000000000000000, 0.000000000000000000, 1.000000000000000000 ) ) ;
#678 = EDGE_CURVE ( 'NONE', #1440, #599, #1487, .T. ) ;
#679 = CARTESIAN_POINT ( 'NONE',  ( 27.28999999999998138, 6.600000000000033396, -45.45999999999998664 ) ) ;
#680 = CYLINDRICAL_SURFACE ( 'NONE', #1669, 3.550000000000004707 ) ;
#681 = DIRECTION ( 'NONE',  ( 0.000000000000000000, 0.000000000000000000, 1.000000000000000000 ) ) ;
#682 = DIRECTION ( 'NONE',  ( 0.000000000000000000, 0.000000000000000000, 1.000000000000000000 ) ) ;
#683 = ADVANCED_FACE ( 'NONE', ( #1471 ), #1986, .F. ) ;
#684 = AXIS2_PLACEMENT_3D ( 'NONE', #1673, #455, #414 ) ;
#685 = AXIS2_PLACEMENT_3D ( 'NONE', #2170, #733, #1477 ) ;
#686 = AXIS2_PLACEMENT_3D ( 'NONE', #307, #144, #1717 ) ;
#687 = EDGE_CURVE ( 'NONE', #632, #1119, #607, .T. ) ;
#688 = EDGE_LOOP ( 'NONE', ( #171, #1131, #303, #1688 ) ) ;
#689 = DIRECTION ( 'NONE',  ( 0.000000000000000000, 1.000000000000000000, 0.000000000000000000 ) ) ;
#690 = EDGE_LOOP ( 'NONE', ( #1305, #1985, #1022, #1828, #1709, #423, #2132, #710 ) ) ;
#691 = DIRECTION ( 'NONE',  ( 8.659560562354882322E-17, -0.7071067811865517916, 0.7071067811865433539 ) ) ;
#692 = EDGE_CURVE ( 'NONE', #268, #106, #2081, .T. ) ;
#693 = CARTESIAN_POINT ( 'NONE',  ( -70.43535897468416351, 85.00000000000000000, 57.36535897468439771 ) ) ;
#694 = DIRECTION ( 'NONE',  ( -0.000000000000000000, -1.000000000000000000, -0.000000000000000000 ) ) ;
#695 = CARTESIAN_POINT ( 'NONE',  ( -56.53000000000001535, 6.600000000000033396, 45.46000000000000796 ) ) ;
#696 = ORIENTED_EDGE ( 'NONE', *, *, #1280, .F. ) ;
#697 = EDGE_CURVE ( 'NONE', #1763, #1298, #2308, .T. ) ;
#698 = DIRECTION ( 'NONE',  ( 0.000000000000000000, 1.000000000000000000, -0.000000000000000000 ) ) ;
#699 = VERTEX_POINT ( 'NONE', #923 ) ;
#700 = PLANE ( 'NONE',  #2031 ) ;
#701 = DIRECTION ( 'NONE',  ( 0.000000000000000000, 0.000000000000000000, 1.000000000000000000 ) ) ;
#702 = CARTESIAN_POINT ( 'NONE',  ( -71.11999999999999034, 85.00000000000000000, -57.15000000000000568 ) ) ;
#703 = DIRECTION ( 'NONE',  ( 0.000000000000000000, 1.000000000000000000, -0.000000000000000000 ) ) ;
#704 = ORIENTED_EDGE ( 'NONE', *, *, #814, .T. ) ;
#705 = PLANE ( 'NONE',  #425 ) ;
#706 = ORIENTED_EDGE ( 'NONE', *, *, #485, .T. ) ;
#707 = VECTOR ( 'NONE', #891, 1000.000000000000000 ) ;
#708 = DIRECTION ( 'NONE',  ( 1.000000000000000000, 0.000000000000000000, 0.000000000000000000 ) ) ;
#709 = ADVANCED_FACE ( 'NONE', ( #1635 ), #1285, .F. ) ;
#710 = ORIENTED_EDGE ( 'NONE', *, *, #1759, .T. ) ;
#711 = FACE_OUTER_BOUND ( 'NONE', #2324, .T. ) ;
#712 = FACE_OUTER_BOUND ( 'NONE', #84, .T. ) ;
#713 = ORIENTED_EDGE ( 'NONE', *, *, #668, .F. ) ;
#714 = STYLED_ITEM ( 'NONE', ( #1749 ), #78 ) ;
#715 = AXIS2_PLACEMENT_3D ( 'NONE', #815, #2058, #2198 ) ;
#716 = VECTOR ( 'NONE', #1321, 1000.000000000000000 ) ;
#717 = AXIS2_PLACEMENT_3D ( 'NONE', #439, #1933, #278 ) ;
#718 = ORIENTED_EDGE ( 'NONE', *, *, #1198, .F. ) ;
#719 = DIRECTION ( 'NONE',  ( -0.000000000000000000, 1.000000000000000000, 0.000000000000000000 ) ) ;
#720 = DIRECTION ( 'NONE',  ( -0.000000000000000000, -1.000000000000000000, -0.000000000000000000 ) ) ;
#721 = AXIS2_PLACEMENT_3D ( 'NONE', #1780, #1252, #361 ) ;
#722 = VERTEX_POINT ( 'NONE', #491 ) ;
#723 = CONICAL_SURFACE ( 'NONE', #1559, 3.550000000000004707, 0.7853981633974420618 ) ;
#724 = CARTESIAN_POINT ( 'NONE',  ( 44.37999999999998124, 6.600000000000033396, -11.44999999999999751 ) ) ;
#725 = DIRECTION ( 'NONE',  ( 0.000000000000000000, 0.000000000000000000, 1.000000000000000000 ) ) ;
#726 = LINE ( 'NONE', #94, #909 ) ;
#727 = CARTESIAN_POINT ( 'NONE',  ( 27.28999999999998138, 5.000000000000000000, -41.90999999999998238 ) ) ;
#728 = ORIENTED_EDGE ( 'NONE', *, *, #22, .F. ) ;
#729 = EDGE_CURVE ( 'NONE', #743, #1426, #1782, .T. ) ;
#730 = EDGE_CURVE ( 'NONE', #280, #557, #1531, .T. ) ;
#731 = VERTEX_POINT ( 'NONE', #1549 ) ;
#732 = CARTESIAN_POINT ( 'NONE',  ( 44.37999999999998124, 5.000000000000000000, -15.00000000000000000 ) ) ;
#733 = DIRECTION ( 'NONE',  ( -0.000000000000000000, -1.000000000000000000, -0.000000000000000000 ) ) ;
#734 = ORIENTED_EDGE ( 'NONE', *, *, #1248, .T. ) ;
#735 = EDGE_CURVE ( 'NONE', #106, #268, #1070, .T. ) ;
#736 = DIRECTION ( 'NONE',  ( -0.000000000000000000, 1.000000000000000000, -0.000000000000000000 ) ) ;
#737 = CARTESIAN_POINT ( 'NONE',  ( -70.43535897468416351, 65.00000000000000000, 54.26535897468441050 ) ) ;
#738 = DIRECTION ( 'NONE',  ( -0.000000000000000000, -1.000000000000000000, 0.000000000000000000 ) ) ;
#739 = ORIENTED_EDGE ( 'NONE', *, *, #1965, .T. ) ;
#740 = DIRECTION ( 'NONE',  ( 0.000000000000000000, 1.000000000000000000, -0.000000000000000000 ) ) ;
#741 = FACE_OUTER_BOUND ( 'NONE', #192, .T. ) ;
#742 = CARTESIAN_POINT ( 'NONE',  ( 74.11999999999999034, 85.00000000000000000, 57.14999999999999858 ) ) ;
#743 = VERTEX_POINT ( 'NONE', #1343 ) ;
#744 = EDGE_CURVE ( 'NONE', #656, #1440, #1750, .T. ) ;
#745 = AXIS2_PLACEMENT_3D ( 'NONE', #2320, #703, #1984 ) ;
#746 = CARTESIAN_POINT ( 'NONE',  ( 44.37999999999998124, 11.00000000000000000, -16.55000000000000071 ) ) ;
#747 = CARTESIAN_POINT ( 'NONE',  ( 71.11999999999999034, 85.00000000000000000, -57.15000000000000568 ) ) ;
#748 = CARTESIAN_POINT ( 'NONE',  ( 27.28999999999998138, 11.00000000000000000, -38.35999999999997812 ) ) ;
#749 = CARTESIAN_POINT ( 'NONE',  ( -71.11999999999999034, 85.00000000000000000, -57.15000000000000568 ) ) ;
#750 = VECTOR ( 'NONE', #2095, 1000.000000000000000 ) ;
#751 = VERTEX_POINT ( 'NONE', #2057 ) ;
#752 = DIRECTION ( 'NONE',  ( -0.000000000000000000, -1.000000000000000000, 0.000000000000000000 ) ) ;
#753 = ADVANCED_FACE ( 'NONE', ( #1364, #1005, #481, #2089, #2269, #1878, #633 ), #1727, .T. ) ;
#754 = EDGE_CURVE ( 'NONE', #125, #1016, #1352, .T. ) ;
#755 = CARTESIAN_POINT ( 'NONE',  ( 0.000000000000000000, 5.000000000000000000, 0.000000000000000000 ) ) ;
#756 = PLANE ( 'NONE',  #912 ) ;
#757 = ORIENTED_EDGE ( 'NONE', *, *, #744, .T. ) ;
#758 = AXIS2_PLACEMENT_3D ( 'NONE', #1724, #974, #2054 ) ;
#759 = AXIS2_PLACEMENT_3D ( 'NONE', #1612, #365, #384 ) ;
#760 = ORIENTED_EDGE ( 'NONE', *, *, #663, .T. ) ;
#761 = ADVANCED_FACE ( 'NONE', ( #1181 ), #1541, .F. ) ;
#762 = ORIENTED_EDGE ( 'NONE', *, *, #223, .T. ) ;
#763 = CIRCLE ( 'NONE', #2304, 7.500000000000007105 ) ;
#764 = VECTOR ( 'NONE', #329, 1000.000000000000114 ) ;
#765 = AXIS2_PLACEMENT_3D ( 'NONE', #1300, #1127, #1815 ) ;
#766 = DIRECTION ( 'NONE',  ( 0.000000000000000000, -1.000000000000000000, 0.000000000000000000 ) ) ;
#767 = CARTESIAN_POINT ( 'NONE',  ( -56.53000000000001535, 6.600000000000033396, 38.35999999999999943 ) ) ;
#768 = CARTESIAN_POINT ( 'NONE',  ( 0.000000000000000000, 5.000000000000000000, -57.15000000000000568 ) ) ;
#769 = LINE ( 'NONE', #593, #378 ) ;
#770 = ORIENTED_EDGE ( 'NONE', *, *, #645, .F. ) ;
#771 = CARTESIAN_POINT ( 'NONE',  ( -71.11999999999999034, 85.00000000000000000, -57.15000000000000568 ) ) ;
#772 = DIRECTION ( 'NONE',  ( -0.000000000000000000, 1.000000000000000000, -0.000000000000000000 ) ) ;
#773 = CARTESIAN_POINT ( 'NONE',  ( -70.43535897468470353, 85.00000000000000000, -55.81535897468449292 ) ) ;
#774 = ORIENTED_EDGE ( 'NONE', *, *, #2063, .T. ) ;
#775 = ORIENTED_EDGE ( 'NONE', *, *, #75, .F. ) ;
#776 = ORIENTED_EDGE ( 'NONE', *, *, #212, .F. ) ;
#777 = ADVANCED_FACE ( 'NONE', ( #1907 ), #200, .T. ) ;
#778 = DIRECTION ( 'NONE',  ( -0.000000000000000000, -1.000000000000000000, -0.000000000000000000 ) ) ;
#779 = DIRECTION ( 'NONE',  ( 0.000000000000000000, 1.000000000000000000, 0.000000000000000000 ) ) ;
#780 = FACE_OUTER_BOUND ( 'NONE', #74, .T. ) ;
#781 = CARTESIAN_POINT ( 'NONE',  ( -29.62000000000001876, 19.00000000000000000, -57.15000000000000568 ) ) ;
#782 = ORIENTED_EDGE ( 'NONE', *, *, #1891, .F. ) ;
#783 = DIRECTION ( 'NONE',  ( 0.000000000000000000, 0.000000000000000000, 1.000000000000000000 ) ) ;
#784 = CYLINDRICAL_SURFACE ( 'NONE', #1812, 3.000000000000002665 ) ;
#785 = DIRECTION ( 'NONE',  ( 0.000000000000000000, 0.000000000000000000, 1.000000000000000000 ) ) ;
#786 = VERTEX_POINT ( 'NONE', #2097 ) ;
#787 = VERTEX_POINT ( 'NONE', #1569 ) ;
#788 = EDGE_LOOP ( 'NONE', ( #1170, #1380, #1573, #867, #1346, #1522, #1935, #947 ) ) ;
#789 = EDGE_CURVE ( 'NONE', #254, #1850, #811, .T. ) ;
#790 = FACE_OUTER_BOUND ( 'NONE', #1997, .T. ) ;
#791 = DIRECTION ( 'NONE',  ( 0.000000000000000000, 0.000000000000000000, 1.000000000000000000 ) ) ;
#792 = CARTESIAN_POINT ( 'NONE',  ( 60.37999999999998124, 5.000000000000000000, 15.00000000000000000 ) ) ;
#793 = DIRECTION ( 'NONE',  ( 0.000000000000000000, 1.000000000000000000, 0.000000000000000000 ) ) ;
#794 = VECTOR ( 'NONE', #1184, 1000.000000000000000 ) ;
#795 = ORIENTED_EDGE ( 'NONE', *, *, #282, .F. ) ;
#796 = DIRECTION ( 'NONE',  ( -0.000000000000000000, -1.000000000000000000, 0.000000000000000000 ) ) ;
#797 = AXIS2_PLACEMENT_3D ( 'NONE', #1575, #1261, #708 ) ;
#798 = DIRECTION ( 'NONE',  ( -0.000000000000000000, 1.000000000000000000, 0.000000000000000000 ) ) ;
#799 = FACE_OUTER_BOUND ( 'NONE', #1719, .T. ) ;
#800 = ORIENTED_EDGE ( 'NONE', *, *, #1537, .T. ) ;
#801 = ORIENTED_EDGE ( 'NONE', *, *, #1383, .F. ) ;
#802 = ORIENTED_EDGE ( 'NONE', *, *, #30, .F. ) ;
#803 = AXIS2_PLACEMENT_3D ( 'NONE', #945, #1096, #403 ) ;
#804 = AXIS2_PLACEMENT_3D ( 'NONE', #1762, #1229, #1024 ) ;
#805 = AXIS2_PLACEMENT_3D ( 'NONE', #819, #466, #1381 ) ;
#806 = CARTESIAN_POINT ( 'NONE',  ( 0.000000000000000000, 5.000000000000000000, 0.000000000000000000 ) ) ;
#807 = CIRCLE ( 'NONE', #1405, 3.000000000000002665 ) ;
#808 = LINE ( 'NONE', #2230, #2188 ) ;
#809 = CARTESIAN_POINT ( 'NONE',  ( -70.43535897468416351, 85.00000000000000000, 54.26535897468441050 ) ) ;
#810 = PLANE ( 'NONE',  #42 ) ;
#811 = CIRCLE ( 'NONE', #2117, 7.500000000000007105 ) ;
#812 = ORIENTED_EDGE ( 'NONE', *, *, #692, .F. ) ;
#813 = CARTESIAN_POINT ( 'NONE',  ( -71.11999999999999034, 5.000000000000000000, -57.15000000000000568 ) ) ;
#814 = EDGE_CURVE ( 'NONE', #518, #904, #354, .T. ) ;
#815 = CARTESIAN_POINT ( 'NONE',  ( -56.53000000000001535, 11.00000000000000000, -41.90999999999998238 ) ) ;
#816 = CARTESIAN_POINT ( 'NONE',  ( -56.53000000000001535, 11.00000000000000000, -38.35999999999997812 ) ) ;
#817 = ORIENTED_EDGE ( 'NONE', *, *, #24, .T. ) ;
#818 = VERTEX_POINT ( 'NONE', #121 ) ;
#819 = CARTESIAN_POINT ( 'NONE',  ( -56.53000000000001535, 11.00000000000000000, 41.91000000000000369 ) ) ;
#820 = DIRECTION ( 'NONE',  ( -0.000000000000000000, -1.000000000000000000, -0.000000000000000000 ) ) ;
#821 = DIRECTION ( 'NONE',  ( 0.000000000000000000, -0.000000000000000000, 1.000000000000000000 ) ) ;
#822 = ADVANCED_FACE ( 'NONE', ( #318 ), #992, .F. ) ;
#823 = CARTESIAN_POINT ( 'NONE',  ( 60.37999999999998124, 6.600000000000033396, 15.00000000000000000 ) ) ;
#824 = DIRECTION ( 'NONE',  ( -0.000000000000000000, 1.000000000000000000, -0.000000000000000000 ) ) ;
#825 = ORIENTED_EDGE ( 'NONE', *, *, #913, .F. ) ;
#826 = ORIENTED_EDGE ( 'NONE', *, *, #1505, .F. ) ;
#827 = EDGE_CURVE ( 'NONE', #1682, #632, #2067, .T. ) ;
#828 = CARTESIAN_POINT ( 'NONE',  ( -71.11999999999999034, 85.00000000000000000, 60.14999999999999858 ) ) ;
#829 = FACE_OUTER_BOUND ( 'NONE', #273, .T. ) ;
#830 = DIRECTION ( 'NONE',  ( 0.000000000000000000, 0.000000000000000000, -1.000000000000000000 ) ) ;
#831 = AXIS2_PLACEMENT_3D ( 'NONE', #1424, #512, #162 ) ;
#832 = PRODUCT_DEFINITION_FORMATION_WITH_SPECIFIED_SOURCE ( 'ANY', '', #882, .NOT_KNOWN. ) ;
#833 = ADVANCED_FACE ( 'NONE', ( #1735 ), #1890, .T. ) ;
#834 = ORIENTED_EDGE ( 'NONE', *, *, #2128, .T. ) ;
#835 = ORIENTED_EDGE ( 'NONE', *, *, #282, .T. ) ;
#836 = ORIENTED_EDGE ( 'NONE', *, *, #1299, .F. ) ;
#837 = DIRECTION ( 'NONE',  ( 0.000000000000000000, 0.000000000000000000, -1.000000000000000000 ) ) ;
#838 = CIRCLE ( 'NONE', #1430, 1.550000000000002709 ) ;
#839 = LINE ( 'NONE', #1558, #563 ) ;
#840 = VECTOR ( 'NONE', #298, 1000.000000000000000 ) ;
#841 = CIRCLE ( 'NONE', #1147, 5.149999999999960387 ) ;
#842 = DIRECTION ( 'NONE',  ( -0.000000000000000000, 1.000000000000000000, -0.000000000000000000 ) ) ;
#843 = AXIS2_PLACEMENT_3D ( 'NONE', #1432, #2153, #179 ) ;
#844 = CIRCLE ( 'NONE', #2155, 1.550000000000002709 ) ;
#845 = ORIENTED_EDGE ( 'NONE', *, *, #396, .T. ) ;
#846 = VERTEX_POINT ( 'NONE', #1560 ) ;
#847 = CARTESIAN_POINT ( 'NONE',  ( 71.11999999999999034, 0.000000000000000000, -60.15000000000000568 ) ) ;
#848 = EDGE_LOOP ( 'NONE', ( #1908, #1843, #1775, #551 ) ) ;
#849 = CARTESIAN_POINT ( 'NONE',  ( -56.53000000000001535, 5.000000000000000000, -41.90999999999998238 ) ) ;
#850 = DIRECTION ( 'NONE',  ( 0.000000000000000000, 1.000000000000000000, -0.000000000000000000 ) ) ;
#851 = CARTESIAN_POINT ( 'NONE',  ( -70.43535897468416351, 65.00000000000000000, 55.81535897468440766 ) ) ;
#852 = DIRECTION ( 'NONE',  ( -0.000000000000000000, -1.000000000000000000, -0.000000000000000000 ) ) ;
#853 = EDGE_LOOP ( 'NONE', ( #2126, #411 ) ) ;
#854 = EDGE_LOOP ( 'NONE', ( #1722, #1753, #1060, #536 ) ) ;
#855 = CARTESIAN_POINT ( 'NONE',  ( 27.28999999999998849, 11.00000000000000000, 41.91000000000001080 ) ) ;
#856 = EDGE_CURVE ( 'NONE', #1206, #1835, #2283, .T. ) ;
#857 = APPLICATION_PROTOCOL_DEFINITION ( 'draft international standard', 'automotive_design', 1998, #977 ) ;
#858 = ORIENTED_EDGE ( 'NONE', *, *, #1354, .T. ) ;
#859 = CARTESIAN_POINT ( 'NONE',  ( 44.37999999999998124, 11.00000000000000000, -15.00000000000000000 ) ) ;
#860 = CARTESIAN_POINT ( 'NONE',  ( 60.37999999999998124, 11.00000000000000000, 15.00000000000000000 ) ) ;
#861 = ADVANCED_FACE ( 'NONE', ( #1064 ), #2, .F. ) ;
#862 = VECTOR ( 'NONE', #260, 1000.000000000000000 ) ;
#863 = EDGE_LOOP ( 'NONE', ( #1493, #297, #2201, #1871 ) ) ;
#864 = ORIENTED_EDGE ( 'NONE', *, *, #1736, .F. ) ;
#865 = DIRECTION ( 'NONE',  ( -0.000000000000000000, 1.000000000000000000, -0.000000000000000000 ) ) ;
#866 = AXIS2_PLACEMENT_3D ( 'NONE', #1220, #660, #2103 ) ;
#867 = ORIENTED_EDGE ( 'NONE', *, *, #645, .T. ) ;
#868 = CARTESIAN_POINT ( 'NONE',  ( 71.11999999999999034, 5.000000000000000000, -49.64999999999999858 ) ) ;
#869 = DIRECTION ( 'NONE',  ( -0.000000000000000000, -1.000000000000000000, 0.000000000000000000 ) ) ;
#870 = FACE_OUTER_BOUND ( 'NONE', #1545, .T. ) ;
#871 = DIRECTION ( 'NONE',  ( 0.000000000000000000, 0.000000000000000000, 1.000000000000000000 ) ) ;
#872 = VECTOR ( 'NONE', #1564, 1000.000000000000000 ) ;
#873 = ADVANCED_FACE ( 'NONE', ( #711 ), #2139, .T. ) ;
#874 = AXIS2_PLACEMENT_3D ( 'NONE', #792, #259, #1002 ) ;
#875 = AXIS2_PLACEMENT_3D ( 'NONE', #103, #951, #1666 ) ;
#876 = AXIS2_PLACEMENT_3D ( 'NONE', #595, #436, #2025 ) ;
#877 = VECTOR ( 'NONE', #1779, 1000.000000000000000 ) ;
#878 = ORIENTED_EDGE ( 'NONE', *, *, #587, .T. ) ;
#879 = DIRECTION ( 'NONE',  ( 0.000000000000000000, 0.000000000000000000, -1.000000000000000000 ) ) ;
#880 = ORIENTED_EDGE ( 'NONE', *, *, #1205, .T. ) ;
#881 = ADVANCED_FACE ( 'NONE', ( #1601, #1423 ), #2120, .F. ) ;
#882 = PRODUCT ( 'RFID_base', 'RFID_base', '', ( #1039 ) ) ;
#883 = CARTESIAN_POINT ( 'NONE',  ( -70.43535897468470353, 65.00000000000000000, -55.81535897468449292 ) ) ;
#884 = CARTESIAN_POINT ( 'NONE',  ( 27.28999999999998849, 5.000000000000000000, 47.05999999999996675 ) ) ;
#885 = DIRECTION ( 'NONE',  ( -0.000000000000000000, -1.000000000000000000, -0.000000000000000000 ) ) ;
#886 = FACE_OUTER_BOUND ( 'NONE', #229, .T. ) ;
#887 = ADVANCED_FACE ( 'NONE', ( #870 ), #1555, .T. ) ;
#888 = VERTEX_POINT ( 'NONE', #1234 ) ;
#889 = DIRECTION ( 'NONE',  ( -0.000000000000000000, 1.000000000000000000, -0.000000000000000000 ) ) ;
#890 = ORIENTED_EDGE ( 'NONE', *, *, #250, .F. ) ;
#891 = DIRECTION ( 'NONE',  ( -0.000000000000000000, -1.000000000000000000, -0.000000000000000000 ) ) ;
#892 = EDGE_LOOP ( 'NONE', ( #1572, #18, #1063, #1829 ) ) ;
#893 = DIRECTION ( 'NONE',  ( 0.000000000000000000, 1.000000000000000000, -0.000000000000000000 ) ) ;
#894 = LINE ( 'NONE', #556, #1837 ) ;
#895 = EDGE_CURVE ( 'NONE', #2176, #1639, #2106, .T. ) ;
#896 = VERTEX_POINT ( 'NONE', #1241 ) ;
#897 = DIRECTION ( 'NONE',  ( -0.000000000000000000, 1.000000000000000000, -0.000000000000000000 ) ) ;
#898 = CARTESIAN_POINT ( 'NONE',  ( 27.28999999999998138, 6.600000000000033396, -45.45999999999998664 ) ) ;
#899 = ORIENTED_EDGE ( 'NONE', *, *, #263, .T. ) ;
#900 = AXIS2_PLACEMENT_3D ( 'NONE', #362, #2130, #682 ) ;
#901 = AXIS2_PLACEMENT_3D ( 'NONE', #1211, #850, #120 ) ;
#902 = DIRECTION ( 'NONE',  ( 0.000000000000000000, 0.000000000000000000, -1.000000000000000000 ) ) ;
#903 = ADVANCED_FACE ( 'NONE', ( #2312 ), #1951, .T. ) ;
#904 = VERTEX_POINT ( 'NONE', #511 ) ;
#905 = DIRECTION ( 'NONE',  ( -0.000000000000000000, -1.000000000000000000, -0.000000000000000000 ) ) ;
#906 = DIRECTION ( 'NONE',  ( 0.000000000000000000, 0.000000000000000000, 1.000000000000000000 ) ) ;
#907 = DIRECTION ( 'NONE',  ( -0.000000000000000000, 1.000000000000000000, -0.000000000000000000 ) ) ;
#908 = ORIENTED_EDGE ( 'NONE', *, *, #990, .F. ) ;
#909 = VECTOR ( 'NONE', #641, 1000.000000000000000 ) ;
#910 = AXIS2_PLACEMENT_3D ( 'NONE', #1058, #1597, #2159 ) ;
#911 = AXIS2_PLACEMENT_3D ( 'NONE', #283, #778, #2064 ) ;
#912 = AXIS2_PLACEMENT_3D ( 'NONE', #585, #232, #2211 ) ;
#913 = EDGE_CURVE ( 'NONE', #1563, #1693, #2150, .T. ) ;
#914 = ORIENTED_EDGE ( 'NONE', *, *, #2041, .F. ) ;
#915 = DIRECTION ( 'NONE',  ( 0.000000000000000000, 0.000000000000000000, 1.000000000000000000 ) ) ;
#916 = FACE_OUTER_BOUND ( 'NONE', #483, .T. ) ;
#917 = AXIS2_PLACEMENT_3D ( 'NONE', #1223, #530, #522 ) ;
#918 = ORIENTED_EDGE ( 'NONE', *, *, #1771, .T. ) ;
#919 = DIRECTION ( 'NONE',  ( -0.000000000000000000, -1.000000000000000000, -0.000000000000000000 ) ) ;
#920 = LINE ( 'NONE', #1282, #2186 ) ;
#921 = FACE_OUTER_BOUND ( 'NONE', #892, .T. ) ;
#922 = ORIENTED_EDGE ( 'NONE', *, *, #515, .T. ) ;
#923 = CARTESIAN_POINT ( 'NONE',  ( 0.3799999999999775779, 11.99999999999999645, -60.15000000000000568 ) ) ;
#924 = FACE_OUTER_BOUND ( 'NONE', #1145, .T. ) ;
#925 = PLANE ( 'NONE',  #2274 ) ;
#926 = EDGE_CURVE ( 'NONE', #626, #2314, #1942, .T. ) ;
#927 = EDGE_LOOP ( 'NONE', ( #1596, #1157 ) ) ;
#928 = EDGE_CURVE ( 'NONE', #1206, #2245, #433, .T. ) ;
#929 = EDGE_CURVE ( 'NONE', #2016, #2099, #2045, .T. ) ;
#930 = CARTESIAN_POINT ( 'NONE',  ( -70.43535897468416351, 65.00000000000000000, 55.81535897468440766 ) ) ;
#931 = DIRECTION ( 'NONE',  ( 0.000000000000000000, 0.000000000000000000, -1.000000000000000000 ) ) ;
#932 = DIRECTION ( 'NONE',  ( -0.000000000000000000, -1.000000000000000000, 0.000000000000000000 ) ) ;
#933 = ORIENTED_EDGE ( 'NONE', *, *, #2202, .T. ) ;
#934 = CARTESIAN_POINT ( 'NONE',  ( -70.43535897468416351, 65.00000000000000000, 57.36535897468439771 ) ) ;
#935 = EDGE_CURVE ( 'NONE', #452, #1209, #13, .T. ) ;
#936 = DIRECTION ( 'NONE',  ( 0.000000000000000000, 0.000000000000000000, 1.000000000000000000 ) ) ;
#937 = DIRECTION ( 'NONE',  ( 0.000000000000000000, -1.000000000000000000, 0.000000000000000000 ) ) ;
#938 = VERTEX_POINT ( 'NONE', #1971 ) ;
#939 = ORIENTED_EDGE ( 'NONE', *, *, #744, .F. ) ;
#940 = EDGE_CURVE ( 'NONE', #1452, #331, #370, .T. ) ;
#941 = CIRCLE ( 'NONE', #1180, 1.550000000000002709 ) ;
#942 = VECTOR ( 'NONE', #1911, 1000.000000000000000 ) ;
#943 = CARTESIAN_POINT ( 'NONE',  ( -56.53000000000001535, 6.600000000000033396, 38.35999999999999943 ) ) ;
#944 = CARTESIAN_POINT ( 'NONE',  ( 27.28999999999998138, 11.00000000000000000, -38.35999999999997812 ) ) ;
#945 = CARTESIAN_POINT ( 'NONE',  ( 27.28999999999998849, 11.00000000000000000, 41.91000000000001080 ) ) ;
#946 = DIRECTION ( 'NONE',  ( 0.000000000000000000, 1.000000000000000000, -0.000000000000000000 ) ) ;
#947 = ORIENTED_EDGE ( 'NONE', *, *, #658, .T. ) ;
#948 = CARTESIAN_POINT ( 'NONE',  ( -71.11999999999999034, 85.00000000000000000, 57.14999999999999858 ) ) ;
#949 = ADVANCED_FACE ( 'NONE', ( #1619 ), #723, .T. ) ;
#950 = VECTOR ( 'NONE', #1972, 1000.000000000000000 ) ;
#951 = DIRECTION ( 'NONE',  ( 0.000000000000000000, 0.000000000000000000, -1.000000000000000000 ) ) ;
#952 = FACE_BOUND ( 'NONE', #1161, .T. ) ;
#953 = EDGE_LOOP ( 'NONE', ( #1126, #1335, #2033, #1377 ) ) ;
#954 = AXIS2_PLACEMENT_3D ( 'NONE', #1168, #1887, #1905 ) ;
#955 = AXIS2_PLACEMENT_3D ( 'NONE', #6, #719, #72 ) ;
#956 = ORIENTED_EDGE ( 'NONE', *, *, #1243, .T. ) ;
#957 = EDGE_LOOP ( 'NONE', ( #1607, #160, #2017, #600 ) ) ;
#958 = AXIS2_PLACEMENT_3D ( 'NONE', #702, #1076, #2129 ) ;
#959 = CIRCLE ( 'NONE', #1103, 1.550000000000002709 ) ;
#960 = DIRECTION ( 'NONE',  ( 0.000000000000000000, 1.000000000000000000, -0.000000000000000000 ) ) ;
#961 = PLANE ( 'NONE',  #2278 ) ;
#962 = FACE_OUTER_BOUND ( 'NONE', #2195, .T. ) ;
#963 = FACE_OUTER_BOUND ( 'NONE', #854, .T. ) ;
#964 = ORIENTED_EDGE ( 'NONE', *, *, #1354, .F. ) ;
#965 = CARTESIAN_POINT ( 'NONE',  ( 70.05933982822017470, 85.00000000000000000, -56.08933982822017583 ) ) ;
#966 = DIRECTION ( 'NONE',  ( -0.000000000000000000, -1.000000000000000000, 0.000000000000000000 ) ) ;
#967 = LINE ( 'NONE', #1534, #794 ) ;
#968 = ADVANCED_FACE ( 'NONE', ( #328, #1041 ), #149, .T. ) ;
#969 = ORIENTED_EDGE ( 'NONE', *, *, #1936, .T. ) ;
#970 = ORIENTED_EDGE ( 'NONE', *, *, #390, .T. ) ;
#971 = ORIENTED_EDGE ( 'NONE', *, *, #83, .F. ) ;
#972 = CYLINDRICAL_SURFACE ( 'NONE', #911, 1.550000000000002709 ) ;
#973 = DIRECTION ( 'NONE',  ( 0.000000000000000000, 0.000000000000000000, 1.000000000000000000 ) ) ;
#974 = DIRECTION ( 'NONE',  ( -0.000000000000000000, -1.000000000000000000, 0.000000000000000000 ) ) ;
#975 = LINE ( 'NONE', #1169, #2102 ) ;
#976 = ORIENTED_EDGE ( 'NONE', *, *, #1615, .T. ) ;
#977 = APPLICATION_CONTEXT ( 'automotive_design' ) ;
#978 = DIRECTION ( 'NONE',  ( 0.000000000000000000, 0.000000000000000000, 1.000000000000000000 ) ) ;
#979 = CARTESIAN_POINT ( 'NONE',  ( 71.11999999999999034, 85.00000000000000000, 60.14999999999999858 ) ) ;
#980 = DIRECTION ( 'NONE',  ( 0.000000000000000000, 0.000000000000000000, 1.000000000000000000 ) ) ;
#981 = ORIENTED_EDGE ( 'NONE', *, *, #1191, .T. ) ;
#982 = ORIENTED_EDGE ( 'NONE', *, *, #330, .T. ) ;
#983 = ORIENTED_EDGE ( 'NONE', *, *, #2026, .T. ) ;
#984 = DIRECTION ( 'NONE',  ( 0.000000000000000000, 0.000000000000000000, 1.000000000000000000 ) ) ;
#985 = DIRECTION ( 'NONE',  ( -0.000000000000000000, -1.000000000000000000, -0.000000000000000000 ) ) ;
#986 = LINE ( 'NONE', #2231, #1585 ) ;
#987 = CARTESIAN_POINT ( 'NONE',  ( 44.37999999999998124, 5.000000000000000000, -15.00000000000000000 ) ) ;
#988 = ADVANCED_FACE ( 'NONE', ( #1051 ), #1964, .T. ) ;
#989 = VECTOR ( 'NONE', #1392, 1000.000000000000000 ) ;
#990 = EDGE_CURVE ( 'NONE', #1, #2225, #1466, .T. ) ;
#991 = EDGE_LOOP ( 'NONE', ( #1315, #1227 ) ) ;
#992 = CYLINDRICAL_SURFACE ( 'NONE', #1478, 1.550000000000002709 ) ;
#993 = AXIS2_PLACEMENT_3D ( 'NONE', #1939, #1232, #902 ) ;
#994 = CARTESIAN_POINT ( 'NONE',  ( -56.53000000000001535, 11.00000000000000000, -41.90999999999998238 ) ) ;
#995 = CARTESIAN_POINT ( 'NONE',  ( 27.28999999999998138, 11.00000000000000000, -41.90999999999998238 ) ) ;
#996 = ORIENTED_EDGE ( 'NONE', *, *, #1912, .F. ) ;
#997 = EDGE_CURVE ( 'NONE', #214, #1357, #579, .T. ) ;
#998 = ORIENTED_EDGE ( 'NONE', *, *, #465, .F. ) ;
#999 = AXIS2_PLACEMENT_3D ( 'NONE', #648, #1723, #1546 ) ;
#1000 = DIRECTION ( 'NONE',  ( -0.000000000000000000, -1.000000000000000000, 0.000000000000000000 ) ) ;
#1001 = VECTOR ( 'NONE', #264, 1000.000000000000000 ) ;
#1002 = DIRECTION ( 'NONE',  ( 0.000000000000000000, 0.000000000000000000, 1.000000000000000000 ) ) ;
#1003 = DIRECTION ( 'NONE',  ( 0.000000000000000000, 0.000000000000000000, -1.000000000000000000 ) ) ;
#1004 = AXIS2_PLACEMENT_3D ( 'NONE', #289, #2261, #1204 ) ;
#1005 = FACE_BOUND ( 'NONE', #927, .T. ) ;
#1006 = DIRECTION ( 'NONE',  ( -0.000000000000000000, 1.000000000000000000, -0.000000000000000000 ) ) ;
#1007 = DIRECTION ( 'NONE',  ( -0.000000000000000000, -1.000000000000000000, -0.000000000000000000 ) ) ;
#1008 = ORIENTED_EDGE ( 'NONE', *, *, #324, .T. ) ;
#1009 = VERTEX_POINT ( 'NONE', #564 ) ;
#1010 = ORIENTED_EDGE ( 'NONE', *, *, #71, .F. ) ;
#1011 = CARTESIAN_POINT ( 'NONE',  ( -71.11999999999999034, 0.000000000000000000, -57.15000000000001279 ) ) ;
#1012 = CARTESIAN_POINT ( 'NONE',  ( 44.37999999999998124, 6.600000000000033396, -15.00000000000000000 ) ) ;
#1013 = DIRECTION ( 'NONE',  ( 0.000000000000000000, -0.7071067811865517916, -0.7071067811865433539 ) ) ;
#1014 = EDGE_CURVE ( 'NONE', #1563, #1347, #1308, .T. ) ;
#1015 = DIRECTION ( 'NONE',  ( 0.000000000000000000, -1.000000000000000000, 0.000000000000000000 ) ) ;
#1016 = VERTEX_POINT ( 'NONE', #241 ) ;
#1017 = ORIENTED_EDGE ( 'NONE', *, *, #4, .F. ) ;
#1018 = CARTESIAN_POINT ( 'NONE',  ( 27.28999999999998849, 11.00000000000000000, 40.36000000000000654 ) ) ;
#1019 = CARTESIAN_POINT ( 'NONE',  ( 70.05933982822017470, 65.00000000000000000, -56.08933982822017583 ) ) ;
#1020 = DIRECTION ( 'NONE',  ( 0.000000000000000000, 0.000000000000000000, 1.000000000000000000 ) ) ;
#1021 = AXIS2_PLACEMENT_3D ( 'NONE', #243, #932, #213 ) ;
#1022 = ORIENTED_EDGE ( 'NONE', *, *, #1458, .T. ) ;
#1023 = ORIENTED_EDGE ( 'NONE', *, *, #1353, .F. ) ;
#1024 = DIRECTION ( 'NONE',  ( 0.000000000000000000, -0.000000000000000000, 1.000000000000000000 ) ) ;
#1025 = EDGE_CURVE ( 'NONE', #69, #1499, #225, .T. ) ;
#1026 = VERTEX_POINT ( 'NONE', #602 ) ;
#1027 = FACE_OUTER_BOUND ( 'NONE', #2306, .T. ) ;
#1028 = AXIS2_PLACEMENT_3D ( 'NONE', #182, #193, #1459 ) ;
#1029 = CARTESIAN_POINT ( 'NONE',  ( 27.28999999999998138, 6.600000000000033396, -38.35999999999997812 ) ) ;
#1030 = VECTOR ( 'NONE', #2229, 1000.000000000000000 ) ;
#1031 = CIRCLE ( 'NONE', #1623, 3.550000000000004707 ) ;
#1032 =( NAMED_UNIT ( * ) SI_UNIT ( $, .STERADIAN. ) SOLID_ANGLE_UNIT ( ) );
#1033 = DIRECTION ( 'NONE',  ( 0.000000000000000000, 1.000000000000000000, -0.000000000000000000 ) ) ;
#1034 = AXIS2_PLACEMENT_3D ( 'NONE', #545, #336, #172 ) ;
#1035 = VECTOR ( 'NONE', #919, 1000.000000000000000 ) ;
#1036 = ORIENTED_EDGE ( 'NONE', *, *, #1214, .F. ) ;
#1037 = ORIENTED_EDGE ( 'NONE', *, *, #1231, .T. ) ;
#1038 = CARTESIAN_POINT ( 'NONE',  ( -56.53000000000001535, 11.00000000000000000, -41.90999999999998238 ) ) ;
#1039 = PRODUCT_CONTEXT ( 'NONE', #2122, 'mechanical' ) ;
#1040 = ORIENTED_EDGE ( 'NONE', *, *, #216, .F. ) ;
#1041 = FACE_BOUND ( 'NONE', #195, .T. ) ;
#1042 = DIRECTION ( 'NONE',  ( 0.000000000000000000, 0.000000000000000000, 1.000000000000000000 ) ) ;
#1043 = EDGE_CURVE ( 'NONE', #1239, #1443, #844, .T. ) ;
#1044 = VERTEX_POINT ( 'NONE', #1863 ) ;
#1045 = EDGE_LOOP ( 'NONE', ( #424, #1185, #165, #2167 ) ) ;
#1046 = DIRECTION ( 'NONE',  ( 0.000000000000000000, 0.000000000000000000, -1.000000000000000000 ) ) ;
#1047 = ORIENTED_EDGE ( 'NONE', *, *, #157, .T. ) ;
#1048 = DIRECTION ( 'NONE',  ( -0.000000000000000000, 1.000000000000000000, -0.000000000000000000 ) ) ;
#1049 = ADVANCED_FACE ( 'NONE', ( #1095 ), #961, .T. ) ;
#1050 = DIRECTION ( 'NONE',  ( 0.000000000000000000, 1.000000000000000000, 0.000000000000000000 ) ) ;
#1051 = FACE_OUTER_BOUND ( 'NONE', #1598, .T. ) ;
#1052 = PRODUCT_DEFINITION_SHAPE ( 'NONE', 'NONE',  #1561 ) ;
#1053 = DIRECTION ( 'NONE',  ( -0.000000000000000000, -1.000000000000000000, -0.000000000000000000 ) ) ;
#1054 = ADVANCED_FACE ( 'NONE', ( #554 ), #1445, .T. ) ;
#1055 = EDGE_CURVE ( 'NONE', #56, #846, #247, .T. ) ;
#1056 = AXIS2_PLACEMENT_3D ( 'NONE', #727, #381, #1781 ) ;
#1057 = EDGE_LOOP ( 'NONE', ( #233, #1721 ) ) ;
#1058 = CARTESIAN_POINT ( 'NONE',  ( -56.53000000000001535, 11.00000000000000000, 41.91000000000000369 ) ) ;
#1059 = VECTOR ( 'NONE', #2118, 1000.000000000000000 ) ;
#1060 = ORIENTED_EDGE ( 'NONE', *, *, #275, .T. ) ;
#1061 = EDGE_CURVE ( 'NONE', #339, #2244, #2020, .T. ) ;
#1062 = CARTESIAN_POINT ( 'NONE',  ( 27.28999999999998849, 11.00000000000000000, 45.46000000000001506 ) ) ;
#1063 = ORIENTED_EDGE ( 'NONE', *, *, #1524, .F. ) ;
#1064 = FACE_OUTER_BOUND ( 'NONE', #1671, .T. ) ;
#1065 = CARTESIAN_POINT ( 'NONE',  ( -56.53000000000001535, 11.00000000000000000, 41.91000000000000369 ) ) ;
#1066 = AXIS2_PLACEMENT_3D ( 'NONE', #79, #2247, #1886 ) ;
#1067 = AXIS2_PLACEMENT_3D ( 'NONE', #31, #166, #879 ) ;
#1068 = VECTOR ( 'NONE', #842, 1000.000000000000000 ) ;
#1069 = CIRCLE ( 'NONE', #55, 1.550000000000002709 ) ;
#1070 = CIRCLE ( 'NONE', #320, 1.549999999999995826 ) ;
#1071 = ORIENTED_EDGE ( 'NONE', *, *, #2311, .T. ) ;
#1072 = CARTESIAN_POINT ( 'NONE',  ( 70.05933982822018891, 65.00000000000000000, 56.08933982822016162 ) ) ;
#1073 = EDGE_LOOP ( 'NONE', ( #334, #800, #817, #2284 ) ) ;
#1074 =( LENGTH_UNIT ( ) NAMED_UNIT ( * ) SI_UNIT ( .MILLI., .METRE. ) );
#1075 = CARTESIAN_POINT ( 'NONE',  ( 27.28999999999998849, 6.600000000000005862, 41.91000000000001080 ) ) ;
#1076 = DIRECTION ( 'NONE',  ( 0.000000000000000000, 0.000000000000000000, -1.000000000000000000 ) ) ;
#1077 = DIRECTION ( 'NONE',  ( 0.000000000000000000, 0.000000000000000000, 1.000000000000000000 ) ) ;
#1078 = EDGE_CURVE ( 'NONE', #1274, #599, #1857, .T. ) ;
#1079 = ORIENTED_EDGE ( 'NONE', *, *, #2068, .T. ) ;
#1080 = DIRECTION ( 'NONE',  ( 0.000000000000000000, 0.000000000000000000, -1.000000000000000000 ) ) ;
#1081 = CARTESIAN_POINT ( 'NONE',  ( 0.3799999999999810196, 19.00000000000000000, 60.15100000000001046 ) ) ;
#1082 = ORIENTED_EDGE ( 'NONE', *, *, #639, .F. ) ;
#1083 = CARTESIAN_POINT ( 'NONE',  ( -74.11999999999999034, 0.000000000000000000, -57.15000000000001279 ) ) ;
#1084 = VERTEX_POINT ( 'NONE', #1994 ) ;
#1085 = CARTESIAN_POINT ( 'NONE',  ( -29.62000000000001876, 19.00000000000000000, 60.15100000000001046 ) ) ;
#1086 = DIRECTION ( 'NONE',  ( 0.000000000000000000, 0.000000000000000000, 1.000000000000000000 ) ) ;
#1087 = CARTESIAN_POINT ( 'NONE',  ( 0.3799999999999810196, 19.00000000000000000, -60.15000000000000568 ) ) ;
#1088 = EDGE_CURVE ( 'NONE', #2176, #2255, #1642, .T. ) ;
#1089 = ORIENTED_EDGE ( 'NONE', *, *, #4, .T. ) ;
#1090 = EDGE_LOOP ( 'NONE', ( #638, #2158, #138, #1670 ) ) ;
#1091 = DIRECTION ( 'NONE',  ( -0.000000000000000000, -1.000000000000000000, -0.000000000000000000 ) ) ;
#1092 = CARTESIAN_POINT ( 'NONE',  ( 0.000000000000000000, 85.00000000000000000, 0.000000000000000000 ) ) ;
#1093 = ORIENTED_EDGE ( 'NONE', *, *, #895, .F. ) ;
#1094 = CIRCLE ( 'NONE', #1770, 1.550000000000000933 ) ;
#1095 = FACE_OUTER_BOUND ( 'NONE', #2168, .T. ) ;
#1096 = DIRECTION ( 'NONE',  ( 0.000000000000000000, 1.000000000000000000, -0.000000000000000000 ) ) ;
#1097 = DIRECTION ( 'NONE',  ( -0.000000000000000000, -1.000000000000000000, -0.000000000000000000 ) ) ;
#1098 = ORIENTED_EDGE ( 'NONE', *, *, #639, .T. ) ;
#1099 = DIRECTION ( 'NONE',  ( -0.000000000000000000, -0.000000000000000000, -1.000000000000000000 ) ) ;
#1100 = ADVANCED_FACE ( 'NONE', ( #2164 ), #1483, .F. ) ;
#1101 = AXIS2_PLACEMENT_3D ( 'NONE', #380, #211, #906 ) ;
#1102 = AXIS2_PLACEMENT_3D ( 'NONE', #1038, #1167, #1754 ) ;
#1103 = AXIS2_PLACEMENT_3D ( 'NONE', #994, #397, #1894 ) ;
#1104 = DIRECTION ( 'NONE',  ( 0.000000000000000000, 0.000000000000000000, 1.000000000000000000 ) ) ;
#1105 = FACE_OUTER_BOUND ( 'NONE', #476, .T. ) ;
#1106 = VECTOR ( 'NONE', #1199, 1000.000000000000000 ) ;
#1107 = AXIS2_PLACEMENT_3D ( 'NONE', #1233, #2105, #1384 ) ;
#1108 = ORIENTED_EDGE ( 'NONE', *, *, #2004, .F. ) ;
#1109 = EDGE_CURVE ( 'NONE', #904, #518, #1748, .T. ) ;
#1110 = EDGE_CURVE ( 'NONE', #2251, #1850, #2205, .T. ) ;
#1111 = DIRECTION ( 'NONE',  ( 0.000000000000000000, 0.000000000000000000, 1.000000000000000000 ) ) ;
#1112 = DIRECTION ( 'NONE',  ( 0.000000000000000000, -0.000000000000000000, 1.000000000000000000 ) ) ;
#1113 = CARTESIAN_POINT ( 'NONE',  ( 27.28999999999998138, 5.000000000000000000, -36.75999999999996959 ) ) ;
#1114 = ORIENTED_EDGE ( 'NONE', *, *, #1736, .T. ) ;
#1115 = DIRECTION ( 'NONE',  ( 0.000000000000000000, -0.000000000000000000, -1.000000000000000000 ) ) ;
#1116 = EDGE_CURVE ( 'NONE', #47, #1530, #35, .T. ) ;
#1117 = DIRECTION ( 'NONE',  ( 0.000000000000000000, 0.000000000000000000, -1.000000000000000000 ) ) ;
#1118 = CARTESIAN_POINT ( 'NONE',  ( -56.53000000000001535, 11.00000000000000000, -40.35999999999997812 ) ) ;
#1119 = VERTEX_POINT ( 'NONE', #25 ) ;
#1120 = EDGE_LOOP ( 'NONE', ( #1683, #1877, #998, #181 ) ) ;
#1121 = CARTESIAN_POINT ( 'NONE',  ( 27.28999999999998138, 11.00000000000000000, -41.90999999999998238 ) ) ;
#1122 = LINE ( 'NONE', #14, #2272 ) ;
#1123 = DIRECTION ( 'NONE',  ( 0.000000000000000000, 1.000000000000000000, 0.000000000000000000 ) ) ;
#1124 = EDGE_CURVE ( 'NONE', #117, #268, #1122, .T. ) ;
#1125 = CARTESIAN_POINT ( 'NONE',  ( 44.37999999999998124, 11.00000000000000000, -15.00000000000000000 ) ) ;
#1126 = ORIENTED_EDGE ( 'NONE', *, *, #2022, .F. ) ;
#1127 = DIRECTION ( 'NONE',  ( 0.000000000000000000, 1.000000000000000000, 0.000000000000000000 ) ) ;
#1128 = DIRECTION ( 'NONE',  ( -0.000000000000000000, 1.000000000000000000, -0.000000000000000000 ) ) ;
#1129 = FACE_BOUND ( 'NONE', #2090, .T. ) ;
#1130 = ORIENTED_EDGE ( 'NONE', *, *, #1879, .F. ) ;
#1131 = ORIENTED_EDGE ( 'NONE', *, *, #454, .F. ) ;
#1132 = EDGE_LOOP ( 'NONE', ( #718, #399, #2208, #1672 ) ) ;
#1133 = CIRCLE ( 'NONE', #493, 1.550000000000002709 ) ;
#1134 =( GEOMETRIC_REPRESENTATION_CONTEXT ( 3 ) GLOBAL_UNCERTAINTY_ASSIGNED_CONTEXT ( ( #1494 ) ) GLOBAL_UNIT_ASSIGNED_CONTEXT ( ( #1074, #2135, #1444 ) ) REPRESENTATION_CONTEXT ( 'NONE', 'WORKASPACE' ) );
#1135 = CARTESIAN_POINT ( 'NONE',  ( 0.3799999999999810196, 12.00000000000000000, -57.15000000000000568 ) ) ;
#1136 = DIRECTION ( 'NONE',  ( 0.000000000000000000, 1.000000000000000000, -0.000000000000000000 ) ) ;
#1137 = DIRECTION ( 'NONE',  ( -1.000000000000000000, 0.000000000000000000, -0.000000000000000000 ) ) ;
#1138 = LINE ( 'NONE', #581, #862 ) ;
#1139 = VERTEX_POINT ( 'NONE', #1832 ) ;
#1140 = CARTESIAN_POINT ( 'NONE',  ( 0.000000000000000000, 5.000000000000000000, 0.000000000000000000 ) ) ;
#1141 = ADVANCED_FACE ( 'NONE', ( #415 ), #1453, .T. ) ;
#1142 = CIRCLE ( 'NONE', #1896, 1.550000000000000933 ) ;
#1143 = CARTESIAN_POINT ( 'NONE',  ( 71.11999999999999034, 0.000000000000000000, 57.14999999999999858 ) ) ;
#1144 = LINE ( 'NONE', #1691, #1520 ) ;
#1145 = EDGE_LOOP ( 'NONE', ( #622, #494, #845, #2012 ) ) ;
#1146 = VECTOR ( 'NONE', #1177, 1000.000000000000000 ) ;
#1147 = AXIS2_PLACEMENT_3D ( 'NONE', #1718, #2059, #88 ) ;
#1148 = ORIENTED_EDGE ( 'NONE', *, *, #1055, .F. ) ;
#1149 = EDGE_LOOP ( 'NONE', ( #1480, #1583 ) ) ;
#1150 = UNCERTAINTY_MEASURE_WITH_UNIT (LENGTH_MEASURE( 1.000000000000000082E-05 ), #1406, 'distance_accuracy_value', 'NONE');
#1151 = CIRCLE ( 'NONE', #538, 1.549999999999995826 ) ;
#1152 = AXIS2_PLACEMENT_3D ( 'NONE', #258, #1154, #1271 ) ;
#1153 = PLANE ( 'NONE',  #2193 ) ;
#1154 = DIRECTION ( 'NONE',  ( -0.000000000000000000, -1.000000000000000000, 0.000000000000000000 ) ) ;
#1155 = DIRECTION ( 'NONE',  ( 0.000000000000000000, 0.000000000000000000, 1.000000000000000000 ) ) ;
#1156 = CARTESIAN_POINT ( 'NONE',  ( 27.28999999999998138, 6.600000000000033396, -41.90999999999998238 ) ) ;
#1157 = ORIENTED_EDGE ( 'NONE', *, *, #1055, .T. ) ;
#1158 = DIRECTION ( 'NONE',  ( 0.000000000000000000, 0.000000000000000000, 1.000000000000000000 ) ) ;
#1159 = DIRECTION ( 'NONE',  ( -0.000000000000000000, 1.000000000000000000, -0.000000000000000000 ) ) ;
#1160 = CARTESIAN_POINT ( 'NONE',  ( 27.28999999999998849, 6.600000000000005862, 45.46000000000001506 ) ) ;
#1161 = EDGE_LOOP ( 'NONE', ( #255, #964 ) ) ;
#1162 = ORIENTED_EDGE ( 'NONE', *, *, #687, .F. ) ;
#1163 = ORIENTED_EDGE ( 'NONE', *, *, #1734, .F. ) ;
#1164 = EDGE_CURVE ( 'NONE', #2244, #896, #2111, .T. ) ;
#1165 = ADVANCED_FACE ( 'NONE', ( #496 ), #657, .F. ) ;
#1166 = DIRECTION ( 'NONE',  ( 0.000000000000000000, 0.000000000000000000, 1.000000000000000000 ) ) ;
#1167 = DIRECTION ( 'NONE',  ( 0.000000000000000000, 1.000000000000000000, -0.000000000000000000 ) ) ;
#1168 = CARTESIAN_POINT ( 'NONE',  ( -56.53000000000001535, 6.600000000000033396, 41.91000000000000369 ) ) ;
#1169 = CARTESIAN_POINT ( 'NONE',  ( -74.11999999999999034, 85.00000000000000000, 57.14999999999999858 ) ) ;
#1170 = ORIENTED_EDGE ( 'NONE', *, *, #1236, .F. ) ;
#1171 = DIRECTION ( 'NONE',  ( 0.000000000000000000, 1.000000000000000000, 0.000000000000000000 ) ) ;
#1172 = EDGE_CURVE ( 'NONE', #787, #1581, #50, .T. ) ;
#1173 = CARTESIAN_POINT ( 'NONE',  ( -56.53000000000001535, 11.00000000000000000, -38.35999999999997812 ) ) ;
#1174 = DIRECTION ( 'NONE',  ( 0.000000000000000000, 0.000000000000000000, -1.000000000000000000 ) ) ;
#1175 = ORIENTED_EDGE ( 'NONE', *, *, #2004, .T. ) ;
#1176 = ORIENTED_EDGE ( 'NONE', *, *, #217, .F. ) ;
#1177 = DIRECTION ( 'NONE',  ( 0.000000000000000000, 0.000000000000000000, -1.000000000000000000 ) ) ;
#1178 = CARTESIAN_POINT ( 'NONE',  ( 44.37999999999998124, 11.00000000000000000, -15.00000000000000000 ) ) ;
#1179 = DIRECTION ( 'NONE',  ( -0.000000000000000000, 1.000000000000000000, -0.000000000000000000 ) ) ;
#1180 = AXIS2_PLACEMENT_3D ( 'NONE', #1235, #3, #871 ) ;
#1181 = FACE_OUTER_BOUND ( 'NONE', #477, .T. ) ;
#1182 = ADVANCED_FACE ( 'NONE', ( #618 ), #1413, .T. ) ;
#1183 = CYLINDRICAL_SURFACE ( 'NONE', #2305, 1.549999999999995826 ) ;
#1184 = DIRECTION ( 'NONE',  ( -0.000000000000000000, -1.000000000000000000, -0.000000000000000000 ) ) ;
#1185 = ORIENTED_EDGE ( 'NONE', *, *, #687, .T. ) ;
#1186 = ORIENTED_EDGE ( 'NONE', *, *, #544, .F. ) ;
#1187 = EDGE_CURVE ( 'NONE', #1387, #346, #1515, .T. ) ;
#1188 = AXIS2_PLACEMENT_3D ( 'NONE', #26, #1123, #1309 ) ;
#1189 = CIRCLE ( 'NONE', #470, 1.549999999999995826 ) ;
#1190 = EDGE_LOOP ( 'NONE', ( #304, #1860 ) ) ;
#1191 = EDGE_CURVE ( 'NONE', #632, #1139, #1509, .T. ) ;
#1192 = AXIS2_PLACEMENT_3D ( 'NONE', #1862, #2216, #984 ) ;
#1193 = CYLINDRICAL_SURFACE ( 'NONE', #999, 7.500000000000007105 ) ;
#1194 = CIRCLE ( 'NONE', #1256, 1.549999999999995826 ) ;
#1195 = DIRECTION ( 'NONE',  ( 0.000000000000000000, 0.000000000000000000, 1.000000000000000000 ) ) ;
#1196 = FACE_OUTER_BOUND ( 'NONE', #312, .T. ) ;
#1197 = VECTOR ( 'NONE', #852, 1000.000000000000000 ) ;
#1198 = EDGE_CURVE ( 'NONE', #818, #339, #132, .T. ) ;
#1199 = DIRECTION ( 'NONE',  ( -0.000000000000000000, -1.000000000000000000, -0.000000000000000000 ) ) ;
#1200 = EDGE_LOOP ( 'NONE', ( #2183, #1245, #1284, #2071 ) ) ;
#1201 = EDGE_LOOP ( 'NONE', ( #1956, #540, #367, #2291 ) ) ;
#1202 = LINE ( 'NONE', #1018, #1287 ) ;
#1203 = LINE ( 'NONE', #553, #707 ) ;
#1204 = DIRECTION ( 'NONE',  ( 0.000000000000000000, 0.000000000000000000, -1.000000000000000000 ) ) ;
#1205 = EDGE_CURVE ( 'NONE', #169, #1924, #1217, .T. ) ;
#1206 = VERTEX_POINT ( 'NONE', #444 ) ;
#1207 = EDGE_LOOP ( 'NONE', ( #1036, #441, #2123, #582 ) ) ;
#1208 = CYLINDRICAL_SURFACE ( 'NONE', #387, 3.000000000000002665 ) ;
#1209 = VERTEX_POINT ( 'NONE', #313 ) ;
#1210 = CARTESIAN_POINT ( 'NONE',  ( -71.11999999999999034, 0.000000000000000000, 60.14999999999999858 ) ) ;
#1211 = CARTESIAN_POINT ( 'NONE',  ( 44.37999999999998124, 11.00000000000000000, -15.00000000000000000 ) ) ;
#1212 = DIRECTION ( 'NONE',  ( 0.000000000000000000, 0.000000000000000000, 1.000000000000000000 ) ) ;
#1213 = CIRCLE ( 'NONE', #342, 3.550000000000001155 ) ;
#1214 = EDGE_CURVE ( 'NONE', #1512, #209, #164, .T. ) ;
#1215 = ORIENTED_EDGE ( 'NONE', *, *, #1859, .T. ) ;
#1216 = ORIENTED_EDGE ( 'NONE', *, *, #1293, .F. ) ;
#1217 = LINE ( 'NONE', #2293, #1255 ) ;
#1218 = VECTOR ( 'NONE', #2218, 1000.000000000000114 ) ;
#1219 = AXIS2_PLACEMENT_3D ( 'NONE', #2181, #1427, #1785 ) ;
#1220 = CARTESIAN_POINT ( 'NONE',  ( 27.28999999999998849, 6.600000000000005862, 41.91000000000001080 ) ) ;
#1221 = AXIS2_PLACEMENT_3D ( 'NONE', #1502, #1224, #1542 ) ;
#1222 = CARTESIAN_POINT ( 'NONE',  ( 60.37999999999998124, 6.600000000000033396, 18.55000000000000071 ) ) ;
#1223 = CARTESIAN_POINT ( 'NONE',  ( 27.28999999999998138, 6.600000000000033396, -41.90999999999998238 ) ) ;
#1224 = DIRECTION ( 'NONE',  ( -0.000000000000000000, -1.000000000000000000, 0.000000000000000000 ) ) ;
#1225 = VECTOR ( 'NONE', #1513, 1000.000000000000000 ) ;
#1226 = CIRCLE ( 'NONE', #1712, 3.550000000000004707 ) ;
#1227 = ORIENTED_EDGE ( 'NONE', *, *, #1702, .T. ) ;
#1228 = ORIENTED_EDGE ( 'NONE', *, *, #263, .F. ) ;
#1229 = DIRECTION ( 'NONE',  ( 0.000000000000000000, 1.000000000000000000, 0.000000000000000000 ) ) ;
#1230 = ADVANCED_FACE ( 'NONE', ( #1339 ), #1208, .T. ) ;
#1231 = EDGE_CURVE ( 'NONE', #209, #1, #1874, .T. ) ;
#1232 = DIRECTION ( 'NONE',  ( -0.000000000000000000, -1.000000000000000000, -0.000000000000000000 ) ) ;
#1233 = CARTESIAN_POINT ( 'NONE',  ( 60.37999999999998124, 11.00000000000000000, 15.00000000000000000 ) ) ;
#1234 = CARTESIAN_POINT ( 'NONE',  ( 71.11999999999999034, 0.000000000000000000, 60.14999999999999858 ) ) ;
#1235 = CARTESIAN_POINT ( 'NONE',  ( -56.53000000000001535, 5.000000000000000000, -41.90999999999998238 ) ) ;
#1236 = EDGE_CURVE ( 'NONE', #1900, #1536, #808, .T. ) ;
#1237 = ORIENTED_EDGE ( 'NONE', *, *, #2250, .T. ) ;
#1238 = DIRECTION ( 'NONE',  ( -0.000000000000000000, -1.000000000000000000, 0.000000000000000000 ) ) ;
#1239 = VERTEX_POINT ( 'NONE', #1926 ) ;
#1240 = CARTESIAN_POINT ( 'NONE',  ( -56.53000000000001535, 11.00000000000000000, -41.90999999999998238 ) ) ;
#1241 = CARTESIAN_POINT ( 'NONE',  ( -56.53000000000001535, 5.000000000000000000, 47.06000000000001648 ) ) ;
#1242 = DIRECTION ( 'NONE',  ( 8.659560562354878624E-17, -0.7071067811865520136, 0.7071067811865431318 ) ) ;
#1243 = EDGE_CURVE ( 'NONE', #1639, #2109, #1473, .T. ) ;
#1244 = VECTOR ( 'NONE', #1834, 1000.000000000000000 ) ;
#1245 = ORIENTED_EDGE ( 'NONE', *, *, #2131, .T. ) ;
#1246 = CARTESIAN_POINT ( 'NONE',  ( -56.53000000000001535, 5.000000000000000000, -40.35999999999997812 ) ) ;
#1247 = VERTEX_POINT ( 'NONE', #847 ) ;
#1248 = EDGE_CURVE ( 'NONE', #2083, #1428, #502, .T. ) ;
#1249 = CARTESIAN_POINT ( 'NONE',  ( -63.61999999999998323, 85.00000000000000000, -57.15000000000001279 ) ) ;
#1250 = AXIS2_PLACEMENT_3D ( 'NONE', #1012, #431, #1699 ) ;
#1251 = CARTESIAN_POINT ( 'NONE',  ( -56.53000000000001535, 11.00000000000000000, -43.45999999999998664 ) ) ;
#1252 = DIRECTION ( 'NONE',  ( 0.000000000000000000, 1.000000000000000000, -0.000000000000000000 ) ) ;
#1253 = CARTESIAN_POINT ( 'NONE',  ( -71.11999999999999034, 85.00000000000000000, -49.64999999999999858 ) ) ;
#1254 = VECTOR ( 'NONE', #1500, 1000.000000000000000 ) ;
#1255 = VECTOR ( 'NONE', #147, 1000.000000000000000 ) ;
#1256 = AXIS2_PLACEMENT_3D ( 'NONE', #773, #1648, #1667 ) ;
#1257 = AXIS2_PLACEMENT_3D ( 'NONE', #327, #869, #701 ) ;
#1258 = ORIENTED_EDGE ( 'NONE', *, *, #1661, .F. ) ;
#1259 = CARTESIAN_POINT ( 'NONE',  ( 70.05933982822018891, 65.00000000000000000, 54.53933982822016446 ) ) ;
#1260 = ORIENTED_EDGE ( 'NONE', *, *, #2008, .T. ) ;
#1261 = DIRECTION ( 'NONE',  ( 0.000000000000000000, 0.000000000000000000, 1.000000000000000000 ) ) ;
#1262 = ORIENTED_EDGE ( 'NONE', *, *, #2108, .T. ) ;
#1263 = CARTESIAN_POINT ( 'NONE',  ( 44.37999999999998124, 11.00000000000000000, -15.00000000000000000 ) ) ;
#1264 = CARTESIAN_POINT ( 'NONE',  ( 60.37999999999998124, 11.00000000000000000, 13.44999999999999929 ) ) ;
#1265 = CARTESIAN_POINT ( 'NONE',  ( -29.62000000000001876, 12.00000000000000000, -60.15000000000000568 ) ) ;
#1266 = ORIENTED_EDGE ( 'NONE', *, *, #754, .F. ) ;
#1267 = ORIENTED_EDGE ( 'NONE', *, *, #1696, .F. ) ;
#1268 = CYLINDRICAL_SURFACE ( 'NONE', #574, 1.550000000000002709 ) ;
#1269 = FACE_BOUND ( 'NONE', #1057, .T. ) ;
#1270 = ORIENTED_EDGE ( 'NONE', *, *, #1187, .T. ) ;
#1271 = DIRECTION ( 'NONE',  ( 0.000000000000000000, 0.000000000000000000, 1.000000000000000000 ) ) ;
#1272 = DIRECTION ( 'NONE',  ( 0.000000000000000000, -0.7071067811865517916, -0.7071067811865433539 ) ) ;
#1273 = DIRECTION ( 'NONE',  ( -0.000000000000000000, -1.000000000000000000, -0.000000000000000000 ) ) ;
#1274 = VERTEX_POINT ( 'NONE', #666 ) ;
#1275 = ADVANCED_FACE ( 'NONE', ( #323 ), #1698, .F. ) ;
#1276 = FACE_OUTER_BOUND ( 'NONE', #1073, .T. ) ;
#1277 = DIRECTION ( 'NONE',  ( 1.000000000000000000, 0.000000000000000000, -0.000000000000000000 ) ) ;
#1278 = ORIENTED_EDGE ( 'NONE', *, *, #1716, .T. ) ;
#1279 = CIRCLE ( 'NONE', #1056, 1.550000000000002709 ) ;
#1280 = EDGE_CURVE ( 'NONE', #1872, #557, #838, .T. ) ;
#1281 = CARTESIAN_POINT ( 'NONE',  ( 60.37999999999998124, 11.00000000000000000, 15.00000000000000000 ) ) ;
#1282 = CARTESIAN_POINT ( 'NONE',  ( 44.37999999999998124, 6.600000000000033396, -18.55000000000000071 ) ) ;
#1283 = CARTESIAN_POINT ( 'NONE',  ( 27.28999999999998138, 5.000000000000000000, -47.05999999999999517 ) ) ;
#1284 = ORIENTED_EDGE ( 'NONE', *, *, #562, .T. ) ;
#1285 = PLANE ( 'NONE',  #1592 ) ;
#1286 = AXIS2_PLACEMENT_3D ( 'NONE', #2125, #270, #80 ) ;
#1287 = VECTOR ( 'NONE', #1824, 1000.000000000000000 ) ;
#1288 = DIRECTION ( 'NONE',  ( 0.000000000000000000, 0.000000000000000000, 1.000000000000000000 ) ) ;
#1289 = DIRECTION ( 'NONE',  ( -1.000000000000000000, 0.000000000000000000, 0.000000000000000000 ) ) ;
#1290 = AXIS2_PLACEMENT_3D ( 'NONE', #1085, #1577, #1394 ) ;
#1291 = ORIENTED_EDGE ( 'NONE', *, *, #1744, .F. ) ;
#1292 = ORIENTED_EDGE ( 'NONE', *, *, #150, .T. ) ;
#1293 = EDGE_CURVE ( 'NONE', #751, #2200, #1189, .T. ) ;
#1294 = DIRECTION ( 'NONE',  ( 0.000000000000000000, 0.000000000000000000, 1.000000000000000000 ) ) ;
#1295 = DIRECTION ( 'NONE',  ( -0.000000000000000000, -1.000000000000000000, -0.000000000000000000 ) ) ;
#1296 = FACE_OUTER_BOUND ( 'NONE', #1784, .T. ) ;
#1297 = CARTESIAN_POINT ( 'NONE',  ( 44.37999999999998124, 11.00000000000000000, -15.00000000000000000 ) ) ;
#1298 = VERTEX_POINT ( 'NONE', #1774 ) ;
#1299 = EDGE_CURVE ( 'NONE', #214, #77, #1663, .T. ) ;
#1300 = CARTESIAN_POINT ( 'NONE',  ( 70.05933982822018891, 65.00000000000000000, 56.08933982822016162 ) ) ;
#1301 = CARTESIAN_POINT ( 'NONE',  ( -71.11999999999999034, 85.00000000000000000, 57.14999999999999858 ) ) ;
#1302 = FACE_BOUND ( 'NONE', #1149, .T. ) ;
#1303 = VERTEX_POINT ( 'NONE', #1627 ) ;
#1304 = ORIENTED_EDGE ( 'NONE', *, *, #2262, .F. ) ;
#1305 = ORIENTED_EDGE ( 'NONE', *, *, #520, .T. ) ;
#1306 = DIRECTION ( 'NONE',  ( 0.000000000000000000, 0.000000000000000000, 1.000000000000000000 ) ) ;
#1307 = ADVANCED_FACE ( 'NONE', ( #741 ), #20, .F. ) ;
#1308 = LINE ( 'NONE', #2173, #140 ) ;
#1309 = DIRECTION ( 'NONE',  ( 0.000000000000000000, 0.000000000000000000, 1.000000000000000000 ) ) ;
#1310 = FACE_OUTER_BOUND ( 'NONE', #61, .T. ) ;
#1311 = EDGE_LOOP ( 'NONE', ( #1692, #1456 ) ) ;
#1312 = CARTESIAN_POINT ( 'NONE',  ( -56.53000000000001535, 11.00000000000000000, 41.91000000000000369 ) ) ;
#1313 = FACE_OUTER_BOUND ( 'NONE', #1794, .T. ) ;
#1314 = DIRECTION ( 'NONE',  ( 0.000000000000000000, 0.000000000000000000, -1.000000000000000000 ) ) ;
#1315 = ORIENTED_EDGE ( 'NONE', *, *, #492, .T. ) ;
#1316 = ADVANCED_FACE ( 'NONE', ( #1817 ), #1955, .T. ) ;
#1317 = ORIENTED_EDGE ( 'NONE', *, *, #1806, .T. ) ;
#1318 = VERTEX_POINT ( 'NONE', #1967 ) ;
#1319 = AXIS2_PLACEMENT_3D ( 'NONE', #372, #1798, #190 ) ;
#1320 = ADVANCED_FACE ( 'NONE', ( #1637 ), #1268, .F. ) ;
#1321 = DIRECTION ( 'NONE',  ( -0.000000000000000000, -1.000000000000000000, -0.000000000000000000 ) ) ;
#1322 = DIRECTION ( 'NONE',  ( 0.000000000000000000, 0.000000000000000000, -1.000000000000000000 ) ) ;
#1323 = CARTESIAN_POINT ( 'NONE',  ( 27.28999999999998138, 11.00000000000000000, -41.90999999999998238 ) ) ;
#1324 = FACE_OUTER_BOUND ( 'NONE', #1761, .T. ) ;
#1325 = ORIENTED_EDGE ( 'NONE', *, *, #1790, .T. ) ;
#1326 = FACE_OUTER_BOUND ( 'NONE', #1553, .T. ) ;
#1327 = EDGE_CURVE ( 'NONE', #1428, #2083, #1704, .T. ) ;
#1328 = PRESENTATION_LAYER_ASSIGNMENT (  '', '', ( #714 ) ) ;
#1329 = LINE ( 'NONE', #218, #101 ) ;
#1330 = CYLINDRICAL_SURFACE ( 'NONE', #11, 1.550000000000000933 ) ;
#1331 = ORIENTED_EDGE ( 'NONE', *, *, #2005, .T. ) ;
#1332 = AXIS2_PLACEMENT_3D ( 'NONE', #2204, #590, #1306 ) ;
#1333 = AXIS2_PLACEMENT_3D ( 'NONE', #1092, #208, #366 ) ;
#1334 = EDGE_LOOP ( 'NONE', ( #377, #1490, #1037, #547 ) ) ;
#1335 = ORIENTED_EDGE ( 'NONE', *, *, #22, .T. ) ;
#1336 = AXIS2_PLACEMENT_3D ( 'NONE', #1263, #893, #1608 ) ;
#1337 = FACE_OUTER_BOUND ( 'NONE', #1518, .T. ) ;
#1338 = EDGE_CURVE ( 'NONE', #209, #1512, #535, .T. ) ;
#1339 = FACE_OUTER_BOUND ( 'NONE', #341, .T. ) ;
#1340 = CARTESIAN_POINT ( 'NONE',  ( -74.11999999999999034, 85.00000000000000000, 57.14999999999999858 ) ) ;
#1341 = DIRECTION ( 'NONE',  ( 0.000000000000000000, 1.000000000000000000, -0.000000000000000000 ) ) ;
#1342 = ORIENTED_EDGE ( 'NONE', *, *, #1025, .T. ) ;
#1343 = CARTESIAN_POINT ( 'NONE',  ( -56.53000000000001535, 11.00000000000000000, 45.46000000000000796 ) ) ;
#1344 = CARTESIAN_POINT ( 'NONE',  ( 60.37999999999998124, 5.000000000000000000, 20.15000000000001634 ) ) ;
#1345 = CARTESIAN_POINT ( 'NONE',  ( -70.43535897468470353, 85.00000000000000000, -57.36535897468449008 ) ) ;
#1346 = ORIENTED_EDGE ( 'NONE', *, *, #325, .T. ) ;
#1347 = VERTEX_POINT ( 'NONE', #1792 ) ;
#1348 = CYLINDRICAL_SURFACE ( 'NONE', #1332, 1.549999999999995826 ) ;
#1349 = CARTESIAN_POINT ( 'NONE',  ( -71.11999999999999034, 5.000000000000004441, -49.64999999999999858 ) ) ;
#1350 = DIRECTION ( 'NONE',  ( -0.000000000000000000, -1.000000000000000000, -0.000000000000000000 ) ) ;
#1351 = ADVANCED_FACE ( 'NONE', ( #924 ), #2001, .T. ) ;
#1352 = LINE ( 'NONE', #99, #1197 ) ;
#1353 = EDGE_CURVE ( 'NONE', #1357, #1649, #651, .T. ) ;
#1354 = EDGE_CURVE ( 'NONE', #1645, #527, #1618, .T. ) ;
#1355 = CARTESIAN_POINT ( 'NONE',  ( -56.53000000000001535, 11.00000000000000000, 38.35999999999999943 ) ) ;
#1356 = CARTESIAN_POINT ( 'NONE',  ( -71.11999999999999034, 85.00000000000000000, 57.14999999999999858 ) ) ;
#1357 = VERTEX_POINT ( 'NONE', #1450 ) ;
#1358 = ORIENTED_EDGE ( 'NONE', *, *, #137, .T. ) ;
#1359 = ADVANCED_FACE ( 'NONE', ( #558 ), #375, .F. ) ;
#1360 = CARTESIAN_POINT ( 'NONE',  ( 27.28999999999998849, 11.00000000000000000, 41.91000000000001080 ) ) ;
#1361 = CYLINDRICAL_SURFACE ( 'NONE', #1892, 1.549999999999995826 ) ;
#1362 = CARTESIAN_POINT ( 'NONE',  ( 71.11999999999999034, 85.00000000000000000, -57.15000000000000568 ) ) ;
#1363 = AXIS2_PLACEMENT_3D ( 'NONE', #1621, #1341, #1485 ) ;
#1364 = FACE_BOUND ( 'NONE', #1504, .T. ) ;
#1365 = ADVANCED_FACE ( 'NONE', ( #1276 ), #1989, .F. ) ;
#1366 = AXIS2_PLACEMENT_3D ( 'NONE', #1240, #1403, #1776 ) ;
#1367 = ORIENTED_EDGE ( 'NONE', *, *, #935, .F. ) ;
#1368 = ORIENTED_EDGE ( 'NONE', *, *, #2108, .F. ) ;
#1369 = CIRCLE ( 'NONE', #955, 3.000000000000002665 ) ;
#1370 = ADVANCED_FACE ( 'NONE', ( #1604 ), #705, .F. ) ;
#1371 = VECTOR ( 'NONE', #694, 1000.000000000000000 ) ;
#1372 = CARTESIAN_POINT ( 'NONE',  ( 27.28999999999998849, 5.000000000000000000, 43.46000000000001506 ) ) ;
#1373 = CONICAL_SURFACE ( 'NONE', #1778, 3.550000000000004707, 0.7853981633974420618 ) ;
#1374 = DIRECTION ( 'NONE',  ( 0.000000000000000000, 0.000000000000000000, 1.000000000000000000 ) ) ;
#1375 = VECTOR ( 'NONE', #402, 1000.000000000000000 ) ;
#1376 = DIRECTION ( 'NONE',  ( 0.000000000000000000, 1.000000000000000000, 0.000000000000000000 ) ) ;
#1377 = ORIENTED_EDGE ( 'NONE', *, *, #1172, .T. ) ;
#1378 = ORIENTED_EDGE ( 'NONE', *, *, #2185, .F. ) ;
#1379 = DIRECTION ( 'NONE',  ( -0.000000000000000000, -1.000000000000000000, -0.000000000000000000 ) ) ;
#1380 = ORIENTED_EDGE ( 'NONE', *, *, #1524, .T. ) ;
#1381 = DIRECTION ( 'NONE',  ( 0.000000000000000000, 0.000000000000000000, -1.000000000000000000 ) ) ;
#1382 = CARTESIAN_POINT ( 'NONE',  ( -56.53000000000001535, 11.00000000000000000, -40.35999999999997812 ) ) ;
#1383 = EDGE_CURVE ( 'NONE', #1763, #904, #526, .T. ) ;
#1384 = DIRECTION ( 'NONE',  ( 0.000000000000000000, 0.000000000000000000, 1.000000000000000000 ) ) ;
#1385 = CARTESIAN_POINT ( 'NONE',  ( 60.37999999999998124, 11.00000000000000000, 11.44999999999999751 ) ) ;
#1386 = EDGE_LOOP ( 'NONE', ( #1970, #486, #1089, #266 ) ) ;
#1387 = VERTEX_POINT ( 'NONE', #1246 ) ;
#1388 = CARTESIAN_POINT ( 'NONE',  ( 44.37999999999998124, 5.000000000000000000, -15.00000000000000000 ) ) ;
#1389 = EDGE_CURVE ( 'NONE', #369, #938, #1369, .T. ) ;
#1390 = ORIENTED_EDGE ( 'NONE', *, *, #735, .F. ) ;
#1391 = CYLINDRICAL_SURFACE ( 'NONE', #805, 1.550000000000002709 ) ;
#1392 = DIRECTION ( 'NONE',  ( 8.659560562354878624E-17, -0.7071067811865520136, 0.7071067811865431318 ) ) ;
#1393 = CARTESIAN_POINT ( 'NONE',  ( -56.53000000000001535, 5.000000000000000000, 40.35999999999999943 ) ) ;
#1394 = DIRECTION ( 'NONE',  ( 0.000000000000000000, 0.000000000000000000, 1.000000000000000000 ) ) ;
#1395 = CARTESIAN_POINT ( 'NONE',  ( 44.37999999999998124, 11.00000000000000000, -15.00000000000000000 ) ) ;
#1396 = CONICAL_SURFACE ( 'NONE', #2180, 3.550000000000004707, 0.7853981633974420618 ) ;
#1397 = EDGE_CURVE ( 'NONE', #364, #2184, #197, .T. ) ;
#1398 = ORIENTED_EDGE ( 'NONE', *, *, #1716, .F. ) ;
#1399 = ADVANCED_FACE ( 'NONE', ( #408 ), #784, .T. ) ;
#1400 = ORIENTED_EDGE ( 'NONE', *, *, #1198, .T. ) ;
#1401 = DIRECTION ( 'NONE',  ( 0.000000000000000000, 0.000000000000000000, -1.000000000000000000 ) ) ;
#1402 = AXIS2_PLACEMENT_3D ( 'NONE', #333, #865, #1582 ) ;
#1403 = DIRECTION ( 'NONE',  ( -0.000000000000000000, -1.000000000000000000, -0.000000000000000000 ) ) ;
#1404 = AXIS2_PLACEMENT_3D ( 'NONE', #1482, #601, #1294 ) ;
#1405 = AXIS2_PLACEMENT_3D ( 'NONE', #1143, #966, #624 ) ;
#1406 =( LENGTH_UNIT ( ) NAMED_UNIT ( * ) SI_UNIT ( .MILLI., .METRE. ) );
#1407 = ADVANCED_FACE ( 'NONE', ( #1313 ), #420, .F. ) ;
#1408 = CARTESIAN_POINT ( 'NONE',  ( -56.53000000000001535, 6.600000000000033396, -41.90999999999998238 ) ) ;
#1409 = LINE ( 'NONE', #695, #86 ) ;
#1410 = AXIS2_PLACEMENT_3D ( 'NONE', #2290, #1171, #274 ) ;
#1411 = VECTOR ( 'NONE', #317, 1000.000000000000000 ) ;
#1412 = EDGE_LOOP ( 'NONE', ( #76, #1701 ) ) ;
#1413 = CYLINDRICAL_SURFACE ( 'NONE', #97, 3.550000000000001155 ) ;
#1414 = ORIENTED_EDGE ( 'NONE', *, *, #643, .T. ) ;
#1415 = DIRECTION ( 'NONE',  ( 0.000000000000000000, 0.000000000000000000, -1.000000000000000000 ) ) ;
#1416 = DIRECTION ( 'NONE',  ( 0.000000000000000000, 0.000000000000000000, -1.000000000000000000 ) ) ;
#1417 = CARTESIAN_POINT ( 'NONE',  ( 60.37999999999998124, 11.00000000000000000, 15.00000000000000000 ) ) ;
#1418 = ADVANCED_FACE ( 'NONE', ( #2014 ), #2210, .T. ) ;
#1419 = ORIENTED_EDGE ( 'NONE', *, *, #560, .T. ) ;
#1420 = DIRECTION ( 'NONE',  ( 0.000000000000000000, 0.000000000000000000, 1.000000000000000000 ) ) ;
#1421 = EDGE_LOOP ( 'NONE', ( #2003, #899 ) ) ;
#1422 = CARTESIAN_POINT ( 'NONE',  ( 27.28999999999998849, 11.00000000000000000, 41.91000000000001080 ) ) ;
#1423 = FACE_OUTER_BOUND ( 'NONE', #1903, .T. ) ;
#1424 = CARTESIAN_POINT ( 'NONE',  ( 27.28999999999998849, 11.00000000000000000, 41.91000000000001080 ) ) ;
#1425 = VECTOR ( 'NONE', #404, 1000.000000000000000 ) ;
#1426 = VERTEX_POINT ( 'NONE', #1355 ) ;
#1427 = DIRECTION ( 'NONE',  ( -0.000000000000000000, -1.000000000000000000, -0.000000000000000000 ) ) ;
#1428 = VERTEX_POINT ( 'NONE', #1690 ) ;
#1429 = APPLICATION_PROTOCOL_DEFINITION ( 'draft international standard', 'automotive_design', 1998, #2122 ) ;
#1430 = AXIS2_PLACEMENT_3D ( 'NONE', #1526, #1238, #2053 ) ;
#1431 = EDGE_LOOP ( 'NONE', ( #983, #628 ) ) ;
#1432 = CARTESIAN_POINT ( 'NONE',  ( 27.28999999999998138, 11.00000000000000000, -41.90999999999998238 ) ) ;
#1433 = CARTESIAN_POINT ( 'NONE',  ( -63.61999999999998323, 85.00000000000000000, 57.15000000000000568 ) ) ;
#1434 = ADVANCED_FACE ( 'NONE', ( #2046 ), #59, .T. ) ;
#1435 = CIRCLE ( 'NONE', #758, 1.550000000000002709 ) ;
#1436 = CIRCLE ( 'NONE', #134, 3.000000000000002665 ) ;
#1437 = ORIENTED_EDGE ( 'NONE', *, *, #2250, .F. ) ;
#1438 = VECTOR ( 'NONE', #1788, 1000.000000000000000 ) ;
#1439 = VECTOR ( 'NONE', #1322, 1000.000000000000000 ) ;
#1440 = VERTEX_POINT ( 'NONE', #1825 ) ;
#1441 = DIRECTION ( 'NONE',  ( 0.000000000000000000, 1.000000000000000000, 0.000000000000000000 ) ) ;
#1442 = CARTESIAN_POINT ( 'NONE',  ( -56.53000000000001535, 11.00000000000000000, 41.91000000000000369 ) ) ;
#1443 = VERTEX_POINT ( 'NONE', #1476 ) ;
#1444 =( NAMED_UNIT ( * ) SI_UNIT ( $, .STERADIAN. ) SOLID_ANGLE_UNIT ( ) );
#1445 = CYLINDRICAL_SURFACE ( 'NONE', #357, 3.550000000000004707 ) ;
#1446 = PLANE ( 'NONE',  #163 ) ;
#1447 = CARTESIAN_POINT ( 'NONE',  ( 27.28999999999998849, 11.00000000000000000, 40.36000000000000654 ) ) ;
#1448 = EDGE_LOOP ( 'NONE', ( #2322, #1258 ) ) ;
#1449 = ORIENTED_EDGE ( 'NONE', *, *, #1164, .T. ) ;
#1450 = CARTESIAN_POINT ( 'NONE',  ( 27.28999999999998138, 6.600000000000033396, -38.35999999999997812 ) ) ;
#1451 = CYLINDRICAL_SURFACE ( 'NONE', #685, 3.550000000000001155 ) ;
#1452 = VERTEX_POINT ( 'NONE', #231 ) ;
#1453 = PLANE ( 'NONE',  #804 ) ;
#1454 = DIRECTION ( 'NONE',  ( -0.000000000000000000, -1.000000000000000000, -0.000000000000000000 ) ) ;
#1455 = DIRECTION ( 'NONE',  ( 0.000000000000000000, 0.000000000000000000, 1.000000000000000000 ) ) ;
#1456 = ORIENTED_EDGE ( 'NONE', *, *, #697, .T. ) ;
#1457 = CARTESIAN_POINT ( 'NONE',  ( 27.28999999999998138, 5.000000000000000000, -43.45999999999998664 ) ) ;
#1458 = EDGE_CURVE ( 'NONE', #938, #1274, #438, .T. ) ;
#1459 = DIRECTION ( 'NONE',  ( 0.000000000000000000, 0.000000000000000000, 1.000000000000000000 ) ) ;
#1460 = PLANE ( 'NONE',  #1928 ) ;
#1461 = ORIENTED_EDGE ( 'NONE', *, *, #2112, .T. ) ;
#1462 = AXIS2_PLACEMENT_3D ( 'NONE', #1417, #1273, #523 ) ;
#1463 = EDGE_CURVE ( 'NONE', #1298, #518, #1329, .T. ) ;
#1464 = EDGE_CURVE ( 'NONE', #2200, #751, #389, .T. ) ;
#1465 = PLANE ( 'NONE',  #1192 ) ;
#1466 = LINE ( 'NONE', #1845, #57 ) ;
#1467 = DIRECTION ( 'NONE',  ( -0.000000000000000000, 1.000000000000000000, -0.000000000000000000 ) ) ;
#1468 = CARTESIAN_POINT ( 'NONE',  ( 44.37999999999998124, 5.000000000000000000, -20.15000000000001634 ) ) ;
#1469 = ORIENTED_EDGE ( 'NONE', *, *, #2147, .F. ) ;
#1470 = EDGE_CURVE ( 'NONE', #888, #369, #2223, .T. ) ;
#1471 = FACE_OUTER_BOUND ( 'NONE', #2051, .T. ) ;
#1472 = CIRCLE ( 'NONE', #1658, 3.550000000000001155 ) ;
#1473 = CIRCLE ( 'NONE', #2234, 7.500000000000013323 ) ;
#1474 = AXIS2_PLACEMENT_3D ( 'NONE', #1011, #1000, #669 ) ;
#1475 = VECTOR ( 'NONE', #610, 1000.000000000000000 ) ;
#1476 = CARTESIAN_POINT ( 'NONE',  ( 60.37999999999998124, 11.00000000000000000, 16.55000000000000071 ) ) ;
#1477 = DIRECTION ( 'NONE',  ( 0.000000000000000000, 0.000000000000000000, -1.000000000000000000 ) ) ;
#1478 = AXIS2_PLACEMENT_3D ( 'NONE', #1703, #2252, #830 ) ;
#1479 = EDGE_LOOP ( 'NONE', ( #1760, #234 ) ) ;
#1480 = ORIENTED_EDGE ( 'NONE', *, *, #1397, .F. ) ;
#1481 = ORIENTED_EDGE ( 'NONE', *, *, #1110, .T. ) ;
#1482 = CARTESIAN_POINT ( 'NONE',  ( -56.53000000000001535, 6.600000000000033396, 41.91000000000000369 ) ) ;
#1483 = PLANE ( 'NONE',  #435 ) ;
#1484 = CARTESIAN_POINT ( 'NONE',  ( 44.37999999999998124, 11.00000000000000000, -11.44999999999999751 ) ) ;
#1485 = DIRECTION ( 'NONE',  ( 0.000000000000000000, 0.000000000000000000, 1.000000000000000000 ) ) ;
#1486 = ORIENTED_EDGE ( 'NONE', *, *, #325, .F. ) ;
#1487 = LINE ( 'NONE', #1867, #577 ) ;
#1488 = CARTESIAN_POINT ( 'NONE',  ( -29.62000000000001876, 19.00000000000000000, 60.15100000000001046 ) ) ;
#1489 = CARTESIAN_POINT ( 'NONE',  ( -63.61999999999998323, 85.00000000000000000, 57.15000000000000568 ) ) ;
#1490 = ORIENTED_EDGE ( 'NONE', *, *, #1338, .F. ) ;
#1491 = ADVANCED_FACE ( 'NONE', ( #43 ), #1868, .F. ) ;
#1492 = ORIENTED_EDGE ( 'NONE', *, *, #157, .F. ) ;
#1493 = ORIENTED_EDGE ( 'NONE', *, *, #2136, .T. ) ;
#1494 = UNCERTAINTY_MEASURE_WITH_UNIT (LENGTH_MEASURE( 1.000000000000000082E-05 ), #1074, 'distance_accuracy_value', 'NONE');
#1495 = FACE_OUTER_BOUND ( 'NONE', #321, .T. ) ;
#1496 = DIRECTION ( 'NONE',  ( -0.000000000000000000, 1.000000000000000000, 0.000000000000000000 ) ) ;
#1497 = CARTESIAN_POINT ( 'NONE',  ( 27.28999999999998138, 11.00000000000000000, -43.45999999999998664 ) ) ;
#1498 = LINE ( 'NONE', #446, #1425 ) ;
#1499 = VERTEX_POINT ( 'NONE', #609 ) ;
#1500 = DIRECTION ( 'NONE',  ( -0.000000000000000000, -1.000000000000000000, -0.000000000000000000 ) ) ;
#1501 = DIRECTION ( 'NONE',  ( 0.000000000000000000, 0.000000000000000000, 1.000000000000000000 ) ) ;
#1502 = CARTESIAN_POINT ( 'NONE',  ( -56.53000000000001535, 5.000000000000000000, -41.90999999999998238 ) ) ;
#1503 = ORIENTED_EDGE ( 'NONE', *, *, #2157, .F. ) ;
#1504 = EDGE_LOOP ( 'NONE', ( #739, #141 ) ) ;
#1505 = EDGE_CURVE ( 'NONE', #1139, #1084, #596, .T. ) ;
#1506 = ORIENTED_EDGE ( 'NONE', *, *, #71, .T. ) ;
#1507 = AXIS2_PLACEMENT_3D ( 'NONE', #1065, #1973, #204 ) ;
#1508 = CARTESIAN_POINT ( 'NONE',  ( 71.11999999999999034, 85.00000000000000000, -49.64999999999999858 ) ) ;
#1509 = LINE ( 'NONE', #2303, #2039 ) ;
#1510 = LINE ( 'NONE', #1875, #1519 ) ;
#1511 = DIRECTION ( 'NONE',  ( -0.000000000000000000, -1.000000000000000000, -0.000000000000000000 ) ) ;
#1512 = VERTEX_POINT ( 'NONE', #1173 ) ;
#1513 = DIRECTION ( 'NONE',  ( -0.000000000000000000, 1.000000000000000000, -0.000000000000000000 ) ) ;
#1514 = VECTOR ( 'NONE', #15, 1000.000000000000000 ) ;
#1515 = CIRCLE ( 'NONE', #614, 1.550000000000002709 ) ;
#1516 = DIRECTION ( 'NONE',  ( 0.000000000000000000, 0.000000000000000000, 1.000000000000000000 ) ) ;
#1517 = LINE ( 'NONE', #1578, #617 ) ;
#1518 = EDGE_LOOP ( 'NONE', ( #1010, #1368 ) ) ;
#1519 = VECTOR ( 'NONE', #820, 1000.000000000000000 ) ;
#1520 = VECTOR ( 'NONE', #2107, 1000.000000000000000 ) ;
#1521 = EDGE_LOOP ( 'NONE', ( #696, #1291 ) ) ;
#1522 = ORIENTED_EDGE ( 'NONE', *, *, #514, .T. ) ;
#1523 = CIRCLE ( 'NONE', #621, 3.550000000000004707 ) ;
#1524 = EDGE_CURVE ( 'NONE', #1900, #888, #807, .T. ) ;
#1525 = CARTESIAN_POINT ( 'NONE',  ( 27.28999999999998849, 6.600000000000005862, 38.36000000000000654 ) ) ;
#1526 = CARTESIAN_POINT ( 'NONE',  ( 27.28999999999998849, 5.000000000000000000, 41.91000000000001080 ) ) ;
#1527 = CARTESIAN_POINT ( 'NONE',  ( 27.28999999999998849, 11.00000000000000000, 43.46000000000001506 ) ) ;
#1528 = CARTESIAN_POINT ( 'NONE',  ( 60.37999999999998124, 6.600000000000033396, 11.44999999999999751 ) ) ;
#1529 = EDGE_CURVE ( 'NONE', #1440, #91, #539, .T. ) ;
#1530 = VERTEX_POINT ( 'NONE', #1344 ) ;
#1531 = LINE ( 'NONE', #2079, #1106 ) ;
#1532 = DIRECTION ( 'NONE',  ( -1.000000000000000000, 0.000000000000000000, -0.000000000000000000 ) ) ;
#1533 = EDGE_CURVE ( 'NONE', #1298, #1763, #2116, .T. ) ;
#1534 = CARTESIAN_POINT ( 'NONE',  ( -56.53000000000001535, 11.00000000000000000, 45.46000000000000796 ) ) ;
#1535 = ORIENTED_EDGE ( 'NONE', *, *, #41, .T. ) ;
#1536 = VERTEX_POINT ( 'NONE', #277 ) ;
#1537 = EDGE_CURVE ( 'NONE', #2184, #364, #959, .T. ) ;
#1538 = DIRECTION ( 'NONE',  ( -0.000000000000000000, -1.000000000000000000, -0.000000000000000000 ) ) ;
#1539 = CARTESIAN_POINT ( 'NONE',  ( 70.05933982822017470, 65.00000000000000000, -56.08933982822017583 ) ) ;
#1540 = LINE ( 'NONE', #670, #2104 ) ;
#1541 = CYLINDRICAL_SURFACE ( 'NONE', #1929, 1.549999999999995826 ) ;
#1542 = DIRECTION ( 'NONE',  ( 0.000000000000000000, 0.000000000000000000, 1.000000000000000000 ) ) ;
#1543 = ADVANCED_FACE ( 'NONE', ( #460 ), #1183, .F. ) ;
#1544 = ORIENTED_EDGE ( 'NONE', *, *, #288, .T. ) ;
#1545 = EDGE_LOOP ( 'NONE', ( #1023, #834, #802, #352 ) ) ;
#1546 = DIRECTION ( 'NONE',  ( 0.000000000000000000, 0.000000000000000000, -1.000000000000000000 ) ) ;
#1547 = AXIS2_PLACEMENT_3D ( 'NONE', #1548, #2288, #326 ) ;
#1548 = CARTESIAN_POINT ( 'NONE',  ( 27.28999999999998138, 11.00000000000000000, -41.90999999999998238 ) ) ;
#1549 = CARTESIAN_POINT ( 'NONE',  ( 44.37999999999998124, 11.00000000000000000, -18.55000000000000071 ) ) ;
#1550 = ORIENTED_EDGE ( 'NONE', *, *, #1248, .F. ) ;
#1551 = ORIENTED_EDGE ( 'NONE', *, *, #1025, .F. ) ;
#1552 = AXIS2_PLACEMENT_3D ( 'NONE', #1312, #248, #2209 ) ;
#1553 = EDGE_LOOP ( 'NONE', ( #2113, #1325, #1400, #386 ) ) ;
#1554 = EDGE_CURVE ( 'NONE', #91, #2318, #1613, .T. ) ;
#1555 = CONICAL_SURFACE ( 'NONE', #917, 3.550000000000004707, 0.7853981633974420618 ) ;
#1556 = FACE_OUTER_BOUND ( 'NONE', #848, .T. ) ;
#1557 = CIRCLE ( 'NONE', #472, 7.500000000000000000 ) ;
#1558 = CARTESIAN_POINT ( 'NONE',  ( 70.05933982822017470, 65.00000000000000000, -57.63933982822017299 ) ) ;
#1559 = AXIS2_PLACEMENT_3D ( 'NONE', #672, #1932, #347 ) ;
#1560 = CARTESIAN_POINT ( 'NONE',  ( 27.28999999999998849, 5.000000000000000000, 36.76000000000004775 ) ) ;
#1561 = PRODUCT_DEFINITION ( 'UNKNOWN', '', #832, #222 ) ;
#1562 = ORIENTED_EDGE ( 'NONE', *, *, #407, .T. ) ;
#1563 = VERTEX_POINT ( 'NONE', #1489 ) ;
#1564 = DIRECTION ( 'NONE',  ( -0.000000000000000000, -1.000000000000000000, -0.000000000000000000 ) ) ;
#1565 = ORIENTED_EDGE ( 'NONE', *, *, #1634, .T. ) ;
#1566 = CARTESIAN_POINT ( 'NONE',  ( 60.37999999999998124, 6.600000000000033396, 15.00000000000000000 ) ) ;
#1567 = CYLINDRICAL_SURFACE ( 'NONE', #2226, 1.550000000000002709 ) ;
#1568 = DIRECTION ( 'NONE',  ( 0.000000000000000000, 0.000000000000000000, 1.000000000000000000 ) ) ;
#1569 = CARTESIAN_POINT ( 'NONE',  ( 60.37999999999998124, 5.000000000000000000, 13.44999999999999929 ) ) ;
#1570 = ADVANCED_FACE ( 'NONE', ( #1628 ), #1373, .T. ) ;
#1571 = ADVANCED_FACE ( 'NONE', ( #1105 ), #1451, .T. ) ;
#1572 = ORIENTED_EDGE ( 'NONE', *, *, #1389, .F. ) ;
#1573 = ORIENTED_EDGE ( 'NONE', *, *, #485, .F. ) ;
#1574 = DIRECTION ( 'NONE',  ( -0.000000000000000000, -1.000000000000000000, -0.000000000000000000 ) ) ;
#1575 = CARTESIAN_POINT ( 'NONE',  ( 0.000000000000000000, 0.000000000000000000, 0.000000000000000000 ) ) ;
#1576 = FILL_AREA_STYLE_COLOUR ( '', #1848 ) ;
#1577 = DIRECTION ( 'NONE',  ( -1.000000000000000000, 0.000000000000000000, 0.000000000000000000 ) ) ;
#1578 = CARTESIAN_POINT ( 'NONE',  ( 60.37999999999998124, 11.00000000000000000, 18.55000000000000071 ) ) ;
#1579 = AXIS2_PLACEMENT_3D ( 'NONE', #1019, #457, #821 ) ;
#1580 = EDGE_LOOP ( 'NONE', ( #782, #400, #864, #914 ) ) ;
#1581 = VERTEX_POINT ( 'NONE', #1990 ) ;
#1582 = DIRECTION ( 'NONE',  ( 0.000000000000000000, 0.000000000000000000, 1.000000000000000000 ) ) ;
#1583 = ORIENTED_EDGE ( 'NONE', *, *, #1537, .F. ) ;
#1584 = ADVANCED_FACE ( 'NONE', ( #559 ), #1638, .F. ) ;
#1585 = VECTOR ( 'NONE', #1714, 1000.000000000000000 ) ;
#1586 = AXIS2_PLACEMENT_3D ( 'NONE', #2100, #1685, #677 ) ;
#1587 = DIRECTION ( 'NONE',  ( 0.000000000000000000, 0.000000000000000000, 1.000000000000000000 ) ) ;
#1588 = CONICAL_SURFACE ( 'NONE', #954, 3.550000000000004707, 0.7853981633974420618 ) ;
#1589 = LINE ( 'NONE', #1251, #1411 ) ;
#1590 = DIRECTION ( 'NONE',  ( -0.000000000000000000, -1.000000000000000000, -0.000000000000000000 ) ) ;
#1591 = CARTESIAN_POINT ( 'NONE',  ( -56.53000000000001535, 11.00000000000000000, 40.35999999999999943 ) ) ;
#1592 = AXIS2_PLACEMENT_3D ( 'NONE', #1998, #395, #1115 ) ;
#1593 = EDGE_CURVE ( 'NONE', #2184, #1387, #1818, .T. ) ;
#1594 = ADVANCED_FACE ( 'NONE', ( #952, #1129, #1269, #1826, #219, #2182 ), #571, .T. ) ;
#1595 = ADVANCED_FACE ( 'NONE', ( #1804, #1968 ), #925, .T. ) ;
#1596 = ORIENTED_EDGE ( 'NONE', *, *, #1751, .T. ) ;
#1597 = DIRECTION ( 'NONE',  ( -0.000000000000000000, -1.000000000000000000, -0.000000000000000000 ) ) ;
#1598 = EDGE_LOOP ( 'NONE', ( #154, #713, #28, #2285 ) ) ;
#1599 = DIRECTION ( 'NONE',  ( 0.000000000000000000, 1.000000000000000000, -0.000000000000000000 ) ) ;
#1600 = DIRECTION ( 'NONE',  ( -0.000000000000000000, -1.000000000000000000, -0.000000000000000000 ) ) ;
#1601 = FACE_BOUND ( 'NONE', #1120, .T. ) ;
#1602 = FACE_OUTER_BOUND ( 'NONE', #1421, .T. ) ;
#1603 = ORIENTED_EDGE ( 'NONE', *, *, #1816, .F. ) ;
#1604 = FACE_OUTER_BOUND ( 'NONE', #1975, .T. ) ;
#1605 = ORIENTED_EDGE ( 'NONE', *, *, #449, .F. ) ;
#1606 = EDGE_CURVE ( 'NONE', #2176, #1347, #291, .T. ) ;
#1607 = ORIENTED_EDGE ( 'NONE', *, *, #1116, .F. ) ;
#1608 = DIRECTION ( 'NONE',  ( 0.000000000000000000, 0.000000000000000000, 1.000000000000000000 ) ) ;
#1609 = CARTESIAN_POINT ( 'NONE',  ( -63.61999999999998323, 5.000000000000000000, -57.15000000000001279 ) ) ;
#1610 = AXIS2_PLACEMENT_3D ( 'NONE', #2140, #2313, #173 ) ;
#1611 = ORIENTED_EDGE ( 'NONE', *, *, #250, .T. ) ;
#1612 = CARTESIAN_POINT ( 'NONE',  ( 27.28999999999998138, 11.00000000000000000, -41.90999999999998238 ) ) ;
#1613 = LINE ( 'NONE', #7, #428 ) ;
#1614 = VERTEX_POINT ( 'NONE', #1978 ) ;
#1615 = EDGE_CURVE ( 'NONE', #938, #1900, #2015, .T. ) ;
#1616 = CARTESIAN_POINT ( 'NONE',  ( 0.000000000000000000, 5.000000000000000000, 0.000000000000000000 ) ) ;
#1617 = CIRCLE ( 'NONE', #2110, 1.550000000000002709 ) ;
#1618 = CIRCLE ( 'NONE', #1028, 1.549999999999995826 ) ;
#1619 = FACE_OUTER_BOUND ( 'NONE', #1840, .T. ) ;
#1620 = CARTESIAN_POINT ( 'NONE',  ( -71.11999999999999034, 0.000000000000000000, 60.14999999999999858 ) ) ;
#1621 = CARTESIAN_POINT ( 'NONE',  ( -56.53000000000001535, 11.00000000000000000, 41.91000000000000369 ) ) ;
#1622 = AXIS2_PLACEMENT_3D ( 'NONE', #1323, #109, #1864 ) ;
#1623 = AXIS2_PLACEMENT_3D ( 'NONE', #115, #1706, #1856 ) ;
#1624 = ORIENTED_EDGE ( 'NONE', *, *, #1593, .T. ) ;
#1625 = VECTOR ( 'NONE', #905, 1000.000000000000000 ) ;
#1626 = ORIENTED_EDGE ( 'NONE', *, *, #544, .T. ) ;
#1627 = CARTESIAN_POINT ( 'NONE',  ( 63.61999999999998323, 85.00000000000000000, -57.15000000000000568 ) ) ;
#1628 = FACE_OUTER_BOUND ( 'NONE', #1132, .T. ) ;
#1629 = ORIENTED_EDGE ( 'NONE', *, *, #152, .F. ) ;
#1630 = DIRECTION ( 'NONE',  ( 0.000000000000000000, 0.000000000000000000, 1.000000000000000000 ) ) ;
#1631 = DIRECTION ( 'NONE',  ( -0.000000000000000000, -1.000000000000000000, 0.000000000000000000 ) ) ;
#1632 = CYLINDRICAL_SURFACE ( 'NONE', #1319, 3.000000000000002665 ) ;
#1633 = ORIENTED_EDGE ( 'NONE', *, *, #407, .F. ) ;
#1634 = EDGE_CURVE ( 'NONE', #1044, #1694, #1194, .T. ) ;
#1635 = FACE_OUTER_BOUND ( 'NONE', #1201, .T. ) ;
#1636 = ADVANCED_FACE ( 'NONE', ( #916 ), #1460, .F. ) ;
#1637 = FACE_OUTER_BOUND ( 'NONE', #675, .T. ) ;
#1638 = PLANE ( 'NONE',  #2044 ) ;
#1639 = VERTEX_POINT ( 'NONE', #44 ) ;
#1640 = ADVANCED_FACE ( 'NONE', ( #376, #1302 ), #756, .T. ) ;
#1641 = LINE ( 'NONE', #578, #133 ) ;
#1642 = LINE ( 'NONE', #66, #1439 ) ;
#1643 = DIRECTION ( 'NONE',  ( -1.000000000000000000, 0.000000000000000000, 0.000000000000000000 ) ) ;
#1644 = CARTESIAN_POINT ( 'NONE',  ( -70.43535897468470353, 65.00000000000000000, -57.36535897468449008 ) ) ;
#1645 = VERTEX_POINT ( 'NONE', #597 ) ;
#1646 = CARTESIAN_POINT ( 'NONE',  ( 27.28999999999998138, 11.00000000000000000, -40.35999999999997812 ) ) ;
#1647 = DIRECTION ( 'NONE',  ( 0.000000000000000000, 1.000000000000000000, -0.000000000000000000 ) ) ;
#1648 = DIRECTION ( 'NONE',  ( 0.000000000000000000, 1.000000000000000000, 0.000000000000000000 ) ) ;
#1649 = VERTEX_POINT ( 'NONE', #898 ) ;
#1650 = VECTOR ( 'NONE', #180, 1000.000000000000000 ) ;
#1651 = ORIENTED_EDGE ( 'NONE', *, *, #1014, .F. ) ;
#1652 = VECTOR ( 'NONE', #170, 1000.000000000000000 ) ;
#1653 = ORIENTED_EDGE ( 'NONE', *, *, #2215, .F. ) ;
#1654 = CARTESIAN_POINT ( 'NONE',  ( 74.11999999999999034, 85.00000000000000000, -57.15000000000000568 ) ) ;
#1655 = DIRECTION ( 'NONE',  ( 0.000000000000000000, -0.000000000000000000, 1.000000000000000000 ) ) ;
#1656 = PLANE ( 'NONE',  #9 ) ;
#1657 = CYLINDRICAL_SURFACE ( 'NONE', #1987, 1.549999999999995826 ) ;
#1658 = AXIS2_PLACEMENT_3D ( 'NONE', #2077, #467, #1195 ) ;
#1659 = EDGE_LOOP ( 'NONE', ( #1752, #970, #281, #1093 ) ) ;
#1660 = CARTESIAN_POINT ( 'NONE',  ( -71.11999999999999034, 0.000000000000000000, 57.14999999999999858 ) ) ;
#1661 = EDGE_CURVE ( 'NONE', #1581, #787, #1854, .T. ) ;
#1662 = CIRCLE ( 'NONE', #388, 3.550000000000004707 ) ;
#1663 = CIRCLE ( 'NONE', #759, 3.550000000000004707 ) ;
#1664 = AXIS2_PLACEMENT_3D ( 'NONE', #230, #752, #783 ) ;
#1665 = AXIS2_PLACEMENT_3D ( 'NONE', #1301, #1117, #1532 ) ;
#1666 = DIRECTION ( 'NONE',  ( -1.000000000000000000, 0.000000000000000000, -0.000000000000000000 ) ) ;
#1667 = DIRECTION ( 'NONE',  ( 0.000000000000000000, 0.000000000000000000, 1.000000000000000000 ) ) ;
#1668 = AXIS2_PLACEMENT_3D ( 'NONE', #1408, #1768, #591 ) ;
#1669 = AXIS2_PLACEMENT_3D ( 'NONE', #1422, #1600, #1415 ) ;
#1670 = ORIENTED_EDGE ( 'NONE', *, *, #41, .F. ) ;
#1671 = EDGE_LOOP ( 'NONE', ( #62, #880, #1114, #826 ) ) ;
#1672 = ORIENTED_EDGE ( 'NONE', *, *, #1061, .F. ) ;
#1673 = CARTESIAN_POINT ( 'NONE',  ( 27.28999999999998849, 11.00000000000000000, 41.91000000000001080 ) ) ;
#1674 = DIRECTION ( 'NONE',  ( 0.000000000000000000, 1.000000000000000000, 0.000000000000000000 ) ) ;
#1675 = CARTESIAN_POINT ( 'NONE',  ( -56.53000000000001535, 11.00000000000000000, -45.45999999999998664 ) ) ;
#1676 = CARTESIAN_POINT ( 'NONE',  ( -70.43535897468416351, 65.00000000000000000, 55.81535897468440766 ) ) ;
#1677 = ORIENTED_EDGE ( 'NONE', *, *, #288, .F. ) ;
#1678 = DIRECTION ( 'NONE',  ( 0.000000000000000000, 1.000000000000000000, 0.000000000000000000 ) ) ;
#1679 = CARTESIAN_POINT ( 'NONE',  ( -71.11999999999999034, 85.00000000000000000, -57.15000000000001279 ) ) ;
#1680 = DIRECTION ( 'NONE',  ( 0.000000000000000000, 1.000000000000000000, -0.000000000000000000 ) ) ;
#1681 = ORIENTED_EDGE ( 'NONE', *, *, #2026, .F. ) ;
#1682 = VERTEX_POINT ( 'NONE', #2264 ) ;
#1683 = ORIENTED_EDGE ( 'NONE', *, *, #1191, .F. ) ;
#1684 = CARTESIAN_POINT ( 'NONE',  ( 71.11999999999999034, 85.00000000000000000, 60.14999999999999858 ) ) ;
#1685 = DIRECTION ( 'NONE',  ( -0.000000000000000000, -1.000000000000000000, 0.000000000000000000 ) ) ;
#1686 = DIRECTION ( 'NONE',  ( -0.000000000000000000, 1.000000000000000000, -0.000000000000000000 ) ) ;
#1687 = DIRECTION ( 'NONE',  ( 0.000000000000000000, 0.000000000000000000, -1.000000000000000000 ) ) ;
#1688 = ORIENTED_EDGE ( 'NONE', *, *, #1807, .F. ) ;
#1689 = LINE ( 'NONE', #262, #1254 ) ;
#1690 = CARTESIAN_POINT ( 'NONE',  ( 44.37999999999998124, 5.000000000000000000, -9.849999999999983658 ) ) ;
#1691 = CARTESIAN_POINT ( 'NONE',  ( -29.62000000000001876, 19.00000000000000000, -60.15000000000000568 ) ) ;
#1692 = ORIENTED_EDGE ( 'NONE', *, *, #1533, .T. ) ;
#1693 = VERTEX_POINT ( 'NONE', #501 ) ;
#1694 = VERTEX_POINT ( 'NONE', #1345 ) ;
#1695 = CIRCLE ( 'NONE', #674, 1.550000000000002709 ) ;
#1696 = EDGE_CURVE ( 'NONE', #656, #1247, #2224, .T. ) ;
#1697 = LINE ( 'NONE', #1508, #716 ) ;
#1698 = CYLINDRICAL_SURFACE ( 'NONE', #2301, 1.550000000000002709 ) ;
#1699 = DIRECTION ( 'NONE',  ( 0.000000000000000000, 0.000000000000000000, 1.000000000000000000 ) ) ;
#1700 = CARTESIAN_POINT ( 'NONE',  ( 70.05933982822017470, 65.00000000000000000, -54.53933982822017867 ) ) ;
#1701 = ORIENTED_EDGE ( 'NONE', *, *, #301, .F. ) ;
#1702 = EDGE_CURVE ( 'NONE', #410, #2225, #319, .T. ) ;
#1703 = CARTESIAN_POINT ( 'NONE',  ( 44.37999999999998124, 11.00000000000000000, -15.00000000000000000 ) ) ;
#1704 = CIRCLE ( 'NONE', #287, 5.150000000000015454 ) ;
#1705 = DIRECTION ( 'NONE',  ( 0.000000000000000000, 1.000000000000000000, 0.000000000000000000 ) ) ;
#1706 = DIRECTION ( 'NONE',  ( -0.000000000000000000, 1.000000000000000000, -0.000000000000000000 ) ) ;
#1707 = CIRCLE ( 'NONE', #684, 1.550000000000002709 ) ;
#1708 = VECTOR ( 'NONE', #2242, 1000.000000000000000 ) ;
#1709 = ORIENTED_EDGE ( 'NONE', *, *, #678, .F. ) ;
#1710 = ORIENTED_EDGE ( 'NONE', *, *, #929, .F. ) ;
#1711 = CIRCLE ( 'NONE', #1745, 3.000000000000002665 ) ;
#1712 = AXIS2_PLACEMENT_3D ( 'NONE', #1075, #1931, #1767 ) ;
#1713 = FACE_OUTER_BOUND ( 'NONE', #611, .T. ) ;
#1714 = DIRECTION ( 'NONE',  ( 0.000000000000000000, 0.000000000000000000, -1.000000000000000000 ) ) ;
#1715 = DIRECTION ( 'NONE',  ( 0.000000000000000000, 1.000000000000000000, 0.000000000000000000 ) ) ;
#1716 = EDGE_CURVE ( 'NONE', #495, #2316, #1557, .T. ) ;
#1717 = DIRECTION ( 'NONE',  ( 0.000000000000000000, 0.000000000000000000, 1.000000000000000000 ) ) ;
#1718 = CARTESIAN_POINT ( 'NONE',  ( 27.28999999999998849, 5.000000000000000000, 41.91000000000001080 ) ) ;
#1719 = EDGE_LOOP ( 'NONE', ( #311, #19, #295, #776 ) ) ;
#1720 = ADVANCED_FACE ( 'NONE', ( #2029, #2298 ), #73, .T. ) ;
#1721 = ORIENTED_EDGE ( 'NONE', *, *, #1109, .F. ) ;
#1722 = ORIENTED_EDGE ( 'NONE', *, *, #2163, .F. ) ;
#1723 = DIRECTION ( 'NONE',  ( -0.000000000000000000, -1.000000000000000000, -0.000000000000000000 ) ) ;
#1724 = CARTESIAN_POINT ( 'NONE',  ( 27.28999999999998138, 5.000000000000000000, -41.90999999999998238 ) ) ;
#1725 = DIRECTION ( 'NONE',  ( 0.000000000000000000, -1.000000000000000000, 0.000000000000000000 ) ) ;
#1726 = ADVANCED_FACE ( 'NONE', ( #2254 ), #461, .F. ) ;
#1727 = PLANE ( 'NONE',  #686 ) ;
#1728 = EDGE_CURVE ( 'NONE', #1786, #56, #1895, .T. ) ;
#1729 = EDGE_LOOP ( 'NONE', ( #1799, #2256, #332, #1317 ) ) ;
#1730 = EDGE_LOOP ( 'NONE', ( #1909, #1858 ) ) ;
#1731 = DIRECTION ( 'NONE',  ( 0.000000000000000000, 1.000000000000000000, -0.000000000000000000 ) ) ;
#1732 = CIRCLE ( 'NONE', #2073, 3.550000000000001155 ) ;
#1733 = LINE ( 'NONE', #1029, #989 ) ;
#1734 = EDGE_CURVE ( 'NONE', #626, #124, #1069, .T. ) ;
#1735 = FACE_OUTER_BOUND ( 'NONE', #586, .T. ) ;
#1736 = EDGE_CURVE ( 'NONE', #1924, #1084, #1144, .T. ) ;
#1737 = ORIENTED_EDGE ( 'NONE', *, *, #913, .T. ) ;
#1738 = VECTOR ( 'NONE', #897, 1000.000000000000000 ) ;
#1739 = ORIENTED_EDGE ( 'NONE', *, *, #2000, .T. ) ;
#1740 = DIRECTION ( 'NONE',  ( 0.000000000000000000, 1.000000000000000000, 0.000000000000000000 ) ) ;
#1741 = CIRCLE ( 'NONE', #874, 5.150000000000015454 ) ;
#1742 = ORIENTED_EDGE ( 'NONE', *, *, #2085, .T. ) ;
#1743 = ADVANCED_BREP_SHAPE_REPRESENTATION ( 'RFID_base', ( #78, #797 ), #1134 ) ;
#1744 = EDGE_CURVE ( 'NONE', #557, #1872, #355, .T. ) ;
#1745 = AXIS2_PLACEMENT_3D ( 'NONE', #1660, #796, #2013 ) ;
#1746 = CARTESIAN_POINT ( 'NONE',  ( -56.53000000000001535, 11.00000000000000000, 41.91000000000000369 ) ) ;
#1747 = CARTESIAN_POINT ( 'NONE',  ( -56.53000000000001535, 11.00000000000000000, -41.90999999999998238 ) ) ;
#1748 = CIRCLE ( 'NONE', #1893, 1.549999999999995826 ) ;
#1749 = PRESENTATION_STYLE_ASSIGNMENT (( #178 ) ) ;
#1750 = LINE ( 'NONE', #1923, #1068 ) ;
#1751 = EDGE_CURVE ( 'NONE', #846, #56, #841, .T. ) ;
#1752 = ORIENTED_EDGE ( 'NONE', *, *, #1088, .T. ) ;
#1753 = ORIENTED_EDGE ( 'NONE', *, *, #754, .T. ) ;
#1754 = DIRECTION ( 'NONE',  ( 0.000000000000000000, 0.000000000000000000, 1.000000000000000000 ) ) ;
#1755 = DIRECTION ( 'NONE',  ( 0.000000000000000000, -0.7071067811865520136, -0.7071067811865431318 ) ) ;
#1756 = VERTEX_POINT ( 'NONE', #2070 ) ;
#1757 = DIRECTION ( 'NONE',  ( 0.000000000000000000, 0.000000000000000000, 1.000000000000000000 ) ) ;
#1758 = DIRECTION ( 'NONE',  ( 0.000000000000000000, 0.000000000000000000, 1.000000000000000000 ) ) ;
#1759 = EDGE_CURVE ( 'NONE', #1009, #589, #1436, .T. ) ;
#1760 = ORIENTED_EDGE ( 'NONE', *, *, #480, .T. ) ;
#1761 = EDGE_LOOP ( 'NONE', ( #453, #1040, #1358, #612 ) ) ;
#1762 = CARTESIAN_POINT ( 'NONE',  ( 70.05933982822018891, 65.00000000000000000, 56.08933982822016162 ) ) ;
#1763 = VERTEX_POINT ( 'NONE', #151 ) ;
#1764 = ADVANCED_FACE ( 'NONE', ( #799 ), #1330, .F. ) ;
#1765 = EDGE_CURVE ( 'NONE', #1318, #1, #1031, .T. ) ;
#1766 = DIRECTION ( 'NONE',  ( 0.000000000000000000, 0.000000000000000000, 1.000000000000000000 ) ) ;
#1767 = DIRECTION ( 'NONE',  ( 0.000000000000000000, 0.000000000000000000, 1.000000000000000000 ) ) ;
#1768 = DIRECTION ( 'NONE',  ( 0.000000000000000000, -1.000000000000000000, 0.000000000000000000 ) ) ;
#1769 = LINE ( 'NONE', #1253, #1650 ) ;
#1770 = AXIS2_PLACEMENT_3D ( 'NONE', #987, #738, #1455 ) ;
#1771 = EDGE_CURVE ( 'NONE', #2245, #47, #1517, .T. ) ;
#1772 = CONICAL_SURFACE ( 'NONE', #866, 3.550000000000004707, 0.7853981633974334020 ) ;
#1773 = EDGE_LOOP ( 'NONE', ( #2299, #1215, #647, #146 ) ) ;
#1774 = CARTESIAN_POINT ( 'NONE',  ( 70.05933982822018891, 65.00000000000000000, 57.63933982822015878 ) ) ;
#1775 = ORIENTED_EDGE ( 'NONE', *, *, #608, .F. ) ;
#1776 = DIRECTION ( 'NONE',  ( 0.000000000000000000, 0.000000000000000000, -1.000000000000000000 ) ) ;
#1777 = AXIS2_PLACEMENT_3D ( 'NONE', #305, #1538, #2257 ) ;
#1778 = AXIS2_PLACEMENT_3D ( 'NONE', #1839, #937, #21 ) ;
#1779 = DIRECTION ( 'NONE',  ( 0.000000000000000000, -1.000000000000000000, 0.000000000000000000 ) ) ;
#1780 = CARTESIAN_POINT ( 'NONE',  ( 60.37999999999998124, 11.00000000000000000, 15.00000000000000000 ) ) ;
#1781 = DIRECTION ( 'NONE',  ( 0.000000000000000000, 0.000000000000000000, 1.000000000000000000 ) ) ;
#1782 = CIRCLE ( 'NONE', #505, 3.550000000000004707 ) ;
#1783 = EDGE_CURVE ( 'NONE', #1512, #1318, #2243, .T. ) ;
#1784 = EDGE_LOOP ( 'NONE', ( #588, #543, #762, #1565 ) ) ;
#1785 = DIRECTION ( 'NONE',  ( 0.000000000000000000, 0.000000000000000000, -1.000000000000000000 ) ) ;
#1786 = VERTEX_POINT ( 'NONE', #252 ) ;
#1787 = SURFACE_SIDE_STYLE ('',( #490 ) ) ;
#1788 = DIRECTION ( 'NONE',  ( -0.000000000000000000, -1.000000000000000000, -0.000000000000000000 ) ) ;
#1789 = DIRECTION ( 'NONE',  ( 0.000000000000000000, -1.000000000000000000, 0.000000000000000000 ) ) ;
#1790 = EDGE_CURVE ( 'NONE', #743, #818, #967, .T. ) ;
#1791 = ORIENTED_EDGE ( 'NONE', *, *, #1124, .F. ) ;
#1792 = CARTESIAN_POINT ( 'NONE',  ( 63.61999999999998323, 85.00000000000000000, 57.14999999999999858 ) ) ;
#1793 = DIRECTION ( 'NONE',  ( 0.000000000000000000, 0.000000000000000000, 1.000000000000000000 ) ) ;
#1794 = EDGE_LOOP ( 'NONE', ( #706, #1842, #373, #1883 ) ) ;
#1795 = ORIENTED_EDGE ( 'NONE', *, *, #2307, .T. ) ;
#1796 = CARTESIAN_POINT ( 'NONE',  ( 27.28999999999998849, 11.00000000000000000, 38.36000000000000654 ) ) ;
#1797 = LINE ( 'NONE', #242, #649 ) ;
#1798 = DIRECTION ( 'NONE',  ( 0.000000000000000000, -1.000000000000000000, 0.000000000000000000 ) ) ;
#1799 = ORIENTED_EDGE ( 'NONE', *, *, #1771, .F. ) ;
#1800 = AXIS2_PLACEMENT_3D ( 'NONE', #1676, #793, #27 ) ;
#1801 = AXIS2_PLACEMENT_3D ( 'NONE', #883, #12, #1587 ) ;
#1802 = ORIENTED_EDGE ( 'NONE', *, *, #1338, .T. ) ;
#1803 = DIRECTION ( 'NONE',  ( 0.000000000000000000, 0.000000000000000000, 1.000000000000000000 ) ) ;
#1804 = FACE_OUTER_BOUND ( 'NONE', #2212, .T. ) ;
#1805 = ORIENTED_EDGE ( 'NONE', *, *, #1830, .T. ) ;
#1806 = EDGE_CURVE ( 'NONE', #1835, #47, #1213, .T. ) ;
#1807 = EDGE_CURVE ( 'NONE', #896, #2244, #40, .T. ) ;
#1808 = CARTESIAN_POINT ( 'NONE',  ( 60.37999999999998124, 6.600000000000033396, 18.55000000000000071 ) ) ;
#1809 = FACE_BOUND ( 'NONE', #205, .T. ) ;
#1810 = LINE ( 'NONE', #1433, #2027 ) ;
#1811 = VECTOR ( 'NONE', #2287, 1000.000000000000000 ) ;
#1812 = AXIS2_PLACEMENT_3D ( 'NONE', #1855, #634, #936 ) ;
#1813 = ORIENTED_EDGE ( 'NONE', *, *, #1554, .F. ) ;
#1814 = AXIS2_PLACEMENT_3D ( 'NONE', #771, #569, #978 ) ;
#1815 = DIRECTION ( 'NONE',  ( 0.000000000000000000, 0.000000000000000000, 1.000000000000000000 ) ) ;
#1816 = EDGE_CURVE ( 'NONE', #2227, #8, #531, .T. ) ;
#1817 = FACE_OUTER_BOUND ( 'NONE', #105, .T. ) ;
#1818 = LINE ( 'NONE', #1118, #2194 ) ;
#1819 = EDGE_LOOP ( 'NONE', ( #525, #1008, #1262, #2060 ) ) ;
#1820 = DIRECTION ( 'NONE',  ( -0.000000000000000000, -1.000000000000000000, -0.000000000000000000 ) ) ;
#1821 = DIRECTION ( 'NONE',  ( -0.000000000000000000, -1.000000000000000000, -0.000000000000000000 ) ) ;
#1822 = LINE ( 'NONE', #417, #2325 ) ;
#1823 = ORIENTED_EDGE ( 'NONE', *, *, #83, .T. ) ;
#1824 = DIRECTION ( 'NONE',  ( -0.000000000000000000, -1.000000000000000000, -0.000000000000000000 ) ) ;
#1825 = CARTESIAN_POINT ( 'NONE',  ( -71.11999999999999034, 85.00000000000000000, -60.15000000000000568 ) ) ;
#1826 = FACE_BOUND ( 'NONE', #606, .T. ) ;
#1827 = ADVANCED_FACE ( 'NONE', ( #712 ), #2166, .T. ) ;
#1828 = ORIENTED_EDGE ( 'NONE', *, *, #1078, .T. ) ;
#1829 = ORIENTED_EDGE ( 'NONE', *, *, #1615, .F. ) ;
#1830 = EDGE_CURVE ( 'NONE', #655, #2314, #1279, .T. ) ;
#1831 = LINE ( 'NONE', #1844, #503 ) ;
#1832 = CARTESIAN_POINT ( 'NONE',  ( -29.62000000000001876, 19.00000000000000000, -57.15000000000000568 ) ) ;
#1833 = CYLINDRICAL_SURFACE ( 'NONE', #1101, 1.549999999999995826 ) ;
#1834 = DIRECTION ( 'NONE',  ( 0.000000000000000000, -1.000000000000000000, 0.000000000000000000 ) ) ;
#1835 = VERTEX_POINT ( 'NONE', #2121 ) ;
#1836 = CARTESIAN_POINT ( 'NONE',  ( 0.3799999999999810196, 19.00000000000000000, -57.15000000000000568 ) ) ;
#1837 = VECTOR ( 'NONE', #907, 1000.000000000000000 ) ;
#1838 = CARTESIAN_POINT ( 'NONE',  ( 70.05933982822018891, 65.00000000000000000, 56.08933982822016162 ) ) ;
#1839 = CARTESIAN_POINT ( 'NONE',  ( -56.53000000000001535, 6.600000000000033396, 41.91000000000000369 ) ) ;
#1840 = EDGE_LOOP ( 'NONE', ( #356, #1292, #1914, #908 ) ) ;
#1841 = CIRCLE ( 'NONE', #901, 3.550000000000001155 ) ;
#1842 = ORIENTED_EDGE ( 'NONE', *, *, #1470, .T. ) ;
#1843 = ORIENTED_EDGE ( 'NONE', *, *, #1110, .F. ) ;
#1844 = CARTESIAN_POINT ( 'NONE',  ( -71.11999999999999034, 85.00000000000000000, 57.14999999999999858 ) ) ;
#1845 = CARTESIAN_POINT ( 'NONE',  ( -56.53000000000001535, 6.600000000000033396, -45.45999999999998664 ) ) ;
#1846 = CARTESIAN_POINT ( 'NONE',  ( -70.43535897468470353, 65.00000000000000000, -55.81535897468449292 ) ) ;
#1847 = DIRECTION ( 'NONE',  ( -0.000000000000000000, -1.000000000000000000, 0.000000000000000000 ) ) ;
#1848 = COLOUR_RGB ( '',0.7921568627450980005, 0.8196078431372548767, 0.9333333333333333481 ) ;
#1849 = AXIS2_PLACEMENT_3D ( 'NONE', #1977, #889, #1803 ) ;
#1850 = VERTEX_POINT ( 'NONE', #1609 ) ;
#1851 = DIRECTION ( 'NONE',  ( 0.000000000000000000, 1.000000000000000000, 0.000000000000000000 ) ) ;
#1852 = CONICAL_SURFACE ( 'NONE', #198, 3.550000000000001155, 0.7853981633974423948 ) ;
#1853 = AXIS2_PLACEMENT_3D ( 'NONE', #1388, #2286, #340 ) ;
#1854 = CIRCLE ( 'NONE', #168, 1.550000000000002709 ) ;
#1855 = CARTESIAN_POINT ( 'NONE',  ( 71.11999999999999034, 85.00000000000000000, -57.15000000000000568 ) ) ;
#1856 = DIRECTION ( 'NONE',  ( 0.000000000000000000, 0.000000000000000000, 1.000000000000000000 ) ) ;
#1857 = CIRCLE ( 'NONE', #541, 3.000000000000002665 ) ;
#1858 = ORIENTED_EDGE ( 'NONE', *, *, #929, .T. ) ;
#1859 = EDGE_CURVE ( 'NONE', #1966, #1694, #894, .T. ) ;
#1860 = ORIENTED_EDGE ( 'NONE', *, *, #489, .F. ) ;
#1861 = ORIENTED_EDGE ( 'NONE', *, *, #1353, .T. ) ;
#1862 = CARTESIAN_POINT ( 'NONE',  ( 0.000000000000000000, 5.000000000000000000, 0.000000000000000000 ) ) ;
#1863 = CARTESIAN_POINT ( 'NONE',  ( -70.43535897468470353, 85.00000000000000000, -54.26535897468450287 ) ) ;
#1864 = DIRECTION ( 'NONE',  ( 0.000000000000000000, 0.000000000000000000, -1.000000000000000000 ) ) ;
#1865 = DIRECTION ( 'NONE',  ( 0.000000000000000000, 0.000000000000000000, 1.000000000000000000 ) ) ;
#1866 = ORIENTED_EDGE ( 'NONE', *, *, #1109, .T. ) ;
#1867 = CARTESIAN_POINT ( 'NONE',  ( -71.11999999999999034, 85.00000000000000000, -60.15000000000000568 ) ) ;
#1868 = CYLINDRICAL_SURFACE ( 'NONE', #245, 1.549999999999995826 ) ;
#1869 = CARTESIAN_POINT ( 'NONE',  ( -71.11999999999999034, 5.000000000000000000, 57.14999999999999858 ) ) ;
#1870 = ORIENTED_EDGE ( 'NONE', *, *, #1634, .F. ) ;
#1871 = ORIENTED_EDGE ( 'NONE', *, *, #2008, .F. ) ;
#1872 = VERTEX_POINT ( 'NONE', #16 ) ;
#1873 = DIRECTION ( 'NONE',  ( -0.000000000000000000, 1.000000000000000000, -0.000000000000000000 ) ) ;
#1874 = LINE ( 'NONE', #139, #872 ) ;
#1875 = CARTESIAN_POINT ( 'NONE',  ( 44.37999999999998124, 11.00000000000000000, -13.44999999999999929 ) ) ;
#1876 = DIRECTION ( 'NONE',  ( 0.000000000000000000, 0.000000000000000000, -1.000000000000000000 ) ) ;
#1877 = ORIENTED_EDGE ( 'NONE', *, *, #827, .F. ) ;
#1878 = FACE_BOUND ( 'NONE', #991, .T. ) ;
#1879 = EDGE_CURVE ( 'NONE', #2024, #254, #1769, .T. ) ;
#1880 = DIRECTION ( 'NONE',  ( 0.000000000000000000, 0.000000000000000000, 1.000000000000000000 ) ) ;
#1881 = DIRECTION ( 'NONE',  ( 0.000000000000000000, 0.000000000000000000, 1.000000000000000000 ) ) ;
#1882 = EDGE_LOOP ( 'NONE', ( #969, #1342, #394, #1603 ) ) ;
#1883 = ORIENTED_EDGE ( 'NONE', *, *, #217, .T. ) ;
#1884 = AXIS2_PLACEMENT_3D ( 'NONE', #1297, #1511, #1687 ) ;
#1885 = AXIS2_PLACEMENT_3D ( 'NONE', #1362, #1715, #1374 ) ;
#1886 = DIRECTION ( 'NONE',  ( 0.000000000000000000, 0.000000000000000000, 1.000000000000000000 ) ) ;
#1887 = DIRECTION ( 'NONE',  ( 0.000000000000000000, -1.000000000000000000, 0.000000000000000000 ) ) ;
#1888 = CARTESIAN_POINT ( 'NONE',  ( 71.11999999999999034, 85.00000000000000000, 57.14999999999999858 ) ) ;
#1889 = EDGE_CURVE ( 'NONE', #346, #1387, #941, .T. ) ;
#1890 = CYLINDRICAL_SURFACE ( 'NONE', #1004, 3.000000000000002665 ) ;
#1891 = EDGE_CURVE ( 'NONE', #1119, #699, #546, .T. ) ;
#1892 = AXIS2_PLACEMENT_3D ( 'NONE', #1539, #271, #2258 ) ;
#1893 = AXIS2_PLACEMENT_3D ( 'NONE', #430, #1674, #973 ) ;
#1894 = DIRECTION ( 'NONE',  ( 0.000000000000000000, 0.000000000000000000, 1.000000000000000000 ) ) ;
#1895 = LINE ( 'NONE', #1160, #764 ) ;
#1896 = AXIS2_PLACEMENT_3D ( 'NONE', #1178, #2036, #1155 ) ;
#1897 = VECTOR ( 'NONE', #2002, 1000.000000000000000 ) ;
#1898 = ORIENTED_EDGE ( 'NONE', *, *, #730, .T. ) ;
#1899 = EDGE_CURVE ( 'NONE', #818, #896, #1409, .T. ) ;
#1900 = VERTEX_POINT ( 'NONE', #1943 ) ;
#1901 = AXIS2_PLACEMENT_3D ( 'NONE', #1140, #740, #1158 ) ;
#1902 = CIRCLE ( 'NONE', #1999, 5.150000000000015454 ) ;
#1903 = EDGE_LOOP ( 'NONE', ( #1437, #38, #1481, #221 ) ) ;
#1904 = DIRECTION ( 'NONE',  ( -0.000000000000000000, 1.000000000000000000, -0.000000000000000000 ) ) ;
#1905 = DIRECTION ( 'NONE',  ( 0.000000000000000000, 0.000000000000000000, -1.000000000000000000 ) ) ;
#1906 = CARTESIAN_POINT ( 'NONE',  ( 27.28999999999998138, 6.600000000000033396, -41.90999999999998238 ) ) ;
#1907 = FACE_OUTER_BOUND ( 'NONE', #957, .T. ) ;
#1908 = ORIENTED_EDGE ( 'NONE', *, *, #789, .T. ) ;
#1909 = ORIENTED_EDGE ( 'NONE', *, *, #30, .T. ) ;
#1910 = CARTESIAN_POINT ( 'NONE',  ( 70.05933982822018891, 85.00000000000000000, 57.63933982822015878 ) ) ;
#1911 = DIRECTION ( 'NONE',  ( 1.000000000000000000, 0.000000000000000000, 0.000000000000000000 ) ) ;
#1912 = EDGE_CURVE ( 'NONE', #1563, #495, #1810, .T. ) ;
#1913 = CARTESIAN_POINT ( 'NONE',  ( -56.53000000000001535, 11.00000000000000000, 41.91000000000000369 ) ) ;
#1914 = ORIENTED_EDGE ( 'NONE', *, *, #492, .F. ) ;
#1915 = ORIENTED_EDGE ( 'NONE', *, *, #1948, .T. ) ;
#1916 = DIRECTION ( 'NONE',  ( -1.000000000000000000, 0.000000000000000000, 0.000000000000000000 ) ) ;
#1917 = DIRECTION ( 'NONE',  ( 0.000000000000000000, 0.000000000000000000, 1.000000000000000000 ) ) ;
#1918 = CONICAL_SURFACE ( 'NONE', #2222, 3.550000000000001155, 0.7853981633974423948 ) ;
#1919 = LINE ( 'NONE', #1528, #126 ) ;
#1920 = CIRCLE ( 'NONE', #1801, 1.549999999999995826 ) ;
#1921 = ADVANCED_FACE ( 'NONE', ( #886 ), #2154, .T. ) ;
#1922 = VERTEX_POINT ( 'NONE', #1447 ) ;
#1923 = CARTESIAN_POINT ( 'NONE',  ( -71.11999999999999034, 85.00000000000000000, -60.15000000000000568 ) ) ;
#1924 = VERTEX_POINT ( 'NONE', #1265 ) ;
#1925 = EDGE_LOOP ( 'NONE', ( #1802, #187 ) ) ;
#1926 = CARTESIAN_POINT ( 'NONE',  ( 60.37999999999998124, 11.00000000000000000, 13.44999999999999929 ) ) ;
#1927 = CIRCLE ( 'NONE', #2080, 5.150000000000015454 ) ;
#1928 = AXIS2_PLACEMENT_3D ( 'NONE', #60, #1289, #398 ) ;
#1929 = AXIS2_PLACEMENT_3D ( 'NONE', #652, #662, #448 ) ;
#1930 = CARTESIAN_POINT ( 'NONE',  ( -56.53000000000001535, 5.000000000000000000, -47.05999999999999517 ) ) ;
#1931 = DIRECTION ( 'NONE',  ( -0.000000000000000000, 1.000000000000000000, -0.000000000000000000 ) ) ;
#1932 = DIRECTION ( 'NONE',  ( 0.000000000000000000, -1.000000000000000000, 0.000000000000000000 ) ) ;
#1933 = DIRECTION ( 'NONE',  ( 0.000000000000000000, 1.000000000000000000, -0.000000000000000000 ) ) ;
#1934 = ADVANCED_FACE ( 'NONE', ( #1602, #337 ), #1963, .T. ) ;
#1935 = ORIENTED_EDGE ( 'NONE', *, *, #1696, .T. ) ;
#1936 = EDGE_CURVE ( 'NONE', #2227, #69, #310, .T. ) ;
#1937 = ORIENTED_EDGE ( 'NONE', *, *, #1088, .F. ) ;
#1938 = DIRECTION ( 'NONE',  ( -0.000000000000000000, -1.000000000000000000, 0.000000000000000000 ) ) ;
#1939 = CARTESIAN_POINT ( 'NONE',  ( 60.37999999999998124, 11.00000000000000000, 15.00000000000000000 ) ) ;
#1940 = ADVANCED_FACE ( 'NONE', ( #1952 ), #348, .T. ) ;
#1941 = DIRECTION ( 'NONE',  ( -0.000000000000000000, -1.000000000000000000, 0.000000000000000000 ) ) ;
#1942 = LINE ( 'NONE', #500, #1438 ) ;
#1943 = CARTESIAN_POINT ( 'NONE',  ( 74.11999999999999034, 0.000000000000000000, 57.14999999999999858 ) ) ;
#1944 = ADVANCED_FACE ( 'NONE', ( #921 ), #1632, .T. ) ;
#1945 = ORIENTED_EDGE ( 'NONE', *, *, #692, .T. ) ;
#1946 = DIRECTION ( 'NONE',  ( 0.000000000000000000, 0.000000000000000000, 1.000000000000000000 ) ) ;
#1947 = ORIENTED_EDGE ( 'NONE', *, *, #1554, .T. ) ;
#1948 = EDGE_CURVE ( 'NONE', #1426, #743, #1953, .T. ) ;
#1949 = VECTOR ( 'NONE', #306, 1000.000000000000000 ) ;
#1950 = CARTESIAN_POINT ( 'NONE',  ( -56.53000000000001535, 6.600000000000033396, -45.45999999999998664 ) ) ;
#1951 = CYLINDRICAL_SURFACE ( 'NONE', #843, 3.550000000000004707 ) ;
#1952 = FACE_OUTER_BOUND ( 'NONE', #1412, .T. ) ;
#1953 = CIRCLE ( 'NONE', #1363, 3.550000000000004707 ) ;
#1954 = ORIENTED_EDGE ( 'NONE', *, *, #2068, .F. ) ;
#1955 = CYLINDRICAL_SURFACE ( 'NONE', #10, 7.500000000000007105 ) ;
#1956 = ORIENTED_EDGE ( 'NONE', *, *, #465, .T. ) ;
#1957 = MECHANICAL_DESIGN_GEOMETRIC_PRESENTATION_REPRESENTATION (  '', ( #714 ), #573 ) ;
#1958 = AXIS2_PLACEMENT_3D ( 'NONE', #1072, #2169, #915 ) ;
#1959 = CYLINDRICAL_SURFACE ( 'NONE', #993, 1.550000000000000933 ) ;
#1960 = AXIS2_PLACEMENT_3D ( 'NONE', #948, #2197, #2221 ) ;
#1961 = DIRECTION ( 'NONE',  ( -0.000000000000000000, 1.000000000000000000, -0.000000000000000000 ) ) ;
#1962 = CARTESIAN_POINT ( 'NONE',  ( -71.11999999999999034, 85.00000000000000000, 57.14999999999999858 ) ) ;
#1963 = PLANE ( 'NONE',  #900 ) ;
#1964 = CONICAL_SURFACE ( 'NONE', #1668, 3.550000000000004707, 0.7853981633974420618 ) ;
#1965 = EDGE_CURVE ( 'NONE', #1756, #1530, #276, .T. ) ;
#1966 = VERTEX_POINT ( 'NONE', #1644 ) ;
#1967 = CARTESIAN_POINT ( 'NONE',  ( -56.53000000000001535, 6.600000000000033396, -38.35999999999997812 ) ) ;
#1968 = FACE_BOUND ( 'NONE', #1190, .T. ) ;
#1969 = ORIENTED_EDGE ( 'NONE', *, *, #2131, .F. ) ;
#1970 = ORIENTED_EDGE ( 'NONE', *, *, #663, .F. ) ;
#1971 = CARTESIAN_POINT ( 'NONE',  ( 74.11999999999999034, 85.00000000000000000, 57.14999999999999858 ) ) ;
#1972 = DIRECTION ( 'NONE',  ( 1.000000000000000000, -0.000000000000000000, 0.000000000000000000 ) ) ;
#1973 = DIRECTION ( 'NONE',  ( 0.000000000000000000, 1.000000000000000000, -0.000000000000000000 ) ) ;
#1974 = ADVANCED_FACE ( 'NONE', ( #963 ), #2219, .T. ) ;
#1975 = EDGE_LOOP ( 'NONE', ( #981, #191, #774, #1162 ) ) ;
#1976 = EDGE_LOOP ( 'NONE', ( #734, #594 ) ) ;
#1977 = CARTESIAN_POINT ( 'NONE',  ( 27.28999999999998138, 6.600000000000033396, -41.90999999999998238 ) ) ;
#1978 = CARTESIAN_POINT ( 'NONE',  ( -74.11999999999999034, 0.000000000000000000, 57.14999999999999858 ) ) ;
#1979 = ADVANCED_FACE ( 'NONE', ( #1310 ), #1657, .F. ) ;
#1980 = ORIENTED_EDGE ( 'NONE', *, *, #608, .T. ) ;
#1981 = EDGE_CURVE ( 'NONE', #1139, #169, #2055, .T. ) ;
#1982 = DIRECTION ( 'NONE',  ( 0.000000000000000000, -0.7071067811865520136, -0.7071067811865431318 ) ) ;
#1983 = LINE ( 'NONE', #592, #1218 ) ;
#1984 = DIRECTION ( 'NONE',  ( 0.000000000000000000, 0.000000000000000000, 1.000000000000000000 ) ) ;
#1985 = ORIENTED_EDGE ( 'NONE', *, *, #1389, .T. ) ;
#1986 = PLANE ( 'NONE',  #1960 ) ;
#1987 = AXIS2_PLACEMENT_3D ( 'NONE', #82, #68, #2207 ) ;
#1988 = VECTOR ( 'NONE', #1755, 1000.000000000000000 ) ;
#1989 = CYLINDRICAL_SURFACE ( 'NONE', #1067, 1.550000000000002709 ) ;
#1990 = CARTESIAN_POINT ( 'NONE',  ( 60.37999999999998124, 5.000000000000000000, 16.55000000000000071 ) ) ;
#1991 = EDGE_LOOP ( 'NONE', ( #836, #90, #1861, #1605 ) ) ;
#1992 = CIRCLE ( 'NONE', #196, 3.550000000000001155 ) ;
#1993 = VECTOR ( 'NONE', #379, 1000.000000000000000 ) ;
#1994 = CARTESIAN_POINT ( 'NONE',  ( -29.62000000000001876, 19.00000000000000000, -60.15000000000000568 ) ) ;
#1995 = DIRECTION ( 'NONE',  ( 0.000000000000000000, 0.000000000000000000, 1.000000000000000000 ) ) ;
#1996 = LINE ( 'NONE', #749, #942 ) ;
#1997 = EDGE_LOOP ( 'NONE', ( #801, #382, #136, #704 ) ) ;
#1998 = CARTESIAN_POINT ( 'NONE',  ( 0.3799999999999810196, 12.00000000000000000, 60.15100000000001046 ) ) ;
#1999 = AXIS2_PLACEMENT_3D ( 'NONE', #499, #1941, #2138 ) ;
#2000 = EDGE_CURVE ( 'NONE', #117, #235, #459, .T. ) ;
#2001 = CYLINDRICAL_SURFACE ( 'NONE', #910, 3.550000000000004707 ) ;
#2002 = DIRECTION ( 'NONE',  ( 0.000000000000000000, -1.000000000000000000, 0.000000000000000000 ) ) ;
#2003 = ORIENTED_EDGE ( 'NONE', *, *, #928, .T. ) ;
#2004 = EDGE_CURVE ( 'NONE', #495, #2109, #1138, .T. ) ;
#2005 = EDGE_CURVE ( 'NONE', #8, #1499, #1133, .T. ) ;
#2006 = EDGE_LOOP ( 'NONE', ( #1551, #667, #175, #1331 ) ) ;
#2007 = LINE ( 'NONE', #1135, #48 ) ;
#2008 = EDGE_CURVE ( 'NONE', #124, #655, #2175, .T. ) ;
#2009 = CARTESIAN_POINT ( 'NONE',  ( -56.53000000000001535, 11.00000000000000000, 43.46000000000000796 ) ) ;
#2010 = FACE_OUTER_BOUND ( 'NONE', #153, .T. ) ;
#2011 = DIRECTION ( 'NONE',  ( -0.000000000000000000, -1.000000000000000000, -0.000000000000000000 ) ) ;
#2012 = ORIENTED_EDGE ( 'NONE', *, *, #454, .T. ) ;
#2013 = DIRECTION ( 'NONE',  ( 0.000000000000000000, 0.000000000000000000, 1.000000000000000000 ) ) ;
#2014 = FACE_OUTER_BOUND ( 'NONE', #98, .T. ) ;
#2015 = LINE ( 'NONE', #742, #1897 ) ;
#2016 = VERTEX_POINT ( 'NONE', #1113 ) ;
#2017 = ORIENTED_EDGE ( 'NONE', *, *, #2215, .T. ) ;
#2018 = ORIENTED_EDGE ( 'NONE', *, *, #1889, .F. ) ;
#2019 = FACE_OUTER_BOUND ( 'NONE', #2006, .T. ) ;
#2020 = LINE ( 'NONE', #767, #1375 ) ;
#2021 = LINE ( 'NONE', #2190, #286 ) ;
#2022 = EDGE_CURVE ( 'NONE', #1443, #1581, #1498, .T. ) ;
#2023 = DIRECTION ( 'NONE',  ( -0.000000000000000000, 1.000000000000000000, -0.000000000000000000 ) ) ;
#2024 = VERTEX_POINT ( 'NONE', #227 ) ;
#2025 = DIRECTION ( 'NONE',  ( 0.000000000000000000, 0.000000000000000000, 1.000000000000000000 ) ) ;
#2026 = EDGE_CURVE ( 'NONE', #731, #125, #1732, .T. ) ;
#2027 = VECTOR ( 'NONE', #1097, 1000.000000000000000 ) ;
#2028 = DIRECTION ( 'NONE',  ( 0.000000000000000000, 0.000000000000000000, 1.000000000000000000 ) ) ;
#2029 = FACE_OUTER_BOUND ( 'NONE', #1479, .T. ) ;
#2030 = ORIENTED_EDGE ( 'NONE', *, *, #1606, .T. ) ;
#2031 = AXIS2_PLACEMENT_3D ( 'NONE', #1616, #1599, #345 ) ;
#2032 = VERTEX_POINT ( 'NONE', #53 ) ;
#2033 = ORIENTED_EDGE ( 'NONE', *, *, #212, .T. ) ;
#2034 = CARTESIAN_POINT ( 'NONE',  ( -56.53000000000001535, 5.000000000000000000, -36.75999999999996959 ) ) ;
#2035 = DIRECTION ( 'NONE',  ( 0.000000000000000000, 1.000000000000000000, -0.000000000000000000 ) ) ;
#2036 = DIRECTION ( 'NONE',  ( 0.000000000000000000, 1.000000000000000000, -0.000000000000000000 ) ) ;
#2037 = CARTESIAN_POINT ( 'NONE',  ( 44.37999999999998124, 6.600000000000033396, -15.00000000000000000 ) ) ;
#2038 = CIRCLE ( 'NONE', #1188, 1.549999999999995826 ) ;
#2039 = VECTOR ( 'NONE', #1916, 1000.000000000000000 ) ;
#2040 = ORIENTED_EDGE ( 'NONE', *, *, #429, .T. ) ;
#2041 = EDGE_CURVE ( 'NONE', #699, #1924, #1822, .T. ) ;
#2042 = PLANE ( 'NONE',  #1901 ) ;
#2043 = CIRCLE ( 'NONE', #2237, 1.550000000000002709 ) ;
#2044 = AXIS2_PLACEMENT_3D ( 'NONE', #1081, #1277, #385 ) ;
#2045 = CIRCLE ( 'NONE', #1034, 5.150000000000015454 ) ;
#2046 = FACE_OUTER_BOUND ( 'NONE', #2074, .T. ) ;
#2047 = DIRECTION ( 'NONE',  ( -0.000000000000000000, -1.000000000000000000, -0.000000000000000000 ) ) ;
#2048 = AXIS2_PLACEMENT_3D ( 'NONE', #859, #2297, #681 ) ;
#2049 = ORIENTED_EDGE ( 'NONE', *, *, #560, .F. ) ;
#2050 = ORIENTED_EDGE ( 'NONE', *, *, #926, .F. ) ;
#2051 = EDGE_LOOP ( 'NONE', ( #637, #1611, #1130, #156 ) ) ;
#2052 = CARTESIAN_POINT ( 'NONE',  ( -56.53000000000001535, 11.00000000000000000, 38.35999999999999943 ) ) ;
#2053 = DIRECTION ( 'NONE',  ( 0.000000000000000000, 0.000000000000000000, 1.000000000000000000 ) ) ;
#2054 = DIRECTION ( 'NONE',  ( 0.000000000000000000, 0.000000000000000000, 1.000000000000000000 ) ) ;
#2055 = LINE ( 'NONE', #781, #1244 ) ;
#2056 = ORIENTED_EDGE ( 'NONE', *, *, #324, .F. ) ;
#2057 = CARTESIAN_POINT ( 'NONE',  ( 70.05933982822017470, 65.00000000000000000, -57.63933982822017299 ) ) ;
#2058 = DIRECTION ( 'NONE',  ( 0.000000000000000000, 1.000000000000000000, -0.000000000000000000 ) ) ;
#2059 = DIRECTION ( 'NONE',  ( -0.000000000000000000, -1.000000000000000000, 0.000000000000000000 ) ) ;
#2060 = ORIENTED_EDGE ( 'NONE', *, *, #587, .F. ) ;
#2061 = ORIENTED_EDGE ( 'NONE', *, *, #514, .F. ) ;
#2062 = ADVANCED_FACE ( 'NONE', ( #1324 ), #1918, .T. ) ;
#2063 = EDGE_CURVE ( 'NONE', #1084, #1119, #769, .T. ) ;
#2064 = DIRECTION ( 'NONE',  ( 0.000000000000000000, 0.000000000000000000, -1.000000000000000000 ) ) ;
#2065 = DIRECTION ( 'NONE',  ( 0.000000000000000000, 0.000000000000000000, -1.000000000000000000 ) ) ;
#2066 = DIRECTION ( 'NONE',  ( 0.000000000000000000, 0.000000000000000000, 1.000000000000000000 ) ) ;
#2067 = LINE ( 'NONE', #131, #2240 ) ;
#2068 = EDGE_CURVE ( 'NONE', #1649, #1357, #228, .T. ) ;
#2069 = DIRECTION ( 'NONE',  ( 0.000000000000000000, 0.000000000000000000, 1.000000000000000000 ) ) ;
#2070 = CARTESIAN_POINT ( 'NONE',  ( 60.37999999999998124, 5.000000000000000000, 9.849999999999983658 ) ) ;
#2071 = ORIENTED_EDGE ( 'NONE', *, *, #1280, .T. ) ;
#2072 = EDGE_LOOP ( 'NONE', ( #1017, #561, #64, #482 ) ) ;
#2073 = AXIS2_PLACEMENT_3D ( 'NONE', #1125, #946, #272 ) ;
#2074 = EDGE_LOOP ( 'NONE', ( #1108, #996, #572, #1047 ) ) ;
#2075 = VECTOR ( 'NONE', #691, 1000.000000000000000 ) ;
#2076 = DIRECTION ( 'NONE',  ( 0.000000000000000000, 0.000000000000000000, 1.000000000000000000 ) ) ;
#2077 = CARTESIAN_POINT ( 'NONE',  ( 60.37999999999998124, 11.00000000000000000, 15.00000000000000000 ) ) ;
#2078 = LINE ( 'NONE', #2268, #750 ) ;
#2079 = CARTESIAN_POINT ( 'NONE',  ( 27.28999999999998849, 11.00000000000000000, 43.46000000000001506 ) ) ;
#2080 = AXIS2_PLACEMENT_3D ( 'NONE', #849, #315, #659 ) ;
#2081 = CIRCLE ( 'NONE', #2196, 1.549999999999995826 ) ;
#2082 = AXIS2_PLACEMENT_3D ( 'NONE', #1395, #421, #1314 ) ;
#2083 = VERTEX_POINT ( 'NONE', #1468 ) ;
#2084 = ORIENTED_EDGE ( 'NONE', *, *, #122, .F. ) ;
#2085 = EDGE_CURVE ( 'NONE', #1009, #91, #975, .T. ) ;
#2086 = ORIENTED_EDGE ( 'NONE', *, *, #1383, .T. ) ;
#2087 = DIRECTION ( 'NONE',  ( 0.000000000000000000, 1.000000000000000000, 0.000000000000000000 ) ) ;
#2088 = DIRECTION ( 'NONE',  ( 0.000000000000000000, 0.000000000000000000, -1.000000000000000000 ) ) ;
#2089 = FACE_BOUND ( 'NONE', #1730, .T. ) ;
#2090 = EDGE_LOOP ( 'NONE', ( #1390, #812 ) ) ;
#2091 = ORIENTED_EDGE ( 'NONE', *, *, #1464, .F. ) ;
#2092 = DIRECTION ( 'NONE',  ( 0.000000000000000000, 0.000000000000000000, -1.000000000000000000 ) ) ;
#2093 = ORIENTED_EDGE ( 'NONE', *, *, #940, .T. ) ;
#2094 = DIRECTION ( 'NONE',  ( 0.000000000000000000, -1.000000000000000000, 0.000000000000000000 ) ) ;
#2095 = DIRECTION ( 'NONE',  ( -0.000000000000000000, -1.000000000000000000, -0.000000000000000000 ) ) ;
#2096 = FACE_OUTER_BOUND ( 'NONE', #1386, .T. ) ;
#2097 = CARTESIAN_POINT ( 'NONE',  ( -70.43535897468470353, 65.00000000000000000, -54.26535897468450287 ) ) ;
#2098 = EDGE_LOOP ( 'NONE', ( #1626, #760 ) ) ;
#2099 = VERTEX_POINT ( 'NONE', #1283 ) ;
#2100 = CARTESIAN_POINT ( 'NONE',  ( -56.53000000000001535, 5.000000000000000000, 41.91000000000000369 ) ) ;
#2101 = CARTESIAN_POINT ( 'NONE',  ( 70.05933982822017470, 85.00000000000000000, -54.53933982822017867 ) ) ;
#2102 = VECTOR ( 'NONE', #1876, 1000.000000000000000 ) ;
#2103 = DIRECTION ( 'NONE',  ( 0.000000000000000000, 0.000000000000000000, -1.000000000000000000 ) ) ;
#2104 = VECTOR ( 'NONE', #1350, 1000.000000000000000 ) ;
#2105 = DIRECTION ( 'NONE',  ( 0.000000000000000000, 1.000000000000000000, -0.000000000000000000 ) ) ;
#2106 = LINE ( 'NONE', #161, #244 ) ;
#2107 = DIRECTION ( 'NONE',  ( -0.000000000000000000, 1.000000000000000000, -0.000000000000000000 ) ) ;
#2108 = EDGE_CURVE ( 'NONE', #2214, #1026, #1094, .T. ) ;
#2109 = VERTEX_POINT ( 'NONE', #566 ) ;
#2110 = AXIS2_PLACEMENT_3D ( 'NONE', #2206, #1631, #1086 ) ;
#2111 = CIRCLE ( 'NONE', #1586, 5.150000000000015454 ) ;
#2112 = EDGE_CURVE ( 'NONE', #2251, #1303, #1996, .T. ) ;
#2113 = ORIENTED_EDGE ( 'NONE', *, *, #729, .F. ) ;
#2114 = CARTESIAN_POINT ( 'NONE',  ( -71.11999999999999034, 85.00000000000000000, 57.14999999999999858 ) ) ;
#2115 = CIRCLE ( 'NONE', #1404, 3.550000000000004707 ) ;
#2116 = CIRCLE ( 'NONE', #2148, 1.549999999999995826 ) ;
#2117 = AXIS2_PLACEMENT_3D ( 'NONE', #813, #1376, #113 ) ;
#2118 = DIRECTION ( 'NONE',  ( 0.000000000000000000, 0.000000000000000000, -1.000000000000000000 ) ) ;
#2119 =( NAMED_UNIT ( * ) PLANE_ANGLE_UNIT ( ) SI_UNIT ( $, .RADIAN. ) );
#2120 = PLANE ( 'NONE',  #958 ) ;
#2121 = CARTESIAN_POINT ( 'NONE',  ( 60.37999999999998124, 6.600000000000033396, 11.44999999999999751 ) ) ;
#2122 = APPLICATION_CONTEXT ( 'automotive_design' ) ;
#2123 = ORIENTED_EDGE ( 'NONE', *, *, #1765, .T. ) ;
#2124 = EDGE_CURVE ( 'NONE', #1682, #699, #300, .T. ) ;
#2125 = CARTESIAN_POINT ( 'NONE',  ( 60.37999999999998124, 5.000000000000000000, 15.00000000000000000 ) ) ;
#2126 = ORIENTED_EDGE ( 'NONE', *, *, #1464, .T. ) ;
#2127 = CARTESIAN_POINT ( 'NONE',  ( 71.11999999999999034, 85.00000000000000000, -49.64999999999999858 ) ) ;
#2128 = EDGE_CURVE ( 'NONE', #1357, #2016, #1733, .T. ) ;
#2129 = DIRECTION ( 'NONE',  ( -1.000000000000000000, 0.000000000000000000, -0.000000000000000000 ) ) ;
#2130 = DIRECTION ( 'NONE',  ( 0.000000000000000000, 1.000000000000000000, -0.000000000000000000 ) ) ;
#2131 = EDGE_CURVE ( 'NONE', #280, #1922, #1695, .T. ) ;
#2132 = ORIENTED_EDGE ( 'NONE', *, *, #2085, .F. ) ;
#2133 = DIRECTION ( 'NONE',  ( -0.000000000000000000, -1.000000000000000000, -0.000000000000000000 ) ) ;
#2134 = ORIENTED_EDGE ( 'NONE', *, *, #449, .T. ) ;
#2135 =( NAMED_UNIT ( * ) PLANE_ANGLE_UNIT ( ) SI_UNIT ( $, .RADIAN. ) );
#2136 = EDGE_CURVE ( 'NONE', #124, #626, #2295, .T. ) ;
#2137 = VECTOR ( 'NONE', #1053, 1000.000000000000000 ) ;
#2138 = DIRECTION ( 'NONE',  ( 0.000000000000000000, 0.000000000000000000, 1.000000000000000000 ) ) ;
#2139 = CYLINDRICAL_SURFACE ( 'NONE', #2273, 7.500000000000013323 ) ;
#2140 = CARTESIAN_POINT ( 'NONE',  ( -56.53000000000001535, 5.000000000000000000, 41.91000000000000369 ) ) ;
#2141 = CIRCLE ( 'NONE', #279, 3.550000000000001155 ) ;
#2142 = ADVANCED_FACE ( 'NONE', ( #130 ), #2249, .T. ) ;
#2143 = ORIENTED_EDGE ( 'NONE', *, *, #1759, .F. ) ;
#2144 = CARTESIAN_POINT ( 'NONE',  ( -56.53000000000001535, 11.00000000000000000, -41.90999999999998238 ) ) ;
#2145 = ORIENTED_EDGE ( 'NONE', *, *, #1606, .F. ) ;
#2146 = VECTOR ( 'NONE', #1821, 1000.000000000000000 ) ;
#2147 = EDGE_CURVE ( 'NONE', #751, #1645, #839, .T. ) ;
#2148 = AXIS2_PLACEMENT_3D ( 'NONE', #1838, #450, #1880 ) ;
#2149 = SHAPE_DEFINITION_REPRESENTATION ( #1052, #1743 ) ;
#2150 = CIRCLE ( 'NONE', #135, 7.500000000000000000 ) ;
#2151 = AXIS2_PLACEMENT_3D ( 'NONE', #104, #625, #1042 ) ;
#2152 = ORIENTED_EDGE ( 'NONE', *, *, #2128, .F. ) ;
#2153 = DIRECTION ( 'NONE',  ( -0.000000000000000000, -1.000000000000000000, -0.000000000000000000 ) ) ;
#2154 = CYLINDRICAL_SURFACE ( 'NONE', #1462, 3.550000000000001155 ) ;
#2155 = AXIS2_PLACEMENT_3D ( 'NONE', #1281, #1136, #1111 ) ;
#2156 = ORIENTED_EDGE ( 'NONE', *, *, #107, .F. ) ;
#2157 = EDGE_CURVE ( 'NONE', #1303, #2255, #2178, .T. ) ;
#2158 = ORIENTED_EDGE ( 'NONE', *, *, #429, .F. ) ;
#2159 = DIRECTION ( 'NONE',  ( 0.000000000000000000, 0.000000000000000000, -1.000000000000000000 ) ) ;
#2160 = DIRECTION ( 'NONE',  ( 0.000000000000000000, 1.000000000000000000, -0.000000000000000000 ) ) ;
#2161 = ORIENTED_EDGE ( 'NONE', *, *, #1912, .T. ) ;
#2162 = FACE_OUTER_BOUND ( 'NONE', #1448, .T. ) ;
#2163 = EDGE_CURVE ( 'NONE', #125, #731, #1841, .T. ) ;
#2164 = FACE_OUTER_BOUND ( 'NONE', #788, .T. ) ;
#2165 = FACE_OUTER_BOUND ( 'NONE', #2098, .T. ) ;
#2166 = CYLINDRICAL_SURFACE ( 'NONE', #831, 3.550000000000004707 ) ;
#2167 = ORIENTED_EDGE ( 'NONE', *, *, #2124, .F. ) ;
#2168 = EDGE_LOOP ( 'NONE', ( #1823, #1739 ) ) ;
#2169 = DIRECTION ( 'NONE',  ( -0.000000000000000000, 1.000000000000000000, -0.000000000000000000 ) ) ;
#2170 = CARTESIAN_POINT ( 'NONE',  ( 44.37999999999998124, 11.00000000000000000, -15.00000000000000000 ) ) ;
#2171 = EDGE_LOOP ( 'NONE', ( #1216, #296, #858, #464 ) ) ;
#2172 = ADVANCED_FACE ( 'NONE', ( #829 ), #1567, .F. ) ;
#2173 = CARTESIAN_POINT ( 'NONE',  ( -71.11999999999999034, 85.00000000000000000, 57.14999999999999858 ) ) ;
#2174 = CARTESIAN_POINT ( 'NONE',  ( -29.62000000000002231, 11.99999999999999645, -57.15000000000000568 ) ) ;
#2175 = LINE ( 'NONE', #393, #123 ) ;
#2176 = VERTEX_POINT ( 'NONE', #143 ) ;
#2177 = CARTESIAN_POINT ( 'NONE',  ( -70.43535897468416351, 85.00000000000000000, 55.81535897468440766 ) ) ;
#2178 = CIRCLE ( 'NONE', #1885, 7.500000000000007105 ) ;
#2179 = ADVANCED_FACE ( 'NONE', ( #2281 ), #1772, .T. ) ;
#2180 = AXIS2_PLACEMENT_3D ( 'NONE', #1906, #1725, #2088 ) ;
#2181 = CARTESIAN_POINT ( 'NONE',  ( 27.28999999999998138, 11.00000000000000000, -41.90999999999998238 ) ) ;
#2182 = FACE_OUTER_BOUND ( 'NONE', #690, .T. ) ;
#2183 = ORIENTED_EDGE ( 'NONE', *, *, #730, .F. ) ;
#2184 = VERTEX_POINT ( 'NONE', #1382 ) ;
#2185 = EDGE_CURVE ( 'NONE', #1693, #2316, #2078, .T. ) ;
#2186 = VECTOR ( 'NONE', #1272, 1000.000000000000000 ) ;
#2187 = CARTESIAN_POINT ( 'NONE',  ( -56.53000000000001535, 11.00000000000000000, -43.45999999999998664 ) ) ;
#2188 = VECTOR ( 'NONE', #509, 1000.000000000000000 ) ;
#2189 = CARTESIAN_POINT ( 'NONE',  ( -63.61999999999998323, 85.00000000000000000, -57.15000000000001279 ) ) ;
#2190 = CARTESIAN_POINT ( 'NONE',  ( -56.53000000000001535, 6.600000000000033396, -38.35999999999997812 ) ) ;
#2191 = DIRECTION ( 'NONE',  ( 0.000000000000000000, 0.000000000000000000, 1.000000000000000000 ) ) ;
#2192 = PRODUCT_RELATED_PRODUCT_CATEGORY ( 'part', '', ( #882 ) ) ;
#2193 = AXIS2_PLACEMENT_3D ( 'NONE', #806, #443, #1166 ) ;
#2194 = VECTOR ( 'NONE', #720, 1000.000000000000000 ) ;
#2195 = EDGE_LOOP ( 'NONE', ( #982, #1795 ) ) ;
#2196 = AXIS2_PLACEMENT_3D ( 'NONE', #2177, #1851, #70 ) ;
#2197 = DIRECTION ( 'NONE',  ( -1.000000000000000000, 0.000000000000000000, 0.000000000000000000 ) ) ;
#2198 = DIRECTION ( 'NONE',  ( 0.000000000000000000, 0.000000000000000000, 1.000000000000000000 ) ) ;
#2199 = DIRECTION ( 'NONE',  ( 0.000000000000000000, 0.000000000000000000, 1.000000000000000000 ) ) ;
#2200 = VERTEX_POINT ( 'NONE', #1700 ) ;
#2201 = ORIENTED_EDGE ( 'NONE', *, *, #301, .T. ) ;
#2202 = EDGE_CURVE ( 'NONE', #731, #261, #1540, .T. ) ;
#2203 = ORIENTED_EDGE ( 'NONE', *, *, #2294, .T. ) ;
#2204 = CARTESIAN_POINT ( 'NONE',  ( 70.05933982822018891, 65.00000000000000000, 56.08933982822016162 ) ) ;
#2205 = LINE ( 'NONE', #2189, #1993 ) ;
#2206 = CARTESIAN_POINT ( 'NONE',  ( -56.53000000000001535, 5.000000000000000000, 41.91000000000000369 ) ) ;
#2207 = DIRECTION ( 'NONE',  ( 0.000000000000000000, 0.000000000000000000, 1.000000000000000000 ) ) ;
#2208 = ORIENTED_EDGE ( 'NONE', *, *, #1164, .F. ) ;
#2209 = DIRECTION ( 'NONE',  ( 0.000000000000000000, 0.000000000000000000, -1.000000000000000000 ) ) ;
#2210 = PLANE ( 'NONE',  #199 ) ;
#2211 = DIRECTION ( 'NONE',  ( 0.000000000000000000, 0.000000000000000000, 1.000000000000000000 ) ) ;
#2212 = EDGE_LOOP ( 'NONE', ( #1915, #2266 ) ) ;
#2213 = EDGE_LOOP ( 'NONE', ( #1651, #1737, #2276, #1980, #1461, #246, #1937, #2030 ) ) ;
#2214 = VERTEX_POINT ( 'NONE', #488 ) ;
#2215 = EDGE_CURVE ( 'NONE', #1835, #1756, #1919, .T. ) ;
#2216 = DIRECTION ( 'NONE',  ( 0.000000000000000000, 1.000000000000000000, -0.000000000000000000 ) ) ;
#2217 = DIRECTION ( 'NONE',  ( 1.000000000000000000, 0.000000000000000000, 0.000000000000000000 ) ) ;
#2218 = DIRECTION ( 'NONE',  ( 0.000000000000000000, -0.7071067811865580088, -0.7071067811865369146 ) ) ;
#2219 = CYLINDRICAL_SURFACE ( 'NONE', #1884, 3.550000000000001155 ) ;
#2220 = VERTEX_POINT ( 'NONE', #2259 ) ;
#2221 = DIRECTION ( 'NONE',  ( 0.000000000000000000, 0.000000000000000000, 1.000000000000000000 ) ) ;
#2222 = AXIS2_PLACEMENT_3D ( 'NONE', #2037, #432, #37 ) ;
#2223 = LINE ( 'NONE', #979, #654 ) ;
#2224 = LINE ( 'NONE', #673, #1475 ) ;
#2225 = VERTEX_POINT ( 'NONE', #1930 ) ;
#2226 = AXIS2_PLACEMENT_3D ( 'NONE', #1747, #468, #1003 ) ;
#2227 = VERTEX_POINT ( 'NONE', #316 ) ;
#2228 = ORIENTED_EDGE ( 'NONE', *, *, #1728, .F. ) ;
#2229 = DIRECTION ( 'NONE',  ( -0.000000000000000000, -1.000000000000000000, -0.000000000000000000 ) ) ;
#2230 = CARTESIAN_POINT ( 'NONE',  ( 74.11999999999999034, 0.000000000000000000, 57.14999999999999858 ) ) ;
#2231 = CARTESIAN_POINT ( 'NONE',  ( -71.11999999999999034, 5.000000000000000000, 0.000000000000000000 ) ) ;
#2232 = CARTESIAN_POINT ( 'NONE',  ( -56.53000000000001535, 5.000000000000000000, 41.91000000000000369 ) ) ;
#2233 = CIRCLE ( 'NONE', #96, 1.549999999999995826 ) ;
#2234 = AXIS2_PLACEMENT_3D ( 'NONE', #517, #1740, #93 ) ;
#2235 = EDGE_LOOP ( 'NONE', ( #1449, #463 ) ) ;
#2236 = CARTESIAN_POINT ( 'NONE',  ( 27.28999999999998849, 11.00000000000000000, 41.91000000000001080 ) ) ;
#2237 = AXIS2_PLACEMENT_3D ( 'NONE', #1746, #142, #1917 ) ;
#2238 = AXIS2_PLACEMENT_3D ( 'NONE', #584, #1705, #2028 ) ;
#2239 = ADVANCED_FACE ( 'NONE', ( #498 ), #810, .T. ) ;
#2240 = VECTOR ( 'NONE', #458, 1000.000000000000000 ) ;
#2241 = ADVANCED_FACE ( 'NONE', ( #1196 ), #1396, .T. ) ;
#2242 = DIRECTION ( 'NONE',  ( -0.000000000000000000, -0.000000000000000000, -1.000000000000000000 ) ) ;
#2243 = LINE ( 'NONE', #816, #158 ) ;
#2244 = VERTEX_POINT ( 'NONE', #650 ) ;
#2245 = VERTEX_POINT ( 'NONE', #479 ) ;
#2246 = EDGE_LOOP ( 'NONE', ( #177, #728 ) ) ;
#2247 = DIRECTION ( 'NONE',  ( 0.000000000000000000, 1.000000000000000000, 0.000000000000000000 ) ) ;
#2248 = FACE_OUTER_BOUND ( 'NONE', #2072, .T. ) ;
#2249 = PLANE ( 'NONE',  #1579 ) ;
#2250 = EDGE_CURVE ( 'NONE', #1303, #2220, #1203, .T. ) ;
#2251 = VERTEX_POINT ( 'NONE', #1249 ) ;
#2252 = DIRECTION ( 'NONE',  ( -0.000000000000000000, -1.000000000000000000, -0.000000000000000000 ) ) ;
#2253 = DIRECTION ( 'NONE',  ( 0.000000000000000000, 0.000000000000000000, 1.000000000000000000 ) ) ;
#2254 = FACE_OUTER_BOUND ( 'NONE', #1819, .T. ) ;
#2255 = VERTEX_POINT ( 'NONE', #2127 ) ;
#2256 = ORIENTED_EDGE ( 'NONE', *, *, #928, .F. ) ;
#2257 = DIRECTION ( 'NONE',  ( 0.000000000000000000, 0.000000000000000000, -1.000000000000000000 ) ) ;
#2258 = DIRECTION ( 'NONE',  ( 0.000000000000000000, 0.000000000000000000, 1.000000000000000000 ) ) ;
#2259 = CARTESIAN_POINT ( 'NONE',  ( 63.61999999999998323, 5.000000000000004441, -57.15000000000000568 ) ) ;
#2260 = EDGE_CURVE ( 'NONE', #1649, #2099, #2296, .T. ) ;
#2261 = DIRECTION ( 'NONE',  ( 0.000000000000000000, -1.000000000000000000, 0.000000000000000000 ) ) ;
#2262 = EDGE_CURVE ( 'NONE', #2032, #1786, #368, .T. ) ;
#2263 = ADVANCED_FACE ( 'NONE', ( #185 ), #1959, .F. ) ;
#2264 = CARTESIAN_POINT ( 'NONE',  ( 0.3799999999999810196, 12.00000000000000000, -57.15000000000000568 ) ) ;
#2265 = EDGE_LOOP ( 'NONE', ( #2228, #775, #23, #1148 ) ) ;
#2266 = ORIENTED_EDGE ( 'NONE', *, *, #729, .T. ) ;
#2267 = LINE ( 'NONE', #828, #840 ) ;
#2268 = CARTESIAN_POINT ( 'NONE',  ( -71.11999999999999034, 85.00000000000000000, 49.64999999999999858 ) ) ;
#2269 = FACE_BOUND ( 'NONE', #2235, .T. ) ;
#2270 = CIRCLE ( 'NONE', #1250, 3.550000000000001155 ) ;
#2271 = CIRCLE ( 'NONE', #1066, 1.549999999999995826 ) ;
#2272 = VECTOR ( 'NONE', #736, 1000.000000000000000 ) ;
#2273 = AXIS2_PLACEMENT_3D ( 'NONE', #2319, #885, #1416 ) ;
#2274 = AXIS2_PLACEMENT_3D ( 'NONE', #1442, #2160, #2199 ) ;
#2275 = ORIENTED_EDGE ( 'NONE', *, *, #390, .F. ) ;
#2276 = ORIENTED_EDGE ( 'NONE', *, *, #344, .T. ) ;
#2277 = CARTESIAN_POINT ( 'NONE',  ( 60.37999999999998124, 11.00000000000000000, 15.00000000000000000 ) ) ;
#2278 = AXIS2_PLACEMENT_3D ( 'NONE', #930, #779, #1655 ) ;
#2279 = CIRCLE ( 'NONE', #1257, 1.550000000000000933 ) ;
#2280 = CARTESIAN_POINT ( 'NONE',  ( 71.11999999999999034, 5.000000000000000000, -57.15000000000000568 ) ) ;
#2281 = FACE_OUTER_BOUND ( 'NONE', #2265, .T. ) ;
#2282 = ADVANCED_FACE ( 'NONE', ( #2162 ), #700, .T. ) ;
#2283 = LINE ( 'NONE', #1385, #1371 ) ;
#2284 = ORIENTED_EDGE ( 'NONE', *, *, #1889, .T. ) ;
#2285 = ORIENTED_EDGE ( 'NONE', *, *, #1702, .F. ) ;
#2286 = DIRECTION ( 'NONE',  ( -0.000000000000000000, -1.000000000000000000, 0.000000000000000000 ) ) ;
#2287 = DIRECTION ( 'NONE',  ( 1.000000000000000000, 0.000000000000000000, 0.000000000000000000 ) ) ;
#2288 = DIRECTION ( 'NONE',  ( 0.000000000000000000, 1.000000000000000000, -0.000000000000000000 ) ) ;
#2289 = CARTESIAN_POINT ( 'NONE',  ( -74.11999999999999034, 85.00000000000000000, -57.15000000000001279 ) ) ;
#2290 = CARTESIAN_POINT ( 'NONE',  ( 70.05933982822018891, 85.00000000000000000, 56.08933982822016162 ) ) ;
#2291 = ORIENTED_EDGE ( 'NONE', *, *, #1205, .F. ) ;
#2292 = VERTEX_POINT ( 'NONE', #868 ) ;
#2293 = CARTESIAN_POINT ( 'NONE',  ( -29.62000000000001876, 12.00000000000000000, 60.15100000000001046 ) ) ;
#2294 = EDGE_CURVE ( 'NONE', #1639, #2292, #519, .T. ) ;
#2295 = CIRCLE ( 'NONE', #1547, 1.550000000000002709 ) ;
#2296 = LINE ( 'NONE', #679, #1988 ) ;
#2297 = DIRECTION ( 'NONE',  ( 0.000000000000000000, 1.000000000000000000, -0.000000000000000000 ) ) ;
#2298 = FACE_BOUND ( 'NONE', #46, .T. ) ;
#2299 = ORIENTED_EDGE ( 'NONE', *, *, #2307, .F. ) ;
#2300 = ADVANCED_FACE ( 'NONE', ( #335 ), #510, .T. ) ;
#2301 = AXIS2_PLACEMENT_3D ( 'NONE', #855, #1574, #1046 ) ;
#2302 = ORIENTED_EDGE ( 'NONE', *, *, #2260, .T. ) ;
#2303 = CARTESIAN_POINT ( 'NONE',  ( 0.3799999999999810196, 19.00000000000000000, -57.15000000000000568 ) ) ;
#2304 = AXIS2_PLACEMENT_3D ( 'NONE', #2280, #2087, #478 ) ;
#2305 = AXIS2_PLACEMENT_3D ( 'NONE', #292, #1006, #2069 ) ;
#2306 = EDGE_LOOP ( 'NONE', ( #1278, #1378, #825, #2161 ) ) ;
#2307 = EDGE_CURVE ( 'NONE', #1966, #786, #1920, .T. ) ;
#2308 = CIRCLE ( 'NONE', #765, 1.549999999999995826 ) ;
#2309 = CARTESIAN_POINT ( 'NONE',  ( -71.11999999999999034, 5.000000000000000000, 49.64999999999999858 ) ) ;
#2310 = CARTESIAN_POINT ( 'NONE',  ( 27.28999999999998138, 11.00000000000000000, -45.45999999999998664 ) ) ;
#2311 = EDGE_CURVE ( 'NONE', #47, #1835, #2141, .T. ) ;
#2312 = FACE_OUTER_BOUND ( 'NONE', #145, .T. ) ;
#2313 = DIRECTION ( 'NONE',  ( -0.000000000000000000, -1.000000000000000000, 0.000000000000000000 ) ) ;
#2314 = VERTEX_POINT ( 'NONE', #359 ) ;
#2315 = CARTESIAN_POINT ( 'NONE',  ( 0.3799999999999810196, 19.00000000000000000, 60.15100000000001046 ) ) ;
#2316 = VERTEX_POINT ( 'NONE', #2309 ) ;
#2317 = CARTESIAN_POINT ( 'NONE',  ( 60.37999999999998124, 6.600000000000033396, 15.00000000000000000 ) ) ;
#2318 = VERTEX_POINT ( 'NONE', #1083 ) ;
#2319 = CARTESIAN_POINT ( 'NONE',  ( 71.11999999999999034, 85.00000000000000000, 57.14999999999999858 ) ) ;
#2320 = CARTESIAN_POINT ( 'NONE',  ( 0.000000000000000000, 5.000000000000000000, 0.000000000000000000 ) ) ;
#2321 = EDGE_CURVE ( 'NONE', #1016, #1428, #159, .T. ) ;
#2322 = ORIENTED_EDGE ( 'NONE', *, *, #1172, .F. ) ;
#2323 = CARTESIAN_POINT ( 'NONE',  ( 70.05933982822017470, 65.00000000000000000, -56.08933982822017583 ) ) ;
#2324 = EDGE_LOOP ( 'NONE', ( #956, #1492, #2145, #374 ) ) ;
#2325 = VECTOR ( 'NONE', #604, 1000.000000000000000 ) ;
ENDSEC;
END-ISO-10303-21;
