ISO-10303-21;
HEADER;
FILE_DESCRIPTION (( 'STEP AP214' ),
    '1' );
FILE_NAME ('Palet_lid.STEP',
    '2026-05-27T19:21:41',
    ( '' ),
    ( '' ),
    'SwSTEP 2.0',
    'SolidWorks 2025',
    '' );
FILE_SCHEMA (( 'AUTOMOTIVE_DESIGN' ));
ENDSEC;

DATA;
#1 = VECTOR ( 'NONE', #8302, 999.9999999999998863 ) ;
#2 = AXIS2_PLACEMENT_3D ( 'NONE', #1394, #3061, #10542 ) ;
#3 = PLANE ( 'NONE',  #9401 ) ;
#4 = CARTESIAN_POINT ( 'NONE',  ( -45.00000000000001421, 19.22649730810373470, 7.115855071930202736E-15 ) ) ;
#5 = CARTESIAN_POINT ( 'NONE',  ( -45.00000000000002132, 31.11227518966343553, 27.17386661099703105 ) ) ;
#6 = LINE ( 'NONE', #763, #7076 ) ;
#7 = DIRECTION ( 'NONE',  ( 0.8660254037844382635, 0.5000000000000007772, 0.000000000000000000 ) ) ;
#8 = DIRECTION ( 'NONE',  ( 0.000000000000000000, -0.5000000000000006661, 0.8660254037844383745 ) ) ;
#9 = ORIENTED_EDGE ( 'NONE', *, *, #4974, .F. ) ;
#10 = ORIENTED_EDGE ( 'NONE', *, *, #9375, .F. ) ;
#11 = ADVANCED_FACE ( 'NONE', ( #2609 ), #5896, .F. ) ;
#12 = ADVANCED_FACE ( 'NONE', ( #3465 ), #4429, .T. ) ;
#13 = ORIENTED_EDGE ( 'NONE', *, *, #6064, .T. ) ;
#14 = ORIENTED_EDGE ( 'NONE', *, *, #8603, .T. ) ;
#15 = EDGE_CURVE ( 'NONE', #3134, #10568, #3513, .T. ) ;
#16 = VERTEX_POINT ( 'NONE', #9174 ) ;
#17 = PLANE ( 'NONE',  #10400 ) ;
#18 = CARTESIAN_POINT ( 'NONE',  ( -45.00000000000002132, 10.22747077249215941, 10.72462220366568530 ) ) ;
#19 = LINE ( 'NONE', #2449, #2514 ) ;
#20 = LINE ( 'NONE', #5035, #1184 ) ;
#21 = CARTESIAN_POINT ( 'NONE',  ( -40.60000000000001563, 30.77350269189626175, 21.44924440733135640 ) ) ;
#22 = VECTOR ( 'NONE', #9158, 999.9999999999998863 ) ;
#23 = PLANE ( 'NONE',  #4621 ) ;
#24 = EDGE_LOOP ( 'NONE', ( #8216, #4341, #2809, #9310 ) ) ;
#25 = DIRECTION ( 'NONE',  ( 1.000000000000000000, -0.000000000000000000, -7.709882115452476934E-17 ) ) ;
#26 = ORIENTED_EDGE ( 'NONE', *, *, #9412, .F. ) ;
#27 = VERTEX_POINT ( 'NONE', #6063 ) ;
#28 = PRODUCT_RELATED_PRODUCT_CATEGORY ( 'part', '', ( #7292 ) ) ;
#29 = ADVANCED_FACE ( 'NONE', ( #8576 ), #6118, .F. ) ;
#30 = AXIS2_PLACEMENT_3D ( 'NONE', #170, #5131, #3459 ) ;
#31 = ORIENTED_EDGE ( 'NONE', *, *, #6966, .F. ) ;
#32 = CARTESIAN_POINT ( 'NONE',  ( -45.00000000000002132, 22.11324865405186557, 16.44924440733135285 ) ) ;
#33 = LINE ( 'NONE', #10694, #2708 ) ;
#34 = CARTESIAN_POINT ( 'NONE',  ( -10.72462220366566754, 28.22552384371528333, -45.00000000000000711 ) ) ;
#35 = PLANE ( 'NONE',  #7611 ) ;
#36 = VERTEX_POINT ( 'NONE', #7931 ) ;
#37 = CARTESIAN_POINT ( 'NONE',  ( -45.00000000000001421, 18.88772481033655737, -27.17386661099702749 ) ) ;
#38 = VERTEX_POINT ( 'NONE', #6334 ) ;
#39 = VECTOR ( 'NONE', #3393, 999.9999999999998863 ) ;
#40 = EDGE_CURVE ( 'NONE', #2548, #3938, #1207, .T. ) ;
#41 = ORIENTED_EDGE ( 'NONE', *, *, #5947, .T. ) ;
#42 = EDGE_CURVE ( 'NONE', #7718, #6801, #9618, .T. ) ;
#43 = FACE_OUTER_BOUND ( 'NONE', #1094, .T. ) ;
#44 = CARTESIAN_POINT ( 'NONE',  ( 40.60000000000001563, 27.88675134594813443, -5.000000000000011546 ) ) ;
#45 = CARTESIAN_POINT ( 'NONE',  ( 27.17386661099703460, 18.88772481033651474, -45.00000000000000711 ) ) ;
#46 = DIRECTION ( 'NONE',  ( 0.8660254037844383745, 0.5000000000000004441, 0.000000000000000000 ) ) ;
#47 = ADVANCED_FACE ( 'NONE', ( #3843 ), #6177, .F. ) ;
#48 = EDGE_CURVE ( 'NONE', #2773, #5424, #1266, .T. ) ;
#49 = CARTESIAN_POINT ( 'NONE',  ( -40.60000000000001563, 18.88772481033655737, -5.724622203665674647 ) ) ;
#50 = CARTESIAN_POINT ( 'NONE',  ( 10.72462220366568886, 21.77447615628465272, 40.59999999999998721 ) ) ;
#51 = ORIENTED_EDGE ( 'NONE', *, *, #7494, .F. ) ;
#52 = DIRECTION ( 'NONE',  ( 0.8660254037844383745, 0.5000000000000003331, 0.000000000000000000 ) ) ;
#53 = CARTESIAN_POINT ( 'NONE',  ( -21.44924440733134219, 30.77350269189622267, -45.00000000000000711 ) ) ;
#54 = ORIENTED_EDGE ( 'NONE', *, *, #3548, .F. ) ;
#55 = EDGE_CURVE ( 'NONE', #6920, #7521, #9567, .T. ) ;
#56 = LINE ( 'NONE', #4252, #6576 ) ;
#57 = DIRECTION ( 'NONE',  ( 0.000000000000000000, -0.5000000000000002220, -0.8660254037844384856 ) ) ;
#58 = FACE_OUTER_BOUND ( 'NONE', #1019, .T. ) ;
#59 = PLANE ( 'NONE',  #3943 ) ;
#60 = CARTESIAN_POINT ( 'NONE',  ( -45.00000000000001421, 18.88772481033656803, 27.17386661099701328 ) ) ;
#61 = VECTOR ( 'NONE', #885, 999.9999999999998863 ) ;
#62 = EDGE_CURVE ( 'NONE', #6633, #1530, #2102, .T. ) ;
#63 = LINE ( 'NONE', #4148, #3472 ) ;
#64 = VERTEX_POINT ( 'NONE', #4620 ) ;
#65 = ORIENTED_EDGE ( 'NONE', *, *, #7250, .T. ) ;
#66 = VERTEX_POINT ( 'NONE', #5435 ) ;
#67 = ORIENTED_EDGE ( 'NONE', *, *, #5537, .T. ) ;
#68 = AXIS2_PLACEMENT_3D ( 'NONE', #5257, #3578, #10212 ) ;
#69 = VECTOR ( 'NONE', #10511, 1000.000000000000114 ) ;
#70 = ORIENTED_EDGE ( 'NONE', *, *, #3088, .F. ) ;
#71 = CARTESIAN_POINT ( 'NONE',  ( -5.724622203665671094, 36.88577788155966886, -45.00000000000000711 ) ) ;
#72 = CARTESIAN_POINT ( 'NONE',  ( 32.17386661099703815, 28.22552384371528333, -45.00000000000000711 ) ) ;
#73 = DIRECTION ( 'NONE',  ( -0.5000000000000002220, -0.8660254037844385966, 0.000000000000000000 ) ) ;
#74 = DIRECTION ( 'NONE',  ( -0.000000000000000000, -1.000000000000000000, -0.000000000000000000 ) ) ;
#75 = PLANE ( 'NONE',  #4183 ) ;
#76 = CARTESIAN_POINT ( 'NONE',  ( 10.72462220366568886, 10.22747077249214520, 44.99999999999999289 ) ) ;
#77 = ORIENTED_EDGE ( 'NONE', *, *, #10673, .F. ) ;
#78 = DIRECTION ( 'NONE',  ( 3.854941057726239700E-17, -0.8660254037844385966, 0.5000000000000003331 ) ) ;
#79 = EDGE_LOOP ( 'NONE', ( #4127, #6828, #4355, #6593 ) ) ;
#80 = EDGE_CURVE ( 'NONE', #3349, #2964, #3817, .T. ) ;
#81 = VECTOR ( 'NONE', #10355, 1000.000000000000000 ) ;
#82 = EDGE_LOOP ( 'NONE', ( #4640, #2294, #2753, #6418 ) ) ;
#83 = ORIENTED_EDGE ( 'NONE', *, *, #2232, .F. ) ;
#84 = LINE ( 'NONE', #10006, #8125 ) ;
#85 = CARTESIAN_POINT ( 'NONE',  ( -4.999999999999994671, 22.11324865405186202, -45.00000000000000711 ) ) ;
#86 = EDGE_CURVE ( 'NONE', #10652, #6685, #7071, .T. ) ;
#87 = DIRECTION ( 'NONE',  ( 0.000000000000000000, -0.5000000000000002220, -0.8660254037844384856 ) ) ;
#88 = LINE ( 'NONE', #1766, #10708 ) ;
#89 = EDGE_CURVE ( 'NONE', #4394, #3242, #3975, .T. ) ;
#90 = ORIENTED_EDGE ( 'NONE', *, *, #2536, .F. ) ;
#91 = FACE_OUTER_BOUND ( 'NONE', #6383, .T. ) ;
#92 = ORIENTED_EDGE ( 'NONE', *, *, #5935, .F. ) ;
#93 = ORIENTED_EDGE ( 'NONE', *, *, #9296, .T. ) ;
#94 = ORIENTED_EDGE ( 'NONE', *, *, #4097, .T. ) ;
#95 = LINE ( 'NONE', #10017, #7959 ) ;
#96 = DIRECTION ( 'NONE',  ( 1.000000000000000000, -0.000000000000000000, -7.709882115452476934E-17 ) ) ;
#97 = CARTESIAN_POINT ( 'NONE',  ( 10.04494211376876223, -5.000000000000000000, 10.83278071092710171 ) ) ;
#98 = CARTESIAN_POINT ( 'NONE',  ( 40.59999999999999432, 10.22747077249215941, -32.17386661099703105 ) ) ;
#99 = CARTESIAN_POINT ( 'NONE',  ( -12.40845790524377534, 4.999999999999997335, -5.317910530818759085 ) ) ;
#100 = PLANE ( 'NONE',  #10556 ) ;
#101 = EDGE_CURVE ( 'NONE', #4911, #10627, #6308, .T. ) ;
#102 = VECTOR ( 'NONE', #9349, 1000.000000000000000 ) ;
#103 = LINE ( 'NONE', #4032, #804 ) ;
#104 = EDGE_LOOP ( 'NONE', ( #6292, #7790, #2285, #7040 ) ) ;
#105 = LINE ( 'NONE', #5878, #39 ) ;
#106 = CARTESIAN_POINT ( 'NONE',  ( -33.34396987557883563, 4.999999999999997335, -17.08051390828823912 ) ) ;
#107 = ORIENTED_EDGE ( 'NONE', *, *, #2857, .T. ) ;
#108 = PLANE ( 'NONE',  #2258 ) ;
#109 = VECTOR ( 'NONE', #3388, 1000.000000000000000 ) ;
#110 = VERTEX_POINT ( 'NONE', #9588 ) ;
#111 = CARTESIAN_POINT ( 'NONE',  ( 44.99999999999998579, 19.22649730810372759, -21.44924440733135640 ) ) ;
#112 = DIRECTION ( 'NONE',  ( 6.009258394948641055E-16, -1.000000000000000000, 0.000000000000000000 ) ) ;
#113 = VECTOR ( 'NONE', #3267, 1000.000000000000000 ) ;
#114 = DIRECTION ( 'NONE',  ( 0.8660254037844382635, 0.5000000000000007772, 0.000000000000000000 ) ) ;
#115 = FACE_OUTER_BOUND ( 'NONE', #5150, .T. ) ;
#116 = CARTESIAN_POINT ( 'NONE',  ( -26.44924440733134574, 22.11324865405184426, -45.00000000000000711 ) ) ;
#117 = DIRECTION ( 'NONE',  ( 0.8660254037844384856, -0.5000000000000001110, 0.000000000000000000 ) ) ;
#118 = ORIENTED_EDGE ( 'NONE', *, *, #2799, .T. ) ;
#119 = ORIENTED_EDGE ( 'NONE', *, *, #6445, .T. ) ;
#120 = VECTOR ( 'NONE', #7179, 1000.000000000000114 ) ;
#121 = ORIENTED_EDGE ( 'NONE', *, *, #4667, .F. ) ;
#122 = ORIENTED_EDGE ( 'NONE', *, *, #10456, .T. ) ;
#123 = VECTOR ( 'NONE', #1018, 1000.000000000000000 ) ;
#124 = EDGE_CURVE ( 'NONE', #5895, #4822, #7896, .T. ) ;
#125 = DIRECTION ( 'NONE',  ( 4.506943796211494843E-16, -1.000000000000000000, 0.000000000000000000 ) ) ;
#126 = VECTOR ( 'NONE', #9688, 1000.000000000000000 ) ;
#127 = LINE ( 'NONE', #18, #4812 ) ;
#128 = CARTESIAN_POINT ( 'NONE',  ( 27.17386661099703815, 13.11422211844027608, -45.00000000000000711 ) ) ;
#129 = FACE_OUTER_BOUND ( 'NONE', #9980, .T. ) ;
#130 = CARTESIAN_POINT ( 'NONE',  ( -27.17386661099702749, 18.88772481033653960, -45.00000000000000711 ) ) ;
#131 = CARTESIAN_POINT ( 'NONE',  ( -29.67009459051013920, -13.93115149115835294, -40.59999999999998721 ) ) ;
#132 = ORIENTED_EDGE ( 'NONE', *, *, #2092, .F. ) ;
#133 = AXIS2_PLACEMENT_3D ( 'NONE', #3484, #9196, #249 ) ;
#134 = VERTEX_POINT ( 'NONE', #10447 ) ;
#135 = FACE_OUTER_BOUND ( 'NONE', #8029, .T. ) ;
#136 = ORIENTED_EDGE ( 'NONE', *, *, #2740, .T. ) ;
#137 = EDGE_CURVE ( 'NONE', #3108, #5764, #7070, .T. ) ;
#138 = DIRECTION ( 'NONE',  ( -0.000000000000000000, 1.000000000000000000, -0.000000000000000000 ) ) ;
#139 = DIRECTION ( 'NONE',  ( 0.5000000000000004441, -0.8660254037844384856, 0.000000000000000000 ) ) ;
#140 = DIRECTION ( 'NONE',  ( -6.009258394948640069E-16, 1.000000000000000000, 0.000000000000000000 ) ) ;
#141 = CARTESIAN_POINT ( 'NONE',  ( -12.71189761665431028, 53.30361025463752611, -40.59999999999998721 ) ) ;
#142 = VECTOR ( 'NONE', #10053, 1000.000000000000000 ) ;
#143 = VERTEX_POINT ( 'NONE', #7013 ) ;
#144 = ORIENTED_EDGE ( 'NONE', *, *, #7527, .F. ) ;
#145 = EDGE_CURVE ( 'NONE', #1686, #5100, #6255, .T. ) ;
#146 = ORIENTED_EDGE ( 'NONE', *, *, #2025, .F. ) ;
#147 = ADVANCED_FACE ( 'NONE', ( #2960 ), #2039, .F. ) ;
#148 = EDGE_CURVE ( 'NONE', #1658, #2631, #5328, .T. ) ;
#149 = PLANE ( 'NONE',  #4111 ) ;
#150 = LINE ( 'NONE', #2520, #4253 ) ;
#151 = DIRECTION ( 'NONE',  ( 0.8660254037844383745, 0.5000000000000003331, 0.000000000000000000 ) ) ;
#152 = CARTESIAN_POINT ( 'NONE',  ( -32.17386661099702394, 39.77252922750778907, -45.00000000000000711 ) ) ;
#153 = DIRECTION ( 'NONE',  ( 0.8660254037844389297, -0.4999999999999995004, 0.000000000000000000 ) ) ;
#154 = DIRECTION ( 'NONE',  ( 0.000000000000000000, -0.5000000000000005551, 0.8660254037844382635 ) ) ;
#155 = CARTESIAN_POINT ( 'NONE',  ( 5.724622203665683529, 36.88577788155965465, 44.99999999999999289 ) ) ;
#156 = ORIENTED_EDGE ( 'NONE', *, *, #7117, .F. ) ;
#157 = LINE ( 'NONE', #9265, #568 ) ;
#158 = CARTESIAN_POINT ( 'NONE',  ( -10.72462220366566577, 21.77447615628465272, -40.59999999999998721 ) ) ;
#159 = ORIENTED_EDGE ( 'NONE', *, *, #3058, .T. ) ;
#160 = VECTOR ( 'NONE', #4964, 999.9999999999998863 ) ;
#161 = ADVANCED_FACE ( 'NONE', ( #2100 ), #10338, .F. ) ;
#162 = VECTOR ( 'NONE', #1815, 1000.000000000000000 ) ;
#163 = VERTEX_POINT ( 'NONE', #5384 ) ;
#164 = CARTESIAN_POINT ( 'NONE',  ( -45.00000000000002132, 31.11227518966342487, 37.17386661099703815 ) ) ;
#165 = LINE ( 'NONE', #3455, #5250 ) ;
#166 = DIRECTION ( 'NONE',  ( 0.000000000000000000, 0.5000000000000001110, 0.8660254037844384856 ) ) ;
#167 = CARTESIAN_POINT ( 'NONE',  ( -43.18810238334574336, 9.482724823144891957, 40.59999999999998721 ) ) ;
#168 = LINE ( 'NONE', #3458, #2833 ) ;
#169 = VECTOR ( 'NONE', #7485, 1000.000000000000114 ) ;
#170 = CARTESIAN_POINT ( 'NONE',  ( -45.00000000000001421, 36.88577788155969728, -37.17386661099703815 ) ) ;
#171 = ORIENTED_EDGE ( 'NONE', *, *, #2519, .T. ) ;
#172 = ORIENTED_EDGE ( 'NONE', *, *, #4658, .T. ) ;
#173 = EDGE_CURVE ( 'NONE', #8738, #9387, #420, .T. ) ;
#174 = VECTOR ( 'NONE', #9208, 1000.000000000000000 ) ;
#175 = ORIENTED_EDGE ( 'NONE', *, *, #8656, .F. ) ;
#176 = CARTESIAN_POINT ( 'NONE',  ( -45.00000000000001421, 19.22649730810372759, -21.44924440733134929 ) ) ;
#177 = ORIENTED_EDGE ( 'NONE', *, *, #6119, .F. ) ;
#178 = VERTEX_POINT ( 'NONE', #1290 ) ;
#179 = CARTESIAN_POINT ( 'NONE',  ( 20.00000000000002842, 1.832738110421901156, 3.499999999999999556 ) ) ;
#180 = VECTOR ( 'NONE', #4902, 1000.000000000000000 ) ;
#181 = FACE_OUTER_BOUND ( 'NONE', #3625, .T. ) ;
#182 = FACE_BOUND ( 'NONE', #2392, .T. ) ;
#183 = CARTESIAN_POINT ( 'NONE',  ( -45.00000000000001421, 19.22649730810373470, 7.115855071930202736E-15 ) ) ;
#184 = AXIS2_PLACEMENT_3D ( 'NONE', #6002, #6060, #5355 ) ;
#185 = DIRECTION ( 'NONE',  ( 0.000000000000000000, -0.5000000000000002220, -0.8660254037844385966 ) ) ;
#186 = CYLINDRICAL_SURFACE ( 'NONE', #6496, 2.000000000000001776 ) ;
#187 = EDGE_CURVE ( 'NONE', #7138, #2619, #7895, .T. ) ;
#188 = EDGE_CURVE ( 'NONE', #4382, #4886, #3736, .T. ) ;
#189 = ORIENTED_EDGE ( 'NONE', *, *, #10044, .T. ) ;
#190 = ORIENTED_EDGE ( 'NONE', *, *, #632, .F. ) ;
#191 = LINE ( 'NONE', #9359, #10434 ) ;
#192 = ORIENTED_EDGE ( 'NONE', *, *, #10692, .F. ) ;
#193 = EDGE_CURVE ( 'NONE', #6732, #9032, #10369, .T. ) ;
#194 = CARTESIAN_POINT ( 'NONE',  ( -45.00000000000002132, 31.11227518966343553, 27.17386661099703105 ) ) ;
#195 = DIRECTION ( 'NONE',  ( -0.000000000000000000, -0.000000000000000000, 1.000000000000000000 ) ) ;
#196 = CARTESIAN_POINT ( 'NONE',  ( -15.72462220366567109, 18.88772481033651474, 40.59999999999996589 ) ) ;
#197 = LINE ( 'NONE', #10227, #7968 ) ;
#198 = ORIENTED_EDGE ( 'NONE', *, *, #8460, .T. ) ;
#199 = ADVANCED_FACE ( 'NONE', ( #507 ), #452, .F. ) ;
#200 = VECTOR ( 'NONE', #2489, 1000.000000000000114 ) ;
#201 = ORIENTED_EDGE ( 'NONE', *, *, #619, .T. ) ;
#202 = EDGE_LOOP ( 'NONE', ( #309, #1315, #7828, #7059 ) ) ;
#203 = FACE_OUTER_BOUND ( 'NONE', #298, .T. ) ;
#204 = AXIS2_PLACEMENT_3D ( 'NONE', #319, #5230, #7580 ) ;
#205 = CARTESIAN_POINT ( 'NONE',  ( 27.17386661099703815, 13.11422211844027608, 40.59999999999996589 ) ) ;
#206 = CARTESIAN_POINT ( 'NONE',  ( 20.00000000000003197, 46.66904755831214402, -36.50000000000002132 ) ) ;
#207 = CARTESIAN_POINT ( 'NONE',  ( 40.60000000000001563, -9.092865725585326686, -32.46348017968005450 ) ) ;
#208 = EDGE_CURVE ( 'NONE', #1747, #9587, #2878, .T. ) ;
#209 = LINE ( 'NONE', #431, #8826 ) ;
#210 = DIRECTION ( 'NONE',  ( 0.000000000000000000, 0.5000000000000005551, -0.8660254037844382635 ) ) ;
#211 = ORIENTED_EDGE ( 'NONE', *, *, #10322, .T. ) ;
#212 = CARTESIAN_POINT ( 'NONE',  ( 15.72462220366568175, 18.88772481033653250, -45.00000000000000711 ) ) ;
#213 = DIRECTION ( 'NONE',  ( -1.682156097916903933E-15, 0.000000000000000000, 1.000000000000000000 ) ) ;
#214 = ORIENTED_EDGE ( 'NONE', *, *, #5935, .T. ) ;
#215 = ADVANCED_FACE ( 'NONE', ( #398, #3681, #4596, #9569, #7933, #6178, #9513, #2075, #1267, #6763, #10084, #5936 ), #108, .F. ) ;
#216 = ORIENTED_EDGE ( 'NONE', *, *, #10181, .F. ) ;
#217 = DIRECTION ( 'NONE',  ( 0.000000000000000000, -1.000000000000000000, 0.000000000000000000 ) ) ;
#218 = DIRECTION ( 'NONE',  ( 0.000000000000000000, 0.5000000000000006661, -0.8660254037844383745 ) ) ;
#219 = FACE_OUTER_BOUND ( 'NONE', #4208, .T. ) ;
#220 = DIRECTION ( 'NONE',  ( -0.000000000000000000, 1.000000000000000000, -0.000000000000000000 ) ) ;
#221 = PLANE ( 'NONE',  #8899 ) ;
#222 = CARTESIAN_POINT ( 'NONE',  ( -24.65205706398849728, 32.62264744138116868, 40.59999999999998721 ) ) ;
#223 = ORIENTED_EDGE ( 'NONE', *, *, #7132, .T. ) ;
#224 = EDGE_CURVE ( 'NONE', #544, #4712, #1836, .T. ) ;
#225 = ORIENTED_EDGE ( 'NONE', *, *, #9130, .T. ) ;
#226 = EDGE_CURVE ( 'NONE', #6906, #10493, #5180, .T. ) ;
#227 = EDGE_LOOP ( 'NONE', ( #4901, #9918, #7899, #6309 ) ) ;
#228 = VERTEX_POINT ( 'NONE', #1785 ) ;
#229 = FACE_BOUND ( 'NONE', #3453, .T. ) ;
#230 = VECTOR ( 'NONE', #10321, 1000.000000000000114 ) ;
#231 = DIRECTION ( 'NONE',  ( 0.000000000000000000, 0.000000000000000000, 1.000000000000000000 ) ) ;
#232 = LINE ( 'NONE', #457, #7536 ) ;
#233 = LINE ( 'NONE', #5142, #3413 ) ;
#234 = EDGE_LOOP ( 'NONE', ( #5404, #3272, #5248, #10505 ) ) ;
#235 = LINE ( 'NONE', #9288, #4354 ) ;
#236 = EDGE_CURVE ( 'NONE', #6878, #2607, #3399, .T. ) ;
#237 = ORIENTED_EDGE ( 'NONE', *, *, #489, .T. ) ;
#238 = VECTOR ( 'NONE', #6713, 1000.000000000000000 ) ;
#239 = ORIENTED_EDGE ( 'NONE', *, *, #7016, .T. ) ;
#240 = EDGE_CURVE ( 'NONE', #6209, #4059, #5881, .T. ) ;
#241 = DIRECTION ( 'NONE',  ( -3.854941057726242781E-17, -0.8660254037844383745, -0.5000000000000006661 ) ) ;
#242 = ORIENTED_EDGE ( 'NONE', *, *, #7885, .F. ) ;
#243 = DIRECTION ( 'NONE',  ( -0.8660254037844385966, 0.5000000000000002220, 0.000000000000000000 ) ) ;
#244 = DIRECTION ( 'NONE',  ( -6.009258394948640069E-16, 1.000000000000000000, 0.000000000000000000 ) ) ;
#245 = VECTOR ( 'NONE', #10019, 1000.000000000000000 ) ;
#246 = DIRECTION ( 'NONE',  ( -6.009258394948641055E-16, 1.000000000000000000, 0.000000000000000000 ) ) ;
#247 = CARTESIAN_POINT ( 'NONE',  ( 5.724622203665683529, 18.88772481033651474, -45.00000000000000711 ) ) ;
#248 = DIRECTION ( 'NONE',  ( -3.854941057726242781E-17, -0.8660254037844383745, -0.5000000000000006661 ) ) ;
#249 = DIRECTION ( 'NONE',  ( 1.000000000000000000, 0.000000000000000000, 0.000000000000000000 ) ) ;
#250 = ORIENTED_EDGE ( 'NONE', *, *, #5754, .F. ) ;
#251 = VERTEX_POINT ( 'NONE', #10113 ) ;
#252 = ORIENTED_EDGE ( 'NONE', *, *, #2076, .T. ) ;
#253 = VECTOR ( 'NONE', #5686, 999.9999999999998863 ) ;
#254 = EDGE_CURVE ( 'NONE', #8381, #8214, #7721, .T. ) ;
#255 = EDGE_CURVE ( 'NONE', #3231, #9465, #5213, .T. ) ;
#256 = LINE ( 'NONE', #311, #6898 ) ;
#257 = CARTESIAN_POINT ( 'NONE',  ( -10.72462220366566577, 21.77447615628465272, -45.00000000000000711 ) ) ;
#258 = CARTESIAN_POINT ( 'NONE',  ( 40.00000000000006395, 0.000000000000000000, 38.79294667738509617 ) ) ;
#259 = CARTESIAN_POINT ( 'NONE',  ( -32.17386661099702394, 28.22552384371528333, -45.00000000000000711 ) ) ;
#260 = CARTESIAN_POINT ( 'NONE',  ( 40.00000000000006395, 0.000000000000000000, -37.05511844965703716 ) ) ;
#261 = PLANE ( 'NONE',  #3913 ) ;
#262 = ORIENTED_EDGE ( 'NONE', *, *, #5779, .T. ) ;
#263 = CARTESIAN_POINT ( 'NONE',  ( 5.000000000000011546, 5.000000000000024869, -40.59999999999998721 ) ) ;
#264 = DIRECTION ( 'NONE',  ( -0.7071067811865479058, 0.000000000000000000, -0.7071067811865472397 ) ) ;
#265 = ORIENTED_EDGE ( 'NONE', *, *, #7284, .F. ) ;
#266 = ORIENTED_EDGE ( 'NONE', *, *, #3976, .F. ) ;
#267 = CARTESIAN_POINT ( 'NONE',  ( -45.00000000000002132, 22.11324865405185491, 26.44924440733135995 ) ) ;
#268 = EDGE_CURVE ( 'NONE', #1148, #9954, #1924, .T. ) ;
#269 = DIRECTION ( 'NONE',  ( -0.000000000000000000, -0.000000000000000000, 1.000000000000000000 ) ) ;
#270 = DIRECTION ( 'NONE',  ( 0.000000000000000000, 0.000000000000000000, 1.000000000000000000 ) ) ;
#271 = CARTESIAN_POINT ( 'NONE',  ( 44.99999999999999289, 13.11422211844029739, 5.724622203665669318 ) ) ;
#272 = CARTESIAN_POINT ( 'NONE',  ( -4.999999999999994671, 22.11324865405186202, 44.99999999999999289 ) ) ;
#273 = FACE_OUTER_BOUND ( 'NONE', #4839, .T. ) ;
#274 = EDGE_LOOP ( 'NONE', ( #10396, #6604, #4682, #4943, #6603, #8546 ) ) ;
#275 = LINE ( 'NONE', #2767, #7797 ) ;
#276 = VERTEX_POINT ( 'NONE', #4334 ) ;
#277 = AXIS2_PLACEMENT_3D ( 'NONE', #6598, #2381, #7418 ) ;
#278 = EDGE_LOOP ( 'NONE', ( #5781, #689, #772, #7811 ) ) ;
#279 = ORIENTED_EDGE ( 'NONE', *, *, #5615, .F. ) ;
#280 = AXIS2_PLACEMENT_3D ( 'NONE', #8719, #2107, #4519 ) ;
#281 = EDGE_CURVE ( 'NONE', #7955, #1823, #5152, .T. ) ;
#282 = ORIENTED_EDGE ( 'NONE', *, *, #173, .T. ) ;
#283 = CARTESIAN_POINT ( 'NONE',  ( -45.00000000000001421, 22.11324865405186557, -26.44924440733135640 ) ) ;
#284 = EDGE_CURVE ( 'NONE', #4033, #3816, #3276, .T. ) ;
#285 = LINE ( 'NONE', #8524, #6910 ) ;
#286 = DIRECTION ( 'NONE',  ( 0.000000000000000000, 0.5000000000000001110, 0.8660254037844384856 ) ) ;
#287 = LINE ( 'NONE', #5255, #8110 ) ;
#288 = ORIENTED_EDGE ( 'NONE', *, *, #6318, .F. ) ;
#289 = DIRECTION ( 'NONE',  ( 4.506943796211493857E-16, -1.000000000000000000, 0.000000000000000000 ) ) ;
#290 = VECTOR ( 'NONE', #747, 1000.000000000000000 ) ;
#291 = EDGE_LOOP ( 'NONE', ( #8217, #6612, #7568, #1838 ) ) ;
#292 = VECTOR ( 'NONE', #6753, 999.9999999999998863 ) ;
#293 = VECTOR ( 'NONE', #4191, 1000.000000000000000 ) ;
#294 = EDGE_LOOP ( 'NONE', ( #6973, #5395, #4445, #6407 ) ) ;
#295 = AXIS2_PLACEMENT_3D ( 'NONE', #684, #3968, #2354 ) ;
#296 = CARTESIAN_POINT ( 'NONE',  ( -45.00000000000001421, 13.11422211844029739, -37.17386661099703815 ) ) ;
#297 = ADVANCED_FACE ( 'NONE', ( #5107 ), #6804, .T. ) ;
#298 = EDGE_LOOP ( 'NONE', ( #5863, #4861, #2385, #9111 ) ) ;
#299 = LINE ( 'NONE', #2894, #4115 ) ;
#300 = VECTOR ( 'NONE', #787, 999.9999999999998863 ) ;
#301 = CARTESIAN_POINT ( 'NONE',  ( -40.60000000000001563, 36.88577788155969728, -5.724622203665674647 ) ) ;
#302 = DIRECTION ( 'NONE',  ( 1.000000000000000000, -0.000000000000000000, -7.709882115452476934E-17 ) ) ;
#303 = PLANE ( 'NONE',  #8478 ) ;
#304 = EDGE_LOOP ( 'NONE', ( #4797, #7440, #9360, #54, #8087, #1973 ) ) ;
#305 =( LENGTH_UNIT ( ) NAMED_UNIT ( * ) SI_UNIT ( .MILLI., .METRE. ) );
#306 = VERTEX_POINT ( 'NONE', #2634 ) ;
#307 = EDGE_CURVE ( 'NONE', #2259, #5792, #8435, .T. ) ;
#308 = ORIENTED_EDGE ( 'NONE', *, *, #7716, .T. ) ;
#309 = ORIENTED_EDGE ( 'NONE', *, *, #1544, .F. ) ;
#310 = ORIENTED_EDGE ( 'NONE', *, *, #851, .T. ) ;
#311 = CARTESIAN_POINT ( 'NONE',  ( -40.60000000000001563, 4.999999999999997335, -15.72462220366567820 ) ) ;
#312 = VECTOR ( 'NONE', #3470, 1000.000000000000000 ) ;
#313 = CARTESIAN_POINT ( 'NONE',  ( -27.17386661099702749, 13.11422211844028318, -40.59999999999998721 ) ) ;
#314 = DIRECTION ( 'NONE',  ( -0.8660254037844385966, 0.5000000000000002220, 0.000000000000000000 ) ) ;
#315 = CARTESIAN_POINT ( 'NONE',  ( -26.44924440733134574, 22.11324865405184426, -45.00000000000000711 ) ) ;
#316 = LINE ( 'NONE', #6096, #9703 ) ;
#317 = DIRECTION ( 'NONE',  ( -0.8660254037844382635, -0.5000000000000006661, 0.000000000000000000 ) ) ;
#318 = VERTEX_POINT ( 'NONE', #5924 ) ;
#319 = CARTESIAN_POINT ( 'NONE',  ( 21.44924440733137061, 30.77350269189622267, -45.00000000000000711 ) ) ;
#320 = FACE_OUTER_BOUND ( 'NONE', #5320, .T. ) ;
#321 = EDGE_CURVE ( 'NONE', #555, #8533, #9257, .T. ) ;
#322 = ORIENTED_EDGE ( 'NONE', *, *, #3571, .F. ) ;
#323 = CARTESIAN_POINT ( 'NONE',  ( 26.44924440733136706, 22.11324865405184426, -45.00000000000000711 ) ) ;
#324 = CARTESIAN_POINT ( 'NONE',  ( 15.72462220366570307, 5.000000000000031086, -40.59999999999998721 ) ) ;
#325 = LINE ( 'NONE', #3611, #8084 ) ;
#326 = DIRECTION ( 'NONE',  ( 1.000000000000000000, -0.000000000000000000, -7.709882115452476934E-17 ) ) ;
#327 = CARTESIAN_POINT ( 'NONE',  ( -26.44924440733133864, 5.000000000000003553, -40.59999999999998721 ) ) ;
#328 = ORIENTED_EDGE ( 'NONE', *, *, #3527, .F. ) ;
#329 = CARTESIAN_POINT ( 'NONE',  ( -3.745854521482251176, 0.000000000000000000, -22.83773761351903175 ) ) ;
#330 = EDGE_LOOP ( 'NONE', ( #2141, #9371, #4555, #2441, #5701, #3145 ) ) ;
#331 = LINE ( 'NONE', #2872, #1731 ) ;
#332 = ORIENTED_EDGE ( 'NONE', *, *, #4789, .T. ) ;
#333 = ORIENTED_EDGE ( 'NONE', *, *, #2740, .F. ) ;
#334 = VERTEX_POINT ( 'NONE', #9819 ) ;
#335 = AXIS2_PLACEMENT_3D ( 'NONE', #8330, #8436, #7678 ) ;
#336 = ORIENTED_EDGE ( 'NONE', *, *, #2771, .F. ) ;
#337 = VECTOR ( 'NONE', #5311, 1000.000000000000000 ) ;
#338 = VERTEX_POINT ( 'NONE', #7468 ) ;
#339 = DIRECTION ( 'NONE',  ( 0.000000000000000000, -0.5000000000000002220, -0.8660254037844384856 ) ) ;
#340 = VECTOR ( 'NONE', #8964, 1000.000000000000114 ) ;
#341 = DIRECTION ( 'NONE',  ( 3.854941057726239700E-17, -0.8660254037844385966, 0.5000000000000003331 ) ) ;
#342 = CARTESIAN_POINT ( 'NONE',  ( 44.99999999999998579, 21.77447615628469180, -32.17386661099703815 ) ) ;
#343 = CARTESIAN_POINT ( 'NONE',  ( -45.00000000000001421, 31.11227518966342487, -27.17386661099702749 ) ) ;
#344 = EDGE_CURVE ( 'NONE', #4631, #499, #1571, .T. ) ;
#345 = VERTEX_POINT ( 'NONE', #4960 ) ;
#346 = DIRECTION ( 'NONE',  ( -3.854941057726240316E-17, 0.8660254037844385966, -0.5000000000000003331 ) ) ;
#347 = VECTOR ( 'NONE', #10078, 1000.000000000000000 ) ;
#348 = EDGE_CURVE ( 'NONE', #1106, #4483, #9047, .T. ) ;
#349 = ORIENTED_EDGE ( 'NONE', *, *, #10281, .T. ) ;
#350 = EDGE_CURVE ( 'NONE', #5957, #7259, #8232, .T. ) ;
#351 = VECTOR ( 'NONE', #6009, 1000.000000000000000 ) ;
#352 = EDGE_CURVE ( 'NONE', #6962, #8623, #9602, .T. ) ;
#353 = VERTEX_POINT ( 'NONE', #3194 ) ;
#354 = AXIS2_PLACEMENT_3D ( 'NONE', #3247, #10681, #8196 ) ;
#355 = VECTOR ( 'NONE', #3312, 999.9999999999998863 ) ;
#356 = CARTESIAN_POINT ( 'NONE',  ( 32.17386661099703815, 21.77447615628465272, -45.00000000000000711 ) ) ;
#357 = ORIENTED_EDGE ( 'NONE', *, *, #7497, .F. ) ;
#358 = DIRECTION ( 'NONE',  ( -0.000000000000000000, -0.000000000000000000, 1.000000000000000000 ) ) ;
#359 = LINE ( 'NONE', #6300, #5317 ) ;
#360 = FACE_OUTER_BOUND ( 'NONE', #9141, .T. ) ;
#361 = CARTESIAN_POINT ( 'NONE',  ( -45.00000000000001421, 10.22747077249215941, -10.72462220366567109 ) ) ;
#362 = CARTESIAN_POINT ( 'NONE',  ( 5.359354715912678202, -5.000000000000000000, 12.39069611163209217 ) ) ;
#363 = VECTOR ( 'NONE', #8655, 1000.000000000000227 ) ;
#364 = DIRECTION ( 'NONE',  ( 0.000000000000000000, -0.9816271834476639757, -0.1908089953765452762 ) ) ;
#365 = EDGE_LOOP ( 'NONE', ( #5028, #6130, #3023, #3153 ) ) ;
#366 = EDGE_CURVE ( 'NONE', #2466, #968, #4917, .T. ) ;
#367 = EDGE_CURVE ( 'NONE', #1520, #433, #7375, .T. ) ;
#368 = ORIENTED_EDGE ( 'NONE', *, *, #3100, .F. ) ;
#369 = ORIENTED_EDGE ( 'NONE', *, *, #10438, .F. ) ;
#370 = EDGE_LOOP ( 'NONE', ( #4568, #4022, #4315, #7359 ) ) ;
#371 = CARTESIAN_POINT ( 'NONE',  ( -20.00000000000001421, 46.66904755831214402, -20.00000000000001421 ) ) ;
#372 = EDGE_CURVE ( 'NONE', #178, #1995, #1399, .T. ) ;
#373 = CARTESIAN_POINT ( 'NONE',  ( -42.82579128151288472, 8.855183586624116643, 40.59999999999998721 ) ) ;
#374 = CARTESIAN_POINT ( 'NONE',  ( -15.72462220366567109, 36.88577788155965465, -45.00000000000000711 ) ) ;
#375 = CARTESIAN_POINT ( 'NONE',  ( -41.61025403784437060, 6.749811322098027588, -40.59999999999998721 ) ) ;
#376 = EDGE_LOOP ( 'NONE', ( #2931, #8404, #5375, #1355 ) ) ;
#377 = VECTOR ( 'NONE', #7092, 1000.000000000000000 ) ;
#378 = CARTESIAN_POINT ( 'NONE',  ( 27.17386661099703460, 36.88577788155965465, -45.00000000000000711 ) ) ;
#379 = DIRECTION ( 'NONE',  ( 0.000000000000000000, -0.5000000000000002220, -0.8660254037844384856 ) ) ;
#380 = ADVANCED_FACE ( 'NONE', ( #1531 ), #5629, .F. ) ;
#381 = VECTOR ( 'NONE', #1442, 1000.000000000000000 ) ;
#382 = ORIENTED_EDGE ( 'NONE', *, *, #55, .F. ) ;
#383 = ADVANCED_FACE ( 'NONE', ( #5580 ), #3952, .F. ) ;
#384 = CARTESIAN_POINT ( 'NONE',  ( 18.14117408006804411, 1.999999999999975797, 32.28330970379904130 ) ) ;
#385 = DIRECTION ( 'NONE',  ( 1.000000000000000000, 0.000000000000000000, -7.709882115452476934E-17 ) ) ;
#386 = CARTESIAN_POINT ( 'NONE',  ( 27.17386661099703460, 36.88577788155965465, -45.00000000000000711 ) ) ;
#387 = DIRECTION ( 'NONE',  ( -0.5000000000000002220, -0.8660254037844385966, 0.000000000000000000 ) ) ;
#388 = CARTESIAN_POINT ( 'NONE',  ( -45.00000000000001421, 36.88577788155969728, -27.17386661099702749 ) ) ;
#389 = DIRECTION ( 'NONE',  ( 1.000000000000000000, -0.000000000000000000, -7.709882115452476934E-17 ) ) ;
#390 = ORIENTED_EDGE ( 'NONE', *, *, #7030, .T. ) ;
#391 = CYLINDRICAL_SURFACE ( 'NONE', #8687, 16.50000000000000355 ) ;
#392 = EDGE_LOOP ( 'NONE', ( #7374, #4851, #192, #5948, #5623, #9902 ) ) ;
#393 = DIRECTION ( 'NONE',  ( -0.000000000000000000, -1.000000000000000000, -0.000000000000000000 ) ) ;
#394 = ORIENTED_EDGE ( 'NONE', *, *, #7526, .F. ) ;
#395 = AXIS2_PLACEMENT_3D ( 'NONE', #8089, #660, #7414 ) ;
#396 = ORIENTED_EDGE ( 'NONE', *, *, #3976, .T. ) ;
#397 = ORIENTED_EDGE ( 'NONE', *, *, #1797, .T. ) ;
#398 = FACE_BOUND ( 'NONE', #274, .T. ) ;
#399 = VERTEX_POINT ( 'NONE', #8909 ) ;
#400 = DIRECTION ( 'NONE',  ( -1.000000000000000000, -0.000000000000000000, -2.602085213965207190E-16 ) ) ;
#401 = ADVANCED_FACE ( 'NONE', ( #880 ), #771, .F. ) ;
#402 = CARTESIAN_POINT ( 'NONE',  ( -40.60000000000001563, 4.999999999999997335, 37.17386661099703815 ) ) ;
#403 = CARTESIAN_POINT ( 'NONE',  ( 44.99999999999998579, 21.77447615628469180, -10.72462220366568530 ) ) ;
#404 = DIRECTION ( 'NONE',  ( -0.5000000000000002220, -0.8660254037844385966, 0.000000000000000000 ) ) ;
#405 = EDGE_LOOP ( 'NONE', ( #2026, #3990, #1855, #2182 ) ) ;
#406 = PLANE ( 'NONE',  #7676 ) ;
#407 = ORIENTED_EDGE ( 'NONE', *, *, #1706, .F. ) ;
#408 = EDGE_LOOP ( 'NONE', ( #4864, #1551, #10700, #501 ) ) ;
#409 = LINE ( 'NONE', #7946, #5679 ) ;
#410 = VERTEX_POINT ( 'NONE', #9934 ) ;
#411 = DIRECTION ( 'NONE',  ( 0.000000000000000000, -0.5000000000000004441, 0.8660254037844382635 ) ) ;
#412 = CARTESIAN_POINT ( 'NONE',  ( 21.44924440733137061, 30.77350269189622267, -45.00000000000000711 ) ) ;
#413 = ADVANCED_FACE ( 'NONE', ( #8962 ), #4813, .F. ) ;
#414 = DIRECTION ( 'NONE',  ( 0.000000000000000000, -1.000000000000000000, 0.000000000000000000 ) ) ;
#415 = ORIENTED_EDGE ( 'NONE', *, *, #3208, .T. ) ;
#416 = PLANE ( 'NONE',  #976 ) ;
#417 = CARTESIAN_POINT ( 'NONE',  ( 15.72462220366568175, 36.88577788155966886, -45.00000000000000711 ) ) ;
#418 = ORIENTED_EDGE ( 'NONE', *, *, #4674, .F. ) ;
#419 = VECTOR ( 'NONE', #5402, 1000.000000000000000 ) ;
#420 = LINE ( 'NONE', #6198, #4301 ) ;
#421 = ORIENTED_EDGE ( 'NONE', *, *, #4454, .T. ) ;
#422 = ORIENTED_EDGE ( 'NONE', *, *, #9648, .F. ) ;
#423 = ORIENTED_EDGE ( 'NONE', *, *, #1395, .T. ) ;
#424 = AXIS2_PLACEMENT_3D ( 'NONE', #6699, #8989, #4031 ) ;
#425 = EDGE_CURVE ( 'NONE', #2373, #3841, #2341, .T. ) ;
#426 = CARTESIAN_POINT ( 'NONE',  ( -43.00000000000001421, 45.00000000000000000, -45.00000000000000711 ) ) ;
#427 = ADVANCED_FACE ( 'NONE', ( #7323 ), #8249, .F. ) ;
#428 = CARTESIAN_POINT ( 'NONE',  ( -45.00000000000001421, 30.77350269189626175, -21.44924440733135640 ) ) ;
#429 = CARTESIAN_POINT ( 'NONE',  ( 44.99999999999998579, 13.11422211844030095, -15.72462220366568530 ) ) ;
#430 = CARTESIAN_POINT ( 'NONE',  ( 26.44924440733136706, 22.11324865405184426, -45.00000000000000711 ) ) ;
#431 = CARTESIAN_POINT ( 'NONE',  ( 32.17386661099703815, 10.22747077249214520, -45.00000000000000711 ) ) ;
#432 = CARTESIAN_POINT ( 'NONE',  ( 26.44924440733135995, 27.88675134594810245, -45.00000000000000711 ) ) ;
#433 = VERTEX_POINT ( 'NONE', #1583 ) ;
#434 = DIRECTION ( 'NONE',  ( -1.000000000000000000, 0.000000000000000000, 7.709882115452476934E-17 ) ) ;
#435 = VECTOR ( 'NONE', #6819, 1000.000000000000000 ) ;
#436 = EDGE_LOOP ( 'NONE', ( #4385, #1591, #4011, #5512 ) ) ;
#437 = EDGE_LOOP ( 'NONE', ( #8507, #9590, #3983, #9232, #3317, #159 ) ) ;
#438 = CARTESIAN_POINT ( 'NONE',  ( 5.724622203665683529, 36.88577788155965465, -40.59999999999998721 ) ) ;
#439 = EDGE_CURVE ( 'NONE', #6878, #7613, #4001, .T. ) ;
#440 = LINE ( 'NONE', #2273, #8047 ) ;
#441 = DIRECTION ( 'NONE',  ( 1.000000000000000000, -0.000000000000000000, -7.709882115452476934E-17 ) ) ;
#442 = LINE ( 'NONE', #10357, #4597 ) ;
#443 = DIRECTION ( 'NONE',  ( 0.7071067811865471286, 0.000000000000000000, 0.7071067811865479058 ) ) ;
#444 = CARTESIAN_POINT ( 'NONE',  ( 44.99999999999998579, 18.88772481033656092, -15.72462220366568530 ) ) ;
#445 = ORIENTED_EDGE ( 'NONE', *, *, #851, .F. ) ;
#446 = LINE ( 'NONE', #6987, #3133 ) ;
#447 = ORIENTED_EDGE ( 'NONE', *, *, #5983, .F. ) ;
#448 = FACE_OUTER_BOUND ( 'NONE', #291, .T. ) ;
#449 = VERTEX_POINT ( 'NONE', #4160 ) ;
#450 = ORIENTED_EDGE ( 'NONE', *, *, #3315, .F. ) ;
#451 = ORIENTED_EDGE ( 'NONE', *, *, #10523, .F. ) ;
#452 = PLANE ( 'NONE',  #3963 ) ;
#453 = ORIENTED_EDGE ( 'NONE', *, *, #8202, .T. ) ;
#454 = FACE_OUTER_BOUND ( 'NONE', #5329, .T. ) ;
#455 = CARTESIAN_POINT ( 'NONE',  ( 15.72462220366568886, 31.11227518966341421, 44.99999999999999289 ) ) ;
#456 = DIRECTION ( 'NONE',  ( 0.000000000000000000, 1.000000000000000000, -0.000000000000000000 ) ) ;
#457 = CARTESIAN_POINT ( 'NONE',  ( 5.000000000000006217, 22.11324865405186202, -45.00000000000000711 ) ) ;
#458 = CARTESIAN_POINT ( 'NONE',  ( 5.724622203665686193, 31.11227518966341421, -45.00000000000000711 ) ) ;
#459 = ORIENTED_EDGE ( 'NONE', *, *, #7178, .T. ) ;
#460 = CARTESIAN_POINT ( 'NONE',  ( 10.72462220366568886, 10.22747077249214520, 40.59999999999996589 ) ) ;
#461 = VECTOR ( 'NONE', #9644, 1000.000000000000000 ) ;
#462 = EDGE_CURVE ( 'NONE', #3242, #2697, #9198, .T. ) ;
#463 = EDGE_CURVE ( 'NONE', #3246, #6071, #5680, .T. ) ;
#464 = AXIS2_PLACEMENT_3D ( 'NONE', #7740, #1243, #10236 ) ;
#465 = ORIENTED_EDGE ( 'NONE', *, *, #4047, .T. ) ;
#466 = EDGE_LOOP ( 'NONE', ( #6116, #1120, #2932, #5446 ) ) ;
#467 = DIRECTION ( 'NONE',  ( -0.000000000000000000, 1.000000000000000000, -0.000000000000000000 ) ) ;
#468 = ORIENTED_EDGE ( 'NONE', *, *, #10363, .T. ) ;
#469 = AXIS2_PLACEMENT_3D ( 'NONE', #3832, #8838, #2120 ) ;
#470 = LINE ( 'NONE', #10222, #10207 ) ;
#471 = FACE_BOUND ( 'NONE', #8633, .T. ) ;
#472 = VECTOR ( 'NONE', #9365, 1000.000000000000000 ) ;
#473 = CARTESIAN_POINT ( 'NONE',  ( 15.72462220366568886, 13.11422211844027608, -45.00000000000000711 ) ) ;
#474 = DIRECTION ( 'NONE',  ( 0.4999999999999995004, 0.8660254037844389297, 0.000000000000000000 ) ) ;
#475 = LINE ( 'NONE', #580, #3964 ) ;
#476 = ORIENTED_EDGE ( 'NONE', *, *, #6339, .T. ) ;
#477 = VECTOR ( 'NONE', #7795, 1000.000000000000000 ) ;
#478 = CARTESIAN_POINT ( 'NONE',  ( -24.67009459051016051, -22.59140552900270649, 40.59999999999998721 ) ) ;
#479 = CARTESIAN_POINT ( 'NONE',  ( 10.72462220366569063, 21.77447615628465272, -45.00000000000000711 ) ) ;
#480 = EDGE_LOOP ( 'NONE', ( #7714, #10163, #7400, #6894, #5061, #5834 ) ) ;
#481 = DIRECTION ( 'NONE',  ( 0.000000000000000000, 0.000000000000000000, -1.000000000000000000 ) ) ;
#482 = DIRECTION ( 'NONE',  ( -0.8660254037844384856, -0.5000000000000004441, 0.000000000000000000 ) ) ;
#483 = PLANE ( 'NONE',  #5284 ) ;
#484 = DIRECTION ( 'NONE',  ( 0.000000000000000000, 0.000000000000000000, 1.000000000000000000 ) ) ;
#485 = DIRECTION ( 'NONE',  ( 0.4999999999999995004, 0.8660254037844389297, 0.000000000000000000 ) ) ;
#486 = VERTEX_POINT ( 'NONE', #2446 ) ;
#487 = LINE ( 'NONE', #2913, #6076 ) ;
#488 = ADVANCED_FACE ( 'NONE', ( #4867 ), #5729, .F. ) ;
#489 = EDGE_CURVE ( 'NONE', #2670, #5540, #1638, .T. ) ;
#490 = EDGE_LOOP ( 'NONE', ( #7203, #835, #1594, #4024, #8228, #4928 ) ) ;
#491 = ADVANCED_FACE ( 'NONE', ( #4104 ), #17, .F. ) ;
#492 = ORIENTED_EDGE ( 'NONE', *, *, #8782, .T. ) ;
#493 = CARTESIAN_POINT ( 'NONE',  ( -40.60000000000001563, 13.11422211844029739, -15.72462220366567820 ) ) ;
#494 = CARTESIAN_POINT ( 'NONE',  ( 44.99999999999998579, 31.11227518966343197, 5.724622203665666653 ) ) ;
#495 = CARTESIAN_POINT ( 'NONE',  ( -45.00000000000001421, 36.88577788155969728, -37.17386661099703815 ) ) ;
#496 = CARTESIAN_POINT ( 'NONE',  ( -12.71189761665431028, 53.30361025463752611, 40.59999999999998721 ) ) ;
#497 = DIRECTION ( 'NONE',  ( -1.000000000000000000, -4.506943796211494843E-16, 0.000000000000000000 ) ) ;
#498 = CARTESIAN_POINT ( 'NONE',  ( -27.17386661099702749, 13.11422211844028318, 44.99999999999999289 ) ) ;
#499 = VERTEX_POINT ( 'NONE', #9404 ) ;
#500 = CARTESIAN_POINT ( 'NONE',  ( -5.724622203665668430, 13.11422211844027608, -45.00000000000000711 ) ) ;
#501 = ORIENTED_EDGE ( 'NONE', *, *, #1601, .F. ) ;
#502 = LINE ( 'NONE', #10308, #5685 ) ;
#503 = ORIENTED_EDGE ( 'NONE', *, *, #2797, .F. ) ;
#504 = EDGE_CURVE ( 'NONE', #4424, #10033, #10152, .T. ) ;
#505 = ORIENTED_EDGE ( 'NONE', *, *, #1998, .F. ) ;
#506 = ORIENTED_EDGE ( 'NONE', *, *, #7883, .T. ) ;
#507 = FACE_OUTER_BOUND ( 'NONE', #365, .T. ) ;
#508 = ORIENTED_EDGE ( 'NONE', *, *, #1643, .T. ) ;
#509 = LINE ( 'NONE', #2991, #3450 ) ;
#510 = CARTESIAN_POINT ( 'NONE',  ( -40.60000000000001563, 19.22649730810373470, 6.776620258850294406E-15 ) ) ;
#511 = LINE ( 'NONE', #8948, #1657 ) ;
#512 = PLANE ( 'NONE',  #1024 ) ;
#513 = ORIENTED_EDGE ( 'NONE', *, *, #2777, .F. ) ;
#514 = DIRECTION ( 'NONE',  ( -6.009258394948640069E-16, 1.000000000000000000, 0.000000000000000000 ) ) ;
#515 = ADVANCED_FACE ( 'NONE', ( #5138 ), #6781, .F. ) ;
#516 = AXIS2_PLACEMENT_3D ( 'NONE', #4524, #3603, #1191 ) ;
#517 = VECTOR ( 'NONE', #10155, 1000.000000000000000 ) ;
#518 = ORIENTED_EDGE ( 'NONE', *, *, #5090, .T. ) ;
#519 = VECTOR ( 'NONE', #8412, 1000.000000000000227 ) ;
#520 = DIRECTION ( 'NONE',  ( 7.709882115452476934E-17, 0.000000000000000000, 1.000000000000000000 ) ) ;
#521 = ORIENTED_EDGE ( 'NONE', *, *, #8109, .T. ) ;
#522 = LINE ( 'NONE', #2393, #10039 ) ;
#523 = FACE_BOUND ( 'NONE', #5470, .T. ) ;
#524 = VECTOR ( 'NONE', #3281, 1000.000000000000000 ) ;
#525 = ADVANCED_FACE ( 'NONE', ( #7541, #229, #1041 ), #4318, .T. ) ;
#526 = ADVANCED_FACE ( 'NONE', ( #5840 ), #6067, .F. ) ;
#527 = CARTESIAN_POINT ( 'NONE',  ( -45.00000000000002132, 36.88577788155969728, 27.17386661099703105 ) ) ;
#528 = CARTESIAN_POINT ( 'NONE',  ( -45.00000000000001421, 22.11324865405186202, 5.000000000000002665 ) ) ;
#529 = CARTESIAN_POINT ( 'NONE',  ( 6.884854776271489727E-15, 19.22649730810373114, 44.99999999999999289 ) ) ;
#530 = VECTOR ( 'NONE', #5253, 1000.000000000000000 ) ;
#531 = VERTEX_POINT ( 'NONE', #5899 ) ;
#532 = DIRECTION ( 'NONE',  ( -0.000000000000000000, -0.000000000000000000, 1.000000000000000000 ) ) ;
#533 = VECTOR ( 'NONE', #8685, 999.9999999999998863 ) ;
#534 = ADVANCED_FACE ( 'NONE', ( #1962 ), #3467, .F. ) ;
#535 = CARTESIAN_POINT ( 'NONE',  ( 21.44924440733137061, 30.77350269189622267, 44.99999999999999289 ) ) ;
#536 = AXIS2_PLACEMENT_3D ( 'NONE', #7484, #9119, #721 ) ;
#537 = EDGE_CURVE ( 'NONE', #10445, #5461, #10049, .T. ) ;
#538 = DIRECTION ( 'NONE',  ( 0.000000000000000000, 0.5000000000000005551, -0.8660254037844382635 ) ) ;
#539 = DIRECTION ( 'NONE',  ( 0.8660254037844382635, 0.5000000000000007772, 0.000000000000000000 ) ) ;
#540 = VECTOR ( 'NONE', #2230, 1000.000000000000000 ) ;
#541 = DIRECTION ( 'NONE',  ( -1.000000000000000000, 0.000000000000000000, 7.709882115452476934E-17 ) ) ;
#542 = DIRECTION ( 'NONE',  ( -0.8660254037844384856, -0.5000000000000004441, 0.000000000000000000 ) ) ;
#543 = EDGE_LOOP ( 'NONE', ( #7535, #9669, #3619, #5302 ) ) ;
#544 = VERTEX_POINT ( 'NONE', #4265 ) ;
#545 = LINE ( 'NONE', #3024, #4838 ) ;
#546 = CARTESIAN_POINT ( 'NONE',  ( 37.05511844965707269, 0.000000000000000000, 39.99999999999999289 ) ) ;
#547 = CARTESIAN_POINT ( 'NONE',  ( 16.44924440733136350, 22.11324865405184426, 44.99999999999999289 ) ) ;
#548 = FACE_OUTER_BOUND ( 'NONE', #997, .T. ) ;
#549 = CARTESIAN_POINT ( 'NONE',  ( -45.00000000000001421, 36.88577788155969728, 15.72462220366568175 ) ) ;
#550 = CARTESIAN_POINT ( 'NONE',  ( -40.60000000000001563, 53.93115149115826767, -12.34958651482136105 ) ) ;
#551 = ORIENTED_EDGE ( 'NONE', *, *, #1028, .F. ) ;
#552 = ADVANCED_FACE ( 'NONE', ( #1802 ), #8355, .F. ) ;
#553 = DIRECTION ( 'NONE',  ( 0.000000000000000000, 0.5000000000000002220, 0.8660254037844385966 ) ) ;
#554 = LINE ( 'NONE', #6280, #540 ) ;
#555 = VERTEX_POINT ( 'NONE', #5080 ) ;
#556 = VECTOR ( 'NONE', #5299, 1000.000000000000000 ) ;
#557 = VERTEX_POINT ( 'NONE', #7656 ) ;
#558 = ORIENTED_EDGE ( 'NONE', *, *, #7368, .F. ) ;
#559 = DIRECTION ( 'NONE',  ( 0.000000000000000000, 0.5000000000000002220, 0.8660254037844385966 ) ) ;
#560 = LINE ( 'NONE', #3845, #5905 ) ;
#561 = DIRECTION ( 'NONE',  ( 0.8660254037844385966, -0.5000000000000002220, 0.000000000000000000 ) ) ;
#562 = LINE ( 'NONE', #4602, #8589 ) ;
#563 = EDGE_CURVE ( 'NONE', #7511, #4835, #6971, .T. ) ;
#564 = PLANE ( 'NONE',  #5506 ) ;
#565 = VERTEX_POINT ( 'NONE', #5951 ) ;
#566 = LINE ( 'NONE', #5471, #1619 ) ;
#567 = EDGE_CURVE ( 'NONE', #1008, #5882, #8523, .T. ) ;
#568 = VECTOR ( 'NONE', #8555, 1000.000000000000227 ) ;
#569 = VERTEX_POINT ( 'NONE', #1856 ) ;
#570 = VECTOR ( 'NONE', #4746, 1000.000000000000000 ) ;
#571 = ORIENTED_EDGE ( 'NONE', *, *, #62, .T. ) ;
#572 = CARTESIAN_POINT ( 'NONE',  ( -15.72462220366566399, 5.000000000000008882, 40.59999999999998721 ) ) ;
#573 = VERTEX_POINT ( 'NONE', #931 ) ;
#574 = CARTESIAN_POINT ( 'NONE',  ( 37.17386661099703815, 36.88577788155966886, 44.99999999999999289 ) ) ;
#575 = FACE_OUTER_BOUND ( 'NONE', #9641, .T. ) ;
#576 = EDGE_CURVE ( 'NONE', #1821, #6166, #8465, .T. ) ;
#577 = CARTESIAN_POINT ( 'NONE',  ( 27.17386661099703815, 31.11227518966341421, 40.59999999999996589 ) ) ;
#578 = VERTEX_POINT ( 'NONE', #9344 ) ;
#579 = CARTESIAN_POINT ( 'NONE',  ( -40.60000000000001563, 22.11324865405186202, 5.000000000000002665 ) ) ;
#580 = CARTESIAN_POINT ( 'NONE',  ( 32.17386661099703815, 39.77252922750778907, -45.00000000000000711 ) ) ;
#581 = ORIENTED_EDGE ( 'NONE', *, *, #846, .T. ) ;
#582 = ADVANCED_FACE ( 'NONE', ( #4211 ), #6883, .F. ) ;
#583 = VERTEX_POINT ( 'NONE', #5252 ) ;
#584 = VECTOR ( 'NONE', #5980, 1000.000000000000000 ) ;
#585 = CARTESIAN_POINT ( 'NONE',  ( -32.17386661099702394, 21.77447615628465982, -40.59999999999998721 ) ) ;
#586 = DIRECTION ( 'NONE',  ( -0.5000000000000002220, -0.8660254037844385966, 0.000000000000000000 ) ) ;
#587 = CARTESIAN_POINT ( 'NONE',  ( -45.00000000000001421, 10.22747077249215941, -32.17386661099702394 ) ) ;
#588 = CARTESIAN_POINT ( 'NONE',  ( -45.00000000000002132, 0.000000000000000000, -43.00000000000000000 ) ) ;
#589 = ORIENTED_EDGE ( 'NONE', *, *, #6829, .F. ) ;
#590 = ORIENTED_EDGE ( 'NONE', *, *, #7508, .T. ) ;
#591 = EDGE_CURVE ( 'NONE', #2515, #7689, #10206, .T. ) ;
#592 = AXIS2_PLACEMENT_3D ( 'NONE', #1526, #6442, #3043 ) ;
#593 = ADVANCED_FACE ( 'NONE', ( #4490 ), #1424, .F. ) ;
#594 = CARTESIAN_POINT ( 'NONE',  ( 10.72462220366568886, 28.22552384371528333, -45.00000000000000711 ) ) ;
#595 = DIRECTION ( 'NONE',  ( 0.000000000000000000, -1.000000000000000000, 0.000000000000000000 ) ) ;
#596 = DIRECTION ( 'NONE',  ( 0.000000000000000000, -1.000000000000000000, 0.000000000000000000 ) ) ;
#597 = DIRECTION ( 'NONE',  ( 1.000000000000000000, -0.000000000000000000, -7.709882115452476934E-17 ) ) ;
#598 = CARTESIAN_POINT ( 'NONE',  ( -21.44924440733134219, 30.77350269189621912, 40.59999999999998721 ) ) ;
#599 = LINE ( 'NONE', #3778, #4598 ) ;
#600 = ORIENTED_EDGE ( 'NONE', *, *, #4181, .T. ) ;
#601 = LINE ( 'NONE', #500, #7825 ) ;
#602 = AXIS2_PLACEMENT_3D ( 'NONE', #1949, #6767, #3502 ) ;
#603 = CARTESIAN_POINT ( 'NONE',  ( 40.60000000000001563, 44.64335621679314414, -17.71189761665421258 ) ) ;
#604 = ORIENTED_EDGE ( 'NONE', *, *, #208, .F. ) ;
#605 = EDGE_LOOP ( 'NONE', ( #2389, #13, #8628, #8817, #1010, #3002 ) ) ;
#606 = EDGE_LOOP ( 'NONE', ( #2735, #810, #10111, #6326, #9254, #4282 ) ) ;
#607 = EDGE_LOOP ( 'NONE', ( #7823, #2233, #2257, #1602 ) ) ;
#608 = EDGE_CURVE ( 'NONE', #6214, #9801, #509, .T. ) ;
#609 = PLANE ( 'NONE',  #1263 ) ;
#610 = LINE ( 'NONE', #3891, #7427 ) ;
#611 = DIRECTION ( 'NONE',  ( 0.000000000000000000, -1.000000000000000000, 0.000000000000000000 ) ) ;
#612 = CARTESIAN_POINT ( 'NONE',  ( 26.62645545430660476, 0.000000000000000000, 26.62645545430664740 ) ) ;
#613 = DIRECTION ( 'NONE',  ( -8.673617379884037937E-17, 0.000000000000000000, 1.000000000000000000 ) ) ;
#614 = ORIENTED_EDGE ( 'NONE', *, *, #4819, .T. ) ;
#615 = EDGE_CURVE ( 'NONE', #4796, #4708, #7990, .T. ) ;
#616 = EDGE_CURVE ( 'NONE', #3066, #163, #9177, .T. ) ;
#617 = VERTEX_POINT ( 'NONE', #9515 ) ;
#618 = EDGE_CURVE ( 'NONE', #9620, #10458, #8850, .T. ) ;
#619 = EDGE_CURVE ( 'NONE', #1756, #3935, #2018, .T. ) ;
#620 = DIRECTION ( 'NONE',  ( 4.506943796211494843E-16, -1.000000000000000000, 0.000000000000000000 ) ) ;
#621 = ORIENTED_EDGE ( 'NONE', *, *, #10523, .T. ) ;
#622 = DIRECTION ( 'NONE',  ( -0.5000000000000007772, 0.8660254037844382635, 0.000000000000000000 ) ) ;
#623 = DIRECTION ( 'NONE',  ( 0.000000000000000000, 1.000000000000000000, 0.000000000000000000 ) ) ;
#624 = CARTESIAN_POINT ( 'NONE',  ( 42.99999999999993605, 45.00000000000000000, -45.00000000000000711 ) ) ;
#625 = AXIS2_PLACEMENT_3D ( 'NONE', #371, #7133, #3013 ) ;
#626 = DIRECTION ( 'NONE',  ( -0.000000000000000000, -0.000000000000000000, 1.000000000000000000 ) ) ;
#627 = VERTEX_POINT ( 'NONE', #7935 ) ;
#628 = CARTESIAN_POINT ( 'NONE',  ( -5.724622203665668430, 13.11422211844027608, -45.00000000000000711 ) ) ;
#629 = CARTESIAN_POINT ( 'NONE',  ( 1.103125484187132965, -5.000000000000002665, -15.16033048310345421 ) ) ;
#630 = ORIENTED_EDGE ( 'NONE', *, *, #6479, .T. ) ;
#631 = EDGE_CURVE ( 'NONE', #2401, #7099, #3792, .T. ) ;
#632 = EDGE_CURVE ( 'NONE', #691, #583, #6287, .T. ) ;
#633 = VECTOR ( 'NONE', #1804, 1000.000000000000000 ) ;
#634 = VECTOR ( 'NONE', #9419, 1000.000000000000000 ) ;
#635 = CARTESIAN_POINT ( 'NONE',  ( 32.17386661099703815, 21.77447615628465272, -45.00000000000000711 ) ) ;
#636 = CARTESIAN_POINT ( 'NONE',  ( 37.17386661099703815, 18.88772481033653250, -45.00000000000000711 ) ) ;
#637 = PLANE ( 'NONE',  #7085 ) ;
#638 = VECTOR ( 'NONE', #854, 999.9999999999998863 ) ;
#639 = CARTESIAN_POINT ( 'NONE',  ( -48.55041348517859490, 18.77052009751002259, -40.59999999999998721 ) ) ;
#640 = ORIENTED_EDGE ( 'NONE', *, *, #4014, .F. ) ;
#641 = EDGE_CURVE ( 'NONE', #8875, #7498, #10260, .T. ) ;
#642 = AXIS2_PLACEMENT_3D ( 'NONE', #6165, #5145, #5038 ) ;
#643 = EDGE_LOOP ( 'NONE', ( #5089, #1456, #4489, #10474 ) ) ;
#644 = AXIS2_PLACEMENT_3D ( 'NONE', #1294, #7903, #5543 ) ;
#645 = DIRECTION ( 'NONE',  ( -1.000000000000000000, 0.000000000000000000, 7.709882115452476934E-17 ) ) ;
#646 = CARTESIAN_POINT ( 'NONE',  ( 44.99999999999999289, 27.88675134594812732, 26.44924440733135285 ) ) ;
#647 = CARTESIAN_POINT ( 'NONE',  ( 44.99999999999999289, 36.88577788155969728, 27.17386661099702394 ) ) ;
#648 = AXIS2_PLACEMENT_3D ( 'NONE', #9848, #7450, #8270 ) ;
#649 = CARTESIAN_POINT ( 'NONE',  ( 40.60000000000001563, 18.77052009751005457, -48.55041348517858069 ) ) ;
#650 = ADVANCED_FACE ( 'NONE', ( #10316 ), #4701, .F. ) ;
#651 = EDGE_CURVE ( 'NONE', #10231, #9751, #7052, .T. ) ;
#652 = CARTESIAN_POINT ( 'NONE',  ( 40.60000000000001563, 18.88772481033657158, 27.17386661099702749 ) ) ;
#653 = CARTESIAN_POINT ( 'NONE',  ( 5.724622203665686193, 13.11422211844027608, -45.00000000000000711 ) ) ;
#654 = ORIENTED_EDGE ( 'NONE', *, *, #5330, .F. ) ;
#655 = PLANE ( 'NONE',  #4511 ) ;
#656 = CARTESIAN_POINT ( 'NONE',  ( -45.00000000000001421, 21.77447615628469180, -32.17386661099703105 ) ) ;
#657 = ORIENTED_EDGE ( 'NONE', *, *, #10243, .F. ) ;
#658 = VERTEX_POINT ( 'NONE', #6122 ) ;
#659 = EDGE_LOOP ( 'NONE', ( #5161, #4251, #6893, #4087 ) ) ;
#660 = DIRECTION ( 'NONE',  ( -7.709882115452476934E-17, 0.000000000000000000, -1.000000000000000000 ) ) ;
#661 = DIRECTION ( 'NONE',  ( 0.000000000000000000, -0.5000000000000002220, -0.8660254037844384856 ) ) ;
#662 = LINE ( 'NONE', #3945, #10650 ) ;
#663 = CARTESIAN_POINT ( 'NONE',  ( 27.17386661099703460, 36.88577788155965465, 40.59999999999996589 ) ) ;
#664 = VECTOR ( 'NONE', #5634, 1000.000000000000000 ) ;
#665 = CARTESIAN_POINT ( 'NONE',  ( -43.00000000000001421, 45.00000000000000000, -43.00000000000000000 ) ) ;
#666 = ORIENTED_EDGE ( 'NONE', *, *, #2403, .F. ) ;
#667 = ORIENTED_EDGE ( 'NONE', *, *, #5526, .T. ) ;
#668 = ORIENTED_EDGE ( 'NONE', *, *, #7065, .T. ) ;
#669 = CARTESIAN_POINT ( 'NONE',  ( -24.28974596215562087, 33.25018867790191734, 40.59999999999998721 ) ) ;
#670 = ORIENTED_EDGE ( 'NONE', *, *, #796, .T. ) ;
#671 = CARTESIAN_POINT ( 'NONE',  ( -37.17386661099703105, 18.88772481033652184, -45.00000000000000711 ) ) ;
#672 = FACE_BOUND ( 'NONE', #6825, .T. ) ;
#673 = EDGE_CURVE ( 'NONE', #7061, #5497, #4544, .T. ) ;
#674 = CARTESIAN_POINT ( 'NONE',  ( -32.17386661099702394, 10.22747077249215231, -45.00000000000000711 ) ) ;
#675 = CARTESIAN_POINT ( 'NONE',  ( 6.884854776271489727E-15, 19.22649730810373114, -45.00000000000000711 ) ) ;
#676 = EDGE_LOOP ( 'NONE', ( #4814, #10195, #1636, #1445, #2388, #3095 ) ) ;
#677 = EDGE_CURVE ( 'NONE', #1541, #7202, #7877, .T. ) ;
#678 = CARTESIAN_POINT ( 'NONE',  ( 40.59999999999999432, 39.77252922750783171, 10.72462220366567109 ) ) ;
#679 = ORIENTED_EDGE ( 'NONE', *, *, #7808, .F. ) ;
#680 = AXIS2_PLACEMENT_3D ( 'NONE', #714, #3187, #3238 ) ;
#681 = ADVANCED_FACE ( 'NONE', ( #454 ), #9458, .F. ) ;
#682 = VECTOR ( 'NONE', #1783, 999.9999999999998863 ) ;
#683 = VECTOR ( 'NONE', #7601, 1000.000000000000114 ) ;
#684 = CARTESIAN_POINT ( 'NONE',  ( -20.00000000000001421, 0.000000000000000000, -20.00000000000001421 ) ) ;
#685 = EDGE_CURVE ( 'NONE', #7912, #9301, #5466, .T. ) ;
#686 = CARTESIAN_POINT ( 'NONE',  ( -40.60000000000001563, 28.22552384371529755, -10.72462220366567109 ) ) ;
#687 = PLANE ( 'NONE',  #4118 ) ;
#688 = EDGE_CURVE ( 'NONE', #7610, #3316, #2185, .T. ) ;
#689 = ORIENTED_EDGE ( 'NONE', *, *, #6892, .T. ) ;
#690 = CARTESIAN_POINT ( 'NONE',  ( 27.17386661099703815, 13.11422211844027608, -45.00000000000000711 ) ) ;
#691 = VERTEX_POINT ( 'NONE', #1375 ) ;
#692 = VECTOR ( 'NONE', #484, 1000.000000000000000 ) ;
#693 = VERTEX_POINT ( 'NONE', #4650 ) ;
#694 = VECTOR ( 'NONE', #4542, 999.9999999999998863 ) ;
#695 = AXIS2_PLACEMENT_3D ( 'NONE', #7011, #3204, #7331 ) ;
#696 = CARTESIAN_POINT ( 'NONE',  ( -40.60000000000001563, 28.22552384371529755, 10.72462220366568530 ) ) ;
#697 = CARTESIAN_POINT ( 'NONE',  ( 5.000000000000004441, 27.88675134594812022, -40.59999999999998721 ) ) ;
#698 = DIRECTION ( 'NONE',  ( -0.000000000000000000, -0.000000000000000000, 1.000000000000000000 ) ) ;
#699 = DIRECTION ( 'NONE',  ( 0.000000000000000000, 0.5000000000000005551, -0.8660254037844382635 ) ) ;
#700 = DIRECTION ( 'NONE',  ( 0.000000000000000000, 1.000000000000000000, 0.000000000000000000 ) ) ;
#701 = EDGE_CURVE ( 'NONE', #2709, #3648, #560, .T. ) ;
#702 = FACE_OUTER_BOUND ( 'NONE', #3464, .T. ) ;
#703 = ORIENTED_EDGE ( 'NONE', *, *, #10136, .F. ) ;
#704 = CARTESIAN_POINT ( 'NONE',  ( 44.99999999999997868, 45.00000000000000000, -43.00000000000000000 ) ) ;
#705 = CARTESIAN_POINT ( 'NONE',  ( -5.724622203665652442, 5.000000000000018652, 40.59999999999998721 ) ) ;
#706 = ORIENTED_EDGE ( 'NONE', *, *, #3070, .T. ) ;
#707 = VERTEX_POINT ( 'NONE', #3628 ) ;
#708 = EDGE_LOOP ( 'NONE', ( #10620, #3895, #2192, #9931, #4420, #6126 ) ) ;
#709 = VERTEX_POINT ( 'NONE', #9771 ) ;
#710 = ADVANCED_FACE ( 'NONE', ( #1472 ), #3992, .F. ) ;
#711 = DIRECTION ( 'NONE',  ( -0.8660254037844389297, 0.4999999999999995004, 0.000000000000000000 ) ) ;
#712 = CARTESIAN_POINT ( 'NONE',  ( -45.00000000000001421, 36.88577788155969728, 5.724622203665672870 ) ) ;
#713 = CARTESIAN_POINT ( 'NONE',  ( 40.59999999999998721, 31.11227518966343553, 27.17386661099702394 ) ) ;
#714 = CARTESIAN_POINT ( 'NONE',  ( -45.00000000000001421, 22.11324865405185491, -16.44924440733134929 ) ) ;
#715 = CARTESIAN_POINT ( 'NONE',  ( -45.00000000000002132, 10.22747077249216652, 32.17386661099703815 ) ) ;
#716 = ORIENTED_EDGE ( 'NONE', *, *, #10494, .T. ) ;
#717 = ORIENTED_EDGE ( 'NONE', *, *, #5233, .T. ) ;
#718 = VECTOR ( 'NONE', #8872, 1000.000000000000000 ) ;
#719 = VERTEX_POINT ( 'NONE', #5668 ) ;
#720 = EDGE_CURVE ( 'NONE', #1686, #7119, #4856, .T. ) ;
#721 = DIRECTION ( 'NONE',  ( 0.000000000000000000, 0.5000000000000005551, -0.8660254037844382635 ) ) ;
#722 = ORIENTED_EDGE ( 'NONE', *, *, #7184, .F. ) ;
#723 = VECTOR ( 'NONE', #6099, 999.9999999999998863 ) ;
#724 = DIRECTION ( 'NONE',  ( -0.8660254037844381525, -0.5000000000000006661, 0.000000000000000000 ) ) ;
#725 = CARTESIAN_POINT ( 'NONE',  ( -21.67670798600079252, -5.000000000000000000, -5.413252018710206670 ) ) ;
#726 = FACE_OUTER_BOUND ( 'NONE', #5241, .T. ) ;
#727 = DIRECTION ( 'NONE',  ( 1.000000000000000000, -0.000000000000000000, -7.709882115452476934E-17 ) ) ;
#728 = CARTESIAN_POINT ( 'NONE',  ( 27.17386661099703460, 18.88772481033651474, -45.00000000000000711 ) ) ;
#729 = ORIENTED_EDGE ( 'NONE', *, *, #367, .F. ) ;
#730 = FACE_OUTER_BOUND ( 'NONE', #4986, .T. ) ;
#731 = ORIENTED_EDGE ( 'NONE', *, *, #5921, .T. ) ;
#732 = ORIENTED_EDGE ( 'NONE', *, *, #9818, .F. ) ;
#733 = ADVANCED_FACE ( 'NONE', ( #10524 ), #609, .F. ) ;
#734 = CARTESIAN_POINT ( 'NONE',  ( 40.60000000000001563, 4.999999999999997335, -27.17386661099703460 ) ) ;
#735 = LINE ( 'NONE', #10695, #5795 ) ;
#736 = CARTESIAN_POINT ( 'NONE',  ( -36.08321690396843451, -5.000000000000000000, -39.02809845431143287 ) ) ;
#737 = ORIENTED_EDGE ( 'NONE', *, *, #9452, .F. ) ;
#738 = DIRECTION ( 'NONE',  ( 0.000000000000000000, -0.5000000000000002220, -0.8660254037844384856 ) ) ;
#739 = ORIENTED_EDGE ( 'NONE', *, *, #5462, .F. ) ;
#740 =( BOUNDED_CURVE ( )  B_SPLINE_CURVE ( 3, ( #7363, #7530, #9976, #3292 ),
 .UNSPECIFIED., .F., .T. ) 
 B_SPLINE_CURVE_WITH_KNOTS ( ( 4, 4 ),
 ( 5.515995204261206375, 7.050375410097965201 ),
 .UNSPECIFIED. ) 
 CURVE ( )  GEOMETRIC_REPRESENTATION_ITEM ( )  RATIONAL_B_SPLINE_CURVE ( ( 1.000000000000000000, 0.8132426008497390946, 0.8132426008497390946, 1.000000000000000000 ) ) 
 REPRESENTATION_ITEM ( '' )  );
#741 = VERTEX_POINT ( 'NONE', #9000 ) ;
#742 = ADVANCED_FACE ( 'NONE', ( #2483 ), #7206, .F. ) ;
#743 = EDGE_CURVE ( 'NONE', #8532, #998, #9921, .T. ) ;
#744 = AXIS2_PLACEMENT_3D ( 'NONE', #830, #4108, #7436 ) ;
#745 = FACE_OUTER_BOUND ( 'NONE', #5775, .T. ) ;
#746 = LINE ( 'NONE', #10607, #10114 ) ;
#747 = DIRECTION ( 'NONE',  ( 1.000000000000000000, -0.000000000000000000, -7.709882115452476934E-17 ) ) ;
#748 = DIRECTION ( 'NONE',  ( 0.000000000000000000, -0.5000000000000002220, -0.8660254037844384856 ) ) ;
#749 = DIRECTION ( 'NONE',  ( 0.000000000000000000, 1.000000000000000000, 0.000000000000000000 ) ) ;
#750 = CARTESIAN_POINT ( 'NONE',  ( 15.16033048310345066, -5.000000000000002665, -1.103125484187129635 ) ) ;
#751 = ORIENTED_EDGE ( 'NONE', *, *, #8701, .T. ) ;
#752 = LINE ( 'NONE', #801, #8332 ) ;
#753 = DIRECTION ( 'NONE',  ( -6.009258394948641055E-16, 1.000000000000000000, -0.000000000000000000 ) ) ;
#754 = VERTEX_POINT ( 'NONE', #2434 ) ;
#755 = VECTOR ( 'NONE', #3127, 1000.000000000000000 ) ;
#756 = CARTESIAN_POINT ( 'NONE',  ( -37.17386661099701683, 4.999999999999999112, 40.59999999999998721 ) ) ;
#757 = ORIENTED_EDGE ( 'NONE', *, *, #1740, .F. ) ;
#758 = EDGE_CURVE ( 'NONE', #6132, #276, #7261, .T. ) ;
#759 = DIRECTION ( 'NONE',  ( 0.000000000000000000, -0.5000000000000005551, 0.8660254037844382635 ) ) ;
#760 = DIRECTION ( 'NONE',  ( 1.000000000000000000, -0.000000000000000000, -7.709882115452476934E-17 ) ) ;
#761 = VECTOR ( 'NONE', #5449, 1000.000000000000000 ) ;
#762 = CARTESIAN_POINT ( 'NONE',  ( 42.99999999999999289, 45.00000000000000000, 42.99999999999997868 ) ) ;
#763 = CARTESIAN_POINT ( 'NONE',  ( 5.000000000000006217, 22.11324865405186202, -45.00000000000000711 ) ) ;
#764 = LINE ( 'NONE', #6600, #4196 ) ;
#765 = ORIENTED_EDGE ( 'NONE', *, *, #3019, .T. ) ;
#766 = ORIENTED_EDGE ( 'NONE', *, *, #10687, .F. ) ;
#767 = ORIENTED_EDGE ( 'NONE', *, *, #4694, .T. ) ;
#768 = VECTOR ( 'NONE', #6913, 999.9999999999998863 ) ;
#769 = ORIENTED_EDGE ( 'NONE', *, *, #4780, .T. ) ;
#770 = ORIENTED_EDGE ( 'NONE', *, *, #7954, .T. ) ;
#771 = PLANE ( 'NONE',  #10218 ) ;
#772 = ORIENTED_EDGE ( 'NONE', *, *, #2622, .F. ) ;
#773 = DIRECTION ( 'NONE',  ( 1.000000000000000000, -0.000000000000000000, -7.709882115452476934E-17 ) ) ;
#774 = PLANE ( 'NONE',  #9466 ) ;
#775 = CARTESIAN_POINT ( 'NONE',  ( -16.44924440733134929, 27.88675134594809890, -40.59999999999998721 ) ) ;
#776 = DIRECTION ( 'NONE',  ( -0.5000000000000007772, 0.8660254037844382635, 0.000000000000000000 ) ) ;
#777 = CARTESIAN_POINT ( 'NONE',  ( -21.44924440733134574, 19.22649730810371338, -45.00000000000000711 ) ) ;
#778 = ORIENTED_EDGE ( 'NONE', *, *, #7559, .F. ) ;
#779 = EDGE_CURVE ( 'NONE', #3448, #9218, #5768, .T. ) ;
#780 = CARTESIAN_POINT ( 'NONE',  ( -45.00000000000001421, 18.88772481033655737, -27.17386661099702749 ) ) ;
#781 = ADVANCED_FACE ( 'NONE', ( #2288 ), #3, .F. ) ;
#782 = ORIENTED_EDGE ( 'NONE', *, *, #3048, .T. ) ;
#783 = DIRECTION ( 'NONE',  ( 4.506943796211494843E-16, -1.000000000000000000, 0.000000000000000000 ) ) ;
#784 = FACE_OUTER_BOUND ( 'NONE', #3360, .T. ) ;
#785 = CARTESIAN_POINT ( 'NONE',  ( -40.60000000000001563, 4.999999999999997335, 5.000000000000004441 ) ) ;
#786 = VERTEX_POINT ( 'NONE', #7360 ) ;
#787 = DIRECTION ( 'NONE',  ( 0.8660254037844384856, 0.5000000000000004441, 0.000000000000000000 ) ) ;
#788 = VERTEX_POINT ( 'NONE', #9821 ) ;
#789 = VECTOR ( 'NONE', #6783, 1000.000000000000227 ) ;
#790 = ORIENTED_EDGE ( 'NONE', *, *, #1827, .F. ) ;
#791 = VECTOR ( 'NONE', #7616, 999.9999999999998863 ) ;
#792 = CARTESIAN_POINT ( 'NONE',  ( 10.72462220366569063, 39.77252922750778907, -45.00000000000000711 ) ) ;
#793 = CARTESIAN_POINT ( 'NONE',  ( -40.60000000000001563, 12.56922586464553504, -36.22990540948980254 ) ) ;
#794 = CARTESIAN_POINT ( 'NONE',  ( 35.75340584961783463, -6.696730784170957129, 38.69828739996076195 ) ) ;
#795 = LINE ( 'NONE', #6475, #10160 ) ;
#796 = EDGE_CURVE ( 'NONE', #6175, #3580, #5571, .T. ) ;
#797 = CARTESIAN_POINT ( 'NONE',  ( -15.72462220366565866, 5.000000000000008882, 40.59999999999998721 ) ) ;
#798 =( BOUNDED_CURVE ( )  B_SPLINE_CURVE ( 3, ( #10125, #1069, #10176, #4343 ),
 .UNSPECIFIED., .F., .T. ) 
 B_SPLINE_CURVE_WITH_KNOTS ( ( 4, 4 ),
 ( 5.515995204261211704, 7.050375410097961648 ),
 .UNSPECIFIED. ) 
 CURVE ( )  GEOMETRIC_REPRESENTATION_ITEM ( )  RATIONAL_B_SPLINE_CURVE ( ( 1.000000000000000000, 0.8132426008497410930, 0.8132426008497410930, 1.000000000000000000 ) ) 
 REPRESENTATION_ITEM ( '' )  );
#799 = CARTESIAN_POINT ( 'NONE',  ( -37.17386661099703105, 36.88577788155965465, 44.99999999999999289 ) ) ;
#800 = EDGE_LOOP ( 'NONE', ( #5261, #8742, #1744, #9241 ) ) ;
#801 = CARTESIAN_POINT ( 'NONE',  ( -45.00000000000001421, 36.88577788155969728, -5.724622203665674647 ) ) ;
#802 = AXIS2_PLACEMENT_3D ( 'NONE', #3027, #2004, #3775 ) ;
#803 = ADVANCED_FACE ( 'NONE', ( #7311 ), #1521, .F. ) ;
#804 = VECTOR ( 'NONE', #4847, 999.9999999999998863 ) ;
#805 = DIRECTION ( 'NONE',  ( -0.8660254037844381525, -0.5000000000000006661, 0.000000000000000000 ) ) ;
#806 = VERTEX_POINT ( 'NONE', #3234 ) ;
#807 = EDGE_CURVE ( 'NONE', #8514, #531, #10576, .T. ) ;
#808 = VECTOR ( 'NONE', #7285, 999.9999999999998863 ) ;
#809 = VERTEX_POINT ( 'NONE', #6484 ) ;
#810 = ORIENTED_EDGE ( 'NONE', *, *, #4525, .F. ) ;
#811 = VECTOR ( 'NONE', #2410, 1000.000000000000000 ) ;
#812 = DIRECTION ( 'NONE',  ( 0.8660254037844385966, -0.5000000000000002220, 0.000000000000000000 ) ) ;
#813 = CARTESIAN_POINT ( 'NONE',  ( 44.99999999999998579, 36.88577788155969728, 15.72462220366567465 ) ) ;
#814 = FACE_OUTER_BOUND ( 'NONE', #6468, .T. ) ;
#815 = DIRECTION ( 'NONE',  ( 0.000000000000000000, -1.000000000000000000, 0.000000000000000000 ) ) ;
#816 = LINE ( 'NONE', #3239, #8194 ) ;
#817 = DIRECTION ( 'NONE',  ( 0.000000000000000000, -0.5000000000000002220, -0.8660254037844384856 ) ) ;
#818 = VERTEX_POINT ( 'NONE', #4091 ) ;
#819 = ORIENTED_EDGE ( 'NONE', *, *, #3872, .F. ) ;
#820 = ADVANCED_FACE ( 'NONE', ( #4799 ), #9870, .F. ) ;
#821 = ORIENTED_EDGE ( 'NONE', *, *, #5032, .F. ) ;
#822 = ORIENTED_EDGE ( 'NONE', *, *, #6415, .F. ) ;
#823 = ORIENTED_EDGE ( 'NONE', *, *, #8309, .F. ) ;
#824 = VECTOR ( 'NONE', #2954, 1000.000000000000000 ) ;
#825 = DIRECTION ( 'NONE',  ( 0.000000000000000000, 1.000000000000000000, 0.000000000000000000 ) ) ;
#826 = CARTESIAN_POINT ( 'NONE',  ( 40.00000000000006395, 0.000000000000000000, -37.05511844965703716 ) ) ;
#827 = ADVANCED_FACE ( 'NONE', ( #9049 ), #1623, .F. ) ;
#828 = PLANE ( 'NONE',  #5789 ) ;
#829 = LINE ( 'NONE', #3306, #6705 ) ;
#830 = CARTESIAN_POINT ( 'NONE',  ( -45.00000000000001421, 39.77252922750783171, 10.72462220366567820 ) ) ;
#831 = DIRECTION ( 'NONE',  ( -0.000000000000000000, -0.000000000000000000, 1.000000000000000000 ) ) ;
#832 = VERTEX_POINT ( 'NONE', #3290 ) ;
#833 = LINE ( 'NONE', #4112, #355 ) ;
#834 = EDGE_CURVE ( 'NONE', #6801, #709, #6596, .T. ) ;
#835 = ORIENTED_EDGE ( 'NONE', *, *, #8747, .T. ) ;
#836 = ORIENTED_EDGE ( 'NONE', *, *, #5628, .F. ) ;
#837 = EDGE_CURVE ( 'NONE', #10349, #8480, #6766, .T. ) ;
#838 = ADVANCED_FACE ( 'NONE', ( #3501 ), #1084, .F. ) ;
#839 = LINE ( 'NONE', #5965, #1383 ) ;
#840 = DIRECTION ( 'NONE',  ( 4.506943796211493857E-16, -1.000000000000000000, 0.000000000000000000 ) ) ;
#841 = FACE_OUTER_BOUND ( 'NONE', #2848, .T. ) ;
#842 = DIRECTION ( 'NONE',  ( 3.854941057726239700E-17, -0.8660254037844385966, 0.5000000000000003331 ) ) ;
#843 = ORIENTED_EDGE ( 'NONE', *, *, #8979, .F. ) ;
#844 = PLANE ( 'NONE',  #10000 ) ;
#845 = ORIENTED_EDGE ( 'NONE', *, *, #9500, .F. ) ;
#846 = EDGE_CURVE ( 'NONE', #7772, #7701, #4306, .T. ) ;
#847 = ORIENTED_EDGE ( 'NONE', *, *, #2186, .F. ) ;
#848 = AXIS2_PLACEMENT_3D ( 'NONE', #3426, #6738, #10061 ) ;
#849 = VECTOR ( 'NONE', #7474, 1000.000000000000227 ) ;
#850 = VECTOR ( 'NONE', #358, 1000.000000000000000 ) ;
#851 = EDGE_CURVE ( 'NONE', #1144, #4244, #867, .T. ) ;
#852 = CARTESIAN_POINT ( 'NONE',  ( -30.03240569234300494, -13.30361025463759006, -40.59999999999998721 ) ) ;
#853 = CARTESIAN_POINT ( 'NONE',  ( -18.07420871848713873, 44.01581498027240258, -40.59999999999998721 ) ) ;
#854 = DIRECTION ( 'NONE',  ( 0.1874275599918963364, 0.9642312064598242971, 0.1874275599918964197 ) ) ;
#855 = LINE ( 'NONE', #259, #5801 ) ;
#856 = AXIS2_PLACEMENT_3D ( 'NONE', #9795, #842, #5646 ) ;
#857 = CARTESIAN_POINT ( 'NONE',  ( 32.17386661099703815, 21.77447615628465272, -40.59999999999998721 ) ) ;
#858 = CARTESIAN_POINT ( 'NONE',  ( 3.501671751013972766, 46.66904755831214402, 19.76512771830457282 ) ) ;
#859 = ORIENTED_EDGE ( 'NONE', *, *, #6585, .T. ) ;
#860 = PLANE ( 'NONE',  #5894 ) ;
#861 = CARTESIAN_POINT ( 'NONE',  ( -45.00000000000001421, 36.88577788155969728, 5.724622203665675535 ) ) ;
#862 = EDGE_LOOP ( 'NONE', ( #9745, #8147, #9796, #5538 ) ) ;
#863 = AXIS2_PLACEMENT_3D ( 'NONE', #5785, #9121, #4973 ) ;
#864 = VECTOR ( 'NONE', #2495, 1000.000000000000000 ) ;
#865 = ORIENTED_EDGE ( 'NONE', *, *, #9766, .F. ) ;
#866 = VECTOR ( 'NONE', #9508, 999.9999999999998863 ) ;
#867 = LINE ( 'NONE', #2596, #4687 ) ;
#868 = EDGE_CURVE ( 'NONE', #10024, #6269, #7642, .T. ) ;
#869 = LINE ( 'NONE', #9974, #7164 ) ;
#870 = FACE_OUTER_BOUND ( 'NONE', #10490, .T. ) ;
#871 = CARTESIAN_POINT ( 'NONE',  ( 18.14117408006804411, -5.000000000000002665, 32.28330970379904130 ) ) ;
#872 = DIRECTION ( 'NONE',  ( -0.8660254037844384856, -0.5000000000000004441, 0.000000000000000000 ) ) ;
#873 = VECTOR ( 'NONE', #9640, 1000.000000000000000 ) ;
#874 = CARTESIAN_POINT ( 'NONE',  ( -39.02809845431143998, -5.000000000000000000, -36.08321690396843451 ) ) ;
#875 = VERTEX_POINT ( 'NONE', #164 ) ;
#876 = ORIENTED_EDGE ( 'NONE', *, *, #7389, .T. ) ;
#877 = VERTEX_POINT ( 'NONE', #5126 ) ;
#878 = EDGE_CURVE ( 'NONE', #10172, #2795, #5183, .T. ) ;
#879 = ORIENTED_EDGE ( 'NONE', *, *, #8530, .F. ) ;
#880 = FACE_OUTER_BOUND ( 'NONE', #9581, .T. ) ;
#881 = ADVANCED_FACE ( 'NONE', ( #4961 ), #9271, .F. ) ;
#882 = DIRECTION ( 'NONE',  ( 0.000000000000000000, 0.5000000000000002220, 0.8660254037844385966 ) ) ;
#883 = DIRECTION ( 'NONE',  ( -6.009258394948641055E-16, 1.000000000000000000, 0.000000000000000000 ) ) ;
#884 = DIRECTION ( 'NONE',  ( -0.8660254037844384856, -0.5000000000000004441, 0.000000000000000000 ) ) ;
#885 = DIRECTION ( 'NONE',  ( -0.8660254037844382635, -0.5000000000000007772, 0.000000000000000000 ) ) ;
#886 = DIRECTION ( 'NONE',  ( 0.000000000000000000, 1.000000000000000000, 0.000000000000000000 ) ) ;
#887 = VERTEX_POINT ( 'NONE', #10138 ) ;
#888 = DIRECTION ( 'NONE',  ( 0.000000000000000000, 0.5000000000000002220, 0.8660254037844384856 ) ) ;
#889 = ORIENTED_EDGE ( 'NONE', *, *, #5706, .T. ) ;
#890 = VERTEX_POINT ( 'NONE', #8508 ) ;
#891 = VECTOR ( 'NONE', #8226, 1000.000000000000000 ) ;
#892 = ADVANCED_FACE ( 'NONE', ( #2758 ), #4357, .F. ) ;
#893 = VERTEX_POINT ( 'NONE', #5827 ) ;
#894 = FACE_OUTER_BOUND ( 'NONE', #7958, .T. ) ;
#895 = LINE ( 'NONE', #7669, #1166 ) ;
#896 = PLANE ( 'NONE',  #8420 ) ;
#897 = DIRECTION ( 'NONE',  ( -0.000000000000000000, -0.000000000000000000, 1.000000000000000000 ) ) ;
#898 = ORIENTED_EDGE ( 'NONE', *, *, #6754, .T. ) ;
#899 = CARTESIAN_POINT ( 'NONE',  ( -53.55041348517859490, 27.43077413535439035, -40.59999999999998721 ) ) ;
#900 = ORIENTED_EDGE ( 'NONE', *, *, #2494, .F. ) ;
#901 = AXIS2_PLACEMENT_3D ( 'NONE', #3090, #8898, #3184 ) ;
#902 = VERTEX_POINT ( 'NONE', #1787 ) ;
#903 = VERTEX_POINT ( 'NONE', #3402 ) ;
#904 = ORIENTED_EDGE ( 'NONE', *, *, #4988, .T. ) ;
#905 = LINE ( 'NONE', #4184, #10544 ) ;
#906 = CARTESIAN_POINT ( 'NONE',  ( -26.44924440733134574, 22.11324865405184426, -45.00000000000000711 ) ) ;
#907 = CARTESIAN_POINT ( 'NONE',  ( 5.000000000000006217, 22.11324865405186202, 44.99999999999999289 ) ) ;
#908 = FACE_OUTER_BOUND ( 'NONE', #7505, .T. ) ;
#909 = LINE ( 'NONE', #6698, #9293 ) ;
#910 = LINE ( 'NONE', #7349, #3442 ) ;
#911 = LINE ( 'NONE', #4138, #3561 ) ;
#912 = ORIENTED_EDGE ( 'NONE', *, *, #7260, .T. ) ;
#913 = DIRECTION ( 'NONE',  ( -0.5000000000000007772, 0.8660254037844382635, 0.000000000000000000 ) ) ;
#914 = LINE ( 'NONE', #10713, #682 ) ;
#915 = VERTEX_POINT ( 'NONE', #7585 ) ;
#916 = EDGE_CURVE ( 'NONE', #8857, #7549, #5068, .T. ) ;
#917 = DIRECTION ( 'NONE',  ( 0.000000000000000000, -0.5000000000000004441, 0.8660254037844382635 ) ) ;
#918 = LINE ( 'NONE', #3291, #3177 ) ;
#919 = DIRECTION ( 'NONE',  ( 7.709882115452476934E-17, 0.000000000000000000, 1.000000000000000000 ) ) ;
#920 = DIRECTION ( 'NONE',  ( 3.854941057726239700E-17, -0.8660254037844385966, 0.5000000000000003331 ) ) ;
#921 = DIRECTION ( 'NONE',  ( 0.8660254037844385966, -0.5000000000000002220, 0.000000000000000000 ) ) ;
#922 = AXIS2_PLACEMENT_3D ( 'NONE', #5955, #10055, #8360 ) ;
#923 = CARTESIAN_POINT ( 'NONE',  ( 40.60000000000001563, 9.482724823144925708, -43.18810238334573626 ) ) ;
#924 = ORIENTED_EDGE ( 'NONE', *, *, #1255, .T. ) ;
#925 = VERTEX_POINT ( 'NONE', #8449 ) ;
#926 = EDGE_CURVE ( 'NONE', #2492, #2373, #7471, .T. ) ;
#927 = ORIENTED_EDGE ( 'NONE', *, *, #837, .T. ) ;
#928 = EDGE_LOOP ( 'NONE', ( #2056, #6245, #6086, #7818 ) ) ;
#929 = AXIS2_PLACEMENT_3D ( 'NONE', #1845, #1198, #1032 ) ;
#930 = ORIENTED_EDGE ( 'NONE', *, *, #1781, .F. ) ;
#931 = CARTESIAN_POINT ( 'NONE',  ( -5.724622203665671094, 18.88772481033653250, 40.59999999999996589 ) ) ;
#932 = DIRECTION ( 'NONE',  ( 1.000000000000000000, -0.000000000000000000, -7.709882115452476934E-17 ) ) ;
#933 = PLANE ( 'NONE',  #2863 ) ;
#934 = PLANE ( 'NONE',  #2065 ) ;
#935 = ORIENTED_EDGE ( 'NONE', *, *, #1977, .T. ) ;
#936 = CYLINDRICAL_SURFACE ( 'NONE', #8895, 2.999999999999998224 ) ;
#937 = CARTESIAN_POINT ( 'NONE',  ( 40.60000000000001563, 8.855183586624203684, -42.82579128151290604 ) ) ;
#938 = VERTEX_POINT ( 'NONE', #974 ) ;
#939 = EDGE_CURVE ( 'NONE', #6461, #832, #10087, .T. ) ;
#940 = EDGE_LOOP ( 'NONE', ( #1784, #4697, #7009, #9566 ) ) ;
#941 = VECTOR ( 'NONE', #218, 999.9999999999998863 ) ;
#942 = EDGE_CURVE ( 'NONE', #5297, #8857, #5017, .T. ) ;
#943 = EDGE_CURVE ( 'NONE', #345, #10652, #56, .T. ) ;
#944 = EDGE_CURVE ( 'NONE', #10013, #10678, #6646, .T. ) ;
#945 = FACE_BOUND ( 'NONE', #10045, .T. ) ;
#946 = ORIENTED_EDGE ( 'NONE', *, *, #8014, .T. ) ;
#947 = DIRECTION ( 'NONE',  ( -6.009258394948641055E-16, 1.000000000000000000, 0.000000000000000000 ) ) ;
#948 = CARTESIAN_POINT ( 'NONE',  ( 10.72462220366568886, 28.22552384371528333, -45.00000000000000711 ) ) ;
#949 = CARTESIAN_POINT ( 'NONE',  ( -40.60000000000001563, 4.999999999999997335, 5.724622203665672870 ) ) ;
#950 = DIRECTION ( 'NONE',  ( 7.709882115452476934E-17, 0.000000000000000000, 1.000000000000000000 ) ) ;
#951 = LINE ( 'NONE', #5917, #1678 ) ;
#952 = ORIENTED_EDGE ( 'NONE', *, *, #8461, .T. ) ;
#953 = ADVANCED_FACE ( 'NONE', ( #1733 ), #8342, .F. ) ;
#954 = ORIENTED_EDGE ( 'NONE', *, *, #5650, .F. ) ;
#955 = EDGE_LOOP ( 'NONE', ( #7149, #2608, #4113, #7593 ) ) ;
#956 = DIRECTION ( 'NONE',  ( -3.854941057726239700E-17, 0.8660254037844385966, -0.5000000000000002220 ) ) ;
#957 = DIRECTION ( 'NONE',  ( 0.000000000000000000, 0.000000000000000000, -1.000000000000000000 ) ) ;
#958 = CARTESIAN_POINT ( 'NONE',  ( 36.08321690396846293, -5.000000000000000000, 39.02809845431139735 ) ) ;
#959 = EDGE_CURVE ( 'NONE', #3582, #178, #2862, .T. ) ;
#960 = LINE ( 'NONE', #5926, #3397 ) ;
#961 = CARTESIAN_POINT ( 'NONE',  ( -32.17386661099702394, 28.22552384371528333, 44.99999999999999289 ) ) ;
#962 = CARTESIAN_POINT ( 'NONE',  ( -40.60000000000001563, 4.999999999999997335, 37.17386661099703815 ) ) ;
#963 = AXIS2_PLACEMENT_3D ( 'NONE', #128, #73, #5786 ) ;
#964 = CARTESIAN_POINT ( 'NONE',  ( 37.17386661099703815, 36.88577788155966886, -45.00000000000000711 ) ) ;
#965 = ORIENTED_EDGE ( 'NONE', *, *, #1946, .T. ) ;
#966 = DIRECTION ( 'NONE',  ( 0.000000000000000000, -0.000000000000000000, 1.000000000000000000 ) ) ;
#967 = DIRECTION ( 'NONE',  ( 1.000000000000000000, -0.000000000000000000, -7.709882115452476934E-17 ) ) ;
#968 = VERTEX_POINT ( 'NONE', #6319 ) ;
#969 = DIRECTION ( 'NONE',  ( 0.000000000000000000, -1.000000000000000000, 0.000000000000000000 ) ) ;
#970 = AXIS2_PLACEMENT_3D ( 'NONE', #1576, #9002, #4858 ) ;
#971 = VERTEX_POINT ( 'NONE', #4633 ) ;
#972 = EDGE_CURVE ( 'NONE', #8728, #8145, #8561, .T. ) ;
#973 = EDGE_CURVE ( 'NONE', #7664, #9791, #10354, .T. ) ;
#974 = CARTESIAN_POINT ( 'NONE',  ( 6.884854776271489727E-15, 19.22649730810373114, 44.99999999999999289 ) ) ;
#975 = CARTESIAN_POINT ( 'NONE',  ( -45.00000000000001421, 27.88675134594813443, -5.000000000000001776 ) ) ;
#976 = AXIS2_PLACEMENT_3D ( 'NONE', #2901, #474, #7783 ) ;
#977 = DIRECTION ( 'NONE',  ( 0.000000000000000000, 1.000000000000000000, 0.000000000000000000 ) ) ;
#978 = PLANE ( 'NONE',  #2723 ) ;
#979 = LINE ( 'NONE', #1683, #1288 ) ;
#980 = CARTESIAN_POINT ( 'NONE',  ( -45.00000000000001421, 36.88577788155969728, 15.72462220366568175 ) ) ;
#981 = ORIENTED_EDGE ( 'NONE', *, *, #10193, .F. ) ;
#982 = VERTEX_POINT ( 'NONE', #7804 ) ;
#983 = VECTOR ( 'NONE', #783, 1000.000000000000000 ) ;
#984 = EDGE_CURVE ( 'NONE', #5287, #6214, #10299, .T. ) ;
#985 = ORIENTED_EDGE ( 'NONE', *, *, #8014, .F. ) ;
#986 = ORIENTED_EDGE ( 'NONE', *, *, #7497, .T. ) ;
#987 = AXIS2_PLACEMENT_3D ( 'NONE', #2924, #9558, #7979 ) ;
#988 = ORIENTED_EDGE ( 'NONE', *, *, #7883, .F. ) ;
#989 = EDGE_LOOP ( 'NONE', ( #2267, #211, #6577, #1645 ) ) ;
#990 = CARTESIAN_POINT ( 'NONE',  ( -32.17386661099702394, 39.77252922750778907, -45.00000000000000711 ) ) ;
#991 = AXIS2_PLACEMENT_3D ( 'NONE', #7008, #6250, #8650 ) ;
#992 = DIRECTION ( 'NONE',  ( 0.1874275599918963642, 0.9642312064598242971, -0.1874275599918963087 ) ) ;
#993 = CARTESIAN_POINT ( 'NONE',  ( 40.60000000000001563, 16.03760659646321329, -46.97256513967722213 ) ) ;
#994 = CARTESIAN_POINT ( 'NONE',  ( 44.99999999999999289, 18.88772481033656803, 27.17386661099702394 ) ) ;
#995 = CARTESIAN_POINT ( 'NONE',  ( 15.72462220366568175, 18.88772481033653250, -45.00000000000000711 ) ) ;
#996 = LINE ( 'NONE', #6727, #8945 ) ;
#997 = EDGE_LOOP ( 'NONE', ( #3322, #621, #7308 ) ) ;
#998 = VERTEX_POINT ( 'NONE', #438 ) ;
#999 = ADVANCED_FACE ( 'NONE', ( #2977 ), #1948, .F. ) ;
#1000 = FACE_BOUND ( 'NONE', #4501, .T. ) ;
#1001 = VERTEX_POINT ( 'NONE', #3719 ) ;
#1002 = LINE ( 'NONE', #3318, #2399 ) ;
#1003 = EDGE_CURVE ( 'NONE', #8943, #2087, #545, .T. ) ;
#1004 = DIRECTION ( 'NONE',  ( -0.000000000000000000, -1.000000000000000000, -0.000000000000000000 ) ) ;
#1005 = DIRECTION ( 'NONE',  ( 0.5000000000000004441, -0.8660254037844384856, 0.000000000000000000 ) ) ;
#1006 = CARTESIAN_POINT ( 'NONE',  ( -45.00000000000002132, 13.11422211844029739, 5.724622203665675535 ) ) ;
#1007 = EDGE_LOOP ( 'NONE', ( #4100, #8285, #4169, #6433 ) ) ;
#1008 = VERTEX_POINT ( 'NONE', #1135 ) ;
#1009 = VERTEX_POINT ( 'NONE', #493 ) ;
#1010 = ORIENTED_EDGE ( 'NONE', *, *, #463, .T. ) ;
#1011 = EDGE_CURVE ( 'NONE', #10250, #3715, #2117, .T. ) ;
#1012 = CARTESIAN_POINT ( 'NONE',  ( -45.00000000000001421, 36.88577788155969728, -15.72462220366567820 ) ) ;
#1013 = EDGE_CURVE ( 'NONE', #2190, #10156, #7751, .T. ) ;
#1014 = CARTESIAN_POINT ( 'NONE',  ( -37.17386661099702394, 4.999999999999999112, -40.59999999999998721 ) ) ;
#1015 = CARTESIAN_POINT ( 'NONE',  ( 17.08051390828823557, 4.499999999999993783, 29.80843596964609432 ) ) ;
#1016 = LINE ( 'NONE', #5982, #3056 ) ;
#1017 = CARTESIAN_POINT ( 'NONE',  ( -45.00000000000002132, 21.77447615628469890, 32.17386661099703105 ) ) ;
#1018 = DIRECTION ( 'NONE',  ( 1.000000000000000000, -0.000000000000000000, -7.709882115452476934E-17 ) ) ;
#1019 = EDGE_LOOP ( 'NONE', ( #8612, #250, #7763, #357 ) ) ;
#1020 = CARTESIAN_POINT ( 'NONE',  ( -40.60000000000001563, 36.88577788155969728, -37.17386661099703815 ) ) ;
#1021 = FACE_OUTER_BOUND ( 'NONE', #9278, .T. ) ;
#1022 = VECTOR ( 'NONE', #967, 1000.000000000000000 ) ;
#1023 = ORIENTED_EDGE ( 'NONE', *, *, #7840, .T. ) ;
#1024 = AXIS2_PLACEMENT_3D ( 'NONE', #4654, #2189, #1215 ) ;
#1025 = VECTOR ( 'NONE', #7504, 1000.000000000000000 ) ;
#1026 = ORIENTED_EDGE ( 'NONE', *, *, #8828, .T. ) ;
#1027 = DIRECTION ( 'NONE',  ( -0.000000000000000000, -0.000000000000000000, 1.000000000000000000 ) ) ;
#1028 = EDGE_CURVE ( 'NONE', #110, #1569, #7143, .T. ) ;
#1029 = DIRECTION ( 'NONE',  ( -0.8660254037844384856, -0.5000000000000004441, 0.000000000000000000 ) ) ;
#1030 = DIRECTION ( 'NONE',  ( 7.709882115452476934E-17, 0.000000000000000000, 1.000000000000000000 ) ) ;
#1031 = LINE ( 'NONE', #5238, #8463 ) ;
#1032 = DIRECTION ( 'NONE',  ( -6.009258394948641055E-16, 1.000000000000000000, 0.000000000000000000 ) ) ;
#1033 = VECTOR ( 'NONE', #10100, 1000.000000000000000 ) ;
#1034 = FACE_OUTER_BOUND ( 'NONE', #3327, .T. ) ;
#1035 = ORIENTED_EDGE ( 'NONE', *, *, #7775, .F. ) ;
#1036 = EDGE_LOOP ( 'NONE', ( #9882, #1875, #3813, #2220 ) ) ;
#1037 = AXIS2_PLACEMENT_3D ( 'NONE', #8515, #6225, #2559 ) ;
#1038 = EDGE_CURVE ( 'NONE', #9612, #3826, #10245, .T. ) ;
#1039 = ORIENTED_EDGE ( 'NONE', *, *, #321, .T. ) ;
#1040 = ORIENTED_EDGE ( 'NONE', *, *, #4632, .T. ) ;
#1041 = FACE_OUTER_BOUND ( 'NONE', #3220, .T. ) ;
#1042 = AXIS2_PLACEMENT_3D ( 'NONE', #4759, #3147, #4972 ) ;
#1043 = CARTESIAN_POINT ( 'NONE',  ( -32.17386661099702394, 21.77447615628465982, -45.00000000000000711 ) ) ;
#1044 = DIRECTION ( 'NONE',  ( -0.000000000000000000, -0.000000000000000000, 1.000000000000000000 ) ) ;
#1045 = LINE ( 'NONE', #1805, #2219 ) ;
#1046 = ORIENTED_EDGE ( 'NONE', *, *, #616, .F. ) ;
#1047 = VECTOR ( 'NONE', #10570, 1000.000000000000000 ) ;
#1048 = LINE ( 'NONE', #995, #2468 ) ;
#1049 = CARTESIAN_POINT ( 'NONE',  ( 5.724622203665683529, 18.88772481033651474, -45.00000000000000711 ) ) ;
#1050 = ORIENTED_EDGE ( 'NONE', *, *, #2293, .T. ) ;
#1051 = EDGE_CURVE ( 'NONE', #4970, #8575, #6104, .T. ) ;
#1052 = EDGE_CURVE ( 'NONE', #6346, #8835, #6978, .T. ) ;
#1053 = VERTEX_POINT ( 'NONE', #10460 ) ;
#1054 = PLANE ( 'NONE',  #9033 ) ;
#1055 = ORIENTED_EDGE ( 'NONE', *, *, #3642, .T. ) ;
#1056 = DIRECTION ( 'NONE',  ( 1.000000000000000000, -0.000000000000000000, -7.709882115452476934E-17 ) ) ;
#1057 = DIRECTION ( 'NONE',  ( -0.8660254037844389297, 0.4999999999999995004, -0.000000000000000000 ) ) ;
#1058 = PLANE ( 'NONE',  #10330 ) ;
#1059 = DIRECTION ( 'NONE',  ( 0.000000000000000000, 0.5000000000000006661, -0.8660254037844383745 ) ) ;
#1060 = ORIENTED_EDGE ( 'NONE', *, *, #8354, .T. ) ;
#1061 = DIRECTION ( 'NONE',  ( 1.000000000000000000, -0.000000000000000000, -7.709882115452476934E-17 ) ) ;
#1062 = ORIENTED_EDGE ( 'NONE', *, *, #9440, .T. ) ;
#1063 = VECTOR ( 'NONE', #553, 999.9999999999998863 ) ;
#1064 = ORIENTED_EDGE ( 'NONE', *, *, #8083, .T. ) ;
#1065 = EDGE_LOOP ( 'NONE', ( #10085, #3836, #5783, #4061 ) ) ;
#1066 = EDGE_CURVE ( 'NONE', #7290, #1169, #1304, .T. ) ;
#1067 = ORIENTED_EDGE ( 'NONE', *, *, #878, .F. ) ;
#1068 = DIRECTION ( 'NONE',  ( -0.000000000000000000, -1.000000000000000000, -0.000000000000000000 ) ) ;
#1069 = CARTESIAN_POINT ( 'NONE',  ( -38.79294667738514590, 0.000000000000000000, -40.00000000000002842 ) ) ;
#1070 = VECTOR ( 'NONE', #467, 1000.000000000000000 ) ;
#1071 = LINE ( 'NONE', #5056, #4380 ) ;
#1072 = LINE ( 'NONE', #4400, #6345 ) ;
#1073 = CARTESIAN_POINT ( 'NONE',  ( -45.00000000000002132, 28.22552384371529755, 32.17386661099703815 ) ) ;
#1074 = CARTESIAN_POINT ( 'NONE',  ( -40.60000000000001563, 30.51727517685505475, -25.86759430765694745 ) ) ;
#1075 = VECTOR ( 'NONE', #8797, 999.9999999999998863 ) ;
#1076 = CARTESIAN_POINT ( 'NONE',  ( -45.00000000000001421, 28.22552384371529755, 10.72462220366568530 ) ) ;
#1077 = EDGE_LOOP ( 'NONE', ( #1055, #10198, #2384, #5971, #5015, #9421 ) ) ;
#1078 = DIRECTION ( 'NONE',  ( -0.1874275599918963087, 0.9642312064598242971, -0.1874275599918963919 ) ) ;
#1079 = DIRECTION ( 'NONE',  ( 0.000000000000000000, -1.000000000000000000, 0.000000000000000000 ) ) ;
#1080 = VERTEX_POINT ( 'NONE', #10410 ) ;
#1081 = EDGE_CURVE ( 'NONE', #9297, #4769, #1194, .T. ) ;
#1082 = EDGE_CURVE ( 'NONE', #9990, #6732, #2170, .T. ) ;
#1083 = EDGE_LOOP ( 'NONE', ( #2278, #242, #6033, #6939 ) ) ;
#1084 = PLANE ( 'NONE',  #8012 ) ;
#1085 = CARTESIAN_POINT ( 'NONE',  ( -45.00000000000002132, 18.88772481033655737, 15.72462220366568175 ) ) ;
#1086 = CARTESIAN_POINT ( 'NONE',  ( -45.00000000000001421, 27.88675134594813443, -5.000000000000001776 ) ) ;
#1087 = LINE ( 'NONE', #271, #3258 ) ;
#1088 = DIRECTION ( 'NONE',  ( 0.8660254037844383745, 0.5000000000000004441, 0.000000000000000000 ) ) ;
#1089 = CARTESIAN_POINT ( 'NONE',  ( 27.17386661099703460, 18.88772481033651474, -45.00000000000000711 ) ) ;
#1090 = ORIENTED_EDGE ( 'NONE', *, *, #3593, .T. ) ;
#1091 = CARTESIAN_POINT ( 'NONE',  ( -45.00000000000002132, 13.11422211844030450, 27.17386661099703105 ) ) ;
#1092 = VERTEX_POINT ( 'NONE', #6159 ) ;
#1093 = EDGE_CURVE ( 'NONE', #6057, #7803, #8781, .T. ) ;
#1094 = EDGE_LOOP ( 'NONE', ( #7555, #6089, #10594, #9385, #1149, #451 ) ) ;
#1095 = ORIENTED_EDGE ( 'NONE', *, *, #9589, .F. ) ;
#1096 = DIRECTION ( 'NONE',  ( 0.000000000000000000, -0.5000000000000004441, 0.8660254037844382635 ) ) ;
#1097 = ORIENTED_EDGE ( 'NONE', *, *, #7913, .F. ) ;
#1098 = ORIENTED_EDGE ( 'NONE', *, *, #3063, .T. ) ;
#1099 = DIRECTION ( 'NONE',  ( -1.000000000000000000, 0.000000000000000000, 7.709882115452476934E-17 ) ) ;
#1100 = VECTOR ( 'NONE', #1439, 1000.000000000000114 ) ;
#1101 = DIRECTION ( 'NONE',  ( 0.000000000000000000, 0.5000000000000002220, 0.8660254037844385966 ) ) ;
#1102 = CARTESIAN_POINT ( 'NONE',  ( -45.00000000000001421, 39.77252922750783171, -10.72462220366567820 ) ) ;
#1103 = CARTESIAN_POINT ( 'NONE',  ( -27.17386661099702749, 18.88772481033653960, -45.00000000000000711 ) ) ;
#1104 = LINE ( 'NONE', #6241, #9592 ) ;
#1105 = ADVANCED_FACE ( 'NONE', ( #5346 ), #8675, .F. ) ;
#1106 = VERTEX_POINT ( 'NONE', #696 ) ;
#1107 = VECTOR ( 'NONE', #6220, 1000.000000000000000 ) ;
#1108 = ORIENTED_EDGE ( 'NONE', *, *, #5693, .T. ) ;
#1109 = ORIENTED_EDGE ( 'NONE', *, *, #9006, .T. ) ;
#1110 = FACE_BOUND ( 'NONE', #4541, .T. ) ;
#1111 = ORIENTED_EDGE ( 'NONE', *, *, #3172, .T. ) ;
#1112 = CARTESIAN_POINT ( 'NONE',  ( 32.17386661099703815, 39.77252922750778907, -45.00000000000000711 ) ) ;
#1113 = DIRECTION ( 'NONE',  ( 0.8660254037844385966, -0.5000000000000002220, 0.000000000000000000 ) ) ;
#1114 = EDGE_CURVE ( 'NONE', #251, #1877, #3168, .T. ) ;
#1115 = VECTOR ( 'NONE', #4042, 1000.000000000000000 ) ;
#1116 = CARTESIAN_POINT ( 'NONE',  ( -38.69828739996080458, -6.696730784170947359, -35.75340584961781332 ) ) ;
#1117 = DIRECTION ( 'NONE',  ( 0.8660254037844389297, -0.4999999999999995004, 0.000000000000000000 ) ) ;
#1118 = DIRECTION ( 'NONE',  ( -3.854941057726239700E-17, 0.8660254037844385966, -0.5000000000000002220 ) ) ;
#1119 = ORIENTED_EDGE ( 'NONE', *, *, #3480, .F. ) ;
#1120 = ORIENTED_EDGE ( 'NONE', *, *, #5593, .F. ) ;
#1121 = VERTEX_POINT ( 'NONE', #4732 ) ;
#1122 = ORIENTED_EDGE ( 'NONE', *, *, #9048, .T. ) ;
#1123 = LINE ( 'NONE', #9374, #8459 ) ;
#1124 = LINE ( 'NONE', #4399, #6619 ) ;
#1125 = DIRECTION ( 'NONE',  ( -0.8660254037844382635, -0.5000000000000007772, 0.000000000000000000 ) ) ;
#1126 = LINE ( 'NONE', #9488, #6494 ) ;
#1127 = DIRECTION ( 'NONE',  ( -0.000000000000000000, -0.000000000000000000, 1.000000000000000000 ) ) ;
#1128 = DIRECTION ( 'NONE',  ( -0.000000000000000000, -1.000000000000000000, -0.000000000000000000 ) ) ;
#1129 = VERTEX_POINT ( 'NONE', #6370 ) ;
#1130 = CARTESIAN_POINT ( 'NONE',  ( 44.99999999999998579, 31.11227518966343553, 5.724622203665669318 ) ) ;
#1131 = DIRECTION ( 'NONE',  ( -3.854941057726239700E-17, 0.8660254037844385966, -0.5000000000000002220 ) ) ;
#1132 = ORIENTED_EDGE ( 'NONE', *, *, #4704, .F. ) ;
#1133 = ORIENTED_EDGE ( 'NONE', *, *, #7851, .F. ) ;
#1134 = EDGE_CURVE ( 'NONE', #2064, #36, #8071, .T. ) ;
#1135 = CARTESIAN_POINT ( 'NONE',  ( 44.99999999999999289, 13.11422211844028674, 15.72462220366567465 ) ) ;
#1136 = CARTESIAN_POINT ( 'NONE',  ( -45.00000000000002132, 18.88772481033655737, 15.72462220366568175 ) ) ;
#1137 = CARTESIAN_POINT ( 'NONE',  ( 10.72462220366568886, 10.22747077249214520, -45.00000000000000711 ) ) ;
#1138 = EDGE_CURVE ( 'NONE', #1454, #6674, #3928, .T. ) ;
#1139 = CARTESIAN_POINT ( 'NONE',  ( -45.00000000000002132, 13.11422211844028674, 15.72462220366568175 ) ) ;
#1140 = CARTESIAN_POINT ( 'NONE',  ( -21.44924440733134574, 19.22649730810371338, 44.99999999999999289 ) ) ;
#1141 = ORIENTED_EDGE ( 'NONE', *, *, #8245, .F. ) ;
#1142 = EDGE_CURVE ( 'NONE', #7014, #6830, #2317, .T. ) ;
#1143 = LINE ( 'NONE', #222, #6419 ) ;
#1144 = VERTEX_POINT ( 'NONE', #7297 ) ;
#1145 = CARTESIAN_POINT ( 'NONE',  ( -40.60000000000001563, 22.11324865405185491, -16.44924440733134929 ) ) ;
#1146 = ORIENTED_EDGE ( 'NONE', *, *, #5030, .T. ) ;
#1147 = VECTOR ( 'NONE', #3469, 999.9999999999998863 ) ;
#1148 = VERTEX_POINT ( 'NONE', #8836 ) ;
#1149 = ORIENTED_EDGE ( 'NONE', *, *, #3717, .F. ) ;
#1150 = ORIENTED_EDGE ( 'NONE', *, *, #5594, .T. ) ;
#1151 = VECTOR ( 'NONE', #1175, 1000.000000000000000 ) ;
#1152 = ORIENTED_EDGE ( 'NONE', *, *, #4789, .F. ) ;
#1153 = CARTESIAN_POINT ( 'NONE',  ( -4.999999999999997335, 27.88675134594810245, -45.00000000000000711 ) ) ;
#1154 = DIRECTION ( 'NONE',  ( -0.000000000000000000, -0.000000000000000000, 1.000000000000000000 ) ) ;
#1155 = CARTESIAN_POINT ( 'NONE',  ( -26.44924440733134929, 27.88675134594808469, -45.00000000000000711 ) ) ;
#1156 = CARTESIAN_POINT ( 'NONE',  ( 44.99999999999999289, 31.11227518966343197, 27.17386661099701328 ) ) ;
#1157 = VERTEX_POINT ( 'NONE', #9712 ) ;
#1158 = FACE_OUTER_BOUND ( 'NONE', #79, .T. ) ;
#1159 = EDGE_CURVE ( 'NONE', #6506, #7971, #7344, .T. ) ;
#1160 = VECTOR ( 'NONE', #9714, 1000.000000000000000 ) ;
#1161 = ORIENTED_EDGE ( 'NONE', *, *, #2757, .T. ) ;
#1162 = VECTOR ( 'NONE', #6427, 1000.000000000000000 ) ;
#1163 = VECTOR ( 'NONE', #3359, 1000.000000000000000 ) ;
#1164 = ORIENTED_EDGE ( 'NONE', *, *, #10164, .F. ) ;
#1165 = ORIENTED_EDGE ( 'NONE', *, *, #7064, .F. ) ;
#1166 = VECTOR ( 'NONE', #4173, 1000.000000000000000 ) ;
#1167 = EDGE_CURVE ( 'NONE', #617, #1121, #2272, .T. ) ;
#1168 = FACE_BOUND ( 'NONE', #606, .T. ) ;
#1169 = VERTEX_POINT ( 'NONE', #10606 ) ;
#1170 = CARTESIAN_POINT ( 'NONE',  ( -15.72462220366567109, 36.88577788155965465, -45.00000000000000711 ) ) ;
#1171 = MECHANICAL_DESIGN_GEOMETRIC_PRESENTATION_REPRESENTATION (  '', ( #5122 ), #9128 ) ;
#1172 = LINE ( 'NONE', #852, #3260 ) ;
#1173 = EDGE_CURVE ( 'NONE', #7701, #10689, #3123, .T. ) ;
#1174 = LINE ( 'NONE', #4669, #10343 ) ;
#1175 = DIRECTION ( 'NONE',  ( -0.000000000000000000, -0.000000000000000000, 1.000000000000000000 ) ) ;
#1176 = CARTESIAN_POINT ( 'NONE',  ( 37.17386661099703815, 36.88577788155966886, -45.00000000000000711 ) ) ;
#1177 = ORIENTED_EDGE ( 'NONE', *, *, #1797, .F. ) ;
#1178 = ORIENTED_EDGE ( 'NONE', *, *, #2439, .T. ) ;
#1179 = ADVANCED_FACE ( 'NONE', ( #6424 ), #6520, .F. ) ;
#1180 = ADVANCED_FACE ( 'NONE', ( #3277 ), #5553, .F. ) ;
#1181 = VERTEX_POINT ( 'NONE', #1559 ) ;
#1182 = ORIENTED_EDGE ( 'NONE', *, *, #743, .T. ) ;
#1183 = CARTESIAN_POINT ( 'NONE',  ( 0.000000000000000000, 0.000000000000000000, 0.000000000000000000 ) ) ;
#1184 = VECTOR ( 'NONE', #3955, 1000.000000000000000 ) ;
#1185 = CARTESIAN_POINT ( 'NONE',  ( 5.724622203665686193, 13.11422211844027608, -40.59999999999998721 ) ) ;
#1186 = PLANE ( 'NONE',  #4072 ) ;
#1187 = LINE ( 'NONE', #3598, #6328 ) ;
#1188 = CARTESIAN_POINT ( 'NONE',  ( 40.59999999999999432, 36.88577788155969728, -27.17386661099703460 ) ) ;
#1189 = ORIENTED_EDGE ( 'NONE', *, *, #3872, .T. ) ;
#1190 = CARTESIAN_POINT ( 'NONE',  ( 40.59999999999998721, 39.77252922750783171, 32.17386661099702394 ) ) ;
#1191 = DIRECTION ( 'NONE',  ( 0.000000000000000000, 0.000000000000000000, -1.000000000000000000 ) ) ;
#1192 = EDGE_CURVE ( 'NONE', #2234, #2228, #2221, .T. ) ;
#1193 = VERTEX_POINT ( 'NONE', #4784 ) ;
#1194 = LINE ( 'NONE', #6270, #10397 ) ;
#1195 = CARTESIAN_POINT ( 'NONE',  ( -41.97256513967722213, 7.377352558618784251, -40.59999999999998721 ) ) ;
#1196 = DIRECTION ( 'NONE',  ( 0.000000000000000000, 1.000000000000000000, 0.000000000000000000 ) ) ;
#1197 = CARTESIAN_POINT ( 'NONE',  ( -45.00000000000001421, 21.77447615628469180, -10.72462220366567820 ) ) ;
#1198 = DIRECTION ( 'NONE',  ( 1.000000000000000000, 6.009258394948641055E-16, 0.000000000000000000 ) ) ;
#1199 = ORIENTED_EDGE ( 'NONE', *, *, #1936, .F. ) ;
#1200 = CARTESIAN_POINT ( 'NONE',  ( -45.00000000000001421, 13.11422211844029739, -15.72462220366567820 ) ) ;
#1201 = ORIENTED_EDGE ( 'NONE', *, *, #3958, .F. ) ;
#1202 = FACE_OUTER_BOUND ( 'NONE', #9549, .T. ) ;
#1203 = ORIENTED_EDGE ( 'NONE', *, *, #2474, .F. ) ;
#1204 = VERTEX_POINT ( 'NONE', #8121 ) ;
#1205 = ORIENTED_EDGE ( 'NONE', *, *, #6832, .F. ) ;
#1206 = AXIS2_PLACEMENT_3D ( 'NONE', #3663, #6100, #379 ) ;
#1207 = LINE ( 'NONE', #8631, #1234 ) ;
#1208 = ORIENTED_EDGE ( 'NONE', *, *, #6759, .T. ) ;
#1209 = EDGE_CURVE ( 'NONE', #9724, #7451, #4840, .T. ) ;
#1210 = ORIENTED_EDGE ( 'NONE', *, *, #2423, .T. ) ;
#1211 = DIRECTION ( 'NONE',  ( -0.000000000000000000, -0.000000000000000000, 1.000000000000000000 ) ) ;
#1212 = CIRCLE ( 'NONE', #6212, 16.50000000000000355 ) ;
#1213 = LINE ( 'NONE', #6123, #9175 ) ;
#1214 = DIRECTION ( 'NONE',  ( 4.506943796211494843E-16, -1.000000000000000000, 0.000000000000000000 ) ) ;
#1215 = DIRECTION ( 'NONE',  ( 0.000000000000000000, -0.5000000000000005551, 0.8660254037844382635 ) ) ;
#1216 = ORIENTED_EDGE ( 'NONE', *, *, #7100, .T. ) ;
#1217 = DIRECTION ( 'NONE',  ( 0.000000000000000000, 0.000000000000000000, -1.000000000000000000 ) ) ;
#1218 = AXIS2_PLACEMENT_3D ( 'NONE', #3658, #1993, #5984 ) ;
#1219 = EDGE_LOOP ( 'NONE', ( #10266, #2042, #5103, #7012 ) ) ;
#1220 = VECTOR ( 'NONE', #7158, 1000.000000000000000 ) ;
#1221 = VERTEX_POINT ( 'NONE', #8023 ) ;
#1222 = EDGE_CURVE ( 'NONE', #9030, #306, #9803, .T. ) ;
#1223 = ORIENTED_EDGE ( 'NONE', *, *, #2974, .T. ) ;
#1224 = VECTOR ( 'NONE', #10427, 1000.000000000000000 ) ;
#1225 = ADVANCED_FACE ( 'NONE', ( #10654 ), #3875, .F. ) ;
#1226 = AXIS2_PLACEMENT_3D ( 'NONE', #8081, #3838, #6481 ) ;
#1227 = CARTESIAN_POINT ( 'NONE',  ( -4.999999999999994671, 22.11324865405186202, -45.00000000000000711 ) ) ;
#1228 = ORIENTED_EDGE ( 'NONE', *, *, #7132, .F. ) ;
#1229 = CARTESIAN_POINT ( 'NONE',  ( -23.07420871848710320, 35.35556094242802061, -40.59999999999998721 ) ) ;
#1230 = FACE_BOUND ( 'NONE', #10408, .T. ) ;
#1231 = CARTESIAN_POINT ( 'NONE',  ( 40.60000000000001563, 4.999999999999997335, -40.59999999999998721 ) ) ;
#1232 = CARTESIAN_POINT ( 'NONE',  ( -45.00000000000002132, 18.88772481033656803, 27.17386661099703105 ) ) ;
#1233 = LINE ( 'NONE', #2149, #7435 ) ;
#1234 = VECTOR ( 'NONE', #9455, 1000.000000000000000 ) ;
#1235 = ORIENTED_EDGE ( 'NONE', *, *, #2387, .T. ) ;
#1236 = DIRECTION ( 'NONE',  ( 0.4999999999999996669, 0.7071067811865479058, -0.5000000000000000000 ) ) ;
#1237 = ORIENTED_EDGE ( 'NONE', *, *, #3665, .F. ) ;
#1238 = ADVANCED_FACE ( 'NONE', ( #745 ), #3222, .F. ) ;
#1239 = ORIENTED_EDGE ( 'NONE', *, *, #1082, .T. ) ;
#1240 = DIRECTION ( 'NONE',  ( 0.8660254037844385966, -0.5000000000000002220, 0.000000000000000000 ) ) ;
#1241 = LINE ( 'NONE', #8869, #4899 ) ;
#1242 = FACE_OUTER_BOUND ( 'NONE', #9227, .T. ) ;
#1243 = DIRECTION ( 'NONE',  ( 3.854941057726239700E-17, -0.8660254037844385966, 0.5000000000000003331 ) ) ;
#1244 = LINE ( 'NONE', #5278, #9171 ) ;
#1245 = DIRECTION ( 'NONE',  ( -6.009258394948641055E-16, 1.000000000000000000, 0.000000000000000000 ) ) ;
#1246 = VERTEX_POINT ( 'NONE', #8219 ) ;
#1247 = VECTOR ( 'NONE', #4506, 999.9999999999998863 ) ;
#1248 = CARTESIAN_POINT ( 'NONE',  ( 42.99999999999996447, 45.00000000000000000, -45.00000000000000711 ) ) ;
#1249 = LINE ( 'NONE', #5283, #7780 ) ;
#1250 = VECTOR ( 'NONE', #6058, 999.9999999999998863 ) ;
#1251 = CARTESIAN_POINT ( 'NONE',  ( -45.00000000000001421, 31.11227518966343553, -15.72462220366567820 ) ) ;
#1252 = CARTESIAN_POINT ( 'NONE',  ( 44.99999999999997868, 31.11227518966343197, -37.17386661099704526 ) ) ;
#1253 = CARTESIAN_POINT ( 'NONE',  ( 44.99999999999998579, 28.22552384371529755, -32.17386661099703105 ) ) ;
#1254 = PLANE ( 'NONE',  #1338 ) ;
#1255 = EDGE_CURVE ( 'NONE', #6285, #10201, #150, .T. ) ;
#1256 = CARTESIAN_POINT ( 'NONE',  ( -40.60000000000001563, 13.11422211844028674, 15.72462220366568175 ) ) ;
#1257 = DIRECTION ( 'NONE',  ( -3.854941057726242781E-17, -0.8660254037844383745, -0.5000000000000006661 ) ) ;
#1258 = EDGE_LOOP ( 'NONE', ( #9996, #4684, #1532, #7025, #6222, #1621 ) ) ;
#1259 = DIRECTION ( 'NONE',  ( -1.000000000000000000, 0.000000000000000000, 7.709882115452476934E-17 ) ) ;
#1260 = ORIENTED_EDGE ( 'NONE', *, *, #4831, .T. ) ;
#1261 = LINE ( 'NONE', #8739, #8307 ) ;
#1262 = ORIENTED_EDGE ( 'NONE', *, *, #1480, .T. ) ;
#1263 = AXIS2_PLACEMENT_3D ( 'NONE', #4041, #3890, #3942 ) ;
#1264 = ORIENTED_EDGE ( 'NONE', *, *, #4609, .F. ) ;
#1265 = ORIENTED_EDGE ( 'NONE', *, *, #9843, .F. ) ;
#1266 = LINE ( 'NONE', #3734, #8846 ) ;
#1267 = FACE_BOUND ( 'NONE', #7056, .T. ) ;
#1268 = VERTEX_POINT ( 'NONE', #9144 ) ;
#1269 = CARTESIAN_POINT ( 'NONE',  ( -45.00000000000001421, 10.22747077249215941, -10.72462220366567109 ) ) ;
#1270 = CARTESIAN_POINT ( 'NONE',  ( 5.000000000000002665, 27.88675134594812022, -45.00000000000000711 ) ) ;
#1271 = FACE_OUTER_BOUND ( 'NONE', #9900, .T. ) ;
#1272 = LINE ( 'NONE', #8043, #6022 ) ;
#1273 = ORIENTED_EDGE ( 'NONE', *, *, #4039, .T. ) ;
#1274 = DIRECTION ( 'NONE',  ( 0.000000000000000000, 0.000000000000000000, 1.000000000000000000 ) ) ;
#1275 = EDGE_CURVE ( 'NONE', #6747, #5950, #5006, .T. ) ;
#1276 = ORIENTED_EDGE ( 'NONE', *, *, #9148, .F. ) ;
#1277 = VECTOR ( 'NONE', #7794, 1000.000000000000000 ) ;
#1278 = CARTESIAN_POINT ( 'NONE',  ( -27.17386661099702749, 18.88772481033653960, 44.99999999999999289 ) ) ;
#1279 = EDGE_LOOP ( 'NONE', ( #9356, #965, #6230, #9338, #9415, #396 ) ) ;
#1280 = CARTESIAN_POINT ( 'NONE',  ( 40.60000000000001563, 33.25018867790190313, -24.28974596215558179 ) ) ;
#1281 = DIRECTION ( 'NONE',  ( 0.000000000000000000, -0.5000000000000006661, 0.8660254037844383745 ) ) ;
#1282 = ADVANCED_FACE ( 'NONE', ( #1230, #6956 ), #5814, .F. ) ;
#1283 = DIRECTION ( 'NONE',  ( 1.000000000000000000, 0.000000000000000000, -7.709882115452476934E-17 ) ) ;
#1284 = EDGE_CURVE ( 'NONE', #27, #2733, #8331, .T. ) ;
#1285 = LINE ( 'NONE', #7725, #7901 ) ;
#1286 = LINE ( 'NONE', #3110, #7621 ) ;
#1287 = ORIENTED_EDGE ( 'NONE', *, *, #5371, .F. ) ;
#1288 = VECTOR ( 'NONE', #9978, 1000.000000000000000 ) ;
#1289 = EDGE_CURVE ( 'NONE', #3715, #4248, #6695, .T. ) ;
#1290 = CARTESIAN_POINT ( 'NONE',  ( 20.00000000000003197, -5.000000000000000000, 36.50000000000000711 ) ) ;
#1291 = DIRECTION ( 'NONE',  ( 1.000000000000000000, -0.000000000000000000, -7.709882115452476934E-17 ) ) ;
#1292 = VERTEX_POINT ( 'NONE', #2788 ) ;
#1293 = CARTESIAN_POINT ( 'NONE',  ( 39.02809845431146840, -5.000000000000000000, 0.000000000000000000 ) ) ;
#1294 = CARTESIAN_POINT ( 'NONE',  ( -16.44924440733134574, 22.11324865405184426, -45.00000000000000711 ) ) ;
#1295 = CARTESIAN_POINT ( 'NONE',  ( 44.99999999999998579, 22.11324865405185491, -16.44924440733135640 ) ) ;
#1296 = CARTESIAN_POINT ( 'NONE',  ( -45.00000000000001421, 10.22747077249215941, -32.17386661099702394 ) ) ;
#1297 = EDGE_CURVE ( 'NONE', #806, #9449, #4504, .T. ) ;
#1298 = LINE ( 'NONE', #3767, #1346 ) ;
#1299 = ORIENTED_EDGE ( 'NONE', *, *, #3500, .F. ) ;
#1300 = CARTESIAN_POINT ( 'NONE',  ( -45.00000000000001421, 28.22552384371529755, -32.17386661099702394 ) ) ;
#1301 = AXIS2_PLACEMENT_3D ( 'NONE', #3384, #9472, #10018 ) ;
#1302 = VECTOR ( 'NONE', #9037, 1000.000000000000227 ) ;
#1303 = EDGE_CURVE ( 'NONE', #410, #9301, #3641, .T. ) ;
#1304 = LINE ( 'NONE', #4579, #1906 ) ;
#1305 = LINE ( 'NONE', #8783, #7512 ) ;
#1306 = DIRECTION ( 'NONE',  ( 1.000000000000000000, -0.000000000000000000, -7.709882115452476934E-17 ) ) ;
#1307 = DIRECTION ( 'NONE',  ( 1.000000000000000000, -0.000000000000000000, -7.709882115452476934E-17 ) ) ;
#1308 = CARTESIAN_POINT ( 'NONE',  ( 40.60000000000001563, 34.72801970590726484, -23.43651982031990144 ) ) ;
#1309 = CARTESIAN_POINT ( 'NONE',  ( 10.72462220366568886, 28.22552384371528333, -45.00000000000000711 ) ) ;
#1310 = EDGE_LOOP ( 'NONE', ( #118, #770, #10380, #2545 ) ) ;
#1311 = CARTESIAN_POINT ( 'NONE',  ( 3.501671751013972766, 1.999999999999988010, 19.76512771830457282 ) ) ;
#1312 = ORIENTED_EDGE ( 'NONE', *, *, #7016, .F. ) ;
#1313 = FACE_OUTER_BOUND ( 'NONE', #4210, .T. ) ;
#1314 = EDGE_LOOP ( 'NONE', ( #4296, #6451, #1489, #1932, #9280, #5352 ) ) ;
#1315 = ORIENTED_EDGE ( 'NONE', *, *, #7332, .F. ) ;
#1316 = ORIENTED_EDGE ( 'NONE', *, *, #5193, .F. ) ;
#1317 = EDGE_CURVE ( 'NONE', #3840, #2773, #1172, .T. ) ;
#1318 = EDGE_CURVE ( 'NONE', #5930, #6708, #7572, .T. ) ;
#1319 = CARTESIAN_POINT ( 'NONE',  ( 5.724622203665686193, 31.11227518966341421, 44.99999999999999289 ) ) ;
#1320 = ORIENTED_EDGE ( 'NONE', *, *, #2092, .T. ) ;
#1321 = DIRECTION ( 'NONE',  ( 0.000000000000000000, -1.000000000000000000, 0.000000000000000000 ) ) ;
#1322 = DIRECTION ( 'NONE',  ( 1.000000000000000000, 0.000000000000000000, -7.709882115452476934E-17 ) ) ;
#1323 = DIRECTION ( 'NONE',  ( 4.506943796211494843E-16, -1.000000000000000000, 0.000000000000000000 ) ) ;
#1324 = CARTESIAN_POINT ( 'NONE',  ( -27.17386661099702749, 31.11227518966341421, 40.59999999999996589 ) ) ;
#1325 = EDGE_LOOP ( 'NONE', ( #5612, #9166, #952, #4610 ) ) ;
#1326 = CARTESIAN_POINT ( 'NONE',  ( -37.17386661099703105, 31.11227518966341421, 44.99999999999999289 ) ) ;
#1327 = VECTOR ( 'NONE', #10342, 1000.000000000000000 ) ;
#1328 = ADVANCED_FACE ( 'NONE', ( #43 ), #7833, .F. ) ;
#1329 = VECTOR ( 'NONE', #539, 999.9999999999998863 ) ;
#1330 = EDGE_LOOP ( 'NONE', ( #3296, #8269, #4670, #8535 ) ) ;
#1331 = VERTEX_POINT ( 'NONE', #6134 ) ;
#1332 = EDGE_CURVE ( 'NONE', #8835, #5833, #2578, .T. ) ;
#1333 = LINE ( 'NONE', #1227, #7962 ) ;
#1334 = ORIENTED_EDGE ( 'NONE', *, *, #7237, .T. ) ;
#1335 = VECTOR ( 'NONE', #7575, 1000.000000000000000 ) ;
#1336 = CARTESIAN_POINT ( 'NONE',  ( -15.72462220366567109, 18.88772481033651474, 44.99999999999999289 ) ) ;
#1337 = FACE_BOUND ( 'NONE', #5372, .T. ) ;
#1338 = AXIS2_PLACEMENT_3D ( 'NONE', #7096, #8733, #6274 ) ;
#1339 = PLANE ( 'NONE',  #3232 ) ;
#1340 = CARTESIAN_POINT ( 'NONE',  ( -37.17386661099703105, 36.88577788155965465, -45.00000000000000711 ) ) ;
#1341 = VECTOR ( 'NONE', #1462, 1000.000000000000000 ) ;
#1342 = DIRECTION ( 'NONE',  ( 0.000000000000000000, -0.5000000000000002220, -0.8660254037844384856 ) ) ;
#1343 = ORIENTED_EDGE ( 'NONE', *, *, #758, .F. ) ;
#1344 = AXIS2_PLACEMENT_3D ( 'NONE', #5057, #4345, #5112 ) ;
#1345 = DIRECTION ( 'NONE',  ( 0.000000000000000000, -1.000000000000000000, 0.000000000000000000 ) ) ;
#1346 = VECTOR ( 'NONE', #2969, 1000.000000000000000 ) ;
#1347 = ADVANCED_FACE ( 'NONE', ( #4133 ), #6579, .F. ) ;
#1348 = CARTESIAN_POINT ( 'NONE',  ( -45.00000000000002132, 21.77447615628469180, 10.72462220366567820 ) ) ;
#1349 = CARTESIAN_POINT ( 'NONE',  ( -45.00000000000001421, 10.22747077249215941, -32.17386661099702394 ) ) ;
#1350 = DIRECTION ( 'NONE',  ( 1.000000000000000000, -0.000000000000000000, -7.709882115452476934E-17 ) ) ;
#1351 = LINE ( 'NONE', #2968, #5514 ) ;
#1352 = LINE ( 'NONE', #2911, #10351 ) ;
#1353 = ORIENTED_EDGE ( 'NONE', *, *, #9062, .T. ) ;
#1354 = ORIENTED_EDGE ( 'NONE', *, *, #5628, .T. ) ;
#1355 = ORIENTED_EDGE ( 'NONE', *, *, #6399, .F. ) ;
#1356 = ADVANCED_FACE ( 'NONE', ( #5055 ), #4448, .F. ) ;
#1357 = AXIS2_PLACEMENT_3D ( 'NONE', #458, #9573, #6342 ) ;
#1358 = ADVANCED_FACE ( 'NONE', ( #4944 ), #7454, .F. ) ;
#1359 = AXIS2_PLACEMENT_3D ( 'NONE', #3858, #6356, #3959 ) ;
#1360 = ORIENTED_EDGE ( 'NONE', *, *, #5567, .T. ) ;
#1361 = CARTESIAN_POINT ( 'NONE',  ( 21.67670798600081028, -5.000000000000000000, 5.413252018710223545 ) ) ;
#1362 = CARTESIAN_POINT ( 'NONE',  ( -27.17386661099702749, 31.11227518966341421, -45.00000000000000711 ) ) ;
#1363 = FACE_OUTER_BOUND ( 'NONE', #1528, .T. ) ;
#1364 = CARTESIAN_POINT ( 'NONE',  ( 16.44924440733136350, 5.000000000000023093, -40.59999999999998721 ) ) ;
#1365 = FACE_BOUND ( 'NONE', #5866, .T. ) ;
#1366 = DIRECTION ( 'NONE',  ( 1.000000000000000000, -0.000000000000000000, -7.709882115452476934E-17 ) ) ;
#1367 = ORIENTED_EDGE ( 'NONE', *, *, #7573, .T. ) ;
#1368 = DIRECTION ( 'NONE',  ( 0.000000000000000000, 0.5000000000000006661, -0.8660254037844383745 ) ) ;
#1369 = ORIENTED_EDGE ( 'NONE', *, *, #8557, .F. ) ;
#1370 = DIRECTION ( 'NONE',  ( 0.8660254037844385966, -0.5000000000000002220, 0.000000000000000000 ) ) ;
#1371 = ORIENTED_EDGE ( 'NONE', *, *, #5824, .T. ) ;
#1372 = ORIENTED_EDGE ( 'NONE', *, *, #4084, .F. ) ;
#1373 = ORIENTED_EDGE ( 'NONE', *, *, #5973, .F. ) ;
#1374 = EDGE_CURVE ( 'NONE', #1221, #8691, #6575, .T. ) ;
#1375 = CARTESIAN_POINT ( 'NONE',  ( -37.17386661099703105, 36.88577788155965465, -45.00000000000000711 ) ) ;
#1376 = CARTESIAN_POINT ( 'NONE',  ( 44.99999999999998579, 31.11227518966342487, 15.72462220366567465 ) ) ;
#1377 = CARTESIAN_POINT ( 'NONE',  ( 37.17386661099703815, 36.88577788155966886, -45.00000000000000711 ) ) ;
#1378 = LINE ( 'NONE', #612, #1890 ) ;
#1379 = ORIENTED_EDGE ( 'NONE', *, *, #8988, .F. ) ;
#1380 = CARTESIAN_POINT ( 'NONE',  ( 36.08321690396846293, -5.000000000000000000, -39.02809845431143287 ) ) ;
#1381 = ORIENTED_EDGE ( 'NONE', *, *, #9522, .T. ) ;
#1382 = EDGE_CURVE ( 'NONE', #3730, #7664, #3438, .T. ) ;
#1383 = VECTOR ( 'NONE', #1650, 999.9999999999998863 ) ;
#1384 = VECTOR ( 'NONE', #3140, 1000.000000000000000 ) ;
#1385 = ORIENTED_EDGE ( 'NONE', *, *, #3121, .T. ) ;
#1386 = VECTOR ( 'NONE', #6248, 1000.000000000000000 ) ;
#1387 = FACE_OUTER_BOUND ( 'NONE', #6925, .T. ) ;
#1388 = VERTEX_POINT ( 'NONE', #7779 ) ;
#1389 = LINE ( 'NONE', #2343, #3099 ) ;
#1390 = CARTESIAN_POINT ( 'NONE',  ( 40.59999999999999432, 27.88675134594812732, -16.44924440733135640 ) ) ;
#1391 = AXIS2_PLACEMENT_3D ( 'NONE', #9860, #4190, #9808 ) ;
#1392 = PLANE ( 'NONE',  #1359 ) ;
#1393 = FACE_OUTER_BOUND ( 'NONE', #989, .T. ) ;
#1394 = CARTESIAN_POINT ( 'NONE',  ( -10.72462220366566754, 28.22552384371528333, -45.00000000000000711 ) ) ;
#1395 = EDGE_CURVE ( 'NONE', #2964, #1658, #359, .T. ) ;
#1396 = VECTOR ( 'NONE', #8579, 1000.000000000000000 ) ;
#1397 = EDGE_LOOP ( 'NONE', ( #2329, #5190, #5647, #1343 ) ) ;
#1398 = EDGE_CURVE ( 'NONE', #5487, #9724, #6193, .T. ) ;
#1399 = CIRCLE ( 'NONE', #2416, 16.50000000000000355 ) ;
#1400 = VERTEX_POINT ( 'NONE', #5378 ) ;
#1401 = VECTOR ( 'NONE', #2502, 1000.000000000000000 ) ;
#1402 = FACE_OUTER_BOUND ( 'NONE', #2549, .T. ) ;
#1403 = DIRECTION ( 'NONE',  ( 1.000000000000000000, -0.000000000000000000, -7.709882115452476934E-17 ) ) ;
#1404 = DIRECTION ( 'NONE',  ( -6.009258394948641055E-16, 1.000000000000000000, 0.000000000000000000 ) ) ;
#1405 = CARTESIAN_POINT ( 'NONE',  ( -20.00000000000001066, -5.000000000000000000, -3.500000000000013323 ) ) ;
#1406 = VERTEX_POINT ( 'NONE', #10386 ) ;
#1407 = EDGE_CURVE ( 'NONE', #9238, #7786, #3907, .T. ) ;
#1408 = ORIENTED_EDGE ( 'NONE', *, *, #6337, .F. ) ;
#1409 = DIRECTION ( 'NONE',  ( -0.000000000000000000, -0.000000000000000000, 1.000000000000000000 ) ) ;
#1410 = CARTESIAN_POINT ( 'NONE',  ( -45.00000000000001421, 39.77252922750783171, -10.72462220366567820 ) ) ;
#1411 = CARTESIAN_POINT ( 'NONE',  ( -40.60000000000001563, 30.77350269189626886, -4.903450661939083128E-16 ) ) ;
#1412 = DIRECTION ( 'NONE',  ( -0.8660254037844389297, 0.4999999999999995004, -0.000000000000000000 ) ) ;
#1413 = FACE_BOUND ( 'NONE', #4619, .T. ) ;
#1414 = FACE_OUTER_BOUND ( 'NONE', #9664, .T. ) ;
#1415 = ORIENTED_EDGE ( 'NONE', *, *, #5323, .F. ) ;
#1416 = PLANE ( 'NONE',  #7455 ) ;
#1417 = EDGE_CURVE ( 'NONE', #5658, #7592, #3053, .T. ) ;
#1418 = DIRECTION ( 'NONE',  ( 0.000000000000000000, 0.5000000000000006661, -0.8660254037844383745 ) ) ;
#1419 = ORIENTED_EDGE ( 'NONE', *, *, #188, .F. ) ;
#1420 = EDGE_CURVE ( 'NONE', #10118, #7367, #9686, .T. ) ;
#1421 = VECTOR ( 'NONE', #10569, 1000.000000000000114 ) ;
#1422 = ORIENTED_EDGE ( 'NONE', *, *, #5206, .F. ) ;
#1423 = ORIENTED_EDGE ( 'NONE', *, *, #8529, .T. ) ;
#1424 = PLANE ( 'NONE',  #8833 ) ;
#1425 = CARTESIAN_POINT ( 'NONE',  ( 16.44924440733135995, 27.88675134594808469, 44.99999999999999289 ) ) ;
#1426 = LINE ( 'NONE', #5417, #6842 ) ;
#1427 = DIRECTION ( 'NONE',  ( -0.7071067811865483499, 0.000000000000000000, 0.7071067811865467956 ) ) ;
#1428 = ORIENTED_EDGE ( 'NONE', *, *, #9949, .F. ) ;
#1429 = DIRECTION ( 'NONE',  ( -0.000000000000000000, -0.000000000000000000, 1.000000000000000000 ) ) ;
#1430 = VECTOR ( 'NONE', #812, 999.9999999999998863 ) ;
#1431 = EDGE_CURVE ( 'NONE', #8779, #8991, #7124, .T. ) ;
#1432 = ORIENTED_EDGE ( 'NONE', *, *, #6818, .T. ) ;
#1433 = VERTEX_POINT ( 'NONE', #1390 ) ;
#1434 = CARTESIAN_POINT ( 'NONE',  ( 44.99999999999999289, 13.11422211844030805, 27.17386661099701328 ) ) ;
#1435 = ORIENTED_EDGE ( 'NONE', *, *, #137, .F. ) ;
#1436 = CARTESIAN_POINT ( 'NONE',  ( 5.000000000000006217, 22.11324865405186202, -45.00000000000000711 ) ) ;
#1437 = EDGE_CURVE ( 'NONE', #6188, #10339, #8103, .T. ) ;
#1438 = FACE_BOUND ( 'NONE', #708, .T. ) ;
#1439 = DIRECTION ( 'NONE',  ( 0.000000000000000000, -0.5000000000000002220, -0.8660254037844384856 ) ) ;
#1440 = LINE ( 'NONE', #10639, #6004 ) ;
#1441 = EDGE_LOOP ( 'NONE', ( #5547, #7756, #5592, #4046, #6765, #9851 ) ) ;
#1442 = DIRECTION ( 'NONE',  ( -0.000000000000000000, -0.000000000000000000, 1.000000000000000000 ) ) ;
#1443 = LINE ( 'NONE', #7838, #1558 ) ;
#1444 = ORIENTED_EDGE ( 'NONE', *, *, #7885, .T. ) ;
#1445 = ORIENTED_EDGE ( 'NONE', *, *, #7594, .T. ) ;
#1446 = ADVANCED_FACE ( 'NONE', ( #4666, #1485, #6249, #8706, #523, #7889, #7221, #8005, #10536, #4763, #7063, #575 ), #7007, .F. ) ;
#1447 = ORIENTED_EDGE ( 'NONE', *, *, #4510, .T. ) ;
#1448 = VECTOR ( 'NONE', #10103, 1000.000000000000000 ) ;
#1449 = LINE ( 'NONE', #3014, #5632 ) ;
#1450 = CARTESIAN_POINT ( 'NONE',  ( 15.72462220366568886, 13.11422211844027608, 44.99999999999999289 ) ) ;
#1451 = CARTESIAN_POINT ( 'NONE',  ( -37.05511844965705137, 0.000000000000000000, 39.99999999999997868 ) ) ;
#1452 = FACE_OUTER_BOUND ( 'NONE', #4628, .T. ) ;
#1453 = VERTEX_POINT ( 'NONE', #4614 ) ;
#1454 = VERTEX_POINT ( 'NONE', #8866 ) ;
#1455 = CIRCLE ( 'NONE', #5923, 2.000000000000001776 ) ;
#1456 = ORIENTED_EDGE ( 'NONE', *, *, #4525, .T. ) ;
#1457 = DIRECTION ( 'NONE',  ( 0.000000000000000000, 0.5000000000000005551, -0.8660254037844382635 ) ) ;
#1458 = LINE ( 'NONE', #8073, #6120 ) ;
#1459 = DIRECTION ( 'NONE',  ( 3.854941057726239700E-17, -0.8660254037844385966, 0.5000000000000003331 ) ) ;
#1460 = CARTESIAN_POINT ( 'NONE',  ( 37.17386661099704526, 18.88772481033652895, -40.59999999999998721 ) ) ;
#1461 = CARTESIAN_POINT ( 'NONE',  ( -40.60000000000001563, 4.999999999999997335, -40.59999999999998721 ) ) ;
#1462 = DIRECTION ( 'NONE',  ( -1.000000000000000000, 0.000000000000000000, -2.602085213965207190E-16 ) ) ;
#1463 = ORIENTED_EDGE ( 'NONE', *, *, #5124, .F. ) ;
#1464 = LINE ( 'NONE', #8129, #4153 ) ;
#1465 = VECTOR ( 'NONE', #3773, 999.9999999999998863 ) ;
#1466 = DIRECTION ( 'NONE',  ( 0.000000000000000000, -0.5000000000000006661, 0.8660254037844383745 ) ) ;
#1467 = ORIENTED_EDGE ( 'NONE', *, *, #7443, .T. ) ;
#1468 = EDGE_LOOP ( 'NONE', ( #10631, #6514, #3008, #288 ) ) ;
#1469 = EDGE_LOOP ( 'NONE', ( #2426, #8522, #5892, #2726 ) ) ;
#1470 = EDGE_CURVE ( 'NONE', #2795, #6029, #8758, .T. ) ;
#1471 = ADVANCED_FACE ( 'NONE', ( #1337, #7949, #471, #3696, #3811, #6404, #9738, #10440, #2300, #1438, #3857, #3004 ), #2094, .F. ) ;
#1472 = FACE_OUTER_BOUND ( 'NONE', #5551, .T. ) ;
#1473 = EDGE_CURVE ( 'NONE', #10069, #6171, #7172, .T. ) ;
#1474 = LINE ( 'NONE', #1425, #4651 ) ;
#1475 = CARTESIAN_POINT ( 'NONE',  ( 15.16033048310345066, 4.999999999999997335, -1.103125484187130745 ) ) ;
#1476 = CARTESIAN_POINT ( 'NONE',  ( 20.00000000000003197, 0.000000000000000000, -20.00000000000001421 ) ) ;
#1477 = CARTESIAN_POINT ( 'NONE',  ( 37.82104513169655746, -4.999999999999998224, -39.02809845431143998 ) ) ;
#1478 = VERTEX_POINT ( 'NONE', #8054 ) ;
#1479 = EDGE_LOOP ( 'NONE', ( #6158, #6179, #3536, #8572 ) ) ;
#1480 = EDGE_CURVE ( 'NONE', #1453, #7453, #8306, .T. ) ;
#1481 = DIRECTION ( 'NONE',  ( -7.709882115452476934E-17, 0.000000000000000000, -1.000000000000000000 ) ) ;
#1482 = VERTEX_POINT ( 'NONE', #2395 ) ;
#1483 = EDGE_CURVE ( 'NONE', #4244, #5024, #4163, .T. ) ;
#1484 = DIRECTION ( 'NONE',  ( 0.7071067811865482389, 0.000000000000000000, -0.7071067811865469066 ) ) ;
#1485 = FACE_BOUND ( 'NONE', #9781, .T. ) ;
#1486 = CARTESIAN_POINT ( 'NONE',  ( -45.00000000000002132, 21.77447615628469890, 32.17386661099703105 ) ) ;
#1487 = AXIS2_PLACEMENT_3D ( 'NONE', #1183, #10399, #7792 ) ;
#1488 = PLANE ( 'NONE',  #4090 ) ;
#1489 = ORIENTED_EDGE ( 'NONE', *, *, #6027, .T. ) ;
#1490 = DIRECTION ( 'NONE',  ( -0.8660254037844385966, 0.5000000000000002220, 0.000000000000000000 ) ) ;
#1491 = ORIENTED_EDGE ( 'NONE', *, *, #5018, .T. ) ;
#1492 = ADVANCED_FACE ( 'NONE', ( #6663 ), #1641, .F. ) ;
#1493 = ORIENTED_EDGE ( 'NONE', *, *, #7668, .T. ) ;
#1494 = VECTOR ( 'NONE', #1306, 1000.000000000000000 ) ;
#1495 = ADVANCED_FACE ( 'NONE', ( #726 ), #9995, .F. ) ;
#1496 = VECTOR ( 'NONE', #140, 1000.000000000000000 ) ;
#1497 = CARTESIAN_POINT ( 'NONE',  ( -45.00000000000001421, 36.88577788155969728, -37.17386661099703815 ) ) ;
#1498 = CARTESIAN_POINT ( 'NONE',  ( -26.44924440733134574, 22.11324865405184426, -40.59999999999998721 ) ) ;
#1499 = PLANE ( 'NONE',  #7788 ) ;
#1500 = VECTOR ( 'NONE', #8608, 1000.000000000000000 ) ;
#1501 = FACE_OUTER_BOUND ( 'NONE', #3733, .T. ) ;
#1502 = ORIENTED_EDGE ( 'NONE', *, *, #8328, .T. ) ;
#1503 = ADVANCED_FACE ( 'NONE', ( #4817, #5787, #5684, #10588, #9123, #672, #7277, #3357, #9015, #4920, #2554, #7327 ), #9181, .F. ) ;
#1504 = VECTOR ( 'NONE', #4270, 999.9999999999998863 ) ;
#1505 = ORIENTED_EDGE ( 'NONE', *, *, #4630, .T. ) ;
#1506 = VECTOR ( 'NONE', #6302, 999.9999999999998863 ) ;
#1507 = CARTESIAN_POINT ( 'NONE',  ( -45.00000000000001421, 10.22747077249215941, -10.72462220366567109 ) ) ;
#1508 = LINE ( 'NONE', #7034, #1465 ) ;
#1509 = DIRECTION ( 'NONE',  ( 0.000000000000000000, 1.000000000000000000, -0.000000000000000000 ) ) ;
#1510 = AXIS2_PLACEMENT_3D ( 'NONE', #8553, #1128, #7578 ) ;
#1511 = CARTESIAN_POINT ( 'NONE',  ( -45.00000000000002132, 18.88772481033656447, 37.17386661099703815 ) ) ;
#1512 = CARTESIAN_POINT ( 'NONE',  ( -15.72462220366567109, 36.88577788155965465, -45.00000000000000711 ) ) ;
#1513 = VECTOR ( 'NONE', #1717, 1000.000000000000000 ) ;
#1514 = PLANE ( 'NONE',  #4767 ) ;
#1515 = ORIENTED_EDGE ( 'NONE', *, *, #5496, .F. ) ;
#1516 = DIRECTION ( 'NONE',  ( 0.8660254037844385966, -0.5000000000000002220, 0.000000000000000000 ) ) ;
#1517 = LINE ( 'NONE', #2280, #7268 ) ;
#1518 = ORIENTED_EDGE ( 'NONE', *, *, #1222, .T. ) ;
#1519 = EDGE_CURVE ( 'NONE', #1877, #9723, #829, .T. ) ;
#1520 = VERTEX_POINT ( 'NONE', #775 ) ;
#1521 = PLANE ( 'NONE',  #6594 ) ;
#1522 = CARTESIAN_POINT ( 'NONE',  ( -45.00000000000002132, 0.000000000000000000, -45.00000000000000711 ) ) ;
#1523 = LINE ( 'NONE', #3892, #8406 ) ;
#1524 = CARTESIAN_POINT ( 'NONE',  ( -45.00000000000001421, 31.11227518966343553, -15.72462220366567820 ) ) ;
#1525 = AXIS2_PLACEMENT_3D ( 'NONE', #8526, #2021, #6784 ) ;
#1526 = CARTESIAN_POINT ( 'NONE',  ( -45.00000000000001421, 10.22747077249215941, -10.72462220366567109 ) ) ;
#1527 = EDGE_LOOP ( 'NONE', ( #10581, #4499, #7687, #3362 ) ) ;
#1528 = EDGE_LOOP ( 'NONE', ( #5609, #1772, #668, #9574 ) ) ;
#1529 = EDGE_CURVE ( 'NONE', #3730, #8299, #20, .T. ) ;
#1530 = VERTEX_POINT ( 'NONE', #4005 ) ;
#1531 = FACE_OUTER_BOUND ( 'NONE', #405, .T. ) ;
#1532 = ORIENTED_EDGE ( 'NONE', *, *, #8367, .T. ) ;
#1533 = PLANE ( 'NONE',  #8466 ) ;
#1534 = DIRECTION ( 'NONE',  ( 1.000000000000000000, -0.000000000000000000, -7.709882115452476934E-17 ) ) ;
#1535 = DIRECTION ( 'NONE',  ( 0.8660254037844384856, -0.5000000000000001110, 0.000000000000000000 ) ) ;
#1536 = DIRECTION ( 'NONE',  ( -0.8660254037844385966, 0.5000000000000002220, 0.000000000000000000 ) ) ;
#1537 = FACE_OUTER_BOUND ( 'NONE', #3639, .T. ) ;
#1538 = ORIENTED_EDGE ( 'NONE', *, *, #1066, .F. ) ;
#1539 = AXIS2_PLACEMENT_3D ( 'NONE', #8548, #1879, #6805 ) ;
#1540 = CARTESIAN_POINT ( 'NONE',  ( -45.00000000000001421, 27.88675134594813443, -5.000000000000001776 ) ) ;
#1541 = VERTEX_POINT ( 'NONE', #8200 ) ;
#1542 = VECTOR ( 'NONE', #8414, 1000.000000000000000 ) ;
#1543 = EDGE_CURVE ( 'NONE', #9246, #915, #3150, .T. ) ;
#1544 = EDGE_CURVE ( 'NONE', #877, #8738, #1588, .T. ) ;
#1545 = VERTEX_POINT ( 'NONE', #4054 ) ;
#1546 = VECTOR ( 'NONE', #9247, 1000.000000000000000 ) ;
#1547 = VECTOR ( 'NONE', #9416, 999.9999999999998863 ) ;
#1548 = LINE ( 'NONE', #10551, #2358 ) ;
#1549 = FACE_OUTER_BOUND ( 'NONE', #4660, .T. ) ;
#1550 = CARTESIAN_POINT ( 'NONE',  ( -15.72462220366566754, 13.11422211844027608, -45.00000000000000711 ) ) ;
#1551 = ORIENTED_EDGE ( 'NONE', *, *, #5691, .T. ) ;
#1552 = DIRECTION ( 'NONE',  ( 1.000000000000000000, -0.000000000000000000, -7.709882115452476934E-17 ) ) ;
#1553 = ORIENTED_EDGE ( 'NONE', *, *, #7638, .T. ) ;
#1554 = AXIS2_PLACEMENT_3D ( 'NONE', #8162, #8322, #10598 ) ;
#1555 = ADVANCED_FACE ( 'NONE', ( #4107 ), #2344, .F. ) ;
#1556 = VERTEX_POINT ( 'NONE', #7381 ) ;
#1557 = VECTOR ( 'NONE', #2331, 1000.000000000000227 ) ;
#1558 = VECTOR ( 'NONE', #3815, 1000.000000000000000 ) ;
#1559 = CARTESIAN_POINT ( 'NONE',  ( 5.000000000000006217, 22.11324865405186202, 44.99999999999999289 ) ) ;
#1560 = FACE_OUTER_BOUND ( 'NONE', #3352, .T. ) ;
#1561 = DIRECTION ( 'NONE',  ( -1.000000000000000000, -4.506943796211494843E-16, 0.000000000000000000 ) ) ;
#1562 = CARTESIAN_POINT ( 'NONE',  ( 37.17386661099703815, 31.11227518966341421, -40.59999999999998721 ) ) ;
#1563 = CYLINDRICAL_SURFACE ( 'NONE', #2582, 2.999999999999998224 ) ;
#1564 = DIRECTION ( 'NONE',  ( -0.000000000000000000, -0.000000000000000000, 1.000000000000000000 ) ) ;
#1565 = ORIENTED_EDGE ( 'NONE', *, *, #7168, .F. ) ;
#1566 = FACE_OUTER_BOUND ( 'NONE', #5699, .T. ) ;
#1567 = LINE ( 'NONE', #705, #8665 ) ;
#1568 = EDGE_LOOP ( 'NONE', ( #4221, #1907, #2455, #8242 ) ) ;
#1569 = VERTEX_POINT ( 'NONE', #10685 ) ;
#1570 = ORIENTED_EDGE ( 'NONE', *, *, #7495, .F. ) ;
#1571 = LINE ( 'NONE', #756, #7430 ) ;
#1572 = VERTEX_POINT ( 'NONE', #9886 ) ;
#1573 = ADVANCED_FACE ( 'NONE', ( #8150 ), #6611, .F. ) ;
#1574 = DIRECTION ( 'NONE',  ( 0.000000000000000000, -0.5000000000000002220, -0.8660254037844384856 ) ) ;
#1575 = DIRECTION ( 'NONE',  ( 0.000000000000000000, -1.000000000000000000, 0.000000000000000000 ) ) ;
#1576 = CARTESIAN_POINT ( 'NONE',  ( -43.00000000000001421, 0.000000000000000000, -43.00000000000000000 ) ) ;
#1577 = LINE ( 'NONE', #5622, #6720 ) ;
#1578 = DIRECTION ( 'NONE',  ( 0.8660254037844383745, 0.5000000000000003331, 0.000000000000000000 ) ) ;
#1579 = ORIENTED_EDGE ( 'NONE', *, *, #9946, .T. ) ;
#1580 = VERTEX_POINT ( 'NONE', #2498 ) ;
#1581 = VECTOR ( 'NONE', #2148, 1000.000000000000000 ) ;
#1582 = ORIENTED_EDGE ( 'NONE', *, *, #4158, .T. ) ;
#1583 = CARTESIAN_POINT ( 'NONE',  ( -16.44924440733134574, 22.11324865405184426, -40.59999999999998721 ) ) ;
#1584 = ORIENTED_EDGE ( 'NONE', *, *, #7851, .T. ) ;
#1585 = VECTOR ( 'NONE', #9414, 1000.000000000000000 ) ;
#1586 = CARTESIAN_POINT ( 'NONE',  ( -45.00000000000001421, 39.77252922750783171, 10.72462220366567820 ) ) ;
#1587 = FACE_BOUND ( 'NONE', #10230, .T. ) ;
#1588 = LINE ( 'NONE', #1695, #4783 ) ;
#1589 = CARTESIAN_POINT ( 'NONE',  ( -40.60000000000001563, 31.14481641337579276, -25.50528320582410302 ) ) ;
#1590 = DIRECTION ( 'NONE',  ( 0.5000000000000004441, -0.8660254037844384856, 0.000000000000000000 ) ) ;
#1591 = ORIENTED_EDGE ( 'NONE', *, *, #254, .T. ) ;
#1592 = DIRECTION ( 'NONE',  ( -0.5000000000000002220, -0.8660254037844385966, 0.000000000000000000 ) ) ;
#1593 = VERTEX_POINT ( 'NONE', #4976 ) ;
#1594 = ORIENTED_EDGE ( 'NONE', *, *, #307, .T. ) ;
#1595 = ADVANCED_FACE ( 'NONE', ( #8581 ), #9407, .F. ) ;
#1596 = ADVANCED_FACE ( 'NONE', ( #7603 ), #4214, .F. ) ;
#1597 = EDGE_CURVE ( 'NONE', #5370, #6281, #233, .T. ) ;
#1598 = CYLINDRICAL_SURFACE ( 'NONE', #8606, 16.50000000000000355 ) ;
#1599 = PLANE ( 'NONE',  #7362 ) ;
#1600 = CARTESIAN_POINT ( 'NONE',  ( -20.00000000000001776, -5.000000000000000000, 19.99999999999998934 ) ) ;
#1601 = EDGE_CURVE ( 'NONE', #8588, #3732, #287, .T. ) ;
#1602 = ORIENTED_EDGE ( 'NONE', *, *, #6363, .T. ) ;
#1603 = DIRECTION ( 'NONE',  ( -7.709882115452476934E-17, 0.000000000000000000, -1.000000000000000000 ) ) ;
#1604 = VERTEX_POINT ( 'NONE', #5954 ) ;
#1605 = EDGE_LOOP ( 'NONE', ( #7607, #5922, #8410, #8477 ) ) ;
#1606 = VERTEX_POINT ( 'NONE', #6011 ) ;
#1607 = VECTOR ( 'NONE', #5925, 1000.000000000000000 ) ;
#1608 = DIRECTION ( 'NONE',  ( -0.5000000000000006661, 0.7071067811865475727, 0.4999999999999995004 ) ) ;
#1609 = EDGE_CURVE ( 'NONE', #5487, #7411, #7709, .T. ) ;
#1610 = DIRECTION ( 'NONE',  ( -6.009258394948640069E-16, 1.000000000000000000, 0.000000000000000000 ) ) ;
#1611 = DIRECTION ( 'NONE',  ( 0.000000000000000000, 0.000000000000000000, -1.000000000000000000 ) ) ;
#1612 = DIRECTION ( 'NONE',  ( 0.000000000000000000, -0.5000000000000005551, 0.8660254037844382635 ) ) ;
#1613 = DIRECTION ( 'NONE',  ( -0.000000000000000000, -0.000000000000000000, 1.000000000000000000 ) ) ;
#1614 = DIRECTION ( 'NONE',  ( -0.000000000000000000, -0.000000000000000000, 1.000000000000000000 ) ) ;
#1615 = VERTEX_POINT ( 'NONE', #1156 ) ;
#1616 = CARTESIAN_POINT ( 'NONE',  ( 15.72462220366568175, 36.88577788155966886, -45.00000000000000711 ) ) ;
#1617 = CARTESIAN_POINT ( 'NONE',  ( -15.72462220366565866, 5.000000000000008882, -40.59999999999998721 ) ) ;
#1618 = ORIENTED_EDGE ( 'NONE', *, *, #591, .T. ) ;
#1619 = VECTOR ( 'NONE', #8950, 1000.000000000000000 ) ;
#1620 = EDGE_CURVE ( 'NONE', #3180, #8857, #7544, .T. ) ;
#1621 = ORIENTED_EDGE ( 'NONE', *, *, #3288, .T. ) ;
#1622 = CARTESIAN_POINT ( 'NONE',  ( -40.60000000000001563, 0.1949295487797932380, -37.82579128151288472 ) ) ;
#1623 = PLANE ( 'NONE',  #395 ) ;
#1624 = CARTESIAN_POINT ( 'NONE',  ( 40.60000000000001563, 4.999999999999997335, -16.44924440733135640 ) ) ;
#1625 = VECTOR ( 'NONE', #7515, 999.9999999999998863 ) ;
#1626 = LINE ( 'NONE', #4201, #7188 ) ;
#1627 = DIRECTION ( 'NONE',  ( 1.000000000000000000, -0.000000000000000000, -7.709882115452476934E-17 ) ) ;
#1628 = FACE_OUTER_BOUND ( 'NONE', #7839, .T. ) ;
#1629 = LINE ( 'NONE', #5535, #5027 ) ;
#1630 = ORIENTED_EDGE ( 'NONE', *, *, #3718, .F. ) ;
#1631 = ORIENTED_EDGE ( 'NONE', *, *, #8060, .F. ) ;
#1632 = EDGE_CURVE ( 'NONE', #3791, #3466, #4436, .T. ) ;
#1633 = EDGE_CURVE ( 'NONE', #8501, #7815, #8469, .T. ) ;
#1634 = VECTOR ( 'NONE', #6039, 1000.000000000000000 ) ;
#1635 = ORIENTED_EDGE ( 'NONE', *, *, #6892, .F. ) ;
#1636 = ORIENTED_EDGE ( 'NONE', *, *, #9984, .T. ) ;
#1637 = ORIENTED_EDGE ( 'NONE', *, *, #7100, .F. ) ;
#1638 = LINE ( 'NONE', #9734, #1730 ) ;
#1639 = PLANE ( 'NONE',  #3259 ) ;
#1640 = FACE_OUTER_BOUND ( 'NONE', #4514, .T. ) ;
#1641 = CYLINDRICAL_SURFACE ( 'NONE', #7761, 16.50000000000000000 ) ;
#1642 = DIRECTION ( 'NONE',  ( 0.000000000000000000, -0.5000000000000002220, -0.8660254037844384856 ) ) ;
#1643 = EDGE_CURVE ( 'NONE', #6359, #1834, #1045, .T. ) ;
#1644 = CARTESIAN_POINT ( 'NONE',  ( 44.99999999999998579, 36.88577788155969728, -5.724622203665681752 ) ) ;
#1645 = ORIENTED_EDGE ( 'NONE', *, *, #3966, .F. ) ;
#1646 = CARTESIAN_POINT ( 'NONE',  ( 40.59999999999999432, 36.88577788155969728, -5.724622203665681752 ) ) ;
#1647 = VERTEX_POINT ( 'NONE', #1915 ) ;
#1648 = ADVANCED_FACE ( 'NONE', ( #129 ), #10210, .F. ) ;
#1649 = ORIENTED_EDGE ( 'NONE', *, *, #8379, .T. ) ;
#1650 = DIRECTION ( 'NONE',  ( 0.000000000000000000, 0.5000000000000006661, -0.8660254037844383745 ) ) ;
#1651 = CARTESIAN_POINT ( 'NONE',  ( -45.00000000000001421, 18.88772481033655737, -5.724622203665674647 ) ) ;
#1652 = DIRECTION ( 'NONE',  ( -1.000000000000000000, -4.506943796211494843E-16, 0.000000000000000000 ) ) ;
#1653 = CARTESIAN_POINT ( 'NONE',  ( 44.99999999999999289, 31.11227518966342487, 37.17386661099703105 ) ) ;
#1654 = ORIENTED_EDGE ( 'NONE', *, *, #8327, .T. ) ;
#1655 = CARTESIAN_POINT ( 'NONE',  ( 5.724622203665683529, 18.88772481033651474, -45.00000000000000711 ) ) ;
#1656 = ORIENTED_EDGE ( 'NONE', *, *, #2857, .F. ) ;
#1657 = VECTOR ( 'NONE', #6290, 1000.000000000000000 ) ;
#1658 = VERTEX_POINT ( 'NONE', #183 ) ;
#1659 = EDGE_CURVE ( 'NONE', #3448, #544, #2780, .T. ) ;
#1660 = VECTOR ( 'NONE', #1826, 1000.000000000000114 ) ;
#1661 = DIRECTION ( 'NONE',  ( 0.000000000000000000, -0.5000000000000002220, -0.8660254037844384856 ) ) ;
#1662 = VECTOR ( 'NONE', #5994, 1000.000000000000000 ) ;
#1663 = LINE ( 'NONE', #3223, #10099 ) ;
#1664 = CARTESIAN_POINT ( 'NONE',  ( -40.60000000000001563, 22.11324865405186557, -26.44924440733135640 ) ) ;
#1665 = CARTESIAN_POINT ( 'NONE',  ( -45.00000000000002132, 30.77350269189626175, 21.44924440733135640 ) ) ;
#1666 = CARTESIAN_POINT ( 'NONE',  ( -31.22990540948984872, 21.22947990248993122, 40.59999999999998721 ) ) ;
#1667 = LINE ( 'NONE', #799, #7036 ) ;
#1668 = EDGE_LOOP ( 'NONE', ( #9891, #4592, #2281, #9930 ) ) ;
#1669 = CARTESIAN_POINT ( 'NONE',  ( 37.17386661099703815, 31.11227518966341421, 40.59999999999996589 ) ) ;
#1670 = AXIS2_PLACEMENT_3D ( 'NONE', #9807, #3078, #699 ) ;
#1671 = VECTOR ( 'NONE', #1564, 1000.000000000000000 ) ;
#1672 = DIRECTION ( 'NONE',  ( -0.8660254037844381525, -0.5000000000000006661, 0.000000000000000000 ) ) ;
#1673 = ORIENTED_EDGE ( 'NONE', *, *, #1529, .F. ) ;
#1674 = EDGE_CURVE ( 'NONE', #6631, #5853, #3520, .T. ) ;
#1675 = EDGE_CURVE ( 'NONE', #10282, #1221, #6946, .T. ) ;
#1676 = VECTOR ( 'NONE', #9135, 1000.000000000000000 ) ;
#1677 = ORIENTED_EDGE ( 'NONE', *, *, #3263, .F. ) ;
#1678 = VECTOR ( 'NONE', #1061, 1000.000000000000000 ) ;
#1679 = CARTESIAN_POINT ( 'NONE',  ( -5.724622203665671094, 36.88577788155966886, -45.00000000000000711 ) ) ;
#1680 = DIRECTION ( 'NONE',  ( -3.854941057726242781E-17, -0.8660254037844383745, -0.5000000000000006661 ) ) ;
#1681 = PLANE ( 'NONE',  #3201 ) ;
#1682 = CARTESIAN_POINT ( 'NONE',  ( -10.72462220366566399, 39.77252922750778907, -45.00000000000000711 ) ) ;
#1683 = CARTESIAN_POINT ( 'NONE',  ( -45.00000000000001421, 39.77252922750783171, -32.17386661099703105 ) ) ;
#1684 = LINE ( 'NONE', #10443, #6247 ) ;
#1685 = ORIENTED_EDGE ( 'NONE', *, *, #2494, .T. ) ;
#1686 = VERTEX_POINT ( 'NONE', #3417 ) ;
#1687 = EDGE_LOOP ( 'NONE', ( #4809, #7934, #6896, #6191 ) ) ;
#1688 = EDGE_CURVE ( 'NONE', #8991, #7048, #6835, .T. ) ;
#1689 = ORIENTED_EDGE ( 'NONE', *, *, #3403, .T. ) ;
#1690 = EDGE_LOOP ( 'NONE', ( #3050, #3702, #9770, #3577 ) ) ;
#1691 = VECTOR ( 'NONE', #1281, 999.9999999999998863 ) ;
#1692 = CARTESIAN_POINT ( 'NONE',  ( -16.44924440733133508, 5.000000000000012434, -40.59999999999998721 ) ) ;
#1693 = DIRECTION ( 'NONE',  ( 1.000000000000000000, 0.000000000000000000, -7.709882115452476934E-17 ) ) ;
#1694 = FACE_BOUND ( 'NONE', #4698, .T. ) ;
#1695 = CARTESIAN_POINT ( 'NONE',  ( -27.17386661099702749, 36.88577788155966886, -45.00000000000000711 ) ) ;
#1696 = ORIENTED_EDGE ( 'NONE', *, *, #1374, .T. ) ;
#1697 = CARTESIAN_POINT ( 'NONE',  ( -32.17386661099702394, 28.22552384371528333, 44.99999999999999289 ) ) ;
#1698 = LINE ( 'NONE', #2868, #8088 ) ;
#1699 = ORIENTED_EDGE ( 'NONE', *, *, #9568, .F. ) ;
#1700 = DIRECTION ( 'NONE',  ( -1.000000000000000000, 0.000000000000000000, 7.709882115452476934E-17 ) ) ;
#1701 = ORIENTED_EDGE ( 'NONE', *, *, #9822, .F. ) ;
#1702 = ORIENTED_EDGE ( 'NONE', *, *, #5920, .F. ) ;
#1703 = ORIENTED_EDGE ( 'NONE', *, *, #7553, .T. ) ;
#1704 = DIRECTION ( 'NONE',  ( -7.709882115452476934E-17, 0.000000000000000000, -1.000000000000000000 ) ) ;
#1705 = EDGE_CURVE ( 'NONE', #6330, #3896, #4268, .T. ) ;
#1706 = EDGE_CURVE ( 'NONE', #9638, #4218, #2715, .T. ) ;
#1707 = CARTESIAN_POINT ( 'NONE',  ( 44.99999999999998579, 36.88577788155969728, -37.17386661099704526 ) ) ;
#1708 = CARTESIAN_POINT ( 'NONE',  ( 40.60000000000001563, 26.06776566806287221, -28.43651982031991565 ) ) ;
#1709 = CARTESIAN_POINT ( 'NONE',  ( -45.00000000000002132, 39.77252922750783171, 32.17386661099703105 ) ) ;
#1710 = VERTEX_POINT ( 'NONE', #9461 ) ;
#1711 = DIRECTION ( 'NONE',  ( -0.000000000000000000, -1.000000000000000000, -0.000000000000000000 ) ) ;
#1712 = ORIENTED_EDGE ( 'NONE', *, *, #193, .T. ) ;
#1713 = ORIENTED_EDGE ( 'NONE', *, *, #1936, .T. ) ;
#1714 = VECTOR ( 'NONE', #5489, 1000.000000000000000 ) ;
#1715 = AXIS2_PLACEMENT_3D ( 'NONE', #7880, #404, #3687 ) ;
#1716 = VECTOR ( 'NONE', #8865, 1000.000000000000000 ) ;
#1717 = DIRECTION ( 'NONE',  ( -6.009258394948640069E-16, 1.000000000000000000, 0.000000000000000000 ) ) ;
#1718 = LINE ( 'NONE', #6636, #4877 ) ;
#1719 = PLANE ( 'NONE',  #8416 ) ;
#1720 = CARTESIAN_POINT ( 'NONE',  ( 15.72462220366568886, 18.88772481033652895, 44.99999999999999289 ) ) ;
#1721 = AXIS2_PLACEMENT_3D ( 'NONE', #6263, #4574, #541 ) ;
#1722 = PLANE ( 'NONE',  #1391 ) ;
#1723 = DIRECTION ( 'NONE',  ( 4.506943796211493857E-16, -1.000000000000000000, 0.000000000000000000 ) ) ;
#1724 = VERTEX_POINT ( 'NONE', #994 ) ;
#1725 = ADVANCED_FACE ( 'NONE', ( #5201 ), #934, .F. ) ;
#1726 = CARTESIAN_POINT ( 'NONE',  ( 5.000000000000011546, 27.88675134594812022, 44.99999999999999289 ) ) ;
#1727 = CARTESIAN_POINT ( 'NONE',  ( -5.724622203665668430, 13.11422211844027608, -45.00000000000000711 ) ) ;
#1728 = EDGE_LOOP ( 'NONE', ( #2821, #10557, #6909, #5406 ) ) ;
#1729 = VECTOR ( 'NONE', #6996, 1000.000000000000000 ) ;
#1730 = VECTOR ( 'NONE', #825, 1000.000000000000000 ) ;
#1731 = VECTOR ( 'NONE', #7869, 1000.000000000000000 ) ;
#1732 = EDGE_CURVE ( 'NONE', #3183, #7259, #1272, .T. ) ;
#1733 = FACE_OUTER_BOUND ( 'NONE', #659, .T. ) ;
#1734 = CARTESIAN_POINT ( 'NONE',  ( 32.17386661099703815, 10.22747077249214520, -40.59999999999998721 ) ) ;
#1735 = PLANE ( 'NONE',  #4231 ) ;
#1736 = EDGE_CURVE ( 'NONE', #6269, #9238, #1378, .T. ) ;
#1737 = DIRECTION ( 'NONE',  ( -1.000000000000000000, 0.000000000000000000, 7.709882115452476934E-17 ) ) ;
#1738 = DIRECTION ( 'NONE',  ( -0.8660254037844389297, 0.4999999999999995004, -0.000000000000000000 ) ) ;
#1739 = AXIS2_PLACEMENT_3D ( 'NONE', #176, #5195, #9230 ) ;
#1740 = EDGE_CURVE ( 'NONE', #4886, #7868, #2884, .T. ) ;
#1741 = ADVANCED_FACE ( 'NONE', ( #7209 ), #512, .F. ) ;
#1742 = DIRECTION ( 'NONE',  ( 0.000000000000000000, -1.000000000000000000, 0.000000000000000000 ) ) ;
#1743 = ORIENTED_EDGE ( 'NONE', *, *, #2324, .T. ) ;
#1744 = ORIENTED_EDGE ( 'NONE', *, *, #4982, .T. ) ;
#1745 = ORIENTED_EDGE ( 'NONE', *, *, #3967, .F. ) ;
#1746 = ORIENTED_EDGE ( 'NONE', *, *, #1431, .T. ) ;
#1747 = VERTEX_POINT ( 'NONE', #2941 ) ;
#1748 = CARTESIAN_POINT ( 'NONE',  ( -27.17386661099702749, 13.11422211844028318, -45.00000000000000711 ) ) ;
#1749 = LINE ( 'NONE', #8198, #9854 ) ;
#1750 = CARTESIAN_POINT ( 'NONE',  ( 44.99999999999999289, 18.88772481033656447, 37.17386661099703105 ) ) ;
#1751 = CARTESIAN_POINT ( 'NONE',  ( 40.60000000000001563, 4.999999999999997335, -40.59999999999998721 ) ) ;
#1752 = LINE ( 'NONE', #9997, #8717 ) ;
#1753 = ADVANCED_FACE ( 'NONE', ( #4549 ), #5520, .F. ) ;
#1754 = VECTOR ( 'NONE', #2057, 1000.000000000000000 ) ;
#1755 = CARTESIAN_POINT ( 'NONE',  ( -45.00000000000001421, 19.22649730810373470, 7.115855071930202736E-15 ) ) ;
#1756 = VERTEX_POINT ( 'NONE', #7055 ) ;
#1757 = VERTEX_POINT ( 'NONE', #6183 ) ;
#1758 = ORIENTED_EDGE ( 'NONE', *, *, #9568, .T. ) ;
#1759 = AXIS2_PLACEMENT_3D ( 'NONE', #980, #10306, #3883 ) ;
#1760 = EDGE_CURVE ( 'NONE', #5312, #1520, #3849, .T. ) ;
#1761 = CARTESIAN_POINT ( 'NONE',  ( 37.17386661099703815, 13.11422211844027608, 44.99999999999999289 ) ) ;
#1762 = ORIENTED_EDGE ( 'NONE', *, *, #8958, .T. ) ;
#1763 = CARTESIAN_POINT ( 'NONE',  ( -10.28129369291626816, 0.000000000000000000, -10.28129369291627881 ) ) ;
#1764 = LINE ( 'NONE', #3428, #7915 ) ;
#1765 = FACE_OUTER_BOUND ( 'NONE', #9514, .T. ) ;
#1766 = CARTESIAN_POINT ( 'NONE',  ( 15.72462220366568175, 36.88577788155966886, -45.00000000000000711 ) ) ;
#1767 = ORIENTED_EDGE ( 'NONE', *, *, #2184, .F. ) ;
#1768 = ORIENTED_EDGE ( 'NONE', *, *, #10044, .F. ) ;
#1769 = EDGE_CURVE ( 'NONE', #66, #6129, #9624, .T. ) ;
#1770 = ADVANCED_FACE ( 'NONE', ( #10374 ), #3041, .F. ) ;
#1771 = ORIENTED_EDGE ( 'NONE', *, *, #9436, .T. ) ;
#1772 = ORIENTED_EDGE ( 'NONE', *, *, #9969, .F. ) ;
#1773 = CARTESIAN_POINT ( 'NONE',  ( 27.17386661099703815, 31.11227518966341421, -45.00000000000000711 ) ) ;
#1774 = CARTESIAN_POINT ( 'NONE',  ( -45.75702789600870091, 13.93223433193705141, -40.59999999999998721 ) ) ;
#1775 = DIRECTION ( 'NONE',  ( 0.000000000000000000, 0.000000000000000000, -1.000000000000000000 ) ) ;
#1776 = DIRECTION ( 'NONE',  ( -1.000000000000000000, 0.000000000000000000, 7.709882115452476934E-17 ) ) ;
#1777 = LINE ( 'NONE', #5058, #9643 ) ;
#1778 = FACE_OUTER_BOUND ( 'NONE', #1976, .T. ) ;
#1779 = PLANE ( 'NONE',  #6855 ) ;
#1780 = ORIENTED_EDGE ( 'NONE', *, *, #8827, .F. ) ;
#1781 = EDGE_CURVE ( 'NONE', #38, #3487, #5469, .T. ) ;
#1782 = FACE_OUTER_BOUND ( 'NONE', #6001, .T. ) ;
#1783 = DIRECTION ( 'NONE',  ( 0.000000000000000000, -0.5000000000000002220, -0.8660254037844385966 ) ) ;
#1784 = ORIENTED_EDGE ( 'NONE', *, *, #1134, .F. ) ;
#1785 = CARTESIAN_POINT ( 'NONE',  ( -15.72462220366567109, 36.88577788155965465, -45.00000000000000711 ) ) ;
#1786 = ORIENTED_EDGE ( 'NONE', *, *, #9607, .F. ) ;
#1787 = CARTESIAN_POINT ( 'NONE',  ( 44.99999999999999289, 19.22649730810372759, 21.44924440733135640 ) ) ;
#1788 = CARTESIAN_POINT ( 'NONE',  ( -45.00000000000001421, 22.11324865405185491, -16.44924440733134929 ) ) ;
#1789 = PLANE ( 'NONE',  #277 ) ;
#1790 = LINE ( 'NONE', #3612, #8288 ) ;
#1791 = LINE ( 'NONE', #3407, #238 ) ;
#1792 = AXIS2_PLACEMENT_3D ( 'NONE', #2782, #4551, #7882 ) ;
#1793 = FACE_OUTER_BOUND ( 'NONE', #5050, .T. ) ;
#1794 = EDGE_LOOP ( 'NONE', ( #600, #10173, #6774, #4326, #3478 ) ) ;
#1795 = ORIENTED_EDGE ( 'NONE', *, *, #942, .F. ) ;
#1796 = EDGE_CURVE ( 'NONE', #818, #2660, #8800, .T. ) ;
#1797 = EDGE_CURVE ( 'NONE', #5853, #38, #8982, .T. ) ;
#1798 = ORIENTED_EDGE ( 'NONE', *, *, #4286, .T. ) ;
#1799 = AXIS2_PLACEMENT_3D ( 'NONE', #1461, #7097, #7193 ) ;
#1800 = ADVANCED_FACE ( 'NONE', ( #6393 ), #9519, .F. ) ;
#1801 = EDGE_LOOP ( 'NONE', ( #7816, #4356 ) ) ;
#1802 = FACE_OUTER_BOUND ( 'NONE', #5143, .T. ) ;
#1803 = LINE ( 'NONE', #3304, #10392 ) ;
#1804 = DIRECTION ( 'NONE',  ( 0.000000000000000000, -1.000000000000000000, 0.000000000000000000 ) ) ;
#1805 = CARTESIAN_POINT ( 'NONE',  ( -46.97256513967722213, 16.03760659646314579, 40.59999999999998721 ) ) ;
#1806 = CARTESIAN_POINT ( 'NONE',  ( 44.99999999999999289, 31.11227518966343553, 27.17386661099702394 ) ) ;
#1807 = CARTESIAN_POINT ( 'NONE',  ( 8.131727983645287594, 4.999999999999997335, -8.131727983645291147 ) ) ;
#1808 = VERTEX_POINT ( 'NONE', #1324 ) ;
#1809 = VECTOR ( 'NONE', #9922, 1000.000000000000000 ) ;
#1810 = ADVANCED_FACE ( 'NONE', ( #10479 ), #2083, .F. ) ;
#1811 = VERTEX_POINT ( 'NONE', #4603 ) ;
#1812 = ADVANCED_FACE ( 'NONE', ( #9675 ), #564, .F. ) ;
#1813 = FACE_BOUND ( 'NONE', #1801, .T. ) ;
#1814 = VERTEX_POINT ( 'NONE', #7114 ) ;
#1815 = DIRECTION ( 'NONE',  ( 0.000000000000000000, 1.000000000000000000, 0.000000000000000000 ) ) ;
#1816 = CARTESIAN_POINT ( 'NONE',  ( 6.884854776271489727E-15, 19.22649730810373114, -45.00000000000000711 ) ) ;
#1817 = DIRECTION ( 'NONE',  ( 0.4999999999999995004, 0.8660254037844389297, 0.000000000000000000 ) ) ;
#1818 = CARTESIAN_POINT ( 'NONE',  ( -45.00000000000002132, 45.00000000000000000, -45.00000000000000711 ) ) ;
#1819 = APPLICATION_PROTOCOL_DEFINITION ( 'draft international standard', 'automotive_design', 1998, #4012 ) ;
#1820 = ORIENTED_EDGE ( 'NONE', *, *, #5445, .F. ) ;
#1821 = VERTEX_POINT ( 'NONE', #10431 ) ;
#1822 = EDGE_CURVE ( 'NONE', #8272, #10282, #8120, .T. ) ;
#1823 = VERTEX_POINT ( 'NONE', #7314 ) ;
#1824 = LINE ( 'NONE', #4235, #6533 ) ;
#1825 = CARTESIAN_POINT ( 'NONE',  ( -40.00000000000003553, 0.000000000000000000, -3.469446951953617344E-15 ) ) ;
#1826 = DIRECTION ( 'NONE',  ( 0.3939192985791675206, 0.000000000000000000, -0.9191450300180579180 ) ) ;
#1827 = EDGE_CURVE ( 'NONE', #7232, #5895, #5722, .T. ) ;
#1828 = CARTESIAN_POINT ( 'NONE',  ( 40.60000000000001563, 4.999999999999997335, 16.44924440733134929 ) ) ;
#1829 = AXIS2_PLACEMENT_3D ( 'NONE', #9406, #7879, #10262 ) ;
#1830 = CARTESIAN_POINT ( 'NONE',  ( 44.99999999999998579, 18.88772481033655737, -5.724622203665681752 ) ) ;
#1831 = ORIENTED_EDGE ( 'NONE', *, *, #8794, .F. ) ;
#1832 = CARTESIAN_POINT ( 'NONE',  ( -5.724622203665671094, 36.88577788155966886, 40.59999999999996589 ) ) ;
#1833 = CARTESIAN_POINT ( 'NONE',  ( 20.00000000000002842, 0.000000000000000000, 20.00000000000000355 ) ) ;
#1834 = VERTEX_POINT ( 'NONE', #6538 ) ;
#1835 = VECTOR ( 'NONE', #6195, 1000.000000000000000 ) ;
#1836 = LINE ( 'NONE', #4198, #3269 ) ;
#1837 = VECTOR ( 'NONE', #698, 1000.000000000000000 ) ;
#1838 = ORIENTED_EDGE ( 'NONE', *, *, #4826, .F. ) ;
#1839 = DIRECTION ( 'NONE',  ( 0.000000000000000000, -0.5000000000000002220, -0.8660254037844384856 ) ) ;
#1840 = CARTESIAN_POINT ( 'NONE',  ( 5.724622203665683529, 18.88772481033651474, 44.99999999999999289 ) ) ;
#1841 = VECTOR ( 'NONE', #4346, 1000.000000000000000 ) ;
#1842 = DIRECTION ( 'NONE',  ( 0.000000000000000000, -0.5000000000000006661, 0.8660254037844383745 ) ) ;
#1843 = VECTOR ( 'NONE', #6667, 1000.000000000000000 ) ;
#1844 = LINE ( 'NONE', #5995, #5154 ) ;
#1845 = CARTESIAN_POINT ( 'NONE',  ( 26.44924440733136706, 22.11324865405184426, -45.00000000000000711 ) ) ;
#1846 = ADVANCED_FACE ( 'NONE', ( #9052 ), #3995, .F. ) ;
#1847 = CARTESIAN_POINT ( 'NONE',  ( 40.59999999999999432, 22.11324865405186557, -26.44924440733136350 ) ) ;
#1848 = EDGE_LOOP ( 'NONE', ( #4874, #1955, #262, #146, #4002 ) ) ;
#1849 = ORIENTED_EDGE ( 'NONE', *, *, #9822, .T. ) ;
#1850 = VECTOR ( 'NONE', #314, 999.9999999999998863 ) ;
#1851 = ORIENTED_EDGE ( 'NONE', *, *, #6363, .F. ) ;
#1852 = AXIS2_PLACEMENT_3D ( 'NONE', #10405, #3071, #1245 ) ;
#1853 = DIRECTION ( 'NONE',  ( 0.000000000000000000, 0.9816271834476639757, -0.1908089953765452762 ) ) ;
#1854 = ORIENTED_EDGE ( 'NONE', *, *, #2165, .T. ) ;
#1855 = ORIENTED_EDGE ( 'NONE', *, *, #10438, .T. ) ;
#1856 = CARTESIAN_POINT ( 'NONE',  ( -45.00000000000001421, 36.88577788155969728, -27.17386661099702749 ) ) ;
#1857 = CARTESIAN_POINT ( 'NONE',  ( 44.99999999999998579, 19.22649730810373470, 1.769611680229744565E-16 ) ) ;
#1858 = CARTESIAN_POINT ( 'NONE',  ( -45.00000000000002132, 13.11422211844030450, 27.17386661099703105 ) ) ;
#1859 = DIRECTION ( 'NONE',  ( 0.000000000000000000, 1.000000000000000000, 0.000000000000000000 ) ) ;
#1860 = DIRECTION ( 'NONE',  ( 3.854941057726239700E-17, -0.8660254037844385966, 0.5000000000000003331 ) ) ;
#1861 = DIRECTION ( 'NONE',  ( 0.000000000000000000, -1.000000000000000000, 0.000000000000000000 ) ) ;
#1862 = VERTEX_POINT ( 'NONE', #2291 ) ;
#1863 = EDGE_CURVE ( 'NONE', #7324, #8531, #10579, .T. ) ;
#1864 = ORIENTED_EDGE ( 'NONE', *, *, #5293, .T. ) ;
#1865 = VECTOR ( 'NONE', #626, 1000.000000000000000 ) ;
#1866 = DIRECTION ( 'NONE',  ( 0.000000000000000000, -0.000000000000000000, -1.000000000000000000 ) ) ;
#1867 = ORIENTED_EDGE ( 'NONE', *, *, #6355, .F. ) ;
#1868 = DIRECTION ( 'NONE',  ( 0.000000000000000000, 0.5000000000000005551, -0.8660254037844382635 ) ) ;
#1869 = DIRECTION ( 'NONE',  ( 0.7071067811865467956, 0.000000000000000000, 0.7071067811865483499 ) ) ;
#1870 = ADVANCED_FACE ( 'NONE', ( #8092 ), #59, .F. ) ;
#1871 = CARTESIAN_POINT ( 'NONE',  ( 15.72462220366568886, 31.11227518966341421, -45.00000000000000711 ) ) ;
#1872 = CARTESIAN_POINT ( 'NONE',  ( -21.44924440733134219, 30.77350269189622267, -45.00000000000000711 ) ) ;
#1873 = ADVANCED_FACE ( 'NONE', ( #10674 ), #6649, .F. ) ;
#1874 = VERTEX_POINT ( 'NONE', #10625 ) ;
#1875 = ORIENTED_EDGE ( 'NONE', *, *, #4989, .F. ) ;
#1876 = ORIENTED_EDGE ( 'NONE', *, *, #5139, .F. ) ;
#1877 = VERTEX_POINT ( 'NONE', #663 ) ;
#1878 = ORIENTED_EDGE ( 'NONE', *, *, #255, .T. ) ;
#1879 = DIRECTION ( 'NONE',  ( -7.709882115452476934E-17, 0.000000000000000000, -1.000000000000000000 ) ) ;
#1880 = CARTESIAN_POINT ( 'NONE',  ( 3.469446951953612217E-15, 0.000000000000000000, -40.00000000000002842 ) ) ;
#1881 = DIRECTION ( 'NONE',  ( -7.709882115452476934E-17, 0.000000000000000000, -1.000000000000000000 ) ) ;
#1882 = DIRECTION ( 'NONE',  ( 0.8660254037844384856, 0.5000000000000004441, 0.000000000000000000 ) ) ;
#1883 = LINE ( 'NONE', #6970, #3105 ) ;
#1884 = EDGE_CURVE ( 'NONE', #6397, #9075, #2437, .T. ) ;
#1885 = ORIENTED_EDGE ( 'NONE', *, *, #926, .T. ) ;
#1886 = FACE_OUTER_BOUND ( 'NONE', #5218, .T. ) ;
#1887 = FACE_OUTER_BOUND ( 'NONE', #4272, .T. ) ;
#1888 = VECTOR ( 'NONE', #3437, 999.9999999999998863 ) ;
#1889 = ORIENTED_EDGE ( 'NONE', *, *, #5091, .F. ) ;
#1890 = VECTOR ( 'NONE', #2238, 999.9999999999998863 ) ;
#1891 = VECTOR ( 'NONE', #9066, 1000.000000000000000 ) ;
#1892 = EDGE_CURVE ( 'NONE', #7786, #7511, #6675, .T. ) ;
#1893 = VECTOR ( 'NONE', #7338, 1000.000000000000000 ) ;
#1894 = ORIENTED_EDGE ( 'NONE', *, *, #2118, .F. ) ;
#1895 = CARTESIAN_POINT ( 'NONE',  ( -9.545941546018370971, 0.000000000000000000, 9.545941546018351431 ) ) ;
#1896 = LINE ( 'NONE', #4358, #6993 ) ;
#1897 = PLANE ( 'NONE',  #7369 ) ;
#1898 = CARTESIAN_POINT ( 'NONE',  ( 3.501671751013970990, -5.000000000000000000, 19.76512771830456927 ) ) ;
#1899 = FACE_OUTER_BOUND ( 'NONE', #2481, .T. ) ;
#1900 = VECTOR ( 'NONE', #6289, 1000.000000000000000 ) ;
#1901 = DIRECTION ( 'NONE',  ( -0.8660254037844389297, 0.4999999999999995004, -0.000000000000000000 ) ) ;
#1902 = ORIENTED_EDGE ( 'NONE', *, *, #281, .F. ) ;
#1903 = CARTESIAN_POINT ( 'NONE',  ( 37.17386661099703815, 18.88772481033653250, 40.59999999999996589 ) ) ;
#1904 = ORIENTED_EDGE ( 'NONE', *, *, #1051, .F. ) ;
#1905 = AXIS2_PLACEMENT_3D ( 'NONE', #4591, #393, #7759 ) ;
#1906 = VECTOR ( 'NONE', #5289, 999.9999999999998863 ) ;
#1907 = ORIENTED_EDGE ( 'NONE', *, *, #10086, .F. ) ;
#1908 = EDGE_CURVE ( 'NONE', #6029, #971, #7265, .T. ) ;
#1909 = EDGE_CURVE ( 'NONE', #6379, #1724, #2382, .T. ) ;
#1910 = ORIENTED_EDGE ( 'NONE', *, *, #348, .T. ) ;
#1911 = DIRECTION ( 'NONE',  ( -0.000000000000000000, -0.000000000000000000, 1.000000000000000000 ) ) ;
#1912 = VECTOR ( 'NONE', #3414, 1000.000000000000000 ) ;
#1913 = LINE ( 'NONE', #3685, #9867 ) ;
#1914 = LINE ( 'NONE', #5254, #5616 ) ;
#1915 = CARTESIAN_POINT ( 'NONE',  ( -10.72462220366566577, 21.77447615628465272, 40.59999999999998721 ) ) ;
#1916 = AXIS2_PLACEMENT_3D ( 'NONE', #3985, #7198, #10614 ) ;
#1917 = CARTESIAN_POINT ( 'NONE',  ( -45.00000000000001421, 19.22649730810372759, -21.44924440733134929 ) ) ;
#1918 =( BOUNDED_CURVE ( )  B_SPLINE_CURVE ( 3, ( #1380, #1477, #5522, #4656 ),
 .UNSPECIFIED., .F., .T. ) 
 B_SPLINE_CURVE_WITH_KNOTS ( ( 4, 4 ),
 ( 5.515995204261206375, 7.050375410097966089 ),
 .UNSPECIFIED. ) 
 CURVE ( )  GEOMETRIC_REPRESENTATION_ITEM ( )  RATIONAL_B_SPLINE_CURVE ( ( 1.000000000000000000, 0.8132426008497388725, 0.8132426008497388725, 1.000000000000000000 ) ) 
 REPRESENTATION_ITEM ( '' )  );
#1919 = ORIENTED_EDGE ( 'NONE', *, *, #7553, .F. ) ;
#1920 = ORIENTED_EDGE ( 'NONE', *, *, #7651, .F. ) ;
#1921 = CARTESIAN_POINT ( 'NONE',  ( -5.724622203665671094, 36.88577788155966886, -45.00000000000000711 ) ) ;
#1922 = ORIENTED_EDGE ( 'NONE', *, *, #6891, .F. ) ;
#1923 = CARTESIAN_POINT ( 'NONE',  ( -45.00000000000001421, 31.11227518966343553, 5.724622203665675535 ) ) ;
#1924 = LINE ( 'NONE', #9303, #4484 ) ;
#1925 = LINE ( 'NONE', #1116, #5303 ) ;
#1926 = CARTESIAN_POINT ( 'NONE',  ( -45.00000000000001421, 36.88577788155969728, -15.72462220366567820 ) ) ;
#1927 = LINE ( 'NONE', #5158, #3790 ) ;
#1928 = ORIENTED_EDGE ( 'NONE', *, *, #10132, .F. ) ;
#1929 = VECTOR ( 'NONE', #2279, 999.9999999999998863 ) ;
#1930 = ORIENTED_EDGE ( 'NONE', *, *, #8902, .T. ) ;
#1931 = EDGE_CURVE ( 'NONE', #5782, #8359, #8642, .T. ) ;
#1932 = ORIENTED_EDGE ( 'NONE', *, *, #4189, .T. ) ;
#1933 = EDGE_CURVE ( 'NONE', #9469, #9215, #1577, .T. ) ;
#1934 = EDGE_CURVE ( 'NONE', #4059, #6258, #4095, .T. ) ;
#1935 = DIRECTION ( 'NONE',  ( 0.000000000000000000, -1.000000000000000000, 0.000000000000000000 ) ) ;
#1936 = EDGE_CURVE ( 'NONE', #1647, #8715, #7419, .T. ) ;
#1937 = AXIS2_PLACEMENT_3D ( 'NONE', #10025, #9152, #5987 ) ;
#1938 = DIRECTION ( 'NONE',  ( -0.000000000000000000, -1.000000000000000000, -0.000000000000000000 ) ) ;
#1939 = CARTESIAN_POINT ( 'NONE',  ( -45.00000000000001421, 22.11324865405187268, -5.000000000000001776 ) ) ;
#1940 = DIRECTION ( 'NONE',  ( 0.8660254037844384856, 0.5000000000000004441, 0.000000000000000000 ) ) ;
#1941 = DIRECTION ( 'NONE',  ( -0.8660254037844385966, 0.5000000000000002220, 0.000000000000000000 ) ) ;
#1942 = VECTOR ( 'NONE', #3137, 1000.000000000000000 ) ;
#1943 = VERTEX_POINT ( 'NONE', #1682 ) ;
#1944 = LINE ( 'NONE', #8339, #4685 ) ;
#1945 = PLANE ( 'NONE',  #1206 ) ;
#1946 = EDGE_CURVE ( 'NONE', #4182, #3435, #6, .T. ) ;
#1947 = ORIENTED_EDGE ( 'NONE', *, *, #2101, .F. ) ;
#1948 = PLANE ( 'NONE',  #6412 ) ;
#1949 = CARTESIAN_POINT ( 'NONE',  ( 37.17386661099703815, 13.11422211844027608, -45.00000000000000711 ) ) ;
#1950 = DIRECTION ( 'NONE',  ( 0.000000000000000000, 0.000000000000000000, 1.000000000000000000 ) ) ;
#1951 = CARTESIAN_POINT ( 'NONE',  ( -20.00000000000001421, 46.66904755831214402, -36.50000000000002132 ) ) ;
#1952 = LINE ( 'NONE', #4533, #10284 ) ;
#1953 = ORIENTED_EDGE ( 'NONE', *, *, #2583, .F. ) ;
#1954 = DIRECTION ( 'NONE',  ( 0.8660254037844385966, -0.5000000000000002220, 0.000000000000000000 ) ) ;
#1955 = ORIENTED_EDGE ( 'NONE', *, *, #5124, .T. ) ;
#1956 = CARTESIAN_POINT ( 'NONE',  ( 0.000000000000000000, 0.000000000000000000, 0.000000000000000000 ) ) ;
#1957 = VERTEX_POINT ( 'NONE', #9924 ) ;
#1958 = EDGE_CURVE ( 'NONE', #9481, #8363, #4043, .T. ) ;
#1959 = ORIENTED_EDGE ( 'NONE', *, *, #3617, .F. ) ;
#1960 = ADVANCED_FACE ( 'NONE', ( #8292 ), #978, .F. ) ;
#1961 = ORIENTED_EDGE ( 'NONE', *, *, #6552, .F. ) ;
#1962 = FACE_OUTER_BOUND ( 'NONE', #7002, .T. ) ;
#1963 = VECTOR ( 'NONE', #5334, 999.9999999999998863 ) ;
#1964 = PLANE ( 'NONE',  #2591 ) ;
#1965 = DIRECTION ( 'NONE',  ( 1.000000000000000000, -0.000000000000000000, -7.709882115452476934E-17 ) ) ;
#1966 = DIRECTION ( 'NONE',  ( -0.000000000000000000, -1.000000000000000000, -0.000000000000000000 ) ) ;
#1967 = ORIENTED_EDGE ( 'NONE', *, *, #9540, .T. ) ;
#1968 = CARTESIAN_POINT ( 'NONE',  ( -15.14297210399136517, 49.09286572558527695, 40.59999999999998721 ) ) ;
#1969 = EDGE_CURVE ( 'NONE', #6728, #8577, #8345, .T. ) ;
#1970 = EDGE_CURVE ( 'NONE', #2885, #1747, #1844, .T. ) ;
#1971 = ORIENTED_EDGE ( 'NONE', *, *, #720, .T. ) ;
#1972 = VECTOR ( 'NONE', #8583, 1000.000000000000000 ) ;
#1973 = ORIENTED_EDGE ( 'NONE', *, *, #1986, .F. ) ;
#1974 = ORIENTED_EDGE ( 'NONE', *, *, #8352, .T. ) ;
#1975 = PLANE ( 'NONE',  #7650 ) ;
#1976 = EDGE_LOOP ( 'NONE', ( #1141, #10585, #10619, #10005 ) ) ;
#1977 = EDGE_CURVE ( 'NONE', #658, #6141, #9331, .T. ) ;
#1978 = DIRECTION ( 'NONE',  ( -6.009258394948641055E-16, 1.000000000000000000, -0.000000000000000000 ) ) ;
#1979 = DIRECTION ( 'NONE',  ( 0.000000000000000000, -0.5000000000000006661, 0.8660254037844383745 ) ) ;
#1980 = VECTOR ( 'NONE', #9390, 1000.000000000000000 ) ;
#1981 = LINE ( 'NONE', #5156, #4606 ) ;
#1982 = CARTESIAN_POINT ( 'NONE',  ( -31.22990540948984872, 21.22947990248993122, -40.59999999999998721 ) ) ;
#1983 = DIRECTION ( 'NONE',  ( -0.000000000000000000, -0.000000000000000000, 1.000000000000000000 ) ) ;
#1984 = VERTEX_POINT ( 'NONE', #7645 ) ;
#1985 = ORIENTED_EDGE ( 'NONE', *, *, #9006, .F. ) ;
#1986 = EDGE_CURVE ( 'NONE', #7477, #1556, #7531, .T. ) ;
#1987 = ORIENTED_EDGE ( 'NONE', *, *, #307, .F. ) ;
#1988 = ORIENTED_EDGE ( 'NONE', *, *, #8431, .T. ) ;
#1989 = LINE ( 'NONE', #7326, #5849 ) ;
#1990 = CARTESIAN_POINT ( 'NONE',  ( 20.00000000000002842, 46.66904755831214402, 20.00000000000000355 ) ) ;
#1991 = DIRECTION ( 'NONE',  ( -0.5000000000000002220, -0.8660254037844385966, 0.000000000000000000 ) ) ;
#1992 = CARTESIAN_POINT ( 'NONE',  ( 19.76512771830453374, 46.66904755831214402, 3.501671751013948342 ) ) ;
#1993 = DIRECTION ( 'NONE',  ( -3.854941057726240316E-17, 0.8660254037844385966, -0.5000000000000003331 ) ) ;
#1994 =( LENGTH_UNIT ( ) NAMED_UNIT ( * ) SI_UNIT ( .MILLI., .METRE. ) );
#1995 = VERTEX_POINT ( 'NONE', #1898 ) ;
#1996 = FACE_OUTER_BOUND ( 'NONE', #2602, .T. ) ;
#1997 = CARTESIAN_POINT ( 'NONE',  ( -45.00000000000001421, 18.88772481033656092, -15.72462220366567820 ) ) ;
#1998 = EDGE_CURVE ( 'NONE', #4424, #9491, #8400, .T. ) ;
#1999 = ORIENTED_EDGE ( 'NONE', *, *, #9130, .F. ) ;
#2000 = DIRECTION ( 'NONE',  ( 0.8660254037844385966, -0.5000000000000002220, 0.000000000000000000 ) ) ;
#2001 = VECTOR ( 'NONE', #1534, 1000.000000000000000 ) ;
#2002 = CARTESIAN_POINT ( 'NONE',  ( 10.72462220366569241, 21.77447615628465272, -45.00000000000000711 ) ) ;
#2003 = CARTESIAN_POINT ( 'NONE',  ( 5.000000000000011546, 5.000000000000024869, 40.59999999999998721 ) ) ;
#2004 = DIRECTION ( 'NONE',  ( 0.000000000000000000, 1.000000000000000000, 0.000000000000000000 ) ) ;
#2005 = LINE ( 'NONE', #327, #1107 ) ;
#2006 = ORIENTED_EDGE ( 'NONE', *, *, #10181, .T. ) ;
#2007 = CARTESIAN_POINT ( 'NONE',  ( 27.17386661099703460, 18.88772481033651474, 44.99999999999999289 ) ) ;
#2008 = ORIENTED_EDGE ( 'NONE', *, *, #6115, .T. ) ;
#2009 = EDGE_CURVE ( 'NONE', #719, #9905, #4256, .T. ) ;
#2010 = DIRECTION ( 'NONE',  ( 3.854941057726239700E-17, -0.8660254037844385966, 0.5000000000000003331 ) ) ;
#2011 = ORIENTED_EDGE ( 'NONE', *, *, #4989, .T. ) ;
#2012 = ADVANCED_FACE ( 'NONE', ( #115 ), #10141, .F. ) ;
#2013 = CIRCLE ( 'NONE', #5286, 2.000000000000001776 ) ;
#2014 = ORIENTED_EDGE ( 'NONE', *, *, #6256, .T. ) ;
#2015 = ORIENTED_EDGE ( 'NONE', *, *, #6267, .F. ) ;
#2016 = VECTOR ( 'NONE', #6262, 999.9999999999998863 ) ;
#2017 = VERTEX_POINT ( 'NONE', #6712 ) ;
#2018 = LINE ( 'NONE', #4600, #2593 ) ;
#2019 = LINE ( 'NONE', #5308, #1729 ) ;
#2020 = DIRECTION ( 'NONE',  ( -0.8660254037844389297, 0.4999999999999994449, 0.000000000000000000 ) ) ;
#2021 = DIRECTION ( 'NONE',  ( -7.709882115452476934E-17, 0.000000000000000000, -1.000000000000000000 ) ) ;
#2022 = ORIENTED_EDGE ( 'NONE', *, *, #1529, .T. ) ;
#2023 = CARTESIAN_POINT ( 'NONE',  ( -20.00000000000001421, -5.000000000000000000, 36.49999999999999289 ) ) ;
#2024 = VECTOR ( 'NONE', #3979, 1000.000000000000000 ) ;
#2025 = EDGE_CURVE ( 'NONE', #10360, #5782, #8452, .T. ) ;
#2026 = ORIENTED_EDGE ( 'NONE', *, *, #1863, .F. ) ;
#2027 = VECTOR ( 'NONE', #389, 1000.000000000000000 ) ;
#2028 = ORIENTED_EDGE ( 'NONE', *, *, #8170, .T. ) ;
#2029 = VECTOR ( 'NONE', #2508, 1000.000000000000000 ) ;
#2030 = DIRECTION ( 'NONE',  ( -0.8660254037844389297, 0.4999999999999994449, 0.000000000000000000 ) ) ;
#2031 = ORIENTED_EDGE ( 'NONE', *, *, #10506, .F. ) ;
#2032 = PLANE ( 'NONE',  #7256 ) ;
#2033 = VECTOR ( 'NONE', #5749, 1000.000000000000000 ) ;
#2034 = CARTESIAN_POINT ( 'NONE',  ( -45.00000000000001421, 36.88577788155969728, 15.72462220366568175 ) ) ;
#2035 = DIRECTION ( 'NONE',  ( 0.8660254037844384856, -0.5000000000000001110, 0.000000000000000000 ) ) ;
#2036 = DIRECTION ( 'NONE',  ( -6.009258394948640069E-16, 1.000000000000000000, 0.000000000000000000 ) ) ;
#2037 = CARTESIAN_POINT ( 'NONE',  ( -4.999999999999997335, 27.88675134594810245, -40.59999999999998721 ) ) ;
#2038 = VERTEX_POINT ( 'NONE', #4360 ) ;
#2039 = PLANE ( 'NONE',  #5003 ) ;
#2040 = EDGE_LOOP ( 'NONE', ( #5613, #8582, #9046, #5898, #847, #3261 ) ) ;
#2041 = UNCERTAINTY_MEASURE_WITH_UNIT (LENGTH_MEASURE( 1.000000000000000082E-05 ), #305, 'distance_accuracy_value', 'NONE');
#2042 = ORIENTED_EDGE ( 'NONE', *, *, #7177, .F. ) ;
#2043 = VERTEX_POINT ( 'NONE', #10037 ) ;
#2044 = EDGE_CURVE ( 'NONE', #1808, #5160, #4309, .T. ) ;
#2045 = EDGE_CURVE ( 'NONE', #7257, #890, #1031, .T. ) ;
#2046 = CARTESIAN_POINT ( 'NONE',  ( -20.14297210399130833, 40.43261168774092340, 40.59999999999998721 ) ) ;
#2047 = AXIS2_PLACEMENT_3D ( 'NONE', #9937, #5732, #8253 ) ;
#2048 = LINE ( 'NONE', #9017, #9619 ) ;
#2049 = CARTESIAN_POINT ( 'NONE',  ( -40.60000000000001563, 4.999999999999997335, 16.44924440733135640 ) ) ;
#2050 = LINE ( 'NONE', #3657, #2353 ) ;
#2051 = DIRECTION ( 'NONE',  ( -0.5000000000000007772, 0.8660254037844382635, 0.000000000000000000 ) ) ;
#2052 = SURFACE_STYLE_USAGE ( .BOTH. , #5280 ) ;
#2053 = ORIENTED_EDGE ( 'NONE', *, *, #372, .F. ) ;
#2054 = DIRECTION ( 'NONE',  ( 0.000000000000000000, 0.5000000000000005551, -0.8660254037844382635 ) ) ;
#2055 = PLANE ( 'NONE',  #9852 ) ;
#2056 = ORIENTED_EDGE ( 'NONE', *, *, #9633, .F. ) ;
#2057 = DIRECTION ( 'NONE',  ( 1.000000000000000000, -0.000000000000000000, -7.709882115452476934E-17 ) ) ;
#2058 = EDGE_CURVE ( 'NONE', #6906, #2401, #5187, .T. ) ;
#2059 = LINE ( 'NONE', #1840, #6295 ) ;
#2060 = CARTESIAN_POINT ( 'NONE',  ( -45.00000000000002132, 27.88675134594812732, 26.44924440733135995 ) ) ;
#2061 = FACE_OUTER_BOUND ( 'NONE', #9308, .T. ) ;
#2062 = LINE ( 'NONE', #3614, #6976 ) ;
#2063 = LINE ( 'NONE', #8681, #6678 ) ;
#2064 = VERTEX_POINT ( 'NONE', #2703 ) ;
#2065 = AXIS2_PLACEMENT_3D ( 'NONE', #6291, #10528, #4705 ) ;
#2066 = DIRECTION ( 'NONE',  ( -7.709882115452476934E-17, 0.000000000000000000, -1.000000000000000000 ) ) ;
#2067 = ORIENTED_EDGE ( 'NONE', *, *, #5139, .T. ) ;
#2068 = CARTESIAN_POINT ( 'NONE',  ( 40.60000000000001563, 42.53798395226703377, -18.92743486032273381 ) ) ;
#2069 = ORIENTED_EDGE ( 'NONE', *, *, #10322, .F. ) ;
#2070 = VERTEX_POINT ( 'NONE', #9223 ) ;
#2071 = ORIENTED_EDGE ( 'NONE', *, *, #5920, .T. ) ;
#2072 = VECTOR ( 'NONE', #1868, 1000.000000000000227 ) ;
#2073 = EDGE_CURVE ( 'NONE', #7871, #318, #1790, .T. ) ;
#2074 = DIRECTION ( 'NONE',  ( -0.5000000000000007772, 0.8660254037844382635, 0.000000000000000000 ) ) ;
#2075 = FACE_BOUND ( 'NONE', #3678, .T. ) ;
#2076 = EDGE_CURVE ( 'NONE', #10156, #2339, #5072, .T. ) ;
#2077 = ORIENTED_EDGE ( 'NONE', *, *, #1597, .T. ) ;
#2078 = DIRECTION ( 'NONE',  ( 0.000000000000000000, 0.000000000000000000, -1.000000000000000000 ) ) ;
#2079 = VECTOR ( 'NONE', #7378, 1000.000000000000114 ) ;
#2080 = EDGE_CURVE ( 'NONE', #4142, #6175, #9392, .T. ) ;
#2081 = CARTESIAN_POINT ( 'NONE',  ( 5.000000000000006217, 22.11324865405186202, -40.59999999999998721 ) ) ;
#2082 = LINE ( 'NONE', #7768, #4403 ) ;
#2083 = PLANE ( 'NONE',  #1357 ) ;
#2084 = ORIENTED_EDGE ( 'NONE', *, *, #9389, .T. ) ;
#2085 = DIRECTION ( 'NONE',  ( -0.000000000000000000, -1.000000000000000000, -0.000000000000000000 ) ) ;
#2086 = VECTOR ( 'NONE', #9028, 999.9999999999998863 ) ;
#2087 = VERTEX_POINT ( 'NONE', #5942 ) ;
#2088 = VECTOR ( 'NONE', #9011, 1000.000000000000000 ) ;
#2089 = VECTOR ( 'NONE', #9129, 1000.000000000000000 ) ;
#2090 = LINE ( 'NONE', #10325, #3303 ) ;
#2091 = ORIENTED_EDGE ( 'NONE', *, *, #1958, .T. ) ;
#2092 = EDGE_CURVE ( 'NONE', #7945, #10159, #2651, .T. ) ;
#2093 = LINE ( 'NONE', #1170, #9534 ) ;
#2094 = PLANE ( 'NONE',  #6360 ) ;
#2095 = LINE ( 'NONE', #5481, #5641 ) ;
#2096 = ORIENTED_EDGE ( 'NONE', *, *, #8902, .F. ) ;
#2097 = PLANE ( 'NONE',  #6671 ) ;
#2098 = FACE_OUTER_BOUND ( 'NONE', #6704, .T. ) ;
#2099 = EDGE_LOOP ( 'NONE', ( #4486, #5703, #9535, #7163, #6229, #2084 ) ) ;
#2100 = FACE_OUTER_BOUND ( 'NONE', #1794, .T. ) ;
#2101 = EDGE_CURVE ( 'NONE', #3244, #2038, #1087, .T. ) ;
#2102 = LINE ( 'NONE', #3010, #9367 ) ;
#2103 = ORIENTED_EDGE ( 'NONE', *, *, #7401, .F. ) ;
#2104 = ORIENTED_EDGE ( 'NONE', *, *, #6102, .T. ) ;
#2105 = FACE_OUTER_BOUND ( 'NONE', #543, .T. ) ;
#2106 = CARTESIAN_POINT ( 'NONE',  ( -36.61025403784438481, -1.910442715746331954, -40.59999999999998721 ) ) ;
#2107 = DIRECTION ( 'NONE',  ( 0.5000000000000004441, -0.8660254037844384856, 0.000000000000000000 ) ) ;
#2108 = CARTESIAN_POINT ( 'NONE',  ( -27.17386661099702039, 5.000000000000005329, -40.59999999999998721 ) ) ;
#2109 = CARTESIAN_POINT ( 'NONE',  ( -45.00000000000001421, 21.77447615628469180, -10.72462220366567820 ) ) ;
#2110 = EDGE_LOOP ( 'NONE', ( #8362, #9341, #9482, #5664 ) ) ;
#2111 = AXIS2_PLACEMENT_3D ( 'NONE', #6934, #6000, #117 ) ;
#2112 = LINE ( 'NONE', #4464, #723 ) ;
#2113 = EDGE_CURVE ( 'NONE', #6547, #8910, #6873, .T. ) ;
#2114 = ADVANCED_FACE ( 'NONE', ( #3670 ), #6931, .F. ) ;
#2115 = VECTOR ( 'NONE', #10166, 1000.000000000000000 ) ;
#2116 = ORIENTED_EDGE ( 'NONE', *, *, #8013, .T. ) ;
#2117 = LINE ( 'NONE', #4412, #7633 ) ;
#2118 = EDGE_CURVE ( 'NONE', #4708, #8715, #2980, .T. ) ;
#2119 = CARTESIAN_POINT ( 'NONE',  ( -5.724622203665659548, 5.000000000000018652, -40.59999999999998721 ) ) ;
#2120 = DIRECTION ( 'NONE',  ( -1.682156097916903933E-15, 0.000000000000000000, 1.000000000000000000 ) ) ;
#2121 = DIRECTION ( 'NONE',  ( 0.000000000000000000, 0.5000000000000002220, 0.8660254037844385966 ) ) ;
#2122 = FACE_BOUND ( 'NONE', #2816, .T. ) ;
#2123 = LINE ( 'NONE', #550, #7373 ) ;
#2124 = ORIENTED_EDGE ( 'NONE', *, *, #9792, .T. ) ;
#2125 = CARTESIAN_POINT ( 'NONE',  ( -10.72462220366566754, 28.22552384371528333, 44.99999999999999289 ) ) ;
#2126 = ORIENTED_EDGE ( 'NONE', *, *, #5826, .F. ) ;
#2127 = CARTESIAN_POINT ( 'NONE',  ( -45.00000000000002132, 13.11422211844029384, 37.17386661099703815 ) ) ;
#2128 = VERTEX_POINT ( 'NONE', #6982 ) ;
#2129 = ADVANCED_FACE ( 'NONE', ( #4690 ), #2225, .F. ) ;
#2130 = ORIENTED_EDGE ( 'NONE', *, *, #3028, .F. ) ;
#2131 = ORIENTED_EDGE ( 'NONE', *, *, #3708, .T. ) ;
#2132 = CARTESIAN_POINT ( 'NONE',  ( -40.60000000000001563, 26.06776566806287576, -28.43651982031991565 ) ) ;
#2133 = DIRECTION ( 'NONE',  ( 0.000000000000000000, 0.5000000000000005551, -0.8660254037844382635 ) ) ;
#2134 = CARTESIAN_POINT ( 'NONE',  ( 5.724622203665686193, 13.11422211844027608, -45.00000000000000711 ) ) ;
#2135 = DIRECTION ( 'NONE',  ( 1.000000000000000000, -0.000000000000000000, -7.709882115452476934E-17 ) ) ;
#2136 = CARTESIAN_POINT ( 'NONE',  ( 27.17386661099703815, 31.11227518966341421, -45.00000000000000711 ) ) ;
#2137 = ORIENTED_EDGE ( 'NONE', *, *, #1209, .F. ) ;
#2138 = LINE ( 'NONE', #1326, #3862 ) ;
#2139 = EDGE_CURVE ( 'NONE', #10679, #10678, #5501, .T. ) ;
#2140 = EDGE_CURVE ( 'NONE', #578, #786, #10248, .T. ) ;
#2141 = ORIENTED_EDGE ( 'NONE', *, *, #2412, .T. ) ;
#2142 = AXIS2_PLACEMENT_3D ( 'NONE', #1990, #1938, #1775 ) ;
#2143 = LINE ( 'NONE', #7886, #5852 ) ;
#2144 = VERTEX_POINT ( 'NONE', #5451 ) ;
#2145 = FACE_OUTER_BOUND ( 'NONE', #7538, .T. ) ;
#2146 = DIRECTION ( 'NONE',  ( 0.000000000000000000, -0.5000000000000002220, -0.8660254037844384856 ) ) ;
#2147 = PLANE ( 'NONE',  #991 ) ;
#2148 = DIRECTION ( 'NONE',  ( 0.000000000000000000, 1.000000000000000000, 0.000000000000000000 ) ) ;
#2149 = CARTESIAN_POINT ( 'NONE',  ( -28.43651982031994763, 26.06776566806288997, -40.59999999999998721 ) ) ;
#2150 = ORIENTED_EDGE ( 'NONE', *, *, #10602, .T. ) ;
#2151 = AXIS2_PLACEMENT_3D ( 'NONE', #116, #3294, #10675 ) ;
#2152 = VECTOR ( 'NONE', #8983, 1000.000000000000000 ) ;
#2153 = EDGE_CURVE ( 'NONE', #10426, #4766, #2921, .T. ) ;
#2154 = EDGE_CURVE ( 'NONE', #9413, #7592, #4475, .T. ) ;
#2155 = CARTESIAN_POINT ( 'NONE',  ( -45.00000000000001421, 27.88675134594812732, -16.44924440733134929 ) ) ;
#2156 = ORIENTED_EDGE ( 'NONE', *, *, #5166, .T. ) ;
#2157 = EDGE_LOOP ( 'NONE', ( #2629, #3802, #5207, #778 ) ) ;
#2158 = VECTOR ( 'NONE', #3124, 1000.000000000000000 ) ;
#2159 = PLANE ( 'NONE',  #1487 ) ;
#2160 = CARTESIAN_POINT ( 'NONE',  ( 40.59999999999998721, 10.22747077249215941, 10.72462220366567820 ) ) ;
#2161 = DIRECTION ( 'NONE',  ( -0.000000000000000000, -0.000000000000000000, 1.000000000000000000 ) ) ;
#2162 = DIRECTION ( 'NONE',  ( 1.000000000000000000, 6.009258394948641055E-16, 0.000000000000000000 ) ) ;
#2163 = CARTESIAN_POINT ( 'NONE',  ( -5.317910530818768855, 0.000000000000000000, -12.40845790524378245 ) ) ;
#2164 = ORIENTED_EDGE ( 'NONE', *, *, #10428, .T. ) ;
#2165 = EDGE_CURVE ( 'NONE', #7537, #583, #10464, .T. ) ;
#2166 = AXIS2_PLACEMENT_3D ( 'NONE', #6093, #4290, #10075 ) ;
#2167 = ORIENTED_EDGE ( 'NONE', *, *, #5111, .F. ) ;
#2168 = ORIENTED_EDGE ( 'NONE', *, *, #6504, .T. ) ;
#2169 = EDGE_CURVE ( 'NONE', #5540, #10640, #2866, .T. ) ;
#2170 = LINE ( 'NONE', #384, #7094 ) ;
#2171 = DIRECTION ( 'NONE',  ( -0.000000000000000000, -0.000000000000000000, 1.000000000000000000 ) ) ;
#2172 = CARTESIAN_POINT ( 'NONE',  ( 44.99999999999998579, 36.88577788155969728, -27.17386661099703460 ) ) ;
#2173 = DIRECTION ( 'NONE',  ( -0.000000000000000000, -0.000000000000000000, 1.000000000000000000 ) ) ;
#2174 = CARTESIAN_POINT ( 'NONE',  ( 40.60000000000001563, 27.88675134594812732, 16.44924440733134929 ) ) ;
#2175 = DIRECTION ( 'NONE',  ( 1.000000000000000000, 6.009258394948641055E-16, 0.000000000000000000 ) ) ;
#2176 = ORIENTED_EDGE ( 'NONE', *, *, #8327, .F. ) ;
#2177 = DIRECTION ( 'NONE',  ( 0.000000000000000000, 0.000000000000000000, -1.000000000000000000 ) ) ;
#2178 = EDGE_LOOP ( 'NONE', ( #6224, #1067, #9009, #4825 ) ) ;
#2179 = DIRECTION ( 'NONE',  ( 0.000000000000000000, -1.000000000000000000, 0.000000000000000000 ) ) ;
#2180 = VERTEX_POINT ( 'NONE', #7977 ) ;
#2181 = ORIENTED_EDGE ( 'NONE', *, *, #9495, .F. ) ;
#2182 = ORIENTED_EDGE ( 'NONE', *, *, #4855, .F. ) ;
#2183 = ORIENTED_EDGE ( 'NONE', *, *, #5650, .T. ) ;
#2184 = EDGE_CURVE ( 'NONE', #9625, #7912, #7037, .T. ) ;
#2185 = LINE ( 'NONE', #9672, #1075 ) ;
#2186 = EDGE_CURVE ( 'NONE', #10277, #7048, #5400, .T. ) ;
#2187 = CARTESIAN_POINT ( 'NONE',  ( -40.60000000000001563, 4.999999999999997335, -16.44924440733134929 ) ) ;
#2188 = LINE ( 'NONE', #2993, #9279 ) ;
#2189 = DIRECTION ( 'NONE',  ( 3.854941057726242165E-17, 0.8660254037844383745, 0.5000000000000006661 ) ) ;
#2190 = VERTEX_POINT ( 'NONE', #9445 ) ;
#2191 = CARTESIAN_POINT ( 'NONE',  ( 15.72462220366568175, 18.88772481033653250, -45.00000000000000711 ) ) ;
#2192 = ORIENTED_EDGE ( 'NONE', *, *, #5539, .T. ) ;
#2193 = AXIS2_PLACEMENT_3D ( 'NONE', #4726, #8879, #2407 ) ;
#2194 = EDGE_LOOP ( 'NONE', ( #2304, #6066, #7690, #6051, #10123 ) ) ;
#2195 = LINE ( 'NONE', #5477, #9399 ) ;
#2196 = ORIENTED_EDGE ( 'NONE', *, *, #6044, .F. ) ;
#2197 = VECTOR ( 'NONE', #2650, 1000.000000000000000 ) ;
#2198 = LINE ( 'NONE', #6500, #340 ) ;
#2199 = DIRECTION ( 'NONE',  ( 1.000000000000000000, 0.000000000000000000, -7.709882115452476934E-17 ) ) ;
#2200 = ADVANCED_FACE ( 'NONE', ( #548 ), #7807, .F. ) ;
#2201 = VECTOR ( 'NONE', #8124, 1000.000000000000114 ) ;
#2202 = DIRECTION ( 'NONE',  ( -0.8660254037844384856, -0.5000000000000004441, 0.000000000000000000 ) ) ;
#2203 = ORIENTED_EDGE ( 'NONE', *, *, #4219, .T. ) ;
#2204 = PLANE ( 'NONE',  #7640 ) ;
#2205 = VECTOR ( 'NONE', #6221, 1000.000000000000000 ) ;
#2206 = CARTESIAN_POINT ( 'NONE',  ( 21.44924440733136706, 19.22649730810371338, -45.00000000000000711 ) ) ;
#2207 = ORIENTED_EDGE ( 'NONE', *, *, #9179, .F. ) ;
#2208 = VECTOR ( 'NONE', #3319, 1000.000000000000000 ) ;
#2209 = VECTOR ( 'NONE', #10130, 1000.000000000000000 ) ;
#2210 = EDGE_CURVE ( 'NONE', #1080, #10211, #5295, .T. ) ;
#2211 = CARTESIAN_POINT ( 'NONE',  ( -45.00000000000001421, 22.11324865405186202, 5.000000000000002665 ) ) ;
#2212 = ADVANCED_FACE ( 'NONE', ( #2061 ), #1254, .F. ) ;
#2213 = CARTESIAN_POINT ( 'NONE',  ( -37.17386661099703105, 13.11422211844028318, -40.59999999999998721 ) ) ;
#2214 = CARTESIAN_POINT ( 'NONE',  ( -40.60000000000001563, 10.22747077249216652, 32.17386661099703815 ) ) ;
#2215 = PLANE ( 'NONE',  #8658 ) ;
#2216 = DIRECTION ( 'NONE',  ( 0.000000000000000000, -0.5000000000000005551, 0.8660254037844382635 ) ) ;
#2217 = ORIENTED_EDGE ( 'NONE', *, *, #6966, .T. ) ;
#2218 = ORIENTED_EDGE ( 'NONE', *, *, #1142, .F. ) ;
#2219 = VECTOR ( 'NONE', #9350, 999.9999999999998863 ) ;
#2220 = ORIENTED_EDGE ( 'NONE', *, *, #7696, .F. ) ;
#2221 = LINE ( 'NONE', #3075, #69 ) ;
#2222 = EDGE_CURVE ( 'NONE', #2144, #486, #9606, .T. ) ;
#2223 = LINE ( 'NONE', #8931, #6463 ) ;
#2224 = CARTESIAN_POINT ( 'NONE',  ( 37.17386661099703815, 31.11227518966341421, 44.99999999999999289 ) ) ;
#2225 = CYLINDRICAL_SURFACE ( 'NONE', #4984, 16.50000000000000355 ) ;
#2226 = CARTESIAN_POINT ( 'NONE',  ( -10.72462220366566754, 28.22552384371528333, -45.00000000000000711 ) ) ;
#2227 = PLANE ( 'NONE',  #9483 ) ;
#2228 = VERTEX_POINT ( 'NONE', #7862 ) ;
#2229 = DIRECTION ( 'NONE',  ( 1.000000000000000000, -0.000000000000000000, -7.709882115452476934E-17 ) ) ;
#2230 = DIRECTION ( 'NONE',  ( 0.8660254037844389297, -0.4999999999999995004, 0.000000000000000000 ) ) ;
#2231 = ORIENTED_EDGE ( 'NONE', *, *, #4039, .F. ) ;
#2232 = EDGE_CURVE ( 'NONE', #9454, #6171, #442, .T. ) ;
#2233 = ORIENTED_EDGE ( 'NONE', *, *, #3717, .T. ) ;
#2234 = VERTEX_POINT ( 'NONE', #4584 ) ;
#2235 = CARTESIAN_POINT ( 'NONE',  ( -1.015544379171420354E-14, -5.000000000000000000, 39.02809845431139024 ) ) ;
#2236 = LINE ( 'NONE', #2187, #1220 ) ;
#2237 = CARTESIAN_POINT ( 'NONE',  ( -27.17386661099702749, 13.11422211844028318, 44.99999999999999289 ) ) ;
#2238 = DIRECTION ( 'NONE',  ( 0.7071067811865482389, 0.000000000000000000, -0.7071067811865469066 ) ) ;
#2239 = ORIENTED_EDGE ( 'NONE', *, *, #6399, .T. ) ;
#2240 = CARTESIAN_POINT ( 'NONE',  ( 21.44924440733136706, 19.22649730810371338, -45.00000000000000711 ) ) ;
#2241 = ORIENTED_EDGE ( 'NONE', *, *, #10062, .T. ) ;
#2242 = AXIS2_PLACEMENT_3D ( 'NONE', #7571, #9427, #5005 ) ;
#2243 = EDGE_CURVE ( 'NONE', #10254, #1406, #7921, .T. ) ;
#2244 = VECTOR ( 'NONE', #9162, 999.9999999999998863 ) ;
#2245 = EDGE_LOOP ( 'NONE', ( #8940, #10482, #3146, #7107 ) ) ;
#2246 = VECTOR ( 'NONE', #411, 1000.000000000000227 ) ;
#2247 = CARTESIAN_POINT ( 'NONE',  ( 40.59999999999998721, 28.22552384371529755, 32.17386661099703105 ) ) ;
#2248 = ORIENTED_EDGE ( 'NONE', *, *, #4084, .T. ) ;
#2249 = CARTESIAN_POINT ( 'NONE',  ( 10.72462220366569063, 21.77447615628465272, -45.00000000000000711 ) ) ;
#2250 = DIRECTION ( 'NONE',  ( 0.000000000000000000, 0.5000000000000002220, 0.8660254037844384856 ) ) ;
#2251 = VECTOR ( 'NONE', #2424, 1000.000000000000114 ) ;
#2252 = CARTESIAN_POINT ( 'NONE',  ( 44.99999999999998579, 27.88675134594812732, -26.44924440733136350 ) ) ;
#2253 = CARTESIAN_POINT ( 'NONE',  ( -15.72462220366566754, 31.11227518966341421, -45.00000000000000711 ) ) ;
#2254 = DIRECTION ( 'NONE',  ( 1.000000000000000000, 6.009258394948641055E-16, 0.000000000000000000 ) ) ;
#2255 = CARTESIAN_POINT ( 'NONE',  ( -1.103125484187141625, 4.999999999999997335, 15.16033048310344711 ) ) ;
#2256 = VECTOR ( 'NONE', #561, 999.9999999999998863 ) ;
#2257 = ORIENTED_EDGE ( 'NONE', *, *, #616, .T. ) ;
#2258 = AXIS2_PLACEMENT_3D ( 'NONE', #5121, #9269, #9216 ) ;
#2259 = VERTEX_POINT ( 'NONE', #9715 ) ;
#2260 = VECTOR ( 'NONE', #7927, 1000.000000000000000 ) ;
#2261 = EDGE_LOOP ( 'NONE', ( #4411, #7357, #6793, #5041 ) ) ;
#2262 = VECTOR ( 'NONE', #7957, 1000.000000000000000 ) ;
#2263 = DIRECTION ( 'NONE',  ( -0.7071067811865471286, 0.000000000000000000, -0.7071067811865479058 ) ) ;
#2264 = FACE_OUTER_BOUND ( 'NONE', #8106, .T. ) ;
#2265 = CARTESIAN_POINT ( 'NONE',  ( 21.44924440733136706, 19.22649730810371338, 44.99999999999999289 ) ) ;
#2266 = FACE_OUTER_BOUND ( 'NONE', #1325, .T. ) ;
#2267 = ORIENTED_EDGE ( 'NONE', *, *, #9495, .T. ) ;
#2268 = ADVANCED_FACE ( 'NONE', ( #9039 ), #8075, .F. ) ;
#2269 = ADVANCED_FACE ( 'NONE', ( #6583 ), #4844, .F. ) ;
#2270 = EDGE_CURVE ( 'NONE', #6962, #7044, #8277, .T. ) ;
#2271 = ORIENTED_EDGE ( 'NONE', *, *, #7078, .F. ) ;
#2272 = LINE ( 'NONE', #6472, #4722 ) ;
#2273 = CARTESIAN_POINT ( 'NONE',  ( 15.72462220366568886, 31.11227518966341421, -45.00000000000000711 ) ) ;
#2274 = CARTESIAN_POINT ( 'NONE',  ( -40.60000000000001563, 13.11422211844029739, 5.724622203665672870 ) ) ;
#2275 = DIRECTION ( 'NONE',  ( 1.000000000000000000, -0.000000000000000000, -7.709882115452476934E-17 ) ) ;
#2276 = LINE ( 'NONE', #6476, #8371 ) ;
#2277 = PLANE ( 'NONE',  #2530 ) ;
#2278 = ORIENTED_EDGE ( 'NONE', *, *, #10310, .F. ) ;
#2279 = DIRECTION ( 'NONE',  ( 0.000000000000000000, 0.5000000000000002220, 0.8660254037844385966 ) ) ;
#2280 = CARTESIAN_POINT ( 'NONE',  ( 40.60000000000001563, 44.01581498027239547, -18.07420871848704991 ) ) ;
#2281 = ORIENTED_EDGE ( 'NONE', *, *, #9189, .F. ) ;
#2282 = EDGE_CURVE ( 'NONE', #1121, #7654, #4030, .T. ) ;
#2283 = ADVANCED_FACE ( 'NONE', ( #5606 ), #3126, .F. ) ;
#2284 = VECTOR ( 'NONE', #6875, 1000.000000000000000 ) ;
#2285 = ORIENTED_EDGE ( 'NONE', *, *, #2518, .T. ) ;
#2286 = ORIENTED_EDGE ( 'NONE', *, *, #4378, .F. ) ;
#2287 = VERTEX_POINT ( 'NONE', #1562 ) ;
#2288 = FACE_OUTER_BOUND ( 'NONE', #5946, .T. ) ;
#2289 = LINE ( 'NONE', #9727, #6548 ) ;
#2290 = CARTESIAN_POINT ( 'NONE',  ( -13.92743486032284395, 51.19823799011139442, 40.59999999999998721 ) ) ;
#2291 = CARTESIAN_POINT ( 'NONE',  ( -40.60000000000001563, 22.11324865405186557, 16.44924440733135640 ) ) ;
#2292 = DIRECTION ( 'NONE',  ( 0.000000000000000000, 1.000000000000000000, 0.000000000000000000 ) ) ;
#2293 = EDGE_CURVE ( 'NONE', #8710, #8214, #5655, .T. ) ;
#2294 = ORIENTED_EDGE ( 'NONE', *, *, #779, .F. ) ;
#2295 = EDGE_CURVE ( 'NONE', #9552, #1001, #795, .T. ) ;
#2296 = ORIENTED_EDGE ( 'NONE', *, *, #9785, .F. ) ;
#2297 = DIRECTION ( 'NONE',  ( 0.000000000000000000, 0.000000000000000000, -1.000000000000000000 ) ) ;
#2298 = VERTEX_POINT ( 'NONE', #1460 ) ;
#2299 = LINE ( 'NONE', #3003, #8132 ) ;
#2300 = FACE_BOUND ( 'NONE', #9711, .T. ) ;
#2301 = ADVANCED_FACE ( 'NONE', ( #3931 ), #9092, .F. ) ;
#2302 = LINE ( 'NONE', #1486, #7152 ) ;
#2303 = CARTESIAN_POINT ( 'NONE',  ( 12.39069611163210283, 46.66904755831214402, 5.359354715912663991 ) ) ;
#2304 = ORIENTED_EDGE ( 'NONE', *, *, #89, .F. ) ;
#2305 = DIRECTION ( 'NONE',  ( 1.000000000000000000, 0.000000000000000000, -7.709882115452476934E-17 ) ) ;
#2306 = EDGE_LOOP ( 'NONE', ( #1713, #3148, #8926, #7270 ) ) ;
#2307 = ORIENTED_EDGE ( 'NONE', *, *, #7140, .F. ) ;
#2308 = VECTOR ( 'NONE', #8855, 1000.000000000000000 ) ;
#2309 = EDGE_CURVE ( 'NONE', #4594, #8108, #7405, .T. ) ;
#2310 = DIRECTION ( 'NONE',  ( -4.506943796211494843E-16, 1.000000000000000000, 0.000000000000000000 ) ) ;
#2311 = PLANE ( 'NONE',  #2695 ) ;
#2312 = LINE ( 'NONE', #587, #7425 ) ;
#2313 = DIRECTION ( 'NONE',  ( 1.000000000000000000, -0.000000000000000000, -7.709882115452476934E-17 ) ) ;
#2314 = VERTEX_POINT ( 'NONE', #6523 ) ;
#2315 = ORIENTED_EDGE ( 'NONE', *, *, #3122, .T. ) ;
#2316 = VECTOR ( 'NONE', #4860, 1000.000000000000114 ) ;
#2317 = LINE ( 'NONE', #7244, #6739 ) ;
#2318 = LINE ( 'NONE', #2119, #5070 ) ;
#2319 = LINE ( 'NONE', #5605, #6149 ) ;
#2320 = FACE_OUTER_BOUND ( 'NONE', #7442, .T. ) ;
#2321 = DIRECTION ( 'NONE',  ( 4.506943796211493857E-16, -1.000000000000000000, 0.000000000000000000 ) ) ;
#2322 = CARTESIAN_POINT ( 'NONE',  ( -45.00000000000001421, 31.11227518966342487, 15.72462220366568175 ) ) ;
#2323 = ORIENTED_EDGE ( 'NONE', *, *, #8944, .T. ) ;
#2324 = EDGE_CURVE ( 'NONE', #6175, #1943, #10707, .T. ) ;
#2325 = DIRECTION ( 'NONE',  ( 0.000000000000000000, -1.000000000000000000, 0.000000000000000000 ) ) ;
#2326 = VECTOR ( 'NONE', #1029, 999.9999999999998863 ) ;
#2327 = CARTESIAN_POINT ( 'NONE',  ( 5.724622203665686193, 13.11422211844027608, -45.00000000000000711 ) ) ;
#2328 = EDGE_LOOP ( 'NONE', ( #3750, #1161, #3087, #10699, #1111, #6061 ) ) ;
#2329 = ORIENTED_EDGE ( 'NONE', *, *, #9766, .T. ) ;
#2330 = ORIENTED_EDGE ( 'NONE', *, *, #5004, .F. ) ;
#2331 = DIRECTION ( 'NONE',  ( 0.000000000000000000, -0.5000000000000004441, 0.8660254037844382635 ) ) ;
#2332 = CARTESIAN_POINT ( 'NONE',  ( -45.00000000000002132, 18.88772481033656447, 37.17386661099703815 ) ) ;
#2333 = DIRECTION ( 'NONE',  ( 0.8660254037844382635, 0.5000000000000007772, 0.000000000000000000 ) ) ;
#2334 = CARTESIAN_POINT ( 'NONE',  ( -45.00000000000002132, 18.88772481033656092, 5.724622203665675535 ) ) ;
#2335 = EDGE_CURVE ( 'NONE', #10095, #6132, #6375, .T. ) ;
#2336 = DIRECTION ( 'NONE',  ( 0.000000000000000000, 0.000000000000000000, -1.000000000000000000 ) ) ;
#2337 = CARTESIAN_POINT ( 'NONE',  ( -5.724622203665672870, 36.88577788155966175, 44.99999999999999289 ) ) ;
#2338 = EDGE_CURVE ( 'NONE', #1572, #5640, #9757, .T. ) ;
#2339 = VERTEX_POINT ( 'NONE', #9911 ) ;
#2340 = ORIENTED_EDGE ( 'NONE', *, *, #943, .T. ) ;
#2341 = LINE ( 'NONE', #4050, #6743 ) ;
#2342 = ORIENTED_EDGE ( 'NONE', *, *, #8159, .T. ) ;
#2343 = CARTESIAN_POINT ( 'NONE',  ( 18.42142669745392425, 12.55183147380116537, 17.08051390828827820 ) ) ;
#2344 = PLANE ( 'NONE',  #9138 ) ;
#2345 = LINE ( 'NONE', #1589, #1963 ) ;
#2346 = EDGE_CURVE ( 'NONE', #499, #2914, #8887, .T. ) ;
#2347 = VECTOR ( 'NONE', #1044, 1000.000000000000000 ) ;
#2348 = LINE ( 'NONE', #8915, #5638 ) ;
#2349 = ORIENTED_EDGE ( 'NONE', *, *, #8832, .F. ) ;
#2350 = CARTESIAN_POINT ( 'NONE',  ( 15.72462220366570307, 5.000000000000031086, 40.59999999999998721 ) ) ;
#2351 = ORIENTED_EDGE ( 'NONE', *, *, #5440, .F. ) ;
#2352 = VECTOR ( 'NONE', #5348, 1000.000000000000114 ) ;
#2353 = VECTOR ( 'NONE', #5336, 999.9999999999998863 ) ;
#2354 = DIRECTION ( 'NONE',  ( 0.000000000000000000, 0.000000000000000000, 1.000000000000000000 ) ) ;
#2355 = CARTESIAN_POINT ( 'NONE',  ( 10.72462220366568886, 10.22747077249214520, -40.59999999999998721 ) ) ;
#2356 = CARTESIAN_POINT ( 'NONE',  ( -45.00000000000001421, 36.88577788155969728, 5.724622203665675535 ) ) ;
#2357 = ORIENTED_EDGE ( 'NONE', *, *, #2324, .F. ) ;
#2358 = VECTOR ( 'NONE', #9897, 1000.000000000000000 ) ;
#2359 = DIRECTION ( 'NONE',  ( 7.709882115452476934E-17, 0.000000000000000000, 1.000000000000000000 ) ) ;
#2360 = ORIENTED_EDGE ( 'NONE', *, *, #10377, .F. ) ;
#2361 = VECTOR ( 'NONE', #10516, 1000.000000000000000 ) ;
#2362 = ORIENTED_EDGE ( 'NONE', *, *, #9101, .T. ) ;
#2363 = ADVANCED_FACE ( 'NONE', ( #2320 ), #2370, .F. ) ;
#2364 = EDGE_CURVE ( 'NONE', #6853, #7371, #4894, .T. ) ;
#2365 = EDGE_CURVE ( 'NONE', #9692, #6994, #3280, .T. ) ;
#2366 = CARTESIAN_POINT ( 'NONE',  ( 10.72462220366569063, 39.77252922750778907, -45.00000000000000711 ) ) ;
#2367 = LINE ( 'NONE', #6696, #4035 ) ;
#2368 = CARTESIAN_POINT ( 'NONE',  ( -45.00000000000002132, 28.22552384371529755, 32.17386661099703815 ) ) ;
#2369 = VECTOR ( 'NONE', #7396, 1000.000000000000000 ) ;
#2370 = PLANE ( 'NONE',  #5291 ) ;
#2371 = FACE_OUTER_BOUND ( 'NONE', #7469, .T. ) ;
#2372 = CARTESIAN_POINT ( 'NONE',  ( 20.00000000000003553, 0.000000000000000000, -3.500000000000013323 ) ) ;
#2373 = VERTEX_POINT ( 'NONE', #4136 ) ;
#2374 = CARTESIAN_POINT ( 'NONE',  ( 44.99999999999998579, 39.77252922750783171, -32.17386661099703815 ) ) ;
#2375 = LINE ( 'NONE', #603, #8489 ) ;
#2376 = ORIENTED_EDGE ( 'NONE', *, *, #6024, .T. ) ;
#2377 = EDGE_LOOP ( 'NONE', ( #4853, #7388, #8490, #5315 ) ) ;
#2378 = ORIENTED_EDGE ( 'NONE', *, *, #7296, .T. ) ;
#2379 = DIRECTION ( 'NONE',  ( 0.4999999999999997780, 0.7071067811865471286, 0.5000000000000007772 ) ) ;
#2380 = CARTESIAN_POINT ( 'NONE',  ( 40.60000000000001563, 41.91044271574629221, -19.28974596215557114 ) ) ;
#2381 = DIRECTION ( 'NONE',  ( 0.5000000000000004441, -0.8660254037844384856, 0.000000000000000000 ) ) ;
#2382 = LINE ( 'NONE', #3346, #10204 ) ;
#2383 = CARTESIAN_POINT ( 'NONE',  ( -35.03240569234299073, -4.643356216793224966, 40.59999999999998721 ) ) ;
#2384 = ORIENTED_EDGE ( 'NONE', *, *, #10525, .T. ) ;
#2385 = ORIENTED_EDGE ( 'NONE', *, *, #8317, .F. ) ;
#2386 = EDGE_CURVE ( 'NONE', #1984, #4424, #8387, .T. ) ;
#2387 = EDGE_CURVE ( 'NONE', #3579, #8640, #10128, .T. ) ;
#2388 = ORIENTED_EDGE ( 'NONE', *, *, #15, .T. ) ;
#2389 = ORIENTED_EDGE ( 'NONE', *, *, #6128, .T. ) ;
#2390 = EDGE_CURVE ( 'NONE', #499, #8296, #3441, .T. ) ;
#2391 = CARTESIAN_POINT ( 'NONE',  ( -19.76512771830454440, 1.999999999999988010, -3.501671751013961220 ) ) ;
#2392 = EDGE_LOOP ( 'NONE', ( #252, #2479, #8616, #10258, #2239, #6529 ) ) ;
#2393 = CARTESIAN_POINT ( 'NONE',  ( -40.39471679417584937, 4.644439057571910112, 40.59999999999998721 ) ) ;
#2394 = DIRECTION ( 'NONE',  ( -0.8660254037844389297, 0.4999999999999994449, 0.000000000000000000 ) ) ;
#2395 = CARTESIAN_POINT ( 'NONE',  ( 40.59999999999998721, 13.11422211844028674, 15.72462220366567465 ) ) ;
#2396 = DIRECTION ( 'NONE',  ( 0.000000000000000000, 0.5000000000000002220, 0.8660254037844385966 ) ) ;
#2397 = DIRECTION ( 'NONE',  ( 0.000000000000000000, -0.5000000000000002220, -0.8660254037844384856 ) ) ;
#2398 = ORIENTED_EDGE ( 'NONE', *, *, #10120, .F. ) ;
#2399 = VECTOR ( 'NONE', #9948, 1000.000000000000000 ) ;
#2400 = FACE_OUTER_BOUND ( 'NONE', #7939, .T. ) ;
#2401 = VERTEX_POINT ( 'NONE', #3389 ) ;
#2402 = AXIS2_PLACEMENT_3D ( 'NONE', #9775, #815, #2336 ) ;
#2403 = EDGE_CURVE ( 'NONE', #8296, #1808, #8499, .T. ) ;
#2404 = AXIS2_PLACEMENT_3D ( 'NONE', #7393, #9899, #8975 ) ;
#2405 = VECTOR ( 'NONE', #2613, 1000.000000000000000 ) ;
#2406 = DIRECTION ( 'NONE',  ( -0.8660254037844382635, -0.5000000000000006661, 0.000000000000000000 ) ) ;
#2407 = DIRECTION ( 'NONE',  ( 4.506943796211494843E-16, -1.000000000000000000, 0.000000000000000000 ) ) ;
#2408 = LINE ( 'NONE', #4070, #2945 ) ;
#2409 = ORIENTED_EDGE ( 'NONE', *, *, #8379, .F. ) ;
#2410 = DIRECTION ( 'NONE',  ( 0.7071067811865479058, -0.000000000000000000, 0.7071067811865472397 ) ) ;
#2411 = ORIENTED_EDGE ( 'NONE', *, *, #9363, .T. ) ;
#2412 = EDGE_CURVE ( 'NONE', #7014, #3888, #5171, .T. ) ;
#2413 = VECTOR ( 'NONE', #10391, 1000.000000000000000 ) ;
#2414 = AXIS2_PLACEMENT_3D ( 'NONE', #1251, #5652, #645 ) ;
#2415 = ORIENTED_EDGE ( 'NONE', *, *, #1209, .T. ) ;
#2416 = AXIS2_PLACEMENT_3D ( 'NONE', #8100, #6608, #2297 ) ;
#2417 = VECTOR ( 'NONE', #8340, 1000.000000000000000 ) ;
#2418 = DIRECTION ( 'NONE',  ( 0.000000000000000000, 0.5000000000000005551, -0.8660254037844382635 ) ) ;
#2419 = CARTESIAN_POINT ( 'NONE',  ( 40.60000000000001563, 4.999999999999997335, 4.999999999999997335 ) ) ;
#2420 = LINE ( 'NONE', #7300, #2024 ) ;
#2421 = DIRECTION ( 'NONE',  ( 1.000000000000000000, -0.000000000000000000, -7.709882115452476934E-17 ) ) ;
#2422 = EDGE_CURVE ( 'NONE', #6509, #2298, #7576, .T. ) ;
#2423 = EDGE_CURVE ( 'NONE', #3203, #64, #2686, .T. ) ;
#2424 = DIRECTION ( 'NONE',  ( 0.000000000000000000, -0.5000000000000002220, -0.8660254037844384856 ) ) ;
#2425 = DIRECTION ( 'NONE',  ( 0.000000000000000000, 0.000000000000000000, -1.000000000000000000 ) ) ;
#2426 = ORIENTED_EDGE ( 'NONE', *, *, #1796, .F. ) ;
#2427 = CARTESIAN_POINT ( 'NONE',  ( -15.72462220366566754, 31.11227518966341421, -40.59999999999998721 ) ) ;
#2428 = CARTESIAN_POINT ( 'NONE',  ( -43.00000000000000711, 45.00000000000000000, 44.99999999999999289 ) ) ;
#2429 = ORIENTED_EDGE ( 'NONE', *, *, #10483, .T. ) ;
#2430 = ORIENTED_EDGE ( 'NONE', *, *, #8961, .T. ) ;
#2431 = ORIENTED_EDGE ( 'NONE', *, *, #3504, .T. ) ;
#2432 = EDGE_CURVE ( 'NONE', #3791, #1331, #909, .T. ) ;
#2433 = VECTOR ( 'NONE', #6215, 1000.000000000000114 ) ;
#2434 = CARTESIAN_POINT ( 'NONE',  ( -37.05511844965704427, 0.000000000000000000, -40.00000000000002842 ) ) ;
#2435 = FACE_OUTER_BOUND ( 'NONE', #643, .T. ) ;
#2436 = DIRECTION ( 'NONE',  ( 0.000000000000000000, -1.000000000000000000, 0.000000000000000000 ) ) ;
#2437 = LINE ( 'NONE', #4907, #2751 ) ;
#2438 = LINE ( 'NONE', #7365, #5743 ) ;
#2439 = EDGE_CURVE ( 'NONE', #338, #3535, #6808, .T. ) ;
#2440 = DIRECTION ( 'NONE',  ( 7.709882115452476934E-17, 0.000000000000000000, 1.000000000000000000 ) ) ;
#2441 = ORIENTED_EDGE ( 'NONE', *, *, #4948, .T. ) ;
#2442 = VERTEX_POINT ( 'NONE', #961 ) ;
#2443 = VECTOR ( 'NONE', #4363, 1000.000000000000000 ) ;
#2444 = ORIENTED_EDGE ( 'NONE', *, *, #5323, .T. ) ;
#2445 = ORIENTED_EDGE ( 'NONE', *, *, #8672, .T. ) ;
#2446 = CARTESIAN_POINT ( 'NONE',  ( -21.44924440733134574, 19.22649730810371338, -40.59999999999998721 ) ) ;
#2447 = VECTOR ( 'NONE', #4406, 1000.000000000000000 ) ;
#2448 = DIRECTION ( 'NONE',  ( 0.000000000000000000, 0.5000000000000006661, -0.8660254037844383745 ) ) ;
#2449 = CARTESIAN_POINT ( 'NONE',  ( 21.44924440733136706, 19.22649730810371338, -45.00000000000000711 ) ) ;
#2450 = CARTESIAN_POINT ( 'NONE',  ( -37.17386661099703105, 13.11422211844028318, -45.00000000000000711 ) ) ;
#2451 = DIRECTION ( 'NONE',  ( 3.854941057726242165E-17, 0.8660254037844383745, 0.5000000000000006661 ) ) ;
#2452 = CARTESIAN_POINT ( 'NONE',  ( -45.00000000000001421, 31.11227518966342487, 15.72462220366568175 ) ) ;
#2453 = ORIENTED_EDGE ( 'NONE', *, *, #9412, .T. ) ;
#2454 = LINE ( 'NONE', #9072, #10054 ) ;
#2455 = ORIENTED_EDGE ( 'NONE', *, *, #4569, .T. ) ;
#2456 = EDGE_CURVE ( 'NONE', #2555, #915, #1016, .T. ) ;
#2457 = DIRECTION ( 'NONE',  ( -0.7071067811865471286, 0.000000000000000000, -0.7071067811865479058 ) ) ;
#2458 = CARTESIAN_POINT ( 'NONE',  ( 21.67670798600081028, 1.999999999999975797, 5.413252018710223545 ) ) ;
#2459 = ADVANCED_FACE ( 'NONE', ( #7681 ), #7458, .F. ) ;
#2460 = LINE ( 'NONE', #8321, #1496 ) ;
#2461 = CARTESIAN_POINT ( 'NONE',  ( -17.08051390828823557, 12.55183147380115294, -18.42142669745389938 ) ) ;
#2462 = EDGE_CURVE ( 'NONE', #8363, #3971, #855, .T. ) ;
#2463 = ORIENTED_EDGE ( 'NONE', *, *, #10637, .F. ) ;
#2464 = LINE ( 'NONE', #4073, #8785 ) ;
#2465 = ORIENTED_EDGE ( 'NONE', *, *, #9114, .T. ) ;
#2466 = VERTEX_POINT ( 'NONE', #6860 ) ;
#2467 = ORIENTED_EDGE ( 'NONE', *, *, #2516, .T. ) ;
#2468 = VECTOR ( 'NONE', #5037, 1000.000000000000000 ) ;
#2469 = DIRECTION ( 'NONE',  ( 3.854941057726239700E-17, -0.8660254037844385966, 0.5000000000000003331 ) ) ;
#2470 = DIRECTION ( 'NONE',  ( 0.000000000000000000, 1.000000000000000000, 0.000000000000000000 ) ) ;
#2471 = CARTESIAN_POINT ( 'NONE',  ( -27.17386661099702749, 31.11227518966341421, 44.99999999999999289 ) ) ;
#2472 = CARTESIAN_POINT ( 'NONE',  ( -40.60000000000001563, 18.14297886098932722, -48.18810238334574336 ) ) ;
#2473 = PLANE ( 'NONE',  #4649 ) ;
#2474 = EDGE_CURVE ( 'NONE', #3535, #4766, #6041, .T. ) ;
#2475 = CARTESIAN_POINT ( 'NONE',  ( 44.99999999999999289, 30.77350269189626175, 21.44924440733134929 ) ) ;
#2476 = ORIENTED_EDGE ( 'NONE', *, *, #2169, .T. ) ;
#2477 = CARTESIAN_POINT ( 'NONE',  ( 32.17386661099703815, 21.77447615628465272, -45.00000000000000711 ) ) ;
#2478 = CARTESIAN_POINT ( 'NONE',  ( 9.342282491191372811E-15, 30.77350269189624044, -45.00000000000000711 ) ) ;
#2479 = ORIENTED_EDGE ( 'NONE', *, *, #7465, .T. ) ;
#2480 = VECTOR ( 'NONE', #1088, 1000.000000000000114 ) ;
#2481 = EDGE_LOOP ( 'NONE', ( #6541, #2096, #4207, #5064 ) ) ;
#2482 = ADVANCED_FACE ( 'NONE', ( #8439 ), #5873, .F. ) ;
#2483 = FACE_OUTER_BOUND ( 'NONE', #8021, .T. ) ;
#2484 = CARTESIAN_POINT ( 'NONE',  ( -16.44924440733133508, 5.000000000000012434, 40.59999999999998721 ) ) ;
#2485 = AXIS2_PLACEMENT_3D ( 'NONE', #8398, #2597, #4092 ) ;
#2486 = DIRECTION ( 'NONE',  ( 1.000000000000000000, 0.000000000000000000, -7.709882115452476934E-17 ) ) ;
#2487 = CARTESIAN_POINT ( 'NONE',  ( 22.83773761351897136, 0.000000000000000000, 3.745854521482224531 ) ) ;
#2488 = CARTESIAN_POINT ( 'NONE',  ( -45.00000000000002132, 21.77447615628469890, 32.17386661099703105 ) ) ;
#2489 = DIRECTION ( 'NONE',  ( 0.000000000000000000, -0.5000000000000002220, -0.8660254037844384856 ) ) ;
#2490 = VERTEX_POINT ( 'NONE', #1720 ) ;
#2491 = ORIENTED_EDGE ( 'NONE', *, *, #916, .F. ) ;
#2492 = VERTEX_POINT ( 'NONE', #9147 ) ;
#2493 = EDGE_CURVE ( 'NONE', #5550, #163, #5009, .T. ) ;
#2494 = EDGE_CURVE ( 'NONE', #557, #318, #7518, .T. ) ;
#2495 = DIRECTION ( 'NONE',  ( 0.000000000000000000, -0.5000000000000002220, -0.8660254037844384856 ) ) ;
#2496 = PLANE ( 'NONE',  #863 ) ;
#2497 = FACE_BOUND ( 'NONE', #1279, .T. ) ;
#2498 = CARTESIAN_POINT ( 'NONE',  ( -45.00000000000002132, 36.88577788155969728, -37.17386661099703815 ) ) ;
#2499 = CARTESIAN_POINT ( 'NONE',  ( 5.000000000000006217, 22.11324865405186202, -45.00000000000000711 ) ) ;
#2500 = DIRECTION ( 'NONE',  ( -3.854941057726239700E-17, 0.8660254037844385966, -0.5000000000000002220 ) ) ;
#2501 = VERTEX_POINT ( 'NONE', #9207 ) ;
#2502 = DIRECTION ( 'NONE',  ( 0.000000000000000000, 0.5000000000000002220, 0.8660254037844384856 ) ) ;
#2503 = ORIENTED_EDGE ( 'NONE', *, *, #5246, .F. ) ;
#2504 = ORIENTED_EDGE ( 'NONE', *, *, #7913, .T. ) ;
#2505 = EDGE_LOOP ( 'NONE', ( #1635, #1369, #551, #2069, #7853, #7199 ) ) ;
#2506 = EDGE_CURVE ( 'NONE', #1092, #2670, #1777, .T. ) ;
#2507 = CARTESIAN_POINT ( 'NONE',  ( -32.17386661099702394, 21.77447615628466693, -45.00000000000000711 ) ) ;
#2508 = DIRECTION ( 'NONE',  ( 0.000000000000000000, -1.000000000000000000, 0.000000000000000000 ) ) ;
#2509 = CARTESIAN_POINT ( 'NONE',  ( -45.00000000000001421, 31.11227518966343553, -37.17386661099703815 ) ) ;
#2510 = LINE ( 'NONE', #785, #8987 ) ;
#2511 = EDGE_LOOP ( 'NONE', ( #9228, #2680, #4513, #7215 ) ) ;
#2512 = DIRECTION ( 'NONE',  ( 0.8660254037844385966, -0.5000000000000002220, 0.000000000000000000 ) ) ;
#2513 = ORIENTED_EDGE ( 'NONE', *, *, #9337, .F. ) ;
#2514 = VECTOR ( 'NONE', #3305, 1000.000000000000000 ) ;
#2515 = VERTEX_POINT ( 'NONE', #4292 ) ;
#2516 = EDGE_CURVE ( 'NONE', #6075, #6682, #9430, .T. ) ;
#2517 = VECTOR ( 'NONE', #9476, 999.9999999999998863 ) ;
#2518 = EDGE_CURVE ( 'NONE', #4835, #6057, #6969, .T. ) ;
#2519 = EDGE_CURVE ( 'NONE', #998, #7971, #10452, .T. ) ;
#2520 = CARTESIAN_POINT ( 'NONE',  ( 26.44924440733136706, 22.11324865405184426, 44.99999999999999289 ) ) ;
#2521 = VECTOR ( 'NONE', #3930, 999.9999999999998863 ) ;
#2522 = DIRECTION ( 'NONE',  ( -0.5000000000000002220, -0.8660254037844385966, 0.000000000000000000 ) ) ;
#2523 = LINE ( 'NONE', #9146, #3905 ) ;
#2524 = CARTESIAN_POINT ( 'NONE',  ( 16.44924440733135995, 27.88675134594808469, -45.00000000000000711 ) ) ;
#2525 = PLANE ( 'NONE',  #8298 ) ;
#2526 = CARTESIAN_POINT ( 'NONE',  ( -45.00000000000001421, 13.11422211844028674, -27.17386661099702749 ) ) ;
#2527 = ORIENTED_EDGE ( 'NONE', *, *, #1473, .T. ) ;
#2528 = CARTESIAN_POINT ( 'NONE',  ( -45.00000000000002132, 31.11227518966343553, 27.17386661099703105 ) ) ;
#2529 = VECTOR ( 'NONE', #2581, 1000.000000000000000 ) ;
#2530 = AXIS2_PLACEMENT_3D ( 'NONE', #4737, #2175, #5453 ) ;
#2531 = CARTESIAN_POINT ( 'NONE',  ( -40.60000000000001563, 31.11227518966343553, 5.724622203665672870 ) ) ;
#2532 = ORIENTED_EDGE ( 'NONE', *, *, #6926, .T. ) ;
#2533 = AXIS2_PLACEMENT_3D ( 'NONE', #7560, #6845, #246 ) ;
#2534 = EDGE_CURVE ( 'NONE', #6668, #2795, #1126, .T. ) ;
#2535 =( BOUNDED_CURVE ( )  B_SPLINE_CURVE ( 3, ( #9276, #5242, #4205, #329 ),
 .UNSPECIFIED., .F., .T. ) 
 B_SPLINE_CURVE_WITH_KNOTS ( ( 4, 4 ),
 ( 5.483551979279152278, 5.670630568840247854 ),
 .UNSPECIFIED. ) 
 CURVE ( )  GEOMETRIC_REPRESENTATION_ITEM ( )  RATIONAL_B_SPLINE_CURVE ( ( 1.000000000000000000, 0.9970855926987129969, 0.9970855926987129969, 1.000000000000000000 ) ) 
 REPRESENTATION_ITEM ( '' )  );
#2536 = EDGE_CURVE ( 'NONE', #9684, #8874, #1187, .T. ) ;
#2537 = AXIS2_PLACEMENT_3D ( 'NONE', #6314, #9650, #2216 ) ;
#2538 = CARTESIAN_POINT ( 'NONE',  ( 44.99999999999998579, 18.88772481033656092, -15.72462220366568530 ) ) ;
#2539 = CARTESIAN_POINT ( 'NONE',  ( -45.00000000000001421, 19.22649730810373470, 7.115855071930202736E-15 ) ) ;
#2540 = DIRECTION ( 'NONE',  ( 0.000000000000000000, 0.5000000000000002220, 0.8660254037844385966 ) ) ;
#2541 = DIRECTION ( 'NONE',  ( 0.8660254037844389297, -0.4999999999999995004, 0.000000000000000000 ) ) ;
#2542 = CARTESIAN_POINT ( 'NONE',  ( 27.17386661099703815, 31.11227518966341421, -45.00000000000000711 ) ) ;
#2543 = CARTESIAN_POINT ( 'NONE',  ( -39.02809845431144709, -5.000000000000000888, -37.82104513169654325 ) ) ;
#2544 = VERTEX_POINT ( 'NONE', #5390 ) ;
#2545 = ORIENTED_EDGE ( 'NONE', *, *, #6546, .F. ) ;
#2546 = EDGE_LOOP ( 'NONE', ( #2569, #3556, #630, #8209, #1649, #5675 ) ) ;
#2547 = ADVANCED_FACE ( 'NONE', ( #8609 ), #2967, .F. ) ;
#2548 = VERTEX_POINT ( 'NONE', #4460 ) ;
#2549 = EDGE_LOOP ( 'NONE', ( #7239, #5651, #1199, #3192 ) ) ;
#2550 = VECTOR ( 'NONE', #9237, 1000.000000000000000 ) ;
#2551 = DIRECTION ( 'NONE',  ( 4.506943796211494843E-16, -1.000000000000000000, 0.000000000000000000 ) ) ;
#2552 = LINE ( 'NONE', #6609, #3793 ) ;
#2553 = CARTESIAN_POINT ( 'NONE',  ( -40.60000000000001563, 4.999999999999997335, 27.17386661099702749 ) ) ;
#2554 = FACE_BOUND ( 'NONE', #4810, .T. ) ;
#2555 = VERTEX_POINT ( 'NONE', #2214 ) ;
#2556 = DIRECTION ( 'NONE',  ( -4.506943796211494843E-16, 1.000000000000000000, 0.000000000000000000 ) ) ;
#2557 = DIRECTION ( 'NONE',  ( 1.000000000000000000, -0.000000000000000000, -7.709882115452476934E-17 ) ) ;
#2558 = ORIENTED_EDGE ( 'NONE', *, *, #9778, .F. ) ;
#2559 = DIRECTION ( 'NONE',  ( -0.8660254037844389297, 0.4999999999999995004, 0.000000000000000000 ) ) ;
#2560 = EDGE_CURVE ( 'NONE', #10349, #2287, #7964, .T. ) ;
#2561 = ORIENTED_EDGE ( 'NONE', *, *, #5619, .T. ) ;
#2562 = ORIENTED_EDGE ( 'NONE', *, *, #4150, .T. ) ;
#2563 = EDGE_LOOP ( 'NONE', ( #3475, #7366, #1654, #9933 ) ) ;
#2564 = LINE ( 'NONE', #7556, #3096 ) ;
#2565 = VECTOR ( 'NONE', #3723, 1000.000000000000114 ) ;
#2566 = LINE ( 'NONE', #8427, #8094 ) ;
#2567 = FACE_OUTER_BOUND ( 'NONE', #5459, .T. ) ;
#2568 = DIRECTION ( 'NONE',  ( -3.854941057726239700E-17, 0.8660254037844385966, -0.5000000000000002220 ) ) ;
#2569 = ORIENTED_EDGE ( 'NONE', *, *, #2386, .T. ) ;
#2570 = CARTESIAN_POINT ( 'NONE',  ( 44.99999999999998579, 21.77447615628469180, -10.72462220366568530 ) ) ;
#2571 = ORIENTED_EDGE ( 'NONE', *, *, #10538, .F. ) ;
#2572 = ORIENTED_EDGE ( 'NONE', *, *, #1931, .F. ) ;
#2573 = VECTOR ( 'NONE', #4247, 999.9999999999998863 ) ;
#2574 = ORIENTED_EDGE ( 'NONE', *, *, #4953, .T. ) ;
#2575 = EDGE_LOOP ( 'NONE', ( #10418, #7758, #2997, #508, #4756, #2008 ) ) ;
#2576 = AXIS2_PLACEMENT_3D ( 'NONE', #4815, #6403, #9013 ) ;
#2577 = DIRECTION ( 'NONE',  ( -0.8660254037844384856, -0.5000000000000004441, 0.000000000000000000 ) ) ;
#2578 = LINE ( 'NONE', #4236, #6462 ) ;
#2579 = LINE ( 'NONE', #3278, #1625 ) ;
#2580 = FACE_OUTER_BOUND ( 'NONE', #5482, .T. ) ;
#2581 = DIRECTION ( 'NONE',  ( -0.000000000000000000, -0.000000000000000000, 1.000000000000000000 ) ) ;
#2582 = AXIS2_PLACEMENT_3D ( 'NONE', #8223, #8389, #9912 ) ;
#2583 = EDGE_CURVE ( 'NONE', #8991, #6397, #10346, .T. ) ;
#2584 = CARTESIAN_POINT ( 'NONE',  ( 0.9332857743154403529, -5.000000000000002665, 14.28758280088805321 ) ) ;
#2585 = DIRECTION ( 'NONE',  ( -6.009258394948641055E-16, 1.000000000000000000, 0.000000000000000000 ) ) ;
#2586 = ORIENTED_EDGE ( 'NONE', *, *, #8068, .F. ) ;
#2587 = CARTESIAN_POINT ( 'NONE',  ( -45.00000000000002132, 36.88577788155969728, 37.17386661099703815 ) ) ;
#2588 = EDGE_CURVE ( 'NONE', #7451, #7411, #2050, .T. ) ;
#2589 = LINE ( 'NONE', #9045, #2417 ) ;
#2590 = ORIENTED_EDGE ( 'NONE', *, *, #7969, .F. ) ;
#2591 = AXIS2_PLACEMENT_3D ( 'NONE', #7767, #10153, #9285 ) ;
#2592 = ADVANCED_FACE ( 'NONE', ( #5277 ), #483, .F. ) ;
#2593 = VECTOR ( 'NONE', #1211, 1000.000000000000000 ) ;
#2594 = AXIS2_PLACEMENT_3D ( 'NONE', #656, #3131, #8130 ) ;
#2595 = ORIENTED_EDGE ( 'NONE', *, *, #8632, .T. ) ;
#2596 = CARTESIAN_POINT ( 'NONE',  ( -45.00000000000001421, 13.11422211844029739, -37.17386661099703815 ) ) ;
#2597 = DIRECTION ( 'NONE',  ( -0.000000000000000000, -1.000000000000000000, -0.000000000000000000 ) ) ;
#2598 = CARTESIAN_POINT ( 'NONE',  ( -15.72462220366567109, 36.88577788155965465, 44.99999999999999289 ) ) ;
#2599 = CARTESIAN_POINT ( 'NONE',  ( 0.9332857743154403529, -5.000000000000000000, 14.28758280088805321 ) ) ;
#2600 = FACE_OUTER_BOUND ( 'NONE', #3461, .T. ) ;
#2601 = DIRECTION ( 'NONE',  ( 0.000000000000000000, -1.000000000000000000, 0.000000000000000000 ) ) ;
#2602 = EDGE_LOOP ( 'NONE', ( #6837, #2711, #4439, #3567 ) ) ;
#2603 = ADVANCED_FACE ( 'NONE', ( #8664 ), #8551, .F. ) ;
#2604 = EDGE_LOOP ( 'NONE', ( #876, #2411, #3189, #1150, #2323 ) ) ;
#2605 = ADVANCED_FACE ( 'NONE', ( #4401 ), #3765, .F. ) ;
#2606 =( BOUNDED_CURVE ( )  B_SPLINE_CURVE ( 3, ( #260, #9431, #6918, #7741 ),
 .UNSPECIFIED., .F., .T. ) 
 B_SPLINE_CURVE_WITH_KNOTS ( ( 4, 4 ),
 ( 5.515995204261211704, 7.050375410097961648 ),
 .UNSPECIFIED. ) 
 CURVE ( )  GEOMETRIC_REPRESENTATION_ITEM ( )  RATIONAL_B_SPLINE_CURVE ( ( 1.000000000000000000, 0.8132426008497410930, 0.8132426008497410930, 1.000000000000000000 ) ) 
 REPRESENTATION_ITEM ( '' )  );
#2607 = VERTEX_POINT ( 'NONE', #1295 ) ;
#2608 = ORIENTED_EDGE ( 'NONE', *, *, #4314, .F. ) ;
#2609 = FACE_OUTER_BOUND ( 'NONE', #3529, .T. ) ;
#2610 = ORIENTED_EDGE ( 'NONE', *, *, #9424, .F. ) ;
#2611 = VERTEX_POINT ( 'NONE', #7848 ) ;
#2612 = CARTESIAN_POINT ( 'NONE',  ( 9.342282491191372811E-15, 30.77350269189624044, -45.00000000000000711 ) ) ;
#2613 = DIRECTION ( 'NONE',  ( 1.000000000000000000, -0.000000000000000000, -7.709882115452476934E-17 ) ) ;
#2614 = FACE_BOUND ( 'NONE', #8854, .T. ) ;
#2615 = DIRECTION ( 'NONE',  ( 1.000000000000000000, -0.000000000000000000, -7.709882115452476934E-17 ) ) ;
#2616 = DIRECTION ( 'NONE',  ( -0.7071067811865475727, 0.000000000000000000, 0.7071067811865474617 ) ) ;
#2617 = CARTESIAN_POINT ( 'NONE',  ( -45.00000000000001421, 19.22649730810372759, -21.44924440733134929 ) ) ;
#2618 = EDGE_CURVE ( 'NONE', #8728, #5990, #5438, .T. ) ;
#2619 = VERTEX_POINT ( 'NONE', #8771 ) ;
#2620 = ORIENTED_EDGE ( 'NONE', *, *, #4413, .F. ) ;
#2621 = VECTOR ( 'NONE', #3446, 1000.000000000000000 ) ;
#2622 = EDGE_CURVE ( 'NONE', #5912, #10013, #2909, .T. ) ;
#2623 = PLANE ( 'NONE',  #8517 ) ;
#2624 = ORIENTED_EDGE ( 'NONE', *, *, #2210, .F. ) ;
#2625 = DIRECTION ( 'NONE',  ( -0.000000000000000000, -0.000000000000000000, 1.000000000000000000 ) ) ;
#2626 = DIRECTION ( 'NONE',  ( -3.854941057726242781E-17, -0.8660254037844383745, -0.5000000000000006661 ) ) ;
#2627 = PLANE ( 'NONE',  #8080 ) ;
#2628 = LINE ( 'NONE', #1818, #9869 ) ;
#2629 = ORIENTED_EDGE ( 'NONE', *, *, #9143, .F. ) ;
#2630 = VECTOR ( 'NONE', #2936, 999.9999999999998863 ) ;
#2631 = VERTEX_POINT ( 'NONE', #7904 ) ;
#2632 = ORIENTED_EDGE ( 'NONE', *, *, #1908, .T. ) ;
#2633 = EDGE_CURVE ( 'NONE', #818, #2144, #10402, .T. ) ;
#2634 = CARTESIAN_POINT ( 'NONE',  ( -45.00000000000002132, 13.11422211844029739, 5.724622203665675535 ) ) ;
#2635 = CARTESIAN_POINT ( 'NONE',  ( 10.72462220366569063, 39.77252922750778907, -40.59999999999998721 ) ) ;
#2636 = LINE ( 'NONE', #1014, #1277 ) ;
#2637 = FACE_OUTER_BOUND ( 'NONE', #9019, .T. ) ;
#2638 = DIRECTION ( 'NONE',  ( 0.000000000000000000, 0.5000000000000002220, 0.8660254037844384856 ) ) ;
#2639 = LINE ( 'NONE', #4347, #5854 ) ;
#2640 = LINE ( 'NONE', #5985, #123 ) ;
#2641 = EDGE_LOOP ( 'NONE', ( #1864, #3270, #9, #5600 ) ) ;
#2642 = LINE ( 'NONE', #3495, #4852 ) ;
#2643 = CARTESIAN_POINT ( 'NONE',  ( 44.99999999999999289, 28.22552384371529755, 32.17386661099703105 ) ) ;
#2644 = VERTEX_POINT ( 'NONE', #9594 ) ;
#2645 = AXIS2_PLACEMENT_3D ( 'NONE', #8913, #776, #6405 ) ;
#2646 = ORIENTED_EDGE ( 'NONE', *, *, #7184, .T. ) ;
#2647 = DIRECTION ( 'NONE',  ( -6.009258394948640069E-16, 1.000000000000000000, 0.000000000000000000 ) ) ;
#2648 = EDGE_CURVE ( 'NONE', #3486, #8910, #4625, .T. ) ;
#2649 = FACE_OUTER_BOUND ( 'NONE', #3085, .T. ) ;
#2650 = DIRECTION ( 'NONE',  ( -6.009258394948641055E-16, 1.000000000000000000, -0.000000000000000000 ) ) ;
#2651 = LINE ( 'NONE', #10192, #3605 ) ;
#2652 = CARTESIAN_POINT ( 'NONE',  ( -40.60000000000001563, 31.11227518966342487, 37.17386661099703815 ) ) ;
#2653 = VECTOR ( 'NONE', #5559, 1000.000000000000000 ) ;
#2654 = DIRECTION ( 'NONE',  ( -0.000000000000000000, -0.000000000000000000, 1.000000000000000000 ) ) ;
#2655 = ORIENTED_EDGE ( 'NONE', *, *, #2184, .T. ) ;
#2656 = ORIENTED_EDGE ( 'NONE', *, *, #9633, .T. ) ;
#2657 = VERTEX_POINT ( 'NONE', #5597 ) ;
#2658 = ORIENTED_EDGE ( 'NONE', *, *, #5258, .F. ) ;
#2659 = EDGE_CURVE ( 'NONE', #6209, #925, #735, .T. ) ;
#2660 = VERTEX_POINT ( 'NONE', #1498 ) ;
#2661 = CARTESIAN_POINT ( 'NONE',  ( 19.84341385151803649, 1.943855280000245100, 3.500557259748196870 ) ) ;
#2662 = EDGE_CURVE ( 'NONE', #531, #2490, #3867, .T. ) ;
#2663 = CARTESIAN_POINT ( 'NONE',  ( -22.83773761351900689, 0.000000000000000000, -3.745854521482247179 ) ) ;
#2664 = DIRECTION ( 'NONE',  ( -7.709882115452476934E-17, 0.000000000000000000, -1.000000000000000000 ) ) ;
#2665 = CARTESIAN_POINT ( 'NONE',  ( -15.72462220366566754, 31.11227518966341421, -45.00000000000000711 ) ) ;
#2666 = DIRECTION ( 'NONE',  ( -0.000000000000000000, -0.000000000000000000, 1.000000000000000000 ) ) ;
#2667 = LINE ( 'NONE', #9290, #1843 ) ;
#2668 = ORIENTED_EDGE ( 'NONE', *, *, #9696, .F. ) ;
#2669 = VECTOR ( 'NONE', #9960, 1000.000000000000000 ) ;
#2670 = VERTEX_POINT ( 'NONE', #8921 ) ;
#2671 = ORIENTED_EDGE ( 'NONE', *, *, #8979, .T. ) ;
#2672 = DIRECTION ( 'NONE',  ( 0.4999999999999995004, 0.8660254037844389297, 0.000000000000000000 ) ) ;
#2673 = ADVANCED_FACE ( 'NONE', ( #1549 ), #9699, .F. ) ;
#2674 = VERTEX_POINT ( 'NONE', #8161 ) ;
#2675 = CARTESIAN_POINT ( 'NONE',  ( -27.17386661099702749, 31.11227518966341421, -45.00000000000000711 ) ) ;
#2676 = DIRECTION ( 'NONE',  ( 0.000000000000000000, -0.5000000000000004441, 0.8660254037844382635 ) ) ;
#2677 = CARTESIAN_POINT ( 'NONE',  ( 40.60000000000001563, -22.59140552900267096, -24.67009459051016051 ) ) ;
#2678 = PLANE ( 'NONE',  #8766 ) ;
#2679 = FACE_OUTER_BOUND ( 'NONE', #10239, .T. ) ;
#2680 = ORIENTED_EDGE ( 'NONE', *, *, #6707, .F. ) ;
#2681 = EDGE_LOOP ( 'NONE', ( #5525, #3675, #8434, #1570 ) ) ;
#2682 = ORIENTED_EDGE ( 'NONE', *, *, #8928, .F. ) ;
#2683 = PLANE ( 'NONE',  #2242 ) ;
#2684 = CARTESIAN_POINT ( 'NONE',  ( 16.44924440733136350, 22.11324865405184426, -45.00000000000000711 ) ) ;
#2685 = CARTESIAN_POINT ( 'NONE',  ( -45.00000000000001421, 28.22552384371529755, -32.17386661099702394 ) ) ;
#2686 = LINE ( 'NONE', #5817, #7734 ) ;
#2687 = CARTESIAN_POINT ( 'NONE',  ( -32.17386661099702394, 39.77252922750778197, 40.59999999999998721 ) ) ;
#2688 = AXIS2_PLACEMENT_3D ( 'NONE', #4093, #919, #2486 ) ;
#2689 = ORIENTED_EDGE ( 'NONE', *, *, #6044, .T. ) ;
#2690 = CARTESIAN_POINT ( 'NONE',  ( -45.00000000000002132, 28.22552384371529755, 32.17386661099703815 ) ) ;
#2691 = DIRECTION ( 'NONE',  ( 0.8660254037844383745, 0.5000000000000003331, 0.000000000000000000 ) ) ;
#2692 = EDGE_CURVE ( 'NONE', #5287, #8425, #3160, .T. ) ;
#2693 = ORIENTED_EDGE ( 'NONE', *, *, #8747, .F. ) ;
#2694 = ADVANCED_FACE ( 'NONE', ( #8064 ), #7180, .F. ) ;
#2695 = AXIS2_PLACEMENT_3D ( 'NONE', #9027, #7286, #9898 ) ;
#2696 = VECTOR ( 'NONE', #7644, 1000.000000000000114 ) ;
#2697 = VERTEX_POINT ( 'NONE', #8212 ) ;
#2698 = CARTESIAN_POINT ( 'NONE',  ( -45.00000000000002132, 39.77252922750783171, 32.17386661099703105 ) ) ;
#2699 = LINE ( 'NONE', #8450, #5940 ) ;
#2700 = VECTOR ( 'NONE', #4735, 1000.000000000000000 ) ;
#2701 = LINE ( 'NONE', #1137, #8244 ) ;
#2702 = VECTOR ( 'NONE', #7194, 1000.000000000000227 ) ;
#2703 = CARTESIAN_POINT ( 'NONE',  ( 32.17386661099703815, 28.22552384371528333, -45.00000000000000711 ) ) ;
#2704 = CARTESIAN_POINT ( 'NONE',  ( -5.724622203665671094, 36.88577788155966886, -45.00000000000000711 ) ) ;
#2705 = PLANE ( 'NONE',  #9895 ) ;
#2706 = EDGE_LOOP ( 'NONE', ( #5270, #657, #8193, #5751 ) ) ;
#2707 = ORIENTED_EDGE ( 'NONE', *, *, #7390, .F. ) ;
#2708 = VECTOR ( 'NONE', #840, 1000.000000000000000 ) ;
#2709 = VERTEX_POINT ( 'NONE', #5645 ) ;
#2710 = VECTOR ( 'NONE', #7289, 1000.000000000000000 ) ;
#2711 = ORIENTED_EDGE ( 'NONE', *, *, #5740, .F. ) ;
#2712 = DIRECTION ( 'NONE',  ( -0.000000000000000000, -0.000000000000000000, 1.000000000000000000 ) ) ;
#2713 = CARTESIAN_POINT ( 'NONE',  ( -40.60000000000001563, 31.11227518966342487, 15.72462220366568175 ) ) ;
#2714 = CARTESIAN_POINT ( 'NONE',  ( -26.44924440733134929, 27.88675134594808469, -45.00000000000000711 ) ) ;
#2715 = LINE ( 'NONE', #6125, #1542 ) ;
#2716 = ORIENTED_EDGE ( 'NONE', *, *, #944, .T. ) ;
#2717 = DIRECTION ( 'NONE',  ( 1.000000000000000000, -0.000000000000000000, -7.709882115452476934E-17 ) ) ;
#2718 = ADVANCED_FACE ( 'NONE', ( #784 ), #7235, .F. ) ;
#2719 = EDGE_LOOP ( 'NONE', ( #7770, #2430, #9116, #1216 ) ) ;
#2720 = ADVANCED_FACE ( 'NONE', ( #2264 ), #1599, .F. ) ;
#2721 = ADVANCED_FACE ( 'NONE', ( #4069 ), #2311, .F. ) ;
#2722 = ORIENTED_EDGE ( 'NONE', *, *, #3422, .T. ) ;
#2723 = AXIS2_PLACEMENT_3D ( 'NONE', #1139, #920, #10091 ) ;
#2724 = VECTOR ( 'NONE', #8056, 1000.000000000000000 ) ;
#2725 = FACE_BOUND ( 'NONE', #2040, .T. ) ;
#2726 = ORIENTED_EDGE ( 'NONE', *, *, #6266, .F. ) ;
#2727 = DIRECTION ( 'NONE',  ( 0.8660254037844382635, 0.5000000000000007772, 0.000000000000000000 ) ) ;
#2728 = PLANE ( 'NONE',  #9992 ) ;
#2729 = LINE ( 'NONE', #6025, #8592 ) ;
#2730 = PLANE ( 'NONE',  #5162 ) ;
#2731 = ORIENTED_EDGE ( 'NONE', *, *, #8656, .T. ) ;
#2732 = CARTESIAN_POINT ( 'NONE',  ( -40.60000000000001563, 27.88675134594812732, -26.44924440733135640 ) ) ;
#2733 = VERTEX_POINT ( 'NONE', #5491 ) ;
#2734 = EDGE_CURVE ( 'NONE', #1433, #8533, #10645, .T. ) ;
#2735 = ORIENTED_EDGE ( 'NONE', *, *, #489, .F. ) ;
#2736 = ORIENTED_EDGE ( 'NONE', *, *, #10003, .F. ) ;
#2737 = ORIENTED_EDGE ( 'NONE', *, *, #5594, .F. ) ;
#2738 = LINE ( 'NONE', #8383, #10378 ) ;
#2739 = LINE ( 'NONE', #5169, #1634 ) ;
#2740 = EDGE_CURVE ( 'NONE', #2087, #66, #8822, .T. ) ;
#2741 = DIRECTION ( 'NONE',  ( 1.000000000000000000, -0.000000000000000000, -7.709882115452476934E-17 ) ) ;
#2742 = DIRECTION ( 'NONE',  ( 4.506943796211493857E-16, -1.000000000000000000, 0.000000000000000000 ) ) ;
#2743 = DIRECTION ( 'NONE',  ( 1.000000000000000000, -0.000000000000000000, -7.709882115452476934E-17 ) ) ;
#2744 = LINE ( 'NONE', #6756, #9493 ) ;
#2745 = ORIENTED_EDGE ( 'NONE', *, *, #5445, .T. ) ;
#2746 = DIRECTION ( 'NONE',  ( 6.009258394948641055E-16, -1.000000000000000000, 0.000000000000000000 ) ) ;
#2747 = DIRECTION ( 'NONE',  ( 1.000000000000000000, 0.000000000000000000, -7.709882115452476934E-17 ) ) ;
#2748 = AXIS2_PLACEMENT_3D ( 'NONE', #5063, #4194, #4036 ) ;
#2749 = EDGE_LOOP ( 'NONE', ( #4089, #1046, #7212, #9559, #2572, #4535, #3112, #3653 ) ) ;
#2750 = ADVANCED_FACE ( 'NONE', ( #3117 ), #9794, .F. ) ;
#2751 = VECTOR ( 'NONE', #1627, 1000.000000000000000 ) ;
#2752 = VECTOR ( 'NONE', #3587, 1000.000000000000000 ) ;
#2753 = ORIENTED_EDGE ( 'NONE', *, *, #1659, .T. ) ;
#2754 = VECTOR ( 'NONE', #5216, 1000.000000000000000 ) ;
#2755 = VERTEX_POINT ( 'NONE', #6512 ) ;
#2756 = EDGE_CURVE ( 'NONE', #893, #6143, #6414, .T. ) ;
#2757 = EDGE_CURVE ( 'NONE', #3624, #3840, #7392, .T. ) ;
#2758 = FACE_OUTER_BOUND ( 'NONE', #6977, .T. ) ;
#2759 = CARTESIAN_POINT ( 'NONE',  ( -45.00000000000002132, 31.11227518966342487, 37.17386661099703815 ) ) ;
#2760 = DIRECTION ( 'NONE',  ( -6.009258394948641055E-16, 1.000000000000000000, 0.000000000000000000 ) ) ;
#2761 = CARTESIAN_POINT ( 'NONE',  ( 32.17386661099703815, 39.77252922750778907, 44.99999999999999289 ) ) ;
#2762 = DIRECTION ( 'NONE',  ( 0.000000000000000000, 1.000000000000000000, 0.000000000000000000 ) ) ;
#2763 = VECTOR ( 'NONE', #661, 1000.000000000000114 ) ;
#2764 = VERTEX_POINT ( 'NONE', #686 ) ;
#2765 = CARTESIAN_POINT ( 'NONE',  ( 40.60000000000001563, 62.59140552900266385, -7.349586514821357497 ) ) ;
#2766 = ORIENTED_EDGE ( 'NONE', *, *, #5386, .F. ) ;
#2767 = CARTESIAN_POINT ( 'NONE',  ( -19.28974596215565640, 41.91044271574629221, -40.59999999999998721 ) ) ;
#2768 = ORIENTED_EDGE ( 'NONE', *, *, #1013, .F. ) ;
#2769 = VECTOR ( 'NONE', #1911, 1000.000000000000000 ) ;
#2770 = VECTOR ( 'NONE', #5381, 1000.000000000000114 ) ;
#2771 = EDGE_CURVE ( 'NONE', #9612, #1246, #3969, .T. ) ;
#2772 = ORIENTED_EDGE ( 'NONE', *, *, #5959, .T. ) ;
#2773 = VERTEX_POINT ( 'NONE', #2355 ) ;
#2774 = ORIENTED_EDGE ( 'NONE', *, *, #2973, .T. ) ;
#2775 = VERTEX_POINT ( 'NONE', #5860 ) ;
#2776 = CARTESIAN_POINT ( 'NONE',  ( 27.17386661099704170, 5.000000000000027534, -40.59999999999998721 ) ) ;
#2777 = EDGE_CURVE ( 'NONE', #2755, #178, #7723, .T. ) ;
#2778 = CARTESIAN_POINT ( 'NONE',  ( -45.00000000000002132, 36.88577788155969728, 27.17386661099703105 ) ) ;
#2779 = CARTESIAN_POINT ( 'NONE',  ( -32.17386661099702394, 28.22552384371528333, 40.59999999999996589 ) ) ;
#2780 = LINE ( 'NONE', #343, #5486 ) ;
#2781 = ORIENTED_EDGE ( 'NONE', *, *, #6024, .F. ) ;
#2782 = CARTESIAN_POINT ( 'NONE',  ( -27.17386661099702749, 18.88772481033653960, -45.00000000000000711 ) ) ;
#2783 = ORIENTED_EDGE ( 'NONE', *, *, #3504, .F. ) ;
#2784 = EDGE_LOOP ( 'NONE', ( #5903, #5408, #8629, #5945 ) ) ;
#2785 = FACE_BOUND ( 'NONE', #9511, .T. ) ;
#2786 = ORIENTED_EDGE ( 'NONE', *, *, #6307, .T. ) ;
#2787 = CARTESIAN_POINT ( 'NONE',  ( -40.60000000000001563, 10.22747077249215941, -10.72462220366567109 ) ) ;
#2788 = CARTESIAN_POINT ( 'NONE',  ( -40.60000000000001563, 31.11227518966343553, -15.72462220366567820 ) ) ;
#2789 = EDGE_CURVE ( 'NONE', #4527, #5312, #2460, .T. ) ;
#2790 = LINE ( 'NONE', #2677, #9299 ) ;
#2791 = FACE_OUTER_BOUND ( 'NONE', #2972, .T. ) ;
#2792 = DIRECTION ( 'NONE',  ( -0.000000000000000000, -0.000000000000000000, 1.000000000000000000 ) ) ;
#2793 = ORIENTED_EDGE ( 'NONE', *, *, #1470, .T. ) ;
#2794 = AXIS2_PLACEMENT_3D ( 'NONE', #6651, #2440, #9055 ) ;
#2795 = VERTEX_POINT ( 'NONE', #3320 ) ;
#2796 = ORIENTED_EDGE ( 'NONE', *, *, #4332, .F. ) ;
#2797 = EDGE_CURVE ( 'NONE', #7044, #9733, #4994, .T. ) ;
#2798 = FACE_OUTER_BOUND ( 'NONE', #3889, .T. ) ;
#2799 = EDGE_CURVE ( 'NONE', #5792, #1606, #9250, .T. ) ;
#2800 = LINE ( 'NONE', #9428, #4710 ) ;
#2801 = LINE ( 'NONE', #6752, #1335 ) ;
#2802 = DIRECTION ( 'NONE',  ( -6.009258394948640069E-16, 1.000000000000000000, 0.000000000000000000 ) ) ;
#2803 = FACE_OUTER_BOUND ( 'NONE', #8682, .T. ) ;
#2804 = PLANE ( 'NONE',  #7385 ) ;
#2805 = ORIENTED_EDGE ( 'NONE', *, *, #7141, .F. ) ;
#2806 = CARTESIAN_POINT ( 'NONE',  ( 10.72462220366569063, 21.77447615628465272, 44.99999999999999289 ) ) ;
#2807 = FACE_OUTER_BOUND ( 'NONE', #3324, .T. ) ;
#2808 = ORIENTED_EDGE ( 'NONE', *, *, #9088, .T. ) ;
#2809 = ORIENTED_EDGE ( 'NONE', *, *, #2940, .F. ) ;
#2810 = CARTESIAN_POINT ( 'NONE',  ( -45.00000000000002132, 18.88772481033656092, 5.724622203665675535 ) ) ;
#2811 = ADVANCED_FACE ( 'NONE', ( #1765 ), #2627, .F. ) ;
#2812 = LINE ( 'NONE', #324, #435 ) ;
#2813 = CARTESIAN_POINT ( 'NONE',  ( -40.00000000000003553, 0.000000000000000000, -37.05511844965704427 ) ) ;
#2814 = DIRECTION ( 'NONE',  ( -4.506943796211494843E-16, 1.000000000000000000, 0.000000000000000000 ) ) ;
#2815 = CARTESIAN_POINT ( 'NONE',  ( 32.17386661099703815, 28.22552384371528333, 44.99999999999999289 ) ) ;
#2816 = EDGE_LOOP ( 'NONE', ( #7750, #4738, #3018, #9085, #9064, #6841 ) ) ;
#2817 = CARTESIAN_POINT ( 'NONE',  ( 44.99999999999998579, 13.11422211844030095, 5.724622203665666653 ) ) ;
#2818 = ORIENTED_EDGE ( 'NONE', *, *, #6128, .F. ) ;
#2819 = PLANE ( 'NONE',  #6042 ) ;
#2820 = ORIENTED_EDGE ( 'NONE', *, *, #2403, .T. ) ;
#2821 = ORIENTED_EDGE ( 'NONE', *, *, #10602, .F. ) ;
#2822 = ORIENTED_EDGE ( 'NONE', *, *, #7808, .T. ) ;
#2823 = VERTEX_POINT ( 'NONE', #196 ) ;
#2824 = ORIENTED_EDGE ( 'NONE', *, *, #9880, .T. ) ;
#2825 = CARTESIAN_POINT ( 'NONE',  ( -45.00000000000001421, 28.22552384371529755, -10.72462220366567109 ) ) ;
#2826 = VECTOR ( 'NONE', #3439, 999.9999999999998863 ) ;
#2827 = LINE ( 'NONE', #1043, #351 ) ;
#2828 = CARTESIAN_POINT ( 'NONE',  ( 40.59999999999998721, 19.22649730810372759, 21.44924440733135640 ) ) ;
#2829 = DIRECTION ( 'NONE',  ( 1.000000000000000000, -0.000000000000000000, -7.709882115452476934E-17 ) ) ;
#2830 = ORIENTED_EDGE ( 'NONE', *, *, #5961, .T. ) ;
#2831 = CARTESIAN_POINT ( 'NONE',  ( -32.17386661099702394, 10.22747077249215231, -40.59999999999998721 ) ) ;
#2832 = ADVANCED_FACE ( 'NONE', ( #9952 ), #896, .F. ) ;
#2833 = VECTOR ( 'NONE', #6770, 1000.000000000000000 ) ;
#2834 = ORIENTED_EDGE ( 'NONE', *, *, #1796, .T. ) ;
#2835 = FACE_BOUND ( 'NONE', #10326, .T. ) ;
#2836 = ORIENTED_EDGE ( 'NONE', *, *, #4150, .F. ) ;
#2837 = DIRECTION ( 'NONE',  ( -0.000000000000000000, -0.000000000000000000, 1.000000000000000000 ) ) ;
#2838 = CARTESIAN_POINT ( 'NONE',  ( 0.000000000000000000, 0.000000000000000000, 0.000000000000000000 ) ) ;
#2839 = VECTOR ( 'NONE', #6272, 1000.000000000000000 ) ;
#2840 = CARTESIAN_POINT ( 'NONE',  ( -32.17386661099702394, 28.22552384371528333, -45.00000000000000711 ) ) ;
#2841 = ORIENTED_EDGE ( 'NONE', *, *, #4956, .T. ) ;
#2842 = FACE_OUTER_BOUND ( 'NONE', #6284, .T. ) ;
#2843 = DIRECTION ( 'NONE',  ( 0.8660254037844389297, -0.4999999999999995004, 0.000000000000000000 ) ) ;
#2844 = ORIENTED_EDGE ( 'NONE', *, *, #8136, .F. ) ;
#2845 = ORIENTED_EDGE ( 'NONE', *, *, #3155, .F. ) ;
#2846 = ORIENTED_EDGE ( 'NONE', *, *, #7495, .T. ) ;
#2847 = ADVANCED_FACE ( 'NONE', ( #5098 ), #2678, .F. ) ;
#2848 = EDGE_LOOP ( 'NONE', ( #845, #3240, #172, #4910 ) ) ;
#2849 = LINE ( 'NONE', #5333, #1714 ) ;
#2850 = CARTESIAN_POINT ( 'NONE',  ( 37.82104513169655746, -5.000000000000000888, 39.02809845431140445 ) ) ;
#2851 = DIRECTION ( 'NONE',  ( 1.000000000000000000, -0.000000000000000000, -7.709882115452476934E-17 ) ) ;
#2852 = DIRECTION ( 'NONE',  ( -3.854941057726240316E-17, 0.8660254037844385966, -0.5000000000000003331 ) ) ;
#2853 = LINE ( 'NONE', #1828, #6213 ) ;
#2854 = EDGE_LOOP ( 'NONE', ( #3412, #9694, #3962, #10046, #8924, #136 ) ) ;
#2855 = LINE ( 'NONE', #1300, #5383 ) ;
#2856 = PLANE ( 'NONE',  #9693 ) ;
#2857 = EDGE_CURVE ( 'NONE', #5528, #7549, #3482, .T. ) ;
#2858 = EDGE_CURVE ( 'NONE', #6947, #334, #6741, .T. ) ;
#2859 = ADVANCED_FACE ( 'NONE', ( #4226 ), #10008, .F. ) ;
#2860 = ADVANCED_FACE ( 'NONE', ( #2567 ), #4122, .F. ) ;
#2861 = ORIENTED_EDGE ( 'NONE', *, *, #10296, .T. ) ;
#2862 = LINE ( 'NONE', #6928, #377 ) ;
#2863 = AXIS2_PLACEMENT_3D ( 'NONE', #4919, #4162, #4213 ) ;
#2864 = CARTESIAN_POINT ( 'NONE',  ( 15.72462220366568886, 31.11227518966341421, -40.59999999999998721 ) ) ;
#2865 = LINE ( 'NONE', #6981, #2696 ) ;
#2866 = LINE ( 'NONE', #6107, #7394 ) ;
#2867 = LINE ( 'NONE', #2815, #4545 ) ;
#2868 = CARTESIAN_POINT ( 'NONE',  ( -40.75702789600870801, 5.271980294092681874, -40.59999999999998721 ) ) ;
#2869 = ORIENTED_EDGE ( 'NONE', *, *, #984, .F. ) ;
#2870 = CARTESIAN_POINT ( 'NONE',  ( -20.00000000000001421, 46.66904755831214402, -20.00000000000001421 ) ) ;
#2871 = VERTEX_POINT ( 'NONE', #1871 ) ;
#2872 = CARTESIAN_POINT ( 'NONE',  ( -40.60000000000001563, 4.999999999999997335, -15.72462220366567820 ) ) ;
#2873 = ORIENTED_EDGE ( 'NONE', *, *, #1284, .T. ) ;
#2874 = EDGE_CURVE ( 'NONE', #5001, #7653, #5746, .T. ) ;
#2875 = VECTOR ( 'NONE', #6711, 999.9999999999998863 ) ;
#2876 = VERTEX_POINT ( 'NONE', #9080 ) ;
#2877 = CARTESIAN_POINT ( 'NONE',  ( -45.00000000000002132, 36.88577788155969728, 27.17386661099703105 ) ) ;
#2878 = LINE ( 'NONE', #2132, #7972 ) ;
#2879 = VECTOR ( 'NONE', #1350, 1000.000000000000000 ) ;
#2880 = VERTEX_POINT ( 'NONE', #8484 ) ;
#2881 = CARTESIAN_POINT ( 'NONE',  ( -40.60000000000001563, -0.4326116877409313388, -37.46348017968005450 ) ) ;
#2882 = CARTESIAN_POINT ( 'NONE',  ( -45.00000000000001421, 30.77350269189626175, -21.44924440733135640 ) ) ;
#2883 = LINE ( 'NONE', #7821, #10497 ) ;
#2884 = LINE ( 'NONE', #8853, #4277 ) ;
#2885 = VERTEX_POINT ( 'NONE', #2509 ) ;
#2886 = CARTESIAN_POINT ( 'NONE',  ( 1.040834085586084257E-14, 30.77350269189623688, 40.59999999999998721 ) ) ;
#2887 = CIRCLE ( 'NONE', #295, 16.50000000000000000 ) ;
#2888 = ADVANCED_FACE ( 'NONE', ( #841 ), #1058, .F. ) ;
#2889 = VECTOR ( 'NONE', #6378, 1000.000000000000114 ) ;
#2890 = ORIENTED_EDGE ( 'NONE', *, *, #7222, .T. ) ;
#2891 = VECTOR ( 'NONE', #414, 1000.000000000000000 ) ;
#2892 = CARTESIAN_POINT ( 'NONE',  ( -40.60000000000001563, 4.999999999999997335, -37.17386661099703815 ) ) ;
#2893 = EDGE_LOOP ( 'NONE', ( #5049, #2737, #5812, #3873 ) ) ;
#2894 = CARTESIAN_POINT ( 'NONE',  ( -37.46348017968003319, -0.4326116877410111083, -40.59999999999998721 ) ) ;
#2895 = VECTOR ( 'NONE', #4681, 1000.000000000000114 ) ;
#2896 = CARTESIAN_POINT ( 'NONE',  ( 9.545941546018363866, 0.000000000000000000, -9.545941546018369195 ) ) ;
#2897 = EDGE_CURVE ( 'NONE', #10156, #3316, #7447, .T. ) ;
#2898 = AXIS2_PLACEMENT_3D ( 'NONE', #2838, #5265, #5753 ) ;
#2899 = LINE ( 'NONE', #6194, #4249 ) ;
#2900 = ORIENTED_EDGE ( 'NONE', *, *, #4497, .T. ) ;
#2901 = CARTESIAN_POINT ( 'NONE',  ( 15.72462220366568175, 36.88577788155966886, -45.00000000000000711 ) ) ;
#2902 = CARTESIAN_POINT ( 'NONE',  ( -45.00000000000002132, 22.11324865405185491, 26.44924440733135995 ) ) ;
#2903 = ORIENTED_EDGE ( 'NONE', *, *, #6115, .F. ) ;
#2904 = CARTESIAN_POINT ( 'NONE',  ( 9.545941546018362089, 0.000000000000000000, -9.545941546018369195 ) ) ;
#2905 = EDGE_CURVE ( 'NONE', #4422, #10689, #5804, .T. ) ;
#2906 = ORIENTED_EDGE ( 'NONE', *, *, #2659, .F. ) ;
#2907 = CARTESIAN_POINT ( 'NONE',  ( 26.44924440733136706, 22.11324865405184426, -40.59999999999998721 ) ) ;
#2908 = DIRECTION ( 'NONE',  ( -3.854941057726239700E-17, 0.8660254037844385966, -0.5000000000000002220 ) ) ;
#2909 = LINE ( 'NONE', #4573, #2879 ) ;
#2910 = LINE ( 'NONE', #4175, #2934 ) ;
#2911 = CARTESIAN_POINT ( 'NONE',  ( -45.00000000000001421, 13.11422211844028674, -5.724622203665674647 ) ) ;
#2912 = ORIENTED_EDGE ( 'NONE', *, *, #3707, .F. ) ;
#2913 = CARTESIAN_POINT ( 'NONE',  ( -40.60000000000001563, 33.25018867790190313, -24.28974596215558179 ) ) ;
#2914 = VERTEX_POINT ( 'NONE', #7010 ) ;
#2915 = VERTEX_POINT ( 'NONE', #8708 ) ;
#2916 = ADVANCED_FACE ( 'NONE', ( #2791 ), #10333, .F. ) ;
#2917 = DIRECTION ( 'NONE',  ( -0.000000000000000000, -0.000000000000000000, 1.000000000000000000 ) ) ;
#2918 = CARTESIAN_POINT ( 'NONE',  ( -20.00000000000001066, 46.66904755831214402, -3.500000000000013323 ) ) ;
#2919 = LINE ( 'NONE', #7246, #4593 ) ;
#2920 = EDGE_CURVE ( 'NONE', #6003, #6112, #6083, .T. ) ;
#2921 = LINE ( 'NONE', #1364, #9159 ) ;
#2922 = AXIS2_PLACEMENT_3D ( 'NONE', #1012, #956, #9258 ) ;
#2923 = CARTESIAN_POINT ( 'NONE',  ( 44.99999999999998579, 31.11227518966343197, -15.72462220366568530 ) ) ;
#2924 = CARTESIAN_POINT ( 'NONE',  ( 20.00000000000003197, 0.000000000000000000, -20.00000000000001421 ) ) ;
#2925 = ORIENTED_EDGE ( 'NONE', *, *, #1374, .F. ) ;
#2926 = AXIS2_PLACEMENT_3D ( 'NONE', #7589, #8565, #1737 ) ;
#2927 = EDGE_CURVE ( 'NONE', #8825, #2234, #3814, .T. ) ;
#2928 = CARTESIAN_POINT ( 'NONE',  ( -45.00000000000002132, 27.88675134594812732, 16.44924440733135285 ) ) ;
#2929 = EDGE_LOOP ( 'NONE', ( #6517, #790, #3195, #988 ) ) ;
#2930 = CARTESIAN_POINT ( 'NONE',  ( -45.00000000000001421, 31.11227518966343553, -37.17386661099703815 ) ) ;
#2931 = ORIENTED_EDGE ( 'NONE', *, *, #8366, .T. ) ;
#2932 = ORIENTED_EDGE ( 'NONE', *, *, #6421, .T. ) ;
#2933 = ORIENTED_EDGE ( 'NONE', *, *, #2364, .T. ) ;
#2934 = VECTOR ( 'NONE', #897, 1000.000000000000000 ) ;
#2935 = CARTESIAN_POINT ( 'NONE',  ( 40.00000000000006395, 0.000000000000000000, -0.000000000000000000 ) ) ;
#2936 = DIRECTION ( 'NONE',  ( 0.000000000000000000, 0.5000000000000002220, 0.8660254037844385966 ) ) ;
#2937 = VECTOR ( 'NONE', #2448, 999.9999999999998863 ) ;
#2938 = CARTESIAN_POINT ( 'NONE',  ( -16.44924440733134574, 22.11324865405184426, -45.00000000000000711 ) ) ;
#2939 = CARTESIAN_POINT ( 'NONE',  ( -45.00000000000002132, 22.11324865405186557, 16.44924440733135285 ) ) ;
#2940 = EDGE_CURVE ( 'NONE', #2314, #5513, #4389, .T. ) ;
#2941 = CARTESIAN_POINT ( 'NONE',  ( -40.60000000000001563, 31.11227518966343553, -37.17386661099703815 ) ) ;
#2942 = ORIENTED_EDGE ( 'NONE', *, *, #3783, .F. ) ;
#2943 = DIRECTION ( 'NONE',  ( -0.000000000000000000, -0.000000000000000000, 1.000000000000000000 ) ) ;
#2944 = ADVANCED_FACE ( 'NONE', ( #2842 ), #416, .F. ) ;
#2945 = VECTOR ( 'NONE', #4995, 999.9999999999998863 ) ;
#2946 = VECTOR ( 'NONE', #9442, 1000.000000000000000 ) ;
#2947 = VERTEX_POINT ( 'NONE', #7067 ) ;
#2948 = ORIENTED_EDGE ( 'NONE', *, *, #1052, .T. ) ;
#2949 = VECTOR ( 'NONE', #5362, 1000.000000000000000 ) ;
#2950 = VECTOR ( 'NONE', #4507, 1000.000000000000114 ) ;
#2951 = CARTESIAN_POINT ( 'NONE',  ( 9.342282491191372811E-15, 30.77350269189624044, -40.59999999999998721 ) ) ;
#2952 = ORIENTED_EDGE ( 'NONE', *, *, #4007, .F. ) ;
#2953 = CARTESIAN_POINT ( 'NONE',  ( 10.28129369291626460, -5.000000000000002665, 10.28129369291626816 ) ) ;
#2954 = DIRECTION ( 'NONE',  ( -0.7071067811865477948, 0.000000000000000000, -0.7071067811865473507 ) ) ;
#2955 = EDGE_CURVE ( 'NONE', #4483, #6526, #1285, .T. ) ;
#2956 = LINE ( 'NONE', #6958, #7563 ) ;
#2957 = LINE ( 'NONE', #9532, #472 ) ;
#2958 = LINE ( 'NONE', #6252, #6917 ) ;
#2959 = ORIENTED_EDGE ( 'NONE', *, *, #10398, .F. ) ;
#2960 = FACE_OUTER_BOUND ( 'NONE', #9981, .T. ) ;
#2961 = CARTESIAN_POINT ( 'NONE',  ( -45.00000000000001421, 27.88675134594813088, 5.000000000000002665 ) ) ;
#2962 = EDGE_CURVE ( 'NONE', #4370, #1569, #5215, .T. ) ;
#2963 = VECTOR ( 'NONE', #2000, 999.9999999999998863 ) ;
#2964 = VERTEX_POINT ( 'NONE', #528 ) ;
#2965 = CARTESIAN_POINT ( 'NONE',  ( -32.17386661099702394, 28.22552384371528333, -40.59999999999998721 ) ) ;
#2966 = DIRECTION ( 'NONE',  ( -0.8660254037844389297, 0.4999999999999995004, 0.000000000000000000 ) ) ;
#2967 = PLANE ( 'NONE',  #4929 ) ;
#2968 = CARTESIAN_POINT ( 'NONE',  ( -18.07420871848713873, 44.01581498027240258, 40.59999999999998721 ) ) ;
#2969 = DIRECTION ( 'NONE',  ( 4.506943796211493857E-16, -1.000000000000000000, 0.000000000000000000 ) ) ;
#2970 = ORIENTED_EDGE ( 'NONE', *, *, #8972, .F. ) ;
#2971 = VECTOR ( 'NONE', #1368, 999.9999999999998863 ) ;
#2972 = EDGE_LOOP ( 'NONE', ( #3808, #9780, #9862, #4782 ) ) ;
#2973 = EDGE_CURVE ( 'NONE', #9301, #10187, #3700, .T. ) ;
#2974 = EDGE_CURVE ( 'NONE', #3854, #410, #10390, .T. ) ;
#2975 = AXIS2_PLACEMENT_3D ( 'NONE', #1921, #2672, #8534 ) ;
#2976 = VERTEX_POINT ( 'NONE', #10170 ) ;
#2977 = FACE_OUTER_BOUND ( 'NONE', #4648, .T. ) ;
#2978 = CARTESIAN_POINT ( 'NONE',  ( -27.17386661099702749, 36.88577788155966886, 40.59999999999996589 ) ) ;
#2979 = CARTESIAN_POINT ( 'NONE',  ( -43.00000000000000711, 45.00000000000000000, 42.99999999999999289 ) ) ;
#2980 = LINE ( 'NONE', #6323, #4641 ) ;
#2981 = DIRECTION ( 'NONE',  ( 0.000000000000000000, -1.000000000000000000, 0.000000000000000000 ) ) ;
#2982 = CARTESIAN_POINT ( 'NONE',  ( 5.000000000000002665, 27.88675134594812022, -45.00000000000000711 ) ) ;
#2983 = EDGE_LOOP ( 'NONE', ( #8197, #7042, #1097, #7994 ) ) ;
#2984 = CARTESIAN_POINT ( 'NONE',  ( 3.745854521482260058, 0.000000000000000000, 22.83773761351901399 ) ) ;
#2985 = VERTEX_POINT ( 'NONE', #4450 ) ;
#2986 = CARTESIAN_POINT ( 'NONE',  ( 40.60000000000001563, 4.999999999999997335, 5.724622203665666653 ) ) ;
#2987 = EDGE_LOOP ( 'NONE', ( #9741, #7620, #1743, #4854, #9410, #8726 ) ) ;
#2988 = ORIENTED_EDGE ( 'NONE', *, *, #6693, .F. ) ;
#2989 = EDGE_CURVE ( 'NONE', #2128, #5001, #8762, .T. ) ;
#2990 = ORIENTED_EDGE ( 'NONE', *, *, #3422, .F. ) ;
#2991 = CARTESIAN_POINT ( 'NONE',  ( -21.44924440733134574, 19.22649730810371338, 44.99999999999999289 ) ) ;
#2992 = LINE ( 'NONE', #3944, #9705 ) ;
#2993 = CARTESIAN_POINT ( 'NONE',  ( -32.46348017968005450, -9.092865725585360437, 40.59999999999998721 ) ) ;
#2994 = DIRECTION ( 'NONE',  ( 1.000000000000000000, 6.009258394948641055E-16, 0.000000000000000000 ) ) ;
#2995 = ORIENTED_EDGE ( 'NONE', *, *, #5373, .F. ) ;
#2996 = CARTESIAN_POINT ( 'NONE',  ( 40.60000000000001563, 18.88772481033656447, 5.724622203665666653 ) ) ;
#2997 = ORIENTED_EDGE ( 'NONE', *, *, #3197, .T. ) ;
#2998 = EDGE_CURVE ( 'NONE', #1877, #1556, #2729, .T. ) ;
#2999 = ORIENTED_EDGE ( 'NONE', *, *, #3221, .T. ) ;
#3000 = EDGE_CURVE ( 'NONE', #2180, #7653, #2957, .T. ) ;
#3001 = PLANE ( 'NONE',  #6903 ) ;
#3002 = ORIENTED_EDGE ( 'NONE', *, *, #5221, .T. ) ;
#3003 = CARTESIAN_POINT ( 'NONE',  ( -29.80843596964607656, 4.499999999999992895, -17.08051390828824267 ) ) ;
#3004 = FACE_OUTER_BOUND ( 'NONE', #9881, .T. ) ;
#3005 = CARTESIAN_POINT ( 'NONE',  ( -45.00000000000001421, 13.11422211844029739, -15.72462220366567820 ) ) ;
#3006 = CARTESIAN_POINT ( 'NONE',  ( -5.359354715912663103, -5.000000000000000000, -12.39069611163210638 ) ) ;
#3007 = DIRECTION ( 'NONE',  ( 4.506943796211494843E-16, -1.000000000000000000, 0.000000000000000000 ) ) ;
#3008 = ORIENTED_EDGE ( 'NONE', *, *, #10457, .T. ) ;
#3009 = VECTOR ( 'NONE', #1429, 1000.000000000000000 ) ;
#3010 = CARTESIAN_POINT ( 'NONE',  ( -45.00000000000001421, 18.88772481033656092, -37.17386661099703815 ) ) ;
#3011 = ADVANCED_FACE ( 'NONE', ( #5268 ), #2097, .F. ) ;
#3012 = AXIS2_PLACEMENT_3D ( 'NONE', #6216, #7144, #10462 ) ;
#3013 = DIRECTION ( 'NONE',  ( 0.000000000000000000, 0.000000000000000000, -1.000000000000000000 ) ) ;
#3014 = CARTESIAN_POINT ( 'NONE',  ( -45.00000000000002132, 39.77252922750783171, 32.17386661099703105 ) ) ;
#3015 = DIRECTION ( 'NONE',  ( -1.000000000000000000, -4.506943796211494843E-16, 0.000000000000000000 ) ) ;
#3016 = CARTESIAN_POINT ( 'NONE',  ( 5.000000000000002665, 27.88675134594812022, -45.00000000000000711 ) ) ;
#3017 = DIRECTION ( 'NONE',  ( 0.9191450300180578070, 0.000000000000000000, -0.3939192985791680202 ) ) ;
#3018 = ORIENTED_EDGE ( 'NONE', *, *, #7168, .T. ) ;
#3019 = EDGE_CURVE ( 'NONE', #7955, #4557, #6959, .T. ) ;
#3020 =( BOUNDED_CURVE ( )  B_SPLINE_CURVE ( 3, ( #5225, #9377, #258, #9316 ),
 .UNSPECIFIED., .F., .T. ) 
 B_SPLINE_CURVE_WITH_KNOTS ( ( 4, 4 ),
 ( 5.515995204261211704, 7.050375410097961648 ),
 .UNSPECIFIED. ) 
 CURVE ( )  GEOMETRIC_REPRESENTATION_ITEM ( )  RATIONAL_B_SPLINE_CURVE ( ( 1.000000000000000000, 0.8132426008497410930, 0.8132426008497410930, 1.000000000000000000 ) ) 
 REPRESENTATION_ITEM ( '' )  );
#3021 = VECTOR ( 'NONE', #6967, 1000.000000000000000 ) ;
#3022 = VERTEX_POINT ( 'NONE', #6251 ) ;
#3023 = ORIENTED_EDGE ( 'NONE', *, *, #1134, .T. ) ;
#3024 = CARTESIAN_POINT ( 'NONE',  ( 16.44924440733136350, 5.000000000000023093, 40.59999999999998721 ) ) ;
#3025 = CARTESIAN_POINT ( 'NONE',  ( 27.17386661099703815, 31.11227518966341421, -45.00000000000000711 ) ) ;
#3026 = DIRECTION ( 'NONE',  ( 1.000000000000000000, -0.000000000000000000, -7.709882115452476934E-17 ) ) ;
#3027 = CARTESIAN_POINT ( 'NONE',  ( 0.000000000000000000, 0.000000000000000000, 0.000000000000000000 ) ) ;
#3028 = EDGE_CURVE ( 'NONE', #276, #8560, #4564, .T. ) ;
#3029 = EDGE_CURVE ( 'NONE', #306, #9612, #9585, .T. ) ;
#3030 = LINE ( 'NONE', #9759, #10107 ) ;
#3031 = CARTESIAN_POINT ( 'NONE',  ( 44.99999999999999289, 21.77447615628469180, 10.72462220366567109 ) ) ;
#3032 = ORIENTED_EDGE ( 'NONE', *, *, #9832, .T. ) ;
#3033 = DIRECTION ( 'NONE',  ( -0.7071067811865471286, 0.000000000000000000, -0.7071067811865479058 ) ) ;
#3034 = DIRECTION ( 'NONE',  ( -0.000000000000000000, -1.000000000000000000, -0.000000000000000000 ) ) ;
#3035 = ORIENTED_EDGE ( 'NONE', *, *, #268, .T. ) ;
#3036 = ORIENTED_EDGE ( 'NONE', *, *, #2516, .F. ) ;
#3037 = ORIENTED_EDGE ( 'NONE', *, *, #9148, .T. ) ;
#3038 = CARTESIAN_POINT ( 'NONE',  ( -45.00000000000002132, 21.77447615628469180, 10.72462220366567820 ) ) ;
#3039 = LINE ( 'NONE', #8041, #3615 ) ;
#3040 = DIRECTION ( 'NONE',  ( 3.854941057726239700E-17, -0.8660254037844385966, 0.5000000000000003331 ) ) ;
#3041 = PLANE ( 'NONE',  #5851 ) ;
#3042 = ORIENTED_EDGE ( 'NONE', *, *, #9985, .T. ) ;
#3043 = DIRECTION ( 'NONE',  ( 0.000000000000000000, 0.5000000000000005551, -0.8660254037844382635 ) ) ;
#3044 = EDGE_LOOP ( 'NONE', ( #10131, #3193, #6961, #5530 ) ) ;
#3045 = VECTOR ( 'NONE', #4748, 1000.000000000000000 ) ;
#3046 = VECTOR ( 'NONE', #87, 1000.000000000000000 ) ;
#3047 = ORIENTED_EDGE ( 'NONE', *, *, #10193, .T. ) ;
#3048 = EDGE_CURVE ( 'NONE', #9058, #10118, #8651, .T. ) ;
#3049 = CARTESIAN_POINT ( 'NONE',  ( -45.00000000000001421, 28.22552384371529755, -10.72462220366567109 ) ) ;
#3050 = ORIENTED_EDGE ( 'NONE', *, *, #2998, .T. ) ;
#3051 = VECTOR ( 'NONE', #441, 1000.000000000000000 ) ;
#3052 = CARTESIAN_POINT ( 'NONE',  ( -43.00000000000000711, 45.00000000000000000, 44.99999999999999289 ) ) ;
#3053 = LINE ( 'NONE', #3104, #10529 ) ;
#3054 = ADVANCED_FACE ( 'NONE', ( #8347 ), #8007, .F. ) ;
#3055 = DIRECTION ( 'NONE',  ( 0.8660254037844383745, 0.5000000000000003331, 0.000000000000000000 ) ) ;
#3056 = VECTOR ( 'NONE', #2638, 1000.000000000000000 ) ;
#3057 = CARTESIAN_POINT ( 'NONE',  ( 44.99999999999999289, 45.00000000000000000, 42.99999999999997868 ) ) ;
#3058 = EDGE_CURVE ( 'NONE', #7099, #9032, #7476, .T. ) ;
#3059 = CARTESIAN_POINT ( 'NONE',  ( -37.17386661099703105, 13.11422211844028318, 44.99999999999999289 ) ) ;
#3060 = VECTOR ( 'NONE', #8390, 1000.000000000000114 ) ;
#3061 = DIRECTION ( 'NONE',  ( 0.5000000000000004441, -0.8660254037844384856, 0.000000000000000000 ) ) ;
#3062 = ORIENTED_EDGE ( 'NONE', *, *, #2422, .F. ) ;
#3063 = EDGE_CURVE ( 'NONE', #903, #6685, #4098, .T. ) ;
#3064 = VECTOR ( 'NONE', #8265, 999.9999999999998863 ) ;
#3065 = AXIS2_PLACEMENT_3D ( 'NONE', #7619, #7727, #364 ) ;
#3066 = VERTEX_POINT ( 'NONE', #3006 ) ;
#3067 = FACE_OUTER_BOUND ( 'NONE', #3044, .T. ) ;
#3068 = DIRECTION ( 'NONE',  ( 0.8660254037844384856, -0.5000000000000001110, 0.000000000000000000 ) ) ;
#3069 = LINE ( 'NONE', #9700, #3956 ) ;
#3070 = EDGE_CURVE ( 'NONE', #7201, #1080, #8057, .T. ) ;
#3071 = DIRECTION ( 'NONE',  ( 1.000000000000000000, 6.009258394948641055E-16, 0.000000000000000000 ) ) ;
#3072 = ORIENTED_EDGE ( 'NONE', *, *, #148, .T. ) ;
#3073 = AXIS2_PLACEMENT_3D ( 'NONE', #6555, #9837, #7487 ) ;
#3074 = EDGE_CURVE ( 'NONE', #399, #1433, #3109, .T. ) ;
#3075 = CARTESIAN_POINT ( 'NONE',  ( -16.44924440733134929, 27.88675134594810245, 44.99999999999999289 ) ) ;
#3076 = LINE ( 'NONE', #646, #81 ) ;
#3077 = DIRECTION ( 'NONE',  ( 4.506943796211493857E-16, -1.000000000000000000, 0.000000000000000000 ) ) ;
#3078 = DIRECTION ( 'NONE',  ( -3.854941057726242781E-17, -0.8660254037844383745, -0.5000000000000006661 ) ) ;
#3079 = CARTESIAN_POINT ( 'NONE',  ( 44.99999999999998579, 13.11422211844028674, -27.17386661099703460 ) ) ;
#3080 = ADVANCED_FACE ( 'NONE', ( #1393 ), #9742, .F. ) ;
#3081 = DIRECTION ( 'NONE',  ( -0.8660254037844382635, -0.5000000000000006661, 0.000000000000000000 ) ) ;
#3082 = ORIENTED_EDGE ( 'NONE', *, *, #4066, .T. ) ;
#3083 = DIRECTION ( 'NONE',  ( 3.854941057726239700E-17, -0.8660254037844385966, 0.5000000000000003331 ) ) ;
#3084 = FACE_OUTER_BOUND ( 'NONE', #8849, .T. ) ;
#3085 = EDGE_LOOP ( 'NONE', ( #369, #8101, #5359, #3677 ) ) ;
#3086 = ORIENTED_EDGE ( 'NONE', *, *, #9464, .T. ) ;
#3087 = ORIENTED_EDGE ( 'NONE', *, *, #1317, .T. ) ;
#3088 = EDGE_CURVE ( 'NONE', #6887, #6800, #8562, .T. ) ;
#3089 = EDGE_CURVE ( 'NONE', #875, #3579, #1629, .T. ) ;
#3090 = CARTESIAN_POINT ( 'NONE',  ( -21.44924440733134574, 19.22649730810371338, -45.00000000000000711 ) ) ;
#3091 = CARTESIAN_POINT ( 'NONE',  ( 6.884854776271489727E-15, 19.22649730810373114, -40.59999999999998721 ) ) ;
#3092 = PLANE ( 'NONE',  #9971 ) ;
#3093 = DIRECTION ( 'NONE',  ( -0.1874275599918963642, -0.9642312064598242971, -0.1874275599918963919 ) ) ;
#3094 = LINE ( 'NONE', #5575, #4721 ) ;
#3095 = ORIENTED_EDGE ( 'NONE', *, *, #5371, .T. ) ;
#3096 = VECTOR ( 'NONE', #138, 1000.000000000000000 ) ;
#3097 = VECTOR ( 'NONE', #5418, 999.9999999999998863 ) ;
#3098 = ORIENTED_EDGE ( 'NONE', *, *, #2648, .T. ) ;
#3099 = VECTOR ( 'NONE', #5479, 1000.000000000000114 ) ;
#3100 = EDGE_CURVE ( 'NONE', #4327, #7061, #1684, .T. ) ;
#3101 = DIRECTION ( 'NONE',  ( 1.000000000000000000, -0.000000000000000000, -7.709882115452476934E-17 ) ) ;
#3102 = ORIENTED_EDGE ( 'NONE', *, *, #6707, .T. ) ;
#3103 = DIRECTION ( 'NONE',  ( 1.000000000000000000, 0.000000000000000000, -7.709882115452476934E-17 ) ) ;
#3104 = CARTESIAN_POINT ( 'NONE',  ( -33.34396987557883563, -5.000000000000002665, -17.08051390828823912 ) ) ;
#3105 = VECTOR ( 'NONE', #1941, 999.9999999999998863 ) ;
#3106 = LINE ( 'NONE', #4820, #6101 ) ;
#3107 = CARTESIAN_POINT ( 'NONE',  ( 44.99999999999998579, 18.88772481033655737, -27.17386661099703460 ) ) ;
#3108 = VERTEX_POINT ( 'NONE', #4966 ) ;
#3109 = LINE ( 'NONE', #8240, #9736 ) ;
#3110 = CARTESIAN_POINT ( 'NONE',  ( -45.00000000000001421, 39.77252922750783171, -10.72462220366567820 ) ) ;
#3111 = CIRCLE ( 'NONE', #10216, 2.000000000000001776 ) ;
#3112 = ORIENTED_EDGE ( 'NONE', *, *, #3917, .F. ) ;
#3113 = AXIS2_PLACEMENT_3D ( 'NONE', #3517, #6831, #7706 ) ;
#3114 = VECTOR ( 'NONE', #1370, 999.9999999999998863 ) ;
#3115 = EDGE_CURVE ( 'NONE', #8445, #2880, #5483, .T. ) ;
#3116 = DIRECTION ( 'NONE',  ( 1.000000000000000000, -0.000000000000000000, -7.709882115452476934E-17 ) ) ;
#3117 = FACE_OUTER_BOUND ( 'NONE', #8791, .T. ) ;
#3118 = CARTESIAN_POINT ( 'NONE',  ( -45.00000000000002132, 31.11227518966342487, 37.17386661099703815 ) ) ;
#3119 = DIRECTION ( 'NONE',  ( 0.000000000000000000, 1.000000000000000000, 0.000000000000000000 ) ) ;
#3120 = ORIENTED_EDGE ( 'NONE', *, *, #608, .T. ) ;
#3121 = EDGE_CURVE ( 'NONE', #2190, #7610, #3295, .T. ) ;
#3122 = EDGE_CURVE ( 'NONE', #9751, #6035, #5832, .T. ) ;
#3123 = LINE ( 'NONE', #7402, #2152 ) ;
#3124 = DIRECTION ( 'NONE',  ( -0.000000000000000000, -0.000000000000000000, 1.000000000000000000 ) ) ;
#3125 = LINE ( 'NONE', #495, #1494 ) ;
#3126 = PLANE ( 'NONE',  #3909 ) ;
#3127 = DIRECTION ( 'NONE',  ( -0.000000000000000000, -0.000000000000000000, 1.000000000000000000 ) ) ;
#3128 = LINE ( 'NONE', #8127, #3738 ) ;
#3129 = ORIENTED_EDGE ( 'NONE', *, *, #4428, .F. ) ;
#3130 = CARTESIAN_POINT ( 'NONE',  ( -45.00000000000002132, 18.88772481033655737, 15.72462220366568175 ) ) ;
#3131 = DIRECTION ( 'NONE',  ( 3.854941057726242165E-17, 0.8660254037844383745, 0.5000000000000006661 ) ) ;
#3132 = ORIENTED_EDGE ( 'NONE', *, *, #9291, .T. ) ;
#3133 = VECTOR ( 'NONE', #8683, 999.9999999999998863 ) ;
#3134 = VERTEX_POINT ( 'NONE', #6602 ) ;
#3135 = ORIENTED_EDGE ( 'NONE', *, *, #9959, .T. ) ;
#3136 = EDGE_CURVE ( 'NONE', #6642, #4631, #63, .T. ) ;
#3137 = DIRECTION ( 'NONE',  ( -0.000000000000000000, -0.000000000000000000, 1.000000000000000000 ) ) ;
#3138 = LINE ( 'NONE', #8090, #2763 ) ;
#3139 = DIRECTION ( 'NONE',  ( 0.8660254037844382635, 0.5000000000000007772, 0.000000000000000000 ) ) ;
#3140 = DIRECTION ( 'NONE',  ( -1.000000000000000000, -0.000000000000000000, -0.000000000000000000 ) ) ;
#3141 = LINE ( 'NONE', #6293, #4016 ) ;
#3142 = VERTEX_POINT ( 'NONE', #579 ) ;
#3143 = VECTOR ( 'NONE', #10621, 1000.000000000000000 ) ;
#3144 = VERTEX_POINT ( 'NONE', #3859 ) ;
#3145 = ORIENTED_EDGE ( 'NONE', *, *, #3871, .T. ) ;
#3146 = ORIENTED_EDGE ( 'NONE', *, *, #3783, .T. ) ;
#3147 = DIRECTION ( 'NONE',  ( -0.5000000000000002220, -0.8660254037844385966, 0.000000000000000000 ) ) ;
#3148 = ORIENTED_EDGE ( 'NONE', *, *, #6119, .T. ) ;
#3149 = CARTESIAN_POINT ( 'NONE',  ( 5.724622203665683529, 18.88772481033651474, 44.99999999999999289 ) ) ;
#3150 = LINE ( 'NONE', #6453, #7231 ) ;
#3151 = LINE ( 'NONE', #8104, #253 ) ;
#3152 = DIRECTION ( 'NONE',  ( 0.000000000000000000, -1.000000000000000000, 0.000000000000000000 ) ) ;
#3153 = ORIENTED_EDGE ( 'NONE', *, *, #4668, .F. ) ;
#3154 = CARTESIAN_POINT ( 'NONE',  ( 15.72462220366568175, 36.88577788155966886, -45.00000000000000711 ) ) ;
#3155 = EDGE_CURVE ( 'NONE', #1080, #6209, #6357, .T. ) ;
#3156 = ORIENTED_EDGE ( 'NONE', *, *, #3245, .F. ) ;
#3157 = ORIENTED_EDGE ( 'NONE', *, *, #10582, .T. ) ;
#3158 = VECTOR ( 'NONE', #10580, 1000.000000000000000 ) ;
#3159 = CARTESIAN_POINT ( 'NONE',  ( 5.724622203665701292, 5.000000000000018652, -40.59999999999998721 ) ) ;
#3160 = LINE ( 'NONE', #4775, #6155 ) ;
#3161 = DIRECTION ( 'NONE',  ( 6.089381840214624422E-16, -0.5773502691896245098, -0.8164965809277269226 ) ) ;
#3162 = ORIENTED_EDGE ( 'NONE', *, *, #1986, .T. ) ;
#3163 = DIRECTION ( 'NONE',  ( 0.000000000000000000, 0.5000000000000006661, -0.8660254037844383745 ) ) ;
#3164 = ORIENTED_EDGE ( 'NONE', *, *, #2210, .T. ) ;
#3165 = ADVANCED_FACE ( 'NONE', ( #7127 ), #6303, .F. ) ;
#3166 = ORIENTED_EDGE ( 'NONE', *, *, #2439, .F. ) ;
#3167 = VECTOR ( 'NONE', #5503, 999.9999999999998863 ) ;
#3168 = LINE ( 'NONE', #9657, #6558 ) ;
#3169 = DIRECTION ( 'NONE',  ( 0.000000000000000000, 0.5000000000000005551, -0.8660254037844382635 ) ) ;
#3170 = LINE ( 'NONE', #6474, #4063 ) ;
#3171 = DIRECTION ( 'NONE',  ( -0.000000000000000000, -0.000000000000000000, 1.000000000000000000 ) ) ;
#3172 = EDGE_CURVE ( 'NONE', #5424, #10267, #7174, .T. ) ;
#3173 = DIRECTION ( 'NONE',  ( -0.000000000000000000, -0.000000000000000000, 1.000000000000000000 ) ) ;
#3174 = CARTESIAN_POINT ( 'NONE',  ( 5.724622203665683529, 18.88772481033651474, -40.59999999999998721 ) ) ;
#3175 = ORIENTED_EDGE ( 'NONE', *, *, #9893, .F. ) ;
#3176 = LINE ( 'NONE', #10663, #7291 ) ;
#3177 = VECTOR ( 'NONE', #6536, 1000.000000000000000 ) ;
#3178 = ADVANCED_FACE ( 'NONE', ( #7227 ), #2204, .F. ) ;
#3179 = CARTESIAN_POINT ( 'NONE',  ( 5.359354715912679978, 46.66904755831214402, 12.39069611163209217 ) ) ;
#3180 = VERTEX_POINT ( 'NONE', #1847 ) ;
#3181 = EDGE_CURVE ( 'NONE', #809, #9199, #10251, .T. ) ;
#3182 = ORIENTED_EDGE ( 'NONE', *, *, #6818, .F. ) ;
#3183 = VERTEX_POINT ( 'NONE', #8403 ) ;
#3184 = DIRECTION ( 'NONE',  ( 0.8660254037844383745, 0.5000000000000003331, 0.000000000000000000 ) ) ;
#3185 = CARTESIAN_POINT ( 'NONE',  ( -10.72462220366566754, 10.22747077249214520, -45.00000000000000711 ) ) ;
#3186 = DIRECTION ( 'NONE',  ( -0.8660254037844381525, -0.5000000000000006661, 0.000000000000000000 ) ) ;
#3187 = DIRECTION ( 'NONE',  ( 3.854941057726239700E-17, -0.8660254037844385966, 0.5000000000000003331 ) ) ;
#3188 = CARTESIAN_POINT ( 'NONE',  ( 16.44924440733136350, 22.11324865405184426, -45.00000000000000711 ) ) ;
#3189 = ORIENTED_EDGE ( 'NONE', *, *, #9326, .T. ) ;
#3190 = ORIENTED_EDGE ( 'NONE', *, *, #9843, .T. ) ;
#3191 = ADVANCED_FACE ( 'NONE', ( #273 ), #4258, .F. ) ;
#3192 = ORIENTED_EDGE ( 'NONE', *, *, #6027, .F. ) ;
#3193 = ORIENTED_EDGE ( 'NONE', *, *, #5330, .T. ) ;
#3194 = CARTESIAN_POINT ( 'NONE',  ( -40.60000000000001563, 31.11227518966343553, 27.17386661099702749 ) ) ;
#3195 = ORIENTED_EDGE ( 'NONE', *, *, #5583, .T. ) ;
#3196 = DIRECTION ( 'NONE',  ( 0.000000000000000000, -1.000000000000000000, 0.000000000000000000 ) ) ;
#3197 = EDGE_CURVE ( 'NONE', #8825, #6359, #1143, .T. ) ;
#3198 = DIRECTION ( 'NONE',  ( 1.000000000000000000, 6.009258394948641055E-16, 0.000000000000000000 ) ) ;
#3199 = DIRECTION ( 'NONE',  ( -0.000000000000000000, 0.000000000000000000, -1.000000000000000000 ) ) ;
#3200 = CARTESIAN_POINT ( 'NONE',  ( -45.00000000000001421, 31.11227518966342487, -5.724622203665674647 ) ) ;
#3201 = AXIS2_PLACEMENT_3D ( 'NONE', #9872, #9107, #3186 ) ;
#3202 = CARTESIAN_POINT ( 'NONE',  ( -45.00000000000001421, 22.11324865405186202, 5.000000000000002665 ) ) ;
#3203 = VERTEX_POINT ( 'NONE', #1089 ) ;
#3204 = DIRECTION ( 'NONE',  ( 0.000000000000000000, -1.000000000000000000, 0.000000000000000000 ) ) ;
#3205 = ORIENTED_EDGE ( 'NONE', *, *, #5765, .F. ) ;
#3206 = VECTOR ( 'NONE', #7561, 1000.000000000000000 ) ;
#3207 = AXIS2_PLACEMENT_3D ( 'NONE', #5707, #3332, #1611 ) ;
#3208 = EDGE_CURVE ( 'NONE', #5442, #8179, #8624, .T. ) ;
#3209 = VECTOR ( 'NONE', #5226, 1000.000000000000000 ) ;
#3210 = AXIS2_PLACEMENT_3D ( 'NONE', #7039, #2500, #5791 ) ;
#3211 = CARTESIAN_POINT ( 'NONE',  ( 15.72462220366568175, 36.88577788155965465, 44.99999999999999289 ) ) ;
#3212 = DIRECTION ( 'NONE',  ( 0.8660254037844385966, -0.5000000000000002220, 0.000000000000000000 ) ) ;
#3213 = LINE ( 'NONE', #10696, #2086 ) ;
#3214 = ORIENTED_EDGE ( 'NONE', *, *, #7573, .F. ) ;
#3215 = VECTOR ( 'NONE', #7724, 1000.000000000000000 ) ;
#3216 = LINE ( 'NONE', #9901, #5305 ) ;
#3217 = ORIENTED_EDGE ( 'NONE', *, *, #5824, .F. ) ;
#3218 = EDGE_CURVE ( 'NONE', #9789, #3022, #2535, .T. ) ;
#3219 = VECTOR ( 'NONE', #3119, 1000.000000000000000 ) ;
#3220 = EDGE_LOOP ( 'NONE', ( #7408, #9133, #898, #8871 ) ) ;
#3221 = EDGE_CURVE ( 'NONE', #338, #4550, #3509, .T. ) ;
#3222 = PLANE ( 'NONE',  #4773 ) ;
#3223 = CARTESIAN_POINT ( 'NONE',  ( -21.44924440733134219, 30.77350269189622267, -45.00000000000000711 ) ) ;
#3224 = FACE_OUTER_BOUND ( 'NONE', #6005, .T. ) ;
#3225 = DIRECTION ( 'NONE',  ( 0.5000000000000004441, -0.8660254037844384856, 0.000000000000000000 ) ) ;
#3226 = CARTESIAN_POINT ( 'NONE',  ( 16.44924440733136350, 22.11324865405184426, -45.00000000000000711 ) ) ;
#3227 = DIRECTION ( 'NONE',  ( -0.7071067811865477948, 0.000000000000000000, -0.7071067811865473507 ) ) ;
#3228 = VERTEX_POINT ( 'NONE', #5944 ) ;
#3229 = DIRECTION ( 'NONE',  ( -7.709882115452476934E-17, 0.000000000000000000, -1.000000000000000000 ) ) ;
#3230 = CARTESIAN_POINT ( 'NONE',  ( 40.59999999999999432, 19.22649730810372759, -21.44924440733135640 ) ) ;
#3231 = VERTEX_POINT ( 'NONE', #7591 ) ;
#3232 = AXIS2_PLACEMENT_3D ( 'NONE', #473, #10489, #3753 ) ;
#3233 = ADVANCED_FACE ( 'NONE', ( #1034 ), #2705, .F. ) ;
#3234 = CARTESIAN_POINT ( 'NONE',  ( -40.60000000000001563, 19.22649730810372759, 21.44924440733136350 ) ) ;
#3235 = ADVANCED_FACE ( 'NONE', ( #3564 ), #6824, .F. ) ;
#3236 = CARTESIAN_POINT ( 'NONE',  ( -5.724622203665668430, 13.11422211844027608, 44.99999999999999289 ) ) ;
#3237 = DIRECTION ( 'NONE',  ( -0.1874275599918963364, 0.9642312064598242971, 0.1874275599918962532 ) ) ;
#3238 = DIRECTION ( 'NONE',  ( 0.000000000000000000, -0.5000000000000002220, -0.8660254037844384856 ) ) ;
#3239 = CARTESIAN_POINT ( 'NONE',  ( 40.60000000000001563, 4.999999999999997335, -37.17386661099704526 ) ) ;
#3240 = ORIENTED_EDGE ( 'NONE', *, *, #9880, .F. ) ;
#3241 = EDGE_LOOP ( 'NONE', ( #3036, #2196, #1360, #7777 ) ) ;
#3242 = VERTEX_POINT ( 'NONE', #7533 ) ;
#3243 = ORIENTED_EDGE ( 'NONE', *, *, #6829, .T. ) ;
#3244 = VERTEX_POINT ( 'NONE', #2817 ) ;
#3245 = EDGE_CURVE ( 'NONE', #3180, #5528, #9333, .T. ) ;
#3246 = VERTEX_POINT ( 'NONE', #8513 ) ;
#3247 = CARTESIAN_POINT ( 'NONE',  ( -32.17386661099702394, 10.22747077249215231, -45.00000000000000711 ) ) ;
#3248 = EDGE_CURVE ( 'NONE', #4720, #3142, #3408, .T. ) ;
#3249 = LINE ( 'NONE', #5900, #6540 ) ;
#3250 = DIRECTION ( 'NONE',  ( 0.000000000000000000, 0.000000000000000000, 1.000000000000000000 ) ) ;
#3251 = CARTESIAN_POINT ( 'NONE',  ( -43.18810238334574336, 9.482724823144891957, -40.59999999999998721 ) ) ;
#3252 = CARTESIAN_POINT ( 'NONE',  ( 10.72462220366568886, 10.22747077249214520, -45.00000000000000711 ) ) ;
#3253 = CARTESIAN_POINT ( 'NONE',  ( 10.72462220366569063, 21.77447615628465272, -45.00000000000000711 ) ) ;
#3254 = ORIENTED_EDGE ( 'NONE', *, *, #9518, .F. ) ;
#3255 = AXIS2_PLACEMENT_3D ( 'NONE', #3709, #6144, #9484 ) ;
#3256 = LINE ( 'NONE', #8259, #3799 ) ;
#3257 = ORIENTED_EDGE ( 'NONE', *, *, #9167, .T. ) ;
#3258 = VECTOR ( 'NONE', #3562, 1000.000000000000000 ) ;
#3259 = AXIS2_PLACEMENT_3D ( 'NONE', #6661, #7432, #1693 ) ;
#3260 = VECTOR ( 'NONE', #8648, 999.9999999999998863 ) ;
#3261 = ORIENTED_EDGE ( 'NONE', *, *, #9540, .F. ) ;
#3262 = VECTOR ( 'NONE', #6043, 999.9999999999998863 ) ;
#3263 = EDGE_CURVE ( 'NONE', #3747, #7565, #10197, .T. ) ;
#3264 = FACE_OUTER_BOUND ( 'NONE', #370, .T. ) ;
#3265 = VECTOR ( 'NONE', #2333, 999.9999999999998863 ) ;
#3266 = CARTESIAN_POINT ( 'NONE',  ( 40.60000000000001563, 5.271980294092703190, -40.75702789600868670 ) ) ;
#3267 = DIRECTION ( 'NONE',  ( 6.009258394948641055E-16, -1.000000000000000000, 0.000000000000000000 ) ) ;
#3268 = CARTESIAN_POINT ( 'NONE',  ( -10.72462220366566577, 39.77252922750778907, -45.00000000000000711 ) ) ;
#3269 = VECTOR ( 'NONE', #8447, 1000.000000000000000 ) ;
#3270 = ORIENTED_EDGE ( 'NONE', *, *, #9076, .T. ) ;
#3271 = DIRECTION ( 'NONE',  ( 0.000000000000000000, 0.5000000000000002220, 0.8660254037844384856 ) ) ;
#3272 = ORIENTED_EDGE ( 'NONE', *, *, #8460, .F. ) ;
#3273 = VECTOR ( 'NONE', #9562, 1000.000000000000000 ) ;
#3274 = EDGE_CURVE ( 'NONE', #10095, #10339, #9395, .T. ) ;
#3275 = ORIENTED_EDGE ( 'NONE', *, *, #3916, .T. ) ;
#3276 = CIRCLE ( 'NONE', #5692, 2.000000000000001776 ) ;
#3277 = FACE_OUTER_BOUND ( 'NONE', #4616, .T. ) ;
#3278 = CARTESIAN_POINT ( 'NONE',  ( 44.99999999999998579, 18.88772481033656092, -37.17386661099704526 ) ) ;
#3279 = CARTESIAN_POINT ( 'NONE',  ( 27.17386661099703815, 31.11227518966341421, 44.99999999999999289 ) ) ;
#3280 = LINE ( 'NONE', #5757, #9652 ) ;
#3281 = DIRECTION ( 'NONE',  ( 0.000000000000000000, 1.000000000000000000, 0.000000000000000000 ) ) ;
#3282 = LINE ( 'NONE', #6587, #7558 ) ;
#3283 = EDGE_LOOP ( 'NONE', ( #4887, #3919, #1673, #6411 ) ) ;
#3284 = DIRECTION ( 'NONE',  ( -0.8660254037844389297, 0.4999999999999994449, 0.000000000000000000 ) ) ;
#3285 = FACE_OUTER_BOUND ( 'NONE', #8163, .T. ) ;
#3286 = ORIENTED_EDGE ( 'NONE', *, *, #5285, .F. ) ;
#3287 = EDGE_CURVE ( 'NONE', #1388, #6281, #8568, .T. ) ;
#3288 = EDGE_CURVE ( 'NONE', #8710, #2017, #6714, .T. ) ;
#3289 = VECTOR ( 'NONE', #1027, 1000.000000000000000 ) ;
#3290 = CARTESIAN_POINT ( 'NONE',  ( -37.17386661099703105, 18.88772481033652184, 44.99999999999999289 ) ) ;
#3291 = CARTESIAN_POINT ( 'NONE',  ( -13.92743486032284395, 51.19823799011139442, -40.59999999999998721 ) ) ;
#3292 = CARTESIAN_POINT ( 'NONE',  ( -39.02809845431143998, -5.000000000000000000, 36.08321690396837766 ) ) ;
#3293 = DIRECTION ( 'NONE',  ( 1.000000000000000000, -0.000000000000000000, -7.709882115452476934E-17 ) ) ;
#3294 = DIRECTION ( 'NONE',  ( -0.5000000000000002220, -0.8660254037844385966, 0.000000000000000000 ) ) ;
#3295 = LINE ( 'NONE', #3912, #381 ) ;
#3296 = ORIENTED_EDGE ( 'NONE', *, *, #4353, .F. ) ;
#3297 = VERTEX_POINT ( 'NONE', #9225 ) ;
#3298 = ORIENTED_EDGE ( 'NONE', *, *, #8291, .T. ) ;
#3299 = VECTOR ( 'NONE', #3284, 1000.000000000000114 ) ;
#3300 = ADVANCED_FACE ( 'NONE', ( #1793 ), #5074, .F. ) ;
#3301 = ORIENTED_EDGE ( 'NONE', *, *, #226, .F. ) ;
#3302 = CARTESIAN_POINT ( 'NONE',  ( 40.60000000000001563, 7.377352558618812672, -41.97256513967720792 ) ) ;
#3303 = VECTOR ( 'NONE', #10485, 1000.000000000000000 ) ;
#3304 = CARTESIAN_POINT ( 'NONE',  ( -45.00000000000001421, 22.11324865405187268, -5.000000000000001776 ) ) ;
#3305 = DIRECTION ( 'NONE',  ( -0.000000000000000000, -0.000000000000000000, 1.000000000000000000 ) ) ;
#3306 = CARTESIAN_POINT ( 'NONE',  ( 27.17386661099704170, 5.000000000000027534, 40.59999999999998721 ) ) ;
#3307 = ORIENTED_EDGE ( 'NONE', *, *, #6139, .T. ) ;
#3308 = CARTESIAN_POINT ( 'NONE',  ( -35.75340584961781332, -6.124303798041315083, -35.75340584961781332 ) ) ;
#3309 = VECTOR ( 'NONE', #9388, 1000.000000000000000 ) ;
#3310 = DIRECTION ( 'NONE',  ( 0.000000000000000000, 0.000000000000000000, -1.000000000000000000 ) ) ;
#3311 = VERTEX_POINT ( 'NONE', #9665 ) ;
#3312 = DIRECTION ( 'NONE',  ( -0.8660254037844382635, -0.5000000000000007772, 0.000000000000000000 ) ) ;
#3313 = ORIENTED_EDGE ( 'NONE', *, *, #3864, .T. ) ;
#3314 = EDGE_CURVE ( 'NONE', #4712, #2709, #5353, .T. ) ;
#3315 = EDGE_CURVE ( 'NONE', #1604, #10024, #5846, .T. ) ;
#3316 = VERTEX_POINT ( 'NONE', #2125 ) ;
#3317 = ORIENTED_EDGE ( 'NONE', *, *, #631, .T. ) ;
#3318 = CARTESIAN_POINT ( 'NONE',  ( -32.17386661099702394, 10.22747077249215231, -45.00000000000000711 ) ) ;
#3319 = DIRECTION ( 'NONE',  ( 0.000000000000000000, -1.000000000000000000, 0.000000000000000000 ) ) ;
#3320 = CARTESIAN_POINT ( 'NONE',  ( 40.60000000000001563, 45.00000000000000000, 40.59999999999998721 ) ) ;
#3321 = LINE ( 'NONE', #2461, #8134 ) ;
#3322 = ORIENTED_EDGE ( 'NONE', *, *, #4927, .T. ) ;
#3323 = CARTESIAN_POINT ( 'NONE',  ( -45.00000000000001421, 18.88772481033656092, -37.17386661099703815 ) ) ;
#3324 = EDGE_LOOP ( 'NONE', ( #4149, #9336, #6849, #9706 ) ) ;
#3325 = EDGE_CURVE ( 'NONE', #6633, #1821, #446, .T. ) ;
#3326 = ADVANCED_FACE ( 'NONE', ( #5562 ), #391, .F. ) ;
#3327 = EDGE_LOOP ( 'NONE', ( #5339, #1371, #7129, #5569 ) ) ;
#3328 = VECTOR ( 'NONE', #1536, 999.9999999999998863 ) ;
#3329 = DIRECTION ( 'NONE',  ( -3.854941057726240316E-17, 0.8660254037844385966, -0.5000000000000003331 ) ) ;
#3330 = CARTESIAN_POINT ( 'NONE',  ( 5.724622203665683529, 36.88577788155965465, 44.99999999999999289 ) ) ;
#3331 = ADVANCED_FACE ( 'NONE', ( #7925 ), #6278, .F. ) ;
#3332 = DIRECTION ( 'NONE',  ( -0.000000000000000000, -1.000000000000000000, -0.000000000000000000 ) ) ;
#3333 = CARTESIAN_POINT ( 'NONE',  ( 5.000000000000002665, 27.88675134594812022, -45.00000000000000711 ) ) ;
#3334 = FACE_OUTER_BOUND ( 'NONE', #4897, .T. ) ;
#3335 = CARTESIAN_POINT ( 'NONE',  ( 21.67670798600081028, -5.000000000000002665, 5.413252018710223545 ) ) ;
#3336 = EDGE_LOOP ( 'NONE', ( #4494, #1060, #2181, #394 ) ) ;
#3337 = CARTESIAN_POINT ( 'NONE',  ( 27.17386661099703815, 31.11227518966341421, 44.99999999999999289 ) ) ;
#3338 = LINE ( 'NONE', #9916, #3433 ) ;
#3339 = EDGE_LOOP ( 'NONE', ( #8600, #2015, #4176, #9210 ) ) ;
#3340 = VECTOR ( 'NONE', #9053, 1000.000000000000227 ) ;
#3341 = ADVANCED_FACE ( 'NONE', ( #4536 ), #4642, .F. ) ;
#3342 = DIRECTION ( 'NONE',  ( 1.000000000000000000, 0.000000000000000000, -7.709882115452476934E-17 ) ) ;
#3343 = CARTESIAN_POINT ( 'NONE',  ( 21.44924440733136706, 19.22649730810371338, -45.00000000000000711 ) ) ;
#3344 = AXIS2_PLACEMENT_3D ( 'NONE', #1410, #3877, #5398 ) ;
#3345 = CARTESIAN_POINT ( 'NONE',  ( -45.00000000000001421, 45.00000000000000000, 42.99999999999996447 ) ) ;
#3346 = CARTESIAN_POINT ( 'NONE',  ( -45.00000000000002132, 18.88772481033656803, 27.17386661099703105 ) ) ;
#3347 = DIRECTION ( 'NONE',  ( 0.000000000000000000, 1.000000000000000000, 0.000000000000000000 ) ) ;
#3348 = CARTESIAN_POINT ( 'NONE',  ( 20.00000000000003197, 46.66904755831214402, -20.00000000000001421 ) ) ;
#3349 = VERTEX_POINT ( 'NONE', #4480 ) ;
#3350 = ORIENTED_EDGE ( 'NONE', *, *, #6421, .F. ) ;
#3351 = ORIENTED_EDGE ( 'NONE', *, *, #3462, .T. ) ;
#3352 = EDGE_LOOP ( 'NONE', ( #3885, #6492, #985, #10252 ) ) ;
#3353 = EDGE_LOOP ( 'NONE', ( #9830, #1974, #3376, #1987 ) ) ;
#3354 = DIRECTION ( 'NONE',  ( 0.000000000000000000, -0.5000000000000002220, -0.8660254037844384856 ) ) ;
#3355 = DIRECTION ( 'NONE',  ( 1.000000000000000000, -0.000000000000000000, -7.709882115452476934E-17 ) ) ;
#3356 = FACE_BOUND ( 'NONE', #2575, .T. ) ;
#3357 = FACE_BOUND ( 'NONE', #7271, .T. ) ;
#3358 = DIRECTION ( 'NONE',  ( -0.1874275599918962809, 0.9642312064598242971, -0.1874275599918963364 ) ) ;
#3359 = DIRECTION ( 'NONE',  ( 4.506943796211493857E-16, -1.000000000000000000, 0.000000000000000000 ) ) ;
#3360 = EDGE_LOOP ( 'NONE', ( #1109, #10353, #8488, #9334 ) ) ;
#3361 = CARTESIAN_POINT ( 'NONE',  ( -18.92743486032278000, 42.53798395226704088, -40.59999999999998721 ) ) ;
#3362 = ORIENTED_EDGE ( 'NONE', *, *, #1297, .F. ) ;
#3363 = EDGE_LOOP ( 'NONE', ( #6606, #7479, #2231, #9270 ) ) ;
#3364 = EDGE_CURVE ( 'NONE', #2144, #4527, #6167, .T. ) ;
#3365 = EDGE_CURVE ( 'NONE', #6035, #3228, #9611, .T. ) ;
#3366 = ORIENTED_EDGE ( 'NONE', *, *, #5615, .T. ) ;
#3367 = AXIS2_PLACEMENT_3D ( 'NONE', #7902, #3654, #481 ) ;
#3368 = FACE_OUTER_BOUND ( 'NONE', #3516, .T. ) ;
#3369 = EDGE_CURVE ( 'NONE', #6947, #6689, #8843, .T. ) ;
#3370 = EDGE_CURVE ( 'NONE', #4487, #4125, #10518, .T. ) ;
#3371 = CARTESIAN_POINT ( 'NONE',  ( 44.99999999999999289, 27.88675134594812732, 16.44924440733134574 ) ) ;
#3372 = DIRECTION ( 'NONE',  ( -0.5000000000000007772, 0.8660254037844382635, 0.000000000000000000 ) ) ;
#3373 = CARTESIAN_POINT ( 'NONE',  ( -40.60000000000001563, 39.77252922750783171, -10.72462220366567820 ) ) ;
#3374 = ORIENTED_EDGE ( 'NONE', *, *, #3642, .F. ) ;
#3375 = CARTESIAN_POINT ( 'NONE',  ( 44.99999999999998579, 31.11227518966342487, -27.17386661099703460 ) ) ;
#3376 = ORIENTED_EDGE ( 'NONE', *, *, #2799, .F. ) ;
#3377 = AXIS2_PLACEMENT_3D ( 'NONE', #2060, #7695, #4308 ) ;
#3378 = VERTEX_POINT ( 'NONE', #9506 ) ;
#3379 = ORIENTED_EDGE ( 'NONE', *, *, #3122, .F. ) ;
#3380 = ORIENTED_EDGE ( 'NONE', *, *, #3411, .T. ) ;
#3381 = VECTOR ( 'NONE', #2036, 1000.000000000000000 ) ;
#3382 = ADVANCED_FACE ( 'NONE', ( #5507 ), #1416, .F. ) ;
#3383 = DIRECTION ( 'NONE',  ( -6.009258394948641055E-16, 1.000000000000000000, 0.000000000000000000 ) ) ;
#3384 = CARTESIAN_POINT ( 'NONE',  ( -10.83278071092710348, -5.000000000000002665, -10.04494211376877644 ) ) ;
#3385 = EDGE_CURVE ( 'NONE', #6571, #4796, #601, .T. ) ;
#3386 = VECTOR ( 'NONE', #1004, 1000.000000000000000 ) ;
#3387 = DIRECTION ( 'NONE',  ( -0.3939192985791687418, 0.000000000000000000, 0.9191450300180574740 ) ) ;
#3388 = DIRECTION ( 'NONE',  ( -6.009258394948640069E-16, 1.000000000000000000, 0.000000000000000000 ) ) ;
#3389 = CARTESIAN_POINT ( 'NONE',  ( -1.103125484187141625, -5.000000000000000000, 15.16033048310344711 ) ) ;
#3390 = LINE ( 'NONE', #4241, #174 ) ;
#3391 = FACE_OUTER_BOUND ( 'NONE', #955, .T. ) ;
#3392 = ORIENTED_EDGE ( 'NONE', *, *, #2560, .T. ) ;
#3393 = DIRECTION ( 'NONE',  ( -0.9191450300180578070, 0.000000000000000000, 0.3939192985791680202 ) ) ;
#3394 = VECTOR ( 'NONE', #6787, 999.9999999999998863 ) ;
#3395 = LINE ( 'NONE', #6703, #7248 ) ;
#3396 = EDGE_LOOP ( 'NONE', ( #7926, #2731, #9831, #2970 ) ) ;
#3397 = VECTOR ( 'NONE', #8386, 1000.000000000000000 ) ;
#3398 = ADVANCED_FACE ( 'NONE', ( #7041 ), #6327, .F. ) ;
#3399 = LINE ( 'NONE', #6706, #4657 ) ;
#3400 = CIRCLE ( 'NONE', #3920, 16.50000000000000000 ) ;
#3401 = ORIENTED_EDGE ( 'NONE', *, *, #8388, .T. ) ;
#3402 = CARTESIAN_POINT ( 'NONE',  ( 44.99999999999998579, 22.11324865405186202, 4.999999999999995559 ) ) ;
#3403 = EDGE_CURVE ( 'NONE', #1400, #1572, #10361, .T. ) ;
#3404 = LINE ( 'NONE', #9105, #10124 ) ;
#3405 = DIRECTION ( 'NONE',  ( 4.506943796211494843E-16, -1.000000000000000000, 0.000000000000000000 ) ) ;
#3406 = CARTESIAN_POINT ( 'NONE',  ( -27.17386661099702039, 5.000000000000005329, 40.59999999999998721 ) ) ;
#3407 = CARTESIAN_POINT ( 'NONE',  ( -10.72462220366566577, 21.77447615628465272, 44.99999999999999289 ) ) ;
#3408 = LINE ( 'NONE', #7700, #2284 ) ;
#3409 = VERTEX_POINT ( 'NONE', #6223 ) ;
#3410 = ORIENTED_EDGE ( 'NONE', *, *, #4927, .F. ) ;
#3411 = EDGE_CURVE ( 'NONE', #6674, #6830, #9560, .T. ) ;
#3412 = ORIENTED_EDGE ( 'NONE', *, *, #1769, .T. ) ;
#3413 = VECTOR ( 'NONE', #10102, 1000.000000000000000 ) ;
#3414 = DIRECTION ( 'NONE',  ( 1.000000000000000000, -0.000000000000000000, -7.709882115452476934E-17 ) ) ;
#3415 = DIRECTION ( 'NONE',  ( 0.8660254037844383745, 0.5000000000000004441, 0.000000000000000000 ) ) ;
#3416 = FACE_BOUND ( 'NONE', #2546, .T. ) ;
#3417 = CARTESIAN_POINT ( 'NONE',  ( 32.17386661099703815, 10.22747077249214520, 40.59999999999996589 ) ) ;
#3418 = LINE ( 'NONE', #2499, #5409 ) ;
#3419 = CARTESIAN_POINT ( 'NONE',  ( -45.00000000000001421, 31.11227518966343553, 5.724622203665675535 ) ) ;
#3420 = VERTEX_POINT ( 'NONE', #9044 ) ;
#3421 = ORIENTED_EDGE ( 'NONE', *, *, #6015, .F. ) ;
#3422 = EDGE_CURVE ( 'NONE', #8480, #4037, #5610, .T. ) ;
#3423 = VERTEX_POINT ( 'NONE', #3130 ) ;
#3424 = FACE_OUTER_BOUND ( 'NONE', #6351, .T. ) ;
#3425 = EDGE_LOOP ( 'NONE', ( #2736, #4364, #3748, #9628 ) ) ;
#3426 = CARTESIAN_POINT ( 'NONE',  ( -45.00000000000002132, 13.11422211844029739, 5.724622203665675535 ) ) ;
#3427 = AXIS2_PLACEMENT_3D ( 'NONE', #5772, #8140, #8903 ) ;
#3428 = CARTESIAN_POINT ( 'NONE',  ( -45.00000000000001421, 18.88772481033655737, -27.17386661099702749 ) ) ;
#3429 = CARTESIAN_POINT ( 'NONE',  ( -16.01985373650840572, -5.000000000000002665, -32.28330970379901288 ) ) ;
#3430 = DIRECTION ( 'NONE',  ( 0.4999999999999995004, 0.8660254037844389297, 0.000000000000000000 ) ) ;
#3431 = ORIENTED_EDGE ( 'NONE', *, *, #8111, .F. ) ;
#3432 = ORIENTED_EDGE ( 'NONE', *, *, #2101, .T. ) ;
#3433 = VECTOR ( 'NONE', #7410, 1000.000000000000114 ) ;
#3434 = EDGE_CURVE ( 'NONE', #5640, #4051, #8079, .T. ) ;
#3435 = VERTEX_POINT ( 'NONE', #7253 ) ;
#3436 = VECTOR ( 'NONE', #4558, 1000.000000000000227 ) ;
#3437 = DIRECTION ( 'NONE',  ( 0.8660254037844385966, -0.5000000000000002220, 0.000000000000000000 ) ) ;
#3438 = LINE ( 'NONE', #9417, #3932 ) ;
#3439 = DIRECTION ( 'NONE',  ( 0.8660254037844385966, -0.5000000000000002220, 0.000000000000000000 ) ) ;
#3440 = CARTESIAN_POINT ( 'NONE',  ( 37.17386661099703815, 5.000000000000044409, -40.59999999999998721 ) ) ;
#3441 = LINE ( 'NONE', #7629, #292 ) ;
#3442 = VECTOR ( 'NONE', #5709, 1000.000000000000000 ) ;
#3443 = DIRECTION ( 'NONE',  ( 4.506943796211494843E-16, -1.000000000000000000, 0.000000000000000000 ) ) ;
#3444 = FILL_AREA_STYLE_COLOUR ( '', #7566 ) ;
#3445 = ORIENTED_EDGE ( 'NONE', *, *, #3288, .F. ) ;
#3446 = DIRECTION ( 'NONE',  ( 1.000000000000000000, -0.000000000000000000, -7.709882115452476934E-17 ) ) ;
#3447 = DIRECTION ( 'NONE',  ( -0.000000000000000000, -0.000000000000000000, 1.000000000000000000 ) ) ;
#3448 = VERTEX_POINT ( 'NONE', #10613 ) ;
#3449 = EDGE_CURVE ( 'NONE', #7167, #6506, #9811, .T. ) ;
#3450 = VECTOR ( 'NONE', #7110, 1000.000000000000114 ) ;
#3451 = EDGE_CURVE ( 'NONE', #2876, #8845, #1464, .T. ) ;
#3452 = VECTOR ( 'NONE', #25, 1000.000000000000000 ) ;
#3453 = EDGE_LOOP ( 'NONE', ( #10042, #8585, #4300, #5760, #5880 ) ) ;
#3454 = DIRECTION ( 'NONE',  ( 0.4999999999999995004, 0.8660254037844389297, 0.000000000000000000 ) ) ;
#3455 = CARTESIAN_POINT ( 'NONE',  ( -25.86759430765701850, 30.51727517685504409, -40.59999999999998721 ) ) ;
#3456 = CARTESIAN_POINT ( 'NONE',  ( 20.00000000000003197, -5.000000000000000000, -36.50000000000002132 ) ) ;
#3457 = CARTESIAN_POINT ( 'NONE',  ( -5.724622203665668430, 31.11227518966341421, -45.00000000000000711 ) ) ;
#3458 = CARTESIAN_POINT ( 'NONE',  ( 37.17386661099703815, 31.11227518966341421, -45.00000000000000711 ) ) ;
#3459 = DIRECTION ( 'NONE',  ( 0.000000000000000000, 0.5000000000000001110, 0.8660254037844384856 ) ) ;
#3460 = EDGE_LOOP ( 'NONE', ( #8095, #9876, #10612, #4983 ) ) ;
#3461 = EDGE_LOOP ( 'NONE', ( #6664, #8805, #4589, #4020 ) ) ;
#3462 = EDGE_CURVE ( 'NONE', #4218, #7477, #4793, .T. ) ;
#3463 = ORIENTED_EDGE ( 'NONE', *, *, #8218, .F. ) ;
#3464 = EDGE_LOOP ( 'NONE', ( #590, #3035, #8131, #6184 ) ) ;
#3465 = FACE_OUTER_BOUND ( 'NONE', #9512, .T. ) ;
#3466 = VERTEX_POINT ( 'NONE', #2427 ) ;
#3467 = PLANE ( 'NONE',  #8486 ) ;
#3468 = LINE ( 'NONE', #10682, #169 ) ;
#3469 = DIRECTION ( 'NONE',  ( 0.000000000000000000, 0.5000000000000002220, 0.8660254037844385966 ) ) ;
#3470 = DIRECTION ( 'NONE',  ( -0.3939192985791687418, 0.000000000000000000, 0.9191450300180574740 ) ) ;
#3471 = DIRECTION ( 'NONE',  ( 4.506943796211493857E-16, -1.000000000000000000, 0.000000000000000000 ) ) ;
#3472 = VECTOR ( 'NONE', #9927, 999.9999999999998863 ) ;
#3473 = CARTESIAN_POINT ( 'NONE',  ( 44.99999999999998579, 27.88675134594812732, -16.44924440733135640 ) ) ;
#3474 = ORIENTED_EDGE ( 'NONE', *, *, #631, .F. ) ;
#3475 = ORIENTED_EDGE ( 'NONE', *, *, #4569, .F. ) ;
#3476 = AXIS2_PLACEMENT_3D ( 'NONE', #212, #4193, #7522 ) ;
#3477 = DIRECTION ( 'NONE',  ( 0.000000000000000000, -0.5000000000000005551, 0.8660254037844382635 ) ) ;
#3478 = ORIENTED_EDGE ( 'NONE', *, *, #1407, .F. ) ;
#3479 = LINE ( 'NONE', #32, #6211 ) ;
#3480 = EDGE_CURVE ( 'NONE', #8588, #1615, #8992, .T. ) ;
#3481 = CARTESIAN_POINT ( 'NONE',  ( -45.00000000000001421, 18.88772481033656092, 5.724622203665672870 ) ) ;
#3482 = LINE ( 'NONE', #5968, #4234 ) ;
#3483 = DIRECTION ( 'NONE',  ( 0.000000000000000000, 0.5000000000000005551, -0.8660254037844382635 ) ) ;
#3484 = CARTESIAN_POINT ( 'NONE',  ( 0.000000000000000000, 0.000000000000000000, 0.000000000000000000 ) ) ;
#3485 = EDGE_LOOP ( 'NONE', ( #4729, #10362, #7334, #4795 ) ) ;
#3486 = VERTEX_POINT ( 'NONE', #2374 ) ;
#3487 = VERTEX_POINT ( 'NONE', #704 ) ;
#3488 = DIRECTION ( 'NONE',  ( 0.000000000000000000, -0.5000000000000002220, -0.8660254037844384856 ) ) ;
#3489 = LINE ( 'NONE', #1825, #3021 ) ;
#3490 = DIRECTION ( 'NONE',  ( 1.217876368042923701E-15, 0.5773502691896258421, -0.8164965809277260345 ) ) ;
#3491 = CARTESIAN_POINT ( 'NONE',  ( -48.55041348517859490, 18.77052009751002259, 40.59999999999998721 ) ) ;
#3492 = LINE ( 'NONE', #10182, #3607 ) ;
#3493 = CARTESIAN_POINT ( 'NONE',  ( -45.00000000000001421, 39.77252922750783171, -10.72462220366567820 ) ) ;
#3494 = VERTEX_POINT ( 'NONE', #4034 ) ;
#3495 = CARTESIAN_POINT ( 'NONE',  ( -45.00000000000001421, 13.11422211844028674, -5.724622203665674647 ) ) ;
#3496 = CARTESIAN_POINT ( 'NONE',  ( -45.00000000000001421, 27.88675134594812732, -16.44924440733134929 ) ) ;
#3497 = EDGE_LOOP ( 'NONE', ( #9679, #9394, #7320, #4102 ) ) ;
#3498 = VECTOR ( 'NONE', #289, 1000.000000000000000 ) ;
#3499 = ORIENTED_EDGE ( 'NONE', *, *, #9709, .T. ) ;
#3500 = EDGE_CURVE ( 'NONE', #3423, #9454, #3176, .T. ) ;
#3501 = FACE_OUTER_BOUND ( 'NONE', #1527, .T. ) ;
#3502 = DIRECTION ( 'NONE',  ( -6.009258394948641055E-16, 1.000000000000000000, 0.000000000000000000 ) ) ;
#3503 = DIRECTION ( 'NONE',  ( 1.000000000000000000, 6.009258394948641055E-16, 0.000000000000000000 ) ) ;
#3504 = EDGE_CURVE ( 'NONE', #7109, #6259, #6643, .T. ) ;
#3505 = DIRECTION ( 'NONE',  ( -6.009258394948641055E-16, 1.000000000000000000, -0.000000000000000000 ) ) ;
#3506 = CARTESIAN_POINT ( 'NONE',  ( 17.08051390828822846, 0.000000000000000000, 36.17239700032501304 ) ) ;
#3507 = VECTOR ( 'NONE', #4419, 1000.000000000000000 ) ;
#3508 = EDGE_CURVE ( 'NONE', #7201, #9325, #752, .T. ) ;
#3509 = LINE ( 'NONE', #10143, #10242 ) ;
#3510 = VERTEX_POINT ( 'NONE', #7409 ) ;
#3511 = ORIENTED_EDGE ( 'NONE', *, *, #5310, .F. ) ;
#3512 = VERTEX_POINT ( 'NONE', #6431 ) ;
#3513 = LINE ( 'NONE', #8520, #5868 ) ;
#3514 = EDGE_LOOP ( 'NONE', ( #3870, #589, #7102, #7870 ) ) ;
#3515 = AXIS2_PLACEMENT_3D ( 'NONE', #1085, #7643, #385 ) ;
#3516 = EDGE_LOOP ( 'NONE', ( #2217, #3432, #5934, #4595 ) ) ;
#3517 = CARTESIAN_POINT ( 'NONE',  ( -45.00000000000002132, 13.11422211844028674, 15.72462220366568175 ) ) ;
#3518 = CARTESIAN_POINT ( 'NONE',  ( 40.60000000000001563, 40.43261168774093051, -20.14297210399125149 ) ) ;
#3519 = CARTESIAN_POINT ( 'NONE',  ( -16.44924440733134574, 22.11324865405184426, 40.59999999999996589 ) ) ;
#3520 = LINE ( 'NONE', #3632, #2550 ) ;
#3521 = ORIENTED_EDGE ( 'NONE', *, *, #1437, .T. ) ;
#3522 = CARTESIAN_POINT ( 'NONE',  ( -43.00000000000001421, 45.00000000000000000, -43.00000000000000000 ) ) ;
#3523 = EDGE_CURVE ( 'NONE', #143, #6654, #5659, .T. ) ;
#3524 = ORIENTED_EDGE ( 'NONE', *, *, #7296, .F. ) ;
#3525 = VECTOR ( 'NONE', #10537, 1000.000000000000000 ) ;
#3526 = VERTEX_POINT ( 'NONE', #1669 ) ;
#3527 = EDGE_CURVE ( 'NONE', #3888, #8588, #9096, .T. ) ;
#3528 = CARTESIAN_POINT ( 'NONE',  ( -40.60000000000001563, 18.88772481033656092, 5.724622203665675535 ) ) ;
#3529 = EDGE_LOOP ( 'NONE', ( #2504, #5163, #9057, #10509 ) ) ;
#3530 = CARTESIAN_POINT ( 'NONE',  ( -40.60000000000001563, 27.88675134594812732, 16.44924440733135285 ) ) ;
#3531 = CARTESIAN_POINT ( 'NONE',  ( -37.17386661099703105, 13.11422211844028318, -45.00000000000000711 ) ) ;
#3532 = DIRECTION ( 'NONE',  ( 0.000000000000000000, -0.5000000000000002220, -0.8660254037844385966 ) ) ;
#3533 = PLANE ( 'NONE',  #4302 ) ;
#3534 = EDGE_LOOP ( 'NONE', ( #946, #889, #4828, #666 ) ) ;
#3535 = VERTEX_POINT ( 'NONE', #8282 ) ;
#3536 = ORIENTED_EDGE ( 'NONE', *, *, #8729, .T. ) ;
#3537 = ADVANCED_FACE ( 'NONE', ( #3984 ), #860, .F. ) ;
#3538 = ADVANCED_FACE ( 'NONE', ( #1566 ), #655, .F. ) ;
#3539 = ORIENTED_EDGE ( 'NONE', *, *, #1909, .T. ) ;
#3540 = LINE ( 'NONE', #6037, #4466 ) ;
#3541 = CARTESIAN_POINT ( 'NONE',  ( -32.17386661099702394, 28.22552384371528333, -45.00000000000000711 ) ) ;
#3542 = LINE ( 'NONE', #6807, #1850 ) ;
#3543 = CARTESIAN_POINT ( 'NONE',  ( -40.75702789600870801, 5.271980294092681874, 40.59999999999998721 ) ) ;
#3544 = DIRECTION ( 'NONE',  ( -0.8660254037844381525, -0.5000000000000006661, 0.000000000000000000 ) ) ;
#3545 = VECTOR ( 'NONE', #6203, 1000.000000000000000 ) ;
#3546 = SURFACE_STYLE_FILL_AREA ( #4243 ) ;
#3547 = ORIENTED_EDGE ( 'NONE', *, *, #4969, .T. ) ;
#3548 = EDGE_CURVE ( 'NONE', #8998, #9847, #8177, .T. ) ;
#3549 = CARTESIAN_POINT ( 'NONE',  ( 15.72462220366568530, 18.88772481033652895, -40.59999999999998721 ) ) ;
#3550 = LINE ( 'NONE', #10186, #6021 ) ;
#3551 = VERTEX_POINT ( 'NONE', #9966 ) ;
#3552 = VECTOR ( 'NONE', #4188, 1000.000000000000114 ) ;
#3553 = ORIENTED_EDGE ( 'NONE', *, *, #9892, .T. ) ;
#3554 = ADVANCED_FACE ( 'NONE', ( #3936 ), #7352, .F. ) ;
#3555 = AXIS2_PLACEMENT_3D ( 'NONE', #7473, #3237, #4906 ) ;
#3556 = ORIENTED_EDGE ( 'NONE', *, *, #1998, .T. ) ;
#3557 = DIRECTION ( 'NONE',  ( 0.000000000000000000, 0.5000000000000005551, -0.8660254037844382635 ) ) ;
#3558 = CARTESIAN_POINT ( 'NONE',  ( -12.40845790524377534, 0.000000000000000000, -5.317910530818759085 ) ) ;
#3559 = VECTOR ( 'NONE', #3171, 1000.000000000000000 ) ;
#3560 = PLANE ( 'NONE',  #3377 ) ;
#3561 = VECTOR ( 'NONE', #7460, 1000.000000000000000 ) ;
#3562 = DIRECTION ( 'NONE',  ( 0.000000000000000000, 1.000000000000000000, 0.000000000000000000 ) ) ;
#3563 = DIRECTION ( 'NONE',  ( -3.854941057726239700E-17, 0.8660254037844385966, -0.5000000000000002220 ) ) ;
#3564 = FACE_OUTER_BOUND ( 'NONE', #6573, .T. ) ;
#3565 = ORIENTED_EDGE ( 'NONE', *, *, #4661, .T. ) ;
#3566 = FACE_OUTER_BOUND ( 'NONE', #4101, .T. ) ;
#3567 = ORIENTED_EDGE ( 'NONE', *, *, #591, .F. ) ;
#3568 = VECTOR ( 'NONE', #9418, 1000.000000000000000 ) ;
#3569 = VERTEX_POINT ( 'NONE', #1832 ) ;
#3570 = ORIENTED_EDGE ( 'NONE', *, *, #5890, .T. ) ;
#3571 = EDGE_CURVE ( 'NONE', #1246, #3423, #6702, .T. ) ;
#3572 = ORIENTED_EDGE ( 'NONE', *, *, #6574, .T. ) ;
#3573 = DIRECTION ( 'NONE',  ( -0.8660254037844381525, -0.5000000000000006661, 0.000000000000000000 ) ) ;
#3574 = FACE_OUTER_BOUND ( 'NONE', #3950, .T. ) ;
#3575 = PLANE ( 'NONE',  #7015 ) ;
#3576 = CARTESIAN_POINT ( 'NONE',  ( 5.724622203665686193, 31.11227518966341421, -45.00000000000000711 ) ) ;
#3577 = ORIENTED_EDGE ( 'NONE', *, *, #1519, .F. ) ;
#3578 = DIRECTION ( 'NONE',  ( 0.000000000000000000, -1.000000000000000000, 0.000000000000000000 ) ) ;
#3579 = VERTEX_POINT ( 'NONE', #2690 ) ;
#3580 = VERTEX_POINT ( 'NONE', #4350 ) ;
#3581 = ADVANCED_FACE ( 'NONE', ( #1782 ), #6864, .F. ) ;
#3582 = VERTEX_POINT ( 'NONE', #5062 ) ;
#3583 = VECTOR ( 'NONE', #884, 999.9999999999998863 ) ;
#3584 = EDGE_CURVE ( 'NONE', #6800, #754, #9322, .T. ) ;
#3585 = FACE_OUTER_BOUND ( 'NONE', #8861, .T. ) ;
#3586 = ORIENTED_EDGE ( 'NONE', *, *, #5619, .F. ) ;
#3587 = DIRECTION ( 'NONE',  ( 0.000000000000000000, 1.000000000000000000, 0.000000000000000000 ) ) ;
#3588 = LINE ( 'NONE', #10169, #7211 ) ;
#3589 = DIRECTION ( 'NONE',  ( -0.000000000000000000, -0.000000000000000000, 1.000000000000000000 ) ) ;
#3590 = LINE ( 'NONE', #7671, #7973 ) ;
#3591 = ORIENTED_EDGE ( 'NONE', *, *, #7353, .T. ) ;
#3592 = ORIENTED_EDGE ( 'NONE', *, *, #9680, .F. ) ;
#3593 = EDGE_CURVE ( 'NONE', #5273, #4456, #10185, .T. ) ;
#3594 = ORIENTED_EDGE ( 'NONE', *, *, #2390, .T. ) ;
#3595 = CARTESIAN_POINT ( 'NONE',  ( -45.00000000000001421, 19.22649730810372759, -21.44924440733134929 ) ) ;
#3596 = DIRECTION ( 'NONE',  ( 0.000000000000000000, -0.5000000000000002220, -0.8660254037844384856 ) ) ;
#3597 = PLANE ( 'NONE',  #10165 ) ;
#3598 = CARTESIAN_POINT ( 'NONE',  ( -40.10345100974144827, 0.5322093076213471052, 37.15856945939840017 ) ) ;
#3599 = PLANE ( 'NONE',  #1218 ) ;
#3600 = LINE ( 'NONE', #4404, #7205 ) ;
#3601 = ORIENTED_EDGE ( 'NONE', *, *, #7273, .T. ) ;
#3602 = PLANE ( 'NONE',  #6592 ) ;
#3603 = DIRECTION ( 'NONE',  ( -0.000000000000000000, -1.000000000000000000, -0.000000000000000000 ) ) ;
#3604 = AXIS2_PLACEMENT_3D ( 'NONE', #53, #9154, #805 ) ;
#3605 = VECTOR ( 'NONE', #9274, 1000.000000000000000 ) ;
#3606 = VECTOR ( 'NONE', #2837, 1000.000000000000000 ) ;
#3607 = VECTOR ( 'NONE', #4402, 1000.000000000000000 ) ;
#3608 = VERTEX_POINT ( 'NONE', #1726 ) ;
#3609 = DIRECTION ( 'NONE',  ( -0.000000000000000000, -0.000000000000000000, 1.000000000000000000 ) ) ;
#3610 = CARTESIAN_POINT ( 'NONE',  ( -45.00000000000002132, 13.11422211844029384, 37.17386661099703815 ) ) ;
#3611 = CARTESIAN_POINT ( 'NONE',  ( -16.44924440733134574, 22.11324865405184426, -45.00000000000000711 ) ) ;
#3612 = CARTESIAN_POINT ( 'NONE',  ( -10.28129369291626816, -5.000000000000002665, -10.28129369291627881 ) ) ;
#3613 = ADVANCED_FACE ( 'NONE', ( #1886 ), #8392, .F. ) ;
#3614 = CARTESIAN_POINT ( 'NONE',  ( 40.60000000000001563, 23.96239340353676894, -29.65205706398843688 ) ) ;
#3615 = VECTOR ( 'NONE', #5415, 1000.000000000000227 ) ;
#3616 = ORIENTED_EDGE ( 'NONE', *, *, #124, .F. ) ;
#3617 = EDGE_CURVE ( 'NONE', #3512, #5137, #5176, .T. ) ;
#3618 = DIRECTION ( 'NONE',  ( 0.4999999999999995004, 0.8660254037844389297, 0.000000000000000000 ) ) ;
#3619 = ORIENTED_EDGE ( 'NONE', *, *, #5973, .T. ) ;
#3620 = LINE ( 'NONE', #2068, #866 ) ;
#3621 = EDGE_LOOP ( 'NONE', ( #1851, #9651, #2671, #1685, #9324, #3410 ) ) ;
#3622 = VECTOR ( 'NONE', #10632, 1000.000000000000000 ) ;
#3623 = AXIS2_PLACEMENT_3D ( 'NONE', #6196, #4565, #1342 ) ;
#3624 = VERTEX_POINT ( 'NONE', #3549 ) ;
#3625 = EDGE_LOOP ( 'NONE', ( #9118, #9783, #2959, #8883 ) ) ;
#3626 = CARTESIAN_POINT ( 'NONE',  ( -45.00000000000002132, 36.88577788155969728, 37.17386661099703815 ) ) ;
#3627 = EDGE_LOOP ( 'NONE', ( #4391, #4622, #2362, #2342 ) ) ;
#3628 = CARTESIAN_POINT ( 'NONE',  ( -10.72462220366566399, 21.77447615628465272, -45.00000000000000711 ) ) ;
#3629 = VECTOR ( 'NONE', #10394, 999.9999999999998863 ) ;
#3630 = LINE ( 'NONE', #9516, #8301 ) ;
#3631 = LINE ( 'NONE', #8638, #10323 ) ;
#3632 = CARTESIAN_POINT ( 'NONE',  ( 42.99999999999998579, 45.00000000000000000, 44.99999999999999289 ) ) ;
#3633 = ORIENTED_EDGE ( 'NONE', *, *, #2692, .F. ) ;
#3634 = DIRECTION ( 'NONE',  ( 0.000000000000000000, 0.5000000000000002220, 0.8660254037844384856 ) ) ;
#3635 = ORIENTED_EDGE ( 'NONE', *, *, #8109, .F. ) ;
#3636 = ADVANCED_FACE ( 'NONE', ( #6047 ), #6812, .F. ) ;
#3637 = ORIENTED_EDGE ( 'NONE', *, *, #7353, .F. ) ;
#3638 = CARTESIAN_POINT ( 'NONE',  ( -37.17386661099703105, 31.11227518966341421, -45.00000000000000711 ) ) ;
#3639 = EDGE_LOOP ( 'NONE', ( #10448, #4730, #4915, #6085, #7478 ) ) ;
#3640 = CARTESIAN_POINT ( 'NONE',  ( -45.00000000000001421, 19.22649730810372759, -21.44924440733134929 ) ) ;
#3641 = LINE ( 'NONE', #1774, #6032 ) ;
#3642 = EDGE_CURVE ( 'NONE', #9292, #4370, #1944, .T. ) ;
#3643 = LINE ( 'NONE', #5379, #7045 ) ;
#3644 = EDGE_CURVE ( 'NONE', #925, #6258, #157, .T. ) ;
#3645 = DIRECTION ( 'NONE',  ( 0.8660254037844383745, 0.5000000000000003331, 0.000000000000000000 ) ) ;
#3646 = CARTESIAN_POINT ( 'NONE',  ( -45.00000000000001421, 39.77252922750783171, 10.72462220366567820 ) ) ;
#3647 = EDGE_CURVE ( 'NONE', #5137, #9753, #10133, .T. ) ;
#3648 = VERTEX_POINT ( 'NONE', #1020 ) ;
#3649 = ADVANCED_FACE ( 'NONE', ( #4297, #10240 ), #3602, .T. ) ;
#3650 = VECTOR ( 'NONE', #5761, 1000.000000000000000 ) ;
#3651 = ORIENTED_EDGE ( 'NONE', *, *, #1688, .T. ) ;
#3652 = ORIENTED_EDGE ( 'NONE', *, *, #4630, .F. ) ;
#3653 = ORIENTED_EDGE ( 'NONE', *, *, #8208, .T. ) ;
#3654 = DIRECTION ( 'NONE',  ( 0.000000000000000000, -1.000000000000000000, 0.000000000000000000 ) ) ;
#3655 = CARTESIAN_POINT ( 'NONE',  ( 39.02809845431146840, -5.000000000000000000, 36.08321690396839188 ) ) ;
#3656 = LINE ( 'NONE', #10020, #477 ) ;
#3657 = CARTESIAN_POINT ( 'NONE',  ( -17.71189761665426232, 44.64335621679314414, -40.59999999999998721 ) ) ;
#3658 = CARTESIAN_POINT ( 'NONE',  ( -45.00000000000002132, 18.88772481033656092, 5.724622203665675535 ) ) ;
#3659 = ADVANCED_FACE ( 'NONE', ( #7634 ), #5821, .F. ) ;
#3660 =( NAMED_UNIT ( * ) SI_UNIT ( $, .STERADIAN. ) SOLID_ANGLE_UNIT ( ) );
#3661 = ORIENTED_EDGE ( 'NONE', *, *, #3548, .T. ) ;
#3662 = DIRECTION ( 'NONE',  ( -1.000000000000000000, -4.506943796211494843E-16, 0.000000000000000000 ) ) ;
#3663 = CARTESIAN_POINT ( 'NONE',  ( -45.00000000000001421, 13.11422211844028674, -5.724622203665674647 ) ) ;
#3664 = ORIENTED_EDGE ( 'NONE', *, *, #10582, .F. ) ;
#3665 = EDGE_CURVE ( 'NONE', #2373, #10231, #2642, .T. ) ;
#3666 = ORIENTED_EDGE ( 'NONE', *, *, #5617, .F. ) ;
#3667 = CARTESIAN_POINT ( 'NONE',  ( -23.07420871848710320, 35.35556094242802061, 40.59999999999998721 ) ) ;
#3668 = CARTESIAN_POINT ( 'NONE',  ( 40.60000000000001563, -0.4326116877409287298, -37.46348017968005450 ) ) ;
#3669 = DIRECTION ( 'NONE',  ( -0.000000000000000000, -0.000000000000000000, 1.000000000000000000 ) ) ;
#3670 = FACE_OUTER_BOUND ( 'NONE', #5735, .T. ) ;
#3671 = CARTESIAN_POINT ( 'NONE',  ( -43.00000000000001421, 0.000000000000000000, -45.00000000000000711 ) ) ;
#3672 = CARTESIAN_POINT ( 'NONE',  ( -45.00000000000001421, 22.11324865405185491, -16.44924440733134929 ) ) ;
#3673 = ORIENTED_EDGE ( 'NONE', *, *, #5549, .F. ) ;
#3674 = CARTESIAN_POINT ( 'NONE',  ( -45.00000000000001421, 31.11227518966342487, 15.72462220366568175 ) ) ;
#3675 = ORIENTED_EDGE ( 'NONE', *, *, #4771, .T. ) ;
#3676 = LINE ( 'NONE', #4423, #533 ) ;
#3677 = ORIENTED_EDGE ( 'NONE', *, *, #2456, .F. ) ;
#3678 = EDGE_LOOP ( 'NONE', ( #6444, #1133, #1702, #5331, #3998, #954 ) ) ;
#3679 = EDGE_LOOP ( 'NONE', ( #10145, #859, #1919, #739 ) ) ;
#3680 = EDGE_CURVE ( 'NONE', #7815, #7099, #105, .T. ) ;
#3681 = FACE_BOUND ( 'NONE', #10047, .T. ) ;
#3682 = VERTEX_POINT ( 'NONE', #5932 ) ;
#3683 = DIRECTION ( 'NONE',  ( -3.854941057726242781E-17, -0.8660254037844383745, -0.5000000000000006661 ) ) ;
#3684 = AXIS2_PLACEMENT_3D ( 'NONE', #7809, #6056, #8512 ) ;
#3685 = CARTESIAN_POINT ( 'NONE',  ( -37.17386661099703105, 13.11422211844028318, -45.00000000000000711 ) ) ;
#3686 = DIRECTION ( 'NONE',  ( -0.000000000000000000, -0.000000000000000000, 1.000000000000000000 ) ) ;
#3687 = DIRECTION ( 'NONE',  ( 0.8660254037844384856, -0.5000000000000001110, 0.000000000000000000 ) ) ;
#3688 = ORIENTED_EDGE ( 'NONE', *, *, #10237, .T. ) ;
#3689 = DIRECTION ( 'NONE',  ( 0.000000000000000000, 0.5000000000000005551, -0.8660254037844382635 ) ) ;
#3690 = EDGE_CURVE ( 'NONE', #709, #4327, #5117, .T. ) ;
#3691 = AXIS2_PLACEMENT_3D ( 'NONE', #1512, #497, #5452 ) ;
#3692 = ORIENTED_EDGE ( 'NONE', *, *, #3449, .T. ) ;
#3693 = CARTESIAN_POINT ( 'NONE',  ( -27.17386661099702749, 36.88577788155966886, -45.00000000000000711 ) ) ;
#3694 = EDGE_LOOP ( 'NONE', ( #8816, #5509, #4281, #10365, #5456, #8190 ) ) ;
#3695 = LINE ( 'NONE', #8705, #2246 ) ;
#3696 = FACE_BOUND ( 'NONE', #8035, .T. ) ;
#3697 = AXIS2_PLACEMENT_3D ( 'NONE', #10671, #8343, #6647 ) ;
#3698 = DIRECTION ( 'NONE',  ( 3.854941057726242165E-17, 0.8660254037844383745, 0.5000000000000006661 ) ) ;
#3699 = ORIENTED_EDGE ( 'NONE', *, *, #8769, .F. ) ;
#3700 = LINE ( 'NONE', #1982, #7028 ) ;
#3701 = DIRECTION ( 'NONE',  ( -0.000000000000000000, -0.000000000000000000, 1.000000000000000000 ) ) ;
#3702 = ORIENTED_EDGE ( 'NONE', *, *, #3855, .T. ) ;
#3703 = DIRECTION ( 'NONE',  ( -0.7071067811865477948, 0.000000000000000000, -0.7071067811865473507 ) ) ;
#3704 = ORIENTED_EDGE ( 'NONE', *, *, #5018, .F. ) ;
#3705 = EDGE_CURVE ( 'NONE', #5475, #4033, #10350, .T. ) ;
#3706 = ORIENTED_EDGE ( 'NONE', *, *, #6518, .F. ) ;
#3707 = EDGE_CURVE ( 'NONE', #2259, #3608, #7909, .T. ) ;
#3708 = EDGE_CURVE ( 'NONE', #9689, #4720, #487, .T. ) ;
#3709 = CARTESIAN_POINT ( 'NONE',  ( -45.00000000000002132, 10.22747077249216652, 32.17386661099703815 ) ) ;
#3710 = FACE_OUTER_BOUND ( 'NONE', #10522, .T. ) ;
#3711 = LINE ( 'NONE', #5335, #4237 ) ;
#3712 = DIRECTION ( 'NONE',  ( -0.1874275599918963642, 0.9642312064598241861, 0.1874275599918962532 ) ) ;
#3713 = CARTESIAN_POINT ( 'NONE',  ( 17.08051390828822846, 1.999999999999975797, 33.34396987557886405 ) ) ;
#3714 = CARTESIAN_POINT ( 'NONE',  ( -27.17386661099702749, 13.11422211844028318, -45.00000000000000711 ) ) ;
#3715 = VERTEX_POINT ( 'NONE', #2806 ) ;
#3716 = FACE_OUTER_BOUND ( 'NONE', #6197, .T. ) ;
#3717 = EDGE_CURVE ( 'NONE', #5360, #3066, #8613, .T. ) ;
#3718 = EDGE_CURVE ( 'NONE', #7044, #9810, #2855, .T. ) ;
#3719 = CARTESIAN_POINT ( 'NONE',  ( -4.999999999999994671, 22.11324865405186202, -40.59999999999998721 ) ) ;
#3720 = VECTOR ( 'NONE', #3742, 1000.000000000000000 ) ;
#3721 = CARTESIAN_POINT ( 'NONE',  ( 37.17386661099703815, 13.11422211844027608, 40.59999999999996589 ) ) ;
#3722 = DIRECTION ( 'NONE',  ( 0.000000000000000000, 0.000000000000000000, -1.000000000000000000 ) ) ;
#3723 = DIRECTION ( 'NONE',  ( -0.8660254037844389297, 0.4999999999999994449, 0.000000000000000000 ) ) ;
#3724 = LINE ( 'NONE', #7755, #9767 ) ;
#3725 = PLANE ( 'NONE',  #3210 ) ;
#3726 = ORIENTED_EDGE ( 'NONE', *, *, #8928, .T. ) ;
#3727 = DIRECTION ( 'NONE',  ( 0.4999999999999993894, 0.7071067811865487940, -0.4999999999999988343 ) ) ;
#3728 = EDGE_LOOP ( 'NONE', ( #7464, #1035, #9403, #6470 ) ) ;
#3729 = DIRECTION ( 'NONE',  ( 0.000000000000000000, -0.5000000000000002220, -0.8660254037844384856 ) ) ;
#3730 = VERTEX_POINT ( 'NONE', #8723 ) ;
#3731 = CIRCLE ( 'NONE', #9289, 16.50000000000000000 ) ;
#3732 = VERTEX_POINT ( 'NONE', #7084 ) ;
#3733 = EDGE_LOOP ( 'NONE', ( #223, #2772, #1920, #4837 ) ) ;
#3734 = CARTESIAN_POINT ( 'NONE',  ( -25.50528320582415276, 31.14481641337578921, -40.59999999999998721 ) ) ;
#3735 = EDGE_CURVE ( 'NONE', #902, #3494, #4523, .T. ) ;
#3736 = LINE ( 'NONE', #2935, #8661 ) ;
#3737 = VECTOR ( 'NONE', #7837, 1000.000000000000000 ) ;
#3738 = VECTOR ( 'NONE', #6429, 1000.000000000000000 ) ;
#3739 = ORIENTED_EDGE ( 'NONE', *, *, #7508, .F. ) ;
#3740 = CARTESIAN_POINT ( 'NONE',  ( -1.103125484187141403, -5.000000000000002665, 15.16033048310344711 ) ) ;
#3741 = CARTESIAN_POINT ( 'NONE',  ( -45.00000000000001421, 31.11227518966343553, -15.72462220366567820 ) ) ;
#3742 = DIRECTION ( 'NONE',  ( -0.000000000000000000, -0.000000000000000000, 1.000000000000000000 ) ) ;
#3743 = DIRECTION ( 'NONE',  ( -0.000000000000000000, -0.000000000000000000, 1.000000000000000000 ) ) ;
#3744 = EDGE_LOOP ( 'NONE', ( #819, #9462, #9112, #9372 ) ) ;
#3745 = CARTESIAN_POINT ( 'NONE',  ( 27.17386661099703460, 36.88577788155965465, -45.00000000000000711 ) ) ;
#3746 = ADVANCED_FACE ( 'NONE', ( #4577 ), #6152, .F. ) ;
#3747 = VERTEX_POINT ( 'NONE', #1190 ) ;
#3748 = ORIENTED_EDGE ( 'NONE', *, *, #9143, .T. ) ;
#3749 = DIRECTION ( 'NONE',  ( 0.000000000000000000, -0.5000000000000005551, 0.8660254037844382635 ) ) ;
#3750 = ORIENTED_EDGE ( 'NONE', *, *, #6519, .T. ) ;
#3751 = CARTESIAN_POINT ( 'NONE',  ( -40.60000000000001563, 27.88675134594812732, 26.44924440733135995 ) ) ;
#3752 = CARTESIAN_POINT ( 'NONE',  ( 10.72462220366569063, 39.77252922750778907, 44.99999999999999289 ) ) ;
#3753 = DIRECTION ( 'NONE',  ( -6.009258394948641055E-16, 1.000000000000000000, 0.000000000000000000 ) ) ;
#3754 = ORIENTED_EDGE ( 'NONE', *, *, #5430, .T. ) ;
#3755 = DIRECTION ( 'NONE',  ( 0.8660254037844384856, 0.5000000000000004441, 0.000000000000000000 ) ) ;
#3756 = DIRECTION ( 'NONE',  ( -0.8660254037844382635, -0.5000000000000006661, 0.000000000000000000 ) ) ;
#3757 = ORIENTED_EDGE ( 'NONE', *, *, #344, .T. ) ;
#3758 = EDGE_CURVE ( 'NONE', #318, #4811, #2112, .T. ) ;
#3759 = CARTESIAN_POINT ( 'NONE',  ( -45.00000000000001421, 18.88772481033655737, -5.724622203665674647 ) ) ;
#3760 = DIRECTION ( 'NONE',  ( 1.000000000000000000, -0.000000000000000000, -7.709882115452476934E-17 ) ) ;
#3761 = ORIENTED_EDGE ( 'NONE', *, *, #9062, .F. ) ;
#3762 = ORIENTED_EDGE ( 'NONE', *, *, #2058, .T. ) ;
#3763 = FACE_OUTER_BOUND ( 'NONE', #2604, .T. ) ;
#3764 = PLANE ( 'NONE',  #8780 ) ;
#3765 = PLANE ( 'NONE',  #280 ) ;
#3766 = DIRECTION ( 'NONE',  ( -0.8660254037844389297, 0.4999999999999995004, 0.000000000000000000 ) ) ;
#3767 = CARTESIAN_POINT ( 'NONE',  ( -37.17386661099703105, 18.88772481033652184, -45.00000000000000711 ) ) ;
#3768 = ORIENTED_EDGE ( 'NONE', *, *, #5090, .F. ) ;
#3769 = CARTESIAN_POINT ( 'NONE',  ( -5.359354715912667544, 46.66904755831214402, -12.39069611163210993 ) ) ;
#3770 = ADVANCED_FACE ( 'NONE', ( #1996 ), #7801, .F. ) ;
#3771 = ORIENTED_EDGE ( 'NONE', *, *, #2771, .T. ) ;
#3772 = DIRECTION ( 'NONE',  ( 0.000000000000000000, 0.5000000000000006661, -0.8660254037844383745 ) ) ;
#3773 = DIRECTION ( 'NONE',  ( 0.9191450300180578070, 0.000000000000000000, -0.3939192985791680202 ) ) ;
#3774 = LINE ( 'NONE', #7095, #7906 ) ;
#3775 = DIRECTION ( 'NONE',  ( 0.000000000000000000, -0.000000000000000000, 1.000000000000000000 ) ) ;
#3776 = VECTOR ( 'NONE', #5933, 1000.000000000000227 ) ;
#3777 = CARTESIAN_POINT ( 'NONE',  ( -12.39069611163209572, 46.66904755831214402, -5.359354715912672873 ) ) ;
#3778 = CARTESIAN_POINT ( 'NONE',  ( -45.00000000000002132, 13.11422211844029384, 37.17386661099703815 ) ) ;
#3779 = ORIENTED_EDGE ( 'NONE', *, *, #187, .F. ) ;
#3780 = VECTOR ( 'NONE', #597, 1000.000000000000000 ) ;
#3781 = DIRECTION ( 'NONE',  ( -0.000000000000000000, -0.000000000000000000, 1.000000000000000000 ) ) ;
#3782 = ORIENTED_EDGE ( 'NONE', *, *, #2423, .F. ) ;
#3783 = EDGE_CURVE ( 'NONE', #4142, #1453, #10293, .T. ) ;
#3784 = PLANE ( 'NONE',  #1037 ) ;
#3785 = ORIENTED_EDGE ( 'NONE', *, *, #62, .F. ) ;
#3786 = ADVANCED_FACE ( 'NONE', ( #3716 ), #8368, .F. ) ;
#3787 = AXIS2_PLACEMENT_3D ( 'NONE', #9629, #520, #4500 ) ;
#3788 = ORIENTED_EDGE ( 'NONE', *, *, #4428, .T. ) ;
#3789 = ORIENTED_EDGE ( 'NONE', *, *, #4383, .F. ) ;
#3790 = VECTOR ( 'NONE', #8595, 1000.000000000000000 ) ;
#3791 = VERTEX_POINT ( 'NONE', #4330 ) ;
#3792 = LINE ( 'NONE', #3740, #5357 ) ;
#3793 = VECTOR ( 'NONE', #992, 999.9999999999998863 ) ;
#3794 = DIRECTION ( 'NONE',  ( 0.000000000000000000, 0.5000000000000006661, -0.8660254037844383745 ) ) ;
#3795 = CARTESIAN_POINT ( 'NONE',  ( -45.00000000000002132, 22.11324865405185491, 26.44924440733135995 ) ) ;
#3796 = DIRECTION ( 'NONE',  ( 0.8660254037844384856, -0.5000000000000001110, 0.000000000000000000 ) ) ;
#3797 = EDGE_LOOP ( 'NONE', ( #8326, #3082, #5234, #9610, #6999, #9731 ) ) ;
#3798 = DIRECTION ( 'NONE',  ( -6.009258394948641055E-16, 1.000000000000000000, -0.000000000000000000 ) ) ;
#3799 = VECTOR ( 'NONE', #888, 1000.000000000000114 ) ;
#3800 = ORIENTED_EDGE ( 'NONE', *, *, #6256, .F. ) ;
#3801 = EDGE_CURVE ( 'NONE', #9599, #693, #6735, .T. ) ;
#3802 = ORIENTED_EDGE ( 'NONE', *, *, #3365, .F. ) ;
#3803 = VECTOR ( 'NONE', #9754, 1000.000000000000227 ) ;
#3804 = VERTEX_POINT ( 'NONE', #296 ) ;
#3805 = VECTOR ( 'NONE', #3354, 1000.000000000000114 ) ;
#3806 = VECTOR ( 'NONE', #2179, 1000.000000000000000 ) ;
#3807 = CARTESIAN_POINT ( 'NONE',  ( -45.00000000000002132, 19.22649730810372759, 21.44924440733136350 ) ) ;
#3808 = ORIENTED_EDGE ( 'NONE', *, *, #5769, .T. ) ;
#3809 = DIRECTION ( 'NONE',  ( -0.8660254037844382635, -0.5000000000000007772, 0.000000000000000000 ) ) ;
#3810 = ADVANCED_FACE ( 'NONE', ( #7776, #6792, #2725, #5962, #1110, #7717, #9300, #2835, #2785, #5911, #1168, #5262 ), #6077, .F. ) ;
#3811 = FACE_BOUND ( 'NONE', #3694, .T. ) ;
#3812 = DIRECTION ( 'NONE',  ( 1.000000000000000000, -0.000000000000000000, -7.709882115452476934E-17 ) ) ;
#3813 = ORIENTED_EDGE ( 'NONE', *, *, #8636, .F. ) ;
#3814 = LINE ( 'NONE', #10226, #1151 ) ;
#3815 = DIRECTION ( 'NONE',  ( 1.000000000000000000, -0.000000000000000000, -7.709882115452476934E-17 ) ) ;
#3816 = VERTEX_POINT ( 'NONE', #6017 ) ;
#3817 = LINE ( 'NONE', #2961, #4132 ) ;
#3818 = ORIENTED_EDGE ( 'NONE', *, *, #8521, .F. ) ;
#3819 = ADVANCED_FACE ( 'NONE', ( #3585 ), #1975, .F. ) ;
#3820 = ADVANCED_FACE ( 'NONE', ( #135 ), #1054, .F. ) ;
#3821 = CARTESIAN_POINT ( 'NONE',  ( 10.72462220366568886, 28.22552384371528333, -45.00000000000000711 ) ) ;
#3822 = DIRECTION ( 'NONE',  ( 1.000000000000000000, -0.000000000000000000, -7.709882115452476934E-17 ) ) ;
#3823 = DIRECTION ( 'NONE',  ( 1.000000000000000000, -0.000000000000000000, -7.709882115452476934E-17 ) ) ;
#3824 = FACE_OUTER_BOUND ( 'NONE', #800, .T. ) ;
#3825 = FACE_OUTER_BOUND ( 'NONE', #2929, .T. ) ;
#3826 = VERTEX_POINT ( 'NONE', #3528 ) ;
#3827 = VECTOR ( 'NONE', #4718, 1000.000000000000000 ) ;
#3828 = EDGE_LOOP ( 'NONE', ( #5844, #2071, #3652, #10070 ) ) ;
#3829 = AXIS2_PLACEMENT_3D ( 'NONE', #6210, #7026, #434 ) ;
#3830 = DIRECTION ( 'NONE',  ( 1.000000000000000000, -0.000000000000000000, -7.709882115452476934E-17 ) ) ;
#3831 = PLANE ( 'NONE',  #3012 ) ;
#3832 = CARTESIAN_POINT ( 'NONE',  ( -20.00000000000001421, 0.000000000000000000, -20.00000000000001421 ) ) ;
#3833 = DIRECTION ( 'NONE',  ( -0.8660254037844389297, 0.4999999999999994449, 0.000000000000000000 ) ) ;
#3834 = DIRECTION ( 'NONE',  ( 1.000000000000000000, -0.000000000000000000, -7.709882115452476934E-17 ) ) ;
#3835 = DIRECTION ( 'NONE',  ( 0.000000000000000000, -0.5000000000000006661, 0.8660254037844383745 ) ) ;
#3836 = ORIENTED_EDGE ( 'NONE', *, *, #7943, .F. ) ;
#3837 = CARTESIAN_POINT ( 'NONE',  ( 9.545941546018386958, 0.000000000000000000, -9.545941546018376300 ) ) ;
#3838 = DIRECTION ( 'NONE',  ( 3.854941057726242165E-17, 0.8660254037844383745, 0.5000000000000006661 ) ) ;
#3839 = EDGE_LOOP ( 'NONE', ( #10027, #8586, #4806, #1889 ) ) ;
#3840 = VERTEX_POINT ( 'NONE', #5042 ) ;
#3841 = VERTEX_POINT ( 'NONE', #10059 ) ;
#3842 = ADVANCED_FACE ( 'NONE', ( #9244, #945, #1000, #1813, #5093 ), #6952, .T. ) ;
#3843 = FACE_OUTER_BOUND ( 'NONE', #2306, .T. ) ;
#3844 = ADVANCED_FACE ( 'NONE', ( #10220 ), #4220, .F. ) ;
#3845 = CARTESIAN_POINT ( 'NONE',  ( -40.60000000000001563, 27.43077413535445430, -53.55041348517858069 ) ) ;
#3846 = ADVANCED_FACE ( 'NONE', ( #3424 ), #2623, .F. ) ;
#3847 = CARTESIAN_POINT ( 'NONE',  ( -40.60000000000001563, 36.88577788155969728, -27.17386661099702749 ) ) ;
#3848 = CARTESIAN_POINT ( 'NONE',  ( -32.17386661099702394, 39.77252922750778907, 44.99999999999999289 ) ) ;
#3849 = LINE ( 'NONE', #8695, #337 ) ;
#3850 = ORIENTED_EDGE ( 'NONE', *, *, #6306, .F. ) ;
#3851 = CARTESIAN_POINT ( 'NONE',  ( 32.17386661099703815, 10.22747077249214520, -45.00000000000000711 ) ) ;
#3852 = VECTOR ( 'NONE', #7545, 1000.000000000000000 ) ;
#3853 = CARTESIAN_POINT ( 'NONE',  ( -27.17386661099702749, 18.88772481033654316, 44.99999999999999289 ) ) ;
#3854 = VERTEX_POINT ( 'NONE', #4273 ) ;
#3855 = EDGE_CURVE ( 'NONE', #1556, #8998, #7612, .T. ) ;
#3856 = LINE ( 'NONE', #9737, #7421 ) ;
#3857 = FACE_BOUND ( 'NONE', #5688, .T. ) ;
#3858 = CARTESIAN_POINT ( 'NONE',  ( 10.04494211376876223, -5.000000000000002665, 10.83278071092710171 ) ) ;
#3859 = CARTESIAN_POINT ( 'NONE',  ( 27.17386661099703815, 31.11227518966341421, -45.00000000000000711 ) ) ;
#3860 = DIRECTION ( 'NONE',  ( -0.000000000000000000, -0.000000000000000000, 1.000000000000000000 ) ) ;
#3861 = ORIENTED_EDGE ( 'NONE', *, *, #5233, .F. ) ;
#3862 = VECTOR ( 'NONE', #7940, 999.9999999999998863 ) ;
#3863 = EDGE_CURVE ( 'NONE', #1292, #2764, #191, .T. ) ;
#3864 = EDGE_CURVE ( 'NONE', #9692, #6029, #3903, .T. ) ;
#3865 = VECTOR ( 'NONE', #112, 1000.000000000000000 ) ;
#3866 = CARTESIAN_POINT ( 'NONE',  ( -45.00000000000002132, 28.22552384371529755, 32.17386661099703815 ) ) ;
#3867 = LINE ( 'NONE', #1450, #5966 ) ;
#3868 = DIRECTION ( 'NONE',  ( 3.854941057726239700E-17, -0.8660254037844385966, 0.5000000000000003331 ) ) ;
#3869 = PLANE ( 'NONE',  #2537 ) ;
#3870 = ORIENTED_EDGE ( 'NONE', *, *, #5583, .F. ) ;
#3871 = EDGE_CURVE ( 'NONE', #7565, #7014, #2195, .T. ) ;
#3872 = EDGE_CURVE ( 'NONE', #8394, #6853, #2090, .T. ) ;
#3873 = ORIENTED_EDGE ( 'NONE', *, *, #9373, .F. ) ;
#3874 = VERTEX_POINT ( 'NONE', #3853 ) ;
#3875 = PLANE ( 'NONE',  #4365 ) ;
#3876 = ADVANCED_FACE ( 'NONE', ( #1387 ), #7120, .F. ) ;
#3877 = DIRECTION ( 'NONE',  ( 3.854941057726242165E-17, 0.8660254037844383745, 0.5000000000000006661 ) ) ;
#3878 = DIRECTION ( 'NONE',  ( 0.000000000000000000, 0.000000000000000000, -1.000000000000000000 ) ) ;
#3879 = DIRECTION ( 'NONE',  ( 0.8660254037844382635, 0.5000000000000007772, 0.000000000000000000 ) ) ;
#3880 = FACE_BOUND ( 'NONE', #5182, .T. ) ;
#3881 = LINE ( 'NONE', #4586, #10665 ) ;
#3882 = ORIENTED_EDGE ( 'NONE', *, *, #7638, .F. ) ;
#3883 = DIRECTION ( 'NONE',  ( 1.000000000000000000, 0.000000000000000000, -7.709882115452476934E-17 ) ) ;
#3884 = LINE ( 'NONE', #6329, #3806 ) ;
#3885 = ORIENTED_EDGE ( 'NONE', *, *, #2346, .T. ) ;
#3886 = ADVANCED_FACE ( 'NONE', ( #7169 ), #3001, .F. ) ;
#3887 = EDGE_LOOP ( 'NONE', ( #5354, #2796, #5521, #6645 ) ) ;
#3888 = VERTEX_POINT ( 'NONE', #2247 ) ;
#3889 = EDGE_LOOP ( 'NONE', ( #2378, #9071, #1422, #3421 ) ) ;
#3890 = DIRECTION ( 'NONE',  ( -3.854941057726240316E-17, 0.8660254037844385966, -0.5000000000000003331 ) ) ;
#3891 = CARTESIAN_POINT ( 'NONE',  ( -45.00000000000001421, 36.88577788155969728, -5.724622203665674647 ) ) ;
#3892 = CARTESIAN_POINT ( 'NONE',  ( -45.00000000000001421, 28.22552384371529755, 10.72462220366568530 ) ) ;
#3893 = DIRECTION ( 'NONE',  ( -1.541976423090495387E-16, -0.000000000000000000, -1.000000000000000000 ) ) ;
#3894 = LINE ( 'NONE', #2383, #5414 ) ;
#3895 = ORIENTED_EDGE ( 'NONE', *, *, #7834, .T. ) ;
#3896 = VERTEX_POINT ( 'NONE', #8644 ) ;
#3897 = AXIS2_PLACEMENT_3D ( 'NONE', #9517, #2664, #8580 ) ;
#3898 = ADVANCED_FACE ( 'NONE', ( #7829 ), #6297, .F. ) ;
#3899 = AXIS2_PLACEMENT_3D ( 'NONE', #4882, #4832, #5544 ) ;
#3900 = ORIENTED_EDGE ( 'NONE', *, *, #3136, .F. ) ;
#3901 = ORIENTED_EDGE ( 'NONE', *, *, #6595, .F. ) ;
#3902 = EDGE_LOOP ( 'NONE', ( #10259, #927, #2722, #9226, #9283, #6716 ) ) ;
#3903 = LINE ( 'NONE', #10533, #1070 ) ;
#3904 = ORIENTED_EDGE ( 'NONE', *, *, #7873, .T. ) ;
#3905 = VECTOR ( 'NONE', #8123, 1000.000000000000000 ) ;
#3906 = PLANE ( 'NONE',  #7785 ) ;
#3907 = LINE ( 'NONE', #2896, #824 ) ;
#3908 = DIRECTION ( 'NONE',  ( 0.000000000000000000, -0.5000000000000002220, -0.8660254037844384856 ) ) ;
#3909 = AXIS2_PLACEMENT_3D ( 'NONE', #9858, #3225, #10514 ) ;
#3910 = DIRECTION ( 'NONE',  ( 0.000000000000000000, -0.5000000000000002220, -0.8660254037844384856 ) ) ;
#3911 = EDGE_LOOP ( 'NONE', ( #8908, #10368, #2028, #1334, #7743, #4352 ) ) ;
#3912 = CARTESIAN_POINT ( 'NONE',  ( -15.72462220366566754, 31.11227518966341421, -45.00000000000000711 ) ) ;
#3913 = AXIS2_PLACEMENT_3D ( 'NONE', #10238, #7683, #210 ) ;
#3914 = DIRECTION ( 'NONE',  ( -0.8660254037844385966, 0.5000000000000002220, 0.000000000000000000 ) ) ;
#3915 = ORIENTED_EDGE ( 'NONE', *, *, #8119, .F. ) ;
#3916 = EDGE_CURVE ( 'NONE', #7229, #2764, #9580, .T. ) ;
#3917 = EDGE_CURVE ( 'NONE', #565, #10437, #1212, .T. ) ;
#3918 = VECTOR ( 'NONE', #195, 1000.000000000000000 ) ;
#3919 = ORIENTED_EDGE ( 'NONE', *, *, #5246, .T. ) ;
#3920 = AXIS2_PLACEMENT_3D ( 'NONE', #8215, #1711, #10698 ) ;
#3921 = LINE ( 'NONE', #3266, #10510 ) ;
#3922 = DIRECTION ( 'NONE',  ( 1.000000000000000000, -0.000000000000000000, -7.709882115452476934E-17 ) ) ;
#3923 = LINE ( 'NONE', #5391, #10213 ) ;
#3924 = CARTESIAN_POINT ( 'NONE',  ( -5.724622203665671094, 18.88772481033653250, -45.00000000000000711 ) ) ;
#3925 = ORIENTED_EDGE ( 'NONE', *, *, #9048, .F. ) ;
#3926 = ADVANCED_FACE ( 'NONE', ( #9683 ), #5423, .F. ) ;
#3927 = VECTOR ( 'NONE', #10488, 999.9999999999998863 ) ;
#3928 = LINE ( 'NONE', #4077, #3803 ) ;
#3929 = LINE ( 'NONE', #1362, #2158 ) ;
#3930 = DIRECTION ( 'NONE',  ( 0.000000000000000000, 0.5000000000000002220, 0.8660254037844385966 ) ) ;
#3931 = FACE_OUTER_BOUND ( 'NONE', #3363, .T. ) ;
#3932 = VECTOR ( 'NONE', #1979, 999.9999999999998863 ) ;
#3933 = CARTESIAN_POINT ( 'NONE',  ( 27.17386661099703815, 31.11227518966341421, -45.00000000000000711 ) ) ;
#3934 = LINE ( 'NONE', #8028, #5106 ) ;
#3935 = VERTEX_POINT ( 'NONE', #2951 ) ;
#3936 = FACE_OUTER_BOUND ( 'NONE', #8271, .T. ) ;
#3937 = DIRECTION ( 'NONE',  ( 0.000000000000000000, -0.5000000000000006661, 0.8660254037844383745 ) ) ;
#3938 = VERTEX_POINT ( 'NONE', #1434 ) ;
#3939 = ORIENTED_EDGE ( 'NONE', *, *, #701, .F. ) ;
#3940 = ORIENTED_EDGE ( 'NONE', *, *, #2974, .F. ) ;
#3941 = EDGE_CURVE ( 'NONE', #8300, #9982, #2143, .T. ) ;
#3942 = DIRECTION ( 'NONE',  ( 0.000000000000000000, 0.5000000000000002220, 0.8660254037844384856 ) ) ;
#3943 = AXIS2_PLACEMENT_3D ( 'NONE', #871, #9873, #9003 ) ;
#3944 = CARTESIAN_POINT ( 'NONE',  ( -32.46348017968005450, -9.092865725585360437, -40.59999999999998721 ) ) ;
#3945 = CARTESIAN_POINT ( 'NONE',  ( -26.44924440733134929, 27.88675134594808469, 44.99999999999999289 ) ) ;
#3946 = CARTESIAN_POINT ( 'NONE',  ( -45.00000000000002132, 13.11422211844030450, 27.17386661099703105 ) ) ;
#3947 = LINE ( 'NONE', #9730, #3158 ) ;
#3948 = EDGE_LOOP ( 'NONE', ( #7649, #2131, #5016, #10273, #2948, #6550 ) ) ;
#3949 = AXIS2_PLACEMENT_3D ( 'NONE', #7445, #7614, #5741 ) ;
#3950 = EDGE_LOOP ( 'NONE', ( #8740, #459, #2126, #2130 ) ) ;
#3951 = VECTOR ( 'NONE', #620, 1000.000000000000000 ) ;
#3952 = PLANE ( 'NONE',  #354 ) ;
#3953 = ORIENTED_EDGE ( 'NONE', *, *, #5232, .F. ) ;
#3954 = DIRECTION ( 'NONE',  ( 0.000000000000000000, 0.5000000000000001110, 0.8660254037844384856 ) ) ;
#3955 = DIRECTION ( 'NONE',  ( 1.000000000000000000, -0.000000000000000000, -7.709882115452476934E-17 ) ) ;
#3956 = VECTOR ( 'NONE', #7022, 1000.000000000000000 ) ;
#3957 = DIRECTION ( 'NONE',  ( 0.8660254037844383745, 0.5000000000000004441, 0.000000000000000000 ) ) ;
#3958 = EDGE_CURVE ( 'NONE', #3648, #1747, #4663, .T. ) ;
#3959 = DIRECTION ( 'NONE',  ( -0.3939192985791687418, 0.000000000000000000, 0.9191450300180574740 ) ) ;
#3960 = ORIENTED_EDGE ( 'NONE', *, *, #4369, .T. ) ;
#3961 = CARTESIAN_POINT ( 'NONE',  ( -10.72462220366566577, 39.77252922750778907, 44.99999999999999289 ) ) ;
#3962 = ORIENTED_EDGE ( 'NONE', *, *, #8521, .T. ) ;
#3963 = AXIS2_PLACEMENT_3D ( 'NONE', #6232, #10314, #8743 ) ;
#3964 = VECTOR ( 'NONE', #3756, 1000.000000000000000 ) ;
#3965 = EDGE_CURVE ( 'NONE', #3874, #8470, #5374, .T. ) ;
#3966 = EDGE_CURVE ( 'NONE', #741, #9292, #8755, .T. ) ;
#3967 = EDGE_CURVE ( 'NONE', #2823, #809, #8000, .T. ) ;
#3968 = DIRECTION ( 'NONE',  ( -0.000000000000000000, -1.000000000000000000, -0.000000000000000000 ) ) ;
#3969 = LINE ( 'NONE', #10597, #5105 ) ;
#3970 = CARTESIAN_POINT ( 'NONE',  ( 40.59999999999999432, 31.11227518966343553, 5.724622203665669318 ) ) ;
#3971 = VERTEX_POINT ( 'NONE', #5319 ) ;
#3972 = CARTESIAN_POINT ( 'NONE',  ( -8.131727983645282265, 4.999999999999997335, 8.131727983645291147 ) ) ;
#3973 = ORIENTED_EDGE ( 'NONE', *, *, #5890, .F. ) ;
#3974 = DIRECTION ( 'NONE',  ( 1.000000000000000000, 0.000000000000000000, -7.709882115452476934E-17 ) ) ;
#3975 =( BOUNDED_CURVE ( )  B_SPLINE_CURVE ( 3, ( #5385, #7131, #4567, #6257 ),
 .UNSPECIFIED., .F., .T. ) 
 B_SPLINE_CURVE_WITH_KNOTS ( ( 4, 4 ),
 ( 0.6125547383393403766, 0.7853981633974479459 ),
 .UNSPECIFIED. ) 
 CURVE ( )  GEOMETRIC_REPRESENTATION_ITEM ( )  RATIONAL_B_SPLINE_CURVE ( ( 1.000000000000000000, 0.9975119783061672241, 0.9975119783061672241, 1.000000000000000000 ) ) 
 REPRESENTATION_ITEM ( '' )  );
#3976 = EDGE_CURVE ( 'NONE', #9552, #9840, #1333, .T. ) ;
#3977 = VECTOR ( 'NONE', #7812, 1000.000000000000114 ) ;
#3978 = CARTESIAN_POINT ( 'NONE',  ( 40.60000000000001563, 4.999999999999997335, -40.59999999999998721 ) ) ;
#3979 = DIRECTION ( 'NONE',  ( -0.000000000000000000, -0.000000000000000000, 1.000000000000000000 ) ) ;
#3980 = CARTESIAN_POINT ( 'NONE',  ( 5.724622203665701292, 5.000000000000018652, 40.59999999999998721 ) ) ;
#3981 = DIRECTION ( 'NONE',  ( 0.000000000000000000, -0.5000000000000006661, 0.8660254037844383745 ) ) ;
#3982 = DIRECTION ( 'NONE',  ( -0.5000000000000002220, -0.8660254037844385966, 0.000000000000000000 ) ) ;
#3983 = ORIENTED_EDGE ( 'NONE', *, *, #10237, .F. ) ;
#3984 = FACE_OUTER_BOUND ( 'NONE', #7376, .T. ) ;
#3985 = CARTESIAN_POINT ( 'NONE',  ( 15.72462220366568886, 31.11227518966341421, -45.00000000000000711 ) ) ;
#3986 = ORIENTED_EDGE ( 'NONE', *, *, #9909, .T. ) ;
#3987 = VECTOR ( 'NONE', #2054, 1000.000000000000227 ) ;
#3988 = EDGE_CURVE ( 'NONE', #1957, #1593, #409, .T. ) ;
#3989 = ORIENTED_EDGE ( 'NONE', *, *, #6691, .T. ) ;
#3990 = ORIENTED_EDGE ( 'NONE', *, *, #5961, .F. ) ;
#3991 = CARTESIAN_POINT ( 'NONE',  ( 44.99999999999998579, 30.77350269189626175, -21.44924440733136350 ) ) ;
#3992 = PLANE ( 'NONE',  #9904 ) ;
#3993 = DIRECTION ( 'NONE',  ( 0.000000000000000000, 0.5000000000000001110, 0.8660254037844384856 ) ) ;
#3994 = CARTESIAN_POINT ( 'NONE',  ( 44.99999999999998579, 10.22747077249215941, -10.72462220366567820 ) ) ;
#3995 = PLANE ( 'NONE',  #3427 ) ;
#3996 = DIRECTION ( 'NONE',  ( 0.000000000000000000, 0.5000000000000005551, -0.8660254037844382635 ) ) ;
#3997 = ORIENTED_EDGE ( 'NONE', *, *, #4396, .F. ) ;
#3998 = ORIENTED_EDGE ( 'NONE', *, *, #4546, .F. ) ;
#3999 = EDGE_CURVE ( 'NONE', #887, #3730, #4556, .T. ) ;
#4000 = ORIENTED_EDGE ( 'NONE', *, *, #1970, .T. ) ;
#4001 = LINE ( 'NONE', #3302, #864 ) ;
#4002 = ORIENTED_EDGE ( 'NONE', *, *, #7389, .F. ) ;
#4003 = CARTESIAN_POINT ( 'NONE',  ( -45.00000000000002132, 19.22649730810372759, 21.44924440733136350 ) ) ;
#4004 = CARTESIAN_POINT ( 'NONE',  ( -40.60000000000001563, 4.999999999999997335, -37.17386661099703815 ) ) ;
#4005 = CARTESIAN_POINT ( 'NONE',  ( -40.60000000000001563, 18.88772481033656092, -37.17386661099703815 ) ) ;
#4006 = CARTESIAN_POINT ( 'NONE',  ( -45.00000000000002132, 31.11227518966342487, 37.17386661099703815 ) ) ;
#4007 = EDGE_CURVE ( 'NONE', #7689, #658, #299, .T. ) ;
#4008 = CARTESIAN_POINT ( 'NONE',  ( -3.501671751013964329, 2.000000000000001776, -19.76512771830456217 ) ) ;
#4009 = EDGE_LOOP ( 'NONE', ( #5776, #1768, #2415, #1631 ) ) ;
#4010 = LINE ( 'NONE', #2350, #6556 ) ;
#4011 = ORIENTED_EDGE ( 'NONE', *, *, #2293, .F. ) ;
#4012 = APPLICATION_CONTEXT ( 'automotive_design' ) ;
#4013 = AXIS2_PLACEMENT_3D ( 'NONE', #9887, #2451, #4921 ) ;
#4014 = EDGE_CURVE ( 'NONE', #2070, #2674, #7832, .T. ) ;
#4015 = ORIENTED_EDGE ( 'NONE', *, *, #10132, .T. ) ;
#4016 = VECTOR ( 'NONE', #514, 1000.000000000000000 ) ;
#4017 = CARTESIAN_POINT ( 'NONE',  ( -40.60000000000001563, 18.88772481033655737, 15.72462220366568175 ) ) ;
#4018 = DIRECTION ( 'NONE',  ( 0.4999999999999995004, 0.8660254037844389297, 0.000000000000000000 ) ) ;
#4019 = DIRECTION ( 'NONE',  ( -0.000000000000000000, -0.000000000000000000, 1.000000000000000000 ) ) ;
#4020 = ORIENTED_EDGE ( 'NONE', *, *, #9607, .T. ) ;
#4021 = PLANE ( 'NONE',  #4942 ) ;
#4022 = ORIENTED_EDGE ( 'NONE', *, *, #9041, .T. ) ;
#4023 = EDGE_CURVE ( 'NONE', #6258, #5513, #8647, .T. ) ;
#4024 = ORIENTED_EDGE ( 'NONE', *, *, #6546, .T. ) ;
#4025 = EDGE_CURVE ( 'NONE', #786, #6188, #6897, .T. ) ;
#4026 = VECTOR ( 'NONE', #4530, 1000.000000000000000 ) ;
#4027 = DIRECTION ( 'NONE',  ( -3.854941057726242781E-17, -0.8660254037844383745, -0.5000000000000006661 ) ) ;
#4028 = CARTESIAN_POINT ( 'NONE',  ( -37.17386661099703105, 31.11227518966341421, -45.00000000000000711 ) ) ;
#4029 = CARTESIAN_POINT ( 'NONE',  ( 40.60000000000001563, 53.30361025463752611, -12.71189761665420370 ) ) ;
#4030 = LINE ( 'NONE', #7191, #5975 ) ;
#4031 = DIRECTION ( 'NONE',  ( 0.8660254037844383745, 0.5000000000000003331, 0.000000000000000000 ) ) ;
#4032 = CARTESIAN_POINT ( 'NONE',  ( 40.60000000000001563, 4.644439057571975837, -40.39471679417585648 ) ) ;
#4033 = VERTEX_POINT ( 'NONE', #8537 ) ;
#4034 = CARTESIAN_POINT ( 'NONE',  ( 44.99999999999998579, 22.11324865405186557, 16.44924440733134929 ) ) ;
#4035 = VECTOR ( 'NONE', #5815, 1000.000000000000000 ) ;
#4036 = DIRECTION ( 'NONE',  ( 4.506943796211494843E-16, -1.000000000000000000, 0.000000000000000000 ) ) ;
#4037 = VERTEX_POINT ( 'NONE', #1112 ) ;
#4038 = EDGE_CURVE ( 'NONE', #4848, #2180, #5264, .T. ) ;
#4039 = EDGE_CURVE ( 'NONE', #6882, #5137, #4386, .T. ) ;
#4040 = ORIENTED_EDGE ( 'NONE', *, *, #4446, .T. ) ;
#4041 = CARTESIAN_POINT ( 'NONE',  ( -45.00000000000002132, 18.88772481033656803, 27.17386661099703105 ) ) ;
#4042 = DIRECTION ( 'NONE',  ( 1.000000000000000000, -0.000000000000000000, -7.709882115452476934E-17 ) ) ;
#4043 = LINE ( 'NONE', #9108, #160 ) ;
#4044 = DIRECTION ( 'NONE',  ( -0.000000000000000000, -0.000000000000000000, 1.000000000000000000 ) ) ;
#4045 = EDGE_LOOP ( 'NONE', ( #1152, #6615, #453, #5837 ) ) ;
#4046 = ORIENTED_EDGE ( 'NONE', *, *, #3411, .F. ) ;
#4047 = EDGE_CURVE ( 'NONE', #9615, #617, #470, .T. ) ;
#4048 = ORIENTED_EDGE ( 'NONE', *, *, #10215, .F. ) ;
#4049 = VERTEX_POINT ( 'NONE', #2787 ) ;
#4050 = CARTESIAN_POINT ( 'NONE',  ( -45.00000000000001421, 13.11422211844028674, -5.724622203665674647 ) ) ;
#4051 = VERTEX_POINT ( 'NONE', #3530 ) ;
#4052 = CARTESIAN_POINT ( 'NONE',  ( 44.99999999999999289, 10.22747077249216652, 32.17386661099703105 ) ) ;
#4053 = CARTESIAN_POINT ( 'NONE',  ( -45.00000000000002132, 45.00000000000000000, -45.00000000000000711 ) ) ;
#4054 = CARTESIAN_POINT ( 'NONE',  ( -40.60000000000001563, 10.22747077249215941, -32.17386661099702394 ) ) ;
#4055 = EDGE_CURVE ( 'NONE', #8597, #569, #3695, .T. ) ;
#4056 = LINE ( 'NONE', #428, #7316 ) ;
#4057 = VECTOR ( 'NONE', #9591, 1000.000000000000000 ) ;
#4058 = LINE ( 'NONE', #3253, #1865 ) ;
#4059 = VERTEX_POINT ( 'NONE', #5321 ) ;
#4060 = CARTESIAN_POINT ( 'NONE',  ( -45.00000000000001421, 30.77350269189626175, -21.44924440733135640 ) ) ;
#4061 = ORIENTED_EDGE ( 'NONE', *, *, #8632, .F. ) ;
#4062 = AXIS2_PLACEMENT_3D ( 'NONE', #1340, #10274, #7952 ) ;
#4063 = VECTOR ( 'NONE', #1509, 1000.000000000000000 ) ;
#4064 = VECTOR ( 'NONE', #748, 1000.000000000000114 ) ;
#4065 = AXIS2_PLACEMENT_3D ( 'NONE', #4791, #5759, #2425 ) ;
#4066 = EDGE_CURVE ( 'NONE', #5100, #7275, #9361, .T. ) ;
#4067 = EDGE_CURVE ( 'NONE', #228, #3791, #2093, .T. ) ;
#4068 = LINE ( 'NONE', #1651, #5807 ) ;
#4069 = FACE_OUTER_BOUND ( 'NONE', #4662, .T. ) ;
#4070 = CARTESIAN_POINT ( 'NONE',  ( -45.00000000000001421, 27.88675134594812732, -26.44924440733135640 ) ) ;
#4071 = ORIENTED_EDGE ( 'NONE', *, *, #1675, .T. ) ;
#4072 = AXIS2_PLACEMENT_3D ( 'NONE', #4291, #1991, #7628 ) ;
#4073 = CARTESIAN_POINT ( 'NONE',  ( -4.999999999999994671, 22.11324865405186202, 44.99999999999999289 ) ) ;
#4074 = EDGE_LOOP ( 'NONE', ( #9277, #9056, #3565, #4099 ) ) ;
#4075 =( GEOMETRIC_REPRESENTATION_CONTEXT ( 3 ) GLOBAL_UNCERTAINTY_ASSIGNED_CONTEXT ( ( #2041 ) ) GLOBAL_UNIT_ASSIGNED_CONTEXT ( ( #305, #10066, #9368 ) ) REPRESENTATION_CONTEXT ( 'NONE', 'WORKASPACE' ) );
#4076 = ORIENTED_EDGE ( 'NONE', *, *, #6246, .F. ) ;
#4077 = CARTESIAN_POINT ( 'NONE',  ( 44.99999999999999289, 39.77252922750783171, 32.17386661099702394 ) ) ;
#4078 = LINE ( 'NONE', #9805, #7335 ) ;
#4079 = LINE ( 'NONE', #6637, #6673 ) ;
#4080 = DIRECTION ( 'NONE',  ( -0.000000000000000000, -0.000000000000000000, 1.000000000000000000 ) ) ;
#4081 = LINE ( 'NONE', #6639, #2251 ) ;
#4082 = CARTESIAN_POINT ( 'NONE',  ( 44.99999999999998579, 31.11227518966342487, -5.724622203665681752 ) ) ;
#4083 = ORIENTED_EDGE ( 'NONE', *, *, #5593, .T. ) ;
#4084 = EDGE_CURVE ( 'NONE', #3203, #10159, #8757, .T. ) ;
#4085 = DIRECTION ( 'NONE',  ( 1.000000000000000000, -0.000000000000000000, -7.709882115452476934E-17 ) ) ;
#4086 = PLANE ( 'NONE',  #3604 ) ;
#4087 = ORIENTED_EDGE ( 'NONE', *, *, #4925, .F. ) ;
#4088 = VECTOR ( 'NONE', #6886, 1000.000000000000000 ) ;
#4089 = ORIENTED_EDGE ( 'NONE', *, *, #2493, .T. ) ;
#4090 = AXIS2_PLACEMENT_3D ( 'NONE', #777, #1590, #9740 ) ;
#4091 = CARTESIAN_POINT ( 'NONE',  ( -26.44924440733134574, 22.11324865405184426, -45.00000000000000711 ) ) ;
#4092 = DIRECTION ( 'NONE',  ( 0.000000000000000000, 0.000000000000000000, -1.000000000000000000 ) ) ;
#4093 = CARTESIAN_POINT ( 'NONE',  ( -45.00000000000002132, 18.88772481033655737, 15.72462220366568175 ) ) ;
#4094 = EDGE_CURVE ( 'NONE', #4807, #7945, #4447, .T. ) ;
#4095 = LINE ( 'NONE', #1524, #9523 ) ;
#4096 = CARTESIAN_POINT ( 'NONE',  ( -45.00000000000002132, 18.88772481033656447, 37.17386661099703815 ) ) ;
#4097 = EDGE_CURVE ( 'NONE', #8032, #7772, #7778, .T. ) ;
#4098 = LINE ( 'NONE', #5774, #200 ) ;
#4099 = ORIENTED_EDGE ( 'NONE', *, *, #1052, .F. ) ;
#4100 = ORIENTED_EDGE ( 'NONE', *, *, #5373, .T. ) ;
#4101 = EDGE_LOOP ( 'NONE', ( #5002, #10381, #9369, #2571 ) ) ;
#4102 = ORIENTED_EDGE ( 'NONE', *, *, #5887, .F. ) ;
#4103 = ORIENTED_EDGE ( 'NONE', *, *, #4047, .F. ) ;
#4104 = FACE_OUTER_BOUND ( 'NONE', #8476, .T. ) ;
#4105 = CARTESIAN_POINT ( 'NONE',  ( -45.00000000000002132, 31.11227518966343553, 27.17386661099703105 ) ) ;
#4106 = FACE_BOUND ( 'NONE', #5245, .T. ) ;
#4107 = FACE_OUTER_BOUND ( 'NONE', #7426, .T. ) ;
#4108 = DIRECTION ( 'NONE',  ( 3.854941057726242165E-17, 0.8660254037844383745, 0.5000000000000006661 ) ) ;
#4109 = CYLINDRICAL_SURFACE ( 'NONE', #5802, 16.50000000000000355 ) ;
#4110 = ORIENTED_EDGE ( 'NONE', *, *, #352, .T. ) ;
#4111 = AXIS2_PLACEMENT_3D ( 'NONE', #6694, #4398, #3383 ) ;
#4112 = CARTESIAN_POINT ( 'NONE',  ( -29.67009459051013920, -13.93115149115835294, 40.59999999999998721 ) ) ;
#4113 = ORIENTED_EDGE ( 'NONE', *, *, #8245, .T. ) ;
#4114 = VECTOR ( 'NONE', #7697, 1000.000000000000000 ) ;
#4115 = VECTOR ( 'NONE', #2727, 999.9999999999998863 ) ;
#4116 = ORIENTED_EDGE ( 'NONE', *, *, #6231, .T. ) ;
#4117 = EDGE_CURVE ( 'NONE', #7453, #3466, #6955, .T. ) ;
#4118 = AXIS2_PLACEMENT_3D ( 'NONE', #3268, #9846, #6570 ) ;
#4119 = PLANE ( 'NONE',  #7413 ) ;
#4120 = VECTOR ( 'NONE', #1154, 1000.000000000000000 ) ;
#4121 = LINE ( 'NONE', #6568, #3064 ) ;
#4122 = PLANE ( 'NONE',  #9975 ) ;
#4123 = DIRECTION ( 'NONE',  ( -1.000000000000000000, -4.506943796211494843E-16, 0.000000000000000000 ) ) ;
#4124 = VECTOR ( 'NONE', #5307, 1000.000000000000000 ) ;
#4125 = VERTEX_POINT ( 'NONE', #3751 ) ;
#4126 = CARTESIAN_POINT ( 'NONE',  ( -45.00000000000001421, 31.11227518966343553, -37.17386661099703815 ) ) ;
#4127 = ORIENTED_EDGE ( 'NONE', *, *, #4325, .F. ) ;
#4128 = VECTOR ( 'NONE', #4926, 1000.000000000000114 ) ;
#4129 = ORIENTED_EDGE ( 'NONE', *, *, #7117, .T. ) ;
#4130 = EDGE_CURVE ( 'NONE', #10652, #1092, #4503, .T. ) ;
#4131 = ADVANCED_FACE ( 'NONE', ( #10328 ), #2032, .F. ) ;
#4132 = VECTOR ( 'NONE', #1345, 1000.000000000000000 ) ;
#4133 = FACE_OUTER_BOUND ( 'NONE', #4743, .T. ) ;
#4134 = CARTESIAN_POINT ( 'NONE',  ( -45.00000000000001421, 28.22552384371529755, -10.72462220366567109 ) ) ;
#4135 = CYLINDRICAL_SURFACE ( 'NONE', #3207, 16.50000000000000355 ) ;
#4136 = CARTESIAN_POINT ( 'NONE',  ( -45.00000000000001421, 13.11422211844028674, -5.724622203665674647 ) ) ;
#4137 = CARTESIAN_POINT ( 'NONE',  ( -45.00000000000002132, 21.77447615628469180, 10.72462220366567820 ) ) ;
#4138 = CARTESIAN_POINT ( 'NONE',  ( -45.00000000000002132, 36.88577788155969728, 37.17386661099703815 ) ) ;
#4139 = ORIENTED_EDGE ( 'NONE', *, *, #7399, .F. ) ;
#4140 = CARTESIAN_POINT ( 'NONE',  ( 32.17386661099703815, 39.77252922750778907, -45.00000000000000711 ) ) ;
#4141 = CARTESIAN_POINT ( 'NONE',  ( -4.999999999999997335, 27.88675134594810245, -45.00000000000000711 ) ) ;
#4142 = VERTEX_POINT ( 'NONE', #10168 ) ;
#4143 = DIRECTION ( 'NONE',  ( 7.709882115452476934E-17, 0.000000000000000000, 1.000000000000000000 ) ) ;
#4144 = DIRECTION ( 'NONE',  ( -0.000000000000000000, -0.000000000000000000, 1.000000000000000000 ) ) ;
#4145 = DIRECTION ( 'NONE',  ( 0.000000000000000000, -0.5000000000000004441, 0.8660254037844382635 ) ) ;
#4146 = CARTESIAN_POINT ( 'NONE',  ( -40.60000000000001563, 45.00000000000000000, -40.59999999999998721 ) ) ;
#4147 = DIRECTION ( 'NONE',  ( -0.9816271834476639757, -0.1908089953765452762, -8.514258598918271954E-17 ) ) ;
#4148 = CARTESIAN_POINT ( 'NONE',  ( -53.55041348517859490, 27.43077413535439035, 40.59999999999998721 ) ) ;
#4149 = ORIENTED_EDGE ( 'NONE', *, *, #4865, .F. ) ;
#4150 = EDGE_CURVE ( 'NONE', #9905, #7815, #10385, .T. ) ;
#4151 = ORIENTED_EDGE ( 'NONE', *, *, #3088, .T. ) ;
#4152 = ORIENTED_EDGE ( 'NONE', *, *, #7494, .T. ) ;
#4153 = VECTOR ( 'NONE', #10712, 1000.000000000000000 ) ;
#4154 = ADVANCED_FACE ( 'NONE', ( #2145 ), #5425, .F. ) ;
#4155 = EDGE_CURVE ( 'NONE', #9032, #10148, #3856, .T. ) ;
#4156 = ORIENTED_EDGE ( 'NONE', *, *, #10617, .F. ) ;
#4157 = ORIENTED_EDGE ( 'NONE', *, *, #5883, .F. ) ;
#4158 = EDGE_CURVE ( 'NONE', #2490, #3715, #2198, .T. ) ;
#4159 = ORIENTED_EDGE ( 'NONE', *, *, #3370, .F. ) ;
#4160 = CARTESIAN_POINT ( 'NONE',  ( 39.02809845431146840, -5.000000000000000000, -36.08321690396842740 ) ) ;
#4161 = LINE ( 'NONE', #72, #6733 ) ;
#4162 = DIRECTION ( 'NONE',  ( -0.000000000000000000, 0.000000000000000000, 1.000000000000000000 ) ) ;
#4163 = LINE ( 'NONE', #6502, #664 ) ;
#4164 = LINE ( 'NONE', #130, #6301 ) ;
#4165 = CARTESIAN_POINT ( 'NONE',  ( 33.34396987557885694, 1.999999999999975797, 17.08051390828826399 ) ) ;
#4166 = EDGE_LOOP ( 'NONE', ( #6560, #3162, #9563, #5848 ) ) ;
#4167 = PLANE ( 'NONE',  #10395 ) ;
#4168 = ORIENTED_EDGE ( 'NONE', *, *, #3508, .F. ) ;
#4169 = ORIENTED_EDGE ( 'NONE', *, *, #1688, .F. ) ;
#4170 = ADVANCED_FACE ( 'NONE', ( #4613 ), #10535, .F. ) ;
#4171 = ORIENTED_EDGE ( 'NONE', *, *, #5769, .F. ) ;
#4172 = PLANE ( 'NONE',  #3949 ) ;
#4173 = DIRECTION ( 'NONE',  ( -0.000000000000000000, -0.000000000000000000, 1.000000000000000000 ) ) ;
#4174 = CARTESIAN_POINT ( 'NONE',  ( 16.44924440733135995, 27.88675134594808469, -45.00000000000000711 ) ) ;
#4175 = CARTESIAN_POINT ( 'NONE',  ( -15.72462220366567109, 18.88772481033651474, -45.00000000000000711 ) ) ;
#4176 = ORIENTED_EDGE ( 'NONE', *, *, #4396, .T. ) ;
#4177 = CARTESIAN_POINT ( 'NONE',  ( -45.00000000000001421, 36.88577788155969728, 5.724622203665675535 ) ) ;
#4178 = ORIENTED_EDGE ( 'NONE', *, *, #5577, .F. ) ;
#4179 = ADVANCED_FACE ( 'NONE', ( #7325 ), #7276, .F. ) ;
#4180 = EDGE_LOOP ( 'NONE', ( #6436, #7307, #3986, #6315 ) ) ;
#4181 = EDGE_CURVE ( 'NONE', #9238, #9990, #1389, .T. ) ;
#4182 = VERTEX_POINT ( 'NONE', #1436 ) ;
#4183 = AXIS2_PLACEMENT_3D ( 'NONE', #6613, #1860, #1642 ) ;
#4184 = CARTESIAN_POINT ( 'NONE',  ( -40.60000000000001563, 21.22947990248992056, -31.22990540948979898 ) ) ;
#4185 = CARTESIAN_POINT ( 'NONE',  ( 15.72462220366568886, 13.11422211844027608, -45.00000000000000711 ) ) ;
#4186 = LINE ( 'NONE', #97, #9926 ) ;
#4187 = PLANE ( 'NONE',  #6850 ) ;
#4188 = DIRECTION ( 'NONE',  ( 0.3939192985791675206, 0.000000000000000000, -0.9191450300180579180 ) ) ;
#4189 = EDGE_CURVE ( 'NONE', #1647, #2823, #522, .T. ) ;
#4190 = DIRECTION ( 'NONE',  ( 0.5000000000000004441, -0.8660254037844384856, 0.000000000000000000 ) ) ;
#4191 = DIRECTION ( 'NONE',  ( 1.000000000000000000, 0.000000000000000000, 0.000000000000000000 ) ) ;
#4192 = ORIENTED_EDGE ( 'NONE', *, *, #1597, .F. ) ;
#4193 = DIRECTION ( 'NONE',  ( 0.4999999999999995004, 0.8660254037844389297, 0.000000000000000000 ) ) ;
#4194 = DIRECTION ( 'NONE',  ( -1.000000000000000000, -4.506943796211494843E-16, 0.000000000000000000 ) ) ;
#4195 = ORIENTED_EDGE ( 'NONE', *, *, #6775, .T. ) ;
#4196 = VECTOR ( 'NONE', #1738, 1000.000000000000000 ) ;
#4197 = AXIS2_PLACEMENT_3D ( 'NONE', #8929, #9855, #3974 ) ;
#4198 = CARTESIAN_POINT ( 'NONE',  ( -40.60000000000001563, 4.999999999999997335, -27.17386661099702749 ) ) ;
#4199 = DIRECTION ( 'NONE',  ( 3.854941057726239700E-17, -0.8660254037844385966, 0.5000000000000003331 ) ) ;
#4200 = LINE ( 'NONE', #2484, #4371 ) ;
#4201 = CARTESIAN_POINT ( 'NONE',  ( -46.97256513967722213, 16.03760659646314579, -40.59999999999998721 ) ) ;
#4202 = CARTESIAN_POINT ( 'NONE',  ( -7.349586514821488947, 62.59140552900263543, -40.59999999999998721 ) ) ;
#4203 = DIRECTION ( 'NONE',  ( -0.000000000000000000, -0.000000000000000000, 1.000000000000000000 ) ) ;
#4204 = EDGE_CURVE ( 'NONE', #7636, #3409, #10634, .T. ) ;
#4205 = CARTESIAN_POINT ( 'NONE',  ( -3.568635993046918475, 0.5924587855858967078, -21.82265583536102938 ) ) ;
#4206 = ORIENTED_EDGE ( 'NONE', *, *, #3508, .T. ) ;
#4207 = ORIENTED_EDGE ( 'NONE', *, *, #632, .T. ) ;
#4208 = EDGE_LOOP ( 'NONE', ( #3651, #6780, #5485, #1953 ) ) ;
#4209 = ORIENTED_EDGE ( 'NONE', *, *, #4823, .T. ) ;
#4210 = EDGE_LOOP ( 'NONE', ( #7579, #9526, #7916, #7104 ) ) ;
#4211 = FACE_OUTER_BOUND ( 'NONE', #1330, .T. ) ;
#4212 = LINE ( 'NONE', #5081, #1891 ) ;
#4213 = DIRECTION ( 'NONE',  ( 1.000000000000000000, 0.000000000000000000, 0.000000000000000000 ) ) ;
#4214 = PLANE ( 'NONE',  #4442 ) ;
#4215 = LINE ( 'NONE', #6665, #61 ) ;
#4216 = LINE ( 'NONE', #3419, #6336 ) ;
#4217 = ORIENTED_EDGE ( 'NONE', *, *, #2009, .T. ) ;
#4218 = VERTEX_POINT ( 'NONE', #574 ) ;
#4219 = EDGE_CURVE ( 'NONE', #5820, #9954, #5682, .T. ) ;
#4220 = PLANE ( 'NONE',  #10074 ) ;
#4221 = ORIENTED_EDGE ( 'NONE', *, *, #619, .F. ) ;
#4222 = VECTOR ( 'NONE', #5366, 1000.000000000000000 ) ;
#4223 = DIRECTION ( 'NONE',  ( -0.000000000000000000, 1.000000000000000000, -0.000000000000000000 ) ) ;
#4224 = FACE_OUTER_BOUND ( 'NONE', #4009, .T. ) ;
#4225 = ADVANCED_FACE ( 'NONE', ( #9631 ), #1533, .F. ) ;
#4226 = FACE_OUTER_BOUND ( 'NONE', #3887, .T. ) ;
#4227 = PLANE ( 'NONE',  #10560 ) ;
#4228 = ADVANCED_FACE ( 'NONE', ( #4762 ), #8911, .F. ) ;
#4229 = APPLICATION_PROTOCOL_DEFINITION ( 'draft international standard', 'automotive_design', 1998, #9023 ) ;
#4230 = EDGE_LOOP ( 'NONE', ( #9815, #3205, #7582, #9425, #2682, #2503 ) ) ;
#4231 = AXIS2_PLACEMENT_3D ( 'NONE', #5020, #5186, #9444 ) ;
#4232 = ORIENTED_EDGE ( 'NONE', *, *, #3369, .T. ) ;
#4233 = ORIENTED_EDGE ( 'NONE', *, *, #3245, .T. ) ;
#4234 = VECTOR ( 'NONE', #7503, 1000.000000000000000 ) ;
#4235 = CARTESIAN_POINT ( 'NONE',  ( -40.60000000000001563, -13.93115149115827300, -29.67009459051017117 ) ) ;
#4236 = CARTESIAN_POINT ( 'NONE',  ( -40.60000000000001563, 6.749811322098094202, -41.61025403784437771 ) ) ;
#4237 = VECTOR ( 'NONE', #5437, 1000.000000000000227 ) ;
#4238 = DIRECTION ( 'NONE',  ( -0.5000000000000007772, 0.8660254037844382635, 0.000000000000000000 ) ) ;
#4239 = DIRECTION ( 'NONE',  ( 0.000000000000000000, 1.000000000000000000, 0.000000000000000000 ) ) ;
#4240 = DIRECTION ( 'NONE',  ( -1.000000000000000000, -0.000000000000000000, -0.000000000000000000 ) ) ;
#4241 = CARTESIAN_POINT ( 'NONE',  ( -40.60000000000001563, 4.999999999999997335, 26.44924440733135285 ) ) ;
#4242 = EDGE_CURVE ( 'NONE', #5658, #2775, #2299, .T. ) ;
#4243 = FILL_AREA_STYLE ('',( #3444 ) ) ;
#4244 = VERTEX_POINT ( 'NONE', #6352 ) ;
#4245 = DIRECTION ( 'NONE',  ( 0.000000000000000000, -0.5000000000000002220, -0.8660254037844384856 ) ) ;
#4246 = AXIS2_PLACEMENT_3D ( 'NONE', #3202, #6505, #3910 ) ;
#4247 = DIRECTION ( 'NONE',  ( 0.000000000000000000, 0.5000000000000002220, 0.8660254037844385966 ) ) ;
#4248 = VERTEX_POINT ( 'NONE', #3149 ) ;
#4249 = VECTOR ( 'NONE', #2202, 999.9999999999998863 ) ;
#4250 = AXIS2_PLACEMENT_3D ( 'NONE', #6515, #2359, #8977 ) ;
#4251 = ORIENTED_EDGE ( 'NONE', *, *, #10446, .F. ) ;
#4252 = CARTESIAN_POINT ( 'NONE',  ( 40.60000000000001563, -1.910442715746309528, -36.61025403784437060 ) ) ;
#4253 = VECTOR ( 'NONE', #8274, 1000.000000000000000 ) ;
#4254 = CARTESIAN_POINT ( 'NONE',  ( 44.99999999999999289, 22.11324865405186557, 16.44924440733134574 ) ) ;
#4255 = CARTESIAN_POINT ( 'NONE',  ( -45.00000000000001421, 36.88577788155969728, -27.17386661099702749 ) ) ;
#4256 = LINE ( 'NONE', #6822, #8818 ) ;
#4257 = CARTESIAN_POINT ( 'NONE',  ( 5.724622203665686193, 31.11227518966341421, 40.59999999999996589 ) ) ;
#4258 = PLANE ( 'NONE',  #30 ) ;
#4259 = ORIENTED_EDGE ( 'NONE', *, *, #10090, .F. ) ;
#4260 = VERTEX_POINT ( 'NONE', #6452 ) ;
#4261 = ORIENTED_EDGE ( 'NONE', *, *, #5401, .F. ) ;
#4262 = ORIENTED_EDGE ( 'NONE', *, *, #6294, .F. ) ;
#4263 = ADVANCED_FACE ( 'NONE', ( #8003 ), #8102, .F. ) ;
#4264 = ORIENTED_EDGE ( 'NONE', *, *, #7177, .T. ) ;
#4265 = CARTESIAN_POINT ( 'NONE',  ( -40.60000000000001563, 31.11227518966342487, -27.17386661099702749 ) ) ;
#4266 = LINE ( 'NONE', #4869, #683 ) ;
#4267 = LINE ( 'NONE', #7602, #6142 ) ;
#4268 = LINE ( 'NONE', #10263, #517 ) ;
#4269 = FACE_OUTER_BOUND ( 'NONE', #8325, .T. ) ;
#4270 = DIRECTION ( 'NONE',  ( 0.000000000000000000, 0.5000000000000002220, 0.8660254037844385966 ) ) ;
#4271 = EDGE_LOOP ( 'NONE', ( #7539, #10555, #9520, #10633 ) ) ;
#4272 = EDGE_LOOP ( 'NONE', ( #8796, #1237, #5602, #1565 ) ) ;
#4273 = CARTESIAN_POINT ( 'NONE',  ( -37.17386661099703105, 18.88772481033652184, -45.00000000000000711 ) ) ;
#4274 = ORIENTED_EDGE ( 'NONE', *, *, #5184, .F. ) ;
#4275 = DIRECTION ( 'NONE',  ( 1.000000000000000000, -0.000000000000000000, -7.709882115452476934E-17 ) ) ;
#4276 = VECTOR ( 'NONE', #264, 1000.000000000000000 ) ;
#4277 = VECTOR ( 'NONE', #3093, 999.9999999999998863 ) ;
#4278 = DIRECTION ( 'NONE',  ( 0.8660254037844383745, 0.5000000000000003331, 0.000000000000000000 ) ) ;
#4279 = DIRECTION ( 'NONE',  ( 0.8660254037844383745, 0.5000000000000003331, 0.000000000000000000 ) ) ;
#4280 = DIRECTION ( 'NONE',  ( 7.709882115452476934E-17, 0.000000000000000000, 1.000000000000000000 ) ) ;
#4281 = ORIENTED_EDGE ( 'NONE', *, *, #2309, .T. ) ;
#4282 = ORIENTED_EDGE ( 'NONE', *, *, #2169, .F. ) ;
#4283 = VECTOR ( 'NONE', #1613, 1000.000000000000000 ) ;
#4284 = ADVANCED_FACE ( 'NONE', ( #5582 ), #8053, .F. ) ;
#4285 = ORIENTED_EDGE ( 'NONE', *, *, #3571, .T. ) ;
#4286 = EDGE_CURVE ( 'NONE', #1406, #806, #5531, .T. ) ;
#4287 = AXIS2_PLACEMENT_3D ( 'NONE', #10587, #9835, #3954 ) ;
#4288 = ADVANCED_FACE ( 'NONE', ( #9784 ), #3906, .F. ) ;
#4289 = CARTESIAN_POINT ( 'NONE',  ( -40.60000000000001563, 27.88675134594812732, -16.44924440733134929 ) ) ;
#4290 = DIRECTION ( 'NONE',  ( -0.5000000000000007772, 0.8660254037844382635, 0.000000000000000000 ) ) ;
#4291 = CARTESIAN_POINT ( 'NONE',  ( -15.72462220366566754, 13.11422211844027608, -45.00000000000000711 ) ) ;
#4292 = CARTESIAN_POINT ( 'NONE',  ( 27.17386661099703815, 31.11227518966341421, -40.59999999999998721 ) ) ;
#4293 = VECTOR ( 'NONE', #10641, 1000.000000000000000 ) ;
#4294 = CARTESIAN_POINT ( 'NONE',  ( 10.72462220366569063, 39.77252922750778907, -45.00000000000000711 ) ) ;
#4295 = CARTESIAN_POINT ( 'NONE',  ( -10.72462220366566577, 39.77252922750778907, -45.00000000000000711 ) ) ;
#4296 = ORIENTED_EDGE ( 'NONE', *, *, #10603, .T. ) ;
#4297 = FACE_BOUND ( 'NONE', #7490, .T. ) ;
#4298 = VECTOR ( 'NONE', #3772, 999.9999999999998863 ) ;
#4299 = DIRECTION ( 'NONE',  ( 0.000000000000000000, 1.000000000000000000, 0.000000000000000000 ) ) ;
#4300 = ORIENTED_EDGE ( 'NONE', *, *, #1633, .F. ) ;
#4301 = VECTOR ( 'NONE', #8713, 1000.000000000000000 ) ;
#4302 = AXIS2_PLACEMENT_3D ( 'NONE', #8374, #1118, #10171 ) ;
#4303 = CARTESIAN_POINT ( 'NONE',  ( 20.00000000000002842, -5.000000000000000000, 20.00000000000000355 ) ) ;
#4304 = EDGE_CURVE ( 'NONE', #3134, #2128, #5952, .T. ) ;
#4305 = ORIENTED_EDGE ( 'NONE', *, *, #4304, .F. ) ;
#4306 = LINE ( 'NONE', #5938, #3309 ) ;
#4307 = DIRECTION ( 'NONE',  ( 0.8660254037844389297, -0.4999999999999995004, 0.000000000000000000 ) ) ;
#4308 = DIRECTION ( 'NONE',  ( 1.000000000000000000, 0.000000000000000000, -7.709882115452476934E-17 ) ) ;
#4309 = LINE ( 'NONE', #5830, #4114 ) ;
#4310 = LINE ( 'NONE', #9557, #3507 ) ;
#4311 = CARTESIAN_POINT ( 'NONE',  ( 15.72462220366568175, 36.88577788155966886, -45.00000000000000711 ) ) ;
#4312 = ORIENTED_EDGE ( 'NONE', *, *, #1470, .F. ) ;
#4313 = ORIENTED_EDGE ( 'NONE', *, *, #5427, .T. ) ;
#4314 = EDGE_CURVE ( 'NONE', #4760, #8728, #4266, .T. ) ;
#4315 = ORIENTED_EDGE ( 'NONE', *, *, #9088, .F. ) ;
#4316 = ORIENTED_EDGE ( 'NONE', *, *, #868, .F. ) ;
#4317 = EDGE_LOOP ( 'NONE', ( #4232, #767, #6881, #7115 ) ) ;
#4318 = PLANE ( 'NONE',  #10559 ) ;
#4319 = DIRECTION ( 'NONE',  ( 0.000000000000000000, 1.000000000000000000, -0.000000000000000000 ) ) ;
#4320 = CARTESIAN_POINT ( 'NONE',  ( 3.385147930571404860E-15, -5.000000000000000000, -39.02809845431143287 ) ) ;
#4321 = CARTESIAN_POINT ( 'NONE',  ( -45.00000000000002132, 27.88675134594812732, 16.44924440733135285 ) ) ;
#4322 = FACE_OUTER_BOUND ( 'NONE', #2194, .T. ) ;
#4323 = AXIS2_PLACEMENT_3D ( 'NONE', #6381, #9719, #7101 ) ;
#4324 = EDGE_CURVE ( 'NONE', #2064, #10349, #4161, .T. ) ;
#4325 = EDGE_CURVE ( 'NONE', #6801, #7061, #1749, .T. ) ;
#4326 = ORIENTED_EDGE ( 'NONE', *, *, #1892, .F. ) ;
#4327 = VERTEX_POINT ( 'NONE', #6553 ) ;
#4328 = ORIENTED_EDGE ( 'NONE', *, *, #6490, .F. ) ;
#4329 = VECTOR ( 'NONE', #6974, 1000.000000000000000 ) ;
#4330 = CARTESIAN_POINT ( 'NONE',  ( -15.72462220366566754, 31.11227518966341421, -45.00000000000000711 ) ) ;
#4331 = EDGE_LOOP ( 'NONE', ( #4453, #3098, #8745, #9524 ) ) ;
#4332 = EDGE_CURVE ( 'NONE', #7672, #5133, #4918, .T. ) ;
#4333 = CARTESIAN_POINT ( 'NONE',  ( -45.00000000000001421, 28.22552384371529755, -32.17386661099702394 ) ) ;
#4334 = CARTESIAN_POINT ( 'NONE',  ( 10.72462220366568886, 28.22552384371528333, 40.59999999999996589 ) ) ;
#4335 = LINE ( 'NONE', #3531, #3918 ) ;
#4336 = DIRECTION ( 'NONE',  ( -0.000000000000000000, -0.000000000000000000, 1.000000000000000000 ) ) ;
#4337 = FACE_OUTER_BOUND ( 'NONE', #8261, .T. ) ;
#4338 = PLANE ( 'NONE',  #3065 ) ;
#4339 = ORIENTED_EDGE ( 'NONE', *, *, #4066, .F. ) ;
#4340 = EDGE_CURVE ( 'NONE', #449, #4382, #2552, .T. ) ;
#4341 = ORIENTED_EDGE ( 'NONE', *, *, #4023, .T. ) ;
#4342 = ORIENTED_EDGE ( 'NONE', *, *, #8013, .F. ) ;
#4343 = CARTESIAN_POINT ( 'NONE',  ( -40.00000000000003553, 0.000000000000000000, -37.05511844965704427 ) ) ;
#4344 = FACE_OUTER_BOUND ( 'NONE', #3460, .T. ) ;
#4345 = DIRECTION ( 'NONE',  ( -0.7071067811865472397, 0.000000000000000000, 0.7071067811865479058 ) ) ;
#4346 = DIRECTION ( 'NONE',  ( 0.000000000000000000, -0.5000000000000002220, -0.8660254037844384856 ) ) ;
#4347 = CARTESIAN_POINT ( 'NONE',  ( -41.61025403784437060, 6.749811322098027588, 40.59999999999998721 ) ) ;
#4348 = CARTESIAN_POINT ( 'NONE',  ( 26.44924440733135995, 27.88675134594810245, 40.59999999999996589 ) ) ;
#4349 = ORIENTED_EDGE ( 'NONE', *, *, #10617, .T. ) ;
#4350 = CARTESIAN_POINT ( 'NONE',  ( -5.724622203665671094, 36.88577788155966886, -40.59999999999998721 ) ) ;
#4351 = CARTESIAN_POINT ( 'NONE',  ( -45.00000000000001421, 22.11324865405187268, -5.000000000000001776 ) ) ;
#4352 = ORIENTED_EDGE ( 'NONE', *, *, #10164, .T. ) ;
#4353 = EDGE_CURVE ( 'NONE', #9030, #10069, #127, .T. ) ;
#4354 = VECTOR ( 'NONE', #9125, 1000.000000000000000 ) ;
#4355 = ORIENTED_EDGE ( 'NONE', *, *, #9752, .T. ) ;
#4356 = ORIENTED_EDGE ( 'NONE', *, *, #8806, .F. ) ;
#4357 = PLANE ( 'NONE',  #6953 ) ;
#4358 = CARTESIAN_POINT ( 'NONE',  ( -10.72462220366566754, 28.22552384371528333, -45.00000000000000711 ) ) ;
#4359 = FACE_OUTER_BOUND ( 'NONE', #4381, .T. ) ;
#4360 = CARTESIAN_POINT ( 'NONE',  ( 44.99999999999999289, 18.88772481033656092, 5.724622203665669318 ) ) ;
#4361 = DIRECTION ( 'NONE',  ( -0.8660254037844381525, -0.5000000000000006661, 0.000000000000000000 ) ) ;
#4362 = VECTOR ( 'NONE', #3798, 1000.000000000000000 ) ;
#4363 = DIRECTION ( 'NONE',  ( 0.000000000000000000, 1.000000000000000000, 0.000000000000000000 ) ) ;
#4364 = ORIENTED_EDGE ( 'NONE', *, *, #10483, .F. ) ;
#4365 = AXIS2_PLACEMENT_3D ( 'NONE', #2366, #7187, #8168 ) ;
#4366 = EDGE_CURVE ( 'NONE', #7119, #9599, #3468, .T. ) ;
#4367 = DIRECTION ( 'NONE',  ( -1.000000000000000000, -0.000000000000000000, -0.000000000000000000 ) ) ;
#4368 = EDGE_LOOP ( 'NONE', ( #1447, #1039, #6117, #10697 ) ) ;
#4369 = EDGE_CURVE ( 'NONE', #8959, #1144, #5730, .T. ) ;
#4370 = VERTEX_POINT ( 'NONE', #6782 ) ;
#4371 = VECTOR ( 'NONE', #5885, 1000.000000000000000 ) ;
#4372 = ORIENTED_EDGE ( 'NONE', *, *, #9389, .F. ) ;
#4373 = DIRECTION ( 'NONE',  ( 0.000000000000000000, -0.000000000000000000, 1.000000000000000000 ) ) ;
#4374 = DIRECTION ( 'NONE',  ( -0.000000000000000000, -0.000000000000000000, 1.000000000000000000 ) ) ;
#4375 = DIRECTION ( 'NONE',  ( -3.854941057726239700E-17, 0.8660254037844385966, -0.5000000000000002220 ) ) ;
#4376 = DIRECTION ( 'NONE',  ( -0.8660254037844389297, 0.4999999999999995004, 0.000000000000000000 ) ) ;
#4377 = PLANE ( 'NONE',  #1792 ) ;
#4378 = EDGE_CURVE ( 'NONE', #2631, #9689, #1803, .T. ) ;
#4379 = ORIENTED_EDGE ( 'NONE', *, *, #4716, .F. ) ;
#4380 = VECTOR ( 'NONE', #3596, 1000.000000000000000 ) ;
#4381 = EDGE_LOOP ( 'NONE', ( #10534, #1538, #10422, #5316 ) ) ;
#4382 = VERTEX_POINT ( 'NONE', #826 ) ;
#4383 = EDGE_CURVE ( 'NONE', #6332, #10640, #6723, .T. ) ;
#4384 = DIRECTION ( 'NONE',  ( -1.000000000000000000, 0.000000000000000000, 1.541976423090495387E-16 ) ) ;
#4385 = ORIENTED_EDGE ( 'NONE', *, *, #6584, .T. ) ;
#4386 = LINE ( 'NONE', #1923, #10549 ) ;
#4387 = DIRECTION ( 'NONE',  ( 0.000000000000000000, 0.5000000000000006661, -0.8660254037844383745 ) ) ;
#4388 = CARTESIAN_POINT ( 'NONE',  ( 20.00000000000002842, 46.66904755831214402, 3.499999999999999556 ) ) ;
#4389 = LINE ( 'NONE', #1926, #1835 ) ;
#4390 = LINE ( 'NONE', #141, #6034 ) ;
#4391 = ORIENTED_EDGE ( 'NONE', *, *, #1675, .F. ) ;
#4392 = ORIENTED_EDGE ( 'NONE', *, *, #10281, .F. ) ;
#4393 = EDGE_LOOP ( 'NONE', ( #9188, #4938, #4195, #9172 ) ) ;
#4394 = VERTEX_POINT ( 'NONE', #2663 ) ;
#4395 = ORIENTED_EDGE ( 'NONE', *, *, #10547, .F. ) ;
#4396 = EDGE_CURVE ( 'NONE', #8640, #353, #5841, .T. ) ;
#4397 = EDGE_CURVE ( 'NONE', #8845, #3938, #5033, .T. ) ;
#4398 = DIRECTION ( 'NONE',  ( 1.000000000000000000, 6.009258394948641055E-16, 0.000000000000000000 ) ) ;
#4399 = CARTESIAN_POINT ( 'NONE',  ( -45.00000000000002132, 13.11422211844028674, 15.72462220366568175 ) ) ;
#4400 = CARTESIAN_POINT ( 'NONE',  ( -45.00000000000001421, 21.77447615628469180, -10.72462220366567820 ) ) ;
#4401 = FACE_OUTER_BOUND ( 'NONE', #8963, .T. ) ;
#4402 = DIRECTION ( 'NONE',  ( -6.009258394948641055E-16, 1.000000000000000000, -0.000000000000000000 ) ) ;
#4403 = VECTOR ( 'NONE', #1214, 1000.000000000000000 ) ;
#4404 = CARTESIAN_POINT ( 'NONE',  ( -20.00000000000001776, 46.66904755831214402, 3.499999999999989342 ) ) ;
#4405 = ORIENTED_EDGE ( 'NONE', *, *, #3705, .T. ) ;
#4406 = DIRECTION ( 'NONE',  ( 0.000000000000000000, 1.000000000000000000, 0.000000000000000000 ) ) ;
#4407 = DIRECTION ( 'NONE',  ( -0.8660254037844389297, 0.4999999999999994449, 0.000000000000000000 ) ) ;
#4408 = VECTOR ( 'NONE', #4336, 1000.000000000000000 ) ;
#4409 = EDGE_LOOP ( 'NONE', ( #1849, #8422, #7855, #4178 ) ) ;
#4410 = VECTOR ( 'NONE', #4583, 1000.000000000000000 ) ;
#4411 = ORIENTED_EDGE ( 'NONE', *, *, #2659, .T. ) ;
#4412 = CARTESIAN_POINT ( 'NONE',  ( 10.72462220366569063, 21.77447615628465272, -45.00000000000000711 ) ) ;
#4413 = EDGE_CURVE ( 'NONE', #2038, #1157, #3249, .T. ) ;
#4414 = LINE ( 'NONE', #9272, #941 ) ;
#4415 = AXIS2_PLACEMENT_3D ( 'NONE', #10609, #10565, #4787 ) ;
#4416 = CARTESIAN_POINT ( 'NONE',  ( -40.60000000000001563, 42.53798395226703377, -18.92743486032273381 ) ) ;
#4417 = VECTOR ( 'NONE', #9263, 1000.000000000000000 ) ;
#4418 = DIRECTION ( 'NONE',  ( -0.000000000000000000, -1.000000000000000000, -0.000000000000000000 ) ) ;
#4419 = DIRECTION ( 'NONE',  ( 0.000000000000000000, 1.000000000000000000, -0.000000000000000000 ) ) ;
#4420 = ORIENTED_EDGE ( 'NONE', *, *, #4055, .T. ) ;
#4421 = DIRECTION ( 'NONE',  ( -0.7071067811865475727, 0.000000000000000000, 0.7071067811865474617 ) ) ;
#4422 = VERTEX_POINT ( 'NONE', #9884 ) ;
#4423 = CARTESIAN_POINT ( 'NONE',  ( -40.60000000000001563, 44.64335621679314414, -17.71189761665421258 ) ) ;
#4424 = VERTEX_POINT ( 'NONE', #8356 ) ;
#4425 = AXIS2_PLACEMENT_3D ( 'NONE', #1939, #1881, #1776 ) ;
#4426 = ORIENTED_EDGE ( 'NONE', *, *, #6625, .F. ) ;
#4427 = EDGE_LOOP ( 'NONE', ( #4967, #10315, #5197, #822 ) ) ;
#4428 = EDGE_CURVE ( 'NONE', #3826, #8842, #4212, .T. ) ;
#4429 = PLANE ( 'NONE',  #5364 ) ;
#4430 = ADVANCED_FACE ( 'NONE', ( #181 ), #1639, .F. ) ;
#4431 = ORIENTED_EDGE ( 'NONE', *, *, #10120, .T. ) ;
#4432 = CARTESIAN_POINT ( 'NONE',  ( -45.00000000000001421, 21.77447615628469180, -32.17386661099703105 ) ) ;
#4433 = ADVANCED_FACE ( 'NONE', ( #9993 ), #2496, .F. ) ;
#4434 = PLANE ( 'NONE',  #4477 ) ;
#4435 = CARTESIAN_POINT ( 'NONE',  ( 16.44924440733135995, 27.88675134594808469, 44.99999999999999289 ) ) ;
#4436 = LINE ( 'NONE', #2665, #4957 ) ;
#4437 = EDGE_LOOP ( 'NONE', ( #7288, #4647, #3182, #1745 ) ) ;
#4438 = PLANE ( 'NONE',  #4880 ) ;
#4439 = ORIENTED_EDGE ( 'NONE', *, *, #8794, .T. ) ;
#4440 = ORIENTED_EDGE ( 'NONE', *, *, #4353, .T. ) ;
#4441 = ORIENTED_EDGE ( 'NONE', *, *, #8961, .F. ) ;
#4442 = AXIS2_PLACEMENT_3D ( 'NONE', #1103, #9287, #4376 ) ;
#4443 = DIRECTION ( 'NONE',  ( -0.8660254037844381525, -0.5000000000000006661, 0.000000000000000000 ) ) ;
#4444 = EDGE_CURVE ( 'NONE', #3409, #6728, #3111, .T. ) ;
#4445 = ORIENTED_EDGE ( 'NONE', *, *, #284, .F. ) ;
#4446 = EDGE_CURVE ( 'NONE', #7762, #8445, #1913, .T. ) ;
#4447 = LINE ( 'NONE', #5212, #9697 ) ;
#4448 = PLANE ( 'NONE',  #4559 ) ;
#4449 = CARTESIAN_POINT ( 'NONE',  ( -39.02809845431143998, -5.000000000000000000, 36.08321690396837766 ) ) ;
#4450 = CARTESIAN_POINT ( 'NONE',  ( 40.59999999999998721, 21.77447615628469180, 10.72462220366567109 ) ) ;
#4451 = FACE_OUTER_BOUND ( 'NONE', #7639, .T. ) ;
#4452 = EDGE_LOOP ( 'NONE', ( #5136, #2513, #201, #3706 ) ) ;
#4453 = ORIENTED_EDGE ( 'NONE', *, *, #5790, .T. ) ;
#4454 = EDGE_CURVE ( 'NONE', #1545, #5094, #9459, .T. ) ;
#4455 = ORIENTED_EDGE ( 'NONE', *, *, #688, .T. ) ;
#4456 = VERTEX_POINT ( 'NONE', #2081 ) ;
#4457 = LINE ( 'NONE', #8716, #1327 ) ;
#4458 = LINE ( 'NONE', #2684, #2826 ) ;
#4459 = CARTESIAN_POINT ( 'NONE',  ( -45.00000000000001421, 30.77350269189626886, -1.511102531139998355E-16 ) ) ;
#4460 = CARTESIAN_POINT ( 'NONE',  ( 40.59999999999998721, 13.11422211844030450, 27.17386661099702394 ) ) ;
#4461 = CARTESIAN_POINT ( 'NONE',  ( -36.61025403784438481, -1.910442715746331954, 40.59999999999998721 ) ) ;
#4462 = CARTESIAN_POINT ( 'NONE',  ( 27.17386661099703460, 36.88577788155965465, -45.00000000000000711 ) ) ;
#4463 = EDGE_LOOP ( 'NONE', ( #1432, #2444, #10604, #7225 ) ) ;
#4464 = CARTESIAN_POINT ( 'NONE',  ( -5.317910530818768855, 4.999999999999997335, -12.40845790524378245 ) ) ;
#4465 = FACE_OUTER_BOUND ( 'NONE', #5272, .T. ) ;
#4466 = VECTOR ( 'NONE', #5869, 1000.000000000000000 ) ;
#4467 = EDGE_CURVE ( 'NONE', #1757, #6333, #2019, .T. ) ;
#4468 = VECTOR ( 'NONE', #8026, 1000.000000000000000 ) ;
#4469 = VECTOR ( 'NONE', #8251, 1000.000000000000000 ) ;
#4470 = CIRCLE ( 'NONE', #10043, 16.50000000000000000 ) ;
#4471 = ORIENTED_EDGE ( 'NONE', *, *, #567, .F. ) ;
#4472 = DIRECTION ( 'NONE',  ( 0.000000000000000000, 0.5000000000000006661, -0.8660254037844383745 ) ) ;
#4473 = LINE ( 'NONE', #8677, #4026 ) ;
#4474 = CARTESIAN_POINT ( 'NONE',  ( 42.99999999999996447, 45.00000000000000000, -43.00000000000000000 ) ) ;
#4475 = LINE ( 'NONE', #10302, #4468 ) ;
#4476 = LINE ( 'NONE', #10303, #2480 ) ;
#4477 = AXIS2_PLACEMENT_3D ( 'NONE', #8693, #341, #10317 ) ;
#4478 = LINE ( 'NONE', #1807, #6162 ) ;
#4479 = ORIENTED_EDGE ( 'NONE', *, *, #984, .T. ) ;
#4480 = CARTESIAN_POINT ( 'NONE',  ( -45.00000000000001421, 27.88675134594813088, 5.000000000000002665 ) ) ;
#4481 = ORIENTED_EDGE ( 'NONE', *, *, #3500, .T. ) ;
#4482 = CARTESIAN_POINT ( 'NONE',  ( -40.60000000000001563, 36.88577788155969728, -15.72462220366567820 ) ) ;
#4483 = VERTEX_POINT ( 'NONE', #2713 ) ;
#4484 = VECTOR ( 'NONE', #1113, 999.9999999999998863 ) ;
#4485 = AXIS2_PLACEMENT_3D ( 'NONE', #2127, #2010, #3729 ) ;
#4486 = ORIENTED_EDGE ( 'NONE', *, *, #2270, .T. ) ;
#4487 = VERTEX_POINT ( 'NONE', #6181 ) ;
#4488 = CARTESIAN_POINT ( 'NONE',  ( -10.72462220366566577, 21.77447615628465272, -45.00000000000000711 ) ) ;
#4489 = ORIENTED_EDGE ( 'NONE', *, *, #2506, .F. ) ;
#4490 = FACE_OUTER_BOUND ( 'NONE', #8753, .T. ) ;
#4491 = LINE ( 'NONE', #2778, #530 ) ;
#4492 = PLANE ( 'NONE',  #1829 ) ;
#4493 = DIRECTION ( 'NONE',  ( 0.7071067811865467956, 0.000000000000000000, 0.7071067811865483499 ) ) ;
#4494 = ORIENTED_EDGE ( 'NONE', *, *, #2139, .T. ) ;
#4495 = CARTESIAN_POINT ( 'NONE',  ( 44.99999999999998579, 10.22747077249215941, -32.17386661099703105 ) ) ;
#4496 = EDGE_CURVE ( 'NONE', #6049, #2466, #1213, .T. ) ;
#4497 = EDGE_CURVE ( 'NONE', #7912, #3854, #2827, .T. ) ;
#4498 = EDGE_CURVE ( 'NONE', #982, #3816, #5365, .T. ) ;
#4499 = ORIENTED_EDGE ( 'NONE', *, *, #2243, .F. ) ;
#4500 = DIRECTION ( 'NONE',  ( 1.000000000000000000, 0.000000000000000000, -7.709882115452476934E-17 ) ) ;
#4501 = EDGE_LOOP ( 'NONE', ( #5460, #2925 ) ) ;
#4502 = VECTOR ( 'NONE', #3609, 1000.000000000000000 ) ;
#4503 = LINE ( 'NONE', #1280, #8295 ) ;
#4504 = LINE ( 'NONE', #6750, #5511 ) ;
#4505 = LINE ( 'NONE', #3057, #2891 ) ;
#4506 = DIRECTION ( 'NONE',  ( 0.000000000000000000, -0.5000000000000006661, 0.8660254037844383745 ) ) ;
#4507 = DIRECTION ( 'NONE',  ( 0.8660254037844383745, 0.5000000000000004441, 0.000000000000000000 ) ) ;
#4508 = ORIENTED_EDGE ( 'NONE', *, *, #6090, .T. ) ;
#4509 = EDGE_CURVE ( 'NONE', #1724, #8381, #285, .T. ) ;
#4510 = EDGE_CURVE ( 'NONE', #399, #555, #8467, .T. ) ;
#4511 = AXIS2_PLACEMENT_3D ( 'NONE', #7462, #4849, #52 ) ;
#4512 = DIRECTION ( 'NONE',  ( -0.000000000000000000, -1.000000000000000000, -0.000000000000000000 ) ) ;
#4513 = ORIENTED_EDGE ( 'NONE', *, *, #2920, .T. ) ;
#4514 = EDGE_LOOP ( 'NONE', ( #5552, #2011, #2103, #4405 ) ) ;
#4515 = ORIENTED_EDGE ( 'NONE', *, *, #4304, .T. ) ;
#4516 = CARTESIAN_POINT ( 'NONE',  ( -37.17386661099703105, 13.11422211844028318, -45.00000000000000711 ) ) ;
#4517 = CARTESIAN_POINT ( 'NONE',  ( 44.99999999999999289, 13.11422211844029384, 37.17386661099703105 ) ) ;
#4518 = DIRECTION ( 'NONE',  ( -0.8660254037844385966, 0.5000000000000002220, 0.000000000000000000 ) ) ;
#4519 = DIRECTION ( 'NONE',  ( 0.8660254037844383745, 0.5000000000000003331, 0.000000000000000000 ) ) ;
#4520 = CARTESIAN_POINT ( 'NONE',  ( -17.08051390828823202, 1.999999999999989564, -33.34396987557884273 ) ) ;
#4521 = PLANE ( 'NONE',  #1852 ) ;
#4522 = ORIENTED_EDGE ( 'NONE', *, *, #9505, .F. ) ;
#4523 = LINE ( 'NONE', #9434, #3987 ) ;
#4524 = CARTESIAN_POINT ( 'NONE',  ( -20.00000000000001776, 46.66904755831214402, 19.99999999999998934 ) ) ;
#4525 = EDGE_CURVE ( 'NONE', #6685, #2670, #10261, .T. ) ;
#4526 = ORIENTED_EDGE ( 'NONE', *, *, #10573, .T. ) ;
#4527 = VERTEX_POINT ( 'NONE', #2938 ) ;
#4528 = ADVANCED_FACE ( 'NONE', ( #3574 ), #1964, .F. ) ;
#4529 = CARTESIAN_POINT ( 'NONE',  ( -45.00000000000001421, 18.88772481033655737, -27.17386661099702749 ) ) ;
#4530 = DIRECTION ( 'NONE',  ( 1.000000000000000000, -0.000000000000000000, -7.709882115452476934E-17 ) ) ;
#4531 = LINE ( 'NONE', #10564, #7200 ) ;
#4532 = CARTESIAN_POINT ( 'NONE',  ( -21.44924440733134574, 19.22649730810371338, -45.00000000000000711 ) ) ;
#4533 = CARTESIAN_POINT ( 'NONE',  ( -16.01985373650840572, 1.999999999999989564, -32.28330970379901288 ) ) ;
#4534 = LINE ( 'NONE', #3672, #8602 ) ;
#4535 = ORIENTED_EDGE ( 'NONE', *, *, #5779, .F. ) ;
#4536 = FACE_OUTER_BOUND ( 'NONE', #9124, .T. ) ;
#4537 = EDGE_LOOP ( 'NONE', ( #5909, #900, #5251, #7493, #679 ) ) ;
#4538 = LINE ( 'NONE', #10364, #9710 ) ;
#4539 = ORIENTED_EDGE ( 'NONE', *, *, #6339, .F. ) ;
#4540 = EDGE_LOOP ( 'NONE', ( #8668, #3351, #10409, #6410 ) ) ;
#4541 = EDGE_LOOP ( 'NONE', ( #10298, #8323, #10455, #1265, #10691, #7598 ) ) ;
#4542 = DIRECTION ( 'NONE',  ( 0.8660254037844385966, -0.5000000000000002220, 0.000000000000000000 ) ) ;
#4543 = ORIENTED_EDGE ( 'NONE', *, *, #5091, .T. ) ;
#4544 = LINE ( 'NONE', #2881, #6786 ) ;
#4545 = VECTOR ( 'NONE', #10142, 1000.000000000000114 ) ;
#4546 = EDGE_CURVE ( 'NONE', #8569, #7610, #3630, .T. ) ;
#4547 = DIRECTION ( 'NONE',  ( -1.541976423090495387E-16, -0.000000000000000000, -1.000000000000000000 ) ) ;
#4548 = CARTESIAN_POINT ( 'NONE',  ( -45.00000000000001421, 36.88577788155969728, 5.724622203665675535 ) ) ;
#4549 = FACE_OUTER_BOUND ( 'NONE', #2245, .T. ) ;
#4550 = VERTEX_POINT ( 'NONE', #10208 ) ;
#4551 = DIRECTION ( 'NONE',  ( 0.4999999999999995004, 0.8660254037844389297, 0.000000000000000000 ) ) ;
#4552 = ORIENTED_EDGE ( 'NONE', *, *, #2153, .T. ) ;
#4553 = VECTOR ( 'NONE', #700, 1000.000000000000000 ) ;
#4554 = ORIENTED_EDGE ( 'NONE', *, *, #3314, .T. ) ;
#4555 = ORIENTED_EDGE ( 'NONE', *, *, #1601, .T. ) ;
#4556 = LINE ( 'NONE', #7006, #1547 ) ;
#4557 = VERTEX_POINT ( 'NONE', #8637 ) ;
#4558 = DIRECTION ( 'NONE',  ( 0.000000000000000000, 0.5000000000000005551, -0.8660254037844382635 ) ) ;
#4559 = AXIS2_PLACEMENT_3D ( 'NONE', #9907, #2469, #1661 ) ;
#4560 = CARTESIAN_POINT ( 'NONE',  ( 40.60000000000001563, 45.00000000000000000, -40.59999999999998721 ) ) ;
#4561 = EDGE_CURVE ( 'NONE', #3732, #7072, #4491, .T. ) ;
#4562 = VECTOR ( 'NONE', #9658, 1000.000000000000227 ) ;
#4563 = FACE_OUTER_BOUND ( 'NONE', #2511, .T. ) ;
#4564 = LINE ( 'NONE', #7892, #9474 ) ;
#4565 = DIRECTION ( 'NONE',  ( 3.854941057726239700E-17, -0.8660254037844385966, 0.5000000000000003331 ) ) ;
#4566 = EDGE_LOOP ( 'NONE', ( #6121, #7713, #239, #6156, #6079, #397, #10473, #751 ) ) ;
#4567 = CARTESIAN_POINT ( 'NONE',  ( -20.95182409730020368, 1.159696836724220192, -3.500000000000013323 ) ) ;
#4568 = ORIENTED_EDGE ( 'NONE', *, *, #5043, .T. ) ;
#4569 = EDGE_CURVE ( 'NONE', #3435, #5273, #6068, .T. ) ;
#4570 = CARTESIAN_POINT ( 'NONE',  ( 15.72462220366568886, 13.11422211844027608, -45.00000000000000711 ) ) ;
#4571 = ADVANCED_FACE ( 'NONE', ( #5140 ), #4434, .F. ) ;
#4572 = CARTESIAN_POINT ( 'NONE',  ( -45.00000000000001421, 36.88577788155969728, 5.724622203665675535 ) ) ;
#4573 = CARTESIAN_POINT ( 'NONE',  ( -45.00000000000001421, 18.88772481033656092, -15.72462220366567820 ) ) ;
#4574 = DIRECTION ( 'NONE',  ( -7.709882115452476934E-17, 0.000000000000000000, -1.000000000000000000 ) ) ;
#4575 = PLANE ( 'NONE',  #8096 ) ;
#4576 = EDGE_LOOP ( 'NONE', ( #2203, #7988, #9398, #2818 ) ) ;
#4577 = FACE_OUTER_BOUND ( 'NONE', #4271, .T. ) ;
#4578 = ORIENTED_EDGE ( 'NONE', *, *, #9589, .T. ) ;
#4579 = CARTESIAN_POINT ( 'NONE',  ( -45.00000000000001421, 27.88675134594813443, -5.000000000000001776 ) ) ;
#4580 = EDGE_CURVE ( 'NONE', #915, #6682, #7820, .T. ) ;
#4581 = AXIS2_PLACEMENT_3D ( 'NONE', #7486, #7433, #9122 ) ;
#4582 = DIRECTION ( 'NONE',  ( 6.009258394948641055E-16, -1.000000000000000000, 0.000000000000000000 ) ) ;
#4583 = DIRECTION ( 'NONE',  ( -6.009258394948640069E-16, 1.000000000000000000, 0.000000000000000000 ) ) ;
#4584 = CARTESIAN_POINT ( 'NONE',  ( -16.44924440733134574, 27.88675134594809890, 44.99999999999999289 ) ) ;
#4585 = FACE_OUTER_BOUND ( 'NONE', #6174, .T. ) ;
#4586 = CARTESIAN_POINT ( 'NONE',  ( -10.72462220366566577, 21.77447615628465272, -45.00000000000000711 ) ) ;
#4587 = ORIENTED_EDGE ( 'NONE', *, *, #6578, .T. ) ;
#4588 = DIRECTION ( 'NONE',  ( 1.000000000000000000, -0.000000000000000000, -7.709882115452476934E-17 ) ) ;
#4589 = ORIENTED_EDGE ( 'NONE', *, *, #5344, .F. ) ;
#4590 = VECTOR ( 'NONE', #6095, 1000.000000000000227 ) ;
#4591 = CARTESIAN_POINT ( 'NONE',  ( -20.00000000000001421, 0.000000000000000000, -20.00000000000001421 ) ) ;
#4592 = ORIENTED_EDGE ( 'NONE', *, *, #8891, .T. ) ;
#4593 = VECTOR ( 'NONE', #6374, 1000.000000000000000 ) ;
#4594 = VERTEX_POINT ( 'NONE', #3741 ) ;
#4595 = ORIENTED_EDGE ( 'NONE', *, *, #8170, .F. ) ;
#4596 = FACE_BOUND ( 'NONE', #5433, .T. ) ;
#4597 = VECTOR ( 'NONE', #1307, 1000.000000000000000 ) ;
#4598 = VECTOR ( 'NONE', #1366, 1000.000000000000000 ) ;
#4599 = ORIENTED_EDGE ( 'NONE', *, *, #6337, .T. ) ;
#4600 = CARTESIAN_POINT ( 'NONE',  ( 9.342282491191372811E-15, 30.77350269189624044, -45.00000000000000711 ) ) ;
#4601 = PLANE ( 'NONE',  #3697 ) ;
#4602 = CARTESIAN_POINT ( 'NONE',  ( 44.99999999999998579, 36.88577788155969728, 5.724622203665669318 ) ) ;
#4603 = CARTESIAN_POINT ( 'NONE',  ( -10.72462220366566754, 10.22747077249214520, 44.99999999999999289 ) ) ;
#4604 = ORIENTED_EDGE ( 'NONE', *, *, #8858, .T. ) ;
#4605 = FACE_OUTER_BOUND ( 'NONE', #4180, .T. ) ;
#4606 = VECTOR ( 'NONE', #1869, 1000.000000000000000 ) ;
#4607 = ORIENTED_EDGE ( 'NONE', *, *, #8530, .T. ) ;
#4608 = VECTOR ( 'NONE', #10504, 1000.000000000000000 ) ;
#4609 = EDGE_CURVE ( 'NONE', #3841, #6516, #7053, .T. ) ;
#4610 = ORIENTED_EDGE ( 'NONE', *, *, #7379, .F. ) ;
#4611 = DIRECTION ( 'NONE',  ( 0.8660254037844385966, -0.5000000000000002220, 0.000000000000000000 ) ) ;
#4612 = ORIENTED_EDGE ( 'NONE', *, *, #4497, .F. ) ;
#4613 = FACE_OUTER_BOUND ( 'NONE', #3283, .T. ) ;
#4614 = CARTESIAN_POINT ( 'NONE',  ( -5.724622203665668430, 31.11227518966341421, -40.59999999999998721 ) ) ;
#4615 = CARTESIAN_POINT ( 'NONE',  ( -45.00000000000001421, 39.77252922750783171, -32.17386661099703105 ) ) ;
#4616 = EDGE_LOOP ( 'NONE', ( #5123, #6065, #8059, #9170 ) ) ;
#4617 = DIRECTION ( 'NONE',  ( 0.000000000000000000, 1.000000000000000000, -0.000000000000000000 ) ) ;
#4618 = LINE ( 'NONE', #10334, #2770 ) ;
#4619 = EDGE_LOOP ( 'NONE', ( #7241, #9243, #1910, #8348, #8559, #9353 ) ) ;
#4620 = CARTESIAN_POINT ( 'NONE',  ( 27.17386661099703815, 13.11422211844027608, -45.00000000000000711 ) ) ;
#4621 = AXIS2_PLACEMENT_3D ( 'NONE', #728, #4717, #7224 ) ;
#4622 = ORIENTED_EDGE ( 'NONE', *, *, #1822, .F. ) ;
#4623 = FACE_OUTER_BOUND ( 'NONE', #1848, .T. ) ;
#4624 = CARTESIAN_POINT ( 'NONE',  ( -40.60000000000001563, 4.999999999999997335, 40.59999999999998721 ) ) ;
#4625 = LINE ( 'NONE', #6916, #4590 ) ;
#4626 = CARTESIAN_POINT ( 'NONE',  ( -40.00000000000004263, 0.000000000000000000, 38.79294667738508195 ) ) ;
#4627 = LINE ( 'NONE', #639, #10669 ) ;
#4628 = EDGE_LOOP ( 'NONE', ( #1505, #1584, #4924, #9668 ) ) ;
#4629 = EDGE_CURVE ( 'NONE', #2876, #2548, #7657, .T. ) ;
#4630 = EDGE_CURVE ( 'NONE', #2339, #8848, #5620, .T. ) ;
#4631 = VERTEX_POINT ( 'NONE', #9673 ) ;
#4632 = EDGE_CURVE ( 'NONE', #7367, #7924, #2236, .T. ) ;
#4633 = CARTESIAN_POINT ( 'NONE',  ( -40.60000000000001563, 45.00000000000000000, -40.59999999999998721 ) ) ;
#4634 = PLANE ( 'NONE',  #3344 ) ;
#4635 = LINE ( 'NONE', #647, #2521 ) ;
#4636 = CARTESIAN_POINT ( 'NONE',  ( 44.99999999999999289, 30.77350269189626175, 21.44924440733134929 ) ) ;
#4637 = VECTOR ( 'NONE', #10287, 1000.000000000000000 ) ;
#4638 = FACE_OUTER_BOUND ( 'NONE', #3728, .T. ) ;
#4639 = CARTESIAN_POINT ( 'NONE',  ( 5.724622203665683529, 36.88577788155965465, 40.59999999999996589 ) ) ;
#4640 = ORIENTED_EDGE ( 'NONE', *, *, #7914, .F. ) ;
#4641 = VECTOR ( 'NONE', #3833, 1000.000000000000114 ) ;
#4642 = PLANE ( 'NONE',  #4323 ) ;
#4643 = PLANE ( 'NONE',  #2594 ) ;
#4644 = ORIENTED_EDGE ( 'NONE', *, *, #5463, .T. ) ;
#4645 = AXIS2_PLACEMENT_3D ( 'NONE', #3693, #10436, #8703 ) ;
#4646 = ADVANCED_FACE ( 'NONE', ( #7111 ), #4747, .F. ) ;
#4647 = ORIENTED_EDGE ( 'NONE', *, *, #4014, .T. ) ;
#4648 = EDGE_LOOP ( 'NONE', ( #7304, #1493, #1119, #328 ) ) ;
#4649 = AXIS2_PLACEMENT_3D ( 'NONE', #3226, #5059, #5758 ) ;
#4650 = CARTESIAN_POINT ( 'NONE',  ( 37.17386661099705236, 18.88772481033652184, 44.99999999999999289 ) ) ;
#4651 = VECTOR ( 'NONE', #6237, 1000.000000000000000 ) ;
#4652 = CARTESIAN_POINT ( 'NONE',  ( -36.24794293601151196, -2.537983952267120813, -40.59999999999998721 ) ) ;
#4653 = CARTESIAN_POINT ( 'NONE',  ( 44.99999999999998579, 36.88577788155969728, -27.17386661099703460 ) ) ;
#4654 = CARTESIAN_POINT ( 'NONE',  ( -45.00000000000001421, 21.77447615628469180, -10.72462220366567820 ) ) ;
#4655 = ORIENTED_EDGE ( 'NONE', *, *, #6659, .F. ) ;
#4656 = CARTESIAN_POINT ( 'NONE',  ( 39.02809845431146840, -5.000000000000000000, -36.08321690396842740 ) ) ;
#4657 = VECTOR ( 'NONE', #10031, 1000.000000000000000 ) ;
#4658 = EDGE_CURVE ( 'NONE', #10627, #10267, #2289, .T. ) ;
#4659 = VECTOR ( 'NONE', #1490, 999.9999999999998863 ) ;
#4660 = EDGE_LOOP ( 'NONE', ( #6103, #9542, #865, #8953 ) ) ;
#4661 = EDGE_CURVE ( 'NONE', #1169, #8835, #5572, .T. ) ;
#4662 = EDGE_LOOP ( 'NONE', ( #6867, #9082, #9842, #5794 ) ) ;
#4663 = LINE ( 'NONE', #2892, #10703 ) ;
#4664 = ORIENTED_EDGE ( 'NONE', *, *, #10603, .F. ) ;
#4665 = DIRECTION ( 'NONE',  ( -1.000000000000000000, -4.506943796211494843E-16, 0.000000000000000000 ) ) ;
#4666 = FACE_BOUND ( 'NONE', #2328, .T. ) ;
#4667 = EDGE_CURVE ( 'NONE', #6035, #1129, #8900, .T. ) ;
#4668 = EDGE_CURVE ( 'NONE', #2287, #36, #2992, .T. ) ;
#4669 = CARTESIAN_POINT ( 'NONE',  ( 44.99999999999998579, 13.11422211844028674, -27.17386661099703460 ) ) ;
#4670 = ORIENTED_EDGE ( 'NONE', *, *, #2232, .T. ) ;
#4671 = CARTESIAN_POINT ( 'NONE',  ( -45.00000000000001421, 13.11422211844029739, -15.72462220366567820 ) ) ;
#4672 = DIRECTION ( 'NONE',  ( 0.000000000000000000, -0.5000000000000004441, 0.8660254037844382635 ) ) ;
#4673 = ORIENTED_EDGE ( 'NONE', *, *, #5155, .T. ) ;
#4674 = EDGE_CURVE ( 'NONE', #6526, #2128, #10526, .T. ) ;
#4675 = VECTOR ( 'NONE', #7974, 1000.000000000000000 ) ;
#4676 = VERTEX_POINT ( 'NONE', #712 ) ;
#4677 = EDGE_CURVE ( 'NONE', #4766, #4550, #5518, .T. ) ;
#4678 = LINE ( 'NONE', #2049, #8423 ) ;
#4679 = DIRECTION ( 'NONE',  ( -6.009258394948641055E-16, 1.000000000000000000, 0.000000000000000000 ) ) ;
#4680 = CARTESIAN_POINT ( 'NONE',  ( -27.17386661099702749, 31.11227518966341421, -45.00000000000000711 ) ) ;
#4681 = DIRECTION ( 'NONE',  ( -0.8660254037844389297, 0.4999999999999994449, 0.000000000000000000 ) ) ;
#4682 = ORIENTED_EDGE ( 'NONE', *, *, #8294, .F. ) ;
#4683 = VECTOR ( 'NONE', #4588, 1000.000000000000000 ) ;
#4684 = ORIENTED_EDGE ( 'NONE', *, *, #4629, .T. ) ;
#4685 = VECTOR ( 'NONE', #7745, 1000.000000000000000 ) ;
#4686 = DIRECTION ( 'NONE',  ( -0.8660254037844382635, -0.5000000000000007772, 0.000000000000000000 ) ) ;
#4687 = VECTOR ( 'NONE', #5884, 1000.000000000000000 ) ;
#4688 = CARTESIAN_POINT ( 'NONE',  ( -45.00000000000002132, 36.88577788155969728, 37.17386661099703815 ) ) ;
#4689 = FACE_OUTER_BOUND ( 'NONE', #6761, .T. ) ;
#4690 = FACE_OUTER_BOUND ( 'NONE', #8015, .T. ) ;
#4691 = LINE ( 'NONE', #4790, #2653 ) ;
#4692 = DIRECTION ( 'NONE',  ( 0.000000000000000000, 1.000000000000000000, 0.000000000000000000 ) ) ;
#4693 = VERTEX_POINT ( 'NONE', #3091 ) ;
#4694 = EDGE_CURVE ( 'NONE', #6689, #3512, #8798, .T. ) ;
#4695 = CARTESIAN_POINT ( 'NONE',  ( 3.487003826842959509, 1.261074069517794438, 20.79545886661062326 ) ) ;
#4696 = CARTESIAN_POINT ( 'NONE',  ( 10.72462220366568886, 28.22552384371528333, -40.59999999999998721 ) ) ;
#4697 = ORIENTED_EDGE ( 'NONE', *, *, #8037, .F. ) ;
#4698 = EDGE_LOOP ( 'NONE', ( #2820, #6012, #5422, #7293, #3757, #3594 ) ) ;
#4699 = ORIENTED_EDGE ( 'NONE', *, *, #8366, .F. ) ;
#4700 = EDGE_LOOP ( 'NONE', ( #1762, #2431, #7730, #6992 ) ) ;
#4701 = PLANE ( 'NONE',  #6227 ) ;
#4702 = DIRECTION ( 'NONE',  ( 7.709882115452476934E-17, 0.000000000000000000, 1.000000000000000000 ) ) ;
#4703 = CARTESIAN_POINT ( 'NONE',  ( -40.60000000000001563, 13.11422211844030450, 27.17386661099702749 ) ) ;
#4704 = EDGE_CURVE ( 'NONE', #4990, #2644, #8851, .T. ) ;
#4705 = DIRECTION ( 'NONE',  ( 0.000000000000000000, -0.5000000000000005551, 0.8660254037844382635 ) ) ;
#4706 = CARTESIAN_POINT ( 'NONE',  ( 15.72462220366568886, 13.11422211844027608, -45.00000000000000711 ) ) ;
#4707 = EDGE_CURVE ( 'NONE', #8378, #1874, #1474, .T. ) ;
#4708 = VERTEX_POINT ( 'NONE', #8947 ) ;
#4709 = ORIENTED_EDGE ( 'NONE', *, *, #3988, .T. ) ;
#4710 = VECTOR ( 'NONE', #7627, 1000.000000000000000 ) ;
#4711 = DIRECTION ( 'NONE',  ( -0.000000000000000000, -0.000000000000000000, 1.000000000000000000 ) ) ;
#4712 = VERTEX_POINT ( 'NONE', #3847 ) ;
#4713 = DIRECTION ( 'NONE',  ( -1.000000000000000000, -4.506943796211494843E-16, 0.000000000000000000 ) ) ;
#4714 = DIRECTION ( 'NONE',  ( 0.000000000000000000, 0.5000000000000002220, 0.8660254037844384856 ) ) ;
#4715 = DIRECTION ( 'NONE',  ( 3.854941057726239700E-17, -0.8660254037844385966, 0.5000000000000003331 ) ) ;
#4716 = EDGE_CURVE ( 'NONE', #10521, #6728, #10477, .T. ) ;
#4717 = DIRECTION ( 'NONE',  ( -1.000000000000000000, -4.506943796211494843E-16, 0.000000000000000000 ) ) ;
#4718 = DIRECTION ( 'NONE',  ( 0.000000000000000000, 1.000000000000000000, 0.000000000000000000 ) ) ;
#4719 = FACE_OUTER_BOUND ( 'NONE', #2377, .T. ) ;
#4720 = VERTEX_POINT ( 'NONE', #510 ) ;
#4721 = VECTOR ( 'NONE', #10626, 1000.000000000000000 ) ;
#4722 = VECTOR ( 'NONE', #10561, 1000.000000000000000 ) ;
#4723 = ORIENTED_EDGE ( 'NONE', *, *, #9635, .T. ) ;
#4724 = VECTOR ( 'NONE', #5185, 1000.000000000000114 ) ;
#4725 = LINE ( 'NONE', #2106, #9816 ) ;
#4726 = CARTESIAN_POINT ( 'NONE',  ( 5.724622203665683529, 36.88577788155965465, -45.00000000000000711 ) ) ;
#4727 = CARTESIAN_POINT ( 'NONE',  ( 44.99999999999999289, 36.88577788155969728, 37.17386661099703105 ) ) ;
#4728 = DIRECTION ( 'NONE',  ( -3.854941057726242781E-17, -0.8660254037844383745, -0.5000000000000006661 ) ) ;
#4729 = ORIENTED_EDGE ( 'NONE', *, *, #188, .T. ) ;
#4730 = ORIENTED_EDGE ( 'NONE', *, *, #2025, .T. ) ;
#4731 = EDGE_CURVE ( 'NONE', #10640, #5694, #3039, .T. ) ;
#4732 = CARTESIAN_POINT ( 'NONE',  ( -15.72462220366567109, 18.88772481033651474, -40.59999999999998721 ) ) ;
#4733 = CARTESIAN_POINT ( 'NONE',  ( -24.65205706398849728, 32.62264744138116868, -40.59999999999998721 ) ) ;
#4734 = DIRECTION ( 'NONE',  ( 0.000000000000000000, -1.000000000000000000, 0.000000000000000000 ) ) ;
#4735 = DIRECTION ( 'NONE',  ( 0.000000000000000000, -0.5000000000000002220, -0.8660254037844384856 ) ) ;
#4736 = LINE ( 'NONE', #2226, #10622 ) ;
#4737 = CARTESIAN_POINT ( 'NONE',  ( -5.724622203665668430, 13.11422211844027608, -45.00000000000000711 ) ) ;
#4738 = ORIENTED_EDGE ( 'NONE', *, *, #6372, .T. ) ;
#4739 = CARTESIAN_POINT ( 'NONE',  ( -4.999999999999997335, 27.88675134594810245, 44.99999999999999289 ) ) ;
#4740 = CARTESIAN_POINT ( 'NONE',  ( -26.44924440733134574, 22.11324865405184426, 44.99999999999999289 ) ) ;
#4741 = EDGE_LOOP ( 'NONE', ( #5052, #4607, #1408, #505 ) ) ;
#4742 = ORIENTED_EDGE ( 'NONE', *, *, #10336, .T. ) ;
#4743 = EDGE_LOOP ( 'NONE', ( #415, #2890, #6718, #4139 ) ) ;
#4744 = VECTOR ( 'NONE', #6885, 1000.000000000000000 ) ;
#4745 = EDGE_CURVE ( 'NONE', #2611, #9620, #610, .T. ) ;
#4746 = DIRECTION ( 'NONE',  ( -0.000000000000000000, -0.000000000000000000, 1.000000000000000000 ) ) ;
#4747 = PLANE ( 'NONE',  #7262 ) ;
#4748 = DIRECTION ( 'NONE',  ( -6.009258394948640069E-16, 1.000000000000000000, 0.000000000000000000 ) ) ;
#4749 = DIRECTION ( 'NONE',  ( -0.000000000000000000, -1.000000000000000000, -0.000000000000000000 ) ) ;
#4750 = LINE ( 'NONE', #9626, #9932 ) ;
#4751 = ORIENTED_EDGE ( 'NONE', *, *, #9167, .F. ) ;
#4752 = VECTOR ( 'NONE', #8334, 1000.000000000000000 ) ;
#4753 = EDGE_CURVE ( 'NONE', #3682, #4876, #3138, .T. ) ;
#4754 = VECTOR ( 'NONE', #2802, 1000.000000000000000 ) ;
#4755 = ADVANCED_FACE ( 'NONE', ( #6439 ), #4801, .F. ) ;
#4756 = ORIENTED_EDGE ( 'NONE', *, *, #9347, .T. ) ;
#4757 = ADVANCED_FACE ( 'NONE', ( #8748 ), #4601, .F. ) ;
#4758 = EDGE_CURVE ( 'NONE', #7672, #1593, #5069, .T. ) ;
#4759 = CARTESIAN_POINT ( 'NONE',  ( -4.999999999999994671, 22.11324865405186202, -45.00000000000000711 ) ) ;
#4760 = VERTEX_POINT ( 'NONE', #3343 ) ;
#4761 = VECTOR ( 'NONE', #3490, 999.9999999999998863 ) ;
#4762 = FACE_OUTER_BOUND ( 'NONE', #7384, .T. ) ;
#4763 = FACE_BOUND ( 'NONE', #4779, .T. ) ;
#4764 = CARTESIAN_POINT ( 'NONE',  ( 44.99999999999998579, 36.88577788155969728, -15.72462220366568530 ) ) ;
#4765 = LINE ( 'NONE', #2452, #9317 ) ;
#4766 = VERTEX_POINT ( 'NONE', #4857 ) ;
#4767 = AXIS2_PLACEMENT_3D ( 'NONE', #7251, #9717, #5560 ) ;
#4768 = CARTESIAN_POINT ( 'NONE',  ( -27.17386661099702749, 13.11422211844028318, -45.00000000000000711 ) ) ;
#4769 = VERTEX_POINT ( 'NONE', #4905 ) ;
#4770 = AXIS2_PLACEMENT_3D ( 'NONE', #7835, #10272, #1283 ) ;
#4771 = EDGE_CURVE ( 'NONE', #6708, #6689, #4962, .T. ) ;
#4772 = VECTOR ( 'NONE', #738, 1000.000000000000114 ) ;
#4773 = AXIS2_PLACEMENT_3D ( 'NONE', #9036, #1608, #4891 ) ;
#4774 = DIRECTION ( 'NONE',  ( -0.8660254037844382635, -0.5000000000000006661, 0.000000000000000000 ) ) ;
#4775 = CARTESIAN_POINT ( 'NONE',  ( -41.97256513967722213, 7.377352558618784251, 40.59999999999998721 ) ) ;
#4776 = CARTESIAN_POINT ( 'NONE',  ( -40.00000000000003553, 0.000000000000000000, 37.05511844965698742 ) ) ;
#4777 = ORIENTED_EDGE ( 'NONE', *, *, #4130, .T. ) ;
#4778 = PLANE ( 'NONE',  #648 ) ;
#4779 = EDGE_LOOP ( 'NONE', ( #935, #8396, #8686, #10071, #1618, #6448 ) ) ;
#4780 = EDGE_CURVE ( 'NONE', #9454, #9030, #869, .T. ) ;
#4781 = ORIENTED_EDGE ( 'NONE', *, *, #9189, .T. ) ;
#4782 = ORIENTED_EDGE ( 'NONE', *, *, #344, .F. ) ;
#4783 = VECTOR ( 'NONE', #4871, 1000.000000000000000 ) ;
#4784 = CARTESIAN_POINT ( 'NONE',  ( 15.72462220366568175, 36.88577788155967596, -40.59999999999998721 ) ) ;
#4785 = CARTESIAN_POINT ( 'NONE',  ( 10.72462220366568886, 10.22747077249214520, -45.00000000000000711 ) ) ;
#4786 = CARTESIAN_POINT ( 'NONE',  ( 17.08051390828822846, 4.999999999999997335, 33.34396987557886405 ) ) ;
#4787 = DIRECTION ( 'NONE',  ( -1.000000000000000000, 0.000000000000000000, 7.709882115452476934E-17 ) ) ;
#4788 = ADVANCED_FACE ( 'NONE', ( #8235 ), #7472, .F. ) ;
#4789 = EDGE_CURVE ( 'NONE', #1658, #4720, #8183, .T. ) ;
#4790 = CARTESIAN_POINT ( 'NONE',  ( -45.00000000000001421, 13.11422211844029739, -37.17386661099703815 ) ) ;
#4791 = CARTESIAN_POINT ( 'NONE',  ( 20.00000000000003197, 46.66904755831214402, -20.00000000000001421 ) ) ;
#4792 = ORIENTED_EDGE ( 'NONE', *, *, #3965, .F. ) ;
#4793 = LINE ( 'NONE', #6527, #7283 ) ;
#4794 = LINE ( 'NONE', #4740, #3114 ) ;
#4795 = ORIENTED_EDGE ( 'NONE', *, *, #4340, .T. ) ;
#4796 = VERTEX_POINT ( 'NONE', #3236 ) ;
#4797 = ORIENTED_EDGE ( 'NONE', *, *, #3462, .F. ) ;
#4798 = EDGE_CURVE ( 'NONE', #6141, #2287, #10035, .T. ) ;
#4799 = FACE_OUTER_BOUND ( 'NONE', #4540, .T. ) ;
#4800 = VECTOR ( 'NONE', #7364, 1000.000000000000000 ) ;
#4801 = PLANE ( 'NONE',  #8830 ) ;
#4802 = DIRECTION ( 'NONE',  ( -0.8660254037844382635, -0.5000000000000006661, 0.000000000000000000 ) ) ;
#4803 = DIRECTION ( 'NONE',  ( 1.000000000000000000, -0.000000000000000000, -7.709882115452476934E-17 ) ) ;
#4804 = LINE ( 'NONE', #9004, #2316 ) ;
#4805 = EDGE_LOOP ( 'NONE', ( #8516, #1062, #10057, #10144 ) ) ;
#4806 = ORIENTED_EDGE ( 'NONE', *, *, #972, .T. ) ;
#4807 = VERTEX_POINT ( 'NONE', #1734 ) ;
#4808 = VECTOR ( 'NONE', #9191, 1000.000000000000000 ) ;
#4809 = ORIENTED_EDGE ( 'NONE', *, *, #4658, .F. ) ;
#4810 = EDGE_LOOP ( 'NONE', ( #2340, #4777, #2168, #8020, #7330, #8009 ) ) ;
#4811 = VERTEX_POINT ( 'NONE', #6485 ) ;
#4812 = VECTOR ( 'NONE', #932, 1000.000000000000000 ) ;
#4813 = PLANE ( 'NONE',  #4996 ) ;
#4814 = ORIENTED_EDGE ( 'NONE', *, *, #9778, .T. ) ;
#4815 = CARTESIAN_POINT ( 'NONE',  ( 10.72462220366568886, 10.22747077249214520, -45.00000000000000711 ) ) ;
#4816 = LINE ( 'NONE', #725, #8069 ) ;
#4817 = FACE_BOUND ( 'NONE', #1077, .T. ) ;
#4818 = AXIS2_PLACEMENT_3D ( 'NONE', #4294, #2051, #3544 ) ;
#4819 = EDGE_CURVE ( 'NONE', #1478, #2490, #5828, .T. ) ;
#4820 = CARTESIAN_POINT ( 'NONE',  ( -45.00000000000002132, 13.11422211844029739, 5.724622203665675535 ) ) ;
#4821 = CARTESIAN_POINT ( 'NONE',  ( 44.99999999999998579, 39.77252922750783171, -10.72462220366568530 ) ) ;
#4822 = VERTEX_POINT ( 'NONE', #1788 ) ;
#4823 = EDGE_CURVE ( 'NONE', #2697, #565, #5670, .T. ) ;
#4824 = FACE_OUTER_BOUND ( 'NONE', #3339, .T. ) ;
#4825 = ORIENTED_EDGE ( 'NONE', *, *, #7775, .T. ) ;
#4826 = EDGE_CURVE ( 'NONE', #4550, #6721, #918, .T. ) ;
#4827 = VECTOR ( 'NONE', #400, 1000.000000000000000 ) ;
#4828 = ORIENTED_EDGE ( 'NONE', *, *, #5043, .F. ) ;
#4829 = VECTOR ( 'NONE', #5407, 1000.000000000000000 ) ;
#4830 = FACE_OUTER_BOUND ( 'NONE', #104, .T. ) ;
#4831 = EDGE_CURVE ( 'NONE', #1433, #6878, #6597, .T. ) ;
#4832 = DIRECTION ( 'NONE',  ( -1.000000000000000000, -4.506943796211494843E-16, 0.000000000000000000 ) ) ;
#4833 = CARTESIAN_POINT ( 'NONE',  ( -40.60000000000001563, 4.999999999999997335, -5.000000000000004441 ) ) ;
#4834 = EDGE_CURVE ( 'NONE', #8425, #8825, #4200, .T. ) ;
#4835 = VERTEX_POINT ( 'NONE', #7529 ) ;
#4836 = LINE ( 'NONE', #899, #8955 ) ;
#4837 = ORIENTED_EDGE ( 'NONE', *, *, #5298, .F. ) ;
#4838 = VECTOR ( 'NONE', #7033, 1000.000000000000000 ) ;
#4839 = EDGE_LOOP ( 'NONE', ( #9321, #10, #4604, #3939 ) ) ;
#4840 = LINE ( 'NONE', #594, #10286 ) ;
#4841 = VECTOR ( 'NONE', #1954, 999.9999999999998863 ) ;
#4842 = DIRECTION ( 'NONE',  ( 0.000000000000000000, 1.000000000000000000, 0.000000000000000000 ) ) ;
#4843 = DIRECTION ( 'NONE',  ( 4.506943796211494843E-16, -1.000000000000000000, 0.000000000000000000 ) ) ;
#4844 = PLANE ( 'NONE',  #4415 ) ;
#4845 = FACE_OUTER_BOUND ( 'NONE', #3828, .T. ) ;
#4846 = EDGE_CURVE ( 'NONE', #6332, #2043, #9050, .T. ) ;
#4847 = DIRECTION ( 'NONE',  ( 0.000000000000000000, 0.5000000000000002220, 0.8660254037844385966 ) ) ;
#4848 = VERTEX_POINT ( 'NONE', #9871 ) ;
#4849 = DIRECTION ( 'NONE',  ( 0.5000000000000004441, -0.8660254037844384856, 0.000000000000000000 ) ) ;
#4850 = LINE ( 'NONE', #2327, #6565 ) ;
#4851 = ORIENTED_EDGE ( 'NONE', *, *, #1255, .F. ) ;
#4852 = VECTOR ( 'NONE', #4245, 1000.000000000000114 ) ;
#4853 = ORIENTED_EDGE ( 'NONE', *, *, #4974, .T. ) ;
#4854 = ORIENTED_EDGE ( 'NONE', *, *, #10313, .T. ) ;
#4855 = EDGE_CURVE ( 'NONE', #8531, #2555, #3404, .T. ) ;
#4856 = LINE ( 'NONE', #9104, #7830 ) ;
#4857 = CARTESIAN_POINT ( 'NONE',  ( 16.44924440733135995, 27.88675134594808469, -40.59999999999998721 ) ) ;
#4858 = DIRECTION ( 'NONE',  ( 0.000000000000000000, 0.000000000000000000, 1.000000000000000000 ) ) ;
#4859 = DIRECTION ( 'NONE',  ( 1.000000000000000000, -0.000000000000000000, -7.709882115452476934E-17 ) ) ;
#4860 = DIRECTION ( 'NONE',  ( 0.8660254037844383745, 0.5000000000000004441, 0.000000000000000000 ) ) ;
#4861 = ORIENTED_EDGE ( 'NONE', *, *, #8618, .T. ) ;
#4862 = ORIENTED_EDGE ( 'NONE', *, *, #10297, .F. ) ;
#4863 = ORIENTED_EDGE ( 'NONE', *, *, #1407, .T. ) ;
#4864 = ORIENTED_EDGE ( 'NONE', *, *, #3480, .T. ) ;
#4865 = EDGE_CURVE ( 'NONE', #7290, #5833, #5770, .T. ) ;
#4866 = EDGE_CURVE ( 'NONE', #3494, #3896, #6710, .T. ) ;
#4867 = FACE_OUTER_BOUND ( 'NONE', #8349, .T. ) ;
#4868 = ORIENTED_EDGE ( 'NONE', *, *, #926, .F. ) ;
#4869 = CARTESIAN_POINT ( 'NONE',  ( 21.44924440733136706, 19.22649730810371338, -45.00000000000000711 ) ) ;
#4870 = FACE_BOUND ( 'NONE', #6400, .T. ) ;
#4871 = DIRECTION ( 'NONE',  ( -0.000000000000000000, -0.000000000000000000, 1.000000000000000000 ) ) ;
#4872 = PLANE ( 'NONE',  #2645 ) ;
#4873 = DIRECTION ( 'NONE',  ( 1.000000000000000000, 0.000000000000000000, 0.000000000000000000 ) ) ;
#4874 = ORIENTED_EDGE ( 'NONE', *, *, #89, .T. ) ;
#4875 = FACE_OUTER_BOUND ( 'NONE', #9878, .T. ) ;
#4876 = VERTEX_POINT ( 'NONE', #7361 ) ;
#4877 = VECTOR ( 'NONE', #2470, 1000.000000000000000 ) ;
#4878 = ORIENTED_EDGE ( 'NONE', *, *, #5476, .F. ) ;
#4879 = ADVANCED_FACE ( 'NONE', ( #2435 ), #7417, .F. ) ;
#4880 = AXIS2_PLACEMENT_3D ( 'NONE', #7771, #346, #3634 ) ;
#4881 = CARTESIAN_POINT ( 'NONE',  ( 9.342282491191372811E-15, 30.77350269189624044, -45.00000000000000711 ) ) ;
#4882 = CARTESIAN_POINT ( 'NONE',  ( 16.44924440733135995, 27.88675134594808469, -45.00000000000000711 ) ) ;
#4883 = FACE_OUTER_BOUND ( 'NONE', #2110, .T. ) ;
#4884 = ORIENTED_EDGE ( 'NONE', *, *, #5314, .F. ) ;
#4885 = LINE ( 'NONE', #3323, #2033 ) ;
#4886 = VERTEX_POINT ( 'NONE', #5127 ) ;
#4887 = ORIENTED_EDGE ( 'NONE', *, *, #10562, .T. ) ;
#4888 = VECTOR ( 'NONE', #9001, 999.9999999999998863 ) ;
#4889 = ADVANCED_FACE ( 'NONE', ( #7752 ), #6160, .F. ) ;
#4890 = EDGE_CURVE ( 'NONE', #433, #486, #9443, .T. ) ;
#4891 = DIRECTION ( 'NONE',  ( 0.7071067811865467956, -0.000000000000000000, 0.7071067811865483499 ) ) ;
#4892 = CARTESIAN_POINT ( 'NONE',  ( -16.44924440733134929, 27.88675134594810245, -45.00000000000000711 ) ) ;
#4893 = DIRECTION ( 'NONE',  ( 0.000000000000000000, 0.5000000000000005551, -0.8660254037844382635 ) ) ;
#4894 = LINE ( 'NONE', #2472, #8246 ) ;
#4895 = DIRECTION ( 'NONE',  ( -0.9191450300180576960, 0.000000000000000000, 0.3939192985791679646 ) ) ;
#4896 = LINE ( 'NONE', #9209, #1671 ) ;
#4897 = EDGE_LOOP ( 'NONE', ( #6542, #26, #7787, #6478 ) ) ;
#4898 = DIRECTION ( 'NONE',  ( 1.000000000000000000, -0.000000000000000000, -7.709882115452476934E-17 ) ) ;
#4899 = VECTOR ( 'NONE', #10589, 1000.000000000000114 ) ;
#4900 = LINE ( 'NONE', #861, #2573 ) ;
#4901 = ORIENTED_EDGE ( 'NONE', *, *, #9522, .F. ) ;
#4902 = DIRECTION ( 'NONE',  ( 0.000000000000000000, 0.5000000000000002220, 0.8660254037844384856 ) ) ;
#4903 = EDGE_CURVE ( 'NONE', #8108, #7371, #4473, .T. ) ;
#4904 = CARTESIAN_POINT ( 'NONE',  ( 26.62645545430660476, 0.000000000000000000, 26.62645545430664740 ) ) ;
#4905 = CARTESIAN_POINT ( 'NONE',  ( 40.59999999999998721, 13.11422211844029739, 5.724622203665669318 ) ) ;
#4906 = DIRECTION ( 'NONE',  ( -0.9816271834476638647, -0.1908089953765452484, 0.000000000000000000 ) ) ;
#4907 = CARTESIAN_POINT ( 'NONE',  ( -45.00000000000002132, 22.11324865405185491, 26.44924440733135995 ) ) ;
#4908 = PLANE ( 'NONE',  #9242 ) ;
#4909 = CARTESIAN_POINT ( 'NONE',  ( -8.131727983645294699, 4.999999999999997335, 8.131727983645276936 ) ) ;
#4910 = ORIENTED_EDGE ( 'NONE', *, *, #3172, .F. ) ;
#4911 = VERTEX_POINT ( 'NONE', #2002 ) ;
#4912 = ORIENTED_EDGE ( 'NONE', *, *, #1382, .T. ) ;
#4913 = ADVANCED_FACE ( 'NONE', ( #2649 ), #5290, .F. ) ;
#4914 = EDGE_LOOP ( 'NONE', ( #3997, #5876, #7684, #1928 ) ) ;
#4915 = ORIENTED_EDGE ( 'NONE', *, *, #1931, .T. ) ;
#4916 = ORIENTED_EDGE ( 'NONE', *, *, #236, .F. ) ;
#4917 = LINE ( 'NONE', #669, #1 ) ;
#4918 = LINE ( 'NONE', #7542, #2079 ) ;
#4919 = CARTESIAN_POINT ( 'NONE',  ( -40.60000000000001563, 4.999999999999997335, 40.59999999999998721 ) ) ;
#4920 = FACE_BOUND ( 'NONE', #2099, .T. ) ;
#4921 = DIRECTION ( 'NONE',  ( 0.000000000000000000, -0.5000000000000005551, 0.8660254037844382635 ) ) ;
#4922 = VECTOR ( 'NONE', #2540, 999.9999999999998863 ) ;
#4923 = LINE ( 'NONE', #6614, #10684 ) ;
#4924 = ORIENTED_EDGE ( 'NONE', *, *, #10494, .F. ) ;
#4925 = EDGE_CURVE ( 'NONE', #7654, #6333, #165, .T. ) ;
#4926 = DIRECTION ( 'NONE',  ( 0.8660254037844383745, 0.5000000000000004441, 0.000000000000000000 ) ) ;
#4927 = EDGE_CURVE ( 'NONE', #2544, #7871, #5939, .T. ) ;
#4928 = ORIENTED_EDGE ( 'NONE', *, *, #366, .T. ) ;
#4929 = AXIS2_PLACEMENT_3D ( 'NONE', #374, #3015, #6312 ) ;
#4930 = ORIENTED_EDGE ( 'NONE', *, *, #7834, .F. ) ;
#4931 = VECTOR ( 'NONE', #5816, 1000.000000000000227 ) ;
#4932 = CARTESIAN_POINT ( 'NONE',  ( -45.00000000000002132, 22.11324865405186557, 16.44924440733135285 ) ) ;
#4933 = VECTOR ( 'NONE', #1940, 999.9999999999998863 ) ;
#4934 = VECTOR ( 'NONE', #1614, 1000.000000000000000 ) ;
#4935 = CARTESIAN_POINT ( 'NONE',  ( -26.44924440733133864, 5.000000000000003553, 40.59999999999998721 ) ) ;
#4936 = DIRECTION ( 'NONE',  ( 4.506943796211494843E-16, -1.000000000000000000, 0.000000000000000000 ) ) ;
#4937 = DIRECTION ( 'NONE',  ( 0.000000000000000000, 1.000000000000000000, -0.000000000000000000 ) ) ;
#4938 = ORIENTED_EDGE ( 'NONE', *, *, #6231, .F. ) ;
#4939 = VECTOR ( 'NONE', #2263, 1000.000000000000000 ) ;
#4940 = CARTESIAN_POINT ( 'NONE',  ( -15.72462220366567109, 36.88577788155965465, 40.59999999999996589 ) ) ;
#4941 = ORIENTED_EDGE ( 'NONE', *, *, #608, .F. ) ;
#4942 = AXIS2_PLACEMENT_3D ( 'NONE', #4126, #1603, #9140 ) ;
#4943 = ORIENTED_EDGE ( 'NONE', *, *, #268, .F. ) ;
#4944 = FACE_OUTER_BOUND ( 'NONE', #8314, .T. ) ;
#4945 = DIRECTION ( 'NONE',  ( -0.000000000000000000, -0.000000000000000000, 1.000000000000000000 ) ) ;
#4946 = LINE ( 'NONE', #10706, #4931 ) ;
#4947 = DIRECTION ( 'NONE',  ( 0.000000000000000000, -0.5000000000000005551, 0.8660254037844382635 ) ) ;
#4948 = EDGE_CURVE ( 'NONE', #3732, #3747, #10088, .T. ) ;
#4949 = CARTESIAN_POINT ( 'NONE',  ( 10.72462220366569241, 39.77252922750778907, -45.00000000000000711 ) ) ;
#4950 = DIRECTION ( 'NONE',  ( 0.8660254037844383745, 0.5000000000000003331, 0.000000000000000000 ) ) ;
#4951 = ORIENTED_EDGE ( 'NONE', *, *, #8052, .T. ) ;
#4952 = DIRECTION ( 'NONE',  ( 0.000000000000000000, 0.5000000000000006661, -0.8660254037844383745 ) ) ;
#4953 = EDGE_CURVE ( 'NONE', #9441, #2976, #4414, .T. ) ;
#4954 = CARTESIAN_POINT ( 'NONE',  ( 40.59999999999998721, 36.88577788155969728, 37.17386661099703105 ) ) ;
#4955 = ORIENTED_EDGE ( 'NONE', *, *, #5088, .T. ) ;
#4956 = EDGE_CURVE ( 'NONE', #8099, #9947, #6871, .T. ) ;
#4957 = VECTOR ( 'NONE', #8358, 1000.000000000000000 ) ;
#4958 = ADVANCED_FACE ( 'NONE', ( #8509 ), #6980, .F. ) ;
#4959 = ORIENTED_EDGE ( 'NONE', *, *, #9234, .T. ) ;
#4960 = CARTESIAN_POINT ( 'NONE',  ( 40.59999999999999432, 22.11324865405186202, 4.999999999999995559 ) ) ;
#4961 = FACE_OUTER_BOUND ( 'NONE', #8882, .T. ) ;
#4962 = LINE ( 'NONE', #813, #9074 ) ;
#4963 = LINE ( 'NONE', #8290, #10158 ) ;
#4964 = DIRECTION ( 'NONE',  ( 0.8660254037844385966, -0.5000000000000002220, 0.000000000000000000 ) ) ;
#4965 = LINE ( 'NONE', #8293, #7501 ) ;
#4966 = CARTESIAN_POINT ( 'NONE',  ( -20.00000000000001421, 0.000000000000000000, 36.49999999999999289 ) ) ;
#4967 = ORIENTED_EDGE ( 'NONE', *, *, #4982, .F. ) ;
#4968 = ORIENTED_EDGE ( 'NONE', *, *, #5947, .F. ) ;
#4969 = EDGE_CURVE ( 'NONE', #1193, #4979, #2812, .T. ) ;
#4970 = VERTEX_POINT ( 'NONE', #1252 ) ;
#4971 = ORIENTED_EDGE ( 'NONE', *, *, #425, .F. ) ;
#4972 = DIRECTION ( 'NONE',  ( 0.8660254037844384856, -0.5000000000000001110, 0.000000000000000000 ) ) ;
#4973 = DIRECTION ( 'NONE',  ( 4.506943796211494843E-16, -1.000000000000000000, 0.000000000000000000 ) ) ;
#4974 = EDGE_CURVE ( 'NONE', #1834, #2501, #10139, .T. ) ;
#4975 = FACE_BOUND ( 'NONE', #1314, .T. ) ;
#4976 = CARTESIAN_POINT ( 'NONE',  ( -10.72462220366566754, 10.22747077249214520, -40.59999999999998721 ) ) ;
#4977 = FACE_OUTER_BOUND ( 'NONE', #3396, .T. ) ;
#4978 = LINE ( 'NONE', #2617, #2027 ) ;
#4979 = VERTEX_POINT ( 'NONE', #2864 ) ;
#4980 = VECTOR ( 'NONE', #2457, 1000.000000000000000 ) ;
#4981 = DIRECTION ( 'NONE',  ( 0.8660254037844384856, -0.5000000000000001110, 0.000000000000000000 ) ) ;
#4982 = EDGE_CURVE ( 'NONE', #875, #6143, #8563, .T. ) ;
#4983 = ORIENTED_EDGE ( 'NONE', *, *, #2282, .F. ) ;
#4984 = AXIS2_PLACEMENT_3D ( 'NONE', #8679, #8839, #8621 ) ;
#4985 = VECTOR ( 'NONE', #2030, 1000.000000000000114 ) ;
#4986 = EDGE_LOOP ( 'NONE', ( #3254, #2844, #1758, #5581 ) ) ;
#4987 = VECTOR ( 'NONE', #2743, 1000.000000000000000 ) ;
#4988 = EDGE_CURVE ( 'NONE', #4248, #1148, #2059, .T. ) ;
#4989 = EDGE_CURVE ( 'NONE', #6305, #8078, #2699, .T. ) ;
#4990 = VERTEX_POINT ( 'NONE', #6929 ) ;
#4991 = PLANE ( 'NONE',  #7075 ) ;
#4992 = VECTOR ( 'NONE', #4702, 1000.000000000000000 ) ;
#4993 = LINE ( 'NONE', #6511, #8250 ) ;
#4994 = LINE ( 'NONE', #1708, #791 ) ;
#4995 = DIRECTION ( 'NONE',  ( 0.000000000000000000, 0.5000000000000002220, 0.8660254037844385966 ) ) ;
#4996 = AXIS2_PLACEMENT_3D ( 'NONE', #10584, #1481, #6401 ) ;
#4997 = ORIENTED_EDGE ( 'NONE', *, *, #3197, .F. ) ;
#4998 = LINE ( 'NONE', #690, #2369 ) ;
#4999 = ORIENTED_EDGE ( 'NONE', *, *, #4325, .T. ) ;
#5000 = VECTOR ( 'NONE', #4367, 1000.000000000000000 ) ;
#5001 = VERTEX_POINT ( 'NONE', #5347 ) ;
#5002 = ORIENTED_EDGE ( 'NONE', *, *, #6737, .F. ) ;
#5003 = AXIS2_PLACEMENT_3D ( 'NONE', #3759, #9536, #6140 ) ;
#5004 = EDGE_CURVE ( 'NONE', #1331, #7453, #1896, .T. ) ;
#5005 = DIRECTION ( 'NONE',  ( 0.000000000000000000, -0.5000000000000005551, 0.8660254037844382635 ) ) ;
#5006 = LINE ( 'NONE', #4185, #1513 ) ;
#5007 = CARTESIAN_POINT ( 'NONE',  ( 44.99999999999998579, 19.22649730810372759, -21.44924440733135640 ) ) ;
#5008 = CARTESIAN_POINT ( 'NONE',  ( 37.17386661099703815, 18.88772481033653250, -45.00000000000000711 ) ) ;
#5009 = LINE ( 'NONE', #9261, #3552 ) ;
#5010 = DIRECTION ( 'NONE',  ( -0.8660254037844389297, 0.4999999999999995004, -0.000000000000000000 ) ) ;
#5011 = CARTESIAN_POINT ( 'NONE',  ( 21.44924440733136706, 19.22649730810371338, -45.00000000000000711 ) ) ;
#5012 = ORIENTED_EDGE ( 'NONE', *, *, #7943, .T. ) ;
#5013 = CARTESIAN_POINT ( 'NONE',  ( 44.99999999999998579, 28.22552384371529755, 10.72462220366567820 ) ) ;
#5014 = CARTESIAN_POINT ( 'NONE',  ( 40.59999999999999432, 18.88772481033655737, -27.17386661099703460 ) ) ;
#5015 = ORIENTED_EDGE ( 'NONE', *, *, #7526, .T. ) ;
#5016 = ORIENTED_EDGE ( 'NONE', *, *, #3248, .T. ) ;
#5017 = LINE ( 'NONE', #111, #6242 ) ;
#5018 = EDGE_CURVE ( 'NONE', #3423, #9441, #7693, .T. ) ;
#5019 = DIRECTION ( 'NONE',  ( -0.000000000000000000, -1.000000000000000000, -0.000000000000000000 ) ) ;
#5020 = CARTESIAN_POINT ( 'NONE',  ( -27.17386661099702749, 36.88577788155966886, -45.00000000000000711 ) ) ;
#5021 = DIRECTION ( 'NONE',  ( 0.000000000000000000, 1.000000000000000000, 0.000000000000000000 ) ) ;
#5022 = CARTESIAN_POINT ( 'NONE',  ( 40.60000000000001563, 45.00000000000000000, -40.59999999999998721 ) ) ;
#5023 = DIRECTION ( 'NONE',  ( 0.000000000000000000, 0.5000000000000006661, -0.8660254037844383745 ) ) ;
#5024 = VERTEX_POINT ( 'NONE', #10512 ) ;
#5025 = ORIENTED_EDGE ( 'NONE', *, *, #9169, .T. ) ;
#5026 = ORIENTED_EDGE ( 'NONE', *, *, #4632, .F. ) ;
#5027 = VECTOR ( 'NONE', #817, 1000.000000000000114 ) ;
#5028 = ORIENTED_EDGE ( 'NONE', *, *, #2560, .F. ) ;
#5029 = EDGE_LOOP ( 'NONE', ( #4599, #7987, #1820, #6402 ) ) ;
#5030 = EDGE_CURVE ( 'NONE', #2871, #7167, #440, .T. ) ;
#5031 = DIRECTION ( 'NONE',  ( -1.000000000000000000, -4.506943796211494843E-16, 0.000000000000000000 ) ) ;
#5032 = EDGE_CURVE ( 'NONE', #1268, #9847, #1305, .T. ) ;
#5033 = LINE ( 'NONE', #4052, #519 ) ;
#5034 = FACE_BOUND ( 'NONE', #7482, .T. ) ;
#5035 = CARTESIAN_POINT ( 'NONE',  ( -45.00000000000001421, 21.77447615628469180, -32.17386661099703105 ) ) ;
#5036 = ORIENTED_EDGE ( 'NONE', *, *, #5168, .T. ) ;
#5037 = DIRECTION ( 'NONE',  ( -0.000000000000000000, -0.000000000000000000, 1.000000000000000000 ) ) ;
#5038 = DIRECTION ( 'NONE',  ( 0.1908089953765452762, 0.9816271834476639757, 0.000000000000000000 ) ) ;
#5039 = EDGE_LOOP ( 'NONE', ( #6298, #924, #2398, #4426 ) ) ;
#5040 = ORIENTED_EDGE ( 'NONE', *, *, #1420, .T. ) ;
#5041 = ORIENTED_EDGE ( 'NONE', *, *, #240, .F. ) ;
#5042 = CARTESIAN_POINT ( 'NONE',  ( 15.72462220366568886, 13.11422211844027608, -40.59999999999998721 ) ) ;
#5043 = EDGE_CURVE ( 'NONE', #1808, #3378, #3929, .T. ) ;
#5044 = ORIENTED_EDGE ( 'NONE', *, *, #7030, .F. ) ;
#5045 = LINE ( 'NONE', #9896, #4980 ) ;
#5046 = PLANE ( 'NONE',  #9479 ) ;
#5047 = DIRECTION ( 'NONE',  ( 0.7071067811865479058, 0.000000000000000000, -0.7071067811865471286 ) ) ;
#5048 = LINE ( 'NONE', #4833, #1893 ) ;
#5049 = ORIENTED_EDGE ( 'NONE', *, *, #4242, .T. ) ;
#5050 = EDGE_LOOP ( 'NONE', ( #8829, #1287, #5728, #7355 ) ) ;
#5051 = ORIENTED_EDGE ( 'NONE', *, *, #8428, .T. ) ;
#5052 = ORIENTED_EDGE ( 'NONE', *, *, #504, .T. ) ;
#5053 = VECTOR ( 'NONE', #9502, 1000.000000000000000 ) ;
#5054 = CARTESIAN_POINT ( 'NONE',  ( -21.44924440733134219, 30.77350269189622267, -45.00000000000000711 ) ) ;
#5055 = FACE_OUTER_BOUND ( 'NONE', #4045, .T. ) ;
#5056 = CARTESIAN_POINT ( 'NONE',  ( 40.60000000000001563, -11.19823799011143706, -31.24794293601152617 ) ) ;
#5057 = CARTESIAN_POINT ( 'NONE',  ( -21.67670798600079252, -5.000000000000002665, -5.413252018710206670 ) ) ;
#5058 = CARTESIAN_POINT ( 'NONE',  ( -45.00000000000001421, 22.11324865405187268, -5.000000000000001776 ) ) ;
#5059 = DIRECTION ( 'NONE',  ( -0.5000000000000002220, -0.8660254037844385966, 0.000000000000000000 ) ) ;
#5060 = LINE ( 'NONE', #8224, #3060 ) ;
#5061 = ORIENTED_EDGE ( 'NONE', *, *, #7986, .T. ) ;
#5062 = CARTESIAN_POINT ( 'NONE',  ( 20.00000000000003197, 0.000000000000000000, 36.50000000000000711 ) ) ;
#5063 = CARTESIAN_POINT ( 'NONE',  ( -37.17386661099703105, 18.88772481033652184, -45.00000000000000711 ) ) ;
#5064 = ORIENTED_EDGE ( 'NONE', *, *, #2165, .F. ) ;
#5065 = ADVANCED_FACE ( 'NONE', ( #7860 ), #4634, .F. ) ;
#5066 = VECTOR ( 'NONE', #5874, 1000.000000000000000 ) ;
#5067 = EDGE_LOOP ( 'NONE', ( #9704, #7219, #7387, #5443 ) ) ;
#5068 = LINE ( 'NONE', #9972, #5541 ) ;
#5069 = LINE ( 'NONE', #3185, #9256 ) ;
#5070 = VECTOR ( 'NONE', #6321, 1000.000000000000000 ) ;
#5071 = CARTESIAN_POINT ( 'NONE',  ( 15.72462220366568886, 31.11227518966341421, 40.59999999999996589 ) ) ;
#5072 = LINE ( 'NONE', #167, #7781 ) ;
#5073 = LINE ( 'NONE', #2488, #3340 ) ;
#5074 = PLANE ( 'NONE',  #1759 ) ;
#5075 = VERTEX_POINT ( 'NONE', #546 ) ;
#5076 = ORIENTED_EDGE ( 'NONE', *, *, #10225, .F. ) ;
#5077 = EDGE_CURVE ( 'NONE', #7048, #9075, #3076, .T. ) ;
#5078 = ORIENTED_EDGE ( 'NONE', *, *, #916, .T. ) ;
#5079 = ORIENTED_EDGE ( 'NONE', *, *, #5631, .T. ) ;
#5080 = CARTESIAN_POINT ( 'NONE',  ( 44.99999999999998579, 30.77350269189626175, -21.44924440733136350 ) ) ;
#5081 = CARTESIAN_POINT ( 'NONE',  ( -40.60000000000001563, 4.999999999999997335, 5.724622203665672870 ) ) ;
#5082 = LINE ( 'NONE', #993, #1147 ) ;
#5083 = CARTESIAN_POINT ( 'NONE',  ( -45.00000000000002132, 27.88675134594812732, 26.44924440733135995 ) ) ;
#5084 = ORIENTED_EDGE ( 'NONE', *, *, #7836, .F. ) ;
#5085 = CARTESIAN_POINT ( 'NONE',  ( -40.60000000000001563, 13.93223433193710292, -45.75702789600869380 ) ) ;
#5086 =( BOUNDED_CURVE ( )  B_SPLINE_CURVE ( 3, ( #3655, #10288, #2850, #958 ),
 .UNSPECIFIED., .F., .T. ) 
 B_SPLINE_CURVE_WITH_KNOTS ( ( 4, 4 ),
 ( 5.515995204261206375, 7.050375410097965201 ),
 .UNSPECIFIED. ) 
 CURVE ( )  GEOMETRIC_REPRESENTATION_ITEM ( )  RATIONAL_B_SPLINE_CURVE ( ( 1.000000000000000000, 0.8132426008497390946, 0.8132426008497390946, 1.000000000000000000 ) ) 
 REPRESENTATION_ITEM ( '' )  );
#5087 = LINE ( 'NONE', #131, #3394 ) ;
#5088 = EDGE_CURVE ( 'NONE', #9723, #1268, #8731, .T. ) ;
#5089 = ORIENTED_EDGE ( 'NONE', *, *, #86, .T. ) ;
#5090 = EDGE_CURVE ( 'NONE', #7521, #1520, #8885, .T. ) ;
#5091 = EDGE_CURVE ( 'NONE', #6721, #8145, #1458, .T. ) ;
#5092 = EDGE_LOOP ( 'NONE', ( #2491, #1795, #1515, #1428, #9355, #4878 ) ) ;
#5093 = FACE_OUTER_BOUND ( 'NONE', #7243, .T. ) ;
#5094 = VERTEX_POINT ( 'NONE', #10411 ) ;
#5095 = VECTOR ( 'NONE', #611, 1000.000000000000000 ) ;
#5096 = PLANE ( 'NONE',  #848 ) ;
#5097 = DIRECTION ( 'NONE',  ( 0.1874275599918963364, -0.9642312064598242971, 0.1874275599918963364 ) ) ;
#5098 = FACE_OUTER_BOUND ( 'NONE', #4166, .T. ) ;
#5099 = DIRECTION ( 'NONE',  ( 0.000000000000000000, -0.5000000000000005551, 0.8660254037844382635 ) ) ;
#5100 = VERTEX_POINT ( 'NONE', #3721 ) ;
#5101 = EDGE_CURVE ( 'NONE', #3066, #8688, #1508, .T. ) ;
#5102 = VECTOR ( 'NONE', #10657, 1000.000000000000000 ) ;
#5103 = ORIENTED_EDGE ( 'NONE', *, *, #537, .T. ) ;
#5104 = ORIENTED_EDGE ( 'NONE', *, *, #3864, .F. ) ;
#5105 = VECTOR ( 'NONE', #6569, 999.9999999999998863 ) ;
#5106 = VECTOR ( 'NONE', #4692, 1000.000000000000000 ) ;
#5107 = FACE_OUTER_BOUND ( 'NONE', #6348, .T. ) ;
#5108 = PLANE ( 'NONE',  #1539 ) ;
#5109 = VECTOR ( 'NONE', #10115, 999.9999999999998863 ) ;
#5110 = LINE ( 'NONE', #7738, #5762 ) ;
#5111 = EDGE_CURVE ( 'NONE', #573, #4708, #9713, .T. ) ;
#5112 = DIRECTION ( 'NONE',  ( 0.7071067811865479058, 0.000000000000000000, 0.7071067811865472397 ) ) ;
#5113 = DIRECTION ( 'NONE',  ( 1.000000000000000000, -0.000000000000000000, -7.709882115452476934E-17 ) ) ;
#5114 = FACE_OUTER_BOUND ( 'NONE', #6016, .T. ) ;
#5115 = LINE ( 'NONE', #9320, #6507 ) ;
#5116 = ORIENTED_EDGE ( 'NONE', *, *, #5742, .F. ) ;
#5117 = LINE ( 'NONE', #2587, #2621 ) ;
#5118 = VECTOR ( 'NONE', #8667, 999.9999999999998863 ) ;
#5119 = DIRECTION ( 'NONE',  ( -0.000000000000000000, -1.000000000000000000, -0.000000000000000000 ) ) ;
#5120 = ORIENTED_EDGE ( 'NONE', *, *, #8281, .T. ) ;
#5121 = CARTESIAN_POINT ( 'NONE',  ( -45.00000000000001421, 45.00000000000000000, 44.99999999999999289 ) ) ;
#5122 = STYLED_ITEM ( 'NONE', ( #9432 ), #10382 ) ;
#5123 = ORIENTED_EDGE ( 'NONE', *, *, #2962, .T. ) ;
#5124 = EDGE_CURVE ( 'NONE', #3242, #10437, #8024, .T. ) ;
#5125 = ADVANCED_FACE ( 'NONE', ( #7975 ), #3831, .F. ) ;
#5126 = CARTESIAN_POINT ( 'NONE',  ( -27.17386661099702749, 36.88577788155966886, -45.00000000000000711 ) ) ;
#5127 = CARTESIAN_POINT ( 'NONE',  ( 40.00000000000006395, 0.000000000000000000, 37.05511844965700163 ) ) ;
#5128 = CARTESIAN_POINT ( 'NONE',  ( -45.00000000000002132, 0.000000000000000000, -45.00000000000000711 ) ) ;
#5129 = DIRECTION ( 'NONE',  ( 1.000000000000000000, -0.000000000000000000, -7.709882115452476934E-17 ) ) ;
#5130 = LINE ( 'NONE', #7646, #7157 ) ;
#5131 = DIRECTION ( 'NONE',  ( -3.854941057726239700E-17, 0.8660254037844385966, -0.5000000000000002220 ) ) ;
#5132 = ORIENTED_EDGE ( 'NONE', *, *, #576, .F. ) ;
#5133 = VERTEX_POINT ( 'NONE', #7245 ) ;
#5134 = ADVANCED_FACE ( 'NONE', ( #10563 ), #7918, .F. ) ;
#5135 = ORIENTED_EDGE ( 'NONE', *, *, #5314, .T. ) ;
#5136 = ORIENTED_EDGE ( 'NONE', *, *, #6957, .F. ) ;
#5137 = VERTEX_POINT ( 'NONE', #494 ) ;
#5138 = FACE_OUTER_BOUND ( 'NONE', #1310, .T. ) ;
#5139 = EDGE_CURVE ( 'NONE', #6333, #1957, #2318, .T. ) ;
#5140 = FACE_OUTER_BOUND ( 'NONE', #82, .T. ) ;
#5141 = CARTESIAN_POINT ( 'NONE',  ( 44.99999999999998579, 18.88772481033655737, -5.724622203665681752 ) ) ;
#5142 = CARTESIAN_POINT ( 'NONE',  ( 27.17386661099703815, 13.11422211844027608, -45.00000000000000711 ) ) ;
#5143 = EDGE_LOOP ( 'NONE', ( #4103, #3666, #1208, #9402 ) ) ;
#5144 = LINE ( 'NONE', #1697, #10450 ) ;
#5145 = DIRECTION ( 'NONE',  ( 0.9816271834476639757, -0.1908089953765452762, 0.000000000000000000 ) ) ;
#5146 = ORIENTED_EDGE ( 'NONE', *, *, #48, .F. ) ;
#5147 = ORIENTED_EDGE ( 'NONE', *, *, #5168, .F. ) ;
#5148 = EDGE_CURVE ( 'NONE', #1169, #3349, #7093, .T. ) ;
#5149 = DIRECTION ( 'NONE',  ( -0.5000000000000002220, -0.8660254037844385966, 0.000000000000000000 ) ) ;
#5150 = EDGE_LOOP ( 'NONE', ( #9034, #7641, #5396, #10370 ) ) ;
#5151 = LINE ( 'NONE', #4333, #9157 ) ;
#5152 = LINE ( 'NONE', #9362, #6563 ) ;
#5153 = VECTOR ( 'NONE', #10233, 1000.000000000000000 ) ;
#5154 = VECTOR ( 'NONE', #5129, 1000.000000000000000 ) ;
#5155 = EDGE_CURVE ( 'NONE', #2314, #16, #2223, .T. ) ;
#5156 = CARTESIAN_POINT ( 'NONE',  ( 5.413252018710198676, -5.000000000000000000, 21.67670798600080317 ) ) ;
#5157 = DIRECTION ( 'NONE',  ( 0.000000000000000000, -1.000000000000000000, 0.000000000000000000 ) ) ;
#5158 = CARTESIAN_POINT ( 'NONE',  ( 33.34396987557885694, -5.000000000000002665, 17.08051390828826399 ) ) ;
#5159 = VECTOR ( 'NONE', #6080, 1000.000000000000000 ) ;
#5160 = VERTEX_POINT ( 'NONE', #2978 ) ;
#5161 = ORIENTED_EDGE ( 'NONE', *, *, #8905, .F. ) ;
#5162 = AXIS2_PLACEMENT_3D ( 'NONE', #1176, #3430, #8541 ) ;
#5163 = ORIENTED_EDGE ( 'NONE', *, *, #942, .T. ) ;
#5164 = VECTOR ( 'NONE', #9405, 1000.000000000000000 ) ;
#5165 = DIRECTION ( 'NONE',  ( -0.8660254037844389297, 0.4999999999999995004, -0.000000000000000000 ) ) ;
#5166 = EDGE_CURVE ( 'NONE', #709, #875, #8837, .T. ) ;
#5167 = DIRECTION ( 'NONE',  ( 0.000000000000000000, 0.5000000000000006661, -0.8660254037844383745 ) ) ;
#5168 = EDGE_CURVE ( 'NONE', #1572, #4487, #5705, .T. ) ;
#5169 = CARTESIAN_POINT ( 'NONE',  ( -45.00000000000001421, 36.88577788155969728, 15.72462220366568175 ) ) ;
#5170 = LINE ( 'NONE', #10076, #7031 ) ;
#5171 = LINE ( 'NONE', #207, #1841 ) ;
#5172 = VECTOR ( 'NONE', #6797, 1000.000000000000000 ) ;
#5173 = LINE ( 'NONE', #6861, #6388 ) ;
#5174 = LINE ( 'NONE', #1076, #5810 ) ;
#5175 = ORIENTED_EDGE ( 'NONE', *, *, #7058, .F. ) ;
#5176 = LINE ( 'NONE', #5013, #7130 ) ;
#5177 = VECTOR ( 'NONE', #9497, 1000.000000000000000 ) ;
#5178 = LINE ( 'NONE', #5989, #9529 ) ;
#5179 = ORIENTED_EDGE ( 'NONE', *, *, #2338, .F. ) ;
#5180 = CIRCLE ( 'NONE', #5523, 16.50000000000000355 ) ;
#5181 = VECTOR ( 'NONE', #7306, 1000.000000000000000 ) ;
#5182 = EDGE_LOOP ( 'NONE', ( #6491, #10060, #9761, #6798, #2532, #10280 ) ) ;
#5183 = LINE ( 'NONE', #8397, #7470 ) ;
#5184 = EDGE_CURVE ( 'NONE', #3938, #1724, #4078, .T. ) ;
#5185 = DIRECTION ( 'NONE',  ( 0.3939192985791675206, 0.000000000000000000, -0.9191450300180579180 ) ) ;
#5186 = DIRECTION ( 'NONE',  ( 0.4999999999999995004, 0.8660254037844389297, 0.000000000000000000 ) ) ;
#5187 = LINE ( 'NONE', #2599, #2244 ) ;
#5188 = PLANE ( 'NONE',  #3684 ) ;
#5189 = CARTESIAN_POINT ( 'NONE',  ( 40.60000000000001563, 4.999999999999997335, -26.44924440733136350 ) ) ;
#5190 = ORIENTED_EDGE ( 'NONE', *, *, #187, .T. ) ;
#5191 = CARTESIAN_POINT ( 'NONE',  ( -45.00000000000001421, 27.88675134594813088, 5.000000000000002665 ) ) ;
#5192 = EDGE_LOOP ( 'NONE', ( #1904, #9229, #9190, #8504, #8376, #5589 ) ) ;
#5193 = EDGE_CURVE ( 'NONE', #2644, #2773, #9908, .T. ) ;
#5194 = EDGE_LOOP ( 'NONE', ( #1050, #8380, #4259, #3445 ) ) ;
#5195 = DIRECTION ( 'NONE',  ( -3.854941057726242781E-17, -0.8660254037844383745, -0.5000000000000006661 ) ) ;
#5196 = ORIENTED_EDGE ( 'NONE', *, *, #10605, .F. ) ;
#5197 = ORIENTED_EDGE ( 'NONE', *, *, #3690, .T. ) ;
#5198 = CARTESIAN_POINT ( 'NONE',  ( 19.92170593416932434, 1.888100375297467437, 3.499999999999996003 ) ) ;
#5199 = DIRECTION ( 'NONE',  ( 4.506943796211494843E-16, -1.000000000000000000, 0.000000000000000000 ) ) ;
#5200 = FACE_OUTER_BOUND ( 'NONE', #5809, .T. ) ;
#5201 = FACE_OUTER_BOUND ( 'NONE', #3241, .T. ) ;
#5202 = CARTESIAN_POINT ( 'NONE',  ( 15.72462220366568886, 31.11227518966341421, -45.00000000000000711 ) ) ;
#5203 = VECTOR ( 'NONE', #9448, 1000.000000000000000 ) ;
#5204 = VERTEX_POINT ( 'NONE', #44 ) ;
#5205 = EDGE_CURVE ( 'NONE', #6075, #9246, #6473, .T. ) ;
#5206 = EDGE_CURVE ( 'NONE', #1541, #8575, #2367, .T. ) ;
#5207 = ORIENTED_EDGE ( 'NONE', *, *, #4667, .T. ) ;
#5208 = AXIS2_PLACEMENT_3D ( 'NONE', #7665, #6131, #1866 ) ;
#5209 = DIRECTION ( 'NONE',  ( 1.541976423090495387E-16, 0.000000000000000000, 1.000000000000000000 ) ) ;
#5210 = VECTOR ( 'NONE', #1574, 1000.000000000000114 ) ;
#5211 = ORIENTED_EDGE ( 'NONE', *, *, #1081, .F. ) ;
#5212 = CARTESIAN_POINT ( 'NONE',  ( -20.14297210399130833, 40.43261168774092340, -40.59999999999998721 ) ) ;
#5213 = LINE ( 'NONE', #455, #8303 ) ;
#5214 = LINE ( 'NONE', #5967, #6683 ) ;
#5215 = LINE ( 'NONE', #361, #7197 ) ;
#5216 = DIRECTION ( 'NONE',  ( -0.000000000000000000, -0.000000000000000000, 1.000000000000000000 ) ) ;
#5217 = ORIENTED_EDGE ( 'NONE', *, *, #7428, .T. ) ;
#5218 = EDGE_LOOP ( 'NONE', ( #3940, #4612, #6757, #7108 ) ) ;
#5219 = ORIENTED_EDGE ( 'NONE', *, *, #3100, .T. ) ;
#5220 = ORIENTED_EDGE ( 'NONE', *, *, #6578, .F. ) ;
#5221 = EDGE_CURVE ( 'NONE', #6071, #5820, #746, .T. ) ;
#5222 = EDGE_LOOP ( 'NONE', ( #7705, #8657, #8756, #10711 ) ) ;
#5223 = DIRECTION ( 'NONE',  ( -0.000000000000000000, -0.000000000000000000, 1.000000000000000000 ) ) ;
#5224 = PLANE ( 'NONE',  #10475 ) ;
#5225 = CARTESIAN_POINT ( 'NONE',  ( 37.05511844965707269, 0.000000000000000000, 39.99999999999999289 ) ) ;
#5226 = DIRECTION ( 'NONE',  ( -0.8660254037844382635, -0.5000000000000006661, 0.000000000000000000 ) ) ;
#5227 = DIRECTION ( 'NONE',  ( 0.000000000000000000, 1.000000000000000000, 0.000000000000000000 ) ) ;
#5228 = CARTESIAN_POINT ( 'NONE',  ( 16.44924440733136350, 22.11324865405184426, -40.59999999999998721 ) ) ;
#5229 = ORIENTED_EDGE ( 'NONE', *, *, #9101, .F. ) ;
#5230 = DIRECTION ( 'NONE',  ( -0.5000000000000007772, 0.8660254037844382635, 0.000000000000000000 ) ) ;
#5231 = FACE_OUTER_BOUND ( 'NONE', #2157, .T. ) ;
#5232 = EDGE_CURVE ( 'NONE', #10172, #9692, #8984, .T. ) ;
#5233 = EDGE_CURVE ( 'NONE', #9928, #3580, #5871, .T. ) ;
#5234 = ORIENTED_EDGE ( 'NONE', *, *, #5857, .T. ) ;
#5235 = DIRECTION ( 'NONE',  ( -3.854941057726242781E-17, -0.8660254037844383745, -0.5000000000000006661 ) ) ;
#5236 = DIRECTION ( 'NONE',  ( 3.854941057726239700E-17, -0.8660254037844385966, 0.5000000000000003331 ) ) ;
#5237 = CARTESIAN_POINT ( 'NONE',  ( -27.17386661099702749, 36.88577788155966175, -40.59999999999998721 ) ) ;
#5238 = CARTESIAN_POINT ( 'NONE',  ( -45.00000000000001421, 39.77252922750783171, 10.72462220366567820 ) ) ;
#5239 = CARTESIAN_POINT ( 'NONE',  ( 26.44924440733136706, 22.11324865405184426, 44.99999999999999289 ) ) ;
#5240 = VECTOR ( 'NONE', #4203, 1000.000000000000000 ) ;
#5241 = EDGE_LOOP ( 'NONE', ( #3037, #9298, #4171, #3900 ) ) ;
#5242 = CARTESIAN_POINT ( 'NONE',  ( -3.487003826842951071, 1.261074069517805984, -20.79545886661061971 ) ) ;
#5243 = VERTEX_POINT ( 'NONE', #9090 ) ;
#5244 = CARTESIAN_POINT ( 'NONE',  ( -45.00000000000002132, 27.88675134594813443, -5.000000000000011546 ) ) ;
#5245 = EDGE_LOOP ( 'NONE', ( #189, #1146, #3692, #198, #8225, #7507 ) ) ;
#5246 = EDGE_CURVE ( 'NONE', #5024, #8299, #2579, .T. ) ;
#5247 = ADVANCED_FACE ( 'NONE', ( #1560 ), #7456, .F. ) ;
#5248 = ORIENTED_EDGE ( 'NONE', *, *, #1159, .T. ) ;
#5249 = VERTEX_POINT ( 'NONE', #10656 ) ;
#5250 = VECTOR ( 'NONE', #4307, 1000.000000000000000 ) ;
#5251 = ORIENTED_EDGE ( 'NONE', *, *, #10573, .F. ) ;
#5252 = CARTESIAN_POINT ( 'NONE',  ( -37.17386661099703105, 36.88577788155965465, -40.59999999999998721 ) ) ;
#5253 = DIRECTION ( 'NONE',  ( 1.000000000000000000, -0.000000000000000000, -7.709882115452476934E-17 ) ) ;
#5254 = CARTESIAN_POINT ( 'NONE',  ( 40.60000000000001563, 4.999999999999997335, 27.17386661099702749 ) ) ;
#5255 = CARTESIAN_POINT ( 'NONE',  ( 40.60000000000001563, 4.999999999999997335, 27.17386661099702749 ) ) ;
#5256 = ORIENTED_EDGE ( 'NONE', *, *, #7480, .T. ) ;
#5257 = CARTESIAN_POINT ( 'NONE',  ( -20.00000000000001421, -5.000000000000000000, -20.00000000000001421 ) ) ;
#5258 = EDGE_CURVE ( 'NONE', #10339, #7138, #9205, .T. ) ;
#5259 = ORIENTED_EDGE ( 'NONE', *, *, #7651, .T. ) ;
#5260 = ORIENTED_EDGE ( 'NONE', *, *, #4823, .F. ) ;
#5261 = ORIENTED_EDGE ( 'NONE', *, *, #8956, .F. ) ;
#5262 = FACE_OUTER_BOUND ( 'NONE', #6059, .T. ) ;
#5263 = ORIENTED_EDGE ( 'NONE', *, *, #7217, .T. ) ;
#5264 = LINE ( 'NONE', #7720, #3436 ) ;
#5265 = DIRECTION ( 'NONE',  ( 0.000000000000000000, 1.000000000000000000, 0.000000000000000000 ) ) ;
#5266 = EDGE_CURVE ( 'NONE', #1181, #3608, #9856, .T. ) ;
#5267 = CARTESIAN_POINT ( 'NONE',  ( 37.17386661099703815, 36.88577788155966886, 40.59999999999996589 ) ) ;
#5268 = FACE_OUTER_BOUND ( 'NONE', #5799, .T. ) ;
#5269 = CARTESIAN_POINT ( 'NONE',  ( -45.00000000000002132, 10.22747077249215941, 10.72462220366568530 ) ) ;
#5270 = ORIENTED_EDGE ( 'NONE', *, *, #9022, .F. ) ;
#5271 = ORIENTED_EDGE ( 'NONE', *, *, #4094, .F. ) ;
#5272 = EDGE_LOOP ( 'NONE', ( #10416, #8918, #4916, #7195 ) ) ;
#5273 = VERTEX_POINT ( 'NONE', #697 ) ;
#5274 = DIRECTION ( 'NONE',  ( -0.000000000000000000, -0.000000000000000000, 1.000000000000000000 ) ) ;
#5275 = CARTESIAN_POINT ( 'NONE',  ( -45.00000000000002132, 30.77350269189626175, 21.44924440733135640 ) ) ;
#5276 = LINE ( 'NONE', #206, #1500 ) ;
#5277 = FACE_OUTER_BOUND ( 'NONE', #6715, .T. ) ;
#5278 = CARTESIAN_POINT ( 'NONE',  ( 44.99999999999999289, 22.11324865405185491, 26.44924440733135285 ) ) ;
#5279 = VECTOR ( 'NONE', #7992, 1000.000000000000000 ) ;
#5280 = SURFACE_SIDE_STYLE ('',( #3546 ) ) ;
#5281 = ORIENTED_EDGE ( 'NONE', *, *, #2412, .F. ) ;
#5282 = CARTESIAN_POINT ( 'NONE',  ( 5.000000000000002665, 27.88675134594812022, -45.00000000000000711 ) ) ;
#5283 = CARTESIAN_POINT ( 'NONE',  ( 26.44924440733135995, 27.88675134594810245, -45.00000000000000711 ) ) ;
#5284 = AXIS2_PLACEMENT_3D ( 'NONE', #7080, #2852, #6147 ) ;
#5285 = EDGE_CURVE ( 'NONE', #7229, #4594, #7299, .T. ) ;
#5286 = AXIS2_PLACEMENT_3D ( 'NONE', #4474, #977, #270 ) ;
#5287 = VERTEX_POINT ( 'NONE', #9145 ) ;
#5288 = EDGE_CURVE ( 'NONE', #8359, #9789, #1718, .T. ) ;
#5289 = DIRECTION ( 'NONE',  ( 0.000000000000000000, 0.5000000000000002220, 0.8660254037844385966 ) ) ;
#5290 = PLANE ( 'NONE',  #9437 ) ;
#5291 = AXIS2_PLACEMENT_3D ( 'NONE', #7347, #5708, #1612 ) ;
#5292 = DIRECTION ( 'NONE',  ( -3.854941057726239700E-17, 0.8660254037844385966, -0.5000000000000002220 ) ) ;
#5293 = EDGE_CURVE ( 'NONE', #6359, #2228, #1663, .T. ) ;
#5294 = AXIS2_PLACEMENT_3D ( 'NONE', #3335, #10611, #3227 ) ;
#5295 = LINE ( 'NONE', #6163, #10664 ) ;
#5296 = CARTESIAN_POINT ( 'NONE',  ( 40.59999999999999432, 28.22552384371529755, -10.72462220366567820 ) ) ;
#5297 = VERTEX_POINT ( 'NONE', #5007 ) ;
#5298 = EDGE_CURVE ( 'NONE', #2043, #345, #6521, .T. ) ;
#5299 = DIRECTION ( 'NONE',  ( 4.506943796211493857E-16, -1.000000000000000000, 0.000000000000000000 ) ) ;
#5300 = ORIENTED_EDGE ( 'NONE', *, *, #8832, .T. ) ;
#5301 = DIRECTION ( 'NONE',  ( -0.8660254037844382635, -0.5000000000000007772, 0.000000000000000000 ) ) ;
#5302 = ORIENTED_EDGE ( 'NONE', *, *, #2757, .F. ) ;
#5303 = VECTOR ( 'NONE', #5097, 999.9999999999998863 ) ;
#5304 = EDGE_LOOP ( 'NONE', ( #107, #6814, #5972, #6734 ) ) ;
#5305 = VECTOR ( 'NONE', #6684, 1000.000000000000000 ) ;
#5306 = ORIENTED_EDGE ( 'NONE', *, *, #10003, .T. ) ;
#5307 = DIRECTION ( 'NONE',  ( -6.009258394948640069E-16, 1.000000000000000000, 0.000000000000000000 ) ) ;
#5308 = CARTESIAN_POINT ( 'NONE',  ( -5.724622203665671094, 18.88772481033653250, -45.00000000000000711 ) ) ;
#5309 = DIRECTION ( 'NONE',  ( 0.8660254037844383745, 0.5000000000000004441, 0.000000000000000000 ) ) ;
#5310 = EDGE_CURVE ( 'NONE', #7803, #10493, #4186, .T. ) ;
#5311 = DIRECTION ( 'NONE',  ( -0.000000000000000000, -0.000000000000000000, 1.000000000000000000 ) ) ;
#5312 = VERTEX_POINT ( 'NONE', #4892 ) ;
#5313 = LINE ( 'NONE', #4495, #6282 ) ;
#5314 = EDGE_CURVE ( 'NONE', #7866, #1545, #8220, .T. ) ;
#5315 = ORIENTED_EDGE ( 'NONE', *, *, #9347, .F. ) ;
#5316 = ORIENTED_EDGE ( 'NONE', *, *, #1332, .F. ) ;
#5317 = VECTOR ( 'NONE', #2146, 1000.000000000000114 ) ;
#5318 = ADVANCED_FACE ( 'NONE', ( #7403 ), #6751, .F. ) ;
#5319 = CARTESIAN_POINT ( 'NONE',  ( -27.17386661099702749, 31.11227518966341421, -45.00000000000000711 ) ) ;
#5320 = EDGE_LOOP ( 'NONE', ( #1435, #7813, #4742, #10335 ) ) ;
#5321 = CARTESIAN_POINT ( 'NONE',  ( 40.59999999999999432, 31.11227518966343553, -15.72462220366568530 ) ) ;
#5322 = DIRECTION ( 'NONE',  ( 0.000000000000000000, -0.5000000000000002220, -0.8660254037844385966 ) ) ;
#5323 = EDGE_CURVE ( 'NONE', #2674, #1811, #8437, .T. ) ;
#5324 = DIRECTION ( 'NONE',  ( -0.8660254037844382635, -0.5000000000000007772, 0.000000000000000000 ) ) ;
#5325 = CARTESIAN_POINT ( 'NONE',  ( -45.00000000000002132, 13.11422211844029739, 5.724622203665675535 ) ) ;
#5326 = CARTESIAN_POINT ( 'NONE',  ( -26.44924440733134929, 27.88675134594808469, -45.00000000000000711 ) ) ;
#5327 = ORIENTED_EDGE ( 'NONE', *, *, #9892, .F. ) ;
#5328 = LINE ( 'NONE', #9480, #363 ) ;
#5329 = EDGE_LOOP ( 'NONE', ( #6437, #6777, #3524, #503 ) ) ;
#5330 = EDGE_CURVE ( 'NONE', #9801, #2234, #2800, .T. ) ;
#5331 = ORIENTED_EDGE ( 'NONE', *, *, #688, .F. ) ;
#5332 = AXIS2_PLACEMENT_3D ( 'NONE', #1476, #4749, #6441 ) ;
#5333 = CARTESIAN_POINT ( 'NONE',  ( -45.00000000000001421, 22.11324865405187268, -5.000000000000001776 ) ) ;
#5334 = DIRECTION ( 'NONE',  ( 0.000000000000000000, -0.5000000000000006661, 0.8660254037844383745 ) ) ;
#5335 = CARTESIAN_POINT ( 'NONE',  ( -45.00000000000002132, 19.22649730810372759, 21.44924440733136350 ) ) ;
#5336 = DIRECTION ( 'NONE',  ( -0.8660254037844385966, 0.5000000000000002220, 0.000000000000000000 ) ) ;
#5337 = CARTESIAN_POINT ( 'NONE',  ( -5.724622203665668430, 13.11422211844027608, 40.59999999999996589 ) ) ;
#5338 = CARTESIAN_POINT ( 'NONE',  ( -45.00000000000001421, 13.11422211844028674, -27.17386661099702749 ) ) ;
#5339 = ORIENTED_EDGE ( 'NONE', *, *, #7140, .T. ) ;
#5340 = DIRECTION ( 'NONE',  ( -0.000000000000000000, -1.000000000000000000, -0.000000000000000000 ) ) ;
#5341 = CARTESIAN_POINT ( 'NONE',  ( -45.00000000000001421, 36.88577788155969728, 27.17386661099701328 ) ) ;
#5342 = AXIS2_PLACEMENT_3D ( 'NONE', #2478, #5763, #1672 ) ;
#5343 = VECTOR ( 'NONE', #7220, 1000.000000000000000 ) ;
#5344 = EDGE_CURVE ( 'NONE', #8789, #8874, #3489, .T. ) ;
#5345 = VECTOR ( 'NONE', #5010, 1000.000000000000000 ) ;
#5346 = FACE_OUTER_BOUND ( 'NONE', #24, .T. ) ;
#5347 = CARTESIAN_POINT ( 'NONE',  ( -40.60000000000001563, 36.88577788155969728, 5.724622203665675535 ) ) ;
#5348 = DIRECTION ( 'NONE',  ( -0.8660254037844389297, 0.4999999999999994449, 0.000000000000000000 ) ) ;
#5349 = DIRECTION ( 'NONE',  ( 1.000000000000000000, -0.000000000000000000, -7.709882115452476934E-17 ) ) ;
#5350 = CARTESIAN_POINT ( 'NONE',  ( 10.72462220366569063, 39.77252922750778907, 44.99999999999999289 ) ) ;
#5351 = CARTESIAN_POINT ( 'NONE',  ( -10.72462220366566577, 39.77252922750778907, -40.59999999999998721 ) ) ;
#5352 = ORIENTED_EDGE ( 'NONE', *, *, #3181, .T. ) ;
#5353 = LINE ( 'NONE', #8790, #2971 ) ;
#5354 = ORIENTED_EDGE ( 'NONE', *, *, #7662, .F. ) ;
#5355 = DIRECTION ( 'NONE',  ( 0.8660254037844383745, 0.5000000000000003331, 0.000000000000000000 ) ) ;
#5356 = ORIENTED_EDGE ( 'NONE', *, *, #1632, .T. ) ;
#5357 = VECTOR ( 'NONE', #6338, 1000.000000000000000 ) ;
#5358 = VECTOR ( 'NONE', #3860, 1000.000000000000000 ) ;
#5359 = ORIENTED_EDGE ( 'NONE', *, *, #1543, .T. ) ;
#5360 = VERTEX_POINT ( 'NONE', #9314 ) ;
#5361 = ADVANCED_FACE ( 'NONE', ( #10234 ), #6145, .F. ) ;
#5362 = DIRECTION ( 'NONE',  ( 0.000000000000000000, 1.000000000000000000, -0.000000000000000000 ) ) ;
#5363 = DIRECTION ( 'NONE',  ( 3.854941057726242165E-17, 0.8660254037844383745, 0.5000000000000006661 ) ) ;
#5364 = AXIS2_PLACEMENT_3D ( 'NONE', #9281, #10096, #1853 ) ;
#5365 = LINE ( 'NONE', #7707, #6036 ) ;
#5366 = DIRECTION ( 'NONE',  ( 6.009258394948641055E-16, -1.000000000000000000, 0.000000000000000000 ) ) ;
#5367 = CARTESIAN_POINT ( 'NONE',  ( -5.724622203665668430, 31.11227518966341421, -45.00000000000000711 ) ) ;
#5368 = ORIENTED_EDGE ( 'NONE', *, *, #9016, .T. ) ;
#5369 = DIRECTION ( 'NONE',  ( -3.854941057726242781E-17, -0.8660254037844383745, -0.5000000000000006661 ) ) ;
#5370 = VERTEX_POINT ( 'NONE', #205 ) ;
#5371 = EDGE_CURVE ( 'NONE', #10568, #3510, #2739, .T. ) ;
#5372 = EDGE_LOOP ( 'NONE', ( #10221, #5411, #2315, #6498, #2429, #1885 ) ) ;
#5373 = EDGE_CURVE ( 'NONE', #8779, #10277, #6858, .T. ) ;
#5374 = LINE ( 'NONE', #1278, #4985 ) ;
#5375 = ORIENTED_EDGE ( 'NONE', *, *, #3121, .F. ) ;
#5376 = AXIS2_PLACEMENT_3D ( 'NONE', #9762, #3229, #9863 ) ;
#5377 = CARTESIAN_POINT ( 'NONE',  ( 44.99999999999998579, 31.11227518966343553, -15.72462220366568530 ) ) ;
#5378 = CARTESIAN_POINT ( 'NONE',  ( -45.00000000000001421, 27.88675134594812732, 16.44924440733135640 ) ) ;
#5379 = CARTESIAN_POINT ( 'NONE',  ( -36.22990540948983806, 12.56922586464554037, 40.59999999999998721 ) ) ;
#5380 = CARTESIAN_POINT ( 'NONE',  ( 37.17386661099703815, 13.11422211844027608, -45.00000000000000711 ) ) ;
#5381 = DIRECTION ( 'NONE',  ( 0.000000000000000000, -0.5000000000000002220, -0.8660254037844384856 ) ) ;
#5382 = ORIENTED_EDGE ( 'NONE', *, *, #7609, .F. ) ;
#5383 = VECTOR ( 'NONE', #9550, 1000.000000000000000 ) ;
#5384 = CARTESIAN_POINT ( 'NONE',  ( -12.39069611163209572, -5.000000000000000000, -5.359354715912672873 ) ) ;
#5385 = CARTESIAN_POINT ( 'NONE',  ( -22.83773761351900689, 0.000000000000000000, -3.745854521482247179 ) ) ;
#5386 = EDGE_CURVE ( 'NONE', #9213, #410, #2636, .T. ) ;
#5387 = ORIENTED_EDGE ( 'NONE', *, *, #10257, .T. ) ;
#5388 = LINE ( 'NONE', #4004, #4637 ) ;
#5389 = DIRECTION ( 'NONE',  ( -0.8660254037844389297, 0.4999999999999995004, -0.000000000000000000 ) ) ;
#5390 = CARTESIAN_POINT ( 'NONE',  ( -12.39069611163209572, 0.000000000000000000, -5.359354715912672873 ) ) ;
#5391 = CARTESIAN_POINT ( 'NONE',  ( -45.00000000000002132, 18.88772481033656803, 27.17386661099703105 ) ) ;
#5392 = FACE_OUTER_BOUND ( 'NONE', #5681, .T. ) ;
#5393 = ORIENTED_EDGE ( 'NONE', *, *, #1028, .T. ) ;
#5394 = DIRECTION ( 'NONE',  ( 0.000000000000000000, -0.5000000000000006661, 0.8660254037844383745 ) ) ;
#5395 = ORIENTED_EDGE ( 'NONE', *, *, #7840, .F. ) ;
#5396 = ORIENTED_EDGE ( 'NONE', *, *, #1863, .T. ) ;
#5397 = CARTESIAN_POINT ( 'NONE',  ( 44.99999999999998579, 31.11227518966343553, -37.17386661099704526 ) ) ;
#5398 = DIRECTION ( 'NONE',  ( 0.000000000000000000, -0.5000000000000005551, 0.8660254037844382635 ) ) ;
#5399 = DIRECTION ( 'NONE',  ( 0.000000000000000000, -0.5000000000000002220, -0.8660254037844384856 ) ) ;
#5400 = LINE ( 'NONE', #4636, #6335 ) ;
#5401 = EDGE_CURVE ( 'NONE', #5204, #6332, #6806, .T. ) ;
#5402 = DIRECTION ( 'NONE',  ( 1.000000000000000000, -0.000000000000000000, -7.709882115452476934E-17 ) ) ;
#5403 = DIRECTION ( 'NONE',  ( 0.000000000000000000, 0.5000000000000002220, 0.8660254037844384856 ) ) ;
#5404 = ORIENTED_EDGE ( 'NONE', *, *, #743, .F. ) ;
#5405 = CARTESIAN_POINT ( 'NONE',  ( 44.99999999999999289, 36.88577788155969728, 37.17386661099703105 ) ) ;
#5406 = ORIENTED_EDGE ( 'NONE', *, *, #10336, .F. ) ;
#5407 = DIRECTION ( 'NONE',  ( 1.000000000000000000, -0.000000000000000000, -7.709882115452476934E-17 ) ) ;
#5408 = ORIENTED_EDGE ( 'NONE', *, *, #4397, .T. ) ;
#5409 = VECTOR ( 'NONE', #6726, 1000.000000000000000 ) ;
#5410 = ORIENTED_EDGE ( 'NONE', *, *, #350, .T. ) ;
#5411 = ORIENTED_EDGE ( 'NONE', *, *, #651, .T. ) ;
#5412 = EDGE_LOOP ( 'NONE', ( #2137, #9142, #5642, #5666 ) ) ;
#5413 = CARTESIAN_POINT ( 'NONE',  ( -32.17386661099702394, 21.77447615628465982, -45.00000000000000711 ) ) ;
#5414 = VECTOR ( 'NONE', #8803, 999.9999999999998863 ) ;
#5415 = DIRECTION ( 'NONE',  ( 0.000000000000000000, -0.5000000000000004441, 0.8660254037844382635 ) ) ;
#5416 = VECTOR ( 'NONE', #5704, 1000.000000000000000 ) ;
#5417 = CARTESIAN_POINT ( 'NONE',  ( -35.03240569234299073, -4.643356216793224966, -40.59999999999998721 ) ) ;
#5418 = DIRECTION ( 'NONE',  ( 0.8660254037844384856, 0.5000000000000004441, 0.000000000000000000 ) ) ;
#5419 = EDGE_LOOP ( 'NONE', ( #2793, #5104, #3953, #5766 ) ) ;
#5420 = CARTESIAN_POINT ( 'NONE',  ( -45.00000000000001421, 39.77252922750783171, -32.17386661099703105 ) ) ;
#5421 = VECTOR ( 'NONE', #7345, 1000.000000000000000 ) ;
#5422 = ORIENTED_EDGE ( 'NONE', *, *, #10377, .T. ) ;
#5423 = PLANE ( 'NONE',  #8820 ) ;
#5424 = VERTEX_POINT ( 'NONE', #1185 ) ;
#5425 = PLANE ( 'NONE',  #7608 ) ;
#5426 = DIRECTION ( 'NONE',  ( -0.8660254037844382635, -0.5000000000000006661, 0.000000000000000000 ) ) ;
#5427 = EDGE_CURVE ( 'NONE', #5937, #4760, #4458, .T. ) ;
#5428 = VECTOR ( 'NONE', #2616, 1000.000000000000000 ) ;
#5429 = CARTESIAN_POINT ( 'NONE',  ( -40.60000000000001563, 22.11324865405187268, -5.000000000000004441 ) ) ;
#5430 = EDGE_CURVE ( 'NONE', #8492, #754, #9376, .T. ) ;
#5431 = CARTESIAN_POINT ( 'NONE',  ( -40.60000000000001563, 23.96239340353677250, -29.65205706398843688 ) ) ;
#5432 = DIRECTION ( 'NONE',  ( 1.000000000000000000, -0.000000000000000000, -7.709882115452476934E-17 ) ) ;
#5433 = EDGE_LOOP ( 'NONE', ( #10002, #654, #4941, #6799, #10202, #10543 ) ) ;
#5434 = ADVANCED_FACE ( 'NONE', ( #7679 ), #5224, .F. ) ;
#5435 = CARTESIAN_POINT ( 'NONE',  ( 21.44924440733136706, 19.22649730810371338, 40.59999999999996589 ) ) ;
#5436 = DIRECTION ( 'NONE',  ( 1.000000000000000000, -0.000000000000000000, -7.709882115452476934E-17 ) ) ;
#5437 = DIRECTION ( 'NONE',  ( 0.000000000000000000, 0.5000000000000005551, -0.8660254037844382635 ) ) ;
#5438 = LINE ( 'NONE', #430, #4754 ) ;
#5439 = CARTESIAN_POINT ( 'NONE',  ( -40.60000000000001563, 18.88772481033656447, 37.17386661099703815 ) ) ;
#5440 = EDGE_CURVE ( 'NONE', #1482, #1008, #1124, .T. ) ;
#5441 = LINE ( 'NONE', #8774, #3219 ) ;
#5442 = VERTEX_POINT ( 'NONE', #9259 ) ;
#5443 = ORIENTED_EDGE ( 'NONE', *, *, #6172, .F. ) ;
#5444 = CARTESIAN_POINT ( 'NONE',  ( -45.00000000000001421, 31.11227518966342487, -27.17386661099702749 ) ) ;
#5445 = EDGE_CURVE ( 'NONE', #788, #8470, #5110, .T. ) ;
#5446 = ORIENTED_EDGE ( 'NONE', *, *, #9985, .F. ) ;
#5447 = DIRECTION ( 'NONE',  ( -0.7071067811865482389, 0.000000000000000000, 0.7071067811865469066 ) ) ;
#5448 = VECTOR ( 'NONE', #10430, 1000.000000000000114 ) ;
#5449 = DIRECTION ( 'NONE',  ( -0.000000000000000000, -1.000000000000000000, -0.000000000000000000 ) ) ;
#5450 = CARTESIAN_POINT ( 'NONE',  ( -45.00000000000001421, 22.11324865405185491, -16.44924440733134929 ) ) ;
#5451 = CARTESIAN_POINT ( 'NONE',  ( -21.44924440733134574, 19.22649730810371338, -45.00000000000000711 ) ) ;
#5452 = DIRECTION ( 'NONE',  ( 4.506943796211494843E-16, -1.000000000000000000, 0.000000000000000000 ) ) ;
#5453 = DIRECTION ( 'NONE',  ( -6.009258394948641055E-16, 1.000000000000000000, 0.000000000000000000 ) ) ;
#5454 = ORIENTED_EDGE ( 'NONE', *, *, #2295, .T. ) ;
#5455 = CARTESIAN_POINT ( 'NONE',  ( 3.568635993046930466, 0.5924587855858916008, 21.82265583536102582 ) ) ;
#5456 = ORIENTED_EDGE ( 'NONE', *, *, #7058, .T. ) ;
#5457 = AXIS2_PLACEMENT_3D ( 'NONE', #8266, #6680, #9193 ) ;
#5458 = DIRECTION ( 'NONE',  ( 0.8660254037844389297, -0.4999999999999995004, 0.000000000000000000 ) ) ;
#5459 = EDGE_LOOP ( 'NONE', ( #3925, #7733, #5300, #3062 ) ) ;
#5460 = ORIENTED_EDGE ( 'NONE', *, *, #8159, .F. ) ;
#5461 = VERTEX_POINT ( 'NONE', #313 ) ;
#5462 = EDGE_CURVE ( 'NONE', #6397, #8329, #1071, .T. ) ;
#5463 = EDGE_CURVE ( 'NONE', #7868, #8875, #5086, .T. ) ;
#5464 = AXIS2_PLACEMENT_3D ( 'NONE', #5557, #8933, #4947 ) ;
#5465 = VECTOR ( 'NONE', #6276, 1000.000000000000114 ) ;
#5466 = LINE ( 'NONE', #5413, #10595 ) ;
#5467 = DIRECTION ( 'NONE',  ( -0.8660254037844384856, -0.5000000000000004441, 0.000000000000000000 ) ) ;
#5468 = CARTESIAN_POINT ( 'NONE',  ( -45.00000000000001421, 27.88675134594812732, -16.44924440733134929 ) ) ;
#5469 = LINE ( 'NONE', #10319, #8802 ) ;
#5470 = EDGE_LOOP ( 'NONE', ( #9616, #3547, #6988, #7826, #10067, #171 ) ) ;
#5471 = CARTESIAN_POINT ( 'NONE',  ( 44.99999999999998579, 27.88675134594813088, 4.999999999999995559 ) ) ;
#5472 = VECTOR ( 'NONE', #2310, 1000.000000000000000 ) ;
#5473 = ADVANCED_FACE ( 'NONE', ( #4344 ), #8385, .F. ) ;
#5474 = PRODUCT_DEFINITION_FORMATION_WITH_SPECIFIED_SOURCE ( 'ANY', '', #7292, .NOT_KNOWN. ) ;
#5475 = VERTEX_POINT ( 'NONE', #624 ) ;
#5476 = EDGE_CURVE ( 'NONE', #7549, #555, #10344, .T. ) ;
#5477 = CARTESIAN_POINT ( 'NONE',  ( 40.60000000000001563, 4.999999999999997335, 37.17386661099703815 ) ) ;
#5478 = ORIENTED_EDGE ( 'NONE', *, *, #4890, .F. ) ;
#5479 = DIRECTION ( 'NONE',  ( -0.8164965809277261455, 0.5773502691896256200, 6.409875621278543096E-16 ) ) ;
#5480 = DIRECTION ( 'NONE',  ( -7.709882115452476934E-17, 0.000000000000000000, -1.000000000000000000 ) ) ;
#5481 = CARTESIAN_POINT ( 'NONE',  ( -37.17386661099703105, 31.11227518966341421, -45.00000000000000711 ) ) ;
#5482 = EDGE_LOOP ( 'NONE', ( #7999, #237, #7843, #7121 ) ) ;
#5483 = LINE ( 'NONE', #3059, #6764 ) ;
#5484 = LINE ( 'NONE', #2902, #8997 ) ;
#5485 = ORIENTED_EDGE ( 'NONE', *, *, #1884, .F. ) ;
#5486 = VECTOR ( 'NONE', #2615, 1000.000000000000000 ) ;
#5487 = VERTEX_POINT ( 'NONE', #6455 ) ;
#5488 = ADVANCED_FACE ( 'NONE', ( #5585 ), #7382, .F. ) ;
#5489 = DIRECTION ( 'NONE',  ( 0.000000000000000000, 1.000000000000000000, 0.000000000000000000 ) ) ;
#5490 = DIRECTION ( 'NONE',  ( 0.000000000000000000, 0.5000000000000001110, 0.8660254037844384856 ) ) ;
#5491 = CARTESIAN_POINT ( 'NONE',  ( -26.44924440733134574, 22.11324865405184426, 44.99999999999999289 ) ) ;
#5492 = DIRECTION ( 'NONE',  ( 1.000000000000000000, -0.000000000000000000, -7.709882115452476934E-17 ) ) ;
#5493 = LINE ( 'NONE', #7182, #6176 ) ;
#5494 = ORIENTED_EDGE ( 'NONE', *, *, #254, .F. ) ;
#5495 = EDGE_CURVE ( 'NONE', #5893, #7955, #1241, .T. ) ;
#5496 = EDGE_CURVE ( 'NONE', #2607, #5297, #2048, .T. ) ;
#5497 = VERTEX_POINT ( 'NONE', #6503 ) ;
#5498 = CARTESIAN_POINT ( 'NONE',  ( -45.00000000000002132, 10.22747077249215941, 10.72462220366568530 ) ) ;
#5499 = DIRECTION ( 'NONE',  ( 0.000000000000000000, 0.5000000000000002220, 0.8660254037844385966 ) ) ;
#5500 = CARTESIAN_POINT ( 'NONE',  ( 44.99999999999997868, 22.11324865405186557, -26.44924440733136706 ) ) ;
#5501 = LINE ( 'NONE', #1197, #9695 ) ;
#5502 = VECTOR ( 'NONE', #3447, 1000.000000000000000 ) ;
#5503 = DIRECTION ( 'NONE',  ( 0.000000000000000000, -0.5000000000000006661, 0.8660254037844383745 ) ) ;
#5504 = DIRECTION ( 'NONE',  ( 0.8660254037844384856, -0.5000000000000001110, 0.000000000000000000 ) ) ;
#5505 = ORIENTED_EDGE ( 'NONE', *, *, #4366, .F. ) ;
#5506 = AXIS2_PLACEMENT_3D ( 'NONE', #2136, #7160, #3796 ) ;
#5507 = FACE_OUTER_BOUND ( 'NONE', #4393, .T. ) ;
#5508 = PLANE ( 'NONE',  #1916 ) ;
#5509 = ORIENTED_EDGE ( 'NONE', *, *, #5285, .T. ) ;
#5510 = VECTOR ( 'NONE', #6843, 1000.000000000000227 ) ;
#5511 = VECTOR ( 'NONE', #9089, 1000.000000000000000 ) ;
#5512 = ORIENTED_EDGE ( 'NONE', *, *, #9656, .F. ) ;
#5513 = VERTEX_POINT ( 'NONE', #4764 ) ;
#5514 = VECTOR ( 'NONE', #10404, 1000.000000000000000 ) ;
#5515 = ADVANCED_FACE ( 'NONE', ( #3710 ), #10638, .F. ) ;
#5516 = DIRECTION ( 'NONE',  ( -0.000000000000000000, -0.000000000000000000, 1.000000000000000000 ) ) ;
#5517 = VECTOR ( 'NONE', #7878, 1000.000000000000227 ) ;
#5518 = LINE ( 'NONE', #4652, #3265 ) ;
#5519 = CARTESIAN_POINT ( 'NONE',  ( 37.17386661099703815, 18.88772481033653250, -45.00000000000000711 ) ) ;
#5520 = PLANE ( 'NONE',  #6535 ) ;
#5521 = ORIENTED_EDGE ( 'NONE', *, *, #4758, .T. ) ;
#5522 = CARTESIAN_POINT ( 'NONE',  ( 39.02809845431147551, -4.999999999999998224, -37.82104513169652904 ) ) ;
#5523 = AXIS2_PLACEMENT_3D ( 'NONE', #4303, #969, #7525 ) ;
#5524 = VECTOR ( 'NONE', #1983, 1000.000000000000000 ) ;
#5525 = ORIENTED_EDGE ( 'NONE', *, *, #1318, .T. ) ;
#5526 = EDGE_CURVE ( 'NONE', #8842, #10069, #2345, .T. ) ;
#5527 = ORIENTED_EDGE ( 'NONE', *, *, #148, .F. ) ;
#5528 = VERTEX_POINT ( 'NONE', #5635 ) ;
#5529 = DIRECTION ( 'NONE',  ( 0.000000000000000000, -0.5000000000000006661, 0.8660254037844383745 ) ) ;
#5530 = ORIENTED_EDGE ( 'NONE', *, *, #4834, .F. ) ;
#5531 = LINE ( 'NONE', #4003, #1716 ) ;
#5532 = DIRECTION ( 'NONE',  ( 0.000000000000000000, 0.000000000000000000, -1.000000000000000000 ) ) ;
#5533 = DIRECTION ( 'NONE',  ( 0.000000000000000000, -0.5000000000000002220, -0.8660254037844384856 ) ) ;
#5534 = LINE ( 'NONE', #4821, #10341 ) ;
#5535 = CARTESIAN_POINT ( 'NONE',  ( -45.00000000000002132, 31.11227518966342487, 37.17386661099703815 ) ) ;
#5536 = DIRECTION ( 'NONE',  ( 1.000000000000000000, -0.000000000000000000, -7.709882115452476934E-17 ) ) ;
#5537 = EDGE_CURVE ( 'NONE', #486, #2660, #7223, .T. ) ;
#5538 = ORIENTED_EDGE ( 'NONE', *, *, #9959, .F. ) ;
#5539 = EDGE_CURVE ( 'NONE', #2885, #1580, #9739, .T. ) ;
#5540 = VERTEX_POINT ( 'NONE', #9787 ) ;
#5541 = VECTOR ( 'NONE', #9328, 1000.000000000000000 ) ;
#5542 = VERTEX_POINT ( 'NONE', #4517 ) ;
#5543 = DIRECTION ( 'NONE',  ( -6.009258394948641055E-16, 1.000000000000000000, 0.000000000000000000 ) ) ;
#5544 = DIRECTION ( 'NONE',  ( 4.506943796211494843E-16, -1.000000000000000000, 0.000000000000000000 ) ) ;
#5545 = DIRECTION ( 'NONE',  ( 6.009258394948641055E-16, -1.000000000000000000, 0.000000000000000000 ) ) ;
#5546 = PLANE ( 'NONE',  #8614 ) ;
#5547 = ORIENTED_EDGE ( 'NONE', *, *, #5691, .F. ) ;
#5548 = VECTOR ( 'NONE', #4898, 1000.000000000000000 ) ;
#5549 = EDGE_CURVE ( 'NONE', #9620, #7229, #8966, .T. ) ;
#5550 = VERTEX_POINT ( 'NONE', #10686 ) ;
#5551 = EDGE_LOOP ( 'NONE', ( #3257, #9798, #7872, #7584 ) ) ;
#5552 = ORIENTED_EDGE ( 'NONE', *, *, #8769, .T. ) ;
#5553 = PLANE ( 'NONE',  #9063 ) ;
#5554 = VECTOR ( 'NONE', #917, 1000.000000000000227 ) ;
#5555 = DIRECTION ( 'NONE',  ( -6.009258394948640069E-16, 1.000000000000000000, 0.000000000000000000 ) ) ;
#5556 = LINE ( 'NONE', #8886, #3051 ) ;
#5557 = CARTESIAN_POINT ( 'NONE',  ( -45.00000000000001421, 30.77350269189626175, -21.44924440733135640 ) ) ;
#5558 = EDGE_CURVE ( 'NONE', #36, #2515, #8055, .T. ) ;
#5559 = DIRECTION ( 'NONE',  ( 1.000000000000000000, -0.000000000000000000, -7.709882115452476934E-17 ) ) ;
#5560 = DIRECTION ( 'NONE',  ( 0.000000000000000000, 0.5000000000000005551, -0.8660254037844382635 ) ) ;
#5561 = ORIENTED_EDGE ( 'NONE', *, *, #10030, .F. ) ;
#5562 = FACE_OUTER_BOUND ( 'NONE', #607, .T. ) ;
#5563 = EDGE_CURVE ( 'NONE', #306, #8842, #3106, .T. ) ;
#5564 = DIRECTION ( 'NONE',  ( -0.000000000000000000, -0.000000000000000000, 1.000000000000000000 ) ) ;
#5565 = ORIENTED_EDGE ( 'NONE', *, *, #5742, .T. ) ;
#5566 = ADVANCED_FACE ( 'NONE', ( #7019 ), #4872, .F. ) ;
#5567 = EDGE_CURVE ( 'NONE', #7397, #6826, #2302, .T. ) ;
#5568 = ORIENTED_EDGE ( 'NONE', *, *, #348, .F. ) ;
#5569 = ORIENTED_EDGE ( 'NONE', *, *, #2140, .F. ) ;
#5570 = ORIENTED_EDGE ( 'NONE', *, *, #9400, .F. ) ;
#5571 = LINE ( 'NONE', #1679, #570 ) ;
#5572 = LINE ( 'NONE', #6340, #1900 ) ;
#5573 = CARTESIAN_POINT ( 'NONE',  ( 5.724622203665683529, 36.88577788155965465, -45.00000000000000711 ) ) ;
#5574 = CARTESIAN_POINT ( 'NONE',  ( 20.00000000000002842, 1.832738110421901156, 3.499999999999999556 ) ) ;
#5575 = CARTESIAN_POINT ( 'NONE',  ( -16.44924440733134574, 22.11324865405184426, -45.00000000000000711 ) ) ;
#5576 = ORIENTED_EDGE ( 'NONE', *, *, #1138, .T. ) ;
#5577 = EDGE_CURVE ( 'NONE', #2985, #2657, #3151, .T. ) ;
#5578 = ORIENTED_EDGE ( 'NONE', *, *, #8052, .F. ) ;
#5579 = AXIS2_PLACEMENT_3D ( 'NONE', #3522, #7711, #1217 ) ;
#5580 = FACE_OUTER_BOUND ( 'NONE', #6933, .T. ) ;
#5581 = ORIENTED_EDGE ( 'NONE', *, *, #8877, .F. ) ;
#5582 = FACE_OUTER_BOUND ( 'NONE', #3497, .T. ) ;
#5583 = EDGE_CURVE ( 'NONE', #7232, #4422, #4056, .T. ) ;
#5584 = CARTESIAN_POINT ( 'NONE',  ( 40.60000000000001563, 51.19823799011141574, -13.92743486032272493 ) ) ;
#5585 = FACE_OUTER_BOUND ( 'NONE', #10264, .T. ) ;
#5586 = DIRECTION ( 'NONE',  ( -0.8660254037844389297, 0.4999999999999994449, 0.000000000000000000 ) ) ;
#5587 = ORIENTED_EDGE ( 'NONE', *, *, #8858, .F. ) ;
#5588 = PLANE ( 'NONE',  #9547 ) ;
#5589 = ORIENTED_EDGE ( 'NONE', *, *, #9440, .F. ) ;
#5590 = VECTOR ( 'NONE', #9224, 999.9999999999998863 ) ;
#5591 = VECTOR ( 'NONE', #2418, 1000.000000000000227 ) ;
#5592 = ORIENTED_EDGE ( 'NONE', *, *, #9309, .F. ) ;
#5593 = EDGE_CURVE ( 'NONE', #2947, #10445, #9687, .T. ) ;
#5594 = EDGE_CURVE ( 'NONE', #9561, #2775, #7278, .T. ) ;
#5595 = VECTOR ( 'NONE', #5019, 1000.000000000000000 ) ;
#5596 = CARTESIAN_POINT ( 'NONE',  ( -17.08051390828822846, 4.999999999999997335, -33.34396987557884273 ) ) ;
#5597 = CARTESIAN_POINT ( 'NONE',  ( 40.59999999999998721, 18.88772481033655737, 15.72462220366567465 ) ) ;
#5598 = FACE_OUTER_BOUND ( 'NONE', #202, .T. ) ;
#5599 = CARTESIAN_POINT ( 'NONE',  ( -40.60000000000001563, 18.88772481033655737, -27.17386661099702749 ) ) ;
#5600 = ORIENTED_EDGE ( 'NONE', *, *, #1643, .F. ) ;
#5601 = EDGE_CURVE ( 'NONE', #9625, #10187, #4164, .T. ) ;
#5602 = ORIENTED_EDGE ( 'NONE', *, *, #425, .T. ) ;
#5603 = DIRECTION ( 'NONE',  ( 1.000000000000000000, -0.000000000000000000, -7.709882115452476934E-17 ) ) ;
#5604 = CARTESIAN_POINT ( 'NONE',  ( -45.00000000000001421, 30.77350269189626886, -1.511102531139998355E-16 ) ) ;
#5605 = CARTESIAN_POINT ( 'NONE',  ( 5.317910530818765302, 0.000000000000000000, 12.40845790524377179 ) ) ;
#5606 = FACE_OUTER_BOUND ( 'NONE', #6748, .T. ) ;
#5607 = FACE_BOUND ( 'NONE', #7844, .T. ) ;
#5608 = FACE_OUTER_BOUND ( 'NONE', #3627, .T. ) ;
#5609 = ORIENTED_EDGE ( 'NONE', *, *, #9909, .F. ) ;
#5610 = LINE ( 'NONE', #5713, #3299 ) ;
#5611 = DIRECTION ( 'NONE',  ( -6.009258394948641055E-16, 1.000000000000000000, 0.000000000000000000 ) ) ;
#5612 = ORIENTED_EDGE ( 'NONE', *, *, #3000, .F. ) ;
#5613 = ORIENTED_EDGE ( 'NONE', *, *, #4866, .F. ) ;
#5614 = EDGE_LOOP ( 'NONE', ( #1894, #8365, #216, #1415, #640, #177 ) ) ;
#5615 = EDGE_CURVE ( 'NONE', #10677, #1181, #3418, .T. ) ;
#5616 = VECTOR ( 'NONE', #6182, 1000.000000000000000 ) ;
#5617 = EDGE_CURVE ( 'NONE', #8906, #9615, #1752, .T. ) ;
#5618 = DIRECTION ( 'NONE',  ( 7.709882115452476934E-17, 0.000000000000000000, 1.000000000000000000 ) ) ;
#5619 = EDGE_CURVE ( 'NONE', #6166, #1530, #5733, .T. ) ;
#5620 = LINE ( 'NONE', #7991, #5858 ) ;
#5621 = DIRECTION ( 'NONE',  ( 1.000000000000000000, -0.000000000000000000, -7.709882115452476934E-17 ) ) ;
#5622 = CARTESIAN_POINT ( 'NONE',  ( -45.00000000000001421, 13.11422211844029739, -15.72462220366567820 ) ) ;
#5623 = ORIENTED_EDGE ( 'NONE', *, *, #4707, .F. ) ;
#5624 = ORIENTED_EDGE ( 'NONE', *, *, #3917, .T. ) ;
#5625 = VECTOR ( 'NONE', #1842, 999.9999999999998863 ) ;
#5626 = AXIS2_PLACEMENT_3D ( 'NONE', #10501, #5697, #4679 ) ;
#5627 = ORIENTED_EDGE ( 'NONE', *, *, #6371, .F. ) ;
#5628 = EDGE_CURVE ( 'NONE', #1001, #6904, #5788, .T. ) ;
#5629 = PLANE ( 'NONE',  #536 ) ;
#5630 = VERTEX_POINT ( 'NONE', #9939 ) ;
#5631 = EDGE_CURVE ( 'NONE', #5950, #3624, #1048, .T. ) ;
#5632 = VECTOR ( 'NONE', #2851, 1000.000000000000000 ) ;
#5633 = CARTESIAN_POINT ( 'NONE',  ( -45.00000000000001421, 31.11227518966342487, 15.72462220366568175 ) ) ;
#5634 = DIRECTION ( 'NONE',  ( 0.000000000000000000, 1.000000000000000000, 0.000000000000000000 ) ) ;
#5635 = CARTESIAN_POINT ( 'NONE',  ( 40.60000000000001563, 27.88675134594812732, -26.44924440733136350 ) ) ;
#5636 = CARTESIAN_POINT ( 'NONE',  ( -10.72462220366566577, 39.77252922750778907, -45.00000000000000711 ) ) ;
#5637 = ORIENTED_EDGE ( 'NONE', *, *, #2633, .F. ) ;
#5638 = VECTOR ( 'NONE', #10591, 1000.000000000000227 ) ;
#5639 = LINE ( 'NONE', #7439, #4293 ) ;
#5640 = VERTEX_POINT ( 'NONE', #21 ) ;
#5641 = VECTOR ( 'NONE', #8760, 1000.000000000000000 ) ;
#5642 = ORIENTED_EDGE ( 'NONE', *, *, #1609, .T. ) ;
#5643 = EDGE_CURVE ( 'NONE', #788, #6461, #4215, .T. ) ;
#5644 = LINE ( 'NONE', #5696, #9485 ) ;
#5645 = CARTESIAN_POINT ( 'NONE',  ( -40.60000000000001563, 39.77252922750783171, -32.17386661099703105 ) ) ;
#5646 = DIRECTION ( 'NONE',  ( 0.000000000000000000, -0.5000000000000002220, -0.8660254037844384856 ) ) ;
#5647 = ORIENTED_EDGE ( 'NONE', *, *, #8191, .F. ) ;
#5648 = CARTESIAN_POINT ( 'NONE',  ( -35.39471679417584937, -4.015814980272454982, 40.59999999999998721 ) ) ;
#5649 = ORIENTED_EDGE ( 'NONE', *, *, #4771, .F. ) ;
#5650 = EDGE_CURVE ( 'NONE', #7259, #8569, #5845, .T. ) ;
#5651 = ORIENTED_EDGE ( 'NONE', *, *, #2118, .T. ) ;
#5652 = DIRECTION ( 'NONE',  ( -7.709882115452476934E-17, 0.000000000000000000, -1.000000000000000000 ) ) ;
#5653 = DIRECTION ( 'NONE',  ( 0.000000000000000000, -1.000000000000000000, 0.000000000000000000 ) ) ;
#5654 = CARTESIAN_POINT ( 'NONE',  ( 40.59999999999998721, 27.88675134594812732, 26.44924440733135285 ) ) ;
#5655 = LINE ( 'NONE', #1511, #8776 ) ;
#5656 = CARTESIAN_POINT ( 'NONE',  ( 0.000000000000000000, 0.000000000000000000, 0.000000000000000000 ) ) ;
#5657 = CARTESIAN_POINT ( 'NONE',  ( -45.00000000000001421, 45.00000000000000000, 44.99999999999999289 ) ) ;
#5658 = VERTEX_POINT ( 'NONE', #8308 ) ;
#5659 = LINE ( 'NONE', #2477, #3650 ) ;
#5660 = CARTESIAN_POINT ( 'NONE',  ( 20.00000000000002842, 1.832738110421901156, 3.499999999999999556 ) ) ;
#5661 = ORIENTED_EDGE ( 'NONE', *, *, #5310, .T. ) ;
#5662 = ADVANCED_FACE ( 'NONE', ( #4269 ), #936, .T. ) ;
#5663 = UNCERTAINTY_MEASURE_WITH_UNIT (LENGTH_MEASURE( 1.000000000000000082E-05 ), #1994, 'distance_accuracy_value', 'NONE');
#5664 = ORIENTED_EDGE ( 'NONE', *, *, #2874, .F. ) ;
#5665 = ORIENTED_EDGE ( 'NONE', *, *, #226, .T. ) ;
#5666 = ORIENTED_EDGE ( 'NONE', *, *, #2588, .F. ) ;
#5667 = VECTOR ( 'NONE', #1079, 1000.000000000000000 ) ;
#5668 = CARTESIAN_POINT ( 'NONE',  ( 12.39069611163210283, 0.000000000000000000, 5.359354715912663103 ) ) ;
#5669 = VECTOR ( 'NONE', #4418, 1000.000000000000000 ) ;
#5670 = LINE ( 'NONE', #8289, #5595 ) ;
#5671 = LINE ( 'NONE', #5771, #2875 ) ;
#5672 = DIRECTION ( 'NONE',  ( 1.000000000000000000, -0.000000000000000000, -7.709882115452476934E-17 ) ) ;
#5673 = LINE ( 'NONE', #7315, #2308 ) ;
#5674 = ORIENTED_EDGE ( 'NONE', *, *, #8729, .F. ) ;
#5675 = ORIENTED_EDGE ( 'NONE', *, *, #9648, .T. ) ;
#5676 = VECTOR ( 'NONE', #8500, 1000.000000000000000 ) ;
#5677 = ADVANCED_FACE ( 'NONE', ( #4322 ), #9183, .F. ) ;
#5678 = ORIENTED_EDGE ( 'NONE', *, *, #5563, .T. ) ;
#5679 = VECTOR ( 'NONE', #7004, 999.9999999999998863 ) ;
#5680 = LINE ( 'NONE', #9883, #2088 ) ;
#5681 = EDGE_LOOP ( 'NONE', ( #4431, #10599, #8994, #3818 ) ) ;
#5682 = LINE ( 'NONE', #10439, #5343 ) ;
#5683 = CARTESIAN_POINT ( 'NONE',  ( 20.00000000000003197, 0.000000000000000000, -36.50000000000002132 ) ) ;
#5684 = FACE_BOUND ( 'NONE', #5986, .T. ) ;
#5685 = VECTOR ( 'NONE', #9335, 1000.000000000000000 ) ;
#5686 = DIRECTION ( 'NONE',  ( 0.000000000000000000, -0.5000000000000006661, 0.8660254037844383745 ) ) ;
#5687 = LINE ( 'NONE', #8203, #7398 ) ;
#5688 = EDGE_LOOP ( 'NONE', ( #423, #3072, #7567, #8808, #7648, #10184 ) ) ;
#5689 = PLANE ( 'NONE',  #9008 ) ;
#5690 = ORIENTED_EDGE ( 'NONE', *, *, #1892, .T. ) ;
#5691 = EDGE_CURVE ( 'NONE', #1615, #7072, #7661, .T. ) ;
#5692 = AXIS2_PLACEMENT_3D ( 'NONE', #7625, #1068, #7677 ) ;
#5693 = EDGE_CURVE ( 'NONE', #2657, #3551, #235, .T. ) ;
#5694 = VERTEX_POINT ( 'NONE', #5904 ) ;
#5695 = VECTOR ( 'NONE', #3937, 999.9999999999998863 ) ;
#5696 = CARTESIAN_POINT ( 'NONE',  ( 36.18666791370988278, -4.467790692378653006, -39.13154946405283852 ) ) ;
#5697 = DIRECTION ( 'NONE',  ( 1.000000000000000000, 6.009258394948641055E-16, 0.000000000000000000 ) ) ;
#5698 = FACE_OUTER_BOUND ( 'NONE', #862, .T. ) ;
#5699 = EDGE_LOOP ( 'NONE', ( #4508, #2006, #8894, #4664 ) ) ;
#5700 = LINE ( 'NONE', #4177, #6686 ) ;
#5701 = ORIENTED_EDGE ( 'NONE', *, *, #3263, .T. ) ;
#5702 = ADVANCED_FACE ( 'NONE', ( #7488 ), #75, .F. ) ;
#5703 = ORIENTED_EDGE ( 'NONE', *, *, #2797, .T. ) ;
#5704 = DIRECTION ( 'NONE',  ( -0.000000000000000000, -0.000000000000000000, 1.000000000000000000 ) ) ;
#5705 = LINE ( 'NONE', #8171, #1302 ) ;
#5706 = EDGE_CURVE ( 'NONE', #2442, #3378, #5144, .T. ) ;
#5707 = CARTESIAN_POINT ( 'NONE',  ( -20.00000000000001421, 46.66904755831214402, -20.00000000000001421 ) ) ;
#5708 = DIRECTION ( 'NONE',  ( 3.854941057726242165E-17, 0.8660254037844383745, 0.5000000000000006661 ) ) ;
#5709 = DIRECTION ( 'NONE',  ( -0.000000000000000000, -0.000000000000000000, 1.000000000000000000 ) ) ;
#5711 = DIRECTION ( 'NONE',  ( 1.000000000000000000, -0.000000000000000000, -7.709882115452476934E-17 ) ) ;
#5710 = FACE_OUTER_BOUND ( 'NONE', #227, .T. ) ;
#5712 = ORIENTED_EDGE ( 'NONE', *, *, #9060, .F. ) ;
#5713 = CARTESIAN_POINT ( 'NONE',  ( 37.17386661099703815, 36.88577788155966886, -45.00000000000000711 ) ) ;
#5714 = CARTESIAN_POINT ( 'NONE',  ( 27.17386661099703460, 36.88577788155965465, -40.59999999999998721 ) ) ;
#5715 = ORIENTED_EDGE ( 'NONE', *, *, #8712, .F. ) ;
#5716 = VECTOR ( 'NONE', #5340, 1000.000000000000000 ) ;
#5717 = ADVANCED_FACE ( 'NONE', ( #8471 ), #6557, .F. ) ;
#5718 = ADVANCED_FACE ( 'NONE', ( #4977 ), #8255, .F. ) ;
#5719 = DIRECTION ( 'NONE',  ( 0.4999999999999995004, 0.8660254037844389297, 0.000000000000000000 ) ) ;
#5720 = CARTESIAN_POINT ( 'NONE',  ( 15.72462220366568175, 18.88772481033653250, -45.00000000000000711 ) ) ;
#5721 = DIRECTION ( 'NONE',  ( -1.000000000000000000, -4.506943796211494843E-16, 0.000000000000000000 ) ) ;
#5722 = LINE ( 'NONE', #8949, #849 ) ;
#5723 = PLANE ( 'NONE',  #2151 ) ;
#5724 = DIRECTION ( 'NONE',  ( 0.000000000000000000, 0.000000000000000000, -1.000000000000000000 ) ) ;
#5725 = ORIENTED_EDGE ( 'NONE', *, *, #6891, .T. ) ;
#5726 = VERTEX_POINT ( 'NONE', #10265 ) ;
#5727 = VERTEX_POINT ( 'NONE', #2831 ) ;
#5728 = ORIENTED_EDGE ( 'NONE', *, *, #6306, .T. ) ;
#5729 = PLANE ( 'NONE',  #7618 ) ;
#5730 = LINE ( 'NONE', #10051, #2937 ) ;
#5731 = PLANE ( 'NONE',  #4581 ) ;
#5732 = DIRECTION ( 'NONE',  ( -7.709882115452476934E-17, 0.000000000000000000, -1.000000000000000000 ) ) ;
#5733 = LINE ( 'NONE', #5085, #7694 ) ;
#5734 = FACE_OUTER_BOUND ( 'NONE', #7891, .T. ) ;
#5735 = EDGE_LOOP ( 'NONE', ( #2330, #9894, #5356, #9865 ) ) ;
#5736 = LINE ( 'NONE', #1540, #3452 ) ;
#5737 = ORIENTED_EDGE ( 'NONE', *, *, #1192, .T. ) ;
#5738 = AXIS2_PLACEMENT_3D ( 'NONE', #3252, #8662, #3055 ) ;
#5739 = ORIENTED_EDGE ( 'NONE', *, *, #2989, .F. ) ;
#5740 = EDGE_CURVE ( 'NONE', #10332, #3144, #6836, .T. ) ;
#5741 = DIRECTION ( 'NONE',  ( 0.8660254037844384856, -0.5000000000000001110, 0.000000000000000000 ) ) ;
#5742 = EDGE_CURVE ( 'NONE', #3804, #6633, #1104, .T. ) ;
#5743 = VECTOR ( 'NONE', #7, 999.9999999999998863 ) ;
#5744 = ADVANCED_FACE ( 'NONE', ( #9463 ), #8697, .T. ) ;
#5745 = CARTESIAN_POINT ( 'NONE',  ( -45.00000000000002132, 13.11422211844028674, 15.72462220366568175 ) ) ;
#5746 = LINE ( 'NONE', #949, #6486 ) ;
#5747 = FACE_OUTER_BOUND ( 'NONE', #5412, .T. ) ;
#5748 = ORIENTED_EDGE ( 'NONE', *, *, #7551, .F. ) ;
#5749 = DIRECTION ( 'NONE',  ( 1.000000000000000000, -0.000000000000000000, -7.709882115452476934E-17 ) ) ;
#5750 = EDGE_LOOP ( 'NONE', ( #8596, #3673, #10256, #7424 ) ) ;
#5751 = ORIENTED_EDGE ( 'NONE', *, *, #2153, .F. ) ;
#5752 = VECTOR ( 'NONE', #9823, 1000.000000000000000 ) ;
#5753 = DIRECTION ( 'NONE',  ( 0.000000000000000000, -0.000000000000000000, 1.000000000000000000 ) ) ;
#5754 = EDGE_CURVE ( 'NONE', #877, #8099, #6013, .T. ) ;
#5755 = CARTESIAN_POINT ( 'NONE',  ( -45.00000000000002132, 18.88772481033656447, 37.17386661099703815 ) ) ;
#5756 = LINE ( 'NONE', #4029, #9470 ) ;
#5757 = CARTESIAN_POINT ( 'NONE',  ( -40.60000000000001563, 4.999999999999997335, -40.59999999999998721 ) ) ;
#5758 = DIRECTION ( 'NONE',  ( 0.8660254037844384856, -0.5000000000000001110, 0.000000000000000000 ) ) ;
#5759 = DIRECTION ( 'NONE',  ( -0.000000000000000000, -1.000000000000000000, -0.000000000000000000 ) ) ;
#5760 = ORIENTED_EDGE ( 'NONE', *, *, #9946, .F. ) ;
#5761 = DIRECTION ( 'NONE',  ( -0.000000000000000000, -0.000000000000000000, 1.000000000000000000 ) ) ;
#5762 = VECTOR ( 'NONE', #7574, 1000.000000000000000 ) ;
#5763 = DIRECTION ( 'NONE',  ( -0.5000000000000007772, 0.8660254037844382635, 0.000000000000000000 ) ) ;
#5764 = VERTEX_POINT ( 'NONE', #2023 ) ;
#5765 = EDGE_CURVE ( 'NONE', #8045, #4244, #5313, .T. ) ;
#5766 = ORIENTED_EDGE ( 'NONE', *, *, #878, .T. ) ;
#5767 = CARTESIAN_POINT ( 'NONE',  ( -5.724622203665671094, 36.88577788155966886, 44.99999999999999289 ) ) ;
#5768 = LINE ( 'NONE', #9726, #5210 ) ;
#5769 = EDGE_CURVE ( 'NONE', #4631, #4260, #6888, .T. ) ;
#5770 = LINE ( 'NONE', #975, #8558 ) ;
#5771 = CARTESIAN_POINT ( 'NONE',  ( -45.00000000000001421, 36.88577788155969728, -15.72462220366567820 ) ) ;
#5772 = CARTESIAN_POINT ( 'NONE',  ( 27.17386661099703460, 36.88577788155965465, -45.00000000000000711 ) ) ;
#5773 = CARTESIAN_POINT ( 'NONE',  ( -4.999999999999997335, 27.88675134594810245, 40.59999999999996589 ) ) ;
#5774 = CARTESIAN_POINT ( 'NONE',  ( 44.99999999999998579, 22.11324865405186202, 4.999999999999995559 ) ) ;
#5775 = EDGE_LOOP ( 'NONE', ( #450, #4076, #4751, #4316 ) ) ;
#5776 = ORIENTED_EDGE ( 'NONE', *, *, #6628, .F. ) ;
#5777 = ORIENTED_EDGE ( 'NONE', *, *, #5539, .F. ) ;
#5778 = ADVANCED_FACE ( 'NONE', ( #4605 ), #406, .F. ) ;
#5779 = EDGE_CURVE ( 'NONE', #10437, #5782, #9061, .T. ) ;
#5780 = ORIENTED_EDGE ( 'NONE', *, *, #7900, .F. ) ;
#5781 = ORIENTED_EDGE ( 'NONE', *, *, #1933, .T. ) ;
#5782 = VERTEX_POINT ( 'NONE', #7000 ) ;
#5783 = ORIENTED_EDGE ( 'NONE', *, *, #55, .T. ) ;
#5784 = DIRECTION ( 'NONE',  ( 7.709882115452476934E-17, 0.000000000000000000, 1.000000000000000000 ) ) ;
#5785 = CARTESIAN_POINT ( 'NONE',  ( -15.72462220366567109, 18.88772481033651474, -45.00000000000000711 ) ) ;
#5786 = DIRECTION ( 'NONE',  ( 0.8660254037844384856, -0.5000000000000001110, 0.000000000000000000 ) ) ;
#5787 = FACE_BOUND ( 'NONE', #330, .T. ) ;
#5788 = LINE ( 'NONE', #8415, #9054 ) ;
#5789 = AXIS2_PLACEMENT_3D ( 'NONE', #10052, #9236, #883 ) ;
#5790 = EDGE_CURVE ( 'NONE', #7202, #3486, #10157, .T. ) ;
#5791 = DIRECTION ( 'NONE',  ( 0.000000000000000000, 0.5000000000000001110, 0.8660254037844384856 ) ) ;
#5792 = VERTEX_POINT ( 'NONE', #2886 ) ;
#5793 = LINE ( 'NONE', #8154, #4128 ) ;
#5794 = ORIENTED_EDGE ( 'NONE', *, *, #4969, .F. ) ;
#5795 = VECTOR ( 'NONE', #1403, 1000.000000000000000 ) ;
#5796 = EDGE_CURVE ( 'NONE', #3582, #10024, #6109, .T. ) ;
#5797 = ORIENTED_EDGE ( 'NONE', *, *, #4903, .F. ) ;
#5798 = VECTOR ( 'NONE', #3669, 1000.000000000000000 ) ;
#5799 = EDGE_LOOP ( 'NONE', ( #5958, #4129, #279, #1961 ) ) ;
#5800 = DIRECTION ( 'NONE',  ( -1.000000000000000000, 0.000000000000000000, 7.709882115452476934E-17 ) ) ;
#5801 = VECTOR ( 'NONE', #46, 1000.000000000000114 ) ;
#5802 = AXIS2_PLACEMENT_3D ( 'NONE', #7437, #9839, #3310 ) ;
#5803 = DIRECTION ( 'NONE',  ( -0.000000000000000000, -1.000000000000000000, -0.000000000000000000 ) ) ;
#5804 = LINE ( 'NONE', #7670, #10499 ) ;
#5805 = CARTESIAN_POINT ( 'NONE',  ( -26.44924440733134929, 27.88675134594808469, -45.00000000000000711 ) ) ;
#5806 = ORIENTED_EDGE ( 'NONE', *, *, #4925, .T. ) ;
#5807 = VECTOR ( 'NONE', #3116, 1000.000000000000000 ) ;
#5808 = CARTESIAN_POINT ( 'NONE',  ( -16.01985373650840572, -5.000000000000000000, -32.28330970379901288 ) ) ;
#5809 = EDGE_LOOP ( 'NONE', ( #310, #9929, #9769, #5715 ) ) ;
#5810 = VECTOR ( 'NONE', #6045, 1000.000000000000000 ) ;
#5811 = ORIENTED_EDGE ( 'NONE', *, *, #4716, .T. ) ;
#5812 = ORIENTED_EDGE ( 'NONE', *, *, #6775, .F. ) ;
#5813 = ADVANCED_FACE ( 'NONE', ( #6948 ), #4377, .F. ) ;
#5814 = PLANE ( 'NONE',  #2898 ) ;
#5815 = DIRECTION ( 'NONE',  ( 1.000000000000000000, -0.000000000000000000, -7.709882115452476934E-17 ) ) ;
#5816 = DIRECTION ( 'NONE',  ( 0.000000000000000000, -0.5000000000000004441, 0.8660254037844382635 ) ) ;
#5817 = CARTESIAN_POINT ( 'NONE',  ( 27.17386661099703460, 18.88772481033651474, -45.00000000000000711 ) ) ;
#5818 = PLANE ( 'NONE',  #10387 ) ;
#5819 = FACE_OUTER_BOUND ( 'NONE', #7947, .T. ) ;
#5820 = VERTEX_POINT ( 'NONE', #460 ) ;
#5821 = PLANE ( 'NONE',  #3476 ) ;
#5822 = LINE ( 'NONE', #1727, #5502 ) ;
#5823 = ORIENTED_EDGE ( 'NONE', *, *, #3115, .F. ) ;
#5824 = EDGE_CURVE ( 'NONE', #9465, #6188, #8752, .T. ) ;
#5825 = VECTOR ( 'NONE', #2250, 1000.000000000000000 ) ;
#5826 = EDGE_CURVE ( 'NONE', #8560, #3231, #6072, .T. ) ;
#5827 = CARTESIAN_POINT ( 'NONE',  ( -40.60000000000001563, 28.22552384371529755, 32.17386661099703815 ) ) ;
#5828 = LINE ( 'NONE', #5720, #9613 ) ;
#5829 = LINE ( 'NONE', #3994, #9799 ) ;
#5830 = CARTESIAN_POINT ( 'NONE',  ( -27.17386661099701328, 5.000000000000005329, 40.59999999999998721 ) ) ;
#5831 = DIRECTION ( 'NONE',  ( 0.1908089953765452762, -0.9816271834476639757, 0.000000000000000000 ) ) ;
#5832 = LINE ( 'NONE', #4671, #3827 ) ;
#5833 = VERTEX_POINT ( 'NONE', #9575 ) ;
#5834 = ORIENTED_EDGE ( 'NONE', *, *, #3434, .T. ) ;
#5835 = ORIENTED_EDGE ( 'NONE', *, *, #5796, .F. ) ;
#5836 = EDGE_CURVE ( 'NONE', #2914, #2442, #2138, .T. ) ;
#5837 = ORIENTED_EDGE ( 'NONE', *, *, #3248, .F. ) ;
#5838 = ORIENTED_EDGE ( 'NONE', *, *, #3385, .T. ) ;
#5839 = ORIENTED_EDGE ( 'NONE', *, *, #8119, .T. ) ;
#5840 = FACE_OUTER_BOUND ( 'NONE', #10680, .T. ) ;
#5841 = LINE ( 'NONE', #4105, #2405 ) ;
#5842 = CARTESIAN_POINT ( 'NONE',  ( 15.72462220366568175, 18.88772481033653250, -45.00000000000000711 ) ) ;
#5843 = CARTESIAN_POINT ( 'NONE',  ( -20.00000000000001776, 46.66904755831214402, 19.99999999999998934 ) ) ;
#5844 = ORIENTED_EDGE ( 'NONE', *, *, #2897, .T. ) ;
#5845 = LINE ( 'NONE', #7604, #1448 ) ;
#5846 =( BOUNDED_CURVE ( )  B_SPLINE_CURVE ( 3, ( #1311, #4695, #5455, #2984 ),
 .UNSPECIFIED., .F., .T. ) 
 B_SPLINE_CURVE_WITH_KNOTS ( ( 4, 4 ),
 ( 5.483551979279154054, 5.670630568840247854 ),
 .UNSPECIFIED. ) 
 CURVE ( )  GEOMETRIC_REPRESENTATION_ITEM ( )  RATIONAL_B_SPLINE_CURVE ( ( 1.000000000000000000, 0.9970855926987131079, 0.9970855926987131079, 1.000000000000000000 ) ) 
 REPRESENTATION_ITEM ( '' )  );
#5847 = LINE ( 'NONE', #8735, #1341 ) ;
#5848 = ORIENTED_EDGE ( 'NONE', *, *, #1114, .F. ) ;
#5849 = VECTOR ( 'NONE', #5274, 1000.000000000000000 ) ;
#5850 = ORIENTED_EDGE ( 'NONE', *, *, #2222, .T. ) ;
#5851 = AXIS2_PLACEMENT_3D ( 'NONE', #8639, #1427, #4493 ) ;
#5852 = VECTOR ( 'NONE', #4711, 1000.000000000000000 ) ;
#5853 = VERTEX_POINT ( 'NONE', #9409 ) ;
#5854 = VECTOR ( 'NONE', #7682, 999.9999999999998863 ) ;
#5855 = EDGE_LOOP ( 'NONE', ( #83, #1299, #1491, #2707 ) ) ;
#5856 = CARTESIAN_POINT ( 'NONE',  ( 39.02809845431146840, -5.000000000000000000, 36.08321690396839188 ) ) ;
#5857 = EDGE_CURVE ( 'NONE', #7275, #143, #8528, .T. ) ;
#5858 = VECTOR ( 'NONE', #10577, 1000.000000000000000 ) ;
#5859 = FACE_OUTER_BOUND ( 'NONE', #10628, .T. ) ;
#5860 = CARTESIAN_POINT ( 'NONE',  ( -36.17239700032501304, 0.000000000000000000, -17.08051390828823912 ) ) ;
#5861 = DIRECTION ( 'NONE',  ( 4.506943796211494843E-16, -1.000000000000000000, 0.000000000000000000 ) ) ;
#5862 = AXIS2_PLACEMENT_3D ( 'NONE', #7819, #1321, #2078 ) ;
#5863 = ORIENTED_EDGE ( 'NONE', *, *, #2940, .T. ) ;
#5864 = ORIENTED_EDGE ( 'NONE', *, *, #6236, .F. ) ;
#5865 = VECTOR ( 'NONE', #6458, 1000.000000000000000 ) ;
#5866 = EDGE_LOOP ( 'NONE', ( #8704, #7280, #10442, #7715, #4554, #8407 ) ) ;
#5867 = ORIENTED_EDGE ( 'NONE', *, *, #2622, .T. ) ;
#5868 = VECTOR ( 'NONE', #1096, 1000.000000000000227 ) ;
#5869 = DIRECTION ( 'NONE',  ( -0.8660254037844382635, -0.5000000000000006661, 0.000000000000000000 ) ) ;
#5870 = DIRECTION ( 'NONE',  ( -0.5000000000000007772, 0.8660254037844382635, 0.000000000000000000 ) ) ;
#5871 = LINE ( 'NONE', #853, #245 ) ;
#5872 = DIRECTION ( 'NONE',  ( -3.854941057726242781E-17, -0.8660254037844383745, -0.5000000000000006661 ) ) ;
#5873 = PLANE ( 'NONE',  #8601 ) ;
#5874 = DIRECTION ( 'NONE',  ( 0.000000000000000000, 1.000000000000000000, -0.000000000000000000 ) ) ;
#5875 = LINE ( 'NONE', #5657, #293 ) ;
#5876 = ORIENTED_EDGE ( 'NONE', *, *, #2387, .F. ) ;
#5877 = ADVANCED_FACE ( 'NONE', ( #1158 ), #4438, .F. ) ;
#5878 = CARTESIAN_POINT ( 'NONE',  ( 5.317910530818765302, 4.999999999999997335, 12.40845790524377179 ) ) ;
#5879 = LINE ( 'NONE', #7463, #1022 ) ;
#5880 = ORIENTED_EDGE ( 'NONE', *, *, #4155, .F. ) ;
#5881 = LINE ( 'NONE', #8395, #9005 ) ;
#5882 = VERTEX_POINT ( 'NONE', #6394 ) ;
#5883 = EDGE_CURVE ( 'NONE', #6571, #573, #10433, .T. ) ;
#5884 = DIRECTION ( 'NONE',  ( 1.000000000000000000, -0.000000000000000000, -7.709882115452476934E-17 ) ) ;
#5885 = DIRECTION ( 'NONE',  ( -6.009258394948641055E-16, 1.000000000000000000, -0.000000000000000000 ) ) ;
#5886 = DIRECTION ( 'NONE',  ( 0.000000000000000000, 0.5000000000000005551, -0.8660254037844382635 ) ) ;
#5887 = EDGE_CURVE ( 'NONE', #10250, #3246, #3894, .T. ) ;
#5888 = CARTESIAN_POINT ( 'NONE',  ( -45.00000000000001421, 45.00000000000000000, 42.99999999999999289 ) ) ;
#5889 = CARTESIAN_POINT ( 'NONE',  ( -30.03240569234300494, -13.30361025463759006, 40.59999999999998721 ) ) ;
#5890 = EDGE_CURVE ( 'NONE', #3551, #1008, #3947, .T. ) ;
#5891 = DIRECTION ( 'NONE',  ( -0.7071067811865474617, 0.000000000000000000, -0.7071067811865475727 ) ) ;
#5892 = ORIENTED_EDGE ( 'NONE', *, *, #3941, .T. ) ;
#5893 = VERTEX_POINT ( 'NONE', #3851 ) ;
#5894 = AXIS2_PLACEMENT_3D ( 'NONE', #4140, #8892, #6480 ) ;
#5895 = VERTEX_POINT ( 'NONE', #8904 ) ;
#5896 = PLANE ( 'NONE',  #1739 ) ;
#5897 = ORIENTED_EDGE ( 'NONE', *, *, #1969, .T. ) ;
#5898 = ORIENTED_EDGE ( 'NONE', *, *, #5077, .F. ) ;
#5899 = CARTESIAN_POINT ( 'NONE',  ( 15.72462220366568886, 13.11422211844027608, 44.99999999999999289 ) ) ;
#5900 = CARTESIAN_POINT ( 'NONE',  ( 44.99999999999999289, 18.88772481033656092, 5.724622203665669318 ) ) ;
#5901 = FACE_OUTER_BOUND ( 'NONE', #10661, .T. ) ;
#5902 = CARTESIAN_POINT ( 'NONE',  ( 12.40845790524376824, 4.999999999999997335, 5.317910530818775072 ) ) ;
#5903 = ORIENTED_EDGE ( 'NONE', *, *, #3451, .T. ) ;
#5904 = CARTESIAN_POINT ( 'NONE',  ( 44.99999999999998579, 27.88675134594813088, 4.999999999999995559 ) ) ;
#5905 = VECTOR ( 'NONE', #7156, 999.9999999999998863 ) ;
#5906 = ADVANCED_FACE ( 'NONE', ( #7162 ), #7266, .F. ) ;
#5907 = FACE_OUTER_BOUND ( 'NONE', #7534, .T. ) ;
#5908 = EDGE_LOOP ( 'NONE', ( #10517, #9155, #6670, #9478, #1930, #2091 ) ) ;
#5909 = ORIENTED_EDGE ( 'NONE', *, *, #3758, .F. ) ;
#5910 = ADVANCED_FACE ( 'NONE', ( #10481 ), #8093, .F. ) ;
#5911 = FACE_BOUND ( 'NONE', #5192, .T. ) ;
#5912 = VERTEX_POINT ( 'NONE', #9826 ) ;
#5913 = LINE ( 'NONE', #8262, #1546 ) ;
#5914 = DIRECTION ( 'NONE',  ( 0.000000000000000000, 0.5000000000000005551, -0.8660254037844382635 ) ) ;
#5915 = CARTESIAN_POINT ( 'NONE',  ( 37.17386661099703815, 18.88772481033653250, -45.00000000000000711 ) ) ;
#5916 = LINE ( 'NONE', #10275, #5524 ) ;
#5917 = CARTESIAN_POINT ( 'NONE',  ( -45.00000000000002132, 22.11324865405186557, 16.44924440733135285 ) ) ;
#5918 = ORIENTED_EDGE ( 'NONE', *, *, #2905, .T. ) ;
#5919 = VERTEX_POINT ( 'NONE', #2996 ) ;
#5920 = EDGE_CURVE ( 'NONE', #3316, #8848, #4804, .T. ) ;
#5921 = EDGE_CURVE ( 'NONE', #10520, #449, #1918, .T. ) ;
#5922 = ORIENTED_EDGE ( 'NONE', *, *, #7284, .T. ) ;
#5923 = AXIS2_PLACEMENT_3D ( 'NONE', #665, #2292, #9776 ) ;
#5924 = CARTESIAN_POINT ( 'NONE',  ( -10.28129369291626816, 4.999999999999997335, -10.28129369291627881 ) ) ;
#5925 = DIRECTION ( 'NONE',  ( 1.000000000000000000, -0.000000000000000000, -7.709882115452476934E-17 ) ) ;
#5926 = CARTESIAN_POINT ( 'NONE',  ( -27.17386661099702749, 36.88577788155966886, -45.00000000000000711 ) ) ;
#5927 = DIRECTION ( 'NONE',  ( 0.4999999999999995004, 0.8660254037844389297, 0.000000000000000000 ) ) ;
#5928 = LINE ( 'NONE', #375, #3262 ) ;
#5929 = DIRECTION ( 'NONE',  ( 0.000000000000000000, 0.5000000000000002220, 0.8660254037844384856 ) ) ;
#5930 = VERTEX_POINT ( 'NONE', #7210 ) ;
#5931 = EDGE_CURVE ( 'NONE', #9297, #5882, #5673, .T. ) ;
#5932 = CARTESIAN_POINT ( 'NONE',  ( -45.00000000000001421, 13.11422211844028674, -27.17386661099702749 ) ) ;
#5933 = DIRECTION ( 'NONE',  ( 0.000000000000000000, 0.5000000000000005551, -0.8660254037844382635 ) ) ;
#5934 = ORIENTED_EDGE ( 'NONE', *, *, #8544, .F. ) ;
#5935 = EDGE_CURVE ( 'NONE', #5133, #1757, #3141, .T. ) ;
#5936 = FACE_OUTER_BOUND ( 'NONE', #1479, .T. ) ;
#5937 = VERTEX_POINT ( 'NONE', #3188 ) ;
#5938 = CARTESIAN_POINT ( 'NONE',  ( -45.00000000000001421, 22.11324865405186557, -26.44924440733135640 ) ) ;
#5939 = LINE ( 'NONE', #3558, #4724 ) ;
#5940 = VECTOR ( 'NONE', #5993, 1000.000000000000000 ) ;
#5941 = LINE ( 'NONE', #4416, #5625 ) ;
#5942 = CARTESIAN_POINT ( 'NONE',  ( 16.44924440733136350, 22.11324865405184426, 40.59999999999996589 ) ) ;
#5943 = FACE_OUTER_BOUND ( 'NONE', #3839, .T. ) ;
#5944 = CARTESIAN_POINT ( 'NONE',  ( -45.00000000000001421, 21.77447615628469180, -10.72462220366567820 ) ) ;
#5945 = ORIENTED_EDGE ( 'NONE', *, *, #4629, .F. ) ;
#5946 = EDGE_LOOP ( 'NONE', ( #8831, #9433, #1228, #10324 ) ) ;
#5947 = EDGE_CURVE ( 'NONE', #8470, #832, #4750, .T. ) ;
#5948 = ORIENTED_EDGE ( 'NONE', *, *, #8856, .F. ) ;
#5949 = EDGE_CURVE ( 'NONE', #8078, #3420, #1455, .T. ) ;
#5950 = VERTEX_POINT ( 'NONE', #2191 ) ;
#5951 = CARTESIAN_POINT ( 'NONE',  ( -19.76512771830454440, -5.000000000000000000, -3.501671751013960776 ) ) ;
#5952 = LINE ( 'NONE', #1586, #4469 ) ;
#5953 = LINE ( 'NONE', #8468, #2347 ) ;
#5954 = CARTESIAN_POINT ( 'NONE',  ( 3.501671751013972766, 1.999999999999988010, 19.76512771830457282 ) ) ;
#5955 = CARTESIAN_POINT ( 'NONE',  ( -9.545941546018369195, 0.000000000000000000, 9.545941546018379853 ) ) ;
#5956 = DIRECTION ( 'NONE',  ( 0.000000000000000000, -0.5000000000000002220, -0.8660254037844384856 ) ) ;
#5957 = VERTEX_POINT ( 'NONE', #2337 ) ;
#5958 = ORIENTED_EDGE ( 'NONE', *, *, #9893, .T. ) ;
#5959 = EDGE_CURVE ( 'NONE', #5694, #903, #566, .T. ) ;
#5960 = ORIENTED_EDGE ( 'NONE', *, *, #3647, .F. ) ;
#5961 = EDGE_CURVE ( 'NONE', #1814, #7324, #8141, .T. ) ;
#5962 = FACE_BOUND ( 'NONE', #6950, .T. ) ;
#5963 = ORIENTED_EDGE ( 'NONE', *, *, #2518, .F. ) ;
#5964 = AXIS2_PLACEMENT_3D ( 'NONE', #762, #2436, #7313 ) ;
#5965 = CARTESIAN_POINT ( 'NONE',  ( -40.60000000000001563, 32.62264744138116157, -24.65205706398842622 ) ) ;
#5966 = VECTOR ( 'NONE', #6466, 1000.000000000000000 ) ;
#5967 = CARTESIAN_POINT ( 'NONE',  ( -45.00000000000001421, 13.11422211844029739, -15.72462220366567820 ) ) ;
#5968 = CARTESIAN_POINT ( 'NONE',  ( -45.00000000000001421, 27.88675134594812732, -26.44924440733135640 ) ) ;
#5969 = PLANE ( 'NONE',  #6907 ) ;
#5970 = SHAPE_DEFINITION_REPRESENTATION ( #7467, #9214 ) ;
#5971 = ORIENTED_EDGE ( 'NONE', *, *, #10215, .T. ) ;
#5972 = ORIENTED_EDGE ( 'NONE', *, *, #4510, .F. ) ;
#5973 = EDGE_CURVE ( 'NONE', #6747, #3840, #6344, .T. ) ;
#5974 = ORIENTED_EDGE ( 'NONE', *, *, #9291, .F. ) ;
#5975 = VECTOR ( 'NONE', #3879, 999.9999999999998863 ) ;
#5976 = VECTOR ( 'NONE', #831, 1000.000000000000000 ) ;
#5977 = DIRECTION ( 'NONE',  ( 0.000000000000000000, -0.1908089953765452484, 0.9816271834476638647 ) ) ;
#5978 = PLANE ( 'NONE',  #2922 ) ;
#5979 = VECTOR ( 'NONE', #5389, 1000.000000000000000 ) ;
#5980 = DIRECTION ( 'NONE',  ( -1.000000000000000000, 0.000000000000000000, -8.673617379884024379E-17 ) ) ;
#5981 = DIRECTION ( 'NONE',  ( 0.000000000000000000, -0.5000000000000005551, 0.8660254037844382635 ) ) ;
#5982 = CARTESIAN_POINT ( 'NONE',  ( -40.60000000000001563, -22.59140552900267807, -24.67009459051015696 ) ) ;
#5983 = EDGE_CURVE ( 'NONE', #6887, #9684, #6489, .T. ) ;
#5984 = DIRECTION ( 'NONE',  ( 0.000000000000000000, 0.5000000000000002220, 0.8660254037844384856 ) ) ;
#5985 = CARTESIAN_POINT ( 'NONE',  ( -45.00000000000002132, 27.88675134594812732, 16.44924440733135285 ) ) ;
#5986 = EDGE_LOOP ( 'NONE', ( #10108, #3591, #7351, #8810, #1746, #9168 ) ) ;
#5987 = DIRECTION ( 'NONE',  ( 0.8660254037844384856, -0.5000000000000001110, 0.000000000000000000 ) ) ;
#5988 = VECTOR ( 'NONE', #9548, 1000.000000000000227 ) ;
#5989 = CARTESIAN_POINT ( 'NONE',  ( -40.60000000000001563, 4.999999999999997335, 40.59999999999998721 ) ) ;
#5990 = VERTEX_POINT ( 'NONE', #10530 ) ;
#5991 = ORIENTED_EDGE ( 'NONE', *, *, #5526, .F. ) ;
#5992 = DIRECTION ( 'NONE',  ( 0.000000000000000000, 0.5000000000000001110, 0.8660254037844384856 ) ) ;
#5993 = DIRECTION ( 'NONE',  ( -0.000000000000000000, 1.000000000000000000, -0.000000000000000000 ) ) ;
#5994 = DIRECTION ( 'NONE',  ( -1.000000000000000000, -0.000000000000000000, -0.000000000000000000 ) ) ;
#5995 = CARTESIAN_POINT ( 'NONE',  ( -45.00000000000001421, 31.11227518966343553, -37.17386661099703815 ) ) ;
#5996 = EDGE_CURVE ( 'NONE', #8425, #9801, #3094, .T. ) ;
#5997 = CARTESIAN_POINT ( 'NONE',  ( 27.17386661099703815, 13.11422211844027608, 44.99999999999999289 ) ) ;
#5998 = AXIS2_PLACEMENT_3D ( 'NONE', #8384, #10271, #957 ) ;
#5999 = ADVANCED_FACE ( 'NONE', ( #1628 ), #5723, .F. ) ;
#6000 = DIRECTION ( 'NONE',  ( -0.5000000000000002220, -0.8660254037844385966, 0.000000000000000000 ) ) ;
#6001 = EDGE_LOOP ( 'NONE', ( #3350, #9255, #10592, #5220 ) ) ;
#6002 = CARTESIAN_POINT ( 'NONE',  ( -32.17386661099702394, 28.22552384371528333, -45.00000000000000711 ) ) ;
#6003 = VERTEX_POINT ( 'NONE', #60 ) ;
#6004 = VECTOR ( 'NONE', #9788, 1000.000000000000000 ) ;
#6005 = EDGE_LOOP ( 'NONE', ( #1463, #6430, #4209, #5624 ) ) ;
#6006 = ORIENTED_EDGE ( 'NONE', *, *, #7113, .T. ) ;
#6007 = ORIENTED_EDGE ( 'NONE', *, *, #9802, .F. ) ;
#6008 = CARTESIAN_POINT ( 'NONE',  ( 19.76512771830453374, 1.999999999999975797, 3.501671751013949230 ) ) ;
#6009 = DIRECTION ( 'NONE',  ( -0.8660254037844382635, -0.5000000000000006661, 0.000000000000000000 ) ) ;
#6010 = LINE ( 'NONE', #1858, #102 ) ;
#6011 = CARTESIAN_POINT ( 'NONE',  ( 9.342282491191372811E-15, 30.77350269189624044, 44.99999999999999289 ) ) ;
#6012 = ORIENTED_EDGE ( 'NONE', *, *, #2044, .T. ) ;
#6013 = LINE ( 'NONE', #8641, #230 ) ;
#6014 = EDGE_LOOP ( 'NONE', ( #5387, #3380, #2218, #8659 ) ) ;
#6015 = EDGE_CURVE ( 'NONE', #9733, #1541, #816, .T. ) ;
#6016 = EDGE_LOOP ( 'NONE', ( #9098, #8144, #1701, #8519 ) ) ;
#6017 = CARTESIAN_POINT ( 'NONE',  ( 44.99999999999997868, 0.000000000000000000, -43.00000000000000000 ) ) ;
#6018 = ORIENTED_EDGE ( 'NONE', *, *, #6773, .T. ) ;
#6019 = CARTESIAN_POINT ( 'NONE',  ( 10.72462220366569063, 39.77252922750778907, -45.00000000000000711 ) ) ;
#6020 = CARTESIAN_POINT ( 'NONE',  ( 44.99999999999999289, 21.77447615628469890, 32.17386661099702394 ) ) ;
#6021 = VECTOR ( 'NONE', #8503, 1000.000000000000000 ) ;
#6022 = VECTOR ( 'NONE', #8750, 1000.000000000000000 ) ;
#6023 = CARTESIAN_POINT ( 'NONE',  ( -45.00000000000002132, 19.22649730810372759, 21.44924440733136350 ) ) ;
#6024 = EDGE_CURVE ( 'NONE', #134, #9928, #2438, .T. ) ;
#6025 = CARTESIAN_POINT ( 'NONE',  ( 27.17386661099703460, 36.88577788155965465, -45.00000000000000711 ) ) ;
#6026 = LINE ( 'NONE', #7726, #2754 ) ;
#6027 = EDGE_CURVE ( 'NONE', #573, #1647, #764, .T. ) ;
#6028 = VECTOR ( 'NONE', #1978, 1000.000000000000000 ) ;
#6029 = VERTEX_POINT ( 'NONE', #5022 ) ;
#6030 = PRODUCT_CONTEXT ( 'NONE', #9023, 'mechanical' ) ;
#6031 = ORIENTED_EDGE ( 'NONE', *, *, #1958, .F. ) ;
#6032 = VECTOR ( 'NONE', #8591, 999.9999999999998863 ) ;
#6033 = ORIENTED_EDGE ( 'NONE', *, *, #10687, .T. ) ;
#6034 = VECTOR ( 'NONE', #2843, 1000.000000000000000 ) ;
#6035 = VERTEX_POINT ( 'NONE', #9925 ) ;
#6036 = VECTOR ( 'NONE', #4547, 1000.000000000000000 ) ;
#6037 = CARTESIAN_POINT ( 'NONE',  ( 9.342282491191372811E-15, 30.77350269189624044, 44.99999999999999289 ) ) ;
#6038 = AXIS2_PLACEMENT_3D ( 'NONE', #9176, #5031, #125 ) ;
#6039 = DIRECTION ( 'NONE',  ( 0.000000000000000000, -1.000000000000000000, 0.000000000000000000 ) ) ;
#6040 = DIRECTION ( 'NONE',  ( -0.9191450300180578070, 0.000000000000000000, 0.3939192985791680202 ) ) ;
#6041 = LINE ( 'NONE', #2524, #2529 ) ;
#6042 = AXIS2_PLACEMENT_3D ( 'NONE', #1956, #9450, #6989 ) ;
#6043 = DIRECTION ( 'NONE',  ( 0.8660254037844382635, 0.5000000000000007772, 0.000000000000000000 ) ) ;
#6044 = EDGE_CURVE ( 'NONE', #7397, #6075, #5073, .T. ) ;
#6045 = DIRECTION ( 'NONE',  ( 1.000000000000000000, -0.000000000000000000, -7.709882115452476934E-17 ) ) ;
#6046 = ORIENTED_EDGE ( 'NONE', *, *, #4366, .T. ) ;
#6047 = FACE_OUTER_BOUND ( 'NONE', #10080, .T. ) ;
#6048 = PLANE ( 'NONE',  #10203 ) ;
#6049 = VERTEX_POINT ( 'NONE', #5773 ) ;
#6050 = EDGE_CURVE ( 'NONE', #9723, #8998, #6539, .T. ) ;
#6051 = ORIENTED_EDGE ( 'NONE', *, *, #7716, .F. ) ;
#6052 = DIRECTION ( 'NONE',  ( -0.000000000000000000, 1.000000000000000000, -0.000000000000000000 ) ) ;
#6053 = CARTESIAN_POINT ( 'NONE',  ( -32.17386661099702394, 39.77252922750778907, -45.00000000000000711 ) ) ;
#6054 = CARTESIAN_POINT ( 'NONE',  ( -45.00000000000001421, 0.000000000000000000, 44.99999999999999289 ) ) ;
#6055 = CARTESIAN_POINT ( 'NONE',  ( -45.00000000000001421, 36.88577788155969728, -27.17386661099702749 ) ) ;
#6056 = DIRECTION ( 'NONE',  ( -1.000000000000000000, -4.506943796211494843E-16, 0.000000000000000000 ) ) ;
#6057 = VERTEX_POINT ( 'NONE', #7590 ) ;
#6058 = DIRECTION ( 'NONE',  ( 0.000000000000000000, -0.5000000000000006661, 0.8660254037844383745 ) ) ;
#6059 = EDGE_LOOP ( 'NONE', ( #930, #7944, #7499, #1023 ) ) ;
#6060 = DIRECTION ( 'NONE',  ( 0.5000000000000004441, -0.8660254037844384856, 0.000000000000000000 ) ) ;
#6061 = ORIENTED_EDGE ( 'NONE', *, *, #8493, .T. ) ;
#6062 = ORIENTED_EDGE ( 'NONE', *, *, #2335, .T. ) ;
#6063 = CARTESIAN_POINT ( 'NONE',  ( -26.44924440733134574, 22.11324865405184426, 40.59999999999996589 ) ) ;
#6064 = EDGE_CURVE ( 'NONE', #8514, #1478, #9874, .T. ) ;
#6065 = ORIENTED_EDGE ( 'NONE', *, *, #8557, .T. ) ;
#6066 = ORIENTED_EDGE ( 'NONE', *, *, #8944, .F. ) ;
#6067 = PLANE ( 'NONE',  #7267 ) ;
#6068 = LINE ( 'NONE', #1270, #4120 ) ;
#6069 = FACE_OUTER_BOUND ( 'NONE', #9507, .T. ) ;
#6070 = CARTESIAN_POINT ( 'NONE',  ( 20.00000000000003553, 46.66904755831214402, -3.500000000000013323 ) ) ;
#6071 = VERTEX_POINT ( 'NONE', #9109 ) ;
#6072 = LINE ( 'NONE', #5202, #8039 ) ;
#6073 = VECTOR ( 'NONE', #6771, 1000.000000000000000 ) ;
#6074 = ORIENTED_EDGE ( 'NONE', *, *, #8111, .T. ) ;
#6075 = VERTEX_POINT ( 'NONE', #4096 ) ;
#6076 = VECTOR ( 'NONE', #5394, 999.9999999999998863 ) ;
#6077 = PLANE ( 'NONE',  #6776 ) ;
#6078 = VECTOR ( 'NONE', #9219, 1000.000000000000000 ) ;
#6079 = ORIENTED_EDGE ( 'NONE', *, *, #10285, .T. ) ;
#6080 = DIRECTION ( 'NONE',  ( 4.506943796211493857E-16, -1.000000000000000000, 0.000000000000000000 ) ) ;
#6081 = CARTESIAN_POINT ( 'NONE',  ( -45.00000000000002132, 27.88675134594812732, 16.44924440733135285 ) ) ;
#6082 = CARTESIAN_POINT ( 'NONE',  ( -27.17386661099702749, 18.88772481033653960, -45.00000000000000711 ) ) ;
#6083 = LINE ( 'NONE', #1232, #634 ) ;
#6084 = DIRECTION ( 'NONE',  ( -6.009258394948641055E-16, 1.000000000000000000, 0.000000000000000000 ) ) ;
#6085 = ORIENTED_EDGE ( 'NONE', *, *, #5288, .T. ) ;
#6086 = ORIENTED_EDGE ( 'NONE', *, *, #8847, .T. ) ;
#6087 = ORIENTED_EDGE ( 'NONE', *, *, #5836, .F. ) ;
#6088 = ADVANCED_FACE ( 'NONE', ( #2600 ), #4908, .T. ) ;
#6089 = ORIENTED_EDGE ( 'NONE', *, *, #3758, .T. ) ;
#6090 = EDGE_CURVE ( 'NONE', #9199, #1811, #8186, .T. ) ;
#6091 = EDGE_CURVE ( 'NONE', #8597, #2709, #979, .T. ) ;
#6092 = FACE_OUTER_BOUND ( 'NONE', #7655, .T. ) ;
#6093 = CARTESIAN_POINT ( 'NONE',  ( 10.72462220366569063, 21.77447615628465272, -45.00000000000000711 ) ) ;
#6094 = DIRECTION ( 'NONE',  ( 6.009258394948641055E-16, -1.000000000000000000, 0.000000000000000000 ) ) ;
#6095 = DIRECTION ( 'NONE',  ( 0.000000000000000000, -0.5000000000000004441, 0.8660254037844382635 ) ) ;
#6096 = CARTESIAN_POINT ( 'NONE',  ( 15.72462220366568886, 31.11227518966341421, -45.00000000000000711 ) ) ;
#6097 = DIRECTION ( 'NONE',  ( 3.854941057726242165E-17, 0.8660254037844383745, 0.5000000000000006661 ) ) ;
#6098 = ORIENTED_EDGE ( 'NONE', *, *, #3274, .F. ) ;
#6099 = DIRECTION ( 'NONE',  ( 0.9191450300180578070, 0.000000000000000000, -0.3939192985791680202 ) ) ;
#6100 = DIRECTION ( 'NONE',  ( 3.854941057726239700E-17, -0.8660254037844385966, 0.5000000000000003331 ) ) ;
#6101 = VECTOR ( 'NONE', #9486, 1000.000000000000000 ) ;
#6102 = EDGE_CURVE ( 'NONE', #8145, #5726, #4965, .T. ) ;
#6103 = ORIENTED_EDGE ( 'NONE', *, *, #3274, .T. ) ;
#6104 = LINE ( 'NONE', #5397, #2946 ) ;
#6105 = DIRECTION ( 'NONE',  ( 1.000000000000000000, -0.000000000000000000, -7.709882115452476934E-17 ) ) ;
#6106 = CARTESIAN_POINT ( 'NONE',  ( 1.103125484187136296, -5.000000000000000000, -15.16033048310345599 ) ) ;
#6107 = CARTESIAN_POINT ( 'NONE',  ( 44.99999999999998579, 27.88675134594813443, -5.000000000000008882 ) ) ;
#6108 = CARTESIAN_POINT ( 'NONE',  ( -45.00000000000001421, 27.88675134594812732, -26.44924440733135640 ) ) ;
#6109 = CIRCLE ( 'NONE', #10616, 16.50000000000000000 ) ;
#6110 = EDGE_LOOP ( 'NONE', ( #6151, #4543, #2104, #65, #4552, #9941 ) ) ;
#6111 = CARTESIAN_POINT ( 'NONE',  ( 5.724622203665683529, 36.88577788155965465, -45.00000000000000711 ) ) ;
#6112 = VERTEX_POINT ( 'NONE', #7475 ) ;
#6113 = LINE ( 'NONE', #9397, #6228 ) ;
#6114 = ORIENTED_EDGE ( 'NONE', *, *, #8202, .F. ) ;
#6115 = EDGE_CURVE ( 'NONE', #27, #5287, #6650, .T. ) ;
#6116 = ORIENTED_EDGE ( 'NONE', *, *, #537, .F. ) ;
#6117 = ORIENTED_EDGE ( 'NONE', *, *, #2734, .F. ) ;
#6118 = PLANE ( 'NONE',  #7441 ) ;
#6119 = EDGE_CURVE ( 'NONE', #8715, #2070, #1791, .T. ) ;
#6120 = VECTOR ( 'NONE', #4582, 1000.000000000000000 ) ;
#6121 = ORIENTED_EDGE ( 'NONE', *, *, #7401, .T. ) ;
#6122 = CARTESIAN_POINT ( 'NONE',  ( 32.17386661099703815, 39.77252922750778907, -40.59999999999998721 ) ) ;
#6123 = CARTESIAN_POINT ( 'NONE',  ( -4.999999999999990230, 5.000000000000013323, 40.59999999999998721 ) ) ;
#6124 = CARTESIAN_POINT ( 'NONE',  ( -3.501671751013962552, -5.000000000000000000, -19.76512771830455506 ) ) ;
#6125 = CARTESIAN_POINT ( 'NONE',  ( 37.17386661099703815, 36.88577788155966886, -45.00000000000000711 ) ) ;
#6126 = ORIENTED_EDGE ( 'NONE', *, *, #6294, .T. ) ;
#6127 = DIRECTION ( 'NONE',  ( 0.000000000000000000, 1.000000000000000000, 0.000000000000000000 ) ) ;
#6128 = EDGE_CURVE ( 'NONE', #5820, #8514, #10038, .T. ) ;
#6129 = VERTEX_POINT ( 'NONE', #8401 ) ;
#6130 = ORIENTED_EDGE ( 'NONE', *, *, #4324, .F. ) ;
#6131 = DIRECTION ( 'NONE',  ( 0.000000000000000000, -1.000000000000000000, 0.000000000000000000 ) ) ;
#6132 = VERTEX_POINT ( 'NONE', #4257 ) ;
#6133 = DIRECTION ( 'NONE',  ( -0.8660254037844385966, 0.5000000000000002220, 0.000000000000000000 ) ) ;
#6134 = CARTESIAN_POINT ( 'NONE',  ( -10.72462220366566754, 28.22552384371528333, -45.00000000000000711 ) ) ;
#6135 = DIRECTION ( 'NONE',  ( 0.000000000000000000, -0.5000000000000002220, -0.8660254037844384856 ) ) ;
#6136 = CARTESIAN_POINT ( 'NONE',  ( -37.17386661099703105, 18.88772481033652184, -45.00000000000000711 ) ) ;
#6137 = FACE_OUTER_BOUND ( 'NONE', #3744, .T. ) ;
#6138 = ORIENTED_EDGE ( 'NONE', *, *, #685, .F. ) ;
#6139 = EDGE_CURVE ( 'NONE', #3526, #3311, #168, .T. ) ;
#6140 = DIRECTION ( 'NONE',  ( 1.000000000000000000, 0.000000000000000000, -7.709882115452476934E-17 ) ) ;
#6141 = VERTEX_POINT ( 'NONE', #10092 ) ;
#6142 = VECTOR ( 'NONE', #5309, 1000.000000000000114 ) ;
#6143 = VERTEX_POINT ( 'NONE', #2652 ) ;
#6144 = DIRECTION ( 'NONE',  ( -3.854941057726242781E-17, -0.8660254037844383745, -0.5000000000000006661 ) ) ;
#6145 = CYLINDRICAL_SURFACE ( 'NONE', #2142, 16.50000000000000355 ) ;
#6146 = CARTESIAN_POINT ( 'NONE',  ( -45.00000000000001421, 18.88772481033656092, -15.72462220366567820 ) ) ;
#6147 = DIRECTION ( 'NONE',  ( 0.000000000000000000, 0.5000000000000002220, 0.8660254037844384856 ) ) ;
#6148 = LINE ( 'NONE', #9379, #5676 ) ;
#6149 = VECTOR ( 'NONE', #6040, 999.9999999999998863 ) ;
#6150 = LINE ( 'NONE', #5338, #2209 ) ;
#6151 = ORIENTED_EDGE ( 'NONE', *, *, #4826, .T. ) ;
#6152 = PLANE ( 'NONE',  #3829 ) ;
#6153 = DIRECTION ( 'NONE',  ( 0.000000000000000000, 0.5000000000000001110, 0.8660254037844384856 ) ) ;
#6154 = ADVANCED_FACE ( 'NONE', ( #5943 ), #9275, .F. ) ;
#6155 = VECTOR ( 'NONE', #10552, 999.9999999999998863 ) ;
#6156 = ORIENTED_EDGE ( 'NONE', *, *, #8676, .T. ) ;
#6157 = VECTOR ( 'NONE', #3822, 1000.000000000000000 ) ;
#6158 = ORIENTED_EDGE ( 'NONE', *, *, #10285, .F. ) ;
#6159 = CARTESIAN_POINT ( 'NONE',  ( 40.59999999999999432, 22.11324865405187268, -5.000000000000008882 ) ) ;
#6160 = PLANE ( 'NONE',  #3515 ) ;
#6161 = DIRECTION ( 'NONE',  ( 0.000000000000000000, 1.000000000000000000, 0.000000000000000000 ) ) ;
#6162 = VECTOR ( 'NONE', #7605, 1000.000000000000000 ) ;
#6163 = CARTESIAN_POINT ( 'NONE',  ( -45.00000000000001421, 31.11227518966342487, -5.724622203665674647 ) ) ;
#6164 = LINE ( 'NONE', #7038, #6984 ) ;
#6165 = CARTESIAN_POINT ( 'NONE',  ( 40.00000000000006395, 0.000000000000000000, 0.000000000000000000 ) ) ;
#6166 = VERTEX_POINT ( 'NONE', #6874 ) ;
#6167 = LINE ( 'NONE', #10468, #3977 ) ;
#6168 = ORIENTED_EDGE ( 'NONE', *, *, #1970, .F. ) ;
#6169 = EDGE_CURVE ( 'NONE', #9847, #3311, #2867, .T. ) ;
#6170 = PLANE ( 'NONE',  #184 ) ;
#6171 = VERTEX_POINT ( 'NONE', #1256 ) ;
#6172 = EDGE_CURVE ( 'NONE', #10458, #9600, #4310, .T. ) ;
#6173 = AXIS2_PLACEMENT_3D ( 'NONE', #2253, #9475, #2035 ) ;
#6174 = EDGE_LOOP ( 'NONE', ( #9938, #9059, #6422, #3214 ) ) ;
#6175 = VERTEX_POINT ( 'NONE', #2704 ) ;
#6176 = VECTOR ( 'NONE', #9701, 999.9999999999998863 ) ;
#6177 = PLANE ( 'NONE',  #8673 ) ;
#6178 = FACE_BOUND ( 'NONE', #392, .T. ) ;
#6179 = ORIENTED_EDGE ( 'NONE', *, *, #4204, .T. ) ;
#6180 = CARTESIAN_POINT ( 'NONE',  ( -5.724622203665668430, 13.11422211844027608, 44.99999999999999289 ) ) ;
#6181 = CARTESIAN_POINT ( 'NONE',  ( -45.00000000000002132, 27.88675134594812732, 26.44924440733135995 ) ) ;
#6182 = DIRECTION ( 'NONE',  ( 0.000000000000000000, 1.000000000000000000, 0.000000000000000000 ) ) ;
#6183 = CARTESIAN_POINT ( 'NONE',  ( -5.724622203665671094, 18.88772481033653250, -45.00000000000000711 ) ) ;
#6184 = ORIENTED_EDGE ( 'NONE', *, *, #5221, .F. ) ;
#6185 = CARTESIAN_POINT ( 'NONE',  ( 20.00000000000002842, 0.000000000000000000, 20.00000000000000355 ) ) ;
#6186 = ADVANCED_FACE ( 'NONE', ( #8680 ), #221, .F. ) ;
#6187 = ORIENTED_EDGE ( 'NONE', *, *, #3155, .T. ) ;
#6188 = VERTEX_POINT ( 'NONE', #5350 ) ;
#6189 = AXIS2_PLACEMENT_3D ( 'NONE', #4321, #7769, #7659 ) ;
#6190 = DIRECTION ( 'NONE',  ( -3.854941057726242781E-17, -0.8660254037844383745, -0.5000000000000006661 ) ) ;
#6191 = ORIENTED_EDGE ( 'NONE', *, *, #8493, .F. ) ;
#6192 = CARTESIAN_POINT ( 'NONE',  ( -45.00000000000002132, 21.77447615628469890, 32.17386661099703105 ) ) ;
#6193 = LINE ( 'NONE', #8812, #3927 ) ;
#6194 = CARTESIAN_POINT ( 'NONE',  ( -24.67009459051016051, -22.59140552900270649, -40.59999999999998721 ) ) ;
#6195 = DIRECTION ( 'NONE',  ( 1.000000000000000000, -0.000000000000000000, -7.709882115452476934E-17 ) ) ;
#6196 = CARTESIAN_POINT ( 'NONE',  ( -45.00000000000001421, 13.11422211844028674, -27.17386661099702749 ) ) ;
#6197 = EDGE_LOOP ( 'NONE', ( #716, #5410, #8455, #2988 ) ) ;
#6198 = CARTESIAN_POINT ( 'NONE',  ( -27.17386661099701328, 5.000000000000005329, -40.59999999999998721 ) ) ;
#6199 = VERTEX_POINT ( 'NONE', #9332 ) ;
#6200 = VECTOR ( 'NONE', #4275, 1000.000000000000000 ) ;
#6201 = ADVANCED_FACE ( 'NONE', ( #8453 ), #6983, .F. ) ;
#6202 = VECTOR ( 'NONE', #220, 1000.000000000000000 ) ;
#6203 = DIRECTION ( 'NONE',  ( -0.000000000000000000, -0.000000000000000000, 1.000000000000000000 ) ) ;
#6204 = DIRECTION ( 'NONE',  ( 0.4999999999999995004, 0.8660254037844389297, 0.000000000000000000 ) ) ;
#6205 = DIRECTION ( 'NONE',  ( 1.000000000000000000, 0.000000000000000000, 0.000000000000000000 ) ) ;
#6206 = CARTESIAN_POINT ( 'NONE',  ( -32.17386661099702394, 21.77447615628465982, -45.00000000000000711 ) ) ;
#6207 =( BOUNDED_CURVE ( )  B_SPLINE_CURVE ( 3, ( #4776, #4626, #8772, #1451 ),
 .UNSPECIFIED., .F., .T. ) 
 B_SPLINE_CURVE_WITH_KNOTS ( ( 4, 4 ),
 ( 5.515995204261211704, 7.050375410097961648 ),
 .UNSPECIFIED. ) 
 CURVE ( )  GEOMETRIC_REPRESENTATION_ITEM ( )  RATIONAL_B_SPLINE_CURVE ( ( 1.000000000000000000, 0.8132426008497410930, 0.8132426008497410930, 1.000000000000000000 ) ) 
 REPRESENTATION_ITEM ( '' )  );
#6208 = DIRECTION ( 'NONE',  ( -0.000000000000000000, -0.000000000000000000, 1.000000000000000000 ) ) ;
#6209 = VERTEX_POINT ( 'NONE', #5296 ) ;
#6210 = CARTESIAN_POINT ( 'NONE',  ( -45.00000000000002132, 22.11324865405186557, 16.44924440733135285 ) ) ;
#6211 = VECTOR ( 'NONE', #1056, 1000.000000000000000 ) ;
#6212 = AXIS2_PLACEMENT_3D ( 'NONE', #8809, #6350, #10383 ) ;
#6213 = VECTOR ( 'NONE', #5227, 1000.000000000000000 ) ;
#6214 = VERTEX_POINT ( 'NONE', #1140 ) ;
#6215 = DIRECTION ( 'NONE',  ( 0.000000000000000000, -0.5000000000000002220, -0.8660254037844384856 ) ) ;
#6216 = CARTESIAN_POINT ( 'NONE',  ( 15.72462220366568175, 18.88772481033653250, -45.00000000000000711 ) ) ;
#6217 = VECTOR ( 'NONE', #3830, 1000.000000000000000 ) ;
#6218 = CARTESIAN_POINT ( 'NONE',  ( 37.17386661099703815, 18.88772481033653250, -45.00000000000000711 ) ) ;
#6219 = CARTESIAN_POINT ( 'NONE',  ( -15.72462220366566754, 31.11227518966341421, -45.00000000000000711 ) ) ;
#6220 = DIRECTION ( 'NONE',  ( -4.506943796211494843E-16, 1.000000000000000000, 0.000000000000000000 ) ) ;
#6221 = DIRECTION ( 'NONE',  ( 1.000000000000000000, -0.000000000000000000, -7.709882115452476934E-17 ) ) ;
#6222 = ORIENTED_EDGE ( 'NONE', *, *, #9656, .T. ) ;
#6223 = CARTESIAN_POINT ( 'NONE',  ( -43.00000000000000711, 0.000000000000000000, 44.99999999999999289 ) ) ;
#6224 = ORIENTED_EDGE ( 'NONE', *, *, #2534, .T. ) ;
#6225 = DIRECTION ( 'NONE',  ( 0.4999999999999995004, 0.8660254037844389297, 0.000000000000000000 ) ) ;
#6226 = ORIENTED_EDGE ( 'NONE', *, *, #6172, .T. ) ;
#6227 = AXIS2_PLACEMENT_3D ( 'NONE', #2825, #3683, #8634 ) ;
#6228 = VECTOR ( 'NONE', #6877, 1000.000000000000000 ) ;
#6229 = ORIENTED_EDGE ( 'NONE', *, *, #6385, .T. ) ;
#6230 = ORIENTED_EDGE ( 'NONE', *, *, #10086, .T. ) ;
#6231 = EDGE_CURVE ( 'NONE', #6621, #9789, #1952, .T. ) ;
#6232 = CARTESIAN_POINT ( 'NONE',  ( 32.17386661099703815, 28.22552384371528333, -45.00000000000000711 ) ) ;
#6233 = EDGE_CURVE ( 'NONE', #9587, #544, #6164, .T. ) ;
#6234 = ORIENTED_EDGE ( 'NONE', *, *, #5266, .F. ) ;
#6235 = CARTESIAN_POINT ( 'NONE',  ( -45.00000000000001421, 28.22552384371529755, -32.17386661099702394 ) ) ;
#6236 = EDGE_CURVE ( 'NONE', #9840, #4182, #4476, .T. ) ;
#6237 = DIRECTION ( 'NONE',  ( 4.506943796211493857E-16, -1.000000000000000000, 0.000000000000000000 ) ) ;
#6238 = CARTESIAN_POINT ( 'NONE',  ( 10.72462220366569063, 39.77252922750778907, -45.00000000000000711 ) ) ;
#6239 = DIRECTION ( 'NONE',  ( 0.000000000000000000, 0.000000000000000000, 1.000000000000000000 ) ) ;
#6240 = ORIENTED_EDGE ( 'NONE', *, *, #6676, .T. ) ;
#6241 = CARTESIAN_POINT ( 'NONE',  ( -45.00000000000001421, 13.11422211844029739, -37.17386661099703815 ) ) ;
#6242 = VECTOR ( 'NONE', #3557, 1000.000000000000227 ) ;
#6243 = ORIENTED_EDGE ( 'NONE', *, *, #3364, .T. ) ;
#6244 = DIRECTION ( 'NONE',  ( 0.000000000000000000, 0.5000000000000005551, -0.8660254037844382635 ) ) ;
#6245 = ORIENTED_EDGE ( 'NONE', *, *, #651, .F. ) ;
#6246 = EDGE_CURVE ( 'NONE', #6732, #1604, #3724, .T. ) ;
#6247 = VECTOR ( 'NONE', #5023, 999.9999999999998863 ) ;
#6248 = DIRECTION ( 'NONE',  ( 0.000000000000000000, 1.000000000000000000, 0.000000000000000000 ) ) ;
#6249 = FACE_BOUND ( 'NONE', #8061, .T. ) ;
#6250 = DIRECTION ( 'NONE',  ( -3.854941057726240316E-17, 0.8660254037844385966, -0.5000000000000003331 ) ) ;
#6251 = CARTESIAN_POINT ( 'NONE',  ( -3.745854521482251176, 0.000000000000000000, -22.83773761351903175 ) ) ;
#6252 = CARTESIAN_POINT ( 'NONE',  ( -36.18666791370986147, -4.467790692378653006, 39.13154946405278878 ) ) ;
#6253 = EDGE_LOOP ( 'NONE', ( #3307, #8049, #407, #7321 ) ) ;
#6254 = AXIS2_PLACEMENT_3D ( 'NONE', #378, #3662, #7854 ) ;
#6255 = LINE ( 'NONE', #478, #3629 ) ;
#6256 = EDGE_CURVE ( 'NONE', #64, #5893, #6823, .T. ) ;
#6257 = CARTESIAN_POINT ( 'NONE',  ( -20.00000000000001066, 1.832738110421949784, -3.500000000000013323 ) ) ;
#6258 = VERTEX_POINT ( 'NONE', #2923 ) ;
#6259 = VERTEX_POINT ( 'NONE', #272 ) ;
#6260 = LINE ( 'NONE', #3821, #4057 ) ;
#6261 = CARTESIAN_POINT ( 'NONE',  ( 9.545941546018385182, 0.000000000000000000, -9.545941546018374524 ) ) ;
#6262 = DIRECTION ( 'NONE',  ( 0.8660254037844385966, -0.5000000000000002220, 0.000000000000000000 ) ) ;
#6263 = CARTESIAN_POINT ( 'NONE',  ( -45.00000000000002132, 22.11324865405186557, 16.44924440733135285 ) ) ;
#6264 = LINE ( 'NONE', #2163, #8258 ) ;
#6265 = EDGE_LOOP ( 'NONE', ( #2774, #6240, #3042, #4587, #6954, #7090 ) ) ;
#6266 = EDGE_CURVE ( 'NONE', #2660, #9982, #2005, .T. ) ;
#6267 = EDGE_CURVE ( 'NONE', #8640, #7718, #5130, .T. ) ;
#6268 = EDGE_LOOP ( 'NONE', ( #7704, #6234, #156, #7595, #2783, #9423 ) ) ;
#6269 = VERTEX_POINT ( 'NONE', #3506 ) ;
#6270 = CARTESIAN_POINT ( 'NONE',  ( 40.60000000000001563, 31.14481641337579276, -25.50528320582410302 ) ) ;
#6271 = EDGE_CURVE ( 'NONE', #7613, #3180, #2062, .T. ) ;
#6272 = DIRECTION ( 'NONE',  ( -0.000000000000000000, -0.000000000000000000, 1.000000000000000000 ) ) ;
#6273 = CARTESIAN_POINT ( 'NONE',  ( -10.72462220366566577, 21.77447615628465272, -45.00000000000000711 ) ) ;
#6274 = DIRECTION ( 'NONE',  ( 0.000000000000000000, -0.000000000000000000, 1.000000000000000000 ) ) ;
#6275 = FACE_BOUND ( 'NONE', #3948, .T. ) ;
#6276 = DIRECTION ( 'NONE',  ( -0.8660254037844389297, 0.4999999999999994449, 0.000000000000000000 ) ) ;
#6277 = ORIENTED_EDGE ( 'NONE', *, *, #4953, .F. ) ;
#6278 = PLANE ( 'NONE',  #9024 ) ;
#6279 = ORIENTED_EDGE ( 'NONE', *, *, #3325, .T. ) ;
#6280 = CARTESIAN_POINT ( 'NONE',  ( -23.43651982031997250, 34.72801970590728615, -40.59999999999998721 ) ) ;
#6281 = VERTEX_POINT ( 'NONE', #5997 ) ;
#6282 = VECTOR ( 'NONE', #7824, 1000.000000000000227 ) ;
#6283 = ADVANCED_FACE ( 'NONE', ( #1899 ), #5188, .F. ) ;
#6284 = EDGE_LOOP ( 'NONE', ( #8318, #10167, #8722, #7652 ) ) ;
#6285 = VERTEX_POINT ( 'NONE', #5239 ) ;
#6286 = ORIENTED_EDGE ( 'NONE', *, *, #10104, .T. ) ;
#6287 = LINE ( 'NONE', #9621, #9544 ) ;
#6288 = CIRCLE ( 'NONE', #9248, 16.50000000000000000 ) ;
#6289 = DIRECTION ( 'NONE',  ( 1.000000000000000000, -0.000000000000000000, -7.709882115452476934E-17 ) ) ;
#6290 = DIRECTION ( 'NONE',  ( -0.000000000000000000, -0.000000000000000000, 1.000000000000000000 ) ) ;
#6291 = CARTESIAN_POINT ( 'NONE',  ( -45.00000000000002132, 21.77447615628469890, 32.17386661099703105 ) ) ;
#6292 = ORIENTED_EDGE ( 'NONE', *, *, #9496, .F. ) ;
#6293 = CARTESIAN_POINT ( 'NONE',  ( -5.724622203665668430, 13.11422211844027608, -45.00000000000000711 ) ) ;
#6294 = EDGE_CURVE ( 'NONE', #569, #3448, #6932, .T. ) ;
#6295 = VECTOR ( 'NONE', #8619, 1000.000000000000000 ) ;
#6296 = EDGE_LOOP ( 'NONE', ( #7142, #214, #8527, #6286, #6457, #6880 ) ) ;
#6297 = PLANE ( 'NONE',  #3787 ) ;
#6298 = ORIENTED_EDGE ( 'NONE', *, *, #7836, .T. ) ;
#6299 = DIRECTION ( 'NONE',  ( -0.8164965809277267006, -0.5773502691896248429, -2.563950248511420394E-16 ) ) ;
#6300 = CARTESIAN_POINT ( 'NONE',  ( -45.00000000000001421, 22.11324865405186202, 5.000000000000002665 ) ) ;
#6301 = VECTOR ( 'NONE', #2666, 1000.000000000000000 ) ;
#6302 = DIRECTION ( 'NONE',  ( 0.000000000000000000, -0.5000000000000006661, 0.8660254037844383745 ) ) ;
#6303 = PLANE ( 'NONE',  #9564 ) ;
#6304 = PLANE ( 'NONE',  #3623 ) ;
#6305 = VERTEX_POINT ( 'NONE', #3671 ) ;
#6306 = EDGE_CURVE ( 'NONE', #10568, #6526, #10249, .T. ) ;
#6307 = EDGE_CURVE ( 'NONE', #3804, #7866, #4691, .T. ) ;
#6308 = LINE ( 'NONE', #479, #873 ) ;
#6309 = ORIENTED_EDGE ( 'NONE', *, *, #4454, .F. ) ;
#6310 = LINE ( 'NONE', #2211, #2001 ) ;
#6311 = PLANE ( 'NONE',  #9120 ) ;
#6312 = DIRECTION ( 'NONE',  ( 4.506943796211494843E-16, -1.000000000000000000, 0.000000000000000000 ) ) ;
#6313 = FACE_OUTER_BOUND ( 'NONE', #1083, .T. ) ;
#6314 = CARTESIAN_POINT ( 'NONE',  ( -45.00000000000001421, 30.77350269189626175, -21.44924440733135640 ) ) ;
#6315 = ORIENTED_EDGE ( 'NONE', *, *, #3048, .F. ) ;
#6316 = EDGE_CURVE ( 'NONE', #832, #8445, #3030, .T. ) ;
#6317 = ORIENTED_EDGE ( 'NONE', *, *, #7749, .T. ) ;
#6318 = EDGE_CURVE ( 'NONE', #10689, #9058, #8027, .T. ) ;
#6319 = CARTESIAN_POINT ( 'NONE',  ( 6.884854776271489727E-15, 19.22649730810373114, 40.59999999999996589 ) ) ;
#6320 = VECTOR ( 'NONE', #2394, 1000.000000000000114 ) ;
#6321 = DIRECTION ( 'NONE',  ( 6.009258394948641055E-16, -1.000000000000000000, 0.000000000000000000 ) ) ;
#6322 = LINE ( 'NONE', #8784, #7023 ) ;
#6323 = CARTESIAN_POINT ( 'NONE',  ( -5.724622203665671094, 18.88772481033653250, 44.99999999999999289 ) ) ;
#6324 = DIRECTION ( 'NONE',  ( 0.000000000000000000, 0.000000000000000000, 1.000000000000000000 ) ) ;
#6325 = CARTESIAN_POINT ( 'NONE',  ( -40.60000000000001563, 10.22747077249215941, 10.72462220366568530 ) ) ;
#6326 = ORIENTED_EDGE ( 'NONE', *, *, #5959, .F. ) ;
#6327 = PLANE ( 'NONE',  #6580 ) ;
#6328 = VECTOR ( 'NONE', #3712, 1000.000000000000227 ) ;
#6329 = CARTESIAN_POINT ( 'NONE',  ( 40.60000000000001563, 4.999999999999997335, 15.72462220366567465 ) ) ;
#6330 = VERTEX_POINT ( 'NONE', #2174 ) ;
#6331 = AXIS2_PLACEMENT_3D ( 'NONE', #1086, #5292, #166 ) ;
#6332 = VERTEX_POINT ( 'NONE', #10566 ) ;
#6333 = VERTEX_POINT ( 'NONE', #8840 ) ;
#6334 = CARTESIAN_POINT ( 'NONE',  ( 44.99999999999999289, 45.00000000000000000, 42.99999999999995026 ) ) ;
#6335 = VECTOR ( 'NONE', #8786, 1000.000000000000227 ) ;
#6336 = VECTOR ( 'NONE', #886, 1000.000000000000000 ) ;
#6337 = EDGE_CURVE ( 'NONE', #9491, #3874, #8734, .T. ) ;
#6338 = DIRECTION ( 'NONE',  ( 0.000000000000000000, 1.000000000000000000, 0.000000000000000000 ) ) ;
#6339 = EDGE_CURVE ( 'NONE', #7786, #3582, #6288, .T. ) ;
#6340 = CARTESIAN_POINT ( 'NONE',  ( -45.00000000000001421, 30.77350269189626886, -1.511102531139998355E-16 ) ) ;
#6341 = FACE_OUTER_BOUND ( 'NONE', #6869, .T. ) ;
#6342 = DIRECTION ( 'NONE',  ( 0.8660254037844384856, -0.5000000000000001110, 0.000000000000000000 ) ) ;
#6343 = ORIENTED_EDGE ( 'NONE', *, *, #6691, .F. ) ;
#6344 = LINE ( 'NONE', #4706, #3009 ) ;
#6345 = VECTOR ( 'NONE', #2741, 1000.000000000000000 ) ;
#6346 = VERTEX_POINT ( 'NONE', #7147 ) ;
#6347 = VECTOR ( 'NONE', #6208, 1000.000000000000000 ) ;
#6348 = EDGE_LOOP ( 'NONE', ( #7666, #757, #1999, #4441 ) ) ;
#6349 = ORIENTED_EDGE ( 'NONE', *, *, #943, .F. ) ;
#6350 = DIRECTION ( 'NONE',  ( 0.000000000000000000, -1.000000000000000000, 0.000000000000000000 ) ) ;
#6351 = EDGE_LOOP ( 'NONE', ( #8456, #6031, #7461, #7294 ) ) ;
#6352 = CARTESIAN_POINT ( 'NONE',  ( 44.99999999999997868, 13.11422211844030095, -37.17386661099704526 ) ) ;
#6353 = DIRECTION ( 'NONE',  ( -1.000000000000000000, 0.000000000000000000, -0.000000000000000000 ) ) ;
#6354 = DIRECTION ( 'NONE',  ( 1.000000000000000000, -0.000000000000000000, -7.709882115452476934E-17 ) ) ;
#6355 = EDGE_CURVE ( 'NONE', #569, #4712, #2276, .T. ) ;
#6356 = DIRECTION ( 'NONE',  ( -0.9191450300180574740, 0.000000000000000000, -0.3939192985791687418 ) ) ;
#6357 = LINE ( 'NONE', #923, #10586 ) ;
#6358 = LINE ( 'NONE', #2206, #5358 ) ;
#6359 = VERTEX_POINT ( 'NONE', #598 ) ;
#6360 = AXIS2_PLACEMENT_3D ( 'NONE', #9632, #2199, #5480 ) ;
#6361 = ADVANCED_FACE ( 'NONE', ( #4585 ), #9716, .F. ) ;
#6362 = ADVANCED_FACE ( 'NONE', ( #2122, #5607, #10465, #9661, #8934, #8787, #8126, #1413, #3880, #1365, #6275, #4638 ), #7922, .F. ) ;
#6363 = EDGE_CURVE ( 'NONE', #163, #2544, #10515, .T. ) ;
#6364 = CARTESIAN_POINT ( 'NONE',  ( 44.99999999999998579, 36.88577788155969728, -5.724622203665681752 ) ) ;
#6365 = CARTESIAN_POINT ( 'NONE',  ( -45.00000000000001421, 27.88675134594812732, -16.44924440733134929 ) ) ;
#6366 = DIRECTION ( 'NONE',  ( 0.4999999999999995004, 0.8660254037844389297, 0.000000000000000000 ) ) ;
#6367 = LINE ( 'NONE', #8019, #5988 ) ;
#6368 = VERTEX_POINT ( 'NONE', #3079 ) ;
#6369 = ORIENTED_EDGE ( 'NONE', *, *, #9411, .F. ) ;
#6370 = CARTESIAN_POINT ( 'NONE',  ( -40.60000000000001563, 18.88772481033656092, -15.72462220366567820 ) ) ;
#6371 = EDGE_CURVE ( 'NONE', #1331, #4142, #4736, .T. ) ;
#6372 = EDGE_CURVE ( 'NONE', #1009, #4049, #9608, .T. ) ;
#6373 = DIRECTION ( 'NONE',  ( 0.8660254037844389297, -0.4999999999999995004, 0.000000000000000000 ) ) ;
#6374 = DIRECTION ( 'NONE',  ( 0.000000000000000000, 0.000000000000000000, 1.000000000000000000 ) ) ;
#6375 = LINE ( 'NONE', #3980, #1162 ) ;
#6376 = VECTOR ( 'NONE', #1240, 999.9999999999998863 ) ;
#6377 = DIRECTION ( 'NONE',  ( 0.8660254037844383745, 0.5000000000000004441, 0.000000000000000000 ) ) ;
#6378 = DIRECTION ( 'NONE',  ( 0.8660254037844383745, 0.5000000000000004441, 0.000000000000000000 ) ) ;
#6379 = VERTEX_POINT ( 'NONE', #652 ) ;
#6380 = VECTOR ( 'NONE', #1412, 1000.000000000000000 ) ;
#6381 = CARTESIAN_POINT ( 'NONE',  ( 16.44924440733136350, 22.11324865405184426, -45.00000000000000711 ) ) ;
#6382 = PLANE ( 'NONE',  #10403 ) ;
#6383 = EDGE_LOOP ( 'NONE', ( #5587, #5777, #4000, #1201 ) ) ;
#6384 = AXIS2_PLACEMENT_3D ( 'NONE', #2249, #622, #724 ) ;
#6385 = EDGE_CURVE ( 'NONE', #7202, #6547, #7302, .T. ) ;
#6386 = ORIENTED_EDGE ( 'NONE', *, *, #3028, .T. ) ;
#6387 = ORIENTED_EDGE ( 'NONE', *, *, #6658, .T. ) ;
#6388 = VECTOR ( 'NONE', #9262, 1000.000000000000000 ) ;
#6389 = CARTESIAN_POINT ( 'NONE',  ( 5.724622203665683529, 36.88577788155965465, -45.00000000000000711 ) ) ;
#6390 = VECTOR ( 'NONE', #6391, 999.9999999999998863 ) ;
#6391 = DIRECTION ( 'NONE',  ( 0.000000000000000000, 0.5000000000000006661, -0.8660254037844383745 ) ) ;
#6392 = DIRECTION ( 'NONE',  ( 1.000000000000000000, 0.000000000000000000, -7.709882115452476934E-17 ) ) ;
#6393 = FACE_OUTER_BOUND ( 'NONE', #4463, .T. ) ;
#6394 = CARTESIAN_POINT ( 'NONE',  ( 44.99999999999999289, 10.22747077249215941, 10.72462220366567820 ) ) ;
#6395 = AXIS2_PLACEMENT_3D ( 'NONE', #7569, #10072, #5977 ) ;
#6396 = VECTOR ( 'NONE', #5536, 1000.000000000000000 ) ;
#6397 = VERTEX_POINT ( 'NONE', #10414 ) ;
#6398 = EDGE_CURVE ( 'NONE', #3144, #2515, #10610, .T. ) ;
#6399 = EDGE_CURVE ( 'NONE', #10647, #2190, #10022, .T. ) ;
#6400 = EDGE_LOOP ( 'NONE', ( #4083, #4264, #2655, #2900, #8241, #6018 ) ) ;
#6401 = DIRECTION ( 'NONE',  ( -1.000000000000000000, 0.000000000000000000, 7.709882115452476934E-17 ) ) ;
#6402 = ORIENTED_EDGE ( 'NONE', *, *, #6479, .F. ) ;
#6403 = DIRECTION ( 'NONE',  ( 0.5000000000000004441, -0.8660254037844384856, 0.000000000000000000 ) ) ;
#6404 = FACE_BOUND ( 'NONE', #7153, .T. ) ;
#6405 = DIRECTION ( 'NONE',  ( -0.8660254037844381525, -0.5000000000000006661, 0.000000000000000000 ) ) ;
#6406 = FACE_OUTER_BOUND ( 'NONE', #6447, .T. ) ;
#6407 = ORIENTED_EDGE ( 'NONE', *, *, #3705, .F. ) ;
#6408 = CARTESIAN_POINT ( 'NONE',  ( -37.82104513169653615, -5.000000000000000888, -39.02809845431144709 ) ) ;
#6409 = CARTESIAN_POINT ( 'NONE',  ( -4.999999999999997335, 27.88675134594810245, 44.99999999999999289 ) ) ;
#6410 = ORIENTED_EDGE ( 'NONE', *, *, #9231, .F. ) ;
#6411 = ORIENTED_EDGE ( 'NONE', *, *, #3999, .F. ) ;
#6412 = AXIS2_PLACEMENT_3D ( 'NONE', #8730, #5235, #8617 ) ;
#6413 = CARTESIAN_POINT ( 'NONE',  ( 20.00000000000002842, 46.66904755831214402, 20.00000000000000355 ) ) ;
#6414 = LINE ( 'NONE', #9748, #10150 ) ;
#6415 = EDGE_CURVE ( 'NONE', #6143, #4327, #7519, .T. ) ;
#6416 = CARTESIAN_POINT ( 'NONE',  ( -40.60000000000001563, 45.00000000000000000, 40.59999999999998721 ) ) ;
#6417 = LINE ( 'NONE', #3375, #4772 ) ;
#6418 = ORIENTED_EDGE ( 'NONE', *, *, #6233, .F. ) ;
#6419 = VECTOR ( 'NONE', #1901, 1000.000000000000000 ) ;
#6420 = ADVANCED_FACE ( 'NONE', ( #4845 ), #6524, .F. ) ;
#6421 = EDGE_CURVE ( 'NONE', #2947, #5727, #10659, .T. ) ;
#6422 = ORIENTED_EDGE ( 'NONE', *, *, #9850, .T. ) ;
#6423 = ADVANCED_FACE ( 'NONE', ( #6586 ), #100, .F. ) ;
#6424 = FACE_OUTER_BOUND ( 'NONE', #4427, .T. ) ;
#6425 = DIRECTION ( 'NONE',  ( -0.5000000000000002220, -0.8660254037844385966, 0.000000000000000000 ) ) ;
#6426 = CARTESIAN_POINT ( 'NONE',  ( -15.72462220366567109, 18.88772481033651474, -45.00000000000000711 ) ) ;
#6427 = DIRECTION ( 'NONE',  ( 4.506943796211494843E-16, -1.000000000000000000, 0.000000000000000000 ) ) ;
#6428 = CARTESIAN_POINT ( 'NONE',  ( 20.00000000000002842, 0.000000000000000000, 20.00000000000000355 ) ) ;
#6429 = DIRECTION ( 'NONE',  ( 0.000000000000000000, -1.000000000000000000, 0.000000000000000000 ) ) ;
#6430 = ORIENTED_EDGE ( 'NONE', *, *, #462, .T. ) ;
#6431 = CARTESIAN_POINT ( 'NONE',  ( 44.99999999999998579, 28.22552384371529755, 10.72462220366567820 ) ) ;
#6432 = LINE ( 'NONE', #3179, #9877 ) ;
#6433 = ORIENTED_EDGE ( 'NONE', *, *, #1431, .F. ) ;
#6434 = ADVANCED_FACE ( 'NONE', ( #9963 ), #1722, .F. ) ;
#6435 = EDGE_CURVE ( 'NONE', #9449, #4125, #3390, .T. ) ;
#6436 = ORIENTED_EDGE ( 'NONE', *, *, #10457, .F. ) ;
#6437 = ORIENTED_EDGE ( 'NONE', *, *, #3718, .T. ) ;
#6438 = DIRECTION ( 'NONE',  ( 3.854941057726242165E-17, 0.8660254037844383745, 0.5000000000000006661 ) ) ;
#6439 = FACE_OUTER_BOUND ( 'NONE', #3514, .T. ) ;
#6440 = FACE_OUTER_BOUND ( 'NONE', #8970, .T. ) ;
#6441 = DIRECTION ( 'NONE',  ( 0.000000000000000000, 0.000000000000000000, 1.000000000000000000 ) ) ;
#6442 = DIRECTION ( 'NONE',  ( -3.854941057726242781E-17, -0.8660254037844383745, -0.5000000000000006661 ) ) ;
#6443 = ADVANCED_FACE ( 'NONE', ( #1778 ), #2473, .F. ) ;
#6444 = ORIENTED_EDGE ( 'NONE', *, *, #350, .F. ) ;
#6445 = EDGE_CURVE ( 'NONE', #2976, #3826, #4081, .T. ) ;
#6446 = EDGE_LOOP ( 'NONE', ( #9617, #3032, #31, #5211 ) ) ;
#6447 = EDGE_LOOP ( 'NONE', ( #4479, #3120, #9200, #3633 ) ) ;
#6448 = ORIENTED_EDGE ( 'NONE', *, *, #4007, .T. ) ;
#6449 = AXIS2_PLACEMENT_3D ( 'NONE', #2240, #7116, #1578 ) ;
#6450 = CARTESIAN_POINT ( 'NONE',  ( -20.00000000000001066, 1.832738110421949784, -3.500000000000013323 ) ) ;
#6451 = ORIENTED_EDGE ( 'NONE', *, *, #5883, .T. ) ;
#6452 = CARTESIAN_POINT ( 'NONE',  ( -37.17386661099703105, 36.88577788155965465, 44.99999999999999289 ) ) ;
#6453 = CARTESIAN_POINT ( 'NONE',  ( -45.00000000000002132, 13.11422211844029384, 37.17386661099703815 ) ) ;
#6454 = ADVANCED_FACE ( 'NONE', ( #3334 ), #1563, .T. ) ;
#6455 = CARTESIAN_POINT ( 'NONE',  ( 5.724622203665686193, 31.11227518966341421, -45.00000000000000711 ) ) ;
#6456 = CARTESIAN_POINT ( 'NONE',  ( 32.17386661099703815, 28.22552384371528333, 44.99999999999999289 ) ) ;
#6457 = ORIENTED_EDGE ( 'NONE', *, *, #5617, .T. ) ;
#6458 = DIRECTION ( 'NONE',  ( -6.009258394948640069E-16, 1.000000000000000000, 0.000000000000000000 ) ) ;
#6459 = EDGE_LOOP ( 'NONE', ( #6838, #782, #5040, #1040, #506, #5918 ) ) ;
#6460 = VECTOR ( 'NONE', #3443, 1000.000000000000000 ) ;
#6461 = VERTEX_POINT ( 'NONE', #8174 ) ;
#6462 = VECTOR ( 'NONE', #5322, 999.9999999999998863 ) ;
#6463 = VECTOR ( 'NONE', #5499, 999.9999999999998863 ) ;
#6464 = ADVANCED_FACE ( 'NONE', ( #7577 ), #2525, .F. ) ;
#6465 = LINE ( 'NONE', #7336, #2208 ) ;
#6466 = DIRECTION ( 'NONE',  ( -6.009258394948640069E-16, 1.000000000000000000, 0.000000000000000000 ) ) ;
#6467 = PLANE ( 'NONE',  #856 ) ;
#6468 = EDGE_LOOP ( 'NONE', ( #9630, #2183, #4699, #3592 ) ) ;
#6469 = CARTESIAN_POINT ( 'NONE',  ( 40.59999999999999432, 19.22649730810373470, 5.161959811028817011E-16 ) ) ;
#6470 = ORIENTED_EDGE ( 'NONE', *, *, #6640, .T. ) ;
#6471 = ORIENTED_EDGE ( 'NONE', *, *, #3735, .T. ) ;
#6472 = CARTESIAN_POINT ( 'NONE',  ( -15.72462220366566399, 5.000000000000008882, -40.59999999999998721 ) ) ;
#6473 = LINE ( 'NONE', #5755, #8744 ) ;
#6474 = CARTESIAN_POINT ( 'NONE',  ( -15.16033048310344178, -5.000000000000002665, 1.103125484187136518 ) ) ;
#6475 = CARTESIAN_POINT ( 'NONE',  ( -4.999999999999994671, 22.11324865405186202, -45.00000000000000711 ) ) ;
#6476 = CARTESIAN_POINT ( 'NONE',  ( -45.00000000000001421, 36.88577788155969728, -27.17386661099702749 ) ) ;
#6477 = PLANE ( 'NONE',  #10508 ) ;
#6478 = ORIENTED_EDGE ( 'NONE', *, *, #4340, .F. ) ;
#6479 = EDGE_CURVE ( 'NONE', #9491, #788, #9093, .T. ) ;
#6480 = DIRECTION ( 'NONE',  ( -0.8660254037844381525, -0.5000000000000006661, 0.000000000000000000 ) ) ;
#6481 = DIRECTION ( 'NONE',  ( 0.000000000000000000, -0.5000000000000005551, 0.8660254037844382635 ) ) ;
#6482 = EDGE_LOOP ( 'NONE', ( #6543, #1878, #2307, #722 ) ) ;
#6483 = ORIENTED_EDGE ( 'NONE', *, *, #10121, .F. ) ;
#6484 = CARTESIAN_POINT ( 'NONE',  ( -15.72462220366566754, 13.11422211844027608, 40.59999999999996589 ) ) ;
#6485 = CARTESIAN_POINT ( 'NONE',  ( 1.103125484187133409, 4.999999999999997335, -15.16033048310345421 ) ) ;
#6486 = VECTOR ( 'NONE', #5157, 1000.000000000000000 ) ;
#6487 = FACE_OUTER_BOUND ( 'NONE', #6937, .T. ) ;
#6488 = ADVANCED_FACE ( 'NONE', ( #2371 ), #5818, .F. ) ;
#6489 = LINE ( 'NONE', #8044, #9601 ) ;
#6490 = EDGE_CURVE ( 'NONE', #4037, #658, #910, .T. ) ;
#6491 = ORIENTED_EDGE ( 'NONE', *, *, #7491, .T. ) ;
#6492 = ORIENTED_EDGE ( 'NONE', *, *, #5836, .T. ) ;
#6493 = AXIS2_PLACEMENT_3D ( 'NONE', #4255, #1030, #7588 ) ;
#6494 = VECTOR ( 'NONE', #6205, 1000.000000000000000 ) ;
#6495 = ORIENTED_EDGE ( 'NONE', *, *, #1736, .T. ) ;
#6496 = AXIS2_PLACEMENT_3D ( 'NONE', #9998, #9126, #9184 ) ;
#6497 = DIRECTION ( 'NONE',  ( -0.8660254037844389297, 0.4999999999999995004, 0.000000000000000000 ) ) ;
#6498 = ORIENTED_EDGE ( 'NONE', *, *, #3365, .T. ) ;
#6499 = VECTOR ( 'NONE', #4774, 1000.000000000000000 ) ;
#6500 = CARTESIAN_POINT ( 'NONE',  ( 15.72462220366568175, 18.88772481033653250, 44.99999999999999289 ) ) ;
#6501 = DIRECTION ( 'NONE',  ( -6.009258394948641055E-16, 1.000000000000000000, 0.000000000000000000 ) ) ;
#6502 = CARTESIAN_POINT ( 'NONE',  ( 44.99999999999998579, 13.11422211844029739, -37.17386661099704526 ) ) ;
#6503 = CARTESIAN_POINT ( 'NONE',  ( -40.60000000000001563, 36.88577788155969728, 27.17386661099703105 ) ) ;
#6504 = EDGE_CURVE ( 'NONE', #1092, #5204, #7406, .T. ) ;
#6505 = DIRECTION ( 'NONE',  ( 3.854941057726239700E-17, -0.8660254037844385966, 0.5000000000000003331 ) ) ;
#6506 = VERTEX_POINT ( 'NONE', #4949 ) ;
#6507 = VECTOR ( 'NONE', #7799, 1000.000000000000000 ) ;
#6508 = LINE ( 'NONE', #9942, #1401 ) ;
#6509 = VERTEX_POINT ( 'NONE', #857 ) ;
#6510 = VERTEX_POINT ( 'NONE', #7459 ) ;
#6511 = CARTESIAN_POINT ( 'NONE',  ( -32.17386661099702394, 39.77252922750778907, -45.00000000000000711 ) ) ;
#6512 = CARTESIAN_POINT ( 'NONE',  ( 20.00000000000002842, -5.000000000000000000, 3.499999999999999556 ) ) ;
#6513 = FACE_OUTER_BOUND ( 'NONE', #1469, .T. ) ;
#6514 = ORIENTED_EDGE ( 'NONE', *, *, #846, .F. ) ;
#6515 = CARTESIAN_POINT ( 'NONE',  ( -45.00000000000001421, 27.88675134594813088, 5.000000000000002665 ) ) ;
#6516 = VERTEX_POINT ( 'NONE', #49 ) ;
#6517 = ORIENTED_EDGE ( 'NONE', *, *, #8828, .F. ) ;
#6518 = EDGE_CURVE ( 'NONE', #6904, #3935, #5928, .T. ) ;
#6519 = EDGE_CURVE ( 'NONE', #7509, #3624, #5173, .T. ) ;
#6520 = PLANE ( 'NONE',  #4197 ) ;
#6521 = LINE ( 'NONE', #2419, #9078 ) ;
#6522 = LINE ( 'NONE', #8276, #10655 ) ;
#6523 = CARTESIAN_POINT ( 'NONE',  ( 40.60000000000001563, 36.88577788155969728, -15.72462220366568530 ) ) ;
#6524 = PLANE ( 'NONE',  #424 ) ;
#6525 = CARTESIAN_POINT ( 'NONE',  ( -10.72462220366566754, 10.22747077249214520, 44.99999999999999289 ) ) ;
#6526 = VERTEX_POINT ( 'NONE', #7798 ) ;
#6527 = CARTESIAN_POINT ( 'NONE',  ( 37.17386661099703815, 36.88577788155966886, 44.99999999999999289 ) ) ;
#6528 = CARTESIAN_POINT ( 'NONE',  ( -15.72462220366566754, 31.11227518966341421, 44.99999999999999289 ) ) ;
#6529 = ORIENTED_EDGE ( 'NONE', *, *, #1013, .T. ) ;
#6530 = ORIENTED_EDGE ( 'NONE', *, *, #9709, .F. ) ;
#6531 = DIRECTION ( 'NONE',  ( 4.506943796211494843E-16, -1.000000000000000000, 0.000000000000000000 ) ) ;
#6532 = ORIENTED_EDGE ( 'NONE', *, *, #7443, .F. ) ;
#6533 = VECTOR ( 'NONE', #3488, 1000.000000000000114 ) ;
#6534 = CARTESIAN_POINT ( 'NONE',  ( 15.72462220366568886, 13.11422211844027608, -45.00000000000000711 ) ) ;
#6535 = AXIS2_PLACEMENT_3D ( 'NONE', #5367, #2994, #6998 ) ;
#6536 = DIRECTION ( 'NONE',  ( 0.8660254037844389297, -0.4999999999999995004, 0.000000000000000000 ) ) ;
#6537 = LINE ( 'NONE', #9161, #4922 ) ;
#6538 = CARTESIAN_POINT ( 'NONE',  ( -26.44924440733134929, 27.88675134594808469, 40.59999999999996589 ) ) ;
#6539 = LINE ( 'NONE', #2542, #5240 ) ;
#6540 = VECTOR ( 'NONE', #882, 999.9999999999998863 ) ;
#6541 = ORIENTED_EDGE ( 'NONE', *, *, #9725, .F. ) ;
#6542 = ORIENTED_EDGE ( 'NONE', *, *, #5921, .F. ) ;
#6543 = ORIENTED_EDGE ( 'NONE', *, *, #5826, .T. ) ;
#6544 = VECTOR ( 'NONE', #5545, 1000.000000000000000 ) ;
#6545 = EDGE_CURVE ( 'NONE', #627, #6330, #2853, .T. ) ;
#6546 = EDGE_CURVE ( 'NONE', #5792, #6049, #2639, .T. ) ;
#6547 = VERTEX_POINT ( 'NONE', #1188 ) ;
#6548 = VECTOR ( 'NONE', #10623, 1000.000000000000000 ) ;
#6549 = EDGE_CURVE ( 'NONE', #6516, #1204, #10291, .T. ) ;
#6550 = ORIENTED_EDGE ( 'NONE', *, *, #1332, .T. ) ;
#6551 = CARTESIAN_POINT ( 'NONE',  ( -19.92170593416931723, 1.888100375297502520, -3.500000000000013323 ) ) ;
#6552 = EDGE_CURVE ( 'NONE', #968, #10677, #9319, .T. ) ;
#6553 = CARTESIAN_POINT ( 'NONE',  ( -40.60000000000001563, 36.88577788155969728, 37.17386661099703815 ) ) ;
#6554 = FACE_OUTER_BOUND ( 'NONE', #2178, .T. ) ;
#6555 = CARTESIAN_POINT ( 'NONE',  ( -32.17386661099702394, 39.77252922750778907, -45.00000000000000711 ) ) ;
#6556 = VECTOR ( 'NONE', #7492, 1000.000000000000000 ) ;
#6557 = PLANE ( 'NONE',  #4013 ) ;
#6558 = VECTOR ( 'NONE', #4686, 999.9999999999998863 ) ;
#6559 = LINE ( 'NONE', #5636, #2724 ) ;
#6560 = ORIENTED_EDGE ( 'NONE', *, *, #6938, .T. ) ;
#6561 = LINE ( 'NONE', #4768, #5865 ) ;
#6562 = ORIENTED_EDGE ( 'NONE', *, *, #7986, .F. ) ;
#6563 = VECTOR ( 'NONE', #8538, 1000.000000000000000 ) ;
#6564 = ORIENTED_EDGE ( 'NONE', *, *, #7065, .F. ) ;
#6565 = VECTOR ( 'NONE', #5564, 1000.000000000000000 ) ;
#6566 = ADVANCED_FACE ( 'NONE', ( #5114 ), #3599, .F. ) ;
#6567 = CARTESIAN_POINT ( 'NONE',  ( 15.16033048310345066, -5.000000000000000000, -1.103125484187130745 ) ) ;
#6568 = CARTESIAN_POINT ( 'NONE',  ( -40.60000000000001563, 44.01581498027239547, -18.07420871848704991 ) ) ;
#6569 = DIRECTION ( 'NONE',  ( 0.000000000000000000, 0.5000000000000002220, 0.8660254037844385966 ) ) ;
#6570 = DIRECTION ( 'NONE',  ( -0.8660254037844381525, -0.5000000000000006661, 0.000000000000000000 ) ) ;
#6571 = VERTEX_POINT ( 'NONE', #5337 ) ;
#6572 = DIRECTION ( 'NONE',  ( 0.8660254037844382635, 0.5000000000000007772, 0.000000000000000000 ) ) ;
#6573 = EDGE_LOOP ( 'NONE', ( #1095, #266, #5454, #5974 ) ) ;
#6574 = EDGE_CURVE ( 'NONE', #4382, #8492, #2606, .T. ) ;
#6575 = CIRCLE ( 'NONE', #5998, 16.50000000000000355 ) ;
#6576 = VECTOR ( 'NONE', #7692, 1000.000000000000000 ) ;
#6577 = ORIENTED_EDGE ( 'NONE', *, *, #10456, .F. ) ;
#6578 = EDGE_CURVE ( 'NONE', #5727, #9213, #1883, .T. ) ;
#6579 = PLANE ( 'NONE',  #9253 ) ;
#6580 = AXIS2_PLACEMENT_3D ( 'NONE', #8030, #3083, #10417 ) ;
#6581 = DIRECTION ( 'NONE',  ( 4.506943796211493857E-16, -1.000000000000000000, 0.000000000000000000 ) ) ;
#6582 = DIRECTION ( 'NONE',  ( 0.000000000000000000, 0.5000000000000005551, -0.8660254037844382635 ) ) ;
#6583 = FACE_OUTER_BOUND ( 'NONE', #1468, .T. ) ;
#6584 = EDGE_CURVE ( 'NONE', #5249, #8381, #7630, .T. ) ;
#6585 = EDGE_CURVE ( 'NONE', #9075, #902, #1244, .T. ) ;
#6586 = FACE_OUTER_BOUND ( 'NONE', #9396, .T. ) ;
#6587 = CARTESIAN_POINT ( 'NONE',  ( 16.44924440733135995, 27.88675134594808469, -45.00000000000000711 ) ) ;
#6588 = ORIENTED_EDGE ( 'NONE', *, *, #4580, .F. ) ;
#6589 = DIRECTION ( 'NONE',  ( -0.8660254037844389297, 0.4999999999999994449, 0.000000000000000000 ) ) ;
#6590 = PLANE ( 'NONE',  #7597 ) ;
#6591 = EDGE_LOOP ( 'NONE', ( #8067, #1353, #3499, #6632, #1320, #10014 ) ) ;
#6592 = AXIS2_PLACEMENT_3D ( 'NONE', #8502, #6921, #966 ) ;
#6593 = ORIENTED_EDGE ( 'NONE', *, *, #673, .F. ) ;
#6594 = AXIS2_PLACEMENT_3D ( 'NONE', #2332, #5618, #10670 ) ;
#6595 = EDGE_CURVE ( 'NONE', #7255, #5370, #6148, .T. ) ;
#6596 = LINE ( 'NONE', #2698, #5554 ) ;
#6597 = LINE ( 'NONE', #1624, #1809 ) ;
#6598 = CARTESIAN_POINT ( 'NONE',  ( 32.17386661099703815, 10.22747077249214520, -45.00000000000000711 ) ) ;
#6599 = DIRECTION ( 'NONE',  ( -6.009258394948640069E-16, 1.000000000000000000, 0.000000000000000000 ) ) ;
#6600 = CARTESIAN_POINT ( 'NONE',  ( -25.86759430765701850, 30.51727517685504409, 40.59999999999998721 ) ) ;
#6601 = ADVANCED_FACE ( 'NONE', ( #2803 ), #9489, .F. ) ;
#6602 = CARTESIAN_POINT ( 'NONE',  ( -45.00000000000001421, 39.77252922750783171, 10.72462220366567820 ) ) ;
#6603 = ORIENTED_EDGE ( 'NONE', *, *, #4988, .F. ) ;
#6604 = ORIENTED_EDGE ( 'NONE', *, *, #2662, .F. ) ;
#6605 = ORIENTED_EDGE ( 'NONE', *, *, #6618, .F. ) ;
#6606 = ORIENTED_EDGE ( 'NONE', *, *, #10424, .T. ) ;
#6607 = ORIENTED_EDGE ( 'NONE', *, *, #366, .F. ) ;
#6608 = DIRECTION ( 'NONE',  ( 0.000000000000000000, -1.000000000000000000, 0.000000000000000000 ) ) ;
#6609 = CARTESIAN_POINT ( 'NONE',  ( 40.10345100974146959, 0.5322093076213464391, -37.15856945939844280 ) ) ;
#6610 = DIRECTION ( 'NONE',  ( 0.7071067811865479058, 0.000000000000000000, 0.7071067811865472397 ) ) ;
#6611 = PLANE ( 'NONE',  #2047 ) ;
#6612 = ORIENTED_EDGE ( 'NONE', *, *, #7749, .F. ) ;
#6613 = CARTESIAN_POINT ( 'NONE',  ( -45.00000000000001421, 31.11227518966342487, 15.72462220366568175 ) ) ;
#6614 = CARTESIAN_POINT ( 'NONE',  ( 37.17386661099703815, 18.88772481033653250, 44.99999999999999289 ) ) ;
#6615 = ORIENTED_EDGE ( 'NONE', *, *, #1395, .F. ) ;
#6616 = LINE ( 'NONE', #3361, #4659 ) ;
#6617 = ORIENTED_EDGE ( 'NONE', *, *, #10093, .T. ) ;
#6618 = EDGE_CURVE ( 'NONE', #5893, #4807, #209, .T. ) ;
#6619 = VECTOR ( 'NONE', #8497, 1000.000000000000000 ) ;
#6620 = ORIENTED_EDGE ( 'NONE', *, *, #9114, .F. ) ;
#6621 = VERTEX_POINT ( 'NONE', #4520 ) ;
#6622 = LINE ( 'NONE', #4932, #162 ) ;
#6623 = VECTOR ( 'NONE', #3996, 1000.000000000000227 ) ;
#6624 = DIRECTION ( 'NONE',  ( 0.000000000000000000, 0.5000000000000002220, 0.8660254037844385966 ) ) ;
#6625 = EDGE_CURVE ( 'NONE', #6129, #10311, #3492, .T. ) ;
#6626 = CARTESIAN_POINT ( 'NONE',  ( 9.342282491191372811E-15, 30.77350269189624044, -45.00000000000000711 ) ) ;
#6627 = LINE ( 'NONE', #1550, #1025 ) ;
#6628 = EDGE_CURVE ( 'NONE', #2871, #4979, #316, .T. ) ;
#6629 = ORIENTED_EDGE ( 'NONE', *, *, #2140, .T. ) ;
#6630 = CARTESIAN_POINT ( 'NONE',  ( -45.00000000000002132, 36.88577788155969728, 27.17386661099703105 ) ) ;
#6631 = VERTEX_POINT ( 'NONE', #6809 ) ;
#6632 = ORIENTED_EDGE ( 'NONE', *, *, #4094, .T. ) ;
#6633 = VERTEX_POINT ( 'NONE', #6755 ) ;
#6634 = VECTOR ( 'NONE', #10300, 1000.000000000000000 ) ;
#6635 = DIRECTION ( 'NONE',  ( 0.000000000000000000, 0.5000000000000002220, 0.8660254037844384856 ) ) ;
#6636 = CARTESIAN_POINT ( 'NONE',  ( -3.501671751013964329, 46.66904755831214402, -19.76512771830456217 ) ) ;
#6637 = CARTESIAN_POINT ( 'NONE',  ( -27.17386661099702749, 36.88577788155966886, 44.99999999999999289 ) ) ;
#6638 = DIRECTION ( 'NONE',  ( 0.4999999999999995004, 0.8660254037844389297, 0.000000000000000000 ) ) ;
#6639 = CARTESIAN_POINT ( 'NONE',  ( -40.60000000000001563, -4.643356216793153912, -35.03240569234301205 ) ) ;
#6640 = EDGE_CURVE ( 'NONE', #6994, #971, #10129, .T. ) ;
#6641 = CARTESIAN_POINT ( 'NONE',  ( -45.00000000000002132, 22.11324865405185491, 26.44924440733135995 ) ) ;
#6642 = VERTEX_POINT ( 'NONE', #2687 ) ;
#6643 = LINE ( 'NONE', #4739, #891 ) ;
#6644 = DIRECTION ( 'NONE',  ( -0.8660254037844389297, 0.4999999999999994449, 0.000000000000000000 ) ) ;
#6645 = ORIENTED_EDGE ( 'NONE', *, *, #3988, .F. ) ;
#6646 = LINE ( 'NONE', #2538, #22 ) ;
#6647 = DIRECTION ( 'NONE',  ( 0.000000000000000000, -0.5000000000000005551, 0.8660254037844382635 ) ) ;
#6648 = PLANE ( 'NONE',  #2688 ) ;
#6649 = PLANE ( 'NONE',  #680 ) ;
#6650 = LINE ( 'NONE', #8346, #6802 ) ;
#6651 = CARTESIAN_POINT ( 'NONE',  ( -45.00000000000001421, 18.88772481033655737, -5.724622203665674647 ) ) ;
#6652 = ORIENTED_EDGE ( 'NONE', *, *, #8877, .T. ) ;
#6653 = ORIENTED_EDGE ( 'NONE', *, *, #8676, .F. ) ;
#6654 = VERTEX_POINT ( 'NONE', #8880 ) ;
#6655 = VECTOR ( 'NONE', #5436, 1000.000000000000000 ) ;
#6656 = ORIENTED_EDGE ( 'NONE', *, *, #1633, .T. ) ;
#6657 = ORIENTED_EDGE ( 'NONE', *, *, #9231, .T. ) ;
#6658 = EDGE_CURVE ( 'NONE', #8874, #6199, #6207, .T. ) ;
#6659 = EDGE_CURVE ( 'NONE', #8959, #8045, #9595, .T. ) ;
#6660 = CARTESIAN_POINT ( 'NONE',  ( 0.000000000000000000, 4.999999999999997335, 0.000000000000000000 ) ) ;
#6661 = CARTESIAN_POINT ( 'NONE',  ( -45.00000000000001421, 18.88772481033655737, -27.17386661099702749 ) ) ;
#6662 = LINE ( 'NONE', #2553, #633 ) ;
#6663 = FACE_OUTER_BOUND ( 'NONE', #1728, .T. ) ;
#6664 = ORIENTED_EDGE ( 'NONE', *, *, #5983, .T. ) ;
#6665 = CARTESIAN_POINT ( 'NONE',  ( -45.75702789600870091, 13.93223433193705141, 40.59999999999998721 ) ) ;
#6666 = AXIS2_PLACEMENT_3D ( 'NONE', #4570, #3198, #6501 ) ;
#6667 = DIRECTION ( 'NONE',  ( -0.000000000000000000, -0.000000000000000000, 1.000000000000000000 ) ) ;
#6668 = VERTEX_POINT ( 'NONE', #6416 ) ;
#6669 = CARTESIAN_POINT ( 'NONE',  ( -45.00000000000001421, 28.22552384371529755, -10.72462220366567109 ) ) ;
#6670 = ORIENTED_EDGE ( 'NONE', *, *, #5754, .T. ) ;
#6671 = AXIS2_PLACEMENT_3D ( 'NONE', #8594, #8540, #3645 ) ;
#6672 = ORIENTED_EDGE ( 'NONE', *, *, #6316, .F. ) ;
#6673 = VECTOR ( 'NONE', #8985, 1000.000000000000114 ) ;
#6674 = VERTEX_POINT ( 'NONE', #4727 ) ;
#6675 =( BOUNDED_CURVE ( )  B_SPLINE_CURVE ( 3, ( #2487, #8238, #9825, #5574 ),
 .UNSPECIFIED., .F., .T. ) 
 B_SPLINE_CURVE_WITH_KNOTS ( ( 4, 4 ),
 ( 0.6125547383393437073, 0.7853981633974480570 ),
 .UNSPECIFIED. ) 
 CURVE ( )  GEOMETRIC_REPRESENTATION_ITEM ( )  RATIONAL_B_SPLINE_CURVE ( ( 1.000000000000000000, 0.9975119783061672241, 0.9975119783061672241, 1.000000000000000000 ) ) 
 REPRESENTATION_ITEM ( '' )  );
#6676 = EDGE_CURVE ( 'NONE', #10187, #5461, #8115, .T. ) ;
#6677 = LINE ( 'NONE', #7500, #2072 ) ;
#6678 = VECTOR ( 'NONE', #2557, 1000.000000000000000 ) ;
#6679 = LINE ( 'NONE', #4388, #3386 ) ;
#6680 = DIRECTION ( 'NONE',  ( 0.000000000000000000, -1.000000000000000000, 0.000000000000000000 ) ) ;
#6681 = PLANE ( 'NONE',  #2404 ) ;
#6682 = VERTEX_POINT ( 'NONE', #5439 ) ;
#6683 = VECTOR ( 'NONE', #9305, 1000.000000000000000 ) ;
#6684 = DIRECTION ( 'NONE',  ( 0.000000000000000000, -1.000000000000000000, 0.000000000000000000 ) ) ;
#6685 = VERTEX_POINT ( 'NONE', #8065 ) ;
#6686 = VECTOR ( 'NONE', #1552, 1000.000000000000000 ) ;
#6687 = ORIENTED_EDGE ( 'NONE', *, *, #8309, .T. ) ;
#6688 = ADVANCED_FACE ( 'NONE', ( #7081 ), #8018, .F. ) ;
#6689 = VERTEX_POINT ( 'NONE', #10453 ) ;
#6690 = ORIENTED_EDGE ( 'NONE', *, *, #5205, .F. ) ;
#6691 = EDGE_CURVE ( 'NONE', #4876, #3804, #2312, .T. ) ;
#6692 = ADVANCED_FACE ( 'NONE', ( #5598 ), #637, .F. ) ;
#6693 = EDGE_CURVE ( 'NONE', #3569, #3183, #1351, .T. ) ;
#6694 = CARTESIAN_POINT ( 'NONE',  ( 37.17386661099703815, 13.11422211844027608, -45.00000000000000711 ) ) ;
#6695 = LINE ( 'NONE', #10223, #8097 ) ;
#6696 = CARTESIAN_POINT ( 'NONE',  ( -45.00000000000001421, 36.88577788155969728, -37.17386661099703815 ) ) ;
#6697 = LINE ( 'NONE', #9091, #1837 ) ;
#6698 = CARTESIAN_POINT ( 'NONE',  ( -15.72462220366566754, 31.11227518966341421, -45.00000000000000711 ) ) ;
#6699 = CARTESIAN_POINT ( 'NONE',  ( -10.72462220366566754, 28.22552384371528333, -45.00000000000000711 ) ) ;
#6700 = DIRECTION ( 'NONE',  ( 0.000000000000000000, -0.5000000000000002220, -0.8660254037844384856 ) ) ;
#6701 = ORIENTED_EDGE ( 'NONE', *, *, #3325, .F. ) ;
#6702 = LINE ( 'NONE', #9211, #8156 ) ;
#6703 = CARTESIAN_POINT ( 'NONE',  ( -16.44924440733134929, 27.88675134594810245, -45.00000000000000711 ) ) ;
#6704 = EDGE_LOOP ( 'NONE', ( #7967, #9010, #4655, #6863 ) ) ;
#6705 = VECTOR ( 'NONE', #7434, 1000.000000000000000 ) ;
#6706 = CARTESIAN_POINT ( 'NONE',  ( -45.00000000000001421, 22.11324865405185491, -16.44924440733134929 ) ) ;
#6707 = EDGE_CURVE ( 'NONE', #6003, #7397, #3923, .T. ) ;
#6708 = VERTEX_POINT ( 'NONE', #8720 ) ;
#6709 = CARTESIAN_POINT ( 'NONE',  ( -45.00000000000001421, 18.88772481033655737, -5.724622203665674647 ) ) ;
#6710 = LINE ( 'NONE', #4254, #5752 ) ;
#6711 = DIRECTION ( 'NONE',  ( 0.000000000000000000, 0.5000000000000002220, 0.8660254037844385966 ) ) ;
#6712 = CARTESIAN_POINT ( 'NONE',  ( 40.59999999999998721, 13.11422211844029384, 37.17386661099703105 ) ) ;
#6713 = DIRECTION ( 'NONE',  ( -0.8660254037844382635, -0.5000000000000006661, 0.000000000000000000 ) ) ;
#6714 = LINE ( 'NONE', #10040, #6949 ) ;
#6715 = EDGE_LOOP ( 'NONE', ( #3915, #336, #7088, #8458 ) ) ;
#6716 = ORIENTED_EDGE ( 'NONE', *, *, #8037, .T. ) ;
#6717 = ADVANCED_FACE ( 'NONE', ( #6313 ), #7236, .F. ) ;
#6718 = ORIENTED_EDGE ( 'NONE', *, *, #8491, .F. ) ;
#6719 = VERTEX_POINT ( 'NONE', #2265 ) ;
#6720 = VECTOR ( 'NONE', #4859, 1000.000000000000000 ) ;
#6721 = VERTEX_POINT ( 'NONE', #10553 ) ;
#6722 = CARTESIAN_POINT ( 'NONE',  ( 44.99999999999999289, 13.11422211844028674, 15.72462220366567465 ) ) ;
#6723 = LINE ( 'NONE', #9935, #1033 ) ;
#6724 = FACE_BOUND ( 'NONE', #3902, .T. ) ;
#6725 = CARTESIAN_POINT ( 'NONE',  ( -45.00000000000001421, 22.11324865405186557, -26.44924440733135640 ) ) ;
#6726 = DIRECTION ( 'NONE',  ( -0.000000000000000000, -0.000000000000000000, 1.000000000000000000 ) ) ;
#6727 = CARTESIAN_POINT ( 'NONE',  ( 16.44924440733136350, 22.11324865405184426, -45.00000000000000711 ) ) ;
#6728 = VERTEX_POINT ( 'NONE', #9647 ) ;
#6729 = CIRCLE ( 'NONE', #8649, 16.50000000000000000 ) ;
#6730 = ADVANCED_FACE ( 'NONE', ( #3824 ), #2215, .F. ) ;
#6731 = ADVANCED_FACE ( 'NONE', ( #8922 ), #1499, .F. ) ;
#6732 = VERTEX_POINT ( 'NONE', #3713 ) ;
#6733 = VECTOR ( 'NONE', #3415, 1000.000000000000114 ) ;
#6734 = ORIENTED_EDGE ( 'NONE', *, *, #8291, .F. ) ;
#6735 = LINE ( 'NONE', #1761, #1585 ) ;
#6736 = ORIENTED_EDGE ( 'NONE', *, *, #5266, .T. ) ;
#6737 = EDGE_CURVE ( 'NONE', #3971, #9387, #3069, .T. ) ;
#6738 = DIRECTION ( 'NONE',  ( -7.709882115452476934E-17, 0.000000000000000000, -1.000000000000000000 ) ) ;
#6739 = VECTOR ( 'NONE', #5603, 1000.000000000000000 ) ;
#6740 = DIRECTION ( 'NONE',  ( 1.000000000000000000, -0.000000000000000000, -7.709882115452476934E-17 ) ) ;
#6741 = LINE ( 'NONE', #6796, #3046 ) ;
#6742 = FACE_OUTER_BOUND ( 'NONE', #6446, .T. ) ;
#6743 = VECTOR ( 'NONE', #8146, 1000.000000000000000 ) ;
#6744 = DIRECTION ( 'NONE',  ( 0.8660254037844383745, 0.5000000000000004441, 0.000000000000000000 ) ) ;
#6745 = EDGE_LOOP ( 'NONE', ( #7165, #7161, #2465, #8405 ) ) ;
#6746 = AXIS2_PLACEMENT_3D ( 'NONE', #5326, #9533, #3007 ) ;
#6747 = VERTEX_POINT ( 'NONE', #8823 ) ;
#6748 = EDGE_LOOP ( 'NONE', ( #7372, #7309, #7984, #6779 ) ) ;
#6749 = LINE ( 'NONE', #5054, #5153 ) ;
#6750 = CARTESIAN_POINT ( 'NONE',  ( -40.60000000000001563, -11.19823799011144416, -31.24794293601151907 ) ) ;
#6751 = PLANE ( 'NONE',  #2166 ) ;
#6752 = CARTESIAN_POINT ( 'NONE',  ( -21.44924440733134219, 30.77350269189622267, 44.99999999999999289 ) ) ;
#6753 = DIRECTION ( 'NONE',  ( 0.8660254037844385966, -0.5000000000000002220, 0.000000000000000000 ) ) ;
#6754 = EDGE_CURVE ( 'NONE', #6994, #9264, #10347, .T. ) ;
#6755 = CARTESIAN_POINT ( 'NONE',  ( -45.00000000000002132, 18.88772481033656092, -37.17386661099703815 ) ) ;
#6756 = CARTESIAN_POINT ( 'NONE',  ( -40.60000000000001563, 9.482724823144923931, -43.18810238334572915 ) ) ;
#6757 = ORIENTED_EDGE ( 'NONE', *, *, #685, .T. ) ;
#6758 = CARTESIAN_POINT ( 'NONE',  ( -32.17386661099702394, 21.77447615628465982, -45.00000000000000711 ) ) ;
#6759 = EDGE_CURVE ( 'NONE', #8906, #1121, #2910, .T. ) ;
#6760 = LINE ( 'NONE', #2643, #3776 ) ;
#6761 = EDGE_LOOP ( 'NONE', ( #6653, #9578, #9370, #10122 ) ) ;
#6762 = EDGE_CURVE ( 'NONE', #5630, #5764, #4470, .T. ) ;
#6763 = FACE_BOUND ( 'NONE', #304, .T. ) ;
#6764 = VECTOR ( 'NONE', #7422, 999.9999999999998863 ) ;
#6765 = ORIENTED_EDGE ( 'NONE', *, *, #1138, .F. ) ;
#6766 = LINE ( 'NONE', #6870, #9217 ) ;
#6767 = DIRECTION ( 'NONE',  ( 1.000000000000000000, 6.009258394948641055E-16, 0.000000000000000000 ) ) ;
#6768 = FACE_OUTER_BOUND ( 'NONE', #7449, .T. ) ;
#6769 = DIRECTION ( 'NONE',  ( -6.009258394948640069E-16, 1.000000000000000000, 0.000000000000000000 ) ) ;
#6770 = DIRECTION ( 'NONE',  ( -0.000000000000000000, -0.000000000000000000, 1.000000000000000000 ) ) ;
#6771 = DIRECTION ( 'NONE',  ( -0.000000000000000000, -0.000000000000000000, 1.000000000000000000 ) ) ;
#6772 = ORIENTED_EDGE ( 'NONE', *, *, #5088, .F. ) ;
#6773 = EDGE_CURVE ( 'NONE', #8155, #2947, #3213, .T. ) ;
#6774 = ORIENTED_EDGE ( 'NONE', *, *, #563, .F. ) ;
#6775 = EDGE_CURVE ( 'NONE', #6621, #9561, #3321, .T. ) ;
#6776 = AXIS2_PLACEMENT_3D ( 'NONE', #10110, #4384, #5209 ) ;
#6777 = ORIENTED_EDGE ( 'NONE', *, *, #8927, .T. ) ;
#6778 = ORIENTED_EDGE ( 'NONE', *, *, #2777, .T. ) ;
#6779 = ORIENTED_EDGE ( 'NONE', *, *, #8431, .F. ) ;
#6780 = ORIENTED_EDGE ( 'NONE', *, *, #5077, .T. ) ;
#6781 = PLANE ( 'NONE',  #7793 ) ;
#6782 = CARTESIAN_POINT ( 'NONE',  ( 40.59999999999999432, 10.22747077249215941, -10.72462220366567820 ) ) ;
#6783 = DIRECTION ( 'NONE',  ( 0.000000000000000000, -0.5000000000000004441, 0.8660254037844382635 ) ) ;
#6784 = DIRECTION ( 'NONE',  ( -1.000000000000000000, 0.000000000000000000, 7.709882115452476934E-17 ) ) ;
#6785 = DIRECTION ( 'NONE',  ( 0.000000000000000000, 0.1908089953765452484, 0.9816271834476638647 ) ) ;
#6786 = VECTOR ( 'NONE', #339, 1000.000000000000114 ) ;
#6787 = DIRECTION ( 'NONE',  ( 0.8660254037844382635, 0.5000000000000007772, 0.000000000000000000 ) ) ;
#6788 = ADVANCED_FACE ( 'NONE', ( #4883 ), #8213, .F. ) ;
#6789 = EDGE_LOOP ( 'NONE', ( #122, #5393, #8001, #3374 ) ) ;
#6790 = EDGE_LOOP ( 'NONE', ( #2022, #3726, #8231, #10406 ) ) ;
#6791 = ADVANCED_FACE ( 'NONE', ( #6513 ), #35, .F. ) ;
#6792 = FACE_BOUND ( 'NONE', #1441, .T. ) ;
#6793 = ORIENTED_EDGE ( 'NONE', *, *, #1934, .F. ) ;
#6794 = LINE ( 'NONE', #9077, #4808 ) ;
#6795 = CARTESIAN_POINT ( 'NONE',  ( -45.00000000000001421, 31.11227518966342487, -5.724622203665674647 ) ) ;
#6796 = CARTESIAN_POINT ( 'NONE',  ( 40.60000000000001563, 0.1949295487797967075, -37.82579128151288472 ) ) ;
#6797 = DIRECTION ( 'NONE',  ( 1.000000000000000000, -0.000000000000000000, -7.709882115452476934E-17 ) ) ;
#6798 = ORIENTED_EDGE ( 'NONE', *, *, #4580, .T. ) ;
#6799 = ORIENTED_EDGE ( 'NONE', *, *, #7428, .F. ) ;
#6800 = VERTEX_POINT ( 'NONE', #736 ) ;
#6801 = VERTEX_POINT ( 'NONE', #1709 ) ;
#6802 = VECTOR ( 'NONE', #921, 999.9999999999998863 ) ;
#6803 = EDGE_CURVE ( 'NONE', #7167, #1193, #88, .T. ) ;
#6804 = CYLINDRICAL_SURFACE ( 'NONE', #6395, 2.999999999999998224 ) ;
#6805 = DIRECTION ( 'NONE',  ( -1.000000000000000000, 0.000000000000000000, 7.709882115452476934E-17 ) ) ;
#6806 = LINE ( 'NONE', #8607, #7496 ) ;
#6807 = CARTESIAN_POINT ( 'NONE',  ( -30.86759430765699364, 21.85702113901066568, -40.59999999999998721 ) ) ;
#6808 = LINE ( 'NONE', #10077, #3209 ) ;
#6809 = CARTESIAN_POINT ( 'NONE',  ( 42.99999999999995737, 0.000000000000000000, 44.99999999999999289 ) ) ;
#6810 = DIRECTION ( 'NONE',  ( 0.000000000000000000, -0.5000000000000005551, 0.8660254037844382635 ) ) ;
#6811 = ORIENTED_EDGE ( 'NONE', *, *, #6316, .T. ) ;
#6812 = PLANE ( 'NONE',  #204 ) ;
#6813 = CARTESIAN_POINT ( 'NONE',  ( 6.884854776271489727E-15, 19.22649730810373114, -45.00000000000000711 ) ) ;
#6814 = ORIENTED_EDGE ( 'NONE', *, *, #5476, .T. ) ;
#6815 = AXIS2_PLACEMENT_3D ( 'NONE', #4028, #2522, #8122 ) ;
#6816 = ORIENTED_EDGE ( 'NONE', *, *, #1038, .F. ) ;
#6817 = CARTESIAN_POINT ( 'NONE',  ( -45.00000000000001421, 27.88675134594813088, 5.000000000000002665 ) ) ;
#6818 = EDGE_CURVE ( 'NONE', #809, #2674, #6627, .T. ) ;
#6819 = DIRECTION ( 'NONE',  ( 6.009258394948641055E-16, -1.000000000000000000, 0.000000000000000000 ) ) ;
#6820 = VECTOR ( 'NONE', #3169, 1000.000000000000227 ) ;
#6821 = CARTESIAN_POINT ( 'NONE',  ( -10.72462220366566577, 21.77447615628465272, 44.99999999999999289 ) ) ;
#6822 = CARTESIAN_POINT ( 'NONE',  ( 12.40845790524376824, 0.000000000000000000, 5.317910530818775072 ) ) ;
#6823 = LINE ( 'NONE', #10194, #8364 ) ;
#6824 = PLANE ( 'NONE',  #2111 ) ;
#6825 = EDGE_LOOP ( 'NONE', ( #9627, #9833, #4233, #3298, #10309, #1260 ) ) ;
#6826 = VERTEX_POINT ( 'NONE', #9953 ) ;
#6827 = ORIENTED_EDGE ( 'NONE', *, *, #5193, .T. ) ;
#6828 = ORIENTED_EDGE ( 'NONE', *, *, #42, .F. ) ;
#6829 = EDGE_CURVE ( 'NONE', #7701, #7232, #2408, .T. ) ;
#6830 = VERTEX_POINT ( 'NONE', #1653 ) ;
#6831 = DIRECTION ( 'NONE',  ( 3.854941057726239700E-17, -0.8660254037844385966, 0.5000000000000003331 ) ) ;
#6832 = EDGE_CURVE ( 'NONE', #3142, #6346, #2510, .T. ) ;
#6833 = CARTESIAN_POINT ( 'NONE',  ( -40.60000000000001563, 5.271980294092699637, -40.75702789600868670 ) ) ;
#6834 = LINE ( 'NONE', #5519, #5448 ) ;
#6835 = LINE ( 'NONE', #5083, #6879 ) ;
#6836 = LINE ( 'NONE', #3745, #3498 ) ;
#6837 = ORIENTED_EDGE ( 'NONE', *, *, #6398, .F. ) ;
#6838 = ORIENTED_EDGE ( 'NONE', *, *, #6318, .T. ) ;
#6839 = CARTESIAN_POINT ( 'NONE',  ( 27.17386661099703460, 36.88577788155965465, 44.99999999999999289 ) ) ;
#6840 = EDGE_CURVE ( 'NONE', #5833, #9689, #5048, .T. ) ;
#6841 = ORIENTED_EDGE ( 'NONE', *, *, #7559, .T. ) ;
#6842 = VECTOR ( 'NONE', #3139, 999.9999999999998863 ) ;
#6843 = DIRECTION ( 'NONE',  ( 0.000000000000000000, 0.5000000000000005551, -0.8660254037844382635 ) ) ;
#6844 = VECTOR ( 'NONE', #3823, 1000.000000000000000 ) ;
#6845 = DIRECTION ( 'NONE',  ( 1.000000000000000000, 6.009258394948641055E-16, 0.000000000000000000 ) ) ;
#6846 = DIRECTION ( 'NONE',  ( -0.8660254037844381525, -0.5000000000000006661, 0.000000000000000000 ) ) ;
#6847 = CARTESIAN_POINT ( 'NONE',  ( -40.60000000000001563, 4.999999999999997335, -40.59999999999998721 ) ) ;
#6848 = ORIENTED_EDGE ( 'NONE', *, *, #6050, .T. ) ;
#6849 = ORIENTED_EDGE ( 'NONE', *, *, #4378, .T. ) ;
#6850 = AXIS2_PLACEMENT_3D ( 'NONE', #9961, #7517, #6582 ) ;
#6851 = ADVANCED_FACE ( 'NONE', ( #10646 ), #687, .F. ) ;
#6852 = ORIENTED_EDGE ( 'NONE', *, *, #5601, .T. ) ;
#6853 = VERTEX_POINT ( 'NONE', #3373 ) ;
#6854 = VECTOR ( 'NONE', #8986, 1000.000000000000000 ) ;
#6855 = AXIS2_PLACEMENT_3D ( 'NONE', #5011, #7407, #4950 ) ;
#6856 = FACE_OUTER_BOUND ( 'NONE', #10151, .T. ) ;
#6857 = VECTOR ( 'NONE', #10345, 1000.000000000000000 ) ;
#6858 = LINE ( 'NONE', #5275, #1607 ) ;
#6859 = CARTESIAN_POINT ( 'NONE',  ( 44.99999999999999289, 22.11324865405185491, 26.44924440733135285 ) ) ;
#6860 = CARTESIAN_POINT ( 'NONE',  ( -4.999999999999994671, 22.11324865405186202, 40.59999999999996589 ) ) ;
#6861 = CARTESIAN_POINT ( 'NONE',  ( -20.50528320582419539, 39.80507045122016052, -40.59999999999998721 ) ) ;
#6862 = CARTESIAN_POINT ( 'NONE',  ( 37.17386661099703815, 31.11227518966341421, -45.00000000000000711 ) ) ;
#6863 = ORIENTED_EDGE ( 'NONE', *, *, #9438, .F. ) ;
#6864 = PLANE ( 'NONE',  #1937 ) ;
#6865 = CARTESIAN_POINT ( 'NONE',  ( -45.00000000000002132, 27.88675134594812732, -26.44924440733135995 ) ) ;
#6866 = ADVANCED_FACE ( 'NONE', ( #5747 ), #6681, .F. ) ;
#6867 = ORIENTED_EDGE ( 'NONE', *, *, #6803, .F. ) ;
#6868 = ADVANCED_FACE ( 'NONE', ( #5698 ), #10009, .F. ) ;
#6869 = EDGE_LOOP ( 'NONE', ( #6564, #3616, #1026, #5026 ) ) ;
#6870 = CARTESIAN_POINT ( 'NONE',  ( 37.17386661099703815, 31.11227518966341421, -45.00000000000000711 ) ) ;
#6871 = LINE ( 'NONE', #6053, #8382 ) ;
#6872 = PLANE ( 'NONE',  #6331 ) ;
#6873 = LINE ( 'NONE', #6055, #3780 ) ;
#6874 = CARTESIAN_POINT ( 'NONE',  ( -40.60000000000001563, 21.77447615628469180, -32.17386661099703105 ) ) ;
#6875 = DIRECTION ( 'NONE',  ( 0.000000000000000000, 0.5000000000000002220, 0.8660254037844384856 ) ) ;
#6876 = EDGE_LOOP ( 'NONE', ( #8916, #1235, #7185, #7086, #8795, #2156 ) ) ;
#6877 = DIRECTION ( 'NONE',  ( 0.000000000000000000, -1.000000000000000000, 0.000000000000000000 ) ) ;
#6878 = VERTEX_POINT ( 'NONE', #9194 ) ;
#6879 = VECTOR ( 'NONE', #2829, 1000.000000000000000 ) ;
#6880 = ORIENTED_EDGE ( 'NONE', *, *, #10425, .T. ) ;
#6881 = ORIENTED_EDGE ( 'NONE', *, *, #10424, .F. ) ;
#6882 = VERTEX_POINT ( 'NONE', #3970 ) ;
#6883 = PLANE ( 'NONE',  #3113 ) ;
#6884 = DIRECTION ( 'NONE',  ( 4.506943796211493857E-16, -1.000000000000000000, 0.000000000000000000 ) ) ;
#6885 = DIRECTION ( 'NONE',  ( -1.000000000000000000, 0.000000000000000000, -8.673617379884025611E-17 ) ) ;
#6886 = DIRECTION ( 'NONE',  ( -0.000000000000000000, -0.000000000000000000, 1.000000000000000000 ) ) ;
#6887 = VERTEX_POINT ( 'NONE', #7287 ) ;
#6888 = LINE ( 'NONE', #9521, #7673 ) ;
#6889 = ADVANCED_FACE ( 'NONE', ( #8267 ), #6467, .F. ) ;
#6890 = EDGE_LOOP ( 'NONE', ( #10435, #765, #5051, #10423, #1210, #2014 ) ) ;
#6891 = EDGE_CURVE ( 'NONE', #9990, #10148, #1927, .T. ) ;
#6892 = EDGE_CURVE ( 'NONE', #9215, #10013, #7617, .T. ) ;
#6893 = ORIENTED_EDGE ( 'NONE', *, *, #4467, .T. ) ;
#6894 = ORIENTED_EDGE ( 'NONE', *, *, #6435, .T. ) ;
#6895 = DIRECTION ( 'NONE',  ( 3.854941057726242165E-17, 0.8660254037844383745, 0.5000000000000006661 ) ) ;
#6896 = ORIENTED_EDGE ( 'NONE', *, *, #9785, .T. ) ;
#6897 = LINE ( 'NONE', #6019, #3606 ) ;
#6898 = VECTOR ( 'NONE', #1935, 1000.000000000000000 ) ;
#6899 = AXIS2_PLACEMENT_3D ( 'NONE', #7822, #7993, #6239 ) ;
#6900 = DIRECTION ( 'NONE',  ( 0.000000000000000000, -0.5000000000000002220, -0.8660254037844384856 ) ) ;
#6901 = CARTESIAN_POINT ( 'NONE',  ( -40.60000000000001563, 8.855183586624200132, -42.82579128151289893 ) ) ;
#6902 = CARTESIAN_POINT ( 'NONE',  ( -16.44924440733134574, 22.11324865405184426, -45.00000000000000711 ) ) ;
#6903 = AXIS2_PLACEMENT_3D ( 'NONE', #7218, #8862, #3749 ) ;
#6904 = VERTEX_POINT ( 'NONE', #2037 ) ;
#6905 = EDGE_CURVE ( 'NONE', #7971, #1193, #4390, .T. ) ;
#6906 = VERTEX_POINT ( 'NONE', #362 ) ;
#6907 = AXIS2_PLACEMENT_3D ( 'NONE', #3646, #8485, #5099 ) ;
#6908 = ORIENTED_EDGE ( 'NONE', *, *, #10472, .F. ) ;
#6909 = ORIENTED_EDGE ( 'NONE', *, *, #8806, .T. ) ;
#6910 = VECTOR ( 'NONE', #1101, 999.9999999999998863 ) ;
#6911 = LINE ( 'NONE', #1773, #1888 ) ;
#6912 = AXIS2_PLACEMENT_3D ( 'NONE', #2904, #1236, #3703 ) ;
#6913 = DIRECTION ( 'NONE',  ( 0.8660254037844385966, -0.5000000000000002220, 0.000000000000000000 ) ) ;
#6914 = EDGE_CURVE ( 'NONE', #2823, #2070, #6026, .T. ) ;
#6915 = PLANE ( 'NONE',  #1344 ) ;
#6916 = CARTESIAN_POINT ( 'NONE',  ( 44.99999999999998579, 39.77252922750783171, -32.17386661099703815 ) ) ;
#6917 = VECTOR ( 'NONE', #9586, 999.9999999999998863 ) ;
#6918 = CARTESIAN_POINT ( 'NONE',  ( 38.79294667738516011, 0.000000000000000000, -40.00000000000001421 ) ) ;
#6919 = DIRECTION ( 'NONE',  ( -0.000000000000000000, -1.000000000000000000, -0.000000000000000000 ) ) ;
#6920 = VERTEX_POINT ( 'NONE', #1872 ) ;
#6921 = DIRECTION ( 'NONE',  ( 0.000000000000000000, 1.000000000000000000, 0.000000000000000000 ) ) ;
#6922 = DIRECTION ( 'NONE',  ( -1.000000000000000000, 0.000000000000000000, 7.709882115452476934E-17 ) ) ;
#6923 = ADVANCED_FACE ( 'NONE', ( #2679 ), #2730, .F. ) ;
#6924 = VECTOR ( 'NONE', #559, 999.9999999999998863 ) ;
#6925 = EDGE_LOOP ( 'NONE', ( #2808, #7343, #1276, #2360 ) ) ;
#6926 = EDGE_CURVE ( 'NONE', #6682, #6826, #197, .T. ) ;
#6927 = ADVANCED_FACE ( 'NONE', ( #4337 ), #5969, .F. ) ;
#6928 = CARTESIAN_POINT ( 'NONE',  ( 20.00000000000003197, 46.66904755831214402, 36.50000000000000711 ) ) ;
#6929 = CARTESIAN_POINT ( 'NONE',  ( 5.724622203665686193, 13.11422211844027608, -45.00000000000000711 ) ) ;
#6930 = LINE ( 'NONE', #6054, #10503 ) ;
#6931 = PLANE ( 'NONE',  #9342 ) ;
#6932 = LINE ( 'NONE', #388, #5053 ) ;
#6933 = EDGE_LOOP ( 'NONE', ( #3904, #390, #6935, #7047 ) ) ;
#6934 = CARTESIAN_POINT ( 'NONE',  ( -4.999999999999994671, 22.11324865405186202, -45.00000000000000711 ) ) ;
#6935 = ORIENTED_EDGE ( 'NONE', *, *, #504, .F. ) ;
#6936 = LINE ( 'NONE', #2930, #4829 ) ;
#6937 = EDGE_LOOP ( 'NONE', ( #1108, #3570, #2351, #1164 ) ) ;
#6938 = EDGE_CURVE ( 'NONE', #251, #7477, #5916, .T. ) ;
#6939 = ORIENTED_EDGE ( 'NONE', *, *, #9294, .F. ) ;
#6940 = ORIENTED_EDGE ( 'NONE', *, *, #1908, .F. ) ;
#6941 = ORIENTED_EDGE ( 'NONE', *, *, #8782, .F. ) ;
#6942 = DIRECTION ( 'NONE',  ( 0.000000000000000000, -0.5000000000000005551, 0.8660254037844382635 ) ) ;
#6943 = ADVANCED_FACE ( 'NONE', ( #4451 ), #303, .F. ) ;
#6944 = DIRECTION ( 'NONE',  ( -0.000000000000000000, -1.000000000000000000, -0.000000000000000000 ) ) ;
#6945 = LINE ( 'NONE', #4320, #4744 ) ;
#6946 = LINE ( 'NONE', #6070, #10177 ) ;
#6947 = VERTEX_POINT ( 'NONE', #9251 ) ;
#6948 = FACE_OUTER_BOUND ( 'NONE', #5029, .T. ) ;
#6949 = VECTOR ( 'NONE', #2601, 1000.000000000000000 ) ;
#6950 = EDGE_LOOP ( 'NONE', ( #1947, #9339, #4471, #3973, #703, #2620 ) ) ;
#6951 = EDGE_LOOP ( 'NONE', ( #9849, #1637, #8135, #90 ) ) ;
#6952 = PLANE ( 'NONE',  #5208 ) ;
#6953 = AXIS2_PLACEMENT_3D ( 'NONE', #6817, #4143, #3342 ) ;
#6954 = ORIENTED_EDGE ( 'NONE', *, *, #5386, .T. ) ;
#6955 = LINE ( 'NONE', #1229, #7087 ) ;
#6956 = FACE_OUTER_BOUND ( 'NONE', #8554, .T. ) ;
#6957 = EDGE_CURVE ( 'NONE', #7083, #6904, #3590, .T. ) ;
#6958 = CARTESIAN_POINT ( 'NONE',  ( -48.18810238334574336, 18.14297886098925261, 40.59999999999998721 ) ) ;
#6959 = LINE ( 'NONE', #5380, #3381 ) ;
#6960 = CARTESIAN_POINT ( 'NONE',  ( 40.59999999999999432, 31.11227518966342487, -27.17386661099703460 ) ) ;
#6961 = ORIENTED_EDGE ( 'NONE', *, *, #2927, .F. ) ;
#6962 = VERTEX_POINT ( 'NONE', #6960 ) ;
#6963 = EDGE_LOOP ( 'NONE', ( #5797, #10232, #5368, #4342 ) ) ;
#6964 = ADVANCED_FACE ( 'NONE', ( #6742 ), #10065, .F. ) ;
#6965 = LINE ( 'NONE', #2046, #6376 ) ;
#6966 = EDGE_CURVE ( 'NONE', #4769, #3244, #7784, .T. ) ;
#6967 = DIRECTION ( 'NONE',  ( -8.673617379884035472E-17, 0.000000000000000000, 1.000000000000000000 ) ) ;
#6968 = LINE ( 'NONE', #4572, #6857 ) ;
#6969 = LINE ( 'NONE', #1992, #10653 ) ;
#6970 = CARTESIAN_POINT ( 'NONE',  ( -36.22990540948983806, 12.56922586464554037, -40.59999999999998721 ) ) ;
#6971 =( BOUNDED_CURVE ( )  B_SPLINE_CURVE ( 3, ( #179, #5198, #2661, #6008 ),
 .UNSPECIFIED., .F., .T. ) 
 B_SPLINE_CURVE_WITH_KNOTS ( ( 4, 4 ),
 ( 0.7853981633974480570, 0.7996333279004363970 ),
 .UNSPECIFIED. ) 
 CURVE ( )  GEOMETRIC_REPRESENTATION_ITEM ( )  RATIONAL_B_SPLINE_CURVE ( ( 1.000000000000000000, 0.9999831134122540988, 0.9999831134122540988, 1.000000000000000000 ) ) 
 REPRESENTATION_ITEM ( '' )  );
#6972 =( NAMED_UNIT ( * ) PLANE_ANGLE_UNIT ( ) SI_UNIT ( $, .RADIAN. ) );
#6973 = ORIENTED_EDGE ( 'NONE', *, *, #8701, .F. ) ;
#6974 = DIRECTION ( 'NONE',  ( -0.000000000000000000, -0.000000000000000000, 1.000000000000000000 ) ) ;
#6975 = LINE ( 'NONE', #8556, #4276 ) ;
#6976 = VECTOR ( 'NONE', #8622, 999.9999999999998863 ) ;
#6977 = EDGE_LOOP ( 'NONE', ( #6114, #8133, #912, #1205 ) ) ;
#6978 = LINE ( 'NONE', #9603, #4298 ) ;
#6979 = ADVANCED_FACE ( 'NONE', ( #6137 ), #3533, .F. ) ;
#6980 = PLANE ( 'NONE',  #602 ) ;
#6981 = CARTESIAN_POINT ( 'NONE',  ( 44.99999999999998579, 31.11227518966342487, -5.724622203665681752 ) ) ;
#6982 = CARTESIAN_POINT ( 'NONE',  ( -40.60000000000001563, 39.77252922750783171, 10.72462220366567820 ) ) ;
#6983 = PLANE ( 'NONE',  #7322 ) ;
#6984 = VECTOR ( 'NONE', #7863, 1000.000000000000000 ) ;
#6985 = FACE_OUTER_BOUND ( 'NONE', #3485, .T. ) ;
#6986 = ORIENTED_EDGE ( 'NONE', *, *, #1822, .T. ) ;
#6987 = CARTESIAN_POINT ( 'NONE',  ( -45.00000000000001421, 18.88772481033656092, -37.17386661099703815 ) ) ;
#6988 = ORIENTED_EDGE ( 'NONE', *, *, #8060, .T. ) ;
#6989 = DIRECTION ( 'NONE',  ( 0.000000000000000000, -0.000000000000000000, 1.000000000000000000 ) ) ;
#6990 = ORIENTED_EDGE ( 'NONE', *, *, #5643, .F. ) ;
#6991 = ORIENTED_EDGE ( 'NONE', *, *, #8136, .T. ) ;
#6992 = ORIENTED_EDGE ( 'NONE', *, *, #4496, .F. ) ;
#6993 = VECTOR ( 'NONE', #269, 1000.000000000000000 ) ;
#6994 = VERTEX_POINT ( 'NONE', #6847 ) ;
#6995 = DIRECTION ( 'NONE',  ( -0.000000000000000000, -0.000000000000000000, 1.000000000000000000 ) ) ;
#6996 = DIRECTION ( 'NONE',  ( -0.000000000000000000, -0.000000000000000000, 1.000000000000000000 ) ) ;
#6997 = CARTESIAN_POINT ( 'NONE',  ( -5.724622203665652442, 5.000000000000018652, -40.59999999999998721 ) ) ;
#6998 = DIRECTION ( 'NONE',  ( -6.009258394948641055E-16, 1.000000000000000000, 0.000000000000000000 ) ) ;
#6999 = ORIENTED_EDGE ( 'NONE', *, *, #6595, .T. ) ;
#7000 = CARTESIAN_POINT ( 'NONE',  ( -20.00000000000001421, -5.000000000000000000, -36.50000000000002132 ) ) ;
#7001 = ADVANCED_FACE ( 'NONE', ( #9366 ), #4227, .F. ) ;
#7002 = EDGE_LOOP ( 'NONE', ( #8446, #9267, #9828, #836 ) ) ;
#7003 = EDGE_LOOP ( 'NONE', ( #1922, #1239, #1712, #10651 ) ) ;
#7004 = DIRECTION ( 'NONE',  ( -0.8660254037844384856, -0.5000000000000004441, 0.000000000000000000 ) ) ;
#7005 = ORIENTED_EDGE ( 'NONE', *, *, #8518, .T. ) ;
#7006 = CARTESIAN_POINT ( 'NONE',  ( 40.60000000000001563, 13.93223433193710648, -45.75702789600869380 ) ) ;
#7007 = PLANE ( 'NONE',  #10010 ) ;
#7008 = CARTESIAN_POINT ( 'NONE',  ( -45.00000000000002132, 18.88772481033656803, 27.17386661099703105 ) ) ;
#7009 = ORIENTED_EDGE ( 'NONE', *, *, #6398, .T. ) ;
#7010 = CARTESIAN_POINT ( 'NONE',  ( -37.17386661099703105, 31.11227518966341421, 44.99999999999999289 ) ) ;
#7011 = CARTESIAN_POINT ( 'NONE',  ( 20.00000000000002842, -5.000000000000000000, 20.00000000000000355 ) ) ;
#7012 = ORIENTED_EDGE ( 'NONE', *, *, #6676, .F. ) ;
#7013 = CARTESIAN_POINT ( 'NONE',  ( 32.17386661099703815, 21.77447615628465627, 40.59999999999998721 ) ) ;
#7014 = VERTEX_POINT ( 'NONE', #8430 ) ;
#7015 = AXIS2_PLACEMENT_3D ( 'NONE', #4548, #4375, #286 ) ;
#7016 = EDGE_CURVE ( 'NONE', #3420, #8577, #2628, .T. ) ;
#7017 = ORIENTED_EDGE ( 'NONE', *, *, #1142, .T. ) ;
#7018 = DIRECTION ( 'NONE',  ( -0.000000000000000000, -1.000000000000000000, -0.000000000000000000 ) ) ;
#7019 = FACE_OUTER_BOUND ( 'NONE', #1605, .T. ) ;
#7020 = LINE ( 'NONE', #6261, #4939 ) ;
#7021 = CARTESIAN_POINT ( 'NONE',  ( -42.82579128151288472, 8.855183586624116643, -40.59999999999998721 ) ) ;
#7022 = DIRECTION ( 'NONE',  ( -0.000000000000000000, -0.000000000000000000, 1.000000000000000000 ) ) ;
#7023 = VECTOR ( 'NONE', #3026, 1000.000000000000000 ) ;
#7024 = LINE ( 'NONE', #3924, #2895 ) ;
#7025 = ORIENTED_EDGE ( 'NONE', *, *, #10030, .T. ) ;
#7026 = DIRECTION ( 'NONE',  ( -7.709882115452476934E-17, 0.000000000000000000, -1.000000000000000000 ) ) ;
#7027 = ADVANCED_FACE ( 'NONE', ( #4719 ), #10492, .F. ) ;
#7028 = VECTOR ( 'NONE', #1117, 1000.000000000000000 ) ;
#7029 = ADVANCED_FACE ( 'NONE', ( #8008 ), #7128, .F. ) ;
#7030 = EDGE_CURVE ( 'NONE', #2880, #10033, #7953, .T. ) ;
#7031 = VECTOR ( 'NONE', #4239, 1000.000000000000000 ) ;
#7032 = ORIENTED_EDGE ( 'NONE', *, *, #3801, .T. ) ;
#7033 = DIRECTION ( 'NONE',  ( 4.506943796211494843E-16, -1.000000000000000000, 0.000000000000000000 ) ) ;
#7034 = CARTESIAN_POINT ( 'NONE',  ( -10.83278071092710348, -5.000000000000000000, -10.04494211376877644 ) ) ;
#7035 = CARTESIAN_POINT ( 'NONE',  ( -20.00000000000001776, -5.000000000000000000, 19.99999999999998934 ) ) ;
#7036 = VECTOR ( 'NONE', #1723, 1000.000000000000000 ) ;
#7037 = LINE ( 'NONE', #9556, #2565 ) ;
#7038 = CARTESIAN_POINT ( 'NONE',  ( -40.60000000000001563, 18.77052009751004746, -48.55041348517858069 ) ) ;
#7039 = CARTESIAN_POINT ( 'NONE',  ( -45.00000000000001421, 36.88577788155969728, -37.17386661099703815 ) ) ;
#7040 = ORIENTED_EDGE ( 'NONE', *, *, #7141, .T. ) ;
#7041 = FACE_OUTER_BOUND ( 'NONE', #5750, .T. ) ;
#7042 = ORIENTED_EDGE ( 'NONE', *, *, #5496, .T. ) ;
#7043 = DIRECTION ( 'NONE',  ( 0.000000000000000000, 1.000000000000000000, -0.000000000000000000 ) ) ;
#7044 = VERTEX_POINT ( 'NONE', #8873 ) ;
#7045 = VECTOR ( 'NONE', #7173, 999.9999999999998863 ) ;
#7046 = EDGE_CURVE ( 'NONE', #9246, #1814, #4618, .T. ) ;
#7047 = ORIENTED_EDGE ( 'NONE', *, *, #2386, .F. ) ;
#7048 = VERTEX_POINT ( 'NONE', #7893 ) ;
#7049 = DIRECTION ( 'NONE',  ( -0.8660254037844385966, 0.5000000000000002220, 0.000000000000000000 ) ) ;
#7050 = DIRECTION ( 'NONE',  ( 0.000000000000000000, 0.000000000000000000, 1.000000000000000000 ) ) ;
#7051 = EDGE_LOOP ( 'NONE', ( #8971, #92, #10175, #1876 ) ) ;
#7052 = LINE ( 'NONE', #1269, #7298 ) ;
#7053 = LINE ( 'NONE', #10372, #10715 ) ;
#7054 = PLANE ( 'NONE',  #9642 ) ;
#7055 = CARTESIAN_POINT ( 'NONE',  ( 1.387778780781445676E-14, 30.77350269189624399, -45.00000000000000711 ) ) ;
#7056 = EDGE_LOOP ( 'NONE', ( #4792, #879, #5044, #5823, #6672, #4968 ) ) ;
#7057 = CARTESIAN_POINT ( 'NONE',  ( 15.72462220366568175, 36.88577788155966886, 44.99999999999999289 ) ) ;
#7058 = EDGE_CURVE ( 'NONE', #8394, #2611, #1286, .T. ) ;
#7059 = ORIENTED_EDGE ( 'NONE', *, *, #173, .F. ) ;
#7060 = DIRECTION ( 'NONE',  ( 0.000000000000000000, -1.000000000000000000, 0.000000000000000000 ) ) ;
#7061 = VERTEX_POINT ( 'NONE', #10444 ) ;
#7062 = CARTESIAN_POINT ( 'NONE',  ( 27.17386661099703460, 18.88772481033651474, -45.00000000000000711 ) ) ;
#7063 = FACE_BOUND ( 'NONE', #8085, .T. ) ;
#7064 = EDGE_CURVE ( 'NONE', #10254, #9449, #5484, .T. ) ;
#7065 = EDGE_CURVE ( 'NONE', #4822, #7367, #1443, .T. ) ;
#7066 = PLANE ( 'NONE',  #4770 ) ;
#7067 = CARTESIAN_POINT ( 'NONE',  ( -32.17386661099702394, 10.22747077249215231, -45.00000000000000711 ) ) ;
#7068 = CARTESIAN_POINT ( 'NONE',  ( -4.999999999999997335, 27.88675134594810245, -45.00000000000000711 ) ) ;
#7069 = ORIENTED_EDGE ( 'NONE', *, *, #3115, .T. ) ;
#7070 = LINE ( 'NONE', #7841, #8315 ) ;
#7071 = LINE ( 'NONE', #8714, #9722 ) ;
#7072 = VERTEX_POINT ( 'NONE', #8709 ) ;
#7073 = ADVANCED_FACE ( 'NONE', ( #2098 ), #6304, .F. ) ;
#7074 = ORIENTED_EDGE ( 'NONE', *, *, #5440, .T. ) ;
#7075 = AXIS2_PLACEMENT_3D ( 'NONE', #2675, #8319, #947 ) ;
#7076 = VECTOR ( 'NONE', #6599, 1000.000000000000000 ) ;
#7077 = PLANE ( 'NONE',  #3255 ) ;
#7078 = EDGE_CURVE ( 'NONE', #4037, #10332, #475, .T. ) ;
#7079 = FACE_OUTER_BOUND ( 'NONE', #10467, .T. ) ;
#7080 = CARTESIAN_POINT ( 'NONE',  ( -45.00000000000002132, 18.88772481033656092, 5.724622203665675535 ) ) ;
#7081 = FACE_OUTER_BOUND ( 'NONE', #1568, .T. ) ;
#7082 = CARTESIAN_POINT ( 'NONE',  ( -45.00000000000002132, 10.22747077249216652, 32.17386661099703815 ) ) ;
#7083 = VERTEX_POINT ( 'NONE', #7068 ) ;
#7084 = CARTESIAN_POINT ( 'NONE',  ( 40.60000000000001563, 36.88577788155969728, 27.17386661099702749 ) ) ;
#7085 = AXIS2_PLACEMENT_3D ( 'NONE', #4680, #2162, #1404 ) ;
#7086 = ORIENTED_EDGE ( 'NONE', *, *, #42, .T. ) ;
#7087 = VECTOR ( 'NONE', #243, 999.9999999999998863 ) ;
#7088 = ORIENTED_EDGE ( 'NONE', *, *, #1038, .T. ) ;
#7089 = CIRCLE ( 'NONE', #1905, 16.50000000000000000 ) ;
#7090 = ORIENTED_EDGE ( 'NONE', *, *, #1303, .T. ) ;
#7091 = EDGE_CURVE ( 'NONE', #8688, #4811, #8652, .T. ) ;
#7092 = DIRECTION ( 'NONE',  ( -0.000000000000000000, -1.000000000000000000, -0.000000000000000000 ) ) ;
#7093 = LINE ( 'NONE', #5604, #4562 ) ;
#7094 = VECTOR ( 'NONE', #5447, 999.9999999999998863 ) ;
#7095 = CARTESIAN_POINT ( 'NONE',  ( -37.17386661099703105, 36.88577788155965465, -45.00000000000000711 ) ) ;
#7096 = CARTESIAN_POINT ( 'NONE',  ( 0.000000000000000000, 0.000000000000000000, 0.000000000000000000 ) ) ;
#7097 = DIRECTION ( 'NONE',  ( -1.000000000000000000, 0.000000000000000000, 0.000000000000000000 ) ) ;
#7098 = LINE ( 'NONE', #2982, #5465 ) ;
#7099 = VERTEX_POINT ( 'NONE', #2255 ) ;
#7100 = EDGE_CURVE ( 'NONE', #6199, #7498, #2958, .T. ) ;
#7101 = DIRECTION ( 'NONE',  ( 0.8660254037844384856, -0.5000000000000001110, 0.000000000000000000 ) ) ;
#7102 = ORIENTED_EDGE ( 'NONE', *, *, #1173, .T. ) ;
#7103 = LINE ( 'NONE', #2986, #1047 ) ;
#7104 = ORIENTED_EDGE ( 'NONE', *, *, #9598, .F. ) ;
#7105 = VECTOR ( 'NONE', #2712, 1000.000000000000000 ) ;
#7106 = VECTOR ( 'NONE', #10082, 1000.000000000000000 ) ;
#7107 = ORIENTED_EDGE ( 'NONE', *, *, #8388, .F. ) ;
#7108 = ORIENTED_EDGE ( 'NONE', *, *, #1303, .F. ) ;
#7109 = VERTEX_POINT ( 'NONE', #6409 ) ;
#7110 = DIRECTION ( 'NONE',  ( 0.8660254037844383745, 0.5000000000000004441, 0.000000000000000000 ) ) ;
#7111 = FACE_OUTER_BOUND ( 'NONE', #2681, .T. ) ;
#7112 = CARTESIAN_POINT ( 'NONE',  ( 27.17386661099703460, 18.88772481033651474, -45.00000000000000711 ) ) ;
#7113 = EDGE_CURVE ( 'NONE', #8181, #7537, #1233, .T. ) ;
#7114 = CARTESIAN_POINT ( 'NONE',  ( -45.00000000000002132, 10.22747077249216652, 32.17386661099703815 ) ) ;
#7115 = ORIENTED_EDGE ( 'NONE', *, *, #2858, .F. ) ;
#7116 = DIRECTION ( 'NONE',  ( 0.5000000000000004441, -0.8660254037844384856, 0.000000000000000000 ) ) ;
#7117 = EDGE_CURVE ( 'NONE', #938, #1181, #8763, .T. ) ;
#7118 = AXIS2_PLACEMENT_3D ( 'NONE', #6081, #3329, #6635 ) ;
#7119 = VERTEX_POINT ( 'NONE', #9637 ) ;
#7120 = PLANE ( 'NONE',  #4645 ) ;
#7121 = ORIENTED_EDGE ( 'NONE', *, *, #6504, .F. ) ;
#7122 = VECTOR ( 'NONE', #2229, 1000.000000000000000 ) ;
#7123 = DIRECTION ( 'NONE',  ( 4.506943796211494843E-16, -1.000000000000000000, 0.000000000000000000 ) ) ;
#7124 = LINE ( 'NONE', #5584, #1691 ) ;
#7125 = EDGE_CURVE ( 'NONE', #66, #6719, #6358, .T. ) ;
#7126 = FACE_OUTER_BOUND ( 'NONE', #4331, .T. ) ;
#7127 = FACE_OUTER_BOUND ( 'NONE', #7139, .T. ) ;
#7128 = PLANE ( 'NONE',  #2 ) ;
#7129 = ORIENTED_EDGE ( 'NONE', *, *, #4025, .F. ) ;
#7130 = VECTOR ( 'NONE', #8443, 1000.000000000000227 ) ;
#7131 = CARTESIAN_POINT ( 'NONE',  ( -21.90009595609620519, 0.5472603780549738506, -3.582155912854214197 ) ) ;
#7132 = EDGE_CURVE ( 'NONE', #2043, #5694, #7175, .T. ) ;
#7133 = DIRECTION ( 'NONE',  ( -0.000000000000000000, -1.000000000000000000, -0.000000000000000000 ) ) ;
#7134 = CARTESIAN_POINT ( 'NONE',  ( -24.28974596215562087, 33.25018867790191734, -40.59999999999998721 ) ) ;
#7135 = CARTESIAN_POINT ( 'NONE',  ( 40.60000000000001563, 4.999999999999997335, 26.44924440733135285 ) ) ;
#7136 = DIRECTION ( 'NONE',  ( -0.8660254037844381525, -0.5000000000000006661, 0.000000000000000000 ) ) ;
#7137 = LINE ( 'NONE', #2109, #7920 ) ;
#7138 = VERTEX_POINT ( 'NONE', #7228 ) ;
#7139 = EDGE_LOOP ( 'NONE', ( #5838, #10229, #2167, #4157 ) ) ;
#7140 = EDGE_CURVE ( 'NONE', #578, #9465, #9743, .T. ) ;
#7141 = EDGE_CURVE ( 'NONE', #6057, #2755, #9358, .T. ) ;
#7142 = ORIENTED_EDGE ( 'NONE', *, *, #4332, .T. ) ;
#7143 = LINE ( 'NONE', #7917, #2433 ) ;
#7144 = DIRECTION ( 'NONE',  ( 0.4999999999999995004, 0.8660254037844389297, 0.000000000000000000 ) ) ;
#7145 = CARTESIAN_POINT ( 'NONE',  ( -40.00000000000003553, 0.000000000000000000, 37.05511844965698742 ) ) ;
#7146 = DIRECTION ( 'NONE',  ( -4.506943796211494843E-16, 1.000000000000000000, 0.000000000000000000 ) ) ;
#7147 = CARTESIAN_POINT ( 'NONE',  ( -40.60000000000001563, 27.88675134594813088, 5.000000000000002665 ) ) ;
#7148 = LINE ( 'NONE', #3031, #2702 ) ;
#7149 = ORIENTED_EDGE ( 'NONE', *, *, #972, .F. ) ;
#7150 = CARTESIAN_POINT ( 'NONE',  ( -40.60000000000001563, 4.999999999999997335, 27.17386661099702749 ) ) ;
#7151 = ORIENTED_EDGE ( 'NONE', *, *, #868, .T. ) ;
#7152 = VECTOR ( 'NONE', #727, 1000.000000000000000 ) ;
#7153 = EDGE_LOOP ( 'NONE', ( #9408, #94, #581, #3243, #10320, #10531 ) ) ;
#7154 = ORIENTED_EDGE ( 'NONE', *, *, #1977, .F. ) ;
#7155 = ADVANCED_FACE ( 'NONE', ( #730 ), #5689, .F. ) ;
#7156 = DIRECTION ( 'NONE',  ( 0.000000000000000000, -0.5000000000000002220, -0.8660254037844385966 ) ) ;
#7157 = VECTOR ( 'NONE', #2762, 1000.000000000000000 ) ;
#7158 = DIRECTION ( 'NONE',  ( 0.000000000000000000, 1.000000000000000000, -0.000000000000000000 ) ) ;
#7159 = FACE_OUTER_BOUND ( 'NONE', #3679, .T. ) ;
#7160 = DIRECTION ( 'NONE',  ( -0.5000000000000002220, -0.8660254037844385966, 0.000000000000000000 ) ) ;
#7161 = ORIENTED_EDGE ( 'NONE', *, *, #9373, .T. ) ;
#7162 = FACE_OUTER_BOUND ( 'NONE', #9667, .T. ) ;
#7163 = ORIENTED_EDGE ( 'NONE', *, *, #677, .T. ) ;
#7164 = VECTOR ( 'NONE', #57, 1000.000000000000114 ) ;
#7165 = ORIENTED_EDGE ( 'NONE', *, *, #1417, .F. ) ;
#7166 = EDGE_CURVE ( 'NONE', #9791, #6368, #2454, .T. ) ;
#7167 = VERTEX_POINT ( 'NONE', #3154 ) ;
#7168 = EDGE_CURVE ( 'NONE', #4049, #3841, #6508, .T. ) ;
#7169 = FACE_OUTER_BOUND ( 'NONE', #7884, .T. ) ;
#7170 = ORIENTED_EDGE ( 'NONE', *, *, #3315, .T. ) ;
#7171 = CARTESIAN_POINT ( 'NONE',  ( 5.724622203665683529, 36.88577788155965465, -45.00000000000000711 ) ) ;
#7172 = LINE ( 'NONE', #10329, #9677 ) ;
#7173 = DIRECTION ( 'NONE',  ( 0.8660254037844385966, -0.5000000000000002220, 0.000000000000000000 ) ) ;
#7174 = LINE ( 'NONE', #9690, #8506 ) ;
#7175 = LINE ( 'NONE', #9691, #6396 ) ;
#7176 = ORIENTED_EDGE ( 'NONE', *, *, #10257, .F. ) ;
#7177 = EDGE_CURVE ( 'NONE', #10445, #9625, #6561, .T. ) ;
#7178 = EDGE_CURVE ( 'NONE', #2619, #3231, #5793, .T. ) ;
#7179 = DIRECTION ( 'NONE',  ( 0.000000000000000000, -0.5000000000000002220, -0.8660254037844384856 ) ) ;
#7180 = PLANE ( 'NONE',  #5626 ) ;
#7181 = DIRECTION ( 'NONE',  ( -0.5000000000000007772, 0.8660254037844382635, 0.000000000000000000 ) ) ;
#7182 = CARTESIAN_POINT ( 'NONE',  ( 27.17386661099703815, 13.11422211844027608, 44.99999999999999289 ) ) ;
#7183 = ORIENTED_EDGE ( 'NONE', *, *, #7914, .T. ) ;
#7184 = EDGE_CURVE ( 'NONE', #8560, #578, #4010, .T. ) ;
#7185 = ORIENTED_EDGE ( 'NONE', *, *, #6267, .T. ) ;
#7186 = ORIENTED_EDGE ( 'NONE', *, *, #8636, .T. ) ;
#7187 = DIRECTION ( 'NONE',  ( -0.5000000000000007772, 0.8660254037844382635, 0.000000000000000000 ) ) ;
#7188 = VECTOR ( 'NONE', #114, 999.9999999999998863 ) ;
#7189 = CARTESIAN_POINT ( 'NONE',  ( -12.34958651482141789, 53.93115149115826767, 40.59999999999998721 ) ) ;
#7190 = PLANE ( 'NONE',  #7729 ) ;
#7191 = CARTESIAN_POINT ( 'NONE',  ( -40.39471679417584937, 4.644439057571910112, -40.59999999999998721 ) ) ;
#7192 = EDGE_CURVE ( 'NONE', #1482, #9297, #9890, .T. ) ;
#7193 = DIRECTION ( 'NONE',  ( 0.000000000000000000, 0.000000000000000000, 1.000000000000000000 ) ) ;
#7194 = DIRECTION ( 'NONE',  ( 0.000000000000000000, -0.5000000000000004441, 0.8660254037844382635 ) ) ;
#7195 = ORIENTED_EDGE ( 'NONE', *, *, #4831, .F. ) ;
#7196 = DIRECTION ( 'NONE',  ( -0.000000000000000000, -1.000000000000000000, -0.000000000000000000 ) ) ;
#7197 = VECTOR ( 'NONE', #302, 1000.000000000000000 ) ;
#7198 = DIRECTION ( 'NONE',  ( 1.000000000000000000, 6.009258394948641055E-16, 0.000000000000000000 ) ) ;
#7199 = ORIENTED_EDGE ( 'NONE', *, *, #944, .F. ) ;
#7200 = VECTOR ( 'NONE', #10513, 1000.000000000000000 ) ;
#7201 = VERTEX_POINT ( 'NONE', #1646 ) ;
#7202 = VERTEX_POINT ( 'NONE', #8969 ) ;
#7203 = ORIENTED_EDGE ( 'NONE', *, *, #6552, .T. ) ;
#7204 = VECTOR ( 'NONE', #153, 1000.000000000000000 ) ;
#7205 = VECTOR ( 'NONE', #6919, 1000.000000000000000 ) ;
#7206 = PLANE ( 'NONE',  #901 ) ;
#7207 = DIRECTION ( 'NONE',  ( 0.000000000000000000, -1.000000000000000000, 0.000000000000000000 ) ) ;
#7208 = CARTESIAN_POINT ( 'NONE',  ( 37.05511844965707269, 0.000000000000000000, -40.00000000000002842 ) ) ;
#7209 = FACE_OUTER_BOUND ( 'NONE', #3336, .T. ) ;
#7210 = CARTESIAN_POINT ( 'NONE',  ( 40.59999999999999432, 36.88577788155969728, 15.72462220366567465 ) ) ;
#7211 = VECTOR ( 'NONE', #1057, 1000.000000000000000 ) ;
#7212 = ORIENTED_EDGE ( 'NONE', *, *, #5101, .T. ) ;
#7213 = CIRCLE ( 'NONE', #1510, 16.50000000000000000 ) ;
#7214 = ORIENTED_EDGE ( 'NONE', *, *, #4509, .F. ) ;
#7215 = ORIENTED_EDGE ( 'NONE', *, *, #8036, .F. ) ;
#7216 = ORIENTED_EDGE ( 'NONE', *, *, #367, .T. ) ;
#7217 = EDGE_CURVE ( 'NONE', #5204, #5540, #5736, .T. ) ;
#7218 = CARTESIAN_POINT ( 'NONE',  ( -45.00000000000002132, 39.77252922750783171, 32.17386661099703105 ) ) ;
#7219 = ORIENTED_EDGE ( 'NONE', *, *, #4745, .F. ) ;
#7220 = DIRECTION ( 'NONE',  ( -0.000000000000000000, -0.000000000000000000, 1.000000000000000000 ) ) ;
#7221 = FACE_BOUND ( 'NONE', #6591, .T. ) ;
#7222 = EDGE_CURVE ( 'NONE', #8179, #8378, #5639, .T. ) ;
#7223 = LINE ( 'NONE', #9838, #8210 ) ;
#7224 = DIRECTION ( 'NONE',  ( 4.506943796211494843E-16, -1.000000000000000000, 0.000000000000000000 ) ) ;
#7225 = ORIENTED_EDGE ( 'NONE', *, *, #3181, .F. ) ;
#7226 = ADVANCED_FACE ( 'NONE', ( #4824 ), #5588, .F. ) ;
#7227 = FACE_OUTER_BOUND ( 'NONE', #6745, .T. ) ;
#7228 = CARTESIAN_POINT ( 'NONE',  ( 5.724622203665686193, 31.11227518966341421, 44.99999999999999289 ) ) ;
#7229 = VERTEX_POINT ( 'NONE', #6669 ) ;
#7230 = ADVANCED_FACE ( 'NONE', ( #2400 ), #8313, .F. ) ;
#7231 = VECTOR ( 'NONE', #9786, 1000.000000000000000 ) ;
#7232 = VERTEX_POINT ( 'NONE', #4060 ) ;
#7233 = DIRECTION ( 'NONE',  ( 0.000000000000000000, -0.5000000000000002220, -0.8660254037844384856 ) ) ;
#7234 = ADVANCED_FACE ( 'NONE', ( #4875 ), #4167, .F. ) ;
#7235 = PLANE ( 'NONE',  #8938 ) ;
#7236 = PLANE ( 'NONE',  #1721 ) ;
#7237 = EDGE_CURVE ( 'NONE', #5919, #2985, #3256, .T. ) ;
#7238 = DIRECTION ( 'NONE',  ( 0.000000000000000000, -0.5000000000000004441, 0.8660254037844382635 ) ) ;
#7239 = ORIENTED_EDGE ( 'NONE', *, *, #5111, .T. ) ;
#7240 = ORIENTED_EDGE ( 'NONE', *, *, #959, .F. ) ;
#7241 = ORIENTED_EDGE ( 'NONE', *, *, #2874, .T. ) ;
#7242 = EDGE_CURVE ( 'NONE', #143, #7255, #833, .T. ) ;
#7243 = EDGE_LOOP ( 'NONE', ( #7596, #4644, #9702, #14, #447, #4151, #823, #731 ) ) ;
#7244 = CARTESIAN_POINT ( 'NONE',  ( -45.00000000000002132, 31.11227518966342487, 37.17386661099703815 ) ) ;
#7245 = CARTESIAN_POINT ( 'NONE',  ( -5.724622203665668430, 13.11422211844027608, -45.00000000000000711 ) ) ;
#7246 = CARTESIAN_POINT ( 'NONE',  ( -40.60000000000001563, 45.00000000000000000, -40.59999999999998721 ) ) ;
#7247 = CARTESIAN_POINT ( 'NONE',  ( -45.00000000000001421, 31.11227518966343553, -15.72462220366567820 ) ) ;
#7248 = VECTOR ( 'NONE', #6644, 1000.000000000000114 ) ;
#7249 = CARTESIAN_POINT ( 'NONE',  ( -27.17386661099702749, 18.88772481033653960, -45.00000000000000711 ) ) ;
#7250 = EDGE_CURVE ( 'NONE', #5726, #10426, #6616, .T. ) ;
#7251 = CARTESIAN_POINT ( 'NONE',  ( -45.00000000000001421, 28.22552384371529755, -10.72462220366567109 ) ) ;
#7252 = ORIENTED_EDGE ( 'NONE', *, *, #5931, .F. ) ;
#7253 = CARTESIAN_POINT ( 'NONE',  ( 5.000000000000002665, 27.88675134594812022, -45.00000000000000711 ) ) ;
#7254 = CARTESIAN_POINT ( 'NONE',  ( -10.72462220366566754, 28.22552384371528333, -40.59999999999998721 ) ) ;
#7255 = VERTEX_POINT ( 'NONE', #8107 ) ;
#7256 = AXIS2_PLACEMENT_3D ( 'NONE', #6192, #9527, #7888 ) ;
#7257 = VERTEX_POINT ( 'NONE', #678 ) ;
#7258 = VECTOR ( 'NONE', #5492, 1000.000000000000000 ) ;
#7259 = VERTEX_POINT ( 'NONE', #3961 ) ;
#7260 = EDGE_CURVE ( 'NONE', #3349, #6346, #7281, .T. ) ;
#7261 = LINE ( 'NONE', #8234, #1430 ) ;
#7262 = AXIS2_PLACEMENT_3D ( 'NONE', #9622, #10429, #1322 ) ;
#7263 = DIRECTION ( 'NONE',  ( 0.000000000000000000, -0.5000000000000002220, -0.8660254037844384856 ) ) ;
#7264 = LINE ( 'NONE', #6238, #7719 ) ;
#7265 = LINE ( 'NONE', #4146, #1384 ) ;
#7266 = PLANE ( 'NONE',  #6449 ) ;
#7267 = AXIS2_PLACEMENT_3D ( 'NONE', #990, #9991, #8578 ) ;
#7268 = VECTOR ( 'NONE', #1466, 999.9999999999998863 ) ;
#7269 = ORIENTED_EDGE ( 'NONE', *, *, #8441, .F. ) ;
#7270 = ORIENTED_EDGE ( 'NONE', *, *, #4189, .F. ) ;
#7271 = EDGE_LOOP ( 'NONE', ( #9381, #5256, #9538, #3135, #9185, #2846 ) ) ;
#7272 = VECTOR ( 'NONE', #532, 1000.000000000000000 ) ;
#7273 = EDGE_CURVE ( 'NONE', #7664, #2915, #6113, .T. ) ;
#7274 = DIRECTION ( 'NONE',  ( 0.4999999999999995004, 0.8660254037844389297, 0.000000000000000000 ) ) ;
#7275 = VERTEX_POINT ( 'NONE', #1903 ) ;
#7276 = PLANE ( 'NONE',  #2576 ) ;
#7277 = FACE_BOUND ( 'NONE', #9127, .T. ) ;
#7278 = LINE ( 'NONE', #9069, #5428 ) ;
#7279 = LINE ( 'NONE', #1644, #9813 ) ;
#7280 = ORIENTED_EDGE ( 'NONE', *, *, #208, .T. ) ;
#7281 = LINE ( 'NONE', #5191, #2260 ) ;
#7282 = ORIENTED_EDGE ( 'NONE', *, *, #5706, .F. ) ;
#7283 = VECTOR ( 'NONE', #9915, 1000.000000000000114 ) ;
#7284 = EDGE_CURVE ( 'NONE', #6654, #1388, #502, .T. ) ;
#7285 = DIRECTION ( 'NONE',  ( 0.000000000000000000, 0.5000000000000002220, 0.8660254037844385966 ) ) ;
#7286 = DIRECTION ( 'NONE',  ( 1.000000000000000000, 6.009258394948641055E-16, 0.000000000000000000 ) ) ;
#7287 = CARTESIAN_POINT ( 'NONE',  ( -39.02809845431143998, -5.000000000000000000, -36.08321690396843451 ) ) ;
#7288 = ORIENTED_EDGE ( 'NONE', *, *, #6914, .T. ) ;
#7289 = DIRECTION ( 'NONE',  ( -0.7071067811865471286, 0.000000000000000000, -0.7071067811865479058 ) ) ;
#7290 = VERTEX_POINT ( 'NONE', #5244 ) ;
#7291 = VECTOR ( 'NONE', #2325, 1000.000000000000000 ) ;
#7292 = PRODUCT ( 'Palet_lid', 'Palet_lid', '', ( #6030 ) ) ;
#7293 = ORIENTED_EDGE ( 'NONE', *, *, #3136, .T. ) ;
#7294 = ORIENTED_EDGE ( 'NONE', *, *, #7113, .F. ) ;
#7295 = ADVANCED_FACE ( 'NONE', ( #1202 ), #2819, .F. ) ;
#7296 = EDGE_CURVE ( 'NONE', #9733, #4970, #6936, .T. ) ;
#7297 = CARTESIAN_POINT ( 'NONE',  ( 40.59999999999999432, 13.11422211844029739, -37.17386661099704526 ) ) ;
#7298 = VECTOR ( 'NONE', #10371, 1000.000000000000227 ) ;
#7299 = LINE ( 'NONE', #4134, #6820 ) ;
#7300 = CARTESIAN_POINT ( 'NONE',  ( 16.44924440733136350, 22.11324865405184426, -45.00000000000000711 ) ) ;
#7301 = CARTESIAN_POINT ( 'NONE',  ( -37.17386661099703105, 31.11227518966341421, -45.00000000000000711 ) ) ;
#7302 = LINE ( 'NONE', #1308, #3167 ) ;
#7303 = PLANE ( 'NONE',  #5294 ) ;
#7304 = ORIENTED_EDGE ( 'NONE', *, *, #9220, .T. ) ;
#7305 = CARTESIAN_POINT ( 'NONE',  ( -40.60000000000001563, -2.537983952267045318, -36.24794293601153328 ) ) ;
#7306 = DIRECTION ( 'NONE',  ( 0.000000000000000000, -1.000000000000000000, 0.000000000000000000 ) ) ;
#7307 = ORIENTED_EDGE ( 'NONE', *, *, #4097, .F. ) ;
#7308 = ORIENTED_EDGE ( 'NONE', *, *, #8807, .T. ) ;
#7309 = ORIENTED_EDGE ( 'NONE', *, *, #6169, .T. ) ;
#7310 = ADVANCED_FACE ( 'NONE', ( #448 ), #3784, .F. ) ;
#7311 = FACE_OUTER_BOUND ( 'NONE', #5194, .T. ) ;
#7312 = CARTESIAN_POINT ( 'NONE',  ( -40.60000000000001563, 53.30361025463752611, -12.71189761665420370 ) ) ;
#7313 = DIRECTION ( 'NONE',  ( 0.000000000000000000, 0.000000000000000000, -1.000000000000000000 ) ) ;
#7314 = CARTESIAN_POINT ( 'NONE',  ( 37.17386661099703815, 13.11422211844027608, -40.59999999999998721 ) ) ;
#7315 = CARTESIAN_POINT ( 'NONE',  ( -45.00000000000002132, 10.22747077249215941, 10.72462220366568530 ) ) ;
#7316 = VECTOR ( 'NONE', #6354, 1000.000000000000000 ) ;
#7317 = ORIENTED_EDGE ( 'NONE', *, *, #4694, .F. ) ;
#7318 = EDGE_LOOP ( 'NONE', ( #8176, #6690, #2467, #6588 ) ) ;
#7319 = ORIENTED_EDGE ( 'NONE', *, *, #6618, .T. ) ;
#7320 = ORIENTED_EDGE ( 'NONE', *, *, #7722, .F. ) ;
#7321 = ORIENTED_EDGE ( 'NONE', *, *, #9153, .F. ) ;
#7322 = AXIS2_PLACEMENT_3D ( 'NONE', #6108, #3563, #9446 ) ;
#7323 = FACE_OUTER_BOUND ( 'NONE', #8260, .T. ) ;
#7324 = VERTEX_POINT ( 'NONE', #1091 ) ;
#7325 = FACE_OUTER_BOUND ( 'NONE', #4576, .T. ) ;
#7326 = CARTESIAN_POINT ( 'NONE',  ( 37.17386661099703815, 13.11422211844027608, -45.00000000000000711 ) ) ;
#7327 = FACE_OUTER_BOUND ( 'NONE', #5419, .T. ) ;
#7328 = DIRECTION ( 'NONE',  ( -0.8660254037844381525, -0.5000000000000006661, 0.000000000000000000 ) ) ;
#7329 = LINE ( 'NONE', #2303, #8804 ) ;
#7330 = ORIENTED_EDGE ( 'NONE', *, *, #4846, .T. ) ;
#7331 = DIRECTION ( 'NONE',  ( 0.000000000000000000, 0.000000000000000000, -1.000000000000000000 ) ) ;
#7332 = EDGE_CURVE ( 'NONE', #3971, #877, #8571, .T. ) ;
#7333 = ORIENTED_EDGE ( 'NONE', *, *, #7178, .F. ) ;
#7334 = ORIENTED_EDGE ( 'NONE', *, *, #8157, .F. ) ;
#7335 = VECTOR ( 'NONE', #4842, 1000.000000000000000 ) ;
#7336 = CARTESIAN_POINT ( 'NONE',  ( -45.00000000000002132, 27.88675134594812732, 26.44924440733135995 ) ) ;
#7337 = CARTESIAN_POINT ( 'NONE',  ( -26.44924440733134574, 22.11324865405184426, -45.00000000000000711 ) ) ;
#7338 = DIRECTION ( 'NONE',  ( 0.000000000000000000, -1.000000000000000000, 0.000000000000000000 ) ) ;
#7339 = ORIENTED_EDGE ( 'NONE', *, *, #1705, .T. ) ;
#7340 = CARTESIAN_POINT ( 'NONE',  ( 40.60000000000001563, 21.85702113901066213, -30.86759430765695811 ) ) ;
#7341 = ORIENTED_EDGE ( 'NONE', *, *, #7390, .T. ) ;
#7342 = EDGE_LOOP ( 'NONE', ( #2116, #8142, #468, #6226, #8391, #2933 ) ) ;
#7343 = ORIENTED_EDGE ( 'NONE', *, *, #8988, .T. ) ;
#7344 = LINE ( 'NONE', #792, #5416 ) ;
#7345 = DIRECTION ( 'NONE',  ( -0.000000000000000000, -0.000000000000000000, -1.000000000000000000 ) ) ;
#7346 = LINE ( 'NONE', #5008, #4752 ) ;
#7347 = CARTESIAN_POINT ( 'NONE',  ( -45.00000000000001421, 39.77252922750783171, -32.17386661099703105 ) ) ;
#7348 = ADVANCED_FACE ( 'NONE', ( #3566 ), #6170, .F. ) ;
#7349 = CARTESIAN_POINT ( 'NONE',  ( 32.17386661099703815, 39.77252922750778907, -45.00000000000000711 ) ) ;
#7350 = CARTESIAN_POINT ( 'NONE',  ( -45.00000000000001421, 10.22747077249215941, -10.72462220366567109 ) ) ;
#7351 = ORIENTED_EDGE ( 'NONE', *, *, #6545, .T. ) ;
#7352 = PLANE ( 'NONE',  #5376 ) ;
#7353 = EDGE_CURVE ( 'NONE', #8329, #627, #3620, .T. ) ;
#7354 = DIRECTION ( 'NONE',  ( -4.506943796211494843E-16, 1.000000000000000000, 0.000000000000000000 ) ) ;
#7355 = ORIENTED_EDGE ( 'NONE', *, *, #2955, .F. ) ;
#7356 = ADVANCED_FACE ( 'NONE', ( #1313 ), #10199, .F. ) ;
#7357 = ORIENTED_EDGE ( 'NONE', *, *, #3644, .T. ) ;
#7358 = CIRCLE ( 'NONE', #3367, 16.50000000000000355 ) ;
#7359 = ORIENTED_EDGE ( 'NONE', *, *, #2044, .F. ) ;
#7360 = CARTESIAN_POINT ( 'NONE',  ( 10.72462220366569241, 39.77252922750778907, 40.59999999999998721 ) ) ;
#7361 = CARTESIAN_POINT ( 'NONE',  ( -45.00000000000001421, 10.22747077249215941, -32.17386661099702394 ) ) ;
#7362 = AXIS2_PLACEMENT_3D ( 'NONE', #7337, #586, #3068 ) ;
#7363 = CARTESIAN_POINT ( 'NONE',  ( -36.08321690396844161, -5.000000000000000000, 39.02809845431138314 ) ) ;
#7364 = DIRECTION ( 'NONE',  ( -0.000000000000000000, -0.000000000000000000, 1.000000000000000000 ) ) ;
#7365 = CARTESIAN_POINT ( 'NONE',  ( -48.18810238334574336, 18.14297886098925261, -40.59999999999998721 ) ) ;
#7366 = ORIENTED_EDGE ( 'NONE', *, *, #1946, .F. ) ;
#7367 = VERTEX_POINT ( 'NONE', #1145 ) ;
#7368 = EDGE_CURVE ( 'NONE', #1129, #1009, #331, .T. ) ;
#7369 = AXIS2_PLACEMENT_3D ( 'NONE', #10191, #3503, #2760 ) ;
#7370 = VECTOR ( 'NONE', #2173, 1000.000000000000000 ) ;
#7371 = VERTEX_POINT ( 'NONE', #4482 ) ;
#7372 = ORIENTED_EDGE ( 'NONE', *, *, #5032, .T. ) ;
#7373 = VECTOR ( 'NONE', #3835, 999.9999999999998863 ) ;
#7374 = ORIENTED_EDGE ( 'NONE', *, *, #8914, .F. ) ;
#7375 = LINE ( 'NONE', #1692, #3622 ) ;
#7376 = EDGE_LOOP ( 'NONE', ( #1831, #2271, #8574, #2952 ) ) ;
#7377 = AXIS2_PLACEMENT_3D ( 'NONE', #1349, #10451, #538 ) ;
#7378 = DIRECTION ( 'NONE',  ( 0.8660254037844383745, 0.5000000000000004441, 0.000000000000000000 ) ) ;
#7379 = EDGE_CURVE ( 'NONE', #7653, #1106, #3676, .T. ) ;
#7380 = FACE_BOUND ( 'NONE', #605, .T. ) ;
#7381 = CARTESIAN_POINT ( 'NONE',  ( 27.17386661099703460, 36.88577788155965465, 44.99999999999999289 ) ) ;
#7382 = PLANE ( 'NONE',  #5738 ) ;
#7383 = FACE_OUTER_BOUND ( 'NONE', #8086, .T. ) ;
#7384 = EDGE_LOOP ( 'NONE', ( #10389, #2031, #1223, #2766 ) ) ;
#7385 = AXIS2_PLACEMENT_3D ( 'NONE', #3493, #6097, #6810 ) ;
#7386 = CARTESIAN_POINT ( 'NONE',  ( -45.00000000000001421, 31.11227518966342487, -27.17386661099702749 ) ) ;
#7387 = ORIENTED_EDGE ( 'NONE', *, *, #7874, .T. ) ;
#7388 = ORIENTED_EDGE ( 'NONE', *, *, #8536, .T. ) ;
#7389 = EDGE_CURVE ( 'NONE', #4394, #10360, #7089, .T. ) ;
#7390 = EDGE_CURVE ( 'NONE', #6171, #9441, #1261, .T. ) ;
#7391 = LINE ( 'NONE', #10596, #1676 ) ;
#7392 = LINE ( 'NONE', #9845, #113 ) ;
#7393 = CARTESIAN_POINT ( 'NONE',  ( 5.724622203665686193, 31.11227518966341421, -45.00000000000000711 ) ) ;
#7394 = VECTOR ( 'NONE', #2121, 999.9999999999998863 ) ;
#7395 = ORIENTED_EDGE ( 'NONE', *, *, #1437, .F. ) ;
#7396 = DIRECTION ( 'NONE',  ( -0.000000000000000000, -0.000000000000000000, 1.000000000000000000 ) ) ;
#7397 = VERTEX_POINT ( 'NONE', #7814 ) ;
#7398 = VECTOR ( 'NONE', #4873, 1000.000000000000000 ) ;
#7399 = EDGE_CURVE ( 'NONE', #5442, #8943, #4538, .T. ) ;
#7400 = ORIENTED_EDGE ( 'NONE', *, *, #1297, .T. ) ;
#7401 = EDGE_CURVE ( 'NONE', #5475, #8078, #8626, .T. ) ;
#7402 = CARTESIAN_POINT ( 'NONE',  ( -45.00000000000001421, 27.88675134594812732, -26.44924440733135640 ) ) ;
#7403 = FACE_OUTER_BOUND ( 'NONE', #1687, .T. ) ;
#7404 = CARTESIAN_POINT ( 'NONE',  ( -45.00000000000001421, 31.11227518966343553, -15.72462220366567820 ) ) ;
#7405 = LINE ( 'NONE', #7247, #6854 ) ;
#7406 = LINE ( 'NONE', #10709, #524 ) ;
#7407 = DIRECTION ( 'NONE',  ( 0.5000000000000004441, -0.8660254037844384856, 0.000000000000000000 ) ) ;
#7408 = ORIENTED_EDGE ( 'NONE', *, *, #5232, .T. ) ;
#7409 = CARTESIAN_POINT ( 'NONE',  ( -45.00000000000001421, 31.11227518966342487, 15.72462220366568175 ) ) ;
#7410 = DIRECTION ( 'NONE',  ( 0.000000000000000000, 0.5000000000000002220, 0.8660254037844384856 ) ) ;
#7411 = VERTEX_POINT ( 'NONE', #7702 ) ;
#7412 = ORIENTED_EDGE ( 'NONE', *, *, #4369, .F. ) ;
#7413 = AXIS2_PLACEMENT_3D ( 'NONE', #194, #1704, #5800 ) ;
#7414 = DIRECTION ( 'NONE',  ( -1.000000000000000000, 0.000000000000000000, 7.709882115452476934E-17 ) ) ;
#7415 = VECTOR ( 'NONE', #2541, 1000.000000000000000 ) ;
#7416 = EDGE_CURVE ( 'NONE', #3935, #5273, #275, .T. ) ;
#7417 = PLANE ( 'NONE',  #9944 ) ;
#7418 = DIRECTION ( 'NONE',  ( 0.8660254037844383745, 0.5000000000000003331, 0.000000000000000000 ) ) ;
#7419 = LINE ( 'NONE', #8185, #4800 ) ;
#7420 = CARTESIAN_POINT ( 'NONE',  ( 15.72462220366569596, 5.000000000000031086, 40.59999999999998721 ) ) ;
#7421 = VECTOR ( 'NONE', #1484, 999.9999999999998863 ) ;
#7422 = DIRECTION ( 'NONE',  ( 0.8660254037844385966, -0.5000000000000002220, 0.000000000000000000 ) ) ;
#7423 = EDGE_LOOP ( 'NONE', ( #6483, #4071, #1696, #5229 ) ) ;
#7424 = ORIENTED_EDGE ( 'NONE', *, *, #10363, .F. ) ;
#7425 = VECTOR ( 'NONE', #10502, 1000.000000000000227 ) ;
#7426 = EDGE_LOOP ( 'NONE', ( #4040, #7069, #9173, #422 ) ) ;
#7427 = VECTOR ( 'NONE', #7207, 1000.000000000000000 ) ;
#7428 = EDGE_CURVE ( 'NONE', #2733, #6214, #4794, .T. ) ;
#7429 = CARTESIAN_POINT ( 'NONE',  ( -19.84341385151803649, 1.943855280000272634, -3.500557259748210637 ) ) ;
#7430 = VECTOR ( 'NONE', #6531, 1000.000000000000000 ) ;
#7431 = ADVANCED_FACE ( 'NONE', ( #9666 ), #10419, .F. ) ;
#7432 = DIRECTION ( 'NONE',  ( 7.709882115452476934E-17, 0.000000000000000000, 1.000000000000000000 ) ) ;
#7433 = DIRECTION ( 'NONE',  ( 0.9191450300180580291, 0.000000000000000000, 0.3939192985791675761 ) ) ;
#7434 = DIRECTION ( 'NONE',  ( 4.506943796211494843E-16, -1.000000000000000000, 0.000000000000000000 ) ) ;
#7435 = VECTOR ( 'NONE', #3914, 999.9999999999998863 ) ;
#7436 = DIRECTION ( 'NONE',  ( 0.000000000000000000, -0.5000000000000005551, 0.8660254037844382635 ) ) ;
#7437 = CARTESIAN_POINT ( 'NONE',  ( -20.00000000000001421, 46.66904755831214402, -20.00000000000001421 ) ) ;
#7438 = ORIENTED_EDGE ( 'NONE', *, *, #2618, .T. ) ;
#7439 = CARTESIAN_POINT ( 'NONE',  ( 21.44924440733137061, 30.77350269189622267, 44.99999999999999289 ) ) ;
#7440 = ORIENTED_EDGE ( 'NONE', *, *, #8867, .F. ) ;
#7441 = AXIS2_PLACEMENT_3D ( 'NONE', #3626, #7989, #10312 ) ;
#7442 = EDGE_LOOP ( 'NONE', ( #1867, #8280, #9132, #8464 ) ) ;
#7443 = EDGE_CURVE ( 'NONE', #16, #7201, #1517, .T. ) ;
#7444 = ORIENTED_EDGE ( 'NONE', *, *, #3801, .F. ) ;
#7445 = CARTESIAN_POINT ( 'NONE',  ( 5.724622203665686193, 13.11422211844027608, -45.00000000000000711 ) ) ;
#7446 = LINE ( 'NONE', #4935, #983 ) ;
#7447 = LINE ( 'NONE', #34, #4408 ) ;
#7448 = DIRECTION ( 'NONE',  ( 0.000000000000000000, -1.000000000000000000, 0.000000000000000000 ) ) ;
#7449 = EDGE_LOOP ( 'NONE', ( #9043, #4262, #8645, #10147 ) ) ;
#7450 = DIRECTION ( 'NONE',  ( 0.4999999999999995004, 0.8660254037844389297, 0.000000000000000000 ) ) ;
#7451 = VERTEX_POINT ( 'NONE', #4696 ) ;
#7452 = ADVANCED_FACE ( 'NONE', ( #10470 ), #4643, .F. ) ;
#7453 = VERTEX_POINT ( 'NONE', #7254 ) ;
#7454 = PLANE ( 'NONE',  #7118 ) ;
#7455 = AXIS2_PLACEMENT_3D ( 'NONE', #3837, #3727, #3033 ) ;
#7456 = PLANE ( 'NONE',  #6815 ) ;
#7457 = CARTESIAN_POINT ( 'NONE',  ( -45.00000000000002132, 10.22747077249215941, 10.72462220366568530 ) ) ;
#7458 = PLANE ( 'NONE',  #10507 ) ;
#7459 = CARTESIAN_POINT ( 'NONE',  ( -27.17386661099702749, 36.88577788155966886, 44.99999999999999289 ) ) ;
#7460 = DIRECTION ( 'NONE',  ( 1.000000000000000000, -0.000000000000000000, -7.709882115452476934E-17 ) ) ;
#7461 = ORIENTED_EDGE ( 'NONE', *, *, #9725, .T. ) ;
#7462 = CARTESIAN_POINT ( 'NONE',  ( -10.72462220366566754, 10.22747077249214520, -45.00000000000000711 ) ) ;
#7463 = CARTESIAN_POINT ( 'NONE',  ( -45.00000000000001421, 22.11324865405186202, 5.000000000000002665 ) ) ;
#7464 = ORIENTED_EDGE ( 'NONE', *, *, #8827, .T. ) ;
#7465 = EDGE_CURVE ( 'NONE', #2339, #3569, #1567, .T. ) ;
#7466 = ADVANCED_FACE ( 'NONE', ( #7983 ), #5508, .F. ) ;
#7467 = PRODUCT_DEFINITION_SHAPE ( 'NONE', 'NONE',  #7850 ) ;
#7468 = CARTESIAN_POINT ( 'NONE',  ( 21.44924440733137061, 30.77350269189622978, -45.00000000000000711 ) ) ;
#7469 = EDGE_LOOP ( 'NONE', ( #2164, #2150 ) ) ;
#7470 = VECTOR ( 'NONE', #6052, 1000.000000000000000 ) ;
#7471 = LINE ( 'NONE', #6709, #9732 ) ;
#7472 = CYLINDRICAL_SURFACE ( 'NONE', #2485, 16.50000000000000355 ) ;
#7473 = CARTESIAN_POINT ( 'NONE',  ( -35.75340584961782042, -6.124303798041303537, 35.75340584961776358 ) ) ;
#7474 = DIRECTION ( 'NONE',  ( 0.000000000000000000, -0.5000000000000004441, 0.8660254037844382635 ) ) ;
#7475 = CARTESIAN_POINT ( 'NONE',  ( -40.60000000000001563, 18.88772481033656803, 27.17386661099703105 ) ) ;
#7476 = LINE ( 'NONE', #4909, #718 ) ;
#7477 = VERTEX_POINT ( 'NONE', #8844 ) ;
#7478 = ORIENTED_EDGE ( 'NONE', *, *, #3218, .T. ) ;
#7479 = ORIENTED_EDGE ( 'NONE', *, *, #3617, .T. ) ;
#7480 = EDGE_CURVE ( 'NONE', #334, #6882, #2375, .T. ) ;
#7481 = ORIENTED_EDGE ( 'NONE', *, *, #6307, .F. ) ;
#7482 = EDGE_LOOP ( 'NONE', ( #6386, #2646, #6629, #5025, #6062, #7908 ) ) ;
#7483 = ORIENTED_EDGE ( 'NONE', *, *, #3287, .F. ) ;
#7484 = CARTESIAN_POINT ( 'NONE',  ( -45.00000000000002132, 10.22747077249216652, 32.17386661099703815 ) ) ;
#7485 = DIRECTION ( 'NONE',  ( 0.8660254037844383745, 0.5000000000000004441, 0.000000000000000000 ) ) ;
#7486 = CARTESIAN_POINT ( 'NONE',  ( -14.28758280088804966, -5.000000000000002665, -0.9332857743154486796 ) ) ;
#7487 = DIRECTION ( 'NONE',  ( -0.8660254037844381525, -0.5000000000000006661, 0.000000000000000000 ) ) ;
#7488 = FACE_OUTER_BOUND ( 'NONE', #4317, .T. ) ;
#7489 = CARTESIAN_POINT ( 'NONE',  ( 3.745854521482260058, 0.000000000000000000, 22.83773761351901399 ) ) ;
#7490 = EDGE_LOOP ( 'NONE', ( #4312, #9197, #1780, #6940 ) ) ;
#7491 = EDGE_CURVE ( 'NONE', #6112, #8531, #8031, .T. ) ;
#7492 = DIRECTION ( 'NONE',  ( -6.009258394948641055E-16, 1.000000000000000000, -0.000000000000000000 ) ) ;
#7493 = ORIENTED_EDGE ( 'NONE', *, *, #2154, .F. ) ;
#7494 = EDGE_CURVE ( 'NONE', #1053, #6906, #6432, .T. ) ;
#7495 = EDGE_CURVE ( 'NONE', #5930, #6947, #3884, .T. ) ;
#7496 = VECTOR ( 'NONE', #10126, 999.9999999999998863 ) ;
#7497 = EDGE_CURVE ( 'NONE', #9947, #8738, #554, .T. ) ;
#7498 = VERTEX_POINT ( 'NONE', #10519 ) ;
#7499 = ORIENTED_EDGE ( 'NONE', *, *, #4498, .T. ) ;
#7500 = CARTESIAN_POINT ( 'NONE',  ( -45.00000000000001421, 28.22552384371529755, -32.17386661099702394 ) ) ;
#7501 = VECTOR ( 'NONE', #872, 999.9999999999998863 ) ;
#7502 = PLANE ( 'NONE',  #2533 ) ;
#7503 = DIRECTION ( 'NONE',  ( 1.000000000000000000, -0.000000000000000000, -7.709882115452476934E-17 ) ) ;
#7504 = DIRECTION ( 'NONE',  ( -0.000000000000000000, -0.000000000000000000, 1.000000000000000000 ) ) ;
#7505 = EDGE_LOOP ( 'NONE', ( #8116, #7800, #445, #7412 ) ) ;
#7506 = LINE ( 'NONE', #5648, #300 ) ;
#7507 = ORIENTED_EDGE ( 'NONE', *, *, #1398, .T. ) ;
#7508 = EDGE_CURVE ( 'NONE', #6071, #1148, #4850, .T. ) ;
#7509 = VERTEX_POINT ( 'NONE', #9814 ) ;
#7510 = EDGE_LOOP ( 'NONE', ( #8952, #9718, #7774, #9970, #2824, #8195 ) ) ;
#7511 = VERTEX_POINT ( 'NONE', #5660 ) ;
#7512 = VECTOR ( 'NONE', #2171, 1000.000000000000000 ) ;
#7513 = DIRECTION ( 'NONE',  ( 0.000000000000000000, 0.5000000000000006661, -0.8660254037844383745 ) ) ;
#7514 = DIRECTION ( 'NONE',  ( -0.8660254037844382635, -0.5000000000000006661, 0.000000000000000000 ) ) ;
#7515 = DIRECTION ( 'NONE',  ( 0.000000000000000000, 0.5000000000000002220, 0.8660254037844385966 ) ) ;
#7516 = ADVANCED_FACE ( 'NONE', ( #3084 ), #6382, .F. ) ;
#7517 = DIRECTION ( 'NONE',  ( -3.854941057726242781E-17, -0.8660254037844383745, -0.5000000000000006661 ) ) ;
#7518 = LINE ( 'NONE', #99, #1660 ) ;
#7519 = LINE ( 'NONE', #962, #5066 ) ;
#7520 = CARTESIAN_POINT ( 'NONE',  ( 26.44924440733137416, 27.88675134594809180, 44.99999999999999289 ) ) ;
#7521 = VERTEX_POINT ( 'NONE', #8178 ) ;
#7522 = DIRECTION ( 'NONE',  ( -0.8660254037844389297, 0.4999999999999995004, 0.000000000000000000 ) ) ;
#7523 = DIRECTION ( 'NONE',  ( 1.000000000000000000, 6.009258394948641055E-16, 0.000000000000000000 ) ) ;
#7524 = ORIENTED_EDGE ( 'NONE', *, *, #567, .T. ) ;
#7525 = DIRECTION ( 'NONE',  ( 0.000000000000000000, 0.000000000000000000, -1.000000000000000000 ) ) ;
#7526 = EDGE_CURVE ( 'NONE', #10679, #741, #9720, .T. ) ;
#7527 = EDGE_CURVE ( 'NONE', #6882, #1710, #7103, .T. ) ;
#7528 = CARTESIAN_POINT ( 'NONE',  ( -5.724622203665671094, 18.88772481033653250, -45.00000000000000711 ) ) ;
#7529 = CARTESIAN_POINT ( 'NONE',  ( 19.76512771830453374, 1.999999999999975797, 3.501671751013949230 ) ) ;
#7530 = CARTESIAN_POINT ( 'NONE',  ( -37.82104513169655036, -5.000000000000000888, 39.02809845431139024 ) ) ;
#7531 = LINE ( 'NONE', #2761, #10379 ) ;
#7532 = CARTESIAN_POINT ( 'NONE',  ( -10.72462220366566754, 10.22747077249214520, -45.00000000000000711 ) ) ;
#7533 = CARTESIAN_POINT ( 'NONE',  ( -20.00000000000001066, 1.832738110421949784, -3.500000000000013323 ) ) ;
#7534 = EDGE_LOOP ( 'NONE', ( #2286, #5527, #332, #8338 ) ) ;
#7535 = ORIENTED_EDGE ( 'NONE', *, *, #5631, .F. ) ;
#7536 = VECTOR ( 'NONE', #10154, 1000.000000000000000 ) ;
#7537 = VERTEX_POINT ( 'NONE', #8939 ) ;
#7538 = EDGE_LOOP ( 'NONE', ( #8778, #2558, #2241, #5568 ) ) ;
#7539 = ORIENTED_EDGE ( 'NONE', *, *, #7900, .T. ) ;
#7540 = ORIENTED_EDGE ( 'NONE', *, *, #3434, .F. ) ;
#7541 = FACE_BOUND ( 'NONE', #4537, .T. ) ;
#7542 = CARTESIAN_POINT ( 'NONE',  ( -10.72462220366566754, 10.22747077249214520, -45.00000000000000711 ) ) ;
#7543 = FACE_BOUND ( 'NONE', #2987, .T. ) ;
#7544 = LINE ( 'NONE', #6725, #142 ) ;
#7545 = DIRECTION ( 'NONE',  ( 0.000000000000000000, 1.000000000000000000, 0.000000000000000000 ) ) ;
#7546 = VECTOR ( 'NONE', #6094, 1000.000000000000000 ) ;
#7547 = PLANE ( 'NONE',  #9117 ) ;
#7548 = ORIENTED_EDGE ( 'NONE', *, *, #6518, .T. ) ;
#7549 = VERTEX_POINT ( 'NONE', #9614 ) ;
#7550 = VECTOR ( 'NONE', #2161, 1000.000000000000000 ) ;
#7551 = EDGE_CURVE ( 'NONE', #8448, #4260, #8792, .T. ) ;
#7552 = VECTOR ( 'NONE', #7739, 1000.000000000000000 ) ;
#7553 = EDGE_CURVE ( 'NONE', #8329, #902, #2589, .T. ) ;
#7554 = CARTESIAN_POINT ( 'NONE',  ( -45.00000000000002132, 10.22747077249215941, 10.72462220366568530 ) ) ;
#7555 = ORIENTED_EDGE ( 'NONE', *, *, #2073, .T. ) ;
#7556 = CARTESIAN_POINT ( 'NONE',  ( 44.99999999999997868, 45.00000000000000000, -43.00000000000000000 ) ) ;
#7557 = ADVANCED_FACE ( 'NONE', ( #3285 ), #8444, .F. ) ;
#7558 = VECTOR ( 'NONE', #9964, 1000.000000000000000 ) ;
#7559 = EDGE_CURVE ( 'NONE', #1204, #1129, #914, .T. ) ;
#7560 = CARTESIAN_POINT ( 'NONE',  ( 5.000000000000006217, 22.11324865405186202, -45.00000000000000711 ) ) ;
#7561 = DIRECTION ( 'NONE',  ( -0.000000000000000000, -0.000000000000000000, 1.000000000000000000 ) ) ;
#7562 = DIRECTION ( 'NONE',  ( 1.000000000000000000, 6.009258394948641055E-16, 0.000000000000000000 ) ) ;
#7563 = VECTOR ( 'NONE', #5324, 999.9999999999998863 ) ;
#7564 = LINE ( 'NONE', #10276, #7746 ) ;
#7565 = VERTEX_POINT ( 'NONE', #4954 ) ;
#7566 = COLOUR_RGB ( '',0.7921568627450980005, 0.8196078431372548767, 0.9333333333333333481 ) ;
#7567 = ORIENTED_EDGE ( 'NONE', *, *, #8098, .T. ) ;
#7568 = ORIENTED_EDGE ( 'NONE', *, *, #8419, .T. ) ;
#7569 = CARTESIAN_POINT ( 'NONE',  ( 35.75340584961784174, -6.124303798041323077, 35.75340584961777068 ) ) ;
#7570 = ADVANCED_FACE ( 'NONE', ( #9967 ), #4086, .F. ) ;
#7571 = CARTESIAN_POINT ( 'NONE',  ( -45.00000000000002132, 30.77350269189626175, 21.44924440733135640 ) ) ;
#7572 = LINE ( 'NONE', #2034, #9346 ) ;
#7573 = EDGE_CURVE ( 'NONE', #3466, #134, #8227, .T. ) ;
#7574 = DIRECTION ( 'NONE',  ( -0.000000000000000000, -0.000000000000000000, 1.000000000000000000 ) ) ;
#7575 = DIRECTION ( 'NONE',  ( -0.8660254037844382635, -0.5000000000000006661, 0.000000000000000000 ) ) ;
#7576 = LINE ( 'NONE', #10021, #7204 ) ;
#7577 = FACE_OUTER_BOUND ( 'NONE', #4409, .T. ) ;
#7578 = DIRECTION ( 'NONE',  ( 0.000000000000000000, 0.000000000000000000, 1.000000000000000000 ) ) ;
#7579 = ORIENTED_EDGE ( 'NONE', *, *, #10090, .T. ) ;
#7580 = DIRECTION ( 'NONE',  ( -0.8660254037844381525, -0.5000000000000006661, 0.000000000000000000 ) ) ;
#7581 = CARTESIAN_POINT ( 'NONE',  ( -32.17386661099702394, 39.77252922750778907, 44.99999999999999289 ) ) ;
#7582 = ORIENTED_EDGE ( 'NONE', *, *, #9671, .F. ) ;
#7583 = AXIS2_PLACEMENT_3D ( 'NONE', #1751, #10636, #3199 ) ;
#7584 = ORIENTED_EDGE ( 'NONE', *, *, #1736, .F. ) ;
#7585 = CARTESIAN_POINT ( 'NONE',  ( -40.60000000000001563, 13.11422211844029384, 37.17386661099703815 ) ) ;
#7586 = ADVANCED_FACE ( 'NONE', ( #9212 ), #6590, .F. ) ;
#7587 = DIRECTION ( 'NONE',  ( 0.000000000000000000, -0.5000000000000006661, 0.8660254037844383745 ) ) ;
#7588 = DIRECTION ( 'NONE',  ( 1.000000000000000000, 0.000000000000000000, -7.709882115452476934E-17 ) ) ;
#7589 = CARTESIAN_POINT ( 'NONE',  ( -45.00000000000002132, 13.11422211844030450, 27.17386661099703105 ) ) ;
#7590 = CARTESIAN_POINT ( 'NONE',  ( 19.76512771830453374, -5.000000000000000000, 3.501671751013947009 ) ) ;
#7591 = CARTESIAN_POINT ( 'NONE',  ( 15.72462220366568886, 31.11227518966341421, 44.99999999999999289 ) ) ;
#7592 = VERTEX_POINT ( 'NONE', #106 ) ;
#7593 = ORIENTED_EDGE ( 'NONE', *, *, #6102, .F. ) ;
#7594 = EDGE_CURVE ( 'NONE', #4676, #3134, #4900, .T. ) ;
#7595 = ORIENTED_EDGE ( 'NONE', *, *, #10676, .F. ) ;
#7596 = ORIENTED_EDGE ( 'NONE', *, *, #8157, .T. ) ;
#7597 = AXIS2_PLACEMENT_3D ( 'NONE', #10666, #7523, #8283 ) ;
#7598 = ORIENTED_EDGE ( 'NONE', *, *, #8618, .F. ) ;
#7599 = VECTOR ( 'NONE', #3505, 1000.000000000000000 ) ;
#7600 = ORIENTED_EDGE ( 'NONE', *, *, #1093, .F. ) ;
#7601 = DIRECTION ( 'NONE',  ( 0.8660254037844383745, 0.5000000000000004441, 0.000000000000000000 ) ) ;
#7602 = CARTESIAN_POINT ( 'NONE',  ( 10.72462220366568886, 10.22747077249214520, 44.99999999999999289 ) ) ;
#7603 = FACE_OUTER_BOUND ( 'NONE', #9965, .T. ) ;
#7604 = CARTESIAN_POINT ( 'NONE',  ( -10.72462220366566577, 39.77252922750778907, 44.99999999999999289 ) ) ;
#7605 = DIRECTION ( 'NONE',  ( -0.7071067811865477948, 0.000000000000000000, -0.7071067811865473507 ) ) ;
#7606 = VECTOR ( 'NONE', #8666, 999.9999999999998863 ) ;
#7607 = ORIENTED_EDGE ( 'NONE', *, *, #3523, .T. ) ;
#7608 = AXIS2_PLACEMENT_3D ( 'NONE', #5633, #8811, #7948 ) ;
#7609 = EDGE_CURVE ( 'NONE', #6330, #8779, #3338, .T. ) ;
#7610 = VERTEX_POINT ( 'NONE', #6528 ) ;
#7611 = AXIS2_PLACEMENT_3D ( 'NONE', #5805, #4123, #5861 ) ;
#7612 = LINE ( 'NONE', #6839, #2115 ) ;
#7613 = VERTEX_POINT ( 'NONE', #3230 ) ;
#7614 = DIRECTION ( 'NONE',  ( -0.5000000000000002220, -0.8660254037844385966, 0.000000000000000000 ) ) ;
#7615 = LINE ( 'NONE', #10007, #3568 ) ;
#7616 = DIRECTION ( 'NONE',  ( 0.000000000000000000, 0.5000000000000006661, -0.8660254037844383745 ) ) ;
#7617 = LINE ( 'NONE', #9420, #9859 ) ;
#7618 = AXIS2_PLACEMENT_3D ( 'NONE', #9782, #5784, #9065 ) ;
#7619 = CARTESIAN_POINT ( 'NONE',  ( -1.040834085586082521E-14, 0.000000000000000000, 39.99999999999998579 ) ) ;
#7620 = ORIENTED_EDGE ( 'NONE', *, *, #2080, .T. ) ;
#7621 = VECTOR ( 'NONE', #4672, 1000.000000000000227 ) ;
#7622 = EDGE_LOOP ( 'NONE', ( #9917, #8764, #10471, #10305 ) ) ;
#7623 = ADVANCED_FACE ( 'NONE', ( #10026 ), #9864, .F. ) ;
#7624 = ORIENTED_EDGE ( 'NONE', *, *, #5796, .T. ) ;
#7625 = CARTESIAN_POINT ( 'NONE',  ( 42.99999999999996447, 0.000000000000000000, -43.00000000000000000 ) ) ;
#7626 = FACE_OUTER_BOUND ( 'NONE', #10496, .T. ) ;
#7627 = DIRECTION ( 'NONE',  ( -6.009258394948640069E-16, 1.000000000000000000, 0.000000000000000000 ) ) ;
#7628 = DIRECTION ( 'NONE',  ( 0.8660254037844384856, -0.5000000000000001110, 0.000000000000000000 ) ) ;
#7629 = CARTESIAN_POINT ( 'NONE',  ( -28.43651982031994763, 26.06776566806288997, 40.59999999999998721 ) ) ;
#7630 = LINE ( 'NONE', #1017, #4987 ) ;
#7631 = FACE_OUTER_BOUND ( 'NONE', #4914, .T. ) ;
#7632 = ORIENTED_EDGE ( 'NONE', *, *, #9950, .F. ) ;
#7633 = VECTOR ( 'NONE', #2917, 1000.000000000000000 ) ;
#7634 = FACE_OUTER_BOUND ( 'NONE', #8350, .T. ) ;
#7635 = PLANE ( 'NONE',  #10701 ) ;
#7636 = VERTEX_POINT ( 'NONE', #2428 ) ;
#7637 = EDGE_CURVE ( 'NONE', #7083, #9552, #9097, .T. ) ;
#7638 = EDGE_CURVE ( 'NONE', #5312, #6920, #3395, .T. ) ;
#7639 = EDGE_LOOP ( 'NONE', ( #1165, #8369, #10083, #8341 ) ) ;
#7640 = AXIS2_PLACEMENT_3D ( 'NONE', #10491, #5891, #4421 ) ;
#7641 = ORIENTED_EDGE ( 'NONE', *, *, #8328, .F. ) ;
#7642 = LINE ( 'NONE', #1895, #6078 ) ;
#7643 = DIRECTION ( 'NONE',  ( 7.709882115452476934E-17, 0.000000000000000000, 1.000000000000000000 ) ) ;
#7644 = DIRECTION ( 'NONE',  ( 0.000000000000000000, -0.5000000000000002220, -0.8660254037844384856 ) ) ;
#7645 = CARTESIAN_POINT ( 'NONE',  ( -32.17386661099702394, 10.22747077249215231, 40.59999999999996589 ) ) ;
#7646 = CARTESIAN_POINT ( 'NONE',  ( -45.00000000000002132, 31.11227518966343553, 27.17386661099703105 ) ) ;
#7647 = DIRECTION ( 'NONE',  ( -0.8660254037844389297, 0.4999999999999995004, 0.000000000000000000 ) ) ;
#7648 = ORIENTED_EDGE ( 'NONE', *, *, #5148, .T. ) ;
#7649 = ORIENTED_EDGE ( 'NONE', *, *, #6840, .T. ) ;
#7650 = AXIS2_PLACEMENT_3D ( 'NONE', #356, #8479, #4443 ) ;
#7651 = EDGE_CURVE ( 'NONE', #345, #903, #5879, .T. ) ;
#7652 = ORIENTED_EDGE ( 'NONE', *, *, #6905, .F. ) ;
#7653 = VERTEX_POINT ( 'NONE', #2531 ) ;
#7654 = VERTEX_POINT ( 'NONE', #158 ) ;
#7655 = EDGE_LOOP ( 'NONE', ( #4159, #5147, #8736, #6562 ) ) ;
#7656 = CARTESIAN_POINT ( 'NONE',  ( -15.16033048310344356, 4.999999999999997335, 1.103125484187135852 ) ) ;
#7657 = LINE ( 'NONE', #3518, #6390 ) ;
#7658 = LINE ( 'NONE', #2714, #7898 ) ;
#7659 = DIRECTION ( 'NONE',  ( 0.000000000000000000, 0.5000000000000002220, 0.8660254037844384856 ) ) ;
#7660 = ORIENTED_EDGE ( 'NONE', *, *, #3647, .T. ) ;
#7661 = LINE ( 'NONE', #1806, #3852 ) ;
#7662 = EDGE_CURVE ( 'NONE', #5133, #1957, #5822, .T. ) ;
#7663 = ORIENTED_EDGE ( 'NONE', *, *, #10243, .T. ) ;
#7664 = VERTEX_POINT ( 'NONE', #5014 ) ;
#7665 = CARTESIAN_POINT ( 'NONE',  ( 0.000000000000000000, -5.000000000000000000, 0.000000000000000000 ) ) ;
#7666 = ORIENTED_EDGE ( 'NONE', *, *, #5463, .F. ) ;
#7667 = DIRECTION ( 'NONE',  ( 1.000000000000000000, -0.000000000000000000, -7.709882115452476934E-17 ) ) ;
#7668 = EDGE_CURVE ( 'NONE', #3297, #1615, #6760, .T. ) ;
#7669 = CARTESIAN_POINT ( 'NONE',  ( 5.724622203665686193, 13.11422211844027608, -45.00000000000000711 ) ) ;
#7670 = CARTESIAN_POINT ( 'NONE',  ( -40.60000000000001563, 16.03760659646321329, -46.97256513967722213 ) ) ;
#7671 = CARTESIAN_POINT ( 'NONE',  ( -4.999999999999997335, 27.88675134594810245, -45.00000000000000711 ) ) ;
#7672 = VERTEX_POINT ( 'NONE', #9266 ) ;
#7673 = VECTOR ( 'NONE', #9351, 1000.000000000000000 ) ;
#7674 = ORIENTED_EDGE ( 'NONE', *, *, #9500, .T. ) ;
#7675 = ORIENTED_EDGE ( 'NONE', *, *, #8317, .T. ) ;
#7676 = AXIS2_PLACEMENT_3D ( 'NONE', #1917, #5369, #3689 ) ;
#7677 = DIRECTION ( 'NONE',  ( 0.000000000000000000, 0.000000000000000000, 1.000000000000000000 ) ) ;
#7678 = DIRECTION ( 'NONE',  ( 0.000000000000000000, 0.5000000000000001110, 0.8660254037844384856 ) ) ;
#7679 = FACE_OUTER_BOUND ( 'NONE', #3534, .T. ) ;
#7680 = PLANE ( 'NONE',  #4425 ) ;
#7681 = FACE_OUTER_BOUND ( 'NONE', #10367, .T. ) ;
#7682 = DIRECTION ( 'NONE',  ( -0.8660254037844382635, -0.5000000000000007772, 0.000000000000000000 ) ) ;
#7683 = DIRECTION ( 'NONE',  ( -3.854941057726242781E-17, -0.8660254037844383745, -0.5000000000000006661 ) ) ;
#7684 = ORIENTED_EDGE ( 'NONE', *, *, #8956, .T. ) ;
#7685 = CARTESIAN_POINT ( 'NONE',  ( -35.75340584961780621, -6.696730784170948247, -38.69828739996080458 ) ) ;
#7686 = CARTESIAN_POINT ( 'NONE',  ( -45.00000000000002132, 45.00000000000000000, -43.00000000000000000 ) ) ;
#7687 = ORIENTED_EDGE ( 'NONE', *, *, #7064, .T. ) ;
#7688 = VECTOR ( 'NONE', #1610, 1000.000000000000000 ) ;
#7689 = VERTEX_POINT ( 'NONE', #5714 ) ;
#7690 = ORIENTED_EDGE ( 'NONE', *, *, #4242, .F. ) ;
#7691 = EDGE_CURVE ( 'NONE', #1053, #719, #6729, .T. ) ;
#7692 = DIRECTION ( 'NONE',  ( 0.000000000000000000, -0.5000000000000002220, -0.8660254037844384856 ) ) ;
#7693 = LINE ( 'NONE', #1136, #9779 ) ;
#7694 = VECTOR ( 'NONE', #185, 999.9999999999998863 ) ;
#7695 = DIRECTION ( 'NONE',  ( 7.709882115452476934E-17, 0.000000000000000000, 1.000000000000000000 ) ) ;
#7696 = EDGE_CURVE ( 'NONE', #3420, #10521, #8670, .T. ) ;
#7697 = DIRECTION ( 'NONE',  ( -6.009258394948641055E-16, 1.000000000000000000, -0.000000000000000000 ) ) ;
#7698 = DIRECTION ( 'NONE',  ( -0.7071067811865467956, 0.000000000000000000, -0.7071067811865483499 ) ) ;
#7699 = ADVANCED_FACE ( 'NONE', ( #10241 ), #7802, .F. ) ;
#7700 = CARTESIAN_POINT ( 'NONE',  ( -40.60000000000001563, -1.910442715746312192, -36.61025403784437060 ) ) ;
#7701 = VERTEX_POINT ( 'NONE', #6865 ) ;
#7702 = CARTESIAN_POINT ( 'NONE',  ( 5.724622203665686193, 31.11227518966341421, -40.59999999999998721 ) ) ;
#7703 = ORIENTED_EDGE ( 'NONE', *, *, #8491, .T. ) ;
#7704 = ORIENTED_EDGE ( 'NONE', *, *, #8352, .F. ) ;
#7705 = ORIENTED_EDGE ( 'NONE', *, *, #807, .T. ) ;
#7706 = DIRECTION ( 'NONE',  ( 0.000000000000000000, -0.5000000000000002220, -0.8660254037844384856 ) ) ;
#7707 = CARTESIAN_POINT ( 'NONE',  ( 44.99999999999997868, 0.000000000000000000, -45.00000000000000711 ) ) ;
#7708 = LINE ( 'NONE', #9460, #10146 ) ;
#7709 = LINE ( 'NONE', #3576, #4088 ) ;
#7710 = EDGE_LOOP ( 'NONE', ( #8896, #8118, #2124, #2781 ) ) ;
#7711 = DIRECTION ( 'NONE',  ( 0.000000000000000000, -1.000000000000000000, 0.000000000000000000 ) ) ;
#7712 = ADVANCED_FACE ( 'NONE', ( #2807 ), #6048, .F. ) ;
#7713 = ORIENTED_EDGE ( 'NONE', *, *, #5949, .T. ) ;
#7714 = ORIENTED_EDGE ( 'NONE', *, *, #9294, .T. ) ;
#7715 = ORIENTED_EDGE ( 'NONE', *, *, #224, .T. ) ;
#7716 = EDGE_CURVE ( 'NONE', #2697, #5658, #6975, .T. ) ;
#7717 = FACE_BOUND ( 'NONE', #5092, .T. ) ;
#7718 = VERTEX_POINT ( 'NONE', #5341 ) ;
#7719 = VECTOR ( 'NONE', #4802, 1000.000000000000000 ) ;
#7720 = CARTESIAN_POINT ( 'NONE',  ( -45.00000000000001421, 28.22552384371529755, 10.72462220366568530 ) ) ;
#7721 = LINE ( 'NONE', #6020, #9875 ) ;
#7722 = EDGE_CURVE ( 'NONE', #3246, #4248, #3550, .T. ) ;
#7723 = CIRCLE ( 'NONE', #5457, 16.50000000000000355 ) ;
#7724 = DIRECTION ( 'NONE',  ( -0.000000000000000000, -0.000000000000000000, 1.000000000000000000 ) ) ;
#7725 = CARTESIAN_POINT ( 'NONE',  ( -40.60000000000001563, 4.999999999999997335, 15.72462220366568175 ) ) ;
#7726 = CARTESIAN_POINT ( 'NONE',  ( -15.72462220366567109, 18.88772481033651474, -45.00000000000000711 ) ) ;
#7727 = DIRECTION ( 'NONE',  ( -2.554277579675478012E-16, -0.1908089953765452762, 0.9816271834476639757 ) ) ;
#7728 = EDGE_LOOP ( 'NONE', ( #9987, #10498, #465, #2207 ) ) ;
#7729 = AXIS2_PLACEMENT_3D ( 'NONE', #5450, #1459, #5399 ) ;
#7730 = ORIENTED_EDGE ( 'NONE', *, *, #10296, .F. ) ;
#7731 = ADVANCED_FACE ( 'NONE', ( #1887 ), #1945, .F. ) ;
#7732 = ADVANCED_FACE ( 'NONE', ( #4465 ), #2856, .F. ) ;
#7733 = ORIENTED_EDGE ( 'NONE', *, *, #8428, .F. ) ;
#7734 = VECTOR ( 'NONE', #2742, 1000.000000000000000 ) ;
#7735 = VECTOR ( 'NONE', #317, 1000.000000000000000 ) ;
#7736 = PLANE ( 'NONE',  #335 ) ;
#7737 = VECTOR ( 'NONE', #1125, 999.9999999999998863 ) ;
#7738 = CARTESIAN_POINT ( 'NONE',  ( -32.17386661099702394, 21.77447615628465982, -45.00000000000000711 ) ) ;
#7739 = DIRECTION ( 'NONE',  ( -0.000000000000000000, -0.000000000000000000, 1.000000000000000000 ) ) ;
#7740 = CARTESIAN_POINT ( 'NONE',  ( -45.00000000000001421, 13.11422211844028674, -5.724622203665674647 ) ) ;
#7741 = CARTESIAN_POINT ( 'NONE',  ( 37.05511844965707269, 0.000000000000000000, -40.00000000000002842 ) ) ;
#7742 = LINE ( 'NONE', #4295, #7735 ) ;
#7743 = ORIENTED_EDGE ( 'NONE', *, *, #5577, .T. ) ;
#7744 = ADVANCED_FACE ( 'NONE', ( #5231 ), #2055, .F. ) ;
#7745 = DIRECTION ( 'NONE',  ( 0.000000000000000000, -0.5000000000000002220, -0.8660254037844384856 ) ) ;
#7746 = VECTOR ( 'NONE', #6744, 1000.000000000000114 ) ;
#7747 = CARTESIAN_POINT ( 'NONE',  ( -37.17386661099703105, 13.11422211844028318, 40.59999999999996589 ) ) ;
#7748 = ORIENTED_EDGE ( 'NONE', *, *, #4498, .F. ) ;
#7749 = EDGE_CURVE ( 'NONE', #5990, #338, #1249, .T. ) ;
#7750 = ORIENTED_EDGE ( 'NONE', *, *, #7368, .T. ) ;
#7751 = LINE ( 'NONE', #3667, #2963 ) ;
#7752 = FACE_OUTER_BOUND ( 'NONE', #5855, .T. ) ;
#7753 = LINE ( 'NONE', #5128, #1662 ) ;
#7754 = DIRECTION ( 'NONE',  ( -0.8660254037844382635, -0.5000000000000006661, 0.000000000000000000 ) ) ;
#7755 = CARTESIAN_POINT ( 'NONE',  ( 5.413252018710198676, 1.999999999999975797, 21.67670798600080317 ) ) ;
#7756 = ORIENTED_EDGE ( 'NONE', *, *, #7668, .F. ) ;
#7757 = CARTESIAN_POINT ( 'NONE',  ( 21.44924440733137061, 30.77350269189622267, -45.00000000000000711 ) ) ;
#7758 = ORIENTED_EDGE ( 'NONE', *, *, #4834, .T. ) ;
#7759 = DIRECTION ( 'NONE',  ( 0.000000000000000000, 0.000000000000000000, 1.000000000000000000 ) ) ;
#7760 = ORIENTED_EDGE ( 'NONE', *, *, #240, .T. ) ;
#7761 = AXIS2_PLACEMENT_3D ( 'NONE', #5843, #74, #9068 ) ;
#7762 = VERTEX_POINT ( 'NONE', #7747 ) ;
#7763 = ORIENTED_EDGE ( 'NONE', *, *, #1544, .T. ) ;
#7764 = ADVANCED_FACE ( 'NONE', ( #320 ), #8615, .F. ) ;
#7765 = ORIENTED_EDGE ( 'NONE', *, *, #7969, .T. ) ;
#7766 = DIRECTION ( 'NONE',  ( -1.000000000000000000, -4.506943796211494843E-16, 0.000000000000000000 ) ) ;
#7767 = CARTESIAN_POINT ( 'NONE',  ( 10.72462220366568886, 28.22552384371528333, -45.00000000000000711 ) ) ;
#7768 = CARTESIAN_POINT ( 'NONE',  ( -37.17386661099702394, 4.999999999999999112, 40.59999999999998721 ) ) ;
#7769 = DIRECTION ( 'NONE',  ( -3.854941057726240316E-17, 0.8660254037844385966, -0.5000000000000003331 ) ) ;
#7770 = ORIENTED_EDGE ( 'NONE', *, *, #641, .F. ) ;
#7771 = CARTESIAN_POINT ( 'NONE',  ( -45.00000000000002132, 36.88577788155969728, 27.17386661099703105 ) ) ;
#7772 = VERTEX_POINT ( 'NONE', #9494 ) ;
#7773 = ADVANCED_FACE ( 'NONE', ( #1021 ), #7635, .F. ) ;
#7774 = ORIENTED_EDGE ( 'NONE', *, *, #8218, .T. ) ;
#7775 = EDGE_CURVE ( 'NONE', #9264, #6668, #5178, .T. ) ;
#7776 = FACE_BOUND ( 'NONE', #2505, .T. ) ;
#7777 = ORIENTED_EDGE ( 'NONE', *, *, #6926, .F. ) ;
#7778 = LINE ( 'NONE', #3640, #5510 ) ;
#7779 = CARTESIAN_POINT ( 'NONE',  ( 27.17386661099703460, 18.88772481033651474, 44.99999999999999289 ) ) ;
#7780 = VECTOR ( 'NONE', #4407, 1000.000000000000114 ) ;
#7781 = VECTOR ( 'NONE', #8511, 999.9999999999998863 ) ;
#7782 = LINE ( 'NONE', #8813, #1506 ) ;
#7783 = DIRECTION ( 'NONE',  ( -0.8660254037844389297, 0.4999999999999995004, 0.000000000000000000 ) ) ;
#7784 = LINE ( 'NONE', #1006, #5172 ) ;
#7785 = AXIS2_PLACEMENT_3D ( 'NONE', #9178, #8304, #9235 ) ;
#7786 = VERTEX_POINT ( 'NONE', #8481 ) ;
#7787 = ORIENTED_EDGE ( 'NONE', *, *, #6574, .F. ) ;
#7788 = AXIS2_PLACEMENT_3D ( 'NONE', #6206, #7181, #7136 ) ;
#7789 = ADVANCED_FACE ( 'NONE', ( #3264 ), #4991, .F. ) ;
#7790 = ORIENTED_EDGE ( 'NONE', *, *, #563, .T. ) ;
#7791 = VECTOR ( 'NONE', #9571, 1000.000000000000000 ) ;
#7792 = DIRECTION ( 'NONE',  ( 0.000000000000000000, -0.000000000000000000, 1.000000000000000000 ) ) ;
#7793 = AXIS2_PLACEMENT_3D ( 'NONE', #2612, #10098, #3573 ) ;
#7794 = DIRECTION ( 'NONE',  ( -4.506943796211494843E-16, 1.000000000000000000, 0.000000000000000000 ) ) ;
#7795 = DIRECTION ( 'NONE',  ( -6.009258394948641055E-16, 1.000000000000000000, -0.000000000000000000 ) ) ;
#7796 = CARTESIAN_POINT ( 'NONE',  ( -45.00000000000002132, 18.88772481033656447, 37.17386661099703815 ) ) ;
#7797 = VECTOR ( 'NONE', #5458, 1000.000000000000000 ) ;
#7798 = CARTESIAN_POINT ( 'NONE',  ( -40.60000000000001563, 36.88577788155969728, 15.72462220366568175 ) ) ;
#7799 = DIRECTION ( 'NONE',  ( -0.8660254037844389297, 0.4999999999999995004, -0.000000000000000000 ) ) ;
#7800 = ORIENTED_EDGE ( 'NONE', *, *, #5765, .T. ) ;
#7801 = PLANE ( 'NONE',  #6254 ) ;
#7802 = PLANE ( 'NONE',  #10032 ) ;
#7803 = VERTEX_POINT ( 'NONE', #6567 ) ;
#7804 = CARTESIAN_POINT ( 'NONE',  ( 44.99999999999999289, 0.000000000000000000, 42.99999999999995026 ) ) ;
#7805 = DIRECTION ( 'NONE',  ( 0.000000000000000000, 0.5000000000000005551, -0.8660254037844382635 ) ) ;
#7806 = LINE ( 'NONE', #386, #5798 ) ;
#7807 = PLANE ( 'NONE',  #802 ) ;
#7808 = EDGE_CURVE ( 'NONE', #4811, #9413, #5045, .T. ) ;
#7809 = CARTESIAN_POINT ( 'NONE',  ( -37.17386661099703105, 36.88577788155965465, -45.00000000000000711 ) ) ;
#7810 = DIRECTION ( 'NONE',  ( -0.000000000000000000, -0.000000000000000000, 1.000000000000000000 ) ) ;
#7811 = ORIENTED_EDGE ( 'NONE', *, *, #10525, .F. ) ;
#7812 = DIRECTION ( 'NONE',  ( 0.8660254037844383745, 0.5000000000000004441, 0.000000000000000000 ) ) ;
#7813 = ORIENTED_EDGE ( 'NONE', *, *, #10428, .F. ) ;
#7814 = CARTESIAN_POINT ( 'NONE',  ( -45.00000000000002132, 21.77447615628469890, 32.17386661099703105 ) ) ;
#7815 = VERTEX_POINT ( 'NONE', #8370 ) ;
#7816 = ORIENTED_EDGE ( 'NONE', *, *, #6762, .F. ) ;
#7817 = ORIENTED_EDGE ( 'NONE', *, *, #9473, .F. ) ;
#7818 = ORIENTED_EDGE ( 'NONE', *, *, #6372, .F. ) ;
#7819 = CARTESIAN_POINT ( 'NONE',  ( -20.00000000000001421, -5.000000000000000000, -20.00000000000001421 ) ) ;
#7820 = LINE ( 'NONE', #402, #10558 ) ;
#7821 = CARTESIAN_POINT ( 'NONE',  ( -45.00000000000001421, 39.77252922750783171, -10.72462220366567820 ) ) ;
#7822 = CARTESIAN_POINT ( 'NONE',  ( 42.99999999999999289, 45.00000000000000000, 42.99999999999997868 ) ) ;
#7823 = ORIENTED_EDGE ( 'NONE', *, *, #8807, .F. ) ;
#7824 = DIRECTION ( 'NONE',  ( 0.000000000000000000, 0.5000000000000005551, -0.8660254037844382635 ) ) ;
#7825 = VECTOR ( 'NONE', #3781, 1000.000000000000000 ) ;
#7826 = ORIENTED_EDGE ( 'NONE', *, *, #2588, .T. ) ;
#7827 = ADVANCED_FACE ( 'NONE', ( #894 ), #4172, .F. ) ;
#7828 = ORIENTED_EDGE ( 'NONE', *, *, #6737, .T. ) ;
#7829 = FACE_OUTER_BOUND ( 'NONE', #5067, .T. ) ;
#7830 = VECTOR ( 'NONE', #8137, 1000.000000000000000 ) ;
#7831 = ORIENTED_EDGE ( 'NONE', *, *, #8351, .T. ) ;
#7832 = LINE ( 'NONE', #1336, #5159 ) ;
#7833 = PLANE ( 'NONE',  #1301 ) ;
#7834 = EDGE_CURVE ( 'NONE', #9218, #2885, #6677, .T. ) ;
#7835 = CARTESIAN_POINT ( 'NONE',  ( -45.00000000000001421, 36.88577788155969728, -27.17386661099702749 ) ) ;
#7836 = EDGE_CURVE ( 'NONE', #6129, #6285, #84, .T. ) ;
#7837 = DIRECTION ( 'NONE',  ( -0.000000000000000000, -0.000000000000000000, 1.000000000000000000 ) ) ;
#7838 = CARTESIAN_POINT ( 'NONE',  ( -45.00000000000001421, 22.11324865405185491, -16.44924440733134929 ) ) ;
#7839 = EDGE_LOOP ( 'NONE', ( #2873, #5217, #2869, #2903 ) ) ;
#7840 = EDGE_CURVE ( 'NONE', #3816, #3487, #2564, .T. ) ;
#7841 = CARTESIAN_POINT ( 'NONE',  ( -20.00000000000001421, 46.66904755831214402, 36.49999999999999289 ) ) ;
#7842 = ORIENTED_EDGE ( 'NONE', *, *, #10538, .T. ) ;
#7843 = ORIENTED_EDGE ( 'NONE', *, *, #7217, .F. ) ;
#7844 = EDGE_LOOP ( 'NONE', ( #5120, #4015, #10011, #10649, #5219, #8128 ) ) ;
#7845 = LINE ( 'NONE', #1293, #3545 ) ;
#7846 = CARTESIAN_POINT ( 'NONE',  ( -12.34958651482141789, 53.93115149115826767, -40.59999999999998721 ) ) ;
#7847 = PLANE ( 'NONE',  #644 ) ;
#7848 = CARTESIAN_POINT ( 'NONE',  ( -45.00000000000001421, 36.88577788155969728, -5.724622203665674647 ) ) ;
#7849 = DIRECTION ( 'NONE',  ( -0.000000000000000000, -0.000000000000000000, 1.000000000000000000 ) ) ;
#7850 = PRODUCT_DEFINITION ( 'UNKNOWN', '', #5474, #9541 ) ;
#7851 = EDGE_CURVE ( 'NONE', #8848, #5957, #6794, .T. ) ;
#7852 = CARTESIAN_POINT ( 'NONE',  ( -5.724622203665671094, 36.88577788155966886, -45.00000000000000711 ) ) ;
#7853 = ORIENTED_EDGE ( 'NONE', *, *, #8354, .F. ) ;
#7854 = DIRECTION ( 'NONE',  ( 4.506943796211494843E-16, -1.000000000000000000, 0.000000000000000000 ) ) ;
#7855 = ORIENTED_EDGE ( 'NONE', *, *, #5693, .F. ) ;
#7856 = VECTOR ( 'NONE', #9163, 1000.000000000000000 ) ;
#7857 = DIRECTION ( 'NONE',  ( -0.8660254037844389297, 0.4999999999999994449, 0.000000000000000000 ) ) ;
#7858 = ADVANCED_FACE ( 'NONE', ( #3368 ), #5096, .F. ) ;
#7859 = DIRECTION ( 'NONE',  ( -0.8660254037844389297, 0.4999999999999995004, 0.000000000000000000 ) ) ;
#7860 = FACE_OUTER_BOUND ( 'NONE', #8188, .T. ) ;
#7861 = LINE ( 'NONE', #547, #8773 ) ;
#7862 = CARTESIAN_POINT ( 'NONE',  ( -21.44924440733134219, 30.77350269189622267, 44.99999999999999289 ) ) ;
#7863 = DIRECTION ( 'NONE',  ( 0.000000000000000000, 0.5000000000000002220, 0.8660254037844384856 ) ) ;
#7864 = VECTOR ( 'NONE', #3981, 999.9999999999998863 ) ;
#7865 = FACE_OUTER_BOUND ( 'NONE', #4805, .T. ) ;
#7866 = VERTEX_POINT ( 'NONE', #10112 ) ;
#7867 = CARTESIAN_POINT ( 'NONE',  ( -45.00000000000002132, 27.88675134594812732, 26.44924440733135995 ) ) ;
#7868 = VERTEX_POINT ( 'NONE', #5856 ) ;
#7869 = DIRECTION ( 'NONE',  ( 0.000000000000000000, -1.000000000000000000, 0.000000000000000000 ) ) ;
#7870 = ORIENTED_EDGE ( 'NONE', *, *, #2905, .F. ) ;
#7871 = VERTEX_POINT ( 'NONE', #1763 ) ;
#7872 = ORIENTED_EDGE ( 'NONE', *, *, #4181, .F. ) ;
#7873 = EDGE_CURVE ( 'NONE', #1984, #2880, #1002, .T. ) ;
#7874 = EDGE_CURVE ( 'NONE', #2611, #9600, #5913, .T. ) ;
#7875 = CARTESIAN_POINT ( 'NONE',  ( 17.08051390828822846, -5.000000000000002665, 33.34396987557886405 ) ) ;
#7876 = VECTOR ( 'NONE', #9604, 999.9999999999998863 ) ;
#7877 = LINE ( 'NONE', #10476, #2630 ) ;
#7878 = DIRECTION ( 'NONE',  ( 0.000000000000000000, 0.5000000000000005551, -0.8660254037844382635 ) ) ;
#7879 = DIRECTION ( 'NONE',  ( -7.709882115452476934E-17, 0.000000000000000000, -1.000000000000000000 ) ) ;
#7880 = CARTESIAN_POINT ( 'NONE',  ( -15.72462220366566754, 13.11422211844027608, -45.00000000000000711 ) ) ;
#7881 = ORIENTED_EDGE ( 'NONE', *, *, #9169, .F. ) ;
#7882 = DIRECTION ( 'NONE',  ( -0.8660254037844389297, 0.4999999999999995004, 0.000000000000000000 ) ) ;
#7883 = EDGE_CURVE ( 'NONE', #7924, #4422, #839, .T. ) ;
#7884 = EDGE_LOOP ( 'NONE', ( #4781, #5576, #7176, #1677 ) ) ;
#7885 = EDGE_CURVE ( 'NONE', #8457, #1400, #6622, .T. ) ;
#7886 = CARTESIAN_POINT ( 'NONE',  ( -26.44924440733134929, 27.88675134594808469, -45.00000000000000711 ) ) ;
#7887 = ORIENTED_EDGE ( 'NONE', *, *, #834, .F. ) ;
#7888 = DIRECTION ( 'NONE',  ( 0.000000000000000000, -0.5000000000000005551, 0.8660254037844382635 ) ) ;
#7889 = FACE_BOUND ( 'NONE', #6110, .T. ) ;
#7890 = CARTESIAN_POINT ( 'NONE',  ( 40.59999999999999432, 31.11227518966343553, -37.17386661099704526 ) ) ;
#7891 = EDGE_LOOP ( 'NONE', ( #5259, #1098, #9565, #6349 ) ) ;
#7892 = CARTESIAN_POINT ( 'NONE',  ( -37.82579128151289183, 0.1949295487797602922, 40.59999999999998721 ) ) ;
#7893 = CARTESIAN_POINT ( 'NONE',  ( 44.99999999999999289, 27.88675134594812732, 26.44924440733135285 ) ) ;
#7894 = ORIENTED_EDGE ( 'NONE', *, *, #3863, .F. ) ;
#7895 = LINE ( 'NONE', #1319, #694 ) ;
#7896 = LINE ( 'NONE', #2155, #2262 ) ;
#7897 = ADVANCED_FACE ( 'NONE', ( #9302 ), #4119, .F. ) ;
#7898 = VECTOR ( 'NONE', #10318, 1000.000000000000000 ) ;
#7899 = ORIENTED_EDGE ( 'NONE', *, *, #9518, .T. ) ;
#7900 = EDGE_CURVE ( 'NONE', #627, #3494, #3479, .T. ) ;
#7901 = VECTOR ( 'NONE', #4617, 1000.000000000000000 ) ;
#7902 = CARTESIAN_POINT ( 'NONE',  ( 20.00000000000003197, -5.000000000000000000, -20.00000000000001421 ) ) ;
#7903 = DIRECTION ( 'NONE',  ( 1.000000000000000000, 6.009258394948641055E-16, 0.000000000000000000 ) ) ;
#7904 = CARTESIAN_POINT ( 'NONE',  ( -45.00000000000001421, 22.11324865405187268, -5.000000000000001776 ) ) ;
#7905 = CARTESIAN_POINT ( 'NONE',  ( -40.60000000000001563, 4.999999999999997335, -40.59999999999998721 ) ) ;
#7906 = VECTOR ( 'NONE', #3077, 1000.000000000000000 ) ;
#7907 = DIRECTION ( 'NONE',  ( 1.000000000000000000, -0.000000000000000000, -7.709882115452476934E-17 ) ) ;
#7908 = ORIENTED_EDGE ( 'NONE', *, *, #758, .T. ) ;
#7909 = LINE ( 'NONE', #5282, #4329 ) ;
#7910 = VECTOR ( 'NONE', #9962, 1000.000000000000227 ) ;
#7911 = VECTOR ( 'NONE', #9940, 1000.000000000000000 ) ;
#7912 = VERTEX_POINT ( 'NONE', #2507 ) ;
#7913 = EDGE_CURVE ( 'NONE', #7613, #5297, #9134, .T. ) ;
#7914 = EDGE_CURVE ( 'NONE', #9218, #9587, #5151, .T. ) ;
#7915 = VECTOR ( 'NONE', #6740, 1000.000000000000000 ) ;
#7916 = ORIENTED_EDGE ( 'NONE', *, *, #3451, .F. ) ;
#7917 = CARTESIAN_POINT ( 'NONE',  ( 44.99999999999998579, 13.11422211844028674, -5.724622203665681752 ) ) ;
#7918 = PLANE ( 'NONE',  #10295 ) ;
#7919 = CARTESIAN_POINT ( 'NONE',  ( 36.08321690396846293, -5.000000000000000000, 39.02809845431139735 ) ) ;
#7920 = VECTOR ( 'NONE', #7238, 1000.000000000000227 ) ;
#7921 = LINE ( 'NONE', #10658, #4064 ) ;
#7922 = PLANE ( 'NONE',  #1799 ) ;
#7923 = LINE ( 'NONE', #2322, #2205 ) ;
#7924 = VERTEX_POINT ( 'NONE', #4289 ) ;
#7925 = FACE_OUTER_BOUND ( 'NONE', #8978, .T. ) ;
#7926 = ORIENTED_EDGE ( 'NONE', *, *, #2045, .T. ) ;
#7927 = DIRECTION ( 'NONE',  ( 1.000000000000000000, -0.000000000000000000, -7.709882115452476934E-17 ) ) ;
#7928 = ORIENTED_EDGE ( 'NONE', *, *, #2789, .F. ) ;
#7929 = ORIENTED_EDGE ( 'NONE', *, *, #4117, .T. ) ;
#7930 = ORIENTED_EDGE ( 'NONE', *, *, #5344, .T. ) ;
#7931 = CARTESIAN_POINT ( 'NONE',  ( 32.17386661099703815, 28.22552384371528333, -40.59999999999998721 ) ) ;
#7932 = ADVANCED_FACE ( 'NONE', ( #7626 ), #149, .F. ) ;
#7933 = FACE_BOUND ( 'NONE', #9597, .T. ) ;
#7934 = ORIENTED_EDGE ( 'NONE', *, *, #101, .F. ) ;
#7935 = CARTESIAN_POINT ( 'NONE',  ( 40.59999999999998721, 22.11324865405186557, 16.44924440733134574 ) ) ;
#7936 = CARTESIAN_POINT ( 'NONE',  ( -45.00000000000001421, 18.88772481033656092, -15.72462220366567820 ) ) ;
#7937 = LINE ( 'NONE', #2290, #5279 ) ;
#7938 = CARTESIAN_POINT ( 'NONE',  ( -31.24794293601152617, -11.19823799011147436, 40.59999999999998721 ) ) ;
#7939 = EDGE_LOOP ( 'NONE', ( #2077, #8153, #10269, #2586 ) ) ;
#7940 = DIRECTION ( 'NONE',  ( 0.8660254037844385966, -0.5000000000000002220, 0.000000000000000000 ) ) ;
#7941 = VECTOR ( 'NONE', #3812, 1000.000000000000000 ) ;
#7942 = ORIENTED_EDGE ( 'NONE', *, *, #7722, .T. ) ;
#7943 = EDGE_CURVE ( 'NONE', #6920, #8300, #6749, .T. ) ;
#7944 = ORIENTED_EDGE ( 'NONE', *, *, #9696, .T. ) ;
#7945 = VERTEX_POINT ( 'NONE', #9313 ) ;
#7946 = CARTESIAN_POINT ( 'NONE',  ( -35.39471679417584937, -4.015814980272454982, -40.59999999999998721 ) ) ;
#7947 = EDGE_LOOP ( 'NONE', ( #5963, #1771, #5725, #1579, #981, #7600 ) ) ;
#7948 = DIRECTION ( 'NONE',  ( 0.000000000000000000, -0.5000000000000002220, -0.8660254037844384856 ) ) ;
#7949 = FACE_BOUND ( 'NONE', #6876, .T. ) ;
#7950 = LINE ( 'NONE', #527, #7941 ) ;
#7951 = ORIENTED_EDGE ( 'NONE', *, *, #8856, .T. ) ;
#7952 = DIRECTION ( 'NONE',  ( 4.506943796211494843E-16, -1.000000000000000000, 0.000000000000000000 ) ) ;
#7953 = LINE ( 'NONE', #8058, #9182 ) ;
#7954 = EDGE_CURVE ( 'NONE', #1606, #7109, #3540, .T. ) ;
#7955 = VERTEX_POINT ( 'NONE', #8495 ) ;
#7956 = ADVANCED_FACE ( 'NONE', ( #2798 ), #5108, .F. ) ;
#7957 = DIRECTION ( 'NONE',  ( 0.000000000000000000, -1.000000000000000000, 0.000000000000000000 ) ) ;
#7958 = EDGE_LOOP ( 'NONE', ( #1316, #1132, #7674, #5146 ) ) ;
#7959 = VECTOR ( 'NONE', #2577, 999.9999999999998863 ) ;
#7960 = VECTOR ( 'NONE', #6769, 1000.000000000000000 ) ;
#7961 = CYLINDRICAL_SURFACE ( 'NONE', #625, 16.50000000000000355 ) ;
#7962 = VECTOR ( 'NONE', #4611, 999.9999999999998863 ) ;
#7963 = LINE ( 'NONE', #9545, #120 ) ;
#7964 = LINE ( 'NONE', #10290, #7550 ) ;
#7965 = DIRECTION ( 'NONE',  ( 0.000000000000000000, 0.5000000000000002220, 0.8660254037844385966 ) ) ;
#7966 = LINE ( 'NONE', #7852, #6347 ) ;
#7967 = ORIENTED_EDGE ( 'NONE', *, *, #10398, .T. ) ;
#7968 = VECTOR ( 'NONE', #1059, 999.9999999999998863 ) ;
#7969 = EDGE_CURVE ( 'NONE', #754, #8789, #798, .T. ) ;
#7970 = VECTOR ( 'NONE', #3794, 999.9999999999998863 ) ;
#7971 = VERTEX_POINT ( 'NONE', #2635 ) ;
#7972 = VECTOR ( 'NONE', #8690, 999.9999999999998863 ) ;
#7973 = VECTOR ( 'NONE', #2792, 1000.000000000000000 ) ;
#7974 = DIRECTION ( 'NONE',  ( -0.000000000000000000, -0.000000000000000000, 1.000000000000000000 ) ) ;
#7975 = FACE_OUTER_BOUND ( 'NONE', #8936, .T. ) ;
#7976 = LINE ( 'NONE', #9756, #2352 ) ;
#7977 = CARTESIAN_POINT ( 'NONE',  ( -45.00000000000001421, 31.11227518966343553, 5.724622203665675535 ) ) ;
#7978 = DIRECTION ( 'NONE',  ( -0.000000000000000000, -1.000000000000000000, -0.000000000000000000 ) ) ;
#7979 = DIRECTION ( 'NONE',  ( 0.000000000000000000, 0.000000000000000000, 1.000000000000000000 ) ) ;
#7980 = EDGE_LOOP ( 'NONE', ( #717, #3401, #1262, #7929, #1367, #2376 ) ) ;
#7981 = CARTESIAN_POINT ( 'NONE',  ( -45.00000000000001421, 18.88772481033656092, -15.72462220366567820 ) ) ;
#7982 = ADVANCED_FACE ( 'NONE', ( #203 ), #5978, .F. ) ;
#7983 = FACE_OUTER_BOUND ( 'NONE', #6482, .T. ) ;
#7984 = ORIENTED_EDGE ( 'NONE', *, *, #6139, .F. ) ;
#7985 = VECTOR ( 'NONE', #8746, 1000.000000000000000 ) ;
#7986 = EDGE_CURVE ( 'NONE', #4125, #5640, #1123, .T. ) ;
#7987 = ORIENTED_EDGE ( 'NONE', *, *, #3965, .T. ) ;
#7988 = ORIENTED_EDGE ( 'NONE', *, *, #8294, .T. ) ;
#7989 = DIRECTION ( 'NONE',  ( 7.709882115452476934E-17, 0.000000000000000000, 1.000000000000000000 ) ) ;
#7990 = LINE ( 'NONE', #6180, #4124 ) ;
#7991 = CARTESIAN_POINT ( 'NONE',  ( -5.724622203665668430, 31.11227518966341421, -45.00000000000000711 ) ) ;
#7992 = DIRECTION ( 'NONE',  ( -0.8660254037844389297, 0.4999999999999995004, -0.000000000000000000 ) ) ;
#7993 = DIRECTION ( 'NONE',  ( 0.000000000000000000, 1.000000000000000000, 0.000000000000000000 ) ) ;
#7994 = ORIENTED_EDGE ( 'NONE', *, *, #439, .F. ) ;
#7995 = DIRECTION ( 'NONE',  ( -0.8660254037844382635, -0.5000000000000006661, 0.000000000000000000 ) ) ;
#7996 = ORIENTED_EDGE ( 'NONE', *, *, #8712, .T. ) ;
#7997 = ORIENTED_EDGE ( 'NONE', *, *, #8083, .F. ) ;
#7998 = ORIENTED_EDGE ( 'NONE', *, *, #3403, .F. ) ;
#7999 = ORIENTED_EDGE ( 'NONE', *, *, #2506, .T. ) ;
#8000 = LINE ( 'NONE', #572, #3951 ) ;
#8001 = ORIENTED_EDGE ( 'NONE', *, *, #2962, .F. ) ;
#8002 = VECTOR ( 'NONE', #8737, 1000.000000000000000 ) ;
#8003 = FACE_OUTER_BOUND ( 'NONE', #9035, .T. ) ;
#8004 = ADVANCED_FACE ( 'NONE', ( #6856 ), #7736, .F. ) ;
#8005 = FACE_BOUND ( 'NONE', #7980, .T. ) ;
#8006 = FACE_OUTER_BOUND ( 'NONE', #5222, .T. ) ;
#8007 = CYLINDRICAL_SURFACE ( 'NONE', #9386, 16.50000000000000355 ) ;
#8008 = FACE_OUTER_BOUND ( 'NONE', #8273, .T. ) ;
#8009 = ORIENTED_EDGE ( 'NONE', *, *, #5298, .T. ) ;
#8010 = AXIS2_PLACEMENT_3D ( 'NONE', #6758, #913, #10081 ) ;
#8011 = ORIENTED_EDGE ( 'NONE', *, *, #1480, .F. ) ;
#8012 = AXIS2_PLACEMENT_3D ( 'NONE', #267, #4199, #1839 ) ;
#8013 = EDGE_CURVE ( 'NONE', #7371, #1292, #256, .T. ) ;
#8014 = EDGE_CURVE ( 'NONE', #8296, #2442, #2738, .T. ) ;
#8015 = EDGE_LOOP ( 'NONE', ( #5835, #9879, #8082, #3688, #7170 ) ) ;
#8016 = CARTESIAN_POINT ( 'NONE',  ( -45.00000000000002132, 13.11422211844029384, 37.17386661099703815 ) ) ;
#8017 = DIRECTION ( 'NONE',  ( -0.8660254037844389297, 0.4999999999999995004, 0.000000000000000000 ) ) ;
#8018 = PLANE ( 'NONE',  #9352 ) ;
#8019 = CARTESIAN_POINT ( 'NONE',  ( -45.00000000000001421, 21.77447615628469180, -32.17386661099703105 ) ) ;
#8020 = ORIENTED_EDGE ( 'NONE', *, *, #5401, .T. ) ;
#8021 = EDGE_LOOP ( 'NONE', ( #6941, #9457, #5850, #5478 ) ) ;
#8022 = ORIENTED_EDGE ( 'NONE', *, *, #837, .F. ) ;
#8023 = CARTESIAN_POINT ( 'NONE',  ( 20.00000000000003553, -5.000000000000000000, -3.500000000000013323 ) ) ;
#8024 = LINE ( 'NONE', #2918, #761 ) ;
#8025 = LINE ( 'NONE', #2224, #4410 ) ;
#8026 = DIRECTION ( 'NONE',  ( -0.7071067811865475727, 0.000000000000000000, 0.7071067811865474617 ) ) ;
#8027 = LINE ( 'NONE', #8888, #8727 ) ;
#8028 = CARTESIAN_POINT ( 'NONE',  ( 40.60000000000001563, 4.999999999999997335, -15.72462220366568530 ) ) ;
#8029 = EDGE_LOOP ( 'NONE', ( #9084, #7887, #4999, #368 ) ) ;
#8030 = CARTESIAN_POINT ( 'NONE',  ( -45.00000000000001421, 31.11227518966342487, -5.724622203665674647 ) ) ;
#8031 = LINE ( 'NONE', #7150, #5181 ) ;
#8032 = VERTEX_POINT ( 'NONE', #3595 ) ;
#8033 = AXIS2_PLACEMENT_3D ( 'NONE', #4006, #4715, #5533 ) ;
#8034 = ORIENTED_EDGE ( 'NONE', *, *, #3029, .F. ) ;
#8035 = EDGE_LOOP ( 'NONE', ( #769, #1518, #9999, #3771, #4285, #4481 ) ) ;
#8036 = EDGE_CURVE ( 'NONE', #6826, #6112, #1824, .T. ) ;
#8037 = EDGE_CURVE ( 'NONE', #3144, #2064, #6911, .T. ) ;
#8038 = DIRECTION ( 'NONE',  ( 0.7071067811865482389, 0.000000000000000000, -0.7071067811865469066 ) ) ;
#8039 = VECTOR ( 'NONE', #2943, 1000.000000000000000 ) ;
#8040 = ADVANCED_FACE ( 'NONE', ( #6092 ), #2683, .F. ) ;
#8041 = CARTESIAN_POINT ( 'NONE',  ( 44.99999999999998579, 30.77350269189626886, -7.090004157021228558E-15 ) ) ;
#8042 = LINE ( 'NONE', #4653, #5095 ) ;
#8043 = CARTESIAN_POINT ( 'NONE',  ( -10.72462220366566577, 39.77252922750778907, -45.00000000000000711 ) ) ;
#8044 = CARTESIAN_POINT ( 'NONE',  ( -39.02809845431143998, -5.000000000000000000, -3.385147930571409988E-15 ) ) ;
#8045 = VERTEX_POINT ( 'NONE', #10073 ) ;
#8046 = ORIENTED_EDGE ( 'NONE', *, *, #4314, .T. ) ;
#8047 = VECTOR ( 'NONE', #5555, 1000.000000000000000 ) ;
#8048 = ORIENTED_EDGE ( 'NONE', *, *, #2927, .T. ) ;
#8049 = ORIENTED_EDGE ( 'NONE', *, *, #8867, .T. ) ;
#8050 = DIRECTION ( 'NONE',  ( 0.000000000000000000, -1.000000000000000000, 0.000000000000000000 ) ) ;
#8051 = ORIENTED_EDGE ( 'NONE', *, *, #5495, .F. ) ;
#8052 = EDGE_CURVE ( 'NONE', #10480, #6166, #905, .T. ) ;
#8053 = PLANE ( 'NONE',  #6384 ) ;
#8054 = CARTESIAN_POINT ( 'NONE',  ( 15.72462220366568175, 18.88772481033653250, 40.59999999999996589 ) ) ;
#8055 = LINE ( 'NONE', #7846, #3328 ) ;
#8056 = DIRECTION ( 'NONE',  ( -0.000000000000000000, -0.000000000000000000, 1.000000000000000000 ) ) ;
#8057 = LINE ( 'NONE', #8814, #10421 ) ;
#8058 = CARTESIAN_POINT ( 'NONE',  ( -32.17386661099702394, 10.22747077249215231, 44.99999999999999289 ) ) ;
#8059 = ORIENTED_EDGE ( 'NONE', *, *, #1933, .F. ) ;
#8060 = EDGE_CURVE ( 'NONE', #4979, #7451, #95, .T. ) ;
#8061 = EDGE_LOOP ( 'NONE', ( #518, #7216, #9131, #67, #10340, #2595 ) ) ;
#8062 = ADVANCED_FACE ( 'NONE', ( #9202 ), #7077, .F. ) ;
#8063 = DIRECTION ( 'NONE',  ( 0.000000000000000000, -1.000000000000000000, 0.000000000000000000 ) ) ;
#8064 = FACE_OUTER_BOUND ( 'NONE', #2563, .T. ) ;
#8065 = CARTESIAN_POINT ( 'NONE',  ( 44.99999999999998579, 19.22649730810373470, 1.769611680229744565E-16 ) ) ;
#8066 = DIRECTION ( 'NONE',  ( 0.000000000000000000, 0.5000000000000005551, -0.8660254037844382635 ) ) ;
#8067 = ORIENTED_EDGE ( 'NONE', *, *, #2422, .T. ) ;
#8068 = EDGE_CURVE ( 'NONE', #5370, #1686, #6965, .T. ) ;
#8069 = VECTOR ( 'NONE', #6610, 1000.000000000000000 ) ;
#8070 = ORIENTED_EDGE ( 'NONE', *, *, #9802, .T. ) ;
#8071 = LINE ( 'NONE', #8884, #8482 ) ;
#8072 = AXIS2_PLACEMENT_3D ( 'NONE', #2979, #596, #3878 ) ;
#8073 = CARTESIAN_POINT ( 'NONE',  ( 26.44924440733138127, 5.000000000000037303, -40.59999999999998721 ) ) ;
#8074 = CYLINDRICAL_SURFACE ( 'NONE', #8072, 2.000000000000001776 ) ;
#8075 = PLANE ( 'NONE',  #5464 ) ;
#8076 = CARTESIAN_POINT ( 'NONE',  ( -40.60000000000001563, 21.85702113901066923, -30.86759430765695456 ) ) ;
#8077 = CARTESIAN_POINT ( 'NONE',  ( 40.60000000000001563, -13.93115149115827300, -29.67009459051017117 ) ) ;
#8078 = VERTEX_POINT ( 'NONE', #426 ) ;
#8079 = LINE ( 'NONE', #7305, #1421 ) ;
#8080 = AXIS2_PLACEMENT_3D ( 'NONE', #3429, #5047, #9136 ) ;
#8081 = CARTESIAN_POINT ( 'NONE',  ( -45.00000000000002132, 30.77350269189626175, 21.44924440733135640 ) ) ;
#8082 = ORIENTED_EDGE ( 'NONE', *, *, #372, .T. ) ;
#8083 = EDGE_CURVE ( 'NONE', #1530, #7866, #5388, .T. ) ;
#8084 = VECTOR ( 'NONE', #10247, 1000.000000000000000 ) ;
#8085 = EDGE_LOOP ( 'NONE', ( #8654, #1090, #4959, #3132, #1354, #7548 ) ) ;
#8086 = EDGE_LOOP ( 'NONE', ( #4156, #3782, #2248, #132 ) ) ;
#8087 = ORIENTED_EDGE ( 'NONE', *, *, #3855, .F. ) ;
#8088 = VECTOR ( 'NONE', #9503, 999.9999999999998863 ) ;
#8089 = CARTESIAN_POINT ( 'NONE',  ( -45.00000000000002132, 13.11422211844029739, 5.724622203665675535 ) ) ;
#8090 = CARTESIAN_POINT ( 'NONE',  ( -45.00000000000001421, 13.11422211844028674, -27.17386661099702749 ) ) ;
#8091 = CARTESIAN_POINT ( 'NONE',  ( 44.99999999999998579, 27.88675134594812732, -16.44924440733135640 ) ) ;
#8092 = FACE_OUTER_BOUND ( 'NONE', #7003, .T. ) ;
#8093 = PLANE ( 'NONE',  #592 ) ;
#8094 = VECTOR ( 'NONE', #10224, 1000.000000000000000 ) ;
#8095 = ORIENTED_EDGE ( 'NONE', *, *, #6759, .F. ) ;
#8096 = AXIS2_PLACEMENT_3D ( 'NONE', #432, #485, #8721 ) ;
#8097 = VECTOR ( 'NONE', #7514, 1000.000000000000000 ) ;
#8098 = EDGE_CURVE ( 'NONE', #2631, #7290, #2849, .T. ) ;
#8099 = VERTEX_POINT ( 'NONE', #10449 ) ;
#8100 = CARTESIAN_POINT ( 'NONE',  ( 20.00000000000002842, -5.000000000000000000, 20.00000000000000355 ) ) ;
#8101 = ORIENTED_EDGE ( 'NONE', *, *, #7046, .F. ) ;
#8102 = PLANE ( 'NONE',  #9345 ) ;
#8103 = LINE ( 'NONE', #3752, #8268 ) ;
#8104 = CARTESIAN_POINT ( 'NONE',  ( 40.60000000000001563, 39.80507045122018184, -20.50528320582409592 ) ) ;
#8105 = PLANE ( 'NONE',  #4246 ) ;
#8106 = EDGE_LOOP ( 'NONE', ( #8474, #5637, #2834, #9151 ) ) ;
#8107 = CARTESIAN_POINT ( 'NONE',  ( 27.17386661099703460, 18.88772481033651474, 40.59999999999996589 ) ) ;
#8108 = VERTEX_POINT ( 'NONE', #9543 ) ;
#8109 = EDGE_CURVE ( 'NONE', #5100, #9599, #1989, .T. ) ;
#8110 = VECTOR ( 'NONE', #1859, 1000.000000000000000 ) ;
#8111 = EDGE_CURVE ( 'NONE', #982, #6631, #9340, .T. ) ;
#8112 = ORIENTED_EDGE ( 'NONE', *, *, #9309, .T. ) ;
#8113 = DIRECTION ( 'NONE',  ( -0.1874275599918963087, -0.9642312064598242971, 0.1874275599918963364 ) ) ;
#8114 = DIRECTION ( 'NONE',  ( 0.000000000000000000, 0.5000000000000002220, 0.8660254037844384856 ) ) ;
#8115 = LINE ( 'NONE', #2108, #6544 ) ;
#8116 = ORIENTED_EDGE ( 'NONE', *, *, #6659, .T. ) ;
#8117 = CARTESIAN_POINT ( 'NONE',  ( 40.59999999999999432, 21.77447615628469180, -10.72462220366568530 ) ) ;
#8118 = ORIENTED_EDGE ( 'NONE', *, *, #10313, .F. ) ;
#8119 = EDGE_CURVE ( 'NONE', #1246, #2976, #8768, .T. ) ;
#8120 = CIRCLE ( 'NONE', #5332, 16.50000000000000000 ) ;
#8121 = CARTESIAN_POINT ( 'NONE',  ( -40.60000000000001563, 21.77447615628469180, -10.72462220366567820 ) ) ;
#8122 = DIRECTION ( 'NONE',  ( 0.8660254037844384856, -0.5000000000000001110, 0.000000000000000000 ) ) ;
#8123 = DIRECTION ( 'NONE',  ( -0.000000000000000000, -0.000000000000000000, 1.000000000000000000 ) ) ;
#8124 = DIRECTION ( 'NONE',  ( -0.8660254037844389297, 0.4999999999999994449, 0.000000000000000000 ) ) ;
#8125 = VECTOR ( 'NONE', #2625, 1000.000000000000000 ) ;
#8126 = FACE_BOUND ( 'NONE', #9456, .T. ) ;
#8127 = CARTESIAN_POINT ( 'NONE',  ( 40.60000000000001563, 4.999999999999997335, 15.72462220366567465 ) ) ;
#8128 = ORIENTED_EDGE ( 'NONE', *, *, #673, .T. ) ;
#8129 = CARTESIAN_POINT ( 'NONE',  ( -45.00000000000002132, 10.22747077249216652, 32.17386661099703815 ) ) ;
#8130 = DIRECTION ( 'NONE',  ( 0.000000000000000000, -0.5000000000000005551, 0.8660254037844382635 ) ) ;
#8131 = ORIENTED_EDGE ( 'NONE', *, *, #4219, .F. ) ;
#8132 = VECTOR ( 'NONE', #6299, 1000.000000000000114 ) ;
#8133 = ORIENTED_EDGE ( 'NONE', *, *, #80, .F. ) ;
#8134 = VECTOR ( 'NONE', #3161, 1000.000000000000000 ) ;
#8135 = ORIENTED_EDGE ( 'NONE', *, *, #6658, .F. ) ;
#8136 = EDGE_CURVE ( 'NONE', #10667, #3682, #4457, .T. ) ;
#8137 = DIRECTION ( 'NONE',  ( -0.000000000000000000, -0.000000000000000000, 1.000000000000000000 ) ) ;
#8138 = DIRECTION ( 'NONE',  ( -3.854941057726239700E-17, 0.8660254037844385966, -0.5000000000000002220 ) ) ;
#8139 = LINE ( 'NONE', #7112, #3720 ) ;
#8140 = DIRECTION ( 'NONE',  ( -1.000000000000000000, -4.506943796211494843E-16, 0.000000000000000000 ) ) ;
#8141 = LINE ( 'NONE', #715, #6623 ) ;
#8142 = ORIENTED_EDGE ( 'NONE', *, *, #3863, .T. ) ;
#8143 = VECTOR ( 'NONE', #3701, 1000.000000000000000 ) ;
#8144 = ORIENTED_EDGE ( 'NONE', *, *, #4413, .T. ) ;
#8145 = VERTEX_POINT ( 'NONE', #2907 ) ;
#8146 = DIRECTION ( 'NONE',  ( 1.000000000000000000, -0.000000000000000000, -7.709882115452476934E-17 ) ) ;
#8147 = ORIENTED_EDGE ( 'NONE', *, *, #8441, .T. ) ;
#8148 = DIRECTION ( 'NONE',  ( 7.709882115452476934E-17, 0.000000000000000000, 1.000000000000000000 ) ) ;
#8149 = CARTESIAN_POINT ( 'NONE',  ( 40.60000000000001563, 4.999999999999997335, 5.724622203665666653 ) ) ;
#8150 = FACE_OUTER_BOUND ( 'NONE', #6963, .T. ) ;
#8151 = DIRECTION ( 'NONE',  ( -0.8660254037844385966, 0.5000000000000002220, 0.000000000000000000 ) ) ;
#8152 = LINE ( 'NONE', #1049, #1163 ) ;
#8153 = ORIENTED_EDGE ( 'NONE', *, *, #10547, .T. ) ;
#8154 = CARTESIAN_POINT ( 'NONE',  ( 10.72462220366568886, 28.22552384371528333, 44.99999999999999289 ) ) ;
#8155 = VERTEX_POINT ( 'NONE', #4516 ) ;
#8156 = VECTOR ( 'NONE', #9383, 1000.000000000000227 ) ;
#8157 = EDGE_CURVE ( 'NONE', #449, #7868, #7845, .T. ) ;
#8158 = ADVANCED_FACE ( 'NONE', ( #2105 ), #10635, .F. ) ;
#8159 = EDGE_CURVE ( 'NONE', #8691, #1221, #7358, .T. ) ;
#8160 = DIRECTION ( 'NONE',  ( 0.000000000000000000, 0.000000000000000000, -1.000000000000000000 ) ) ;
#8161 = CARTESIAN_POINT ( 'NONE',  ( -15.72462220366566754, 13.11422211844027608, 44.99999999999999289 ) ) ;
#8162 = CARTESIAN_POINT ( 'NONE',  ( -45.00000000000001421, 31.11227518966343553, 5.724622203665675535 ) ) ;
#8163 = EDGE_LOOP ( 'NONE', ( #8897, #6811, #8860, #2409 ) ) ;
#8164 = LINE ( 'NONE', #3972, #811 ) ;
#8165 = ORIENTED_EDGE ( 'NONE', *, *, #7125, .F. ) ;
#8166 = VECTOR ( 'NONE', #1078, 999.9999999999998863 ) ;
#8167 = ORIENTED_EDGE ( 'NONE', *, *, #1222, .F. ) ;
#8168 = DIRECTION ( 'NONE',  ( -0.8660254037844381525, -0.5000000000000006661, 0.000000000000000000 ) ) ;
#8169 = AXIS2_PLACEMENT_3D ( 'NONE', #6235, #9570, #2133 ) ;
#8170 = EDGE_CURVE ( 'NONE', #4769, #5919, #8819, .T. ) ;
#8171 = CARTESIAN_POINT ( 'NONE',  ( -45.00000000000002132, 30.77350269189626175, 21.44924440733135640 ) ) ;
#8172 = DIRECTION ( 'NONE',  ( 0.7071067811865479058, 0.000000000000000000, 0.7071067811865472397 ) ) ;
#8173 = CARTESIAN_POINT ( 'NONE',  ( -5.724622203665671094, 36.88577788155966886, -45.00000000000000711 ) ) ;
#8174 = CARTESIAN_POINT ( 'NONE',  ( -37.17386661099703105, 18.88772481033652184, 40.59999999999996589 ) ) ;
#8175 = DIRECTION ( 'NONE',  ( 0.000000000000000000, 1.000000000000000000, 0.000000000000000000 ) ) ;
#8176 = ORIENTED_EDGE ( 'NONE', *, *, #1543, .F. ) ;
#8177 = LINE ( 'NONE', #3337, #10068 ) ;
#8178 = CARTESIAN_POINT ( 'NONE',  ( -21.44924440733134219, 30.77350269189622267, -40.59999999999998721 ) ) ;
#8179 = VERTEX_POINT ( 'NONE', #535 ) ;
#8180 = ADVANCED_FACE ( 'NONE', ( #3763 ), #2159, .F. ) ;
#8181 = VERTEX_POINT ( 'NONE', #2965 ) ;
#8182 = CARTESIAN_POINT ( 'NONE',  ( -45.00000000000001421, 30.77350269189626886, -1.511102531139998355E-16 ) ) ;
#8183 = LINE ( 'NONE', #2539, #1115 ) ;
#8184 = CYLINDRICAL_SURFACE ( 'NONE', #5964, 2.000000000000001776 ) ;
#8185 = CARTESIAN_POINT ( 'NONE',  ( -10.72462220366566577, 21.77447615628465272, -45.00000000000000711 ) ) ;
#8186 = LINE ( 'NONE', #7532, #9426 ) ;
#8187 = VECTOR ( 'NONE', #2396, 999.9999999999998863 ) ;
#8188 = EDGE_LOOP ( 'NONE', ( #8567, #5175, #1189, #737 ) ) ;
#8189 = EDGE_LOOP ( 'NONE', ( #3539, #10583, #10244, #5561 ) ) ;
#8190 = ORIENTED_EDGE ( 'NONE', *, *, #4745, .T. ) ;
#8191 = EDGE_CURVE ( 'NONE', #276, #2619, #6260, .T. ) ;
#8192 = ADVANCED_FACE ( 'NONE', ( #4623 ), #7961, .F. ) ;
#8193 = ORIENTED_EDGE ( 'NONE', *, *, #2474, .T. ) ;
#8194 = VECTOR ( 'NONE', #3347, 1000.000000000000000 ) ;
#8195 = ORIENTED_EDGE ( 'NONE', *, *, #4704, .T. ) ;
#8196 = DIRECTION ( 'NONE',  ( 0.8660254037844383745, 0.5000000000000003331, 0.000000000000000000 ) ) ;
#8197 = ORIENTED_EDGE ( 'NONE', *, *, #236, .T. ) ;
#8198 = CARTESIAN_POINT ( 'NONE',  ( -45.00000000000002132, 39.77252922750783171, 32.17386661099703105 ) ) ;
#8199 = FACE_BOUND ( 'NONE', #5908, .T. ) ;
#8200 = CARTESIAN_POINT ( 'NONE',  ( 40.60000000000001563, 36.88577788155969728, -37.17386661099704526 ) ) ;
#8201 = CARTESIAN_POINT ( 'NONE',  ( -45.00000000000001421, 31.11227518966343553, -37.17386661099703815 ) ) ;
#8202 = EDGE_CURVE ( 'NONE', #2964, #3142, #6310, .T. ) ;
#8203 = CARTESIAN_POINT ( 'NONE',  ( -40.60000000000001563, 4.999999999999997335, 40.59999999999998721 ) ) ;
#8204 = EDGE_LOOP ( 'NONE', ( #7675, #10004, #4168, #6532 ) ) ;
#8205 = CARTESIAN_POINT ( 'NONE',  ( 27.17386661099703815, 13.11422211844027608, -45.00000000000000711 ) ) ;
#8206 = ORIENTED_EDGE ( 'NONE', *, *, #9296, .F. ) ;
#8207 = VECTOR ( 'NONE', #6581, 1000.000000000000000 ) ;
#8208 = EDGE_CURVE ( 'NONE', #565, #5550, #4816, .T. ) ;
#8209 = ORIENTED_EDGE ( 'NONE', *, *, #5643, .T. ) ;
#8210 = VECTOR ( 'NONE', #8151, 999.9999999999998863 ) ;
#8211 = CARTESIAN_POINT ( 'NONE',  ( -27.17386661099702749, 31.11227518966341421, -40.59999999999998721 ) ) ;
#8212 = CARTESIAN_POINT ( 'NONE',  ( -19.76512771830454440, 1.999999999999988010, -3.501671751013961220 ) ) ;
#8213 = PLANE ( 'NONE',  #1554 ) ;
#8214 = VERTEX_POINT ( 'NONE', #1750 ) ;
#8215 = CARTESIAN_POINT ( 'NONE',  ( -20.00000000000001776, 0.000000000000000000, 19.99999999999998934 ) ) ;
#8216 = ORIENTED_EDGE ( 'NONE', *, *, #1934, .T. ) ;
#8217 = ORIENTED_EDGE ( 'NONE', *, *, #3221, .F. ) ;
#8218 = EDGE_CURVE ( 'NONE', #5950, #4911, #9836, .T. ) ;
#8219 = CARTESIAN_POINT ( 'NONE',  ( -45.00000000000002132, 21.77447615628469180, 10.72462220366567820 ) ) ;
#8220 = LINE ( 'NONE', #793, #10278 ) ;
#8221 = CARTESIAN_POINT ( 'NONE',  ( 16.44924440733135995, 27.88675134594808469, 40.59999999999996589 ) ) ;
#8222 = DIRECTION ( 'NONE',  ( 0.000000000000000000, -0.5000000000000002220, -0.8660254037844385966 ) ) ;
#8223 = CARTESIAN_POINT ( 'NONE',  ( 35.75340584961784174, -6.124303798041312419, -35.75340584961780621 ) ) ;
#8224 = CARTESIAN_POINT ( 'NONE',  ( 44.99999999999999289, 13.11422211844029384, 37.17386661099703105 ) ) ;
#8225 = ORIENTED_EDGE ( 'NONE', *, *, #9400, .T. ) ;
#8226 = DIRECTION ( 'NONE',  ( 4.506943796211493857E-16, -1.000000000000000000, 0.000000000000000000 ) ) ;
#8227 = LINE ( 'NONE', #1617, #8286 ) ;
#8228 = ORIENTED_EDGE ( 'NONE', *, *, #4496, .T. ) ;
#8229 = ADVANCED_FACE ( 'NONE', ( #5901 ), #9014, .F. ) ;
#8230 = ADVANCED_FACE ( 'NONE', ( #9180 ), #5731, .F. ) ;
#8231 = ORIENTED_EDGE ( 'NONE', *, *, #973, .F. ) ;
#8232 = LINE ( 'NONE', #5767, #9708 ) ;
#8233 = AXIS2_PLACEMENT_3D ( 'NONE', #10478, #9623, #1323 ) ;
#8234 = CARTESIAN_POINT ( 'NONE',  ( -17.71189761665426232, 44.64335621679314414, 40.59999999999998721 ) ) ;
#8235 = FACE_OUTER_BOUND ( 'NONE', #10041, .T. ) ;
#8236 = VECTOR ( 'NONE', #9646, 1000.000000000000000 ) ;
#8237 = CARTESIAN_POINT ( 'NONE',  ( -45.00000000000001421, 39.77252922750783171, -32.17386661099703105 ) ) ;
#8238 = CARTESIAN_POINT ( 'NONE',  ( 21.90009595609618742, 0.5472603780549547547, 3.582155912854196433 ) ) ;
#8239 = CARTESIAN_POINT ( 'NONE',  ( -40.00000000000003553, 0.000000000000000000, -3.469446951953617344E-15 ) ) ;
#8240 = CARTESIAN_POINT ( 'NONE',  ( 40.60000000000001563, 32.62264744138116157, -24.65205706398842622 ) ) ;
#8241 = ORIENTED_EDGE ( 'NONE', *, *, #10506, .T. ) ;
#8242 = ORIENTED_EDGE ( 'NONE', *, *, #7416, .F. ) ;
#8243 = ORIENTED_EDGE ( 'NONE', *, *, #2139, .F. ) ;
#8244 = VECTOR ( 'NONE', #9499, 1000.000000000000114 ) ;
#8245 = EDGE_CURVE ( 'NONE', #4760, #5726, #19, .T. ) ;
#8246 = VECTOR ( 'NONE', #8222, 999.9999999999998863 ) ;
#8247 = ORIENTED_EDGE ( 'NONE', *, *, #9438, .T. ) ;
#8248 = VECTOR ( 'NONE', #10660, 1000.000000000000000 ) ;
#8249 = PLANE ( 'NONE',  #1042 ) ;
#8250 = VECTOR ( 'NONE', #2406, 1000.000000000000000 ) ;
#8251 = DIRECTION ( 'NONE',  ( 1.000000000000000000, -0.000000000000000000, -7.709882115452476934E-17 ) ) ;
#8252 = FACE_OUTER_BOUND ( 'NONE', #4741, .T. ) ;
#8253 = DIRECTION ( 'NONE',  ( -1.000000000000000000, 0.000000000000000000, 7.709882115452476934E-17 ) ) ;
#8254 = ADVANCED_FACE ( 'NONE', ( #9885, #8199, #1587, #10683, #4106, #9067, #9936, #7543, #4870, #6724, #2497, #1640 ), #774, .F. ) ;
#8255 = PLANE ( 'NONE',  #744 ) ;
#8256 = DIRECTION ( 'NONE',  ( 0.000000000000000000, 1.000000000000000000, 0.000000000000000000 ) ) ;
#8257 = ORIENTED_EDGE ( 'NONE', *, *, #3287, .T. ) ;
#8258 = VECTOR ( 'NONE', #3017, 999.9999999999998863 ) ;
#8259 = CARTESIAN_POINT ( 'NONE',  ( 40.60000000000001563, -4.643356216793150359, -35.03240569234301205 ) ) ;
#8260 = EDGE_LOOP ( 'NONE', ( #2861, #9777, #3175, #6607 ) ) ;
#8261 = EDGE_LOOP ( 'NONE', ( #3850, #9817, #4515, #418 ) ) ;
#8262 = CARTESIAN_POINT ( 'NONE',  ( -45.00000000000001421, 36.88577788155969728, -5.724622203665674647 ) ) ;
#8263 = ADVANCED_FACE ( 'NONE', ( #7380, #1694, #3356, #4975, #5034, #8357, #8305, #182, #3416, #2614, #9994, #6554 ), #933, .F. ) ;
#8264 = ADVANCED_FACE ( 'NONE', ( #8252 ), #828, .F. ) ;
#8265 = DIRECTION ( 'NONE',  ( 0.000000000000000000, 0.5000000000000006661, -0.8660254037844383745 ) ) ;
#8266 = CARTESIAN_POINT ( 'NONE',  ( 20.00000000000002842, -5.000000000000000000, 20.00000000000000355 ) ) ;
#8267 = FACE_OUTER_BOUND ( 'NONE', #10048, .T. ) ;
#8268 = VECTOR ( 'NONE', #5426, 1000.000000000000000 ) ;
#8269 = ORIENTED_EDGE ( 'NONE', *, *, #4780, .F. ) ;
#8270 = DIRECTION ( 'NONE',  ( -0.8660254037844389297, 0.4999999999999995004, 0.000000000000000000 ) ) ;
#8271 = EDGE_LOOP ( 'NONE', ( #1273, #7660, #77, #144 ) ) ;
#8272 = VERTEX_POINT ( 'NONE', #5683 ) ;
#8273 = EDGE_LOOP ( 'NONE', ( #2942, #5627, #10016, #8011 ) ) ;
#8274 = DIRECTION ( 'NONE',  ( -6.009258394948640069E-16, 1.000000000000000000, 0.000000000000000000 ) ) ;
#8275 = DIRECTION ( 'NONE',  ( 0.000000000000000000, -0.5000000000000006661, 0.8660254037844383745 ) ) ;
#8276 = CARTESIAN_POINT ( 'NONE',  ( -9.545941546018369195, 0.000000000000000000, 9.545941546018378077 ) ) ;
#8277 = LINE ( 'NONE', #649, #2700 ) ;
#8278 = DIRECTION ( 'NONE',  ( -0.3939192985791680202, 0.000000000000000000, -0.9191450300180578070 ) ) ;
#8279 = DIRECTION ( 'NONE',  ( 0.8660254037844383745, 0.5000000000000004441, 0.000000000000000000 ) ) ;
#8280 = ORIENTED_EDGE ( 'NONE', *, *, #4055, .F. ) ;
#8281 = EDGE_CURVE ( 'NONE', #5497, #353, #6662, .T. ) ;
#8282 = CARTESIAN_POINT ( 'NONE',  ( 16.44924440733135995, 27.88675134594808469, -45.00000000000000711 ) ) ;
#8283 = DIRECTION ( 'NONE',  ( -6.009258394948641055E-16, 1.000000000000000000, 0.000000000000000000 ) ) ;
#8284 = ORIENTED_EDGE ( 'NONE', *, *, #3070, .F. ) ;
#8285 = ORIENTED_EDGE ( 'NONE', *, *, #2186, .T. ) ;
#8286 = VECTOR ( 'NONE', #7354, 1000.000000000000000 ) ;
#8287 = CARTESIAN_POINT ( 'NONE',  ( -45.00000000000001421, 18.88772481033656092, -37.17386661099703815 ) ) ;
#8288 = VECTOR ( 'NONE', #5021, 1000.000000000000000 ) ;
#8289 = CARTESIAN_POINT ( 'NONE',  ( -19.76512771830454440, 0.000000000000000000, -3.501671751013960776 ) ) ;
#8290 = CARTESIAN_POINT ( 'NONE',  ( 44.99999999999998579, 39.77252922750783171, 10.72462220366567109 ) ) ;
#8291 = EDGE_CURVE ( 'NONE', #5528, #399, #5082, .T. ) ;
#8292 = FACE_OUTER_BOUND ( 'NONE', #9956, .T. ) ;
#8293 = CARTESIAN_POINT ( 'NONE',  ( -31.24794293601152617, -11.19823799011147436, -40.59999999999998721 ) ) ;
#8294 = EDGE_CURVE ( 'NONE', #9954, #531, #4267, .T. ) ;
#8295 = VECTOR ( 'NONE', #10270, 999.9999999999998863 ) ;
#8296 = VERTEX_POINT ( 'NONE', #2779 ) ;
#8297 = ORIENTED_EDGE ( 'NONE', *, *, #1114, .T. ) ;
#8298 = AXIS2_PLACEMENT_3D ( 'NONE', #4137, #9149, #154 ) ;
#8299 = VERTEX_POINT ( 'NONE', #342 ) ;
#8300 = VERTEX_POINT ( 'NONE', #1155 ) ;
#8301 = VECTOR ( 'NONE', #6884, 1000.000000000000000 ) ;
#8302 = DIRECTION ( 'NONE',  ( 0.8660254037844385966, -0.5000000000000002220, 0.000000000000000000 ) ) ;
#8303 = VECTOR ( 'NONE', #244, 1000.000000000000000 ) ;
#8304 = DIRECTION ( 'NONE',  ( -0.4999999999999993339, 0.7071067811865484609, -0.4999999999999994449 ) ) ;
#8305 = FACE_BOUND ( 'NONE', #3797, .T. ) ;
#8306 = LINE ( 'NONE', #3251, #3583 ) ;
#8307 = VECTOR ( 'NONE', #7043, 1000.000000000000000 ) ;
#8308 = CARTESIAN_POINT ( 'NONE',  ( -33.34396987557883563, 1.999999999999988010, -17.08051390828823912 ) ) ;
#8309 = EDGE_CURVE ( 'NONE', #10520, #6800, #6945, .T. ) ;
#8310 = ADVANCED_FACE ( 'NONE', ( #6069 ), #4492, .F. ) ;
#8311 = LINE ( 'NONE', #3473, #9988 ) ;
#8312 = ORIENTED_EDGE ( 'NONE', *, *, #10472, .T. ) ;
#8313 = PLANE ( 'NONE',  #10219 ) ;
#8314 = EDGE_LOOP ( 'NONE', ( #5179, #7998, #9945, #7540 ) ) ;
#8315 = VECTOR ( 'NONE', #4512, 1000.000000000000000 ) ;
#8316 = ORIENTED_EDGE ( 'NONE', *, *, #1609, .F. ) ;
#8317 = EDGE_CURVE ( 'NONE', #16, #8702, #2883, .T. ) ;
#8318 = ORIENTED_EDGE ( 'NONE', *, *, #1159, .F. ) ;
#8319 = DIRECTION ( 'NONE',  ( 1.000000000000000000, 6.009258394948641055E-16, 0.000000000000000000 ) ) ;
#8320 = DIRECTION ( 'NONE',  ( 0.7071067811865477948, 0.000000000000000000, 0.7071067811865473507 ) ) ;
#8321 = CARTESIAN_POINT ( 'NONE',  ( -16.44924440733134574, 22.11324865405184426, -45.00000000000000711 ) ) ;
#8322 = DIRECTION ( 'NONE',  ( -7.709882115452476934E-17, 0.000000000000000000, -1.000000000000000000 ) ) ;
#8323 = ORIENTED_EDGE ( 'NONE', *, *, #3644, .F. ) ;
#8324 = DIRECTION ( 'NONE',  ( -3.854941057726240316E-17, 0.8660254037844385966, -0.5000000000000003331 ) ) ;
#8325 = EDGE_LOOP ( 'NONE', ( #70, #1786, #2590, #9021 ) ) ;
#8326 = ORIENTED_EDGE ( 'NONE', *, *, #145, .T. ) ;
#8327 = EDGE_CURVE ( 'NONE', #4182, #4456, #232, .T. ) ;
#8328 = EDGE_CURVE ( 'NONE', #7324, #6003, #6010, .T. ) ;
#8329 = VERTEX_POINT ( 'NONE', #2828 ) ;
#8330 = CARTESIAN_POINT ( 'NONE',  ( -45.00000000000001421, 27.88675134594813443, -5.000000000000001776 ) ) ;
#8331 = LINE ( 'NONE', #906, #8957 ) ;
#8332 = VECTOR ( 'NONE', #4085, 1000.000000000000000 ) ;
#8333 = DIRECTION ( 'NONE',  ( 0.000000000000000000, -1.000000000000000000, 0.000000000000000000 ) ) ;
#8334 = DIRECTION ( 'NONE',  ( -0.000000000000000000, -0.000000000000000000, 1.000000000000000000 ) ) ;
#8335 = CARTESIAN_POINT ( 'NONE',  ( -16.44924440733134929, 27.88675134594810245, -45.00000000000000711 ) ) ;
#8336 = DIRECTION ( 'NONE',  ( 0.000000000000000000, -0.000000000000000000, 1.000000000000000000 ) ) ;
#8337 = DIRECTION ( 'NONE',  ( 1.000000000000000000, 6.009258394948641055E-16, 0.000000000000000000 ) ) ;
#8338 = ORIENTED_EDGE ( 'NONE', *, *, #3708, .F. ) ;
#8339 = CARTESIAN_POINT ( 'NONE',  ( 40.60000000000001563, -4.015814980272425672, -35.39471679417584227 ) ) ;
#8340 = DIRECTION ( 'NONE',  ( 1.000000000000000000, -0.000000000000000000, -7.709882115452476934E-17 ) ) ;
#8341 = ORIENTED_EDGE ( 'NONE', *, *, #6435, .F. ) ;
#8342 = PLANE ( 'NONE',  #9382 ) ;
#8343 = DIRECTION ( 'NONE',  ( 3.854941057726242165E-17, 0.8660254037844383745, 0.5000000000000006661 ) ) ;
#8344 = FACE_OUTER_BOUND ( 'NONE', #6951, .T. ) ;
#8345 = LINE ( 'NONE', #5888, #6202 ) ;
#8346 = CARTESIAN_POINT ( 'NONE',  ( -29.65205706398846885, 23.96239340353677960, 40.59999999999998721 ) ) ;
#8347 = FACE_OUTER_BOUND ( 'NONE', #7423, .T. ) ;
#8348 = ORIENTED_EDGE ( 'NONE', *, *, #2955, .T. ) ;
#8349 = EDGE_LOOP ( 'NONE', ( #4206, #3190, #2624, #8284 ) ) ;
#8350 = EDGE_LOOP ( 'NONE', ( #2296, #3463, #5079, #10119 ) ) ;
#8351 = EDGE_CURVE ( 'NONE', #8300, #818, #7658, .T. ) ;
#8352 = EDGE_CURVE ( 'NONE', #3608, #1606, #3631, .T. ) ;
#8353 = ORIENTED_EDGE ( 'NONE', *, *, #7696, .T. ) ;
#8354 = EDGE_CURVE ( 'NONE', #10678, #8408, #10209, .T. ) ;
#8355 = PLANE ( 'NONE',  #6038 ) ;
#8356 = CARTESIAN_POINT ( 'NONE',  ( -27.17386661099702749, 13.11422211844028318, 40.59999999999996589 ) ) ;
#8357 = FACE_BOUND ( 'NONE', #2854, .T. ) ;
#8358 = DIRECTION ( 'NONE',  ( -0.000000000000000000, -0.000000000000000000, 1.000000000000000000 ) ) ;
#8359 = VERTEX_POINT ( 'NONE', #6124 ) ;
#8360 = DIRECTION ( 'NONE',  ( 0.7071067811865479058, -0.000000000000000000, 0.7071067811865472397 ) ) ;
#8361 = CARTESIAN_POINT ( 'NONE',  ( -32.17386661099702394, 39.77252922750778907, -40.59999999999998721 ) ) ;
#8362 = ORIENTED_EDGE ( 'NONE', *, *, #9201, .F. ) ;
#8363 = VERTEX_POINT ( 'NONE', #9286 ) ;
#8364 = VECTOR ( 'NONE', #10358, 999.9999999999998863 ) ;
#8365 = ORIENTED_EDGE ( 'NONE', *, *, #615, .F. ) ;
#8366 = EDGE_CURVE ( 'NONE', #10647, #8569, #7708, .T. ) ;
#8367 = EDGE_CURVE ( 'NONE', #2548, #6379, #1914, .T. ) ;
#8368 = PLANE ( 'NONE',  #2975 ) ;
#8369 = ORIENTED_EDGE ( 'NONE', *, *, #9464, .F. ) ;
#8370 = CARTESIAN_POINT ( 'NONE',  ( 10.28129369291626283, 4.999999999999997335, 10.28129369291626993 ) ) ;
#8371 = VECTOR ( 'NONE', #3834, 1000.000000000000000 ) ;
#8372 = LINE ( 'NONE', #3371, #5109 ) ;
#8373 = DIRECTION ( 'NONE',  ( -1.000000000000000000, -4.506943796211494843E-16, 0.000000000000000000 ) ) ;
#8374 = CARTESIAN_POINT ( 'NONE',  ( -45.00000000000001421, 36.88577788155969728, -15.72462220366567820 ) ) ;
#8375 = FACE_OUTER_BOUND ( 'NONE', #2719, .T. ) ;
#8376 = ORIENTED_EDGE ( 'NONE', *, *, #2648, .F. ) ;
#8377 = ADVANCED_FACE ( 'NONE', ( #5200 ), #10101, .F. ) ;
#8378 = VERTEX_POINT ( 'NONE', #4435 ) ;
#8379 = EDGE_CURVE ( 'NONE', #6461, #7762, #2082, .T. ) ;
#8380 = ORIENTED_EDGE ( 'NONE', *, *, #10637, .T. ) ;
#8381 = VERTEX_POINT ( 'NONE', #8525 ) ;
#8382 = VECTOR ( 'NONE', #9329, 1000.000000000000000 ) ;
#8383 = CARTESIAN_POINT ( 'NONE',  ( -32.17386661099702394, 28.22552384371528333, -45.00000000000000711 ) ) ;
#8384 = CARTESIAN_POINT ( 'NONE',  ( 20.00000000000003197, -5.000000000000000000, -20.00000000000001421 ) ) ;
#8385 = PLANE ( 'NONE',  #8543 ) ;
#8386 = DIRECTION ( 'NONE',  ( -0.000000000000000000, -0.000000000000000000, 1.000000000000000000 ) ) ;
#8387 = LINE ( 'NONE', #3543, #4933 ) ;
#8388 = EDGE_CURVE ( 'NONE', #3580, #1453, #8694, .T. ) ;
#8389 = DIRECTION ( 'NONE',  ( 0.1874275599918963087, 0.9642312064598242971, -0.1874275599918962809 ) ) ;
#8390 = DIRECTION ( 'NONE',  ( 0.000000000000000000, -0.5000000000000002220, -0.8660254037844384856 ) ) ;
#8391 = ORIENTED_EDGE ( 'NONE', *, *, #9452, .T. ) ;
#8392 = PLANE ( 'NONE',  #8010 ) ;
#8393 = DIRECTION ( 'NONE',  ( 4.506943796211493857E-16, -1.000000000000000000, 0.000000000000000000 ) ) ;
#8394 = VERTEX_POINT ( 'NONE', #1102 ) ;
#8395 = CARTESIAN_POINT ( 'NONE',  ( 40.60000000000001563, 35.35556094242800640, -23.07420871848706057 ) ) ;
#8396 = ORIENTED_EDGE ( 'NONE', *, *, #4798, .T. ) ;
#8397 = CARTESIAN_POINT ( 'NONE',  ( 40.60000000000001563, 4.999999999999997335, 40.59999999999998721 ) ) ;
#8398 = CARTESIAN_POINT ( 'NONE',  ( 20.00000000000002842, 46.66904755831214402, 20.00000000000000355 ) ) ;
#8399 = PLANE ( 'NONE',  #6493 ) ;
#8400 = LINE ( 'NONE', #3406, #7599 ) ;
#8401 = CARTESIAN_POINT ( 'NONE',  ( 26.44924440733136706, 22.11324865405184426, 40.59999999999996589 ) ) ;
#8402 = ADVANCED_FACE ( 'NONE', ( #1271 ), #3575, .F. ) ;
#8403 = CARTESIAN_POINT ( 'NONE',  ( -10.72462220366566577, 39.77252922750778907, 40.59999999999998721 ) ) ;
#8404 = ORIENTED_EDGE ( 'NONE', *, *, #4546, .T. ) ;
#8405 = ORIENTED_EDGE ( 'NONE', *, *, #2154, .T. ) ;
#8406 = VECTOR ( 'NONE', #2135, 1000.000000000000000 ) ;
#8407 = ORIENTED_EDGE ( 'NONE', *, *, #701, .T. ) ;
#8408 = VERTEX_POINT ( 'NONE', #5141 ) ;
#8409 = EDGE_LOOP ( 'NONE', ( #6168, #4930, #7183, #604 ) ) ;
#8410 = ORIENTED_EDGE ( 'NONE', *, *, #8529, .F. ) ;
#8411 = DIRECTION ( 'NONE',  ( 0.000000000000000000, 1.000000000000000000, 0.000000000000000000 ) ) ;
#8412 = DIRECTION ( 'NONE',  ( 0.000000000000000000, 0.5000000000000005551, -0.8660254037844382635 ) ) ;
#8413 = DIRECTION ( 'NONE',  ( 1.000000000000000000, 0.000000000000000000, -0.000000000000000000 ) ) ;
#8414 = DIRECTION ( 'NONE',  ( -0.000000000000000000, -0.000000000000000000, 1.000000000000000000 ) ) ;
#8415 = CARTESIAN_POINT ( 'NONE',  ( -4.999999999999990230, 5.000000000000013323, -40.59999999999998721 ) ) ;
#8416 = AXIS2_PLACEMENT_3D ( 'NONE', #45, #1561, #4843 ) ;
#8417 = LINE ( 'NONE', #937, #1504 ) ;
#8418 = ORIENTED_EDGE ( 'NONE', *, *, #1769, .F. ) ;
#8419 = EDGE_CURVE ( 'NONE', #5990, #6721, #5953, .T. ) ;
#8420 = AXIS2_PLACEMENT_3D ( 'NONE', #4174, #8373, #8429 ) ;
#8421 = VECTOR ( 'NONE', #5403, 1000.000000000000114 ) ;
#8422 = ORIENTED_EDGE ( 'NONE', *, *, #10136, .T. ) ;
#8423 = VECTOR ( 'NONE', #8063, 1000.000000000000000 ) ;
#8424 = DIRECTION ( 'NONE',  ( 0.000000000000000000, 0.5000000000000005551, -0.8660254037844382635 ) ) ;
#8425 = VERTEX_POINT ( 'NONE', #3519 ) ;
#8426 = CARTESIAN_POINT ( 'NONE',  ( -45.00000000000001421, 19.22649730810372759, -21.44924440733134929 ) ) ;
#8427 = CARTESIAN_POINT ( 'NONE',  ( -45.00000000000001421, 10.22747077249215941, -32.17386661099702394 ) ) ;
#8428 = EDGE_CURVE ( 'NONE', #4557, #9311, #6834, .T. ) ;
#8429 = DIRECTION ( 'NONE',  ( 4.506943796211494843E-16, -1.000000000000000000, 0.000000000000000000 ) ) ;
#8430 = CARTESIAN_POINT ( 'NONE',  ( 40.59999999999998721, 31.11227518966342487, 37.17386661099703105 ) ) ;
#8431 = EDGE_CURVE ( 'NONE', #1268, #3526, #2188, .T. ) ;
#8432 = ORIENTED_EDGE ( 'NONE', *, *, #9234, .F. ) ;
#8433 = ORIENTED_EDGE ( 'NONE', *, *, #284, .T. ) ;
#8434 = ORIENTED_EDGE ( 'NONE', *, *, #3369, .F. ) ;
#8435 = LINE ( 'NONE', #9312, #10050 ) ;
#8436 = DIRECTION ( 'NONE',  ( -3.854941057726239700E-17, 0.8660254037844385966, -0.5000000000000002220 ) ) ;
#8437 = LINE ( 'NONE', #10178, #768 ) ;
#8438 = LINE ( 'NONE', #1015, #4761 ) ;
#8439 = FACE_OUTER_BOUND ( 'NONE', #3353, .T. ) ;
#8440 = DIRECTION ( 'NONE',  ( 0.000000000000000000, 0.5000000000000006661, -0.8660254037844383745 ) ) ;
#8441 = EDGE_CURVE ( 'NONE', #9753, #890, #562, .T. ) ;
#8442 = ORIENTED_EDGE ( 'NONE', *, *, #4677, .F. ) ;
#8443 = DIRECTION ( 'NONE',  ( 0.000000000000000000, 0.5000000000000005551, -0.8660254037844382635 ) ) ;
#8444 = PLANE ( 'NONE',  #2748 ) ;
#8445 = VERTEX_POINT ( 'NONE', #10527 ) ;
#8446 = ORIENTED_EDGE ( 'NONE', *, *, #2295, .F. ) ;
#8447 = DIRECTION ( 'NONE',  ( 0.000000000000000000, 1.000000000000000000, -0.000000000000000000 ) ) ;
#8448 = VERTEX_POINT ( 'NONE', #3848 ) ;
#8449 = CARTESIAN_POINT ( 'NONE',  ( 44.99999999999998579, 28.22552384371529755, -10.72462220366567820 ) ) ;
#8450 = CARTESIAN_POINT ( 'NONE',  ( -43.00000000000001421, 45.00000000000000000, -45.00000000000000711 ) ) ;
#8451 = CARTESIAN_POINT ( 'NONE',  ( 40.60000000000001563, 4.999999999999997335, -37.17386661099704526 ) ) ;
#8452 = LINE ( 'NONE', #1951, #5669 ) ;
#8453 = FACE_OUTER_BOUND ( 'NONE', #5304, .T. ) ;
#8454 = CARTESIAN_POINT ( 'NONE',  ( -30.86759430765699364, 21.85702113901066568, 40.59999999999998721 ) ) ;
#8455 = ORIENTED_EDGE ( 'NONE', *, *, #1732, .F. ) ;
#8456 = ORIENTED_EDGE ( 'NONE', *, *, #9670, .F. ) ;
#8457 = VERTEX_POINT ( 'NONE', #2939 ) ;
#8458 = ORIENTED_EDGE ( 'NONE', *, *, #6445, .F. ) ;
#8459 = VECTOR ( 'NONE', #5167, 999.9999999999998863 ) ;
#8460 = EDGE_CURVE ( 'NONE', #6506, #8532, #7264, .T. ) ;
#8461 = EDGE_CURVE ( 'NONE', #4848, #1106, #1523, .T. ) ;
#8462 = ORIENTED_EDGE ( 'NONE', *, *, #9153, .T. ) ;
#8463 = VECTOR ( 'NONE', #326, 1000.000000000000000 ) ;
#8464 = ORIENTED_EDGE ( 'NONE', *, *, #3314, .F. ) ;
#8465 = LINE ( 'NONE', #4432, #1912 ) ;
#8466 = AXIS2_PLACEMENT_3D ( 'NONE', #10487, #8148, #3103 ) ;
#8467 = LINE ( 'NONE', #2882, #1396 ) ;
#8468 = CARTESIAN_POINT ( 'NONE',  ( 26.44924440733135995, 27.88675134594810245, -45.00000000000000711 ) ) ;
#8469 = LINE ( 'NONE', #5902, #312 ) ;
#8470 = VERTEX_POINT ( 'NONE', #10578 ) ;
#8471 = FACE_OUTER_BOUND ( 'NONE', #9968, .T. ) ;
#8472 = CARTESIAN_POINT ( 'NONE',  ( -26.44924440733134929, 27.88675134594808469, -40.59999999999998721 ) ) ;
#8473 = AXIS2_PLACEMENT_3D ( 'NONE', #2356, #2568, #9081 ) ;
#8474 = ORIENTED_EDGE ( 'NONE', *, *, #2222, .F. ) ;
#8475 = AXIS2_PLACEMENT_3D ( 'NONE', #671, #4665, #7123 ) ;
#8476 = EDGE_LOOP ( 'NONE', ( #10200, #5078, #1656, #3156 ) ) ;
#8477 = ORIENTED_EDGE ( 'NONE', *, *, #7242, .F. ) ;
#8478 = AXIS2_PLACEMENT_3D ( 'NONE', #10117, #950, #9477 ) ;
#8479 = DIRECTION ( 'NONE',  ( -0.5000000000000007772, 0.8660254037844382635, 0.000000000000000000 ) ) ;
#8480 = VERTEX_POINT ( 'NONE', #1377 ) ;
#8481 = CARTESIAN_POINT ( 'NONE',  ( 22.83773761351897136, 0.000000000000000000, 3.745854521482224531 ) ) ;
#8482 = VECTOR ( 'NONE', #1409, 1000.000000000000000 ) ;
#8483 = CARTESIAN_POINT ( 'NONE',  ( 37.17386661099703815, 13.11422211844027608, 44.99999999999999289 ) ) ;
#8484 = CARTESIAN_POINT ( 'NONE',  ( -32.17386661099702394, 10.22747077249215231, 44.99999999999999289 ) ) ;
#8485 = DIRECTION ( 'NONE',  ( 3.854941057726242165E-17, 0.8660254037844383745, 0.5000000000000006661 ) ) ;
#8486 = AXIS2_PLACEMENT_3D ( 'NONE', #1153, #7766, #2551 ) ;
#8487 = EDGE_LOOP ( 'NONE', ( #1385, #4455, #10214, #2768 ) ) ;
#8488 = ORIENTED_EDGE ( 'NONE', *, *, #3523, .F. ) ;
#8489 = VECTOR ( 'NONE', #1418, 999.9999999999998863 ) ;
#8490 = ORIENTED_EDGE ( 'NONE', *, *, #1284, .F. ) ;
#8491 = EDGE_CURVE ( 'NONE', #8943, #8378, #511, .T. ) ;
#8492 = VERTEX_POINT ( 'NONE', #7208 ) ;
#8493 = EDGE_CURVE ( 'NONE', #10267, #7509, #1426, .T. ) ;
#8494 = ADVANCED_FACE ( 'NONE', ( #6440 ), #8749, .F. ) ;
#8495 = CARTESIAN_POINT ( 'NONE',  ( 37.17386661099703815, 13.11422211844027608, -45.00000000000000711 ) ) ;
#8496 = ADVANCED_FACE ( 'NONE', ( #7159 ), #3092, .F. ) ;
#8497 = DIRECTION ( 'NONE',  ( 1.000000000000000000, -0.000000000000000000, -7.709882115452476934E-17 ) ) ;
#8498 = FACE_OUTER_BOUND ( 'NONE', #4074, .T. ) ;
#8499 = LINE ( 'NONE', #3491, #9115 ) ;
#8500 = DIRECTION ( 'NONE',  ( 4.506943796211494843E-16, -1.000000000000000000, 0.000000000000000000 ) ) ;
#8501 = VERTEX_POINT ( 'NONE', #1475 ) ;
#8502 = CARTESIAN_POINT ( 'NONE',  ( 0.000000000000000000, 45.00000000000000000, 0.000000000000000000 ) ) ;
#8503 = DIRECTION ( 'NONE',  ( -0.000000000000000000, -0.000000000000000000, 1.000000000000000000 ) ) ;
#8504 = ORIENTED_EDGE ( 'NONE', *, *, #8518, .F. ) ;
#8505 = ADVANCED_FACE ( 'NONE', ( #6341 ), #7054, .F. ) ;
#8506 = VECTOR ( 'NONE', #9636, 1000.000000000000000 ) ;
#8507 = ORIENTED_EDGE ( 'NONE', *, *, #193, .F. ) ;
#8508 = CARTESIAN_POINT ( 'NONE',  ( 44.99999999999998579, 39.77252922750783171, 10.72462220366567109 ) ) ;
#8509 = FACE_OUTER_BOUND ( 'NONE', #10384, .T. ) ;
#8510 = CARTESIAN_POINT ( 'NONE',  ( -43.00000000000000711, 45.00000000000000000, 42.99999999999999289 ) ) ;
#8511 = DIRECTION ( 'NONE',  ( 0.8660254037844384856, 0.5000000000000004441, 0.000000000000000000 ) ) ;
#8512 = DIRECTION ( 'NONE',  ( 4.506943796211494843E-16, -1.000000000000000000, 0.000000000000000000 ) ) ;
#8513 = CARTESIAN_POINT ( 'NONE',  ( 5.724622203665683529, 18.88772481033651474, 40.59999999999996589 ) ) ;
#8514 = VERTEX_POINT ( 'NONE', #8852 ) ;
#8515 = CARTESIAN_POINT ( 'NONE',  ( 26.44924440733135995, 27.88675134594810245, -45.00000000000000711 ) ) ;
#8516 = ORIENTED_EDGE ( 'NONE', *, *, #5206, .T. ) ;
#8517 = AXIS2_PLACEMENT_3D ( 'NONE', #3638, #5149, #10268 ) ;
#8518 = EDGE_CURVE ( 'NONE', #8910, #8623, #8042, .T. ) ;
#8519 = ORIENTED_EDGE ( 'NONE', *, *, #7237, .F. ) ;
#8520 = CARTESIAN_POINT ( 'NONE',  ( -45.00000000000001421, 39.77252922750783171, 10.72462220366567820 ) ) ;
#8521 = EDGE_CURVE ( 'NONE', #10311, #5442, #7937, .T. ) ;
#8522 = ORIENTED_EDGE ( 'NONE', *, *, #8351, .F. ) ;
#8523 = LINE ( 'NONE', #6722, #3805 ) ;
#8524 = CARTESIAN_POINT ( 'NONE',  ( 44.99999999999999289, 18.88772481033656803, 27.17386661099702394 ) ) ;
#8525 = CARTESIAN_POINT ( 'NONE',  ( 44.99999999999999289, 21.77447615628469890, 32.17386661099702394 ) ) ;
#8526 = CARTESIAN_POINT ( 'NONE',  ( -45.00000000000001421, 13.11422211844029739, -15.72462220366567820 ) ) ;
#8527 = ORIENTED_EDGE ( 'NONE', *, *, #10446, .T. ) ;
#8528 = LINE ( 'NONE', #1968, #1972 ) ;
#8529 = EDGE_CURVE ( 'NONE', #7255, #1388, #8139, .T. ) ;
#8530 = EDGE_CURVE ( 'NONE', #10033, #3874, #9674, .T. ) ;
#8531 = VERTEX_POINT ( 'NONE', #4703 ) ;
#8532 = VERTEX_POINT ( 'NONE', #5573 ) ;
#8533 = VERTEX_POINT ( 'NONE', #8091 ) ;
#8534 = DIRECTION ( 'NONE',  ( -0.8660254037844389297, 0.4999999999999995004, 0.000000000000000000 ) ) ;
#8535 = ORIENTED_EDGE ( 'NONE', *, *, #1473, .F. ) ;
#8536 = EDGE_CURVE ( 'NONE', #2501, #2733, #662, .T. ) ;
#8537 = CARTESIAN_POINT ( 'NONE',  ( 42.99999999999993605, 0.000000000000000000, -45.00000000000000711 ) ) ;
#8538 = DIRECTION ( 'NONE',  ( -0.000000000000000000, -0.000000000000000000, 1.000000000000000000 ) ) ;
#8539 = LINE ( 'NONE', #1816, #3215 ) ;
#8540 = DIRECTION ( 'NONE',  ( 0.5000000000000004441, -0.8660254037844384856, 0.000000000000000000 ) ) ;
#8541 = DIRECTION ( 'NONE',  ( -0.8660254037844389297, 0.4999999999999995004, 0.000000000000000000 ) ) ;
#8542 = EDGE_LOOP ( 'NONE', ( #8046, #7438, #6317, #1178, #7663, #4313 ) ) ;
#8543 = AXIS2_PLACEMENT_3D ( 'NONE', #257, #4238, #7328 ) ;
#8544 = EDGE_CURVE ( 'NONE', #5919, #2038, #9774, .T. ) ;
#8545 = ORIENTED_EDGE ( 'NONE', *, *, #8767, .F. ) ;
#8546 = ORIENTED_EDGE ( 'NONE', *, *, #1289, .F. ) ;
#8547 = VECTOR ( 'NONE', #10376, 1000.000000000000114 ) ;
#8548 = CARTESIAN_POINT ( 'NONE',  ( -45.00000000000001421, 31.11227518966343553, -37.17386661099703815 ) ) ;
#8549 = DIRECTION ( 'NONE',  ( 0.5000000000000004441, -0.8660254037844384856, 0.000000000000000000 ) ) ;
#8550 = LINE ( 'NONE', #152, #7552 ) ;
#8551 = PLANE ( 'NONE',  #464 ) ;
#8552 = DIRECTION ( 'NONE',  ( 0.000000000000000000, -0.5000000000000002220, -0.8660254037844384856 ) ) ;
#8553 = CARTESIAN_POINT ( 'NONE',  ( -20.00000000000001776, 0.000000000000000000, 19.99999999999998934 ) ) ;
#8554 = EDGE_LOOP ( 'NONE', ( #4379, #7186, #3699, #8433, #7748, #6074, #5674, #8968 ) ) ;
#8555 = DIRECTION ( 'NONE',  ( 0.000000000000000000, 0.5000000000000005551, -0.8660254037844382635 ) ) ;
#8556 = CARTESIAN_POINT ( 'NONE',  ( -21.67670798600079252, 1.999999999999988010, -5.413252018710206670 ) ) ;
#8557 = EDGE_CURVE ( 'NONE', #1569, #9215, #5829, .T. ) ;
#8558 = VECTOR ( 'NONE', #760, 1000.000000000000000 ) ;
#8559 = ORIENTED_EDGE ( 'NONE', *, *, #4674, .T. ) ;
#8560 = VERTEX_POINT ( 'NONE', #5071 ) ;
#8561 = LINE ( 'NONE', #323, #4502 ) ;
#8562 =( BOUNDED_CURVE ( )  B_SPLINE_CURVE ( 3, ( #874, #2543, #6408, #9979 ),
 .UNSPECIFIED., .F., .T. ) 
 B_SPLINE_CURVE_WITH_KNOTS ( ( 4, 4 ),
 ( 5.515995204261206375, 7.050375410097965201 ),
 .UNSPECIFIED. ) 
 CURVE ( )  GEOMETRIC_REPRESENTATION_ITEM ( )  RATIONAL_B_SPLINE_CURVE ( ( 1.000000000000000000, 0.8132426008497390946, 0.8132426008497390946, 1.000000000000000000 ) ) 
 REPRESENTATION_ITEM ( '' )  );
#8563 = LINE ( 'NONE', #2759, #6634 ) ;
#8564 = LINE ( 'NONE', #2003, #2197 ) ;
#8565 = DIRECTION ( 'NONE',  ( -7.709882115452476934E-17, 0.000000000000000000, -1.000000000000000000 ) ) ;
#8566 = DIRECTION ( 'NONE',  ( -0.5000000000000007772, 0.8660254037844382635, 0.000000000000000000 ) ) ;
#8567 = ORIENTED_EDGE ( 'NONE', *, *, #7874, .F. ) ;
#8568 = LINE ( 'NONE', #2007, #556 ) ;
#8569 = VERTEX_POINT ( 'NONE', #2598 ) ;
#8570 = ADVANCED_FACE ( 'NONE', ( #814 ), #1681, .F. ) ;
#8571 = LINE ( 'NONE', #10253, #3273 ) ;
#8572 = ORIENTED_EDGE ( 'NONE', *, *, #1674, .T. ) ;
#8573 = ADVANCED_FACE ( 'NONE', ( #870 ), #8184, .T. ) ;
#8574 = ORIENTED_EDGE ( 'NONE', *, *, #6490, .T. ) ;
#8575 = VERTEX_POINT ( 'NONE', #10036 ) ;
#8576 = FACE_OUTER_BOUND ( 'NONE', #6014, .T. ) ;
#8577 = VERTEX_POINT ( 'NONE', #3345 ) ;
#8578 = DIRECTION ( 'NONE',  ( -0.8660254037844381525, -0.5000000000000006661, 0.000000000000000000 ) ) ;
#8579 = DIRECTION ( 'NONE',  ( 1.000000000000000000, -0.000000000000000000, -7.709882115452476934E-17 ) ) ;
#8580 = DIRECTION ( 'NONE',  ( -1.000000000000000000, 0.000000000000000000, 7.709882115452476934E-17 ) ) ;
#8581 = FACE_OUTER_BOUND ( 'NONE', #278, .T. ) ;
#8582 = ORIENTED_EDGE ( 'NONE', *, *, #3735, .F. ) ;
#8583 = DIRECTION ( 'NONE',  ( -0.8660254037844389297, 0.4999999999999995004, -0.000000000000000000 ) ) ;
#8584 = ADVANCED_FACE ( 'NONE', ( #6487 ), #6648, .F. ) ;
#8585 = ORIENTED_EDGE ( 'NONE', *, *, #3680, .F. ) ;
#8586 = ORIENTED_EDGE ( 'NONE', *, *, #2618, .F. ) ;
#8587 = CARTESIAN_POINT ( 'NONE',  ( -45.00000000000002132, 39.77252922750783171, 32.17386661099703105 ) ) ;
#8588 = VERTEX_POINT ( 'NONE', #713 ) ;
#8589 = VECTOR ( 'NONE', #8799, 999.9999999999998863 ) ;
#8590 = CARTESIAN_POINT ( 'NONE',  ( 37.17386661099703815, 5.000000000000044409, 40.59999999999998721 ) ) ;
#8591 = DIRECTION ( 'NONE',  ( 0.8660254037844382635, 0.5000000000000007772, 0.000000000000000000 ) ) ;
#8592 = VECTOR ( 'NONE', #3589, 1000.000000000000000 ) ;
#8593 = PLANE ( 'NONE',  #8951 ) ;
#8594 = CARTESIAN_POINT ( 'NONE',  ( 6.884854776271489727E-15, 19.22649730810373114, -45.00000000000000711 ) ) ;
#8595 = DIRECTION ( 'NONE',  ( -0.000000000000000000, 1.000000000000000000, 0.000000000000000000 ) ) ;
#8596 = ORIENTED_EDGE ( 'NONE', *, *, #3916, .F. ) ;
#8597 = VERTEX_POINT ( 'NONE', #8237 ) ;
#8598 = VECTOR ( 'NONE', #4893, 1000.000000000000227 ) ;
#8599 = EDGE_LOOP ( 'NONE', ( #766, #8206, #1798, #8545 ) ) ;
#8600 = ORIENTED_EDGE ( 'NONE', *, *, #9752, .F. ) ;
#8601 = AXIS2_PLACEMENT_3D ( 'NONE', #3333, #6638, #9378 ) ;
#8602 = VECTOR ( 'NONE', #5956, 1000.000000000000114 ) ;
#8603 = EDGE_CURVE ( 'NONE', #7498, #9684, #740, .T. ) ;
#8604 = ADVANCED_FACE ( 'NONE', ( #10624 ), #9824, .F. ) ;
#8605 = DIRECTION ( 'NONE',  ( 5.204170427930416866E-14, 0.000000000000000000, 1.000000000000000000 ) ) ;
#8606 = AXIS2_PLACEMENT_3D ( 'NONE', #6413, #5803, #8160 ) ;
#8607 = CARTESIAN_POINT ( 'NONE',  ( 40.60000000000001563, 6.749811322098097754, -41.61025403784438481 ) ) ;
#8608 = DIRECTION ( 'NONE',  ( -0.000000000000000000, -1.000000000000000000, -0.000000000000000000 ) ) ;
#8609 = FACE_OUTER_BOUND ( 'NONE', #376, .T. ) ;
#8610 = CARTESIAN_POINT ( 'NONE',  ( -40.60000000000001563, 4.999999999999997335, -40.59999999999998721 ) ) ;
#8611 = CARTESIAN_POINT ( 'NONE',  ( -20.00000000000001421, 0.000000000000000000, -36.50000000000002132 ) ) ;
#8612 = ORIENTED_EDGE ( 'NONE', *, *, #4956, .F. ) ;
#8613 = LINE ( 'NONE', #3769, #5716 ) ;
#8614 = AXIS2_PLACEMENT_3D ( 'NONE', #8881, #4728, #8066 ) ;
#8615 = CYLINDRICAL_SURFACE ( 'NONE', #516, 16.50000000000000000 ) ;
#8616 = ORIENTED_EDGE ( 'NONE', *, *, #6693, .T. ) ;
#8617 = DIRECTION ( 'NONE',  ( 0.000000000000000000, 0.5000000000000005551, -0.8660254037844382635 ) ) ;
#8618 = EDGE_CURVE ( 'NONE', #5513, #8702, #6537, .T. ) ;
#8619 = DIRECTION ( 'NONE',  ( 4.506943796211493857E-16, -1.000000000000000000, 0.000000000000000000 ) ) ;
#8620 = CARTESIAN_POINT ( 'NONE',  ( 40.59999999999998721, 18.88772481033656447, 37.17386661099703105 ) ) ;
#8621 = DIRECTION ( 'NONE',  ( 0.000000000000000000, 0.000000000000000000, -1.000000000000000000 ) ) ;
#8622 = DIRECTION ( 'NONE',  ( 0.000000000000000000, 0.5000000000000006661, -0.8660254037844383745 ) ) ;
#8623 = VERTEX_POINT ( 'NONE', #9923 ) ;
#8624 = LINE ( 'NONE', #7757, #6073 ) ;
#8625 = EDGE_LOOP ( 'NONE', ( #2745, #41, #10432, #6990 ) ) ;
#8626 = LINE ( 'NONE', #10001, #5000 ) ;
#8627 = ORIENTED_EDGE ( 'NONE', *, *, #3999, .T. ) ;
#8628 = ORIENTED_EDGE ( 'NONE', *, *, #9505, .T. ) ;
#8629 = ORIENTED_EDGE ( 'NONE', *, *, #40, .F. ) ;
#8630 = ADVANCED_FACE ( 'NONE', ( #9051 ), #1789, .F. ) ;
#8631 = CARTESIAN_POINT ( 'NONE',  ( -45.00000000000002132, 13.11422211844030450, 27.17386661099703105 ) ) ;
#8632 = EDGE_CURVE ( 'NONE', #9982, #7521, #1626, .T. ) ;
#8633 = EDGE_LOOP ( 'NONE', ( #9012, #93, #1444, #1689, #5036, #3086 ) ) ;
#8634 = DIRECTION ( 'NONE',  ( 0.000000000000000000, 0.5000000000000005551, -0.8660254037844382635 ) ) ;
#8635 = EDGE_CURVE ( 'NONE', #8108, #8394, #5671, .T. ) ;
#8636 = EDGE_CURVE ( 'NONE', #10521, #6305, #8930, .T. ) ;
#8637 = CARTESIAN_POINT ( 'NONE',  ( 37.17386661099703815, 18.88772481033653250, -45.00000000000000711 ) ) ;
#8638 = CARTESIAN_POINT ( 'NONE',  ( 5.000000000000002665, 27.88675134594812022, 44.99999999999999289 ) ) ;
#8639 = CARTESIAN_POINT ( 'NONE',  ( 5.413252018710198676, -5.000000000000002665, 21.67670798600080317 ) ) ;
#8640 = VERTEX_POINT ( 'NONE', #5 ) ;
#8641 = CARTESIAN_POINT ( 'NONE',  ( -27.17386661099702749, 36.88577788155966886, -45.00000000000000711 ) ) ;
#8642 = CIRCLE ( 'NONE', #2402, 16.50000000000000355 ) ;
#8643 = ORIENTED_EDGE ( 'NONE', *, *, #10029, .F. ) ;
#8644 = CARTESIAN_POINT ( 'NONE',  ( 44.99999999999999289, 27.88675134594812732, 16.44924440733134574 ) ) ;
#8645 = ORIENTED_EDGE ( 'NONE', *, *, #6355, .T. ) ;
#8646 = ADVANCED_FACE ( 'NONE', ( #8344 ), #10672, .T. ) ;
#8647 = LINE ( 'NONE', #5377, #2752 ) ;
#8648 = DIRECTION ( 'NONE',  ( -0.8660254037844384856, -0.5000000000000004441, 0.000000000000000000 ) ) ;
#8649 = AXIS2_PLACEMENT_3D ( 'NONE', #1833, #5119, #213 ) ;
#8650 = DIRECTION ( 'NONE',  ( 0.000000000000000000, 0.5000000000000002220, 0.8660254037844384856 ) ) ;
#8651 = LINE ( 'NONE', #5431, #1247 ) ;
#8652 = LINE ( 'NONE', #629, #2413 ) ;
#8653 = VECTOR ( 'NONE', #3101, 1000.000000000000000 ) ;
#8654 = ORIENTED_EDGE ( 'NONE', *, *, #7416, .T. ) ;
#8655 = DIRECTION ( 'NONE',  ( 0.000000000000000000, 0.5000000000000005551, -0.8660254037844382635 ) ) ;
#8656 = EDGE_CURVE ( 'NONE', #890, #6708, #4963, .T. ) ;
#8657 = ORIENTED_EDGE ( 'NONE', *, *, #2662, .T. ) ;
#8658 = AXIS2_PLACEMENT_3D ( 'NONE', #3118, #3868, #9749 ) ;
#8659 = ORIENTED_EDGE ( 'NONE', *, *, #3871, .F. ) ;
#8660 = CARTESIAN_POINT ( 'NONE',  ( 42.99999999999999289, 0.000000000000000000, 42.99999999999997868 ) ) ;
#8661 = VECTOR ( 'NONE', #7050, 1000.000000000000000 ) ;
#8662 = DIRECTION ( 'NONE',  ( 0.5000000000000004441, -0.8660254037844384856, 0.000000000000000000 ) ) ;
#8663 = CARTESIAN_POINT ( 'NONE',  ( -7.349586514821488947, 62.59140552900263543, 40.59999999999998721 ) ) ;
#8664 = FACE_OUTER_BOUND ( 'NONE', #6789, .T. ) ;
#8665 = VECTOR ( 'NONE', #753, 1000.000000000000000 ) ;
#8666 = DIRECTION ( 'NONE',  ( 0.8660254037844384856, 0.5000000000000004441, 0.000000000000000000 ) ) ;
#8667 = DIRECTION ( 'NONE',  ( 0.8660254037844385966, -0.5000000000000002220, 0.000000000000000000 ) ) ;
#8668 = ORIENTED_EDGE ( 'NONE', *, *, #1706, .T. ) ;
#8669 = DIRECTION ( 'NONE',  ( -0.000000000000000000, -0.000000000000000000, 1.000000000000000000 ) ) ;
#8670 = LINE ( 'NONE', #7686, #5667 ) ;
#8671 = ADVANCED_FACE ( 'NONE', ( #58 ), #1735, .F. ) ;
#8672 = EDGE_CURVE ( 'NONE', #10211, #925, #2865, .T. ) ;
#8673 = AXIS2_PLACEMENT_3D ( 'NONE', #4488, #2074, #8689 ) ;
#8674 = EDGE_LOOP ( 'NONE', ( #1902, #8051, #7319, #6530 ) ) ;
#8675 = PLANE ( 'NONE',  #2414 ) ;
#8676 = EDGE_CURVE ( 'NONE', #8577, #7636, #9113, .T. ) ;
#8677 = CARTESIAN_POINT ( 'NONE',  ( -45.00000000000001421, 36.88577788155969728, -15.72462220366567820 ) ) ;
#8678 = LINE ( 'NONE', #1253, #8598 ) ;
#8679 = CARTESIAN_POINT ( 'NONE',  ( 20.00000000000002842, 46.66904755831214402, 20.00000000000000355 ) ) ;
#8680 = FACE_OUTER_BOUND ( 'NONE', #1065, .T. ) ;
#8681 = CARTESIAN_POINT ( 'NONE',  ( -45.00000000000001421, 18.88772481033655737, -5.724622203665674647 ) ) ;
#8682 = EDGE_LOOP ( 'NONE', ( #9681, #3521, #6098, #7881 ) ) ;
#8683 = DIRECTION ( 'NONE',  ( 0.000000000000000000, 0.5000000000000002220, 0.8660254037844385966 ) ) ;
#8684 = ORIENTED_EDGE ( 'NONE', *, *, #255, .F. ) ;
#8685 = DIRECTION ( 'NONE',  ( 0.000000000000000000, -0.5000000000000006661, 0.8660254037844383745 ) ) ;
#8686 = ORIENTED_EDGE ( 'NONE', *, *, #4668, .T. ) ;
#8687 = AXIS2_PLACEMENT_3D ( 'NONE', #2870, #7196, #2177 ) ;
#8688 = VERTEX_POINT ( 'NONE', #6106 ) ;
#8689 = DIRECTION ( 'NONE',  ( -0.8660254037844381525, -0.5000000000000006661, 0.000000000000000000 ) ) ;
#8690 = DIRECTION ( 'NONE',  ( 0.000000000000000000, -0.5000000000000006661, 0.8660254037844383745 ) ) ;
#8691 = VERTEX_POINT ( 'NONE', #3456 ) ;
#8692 = CARTESIAN_POINT ( 'NONE',  ( -45.00000000000001421, 31.11227518966342487, -5.724622203665674647 ) ) ;
#8693 = CARTESIAN_POINT ( 'NONE',  ( -45.00000000000001421, 31.11227518966342487, -27.17386661099702749 ) ) ;
#8694 = LINE ( 'NONE', #6997, #4222 ) ;
#8695 = CARTESIAN_POINT ( 'NONE',  ( -16.44924440733134929, 27.88675134594810245, -45.00000000000000711 ) ) ;
#8696 = ORIENTED_EDGE ( 'NONE', *, *, #3019, .F. ) ;
#8697 = CYLINDRICAL_SURFACE ( 'NONE', #5579, 2.000000000000001776 ) ;
#8698 = VECTOR ( 'NONE', #10407, 1000.000000000000000 ) ;
#8699 = ADVANCED_FACE ( 'NONE', ( #4359 ), #6872, .F. ) ;
#8700 = ADVANCED_FACE ( 'NONE', ( #219 ), #3560, .F. ) ;
#8701 = EDGE_CURVE ( 'NONE', #3487, #5475, #2013, .T. ) ;
#8702 = VERTEX_POINT ( 'NONE', #10301 ) ;
#8703 = DIRECTION ( 'NONE',  ( -0.8660254037844389297, 0.4999999999999995004, 0.000000000000000000 ) ) ;
#8704 = ORIENTED_EDGE ( 'NONE', *, *, #3958, .T. ) ;
#8705 = CARTESIAN_POINT ( 'NONE',  ( -45.00000000000001421, 39.77252922750783171, -32.17386661099703105 ) ) ;
#8706 = FACE_BOUND ( 'NONE', #9676, .T. ) ;
#8707 = LINE ( 'NONE', #2840, #126 ) ;
#8708 = CARTESIAN_POINT ( 'NONE',  ( 40.59999999999999432, 13.11422211844028674, -27.17386661099703460 ) ) ;
#8709 = CARTESIAN_POINT ( 'NONE',  ( 44.99999999999999289, 36.88577788155969728, 27.17386661099702394 ) ) ;
#8710 = VERTEX_POINT ( 'NONE', #8620 ) ;
#8711 = ADVANCED_FACE ( 'NONE', ( #6768 ), #8399, .F. ) ;
#8712 = EDGE_CURVE ( 'NONE', #1144, #887, #10140, .T. ) ;
#8713 = DIRECTION ( 'NONE',  ( 6.009258394948641055E-16, -1.000000000000000000, 0.000000000000000000 ) ) ;
#8714 = CARTESIAN_POINT ( 'NONE',  ( -45.00000000000001421, 19.22649730810373470, 7.115855071930202736E-15 ) ) ;
#8715 = VERTEX_POINT ( 'NONE', #6821 ) ;
#8716 = CARTESIAN_POINT ( 'NONE',  ( -45.00000000000001421, 18.88772481033655737, -27.17386661099702749 ) ) ;
#8717 = VECTOR ( 'NONE', #3471, 1000.000000000000000 ) ;
#8718 = CARTESIAN_POINT ( 'NONE',  ( 36.17239700032500593, 0.000000000000000000, 17.08051390828826044 ) ) ;
#8719 = CARTESIAN_POINT ( 'NONE',  ( 32.17386661099703815, 10.22747077249214520, -45.00000000000000711 ) ) ;
#8720 = CARTESIAN_POINT ( 'NONE',  ( 44.99999999999998579, 36.88577788155969728, 15.72462220366567465 ) ) ;
#8721 = DIRECTION ( 'NONE',  ( -0.8660254037844389297, 0.4999999999999995004, 0.000000000000000000 ) ) ;
#8722 = ORIENTED_EDGE ( 'NONE', *, *, #6803, .T. ) ;
#8723 = CARTESIAN_POINT ( 'NONE',  ( 40.59999999999999432, 21.77447615628469180, -32.17386661099703815 ) ) ;
#8724 = ADVANCED_FACE ( 'NONE', ( #10089 ), #1897, .F. ) ;
#8725 = ORIENTED_EDGE ( 'NONE', *, *, #10550, .T. ) ;
#8726 = ORIENTED_EDGE ( 'NONE', *, *, #2432, .T. ) ;
#8727 = VECTOR ( 'NONE', #2981, 1000.000000000000000 ) ;
#8728 = VERTEX_POINT ( 'NONE', #9273 ) ;
#8729 = EDGE_CURVE ( 'NONE', #3409, #6631, #6930, .T. ) ;
#8730 = CARTESIAN_POINT ( 'NONE',  ( -45.00000000000002132, 28.22552384371529755, 32.17386661099703815 ) ) ;
#8731 = LINE ( 'NONE', #7189, #7876 ) ;
#8732 = LINE ( 'NONE', #6218, #1160 ) ;
#8733 = DIRECTION ( 'NONE',  ( 0.000000000000000000, 1.000000000000000000, 0.000000000000000000 ) ) ;
#8734 = LINE ( 'NONE', #7249, #755 ) ;
#8735 = CARTESIAN_POINT ( 'NONE',  ( -1.040834085586082521E-14, 0.000000000000000000, 39.99999999999998579 ) ) ;
#8736 = ORIENTED_EDGE ( 'NONE', *, *, #2338, .T. ) ;
#8737 = DIRECTION ( 'NONE',  ( 0.000000000000000000, -1.000000000000000000, 0.000000000000000000 ) ) ;
#8738 = VERTEX_POINT ( 'NONE', #5237 ) ;
#8739 = CARTESIAN_POINT ( 'NONE',  ( -40.60000000000001563, 4.999999999999997335, 15.72462220366568175 ) ) ;
#8740 = ORIENTED_EDGE ( 'NONE', *, *, #8191, .T. ) ;
#8741 = ORIENTED_EDGE ( 'NONE', *, *, #10692, .T. ) ;
#8742 = ORIENTED_EDGE ( 'NONE', *, *, #3089, .F. ) ;
#8743 = DIRECTION ( 'NONE',  ( 0.8660254037844383745, 0.5000000000000003331, 0.000000000000000000 ) ) ;
#8744 = VECTOR ( 'NONE', #5653, 1000.000000000000000 ) ;
#8745 = ORIENTED_EDGE ( 'NONE', *, *, #2113, .F. ) ;
#8746 = DIRECTION ( 'NONE',  ( -4.506943796211494843E-16, 1.000000000000000000, 0.000000000000000000 ) ) ;
#8747 = EDGE_CURVE ( 'NONE', #10677, #2259, #8564, .T. ) ;
#8748 = FACE_OUTER_BOUND ( 'NONE', #3425, .T. ) ;
#8749 = PLANE ( 'NONE',  #8233 ) ;
#8750 = DIRECTION ( 'NONE',  ( -0.000000000000000000, -0.000000000000000000, 1.000000000000000000 ) ) ;
#8751 = ORIENTED_EDGE ( 'NONE', *, *, #1093, .T. ) ;
#8752 = LINE ( 'NONE', #7057, #8547 ) ;
#8753 = EDGE_LOOP ( 'NONE', ( #3704, #322, #5839, #6277 ) ) ;
#8754 = ORIENTED_EDGE ( 'NONE', *, *, #2973, .F. ) ;
#8755 = LINE ( 'NONE', #9468, #8995 ) ;
#8756 = ORIENTED_EDGE ( 'NONE', *, *, #4819, .F. ) ;
#8757 = LINE ( 'NONE', #7062, #850 ) ;
#8758 = LINE ( 'NONE', #4560, #9510 ) ;
#8759 = EDGE_CURVE ( 'NONE', #2644, #6747, #2701, .T. ) ;
#8760 = DIRECTION ( 'NONE',  ( -0.000000000000000000, -0.000000000000000000, 1.000000000000000000 ) ) ;
#8761 = ORIENTED_EDGE ( 'NONE', *, *, #352, .F. ) ;
#8762 = LINE ( 'NONE', #6901, #2517 ) ;
#8763 = LINE ( 'NONE', #529, #2950 ) ;
#8764 = ORIENTED_EDGE ( 'NONE', *, *, #5184, .T. ) ;
#8765 = AXIS2_PLACEMENT_3D ( 'NONE', #9222, #5721, #3405 ) ;
#8766 = AXIS2_PLACEMENT_3D ( 'NONE', #10064, #3372, #6846 ) ;
#8767 = EDGE_CURVE ( 'NONE', #1862, #806, #5941, .T. ) ;
#8768 = LINE ( 'NONE', #1348, #6655 ) ;
#8769 = EDGE_CURVE ( 'NONE', #4033, #6305, #7753, .T. ) ;
#8770 = DIRECTION ( 'NONE',  ( 0.000000000000000000, 0.5000000000000005551, -0.8660254037844382635 ) ) ;
#8771 = CARTESIAN_POINT ( 'NONE',  ( 10.72462220366568886, 28.22552384371528333, 44.99999999999999289 ) ) ;
#8772 = CARTESIAN_POINT ( 'NONE',  ( -38.79294667738514590, 0.000000000000000000, 39.99999999999997868 ) ) ;
#8773 = VECTOR ( 'NONE', #10356, 999.9999999999998863 ) ;
#8774 = CARTESIAN_POINT ( 'NONE',  ( 40.60000000000001563, 4.999999999999997335, -15.72462220366568530 ) ) ;
#8775 = ORIENTED_EDGE ( 'NONE', *, *, #9060, .T. ) ;
#8776 = VECTOR ( 'NONE', #2275, 1000.000000000000000 ) ;
#8777 = VECTOR ( 'NONE', #8279, 1000.000000000000114 ) ;
#8778 = ORIENTED_EDGE ( 'NONE', *, *, #8461, .F. ) ;
#8779 = VERTEX_POINT ( 'NONE', #9330 ) ;
#8780 = AXIS2_PLACEMENT_3D ( 'NONE', #10401, #6204, #2966 ) ;
#8781 = LINE ( 'NONE', #1361, #5177 ) ;
#8782 = EDGE_CURVE ( 'NONE', #4527, #433, #325, .T. ) ;
#8783 = CARTESIAN_POINT ( 'NONE',  ( 32.17386661099703815, 28.22552384371528333, -45.00000000000000711 ) ) ;
#8784 = CARTESIAN_POINT ( 'NONE',  ( -45.00000000000001421, 27.88675134594812732, -16.44924440733134929 ) ) ;
#8785 = VECTOR ( 'NONE', #2512, 999.9999999999998863 ) ;
#8786 = DIRECTION ( 'NONE',  ( 0.000000000000000000, -0.5000000000000004441, 0.8660254037844382635 ) ) ;
#8787 = FACE_BOUND ( 'NONE', #6459, .T. ) ;
#8788 = CARTESIAN_POINT ( 'NONE',  ( -40.60000000000001563, 19.22649730810372759, -21.44924440733134929 ) ) ;
#8789 = VERTEX_POINT ( 'NONE', #2813 ) ;
#8790 = CARTESIAN_POINT ( 'NONE',  ( -40.60000000000001563, 34.72801970590726484, -23.43651982031990144 ) ) ;
#8791 = EDGE_LOOP ( 'NONE', ( #7703, #9095, #5327, #9343 ) ) ;
#8792 = LINE ( 'NONE', #7581, #7106 ) ;
#8793 = EDGE_LOOP ( 'NONE', ( #10106, #7928, #492, #729 ) ) ;
#8794 = EDGE_CURVE ( 'NONE', #10332, #7689, #7806, .T. ) ;
#8795 = ORIENTED_EDGE ( 'NONE', *, *, #834, .T. ) ;
#8796 = ORIENTED_EDGE ( 'NONE', *, *, #8847, .F. ) ;
#8797 = DIRECTION ( 'NONE',  ( 0.8660254037844385966, -0.5000000000000002220, 0.000000000000000000 ) ) ;
#8798 = LINE ( 'NONE', #1376, #9354 ) ;
#8799 = DIRECTION ( 'NONE',  ( 0.000000000000000000, 0.5000000000000002220, 0.8660254037844385966 ) ) ;
#8800 = LINE ( 'NONE', #9729, #10028 ) ;
#8801 = ORIENTED_EDGE ( 'NONE', *, *, #1519, .T. ) ;
#8802 = VECTOR ( 'NONE', #3893, 1000.000000000000000 ) ;
#8803 = DIRECTION ( 'NONE',  ( -0.8660254037844382635, -0.5000000000000007772, 0.000000000000000000 ) ) ;
#8804 = VECTOR ( 'NONE', #8256, 1000.000000000000000 ) ;
#8805 = ORIENTED_EDGE ( 'NONE', *, *, #2536, .T. ) ;
#8806 = EDGE_CURVE ( 'NONE', #5764, #5630, #3731, .T. ) ;
#8807 = EDGE_CURVE ( 'NONE', #5360, #2544, #9983, .T. ) ;
#8808 = ORIENTED_EDGE ( 'NONE', *, *, #1066, .T. ) ;
#8809 = CARTESIAN_POINT ( 'NONE',  ( -20.00000000000001421, -5.000000000000000000, -20.00000000000001421 ) ) ;
#8810 = ORIENTED_EDGE ( 'NONE', *, *, #7609, .T. ) ;
#8811 = DIRECTION ( 'NONE',  ( 3.854941057726239700E-17, -0.8660254037844385966, 0.5000000000000003331 ) ) ;
#8812 = CARTESIAN_POINT ( 'NONE',  ( 5.724622203665686193, 31.11227518966341421, -45.00000000000000711 ) ) ;
#8813 = CARTESIAN_POINT ( 'NONE',  ( 40.60000000000001563, 49.09286572558531248, -15.14297210399124438 ) ) ;
#8814 = CARTESIAN_POINT ( 'NONE',  ( 40.60000000000001563, 4.999999999999997335, -5.724622203665679976 ) ) ;
#8815 = DIRECTION ( 'NONE',  ( 0.8660254037844383745, 0.5000000000000004441, 0.000000000000000000 ) ) ;
#8816 = ORIENTED_EDGE ( 'NONE', *, *, #5549, .T. ) ;
#8817 = ORIENTED_EDGE ( 'NONE', *, *, #5887, .T. ) ;
#8818 = VECTOR ( 'NONE', #9977, 1000.000000000000000 ) ;
#8819 = LINE ( 'NONE', #8149, #461 ) ;
#8820 = AXIS2_PLACEMENT_3D ( 'NONE', #3807, #6190, #6244 ) ;
#8821 = LINE ( 'NONE', #8663, #5979 ) ;
#8822 = LINE ( 'NONE', #8974, #9812 ) ;
#8823 = CARTESIAN_POINT ( 'NONE',  ( 15.72462220366568886, 13.11422211844027608, -45.00000000000000711 ) ) ;
#8824 = LINE ( 'NONE', #10348, #4608 ) ;
#8825 = VERTEX_POINT ( 'NONE', #10463 ) ;
#8826 = VECTOR ( 'NONE', #1127, 1000.000000000000000 ) ;
#8827 = EDGE_CURVE ( 'NONE', #971, #6668, #2919, .T. ) ;
#8828 = EDGE_CURVE ( 'NONE', #5895, #7924, #6322, .T. ) ;
#8829 = ORIENTED_EDGE ( 'NONE', *, *, #10062, .F. ) ;
#8830 = AXIS2_PLACEMENT_3D ( 'NONE', #9773, #8138, #3993 ) ;
#8831 = ORIENTED_EDGE ( 'NONE', *, *, #4383, .T. ) ;
#8832 = EDGE_CURVE ( 'NONE', #4557, #2298, #8732, .T. ) ;
#8833 = AXIS2_PLACEMENT_3D ( 'NONE', #3038, #5363, #6942 ) ;
#8834 = AXIS2_PLACEMENT_3D ( 'NONE', #5269, #248, #3483 ) ;
#8835 = VERTEX_POINT ( 'NONE', #1411 ) ;
#8836 = CARTESIAN_POINT ( 'NONE',  ( 5.724622203665686193, 13.11422211844027608, 44.99999999999999289 ) ) ;
#8837 = LINE ( 'NONE', #4688, #10630 ) ;
#8838 = DIRECTION ( 'NONE',  ( -0.000000000000000000, -1.000000000000000000, -0.000000000000000000 ) ) ;
#8839 = DIRECTION ( 'NONE',  ( -0.000000000000000000, -1.000000000000000000, -0.000000000000000000 ) ) ;
#8840 = CARTESIAN_POINT ( 'NONE',  ( -5.724622203665672870, 18.88772481033653605, -40.59999999999998721 ) ) ;
#8841 = CARTESIAN_POINT ( 'NONE',  ( 27.17386661099703460, 18.88772481033651474, -40.59999999999998721 ) ) ;
#8842 = VERTEX_POINT ( 'NONE', #2274 ) ;
#8843 = LINE ( 'NONE', #3674, #7122 ) ;
#8844 = CARTESIAN_POINT ( 'NONE',  ( 32.17386661099703815, 39.77252922750778907, 44.99999999999999289 ) ) ;
#8845 = VERTEX_POINT ( 'NONE', #9555 ) ;
#8846 = VECTOR ( 'NONE', #7049, 999.9999999999998863 ) ;
#8847 = EDGE_CURVE ( 'NONE', #10231, #4049, #5556, .T. ) ;
#8848 = VERTEX_POINT ( 'NONE', #9659 ) ;
#8849 = EDGE_LOOP ( 'NONE', ( #4392, #8022, #3392, #10097 ) ) ;
#8850 = LINE ( 'NONE', #8692, #1224 ) ;
#8851 = LINE ( 'NONE', #2134, #2256 ) ;
#8852 = CARTESIAN_POINT ( 'NONE',  ( 15.72462220366568886, 13.11422211844027608, 40.59999999999996589 ) ) ;
#8853 = CARTESIAN_POINT ( 'NONE',  ( 38.69828739996083300, -6.696730784170945583, 35.75340584961777779 ) ) ;
#8854 = EDGE_LOOP ( 'NONE', ( #1988, #8462, #6657, #8297, #8801, #4955 ) ) ;
#8855 = DIRECTION ( 'NONE',  ( 1.000000000000000000, -0.000000000000000000, -7.709882115452476934E-17 ) ) ;
#8856 = EDGE_CURVE ( 'NONE', #1874, #6719, #7861, .T. ) ;
#8857 = VERTEX_POINT ( 'NONE', #5500 ) ;
#8858 = EDGE_CURVE ( 'NONE', #1580, #3648, #3125, .T. ) ;
#8859 = ORIENTED_EDGE ( 'NONE', *, *, #7192, .F. ) ;
#8860 = ORIENTED_EDGE ( 'NONE', *, *, #4446, .F. ) ;
#8861 = EDGE_LOOP ( 'NONE', ( #1372, #6369, #1122, #7632 ) ) ;
#8862 = DIRECTION ( 'NONE',  ( 3.854941057726242165E-17, 0.8660254037844383745, 0.5000000000000006661 ) ) ;
#8863 = ORIENTED_EDGE ( 'NONE', *, *, #3584, .T. ) ;
#8864 = VECTOR ( 'NONE', #6589, 1000.000000000000114 ) ;
#8865 = DIRECTION ( 'NONE',  ( 1.000000000000000000, -0.000000000000000000, -7.709882115452476934E-17 ) ) ;
#8866 = CARTESIAN_POINT ( 'NONE',  ( 44.99999999999999289, 39.77252922750783171, 32.17386661099702394 ) ) ;
#8867 = EDGE_CURVE ( 'NONE', #3311, #4218, #8025, .T. ) ;
#8868 = ADVANCED_FACE ( 'NONE', ( #4689 ), #8074, .T. ) ;
#8869 = CARTESIAN_POINT ( 'NONE',  ( 32.17386661099703815, 10.22747077249214520, -45.00000000000000711 ) ) ;
#8870 = DIRECTION ( 'NONE',  ( 0.000000000000000000, -0.5000000000000004441, 0.8660254037844382635 ) ) ;
#8871 = ORIENTED_EDGE ( 'NONE', *, *, #9768, .T. ) ;
#8872 = DIRECTION ( 'NONE',  ( 0.7071067811865467956, -0.000000000000000000, 0.7071067811865483499 ) ) ;
#8873 = CARTESIAN_POINT ( 'NONE',  ( 40.59999999999999432, 28.22552384371529755, -32.17386661099703105 ) ) ;
#8874 = VERTEX_POINT ( 'NONE', #7145 ) ;
#8875 = VERTEX_POINT ( 'NONE', #7919 ) ;
#8876 = ADVANCED_FACE ( 'NONE', ( #1363 ), #7190, .F. ) ;
#8877 = EDGE_CURVE ( 'NONE', #5094, #10480, #4531, .T. ) ;
#8878 = CARTESIAN_POINT ( 'NONE',  ( 40.59999999999999432, 13.11422211844028674, -5.724622203665681752 ) ) ;
#8879 = DIRECTION ( 'NONE',  ( -1.000000000000000000, -4.506943796211494843E-16, 0.000000000000000000 ) ) ;
#8880 = CARTESIAN_POINT ( 'NONE',  ( 32.17386661099703815, 21.77447615628465272, 44.99999999999999289 ) ) ;
#8881 = CARTESIAN_POINT ( 'NONE',  ( -45.00000000000001421, 28.22552384371529755, 10.72462220366568530 ) ) ;
#8882 = EDGE_LOOP ( 'NONE', ( #5132, #6701, #571, #3586 ) ) ;
#8883 = ORIENTED_EDGE ( 'NONE', *, *, #7273, .F. ) ;
#8884 = CARTESIAN_POINT ( 'NONE',  ( 32.17386661099703815, 28.22552384371528333, -45.00000000000000711 ) ) ;
#8885 = LINE ( 'NONE', #4733, #8907 ) ;
#8886 = CARTESIAN_POINT ( 'NONE',  ( -45.00000000000001421, 10.22747077249215941, -10.72462220366567109 ) ) ;
#8887 = LINE ( 'NONE', #7301, #3559 ) ;
#8888 = CARTESIAN_POINT ( 'NONE',  ( -40.60000000000001563, 4.999999999999997335, -26.44924440733135640 ) ) ;
#8889 = LINE ( 'NONE', #8077, #8421 ) ;
#8890 = ORIENTED_EDGE ( 'NONE', *, *, #5293, .F. ) ;
#8891 = EDGE_CURVE ( 'NONE', #7072, #1454, #4635, .T. ) ;
#8892 = DIRECTION ( 'NONE',  ( -0.5000000000000007772, 0.8660254037844382635, 0.000000000000000000 ) ) ;
#8893 = CARTESIAN_POINT ( 'NONE',  ( 40.60000000000001563, 30.51727517685505120, -25.86759430765695100 ) ) ;
#8894 = ORIENTED_EDGE ( 'NONE', *, *, #3385, .F. ) ;
#8895 = AXIS2_PLACEMENT_3D ( 'NONE', #3308, #3358, #6785 ) ;
#8896 = ORIENTED_EDGE ( 'NONE', *, *, #9850, .F. ) ;
#8897 = ORIENTED_EDGE ( 'NONE', *, *, #939, .T. ) ;
#8898 = DIRECTION ( 'NONE',  ( 0.5000000000000004441, -0.8660254037844384856, 0.000000000000000000 ) ) ;
#8899 = AXIS2_PLACEMENT_3D ( 'NONE', #9393, #8566, #4361 ) ;
#8900 = LINE ( 'NONE', #7936, #7791 ) ;
#8901 = DIRECTION ( 'NONE',  ( 0.000000000000000000, -0.5000000000000002220, -0.8660254037844384856 ) ) ;
#8902 = EDGE_CURVE ( 'NONE', #691, #9481, #3774, .T. ) ;
#8903 = DIRECTION ( 'NONE',  ( 4.506943796211494843E-16, -1.000000000000000000, 0.000000000000000000 ) ) ;
#8904 = CARTESIAN_POINT ( 'NONE',  ( -45.00000000000001421, 27.88675134594812732, -16.44924440733134929 ) ) ;
#8905 = EDGE_CURVE ( 'NONE', #707, #7654, #10412, .T. ) ;
#8906 = VERTEX_POINT ( 'NONE', #6426 ) ;
#8907 = VECTOR ( 'NONE', #6373, 1000.000000000000000 ) ;
#8908 = ORIENTED_EDGE ( 'NONE', *, *, #7192, .T. ) ;
#8909 = CARTESIAN_POINT ( 'NONE',  ( 40.59999999999999432, 30.77350269189626175, -21.44924440733136350 ) ) ;
#8910 = VERTEX_POINT ( 'NONE', #2172 ) ;
#8911 = PLANE ( 'NONE',  #8475 ) ;
#8912 = CARTESIAN_POINT ( 'NONE',  ( -40.60000000000001563, 7.377352558618809120, -41.97256513967720792 ) ) ;
#8913 = CARTESIAN_POINT ( 'NONE',  ( 32.17386661099703815, 21.77447615628465272, -45.00000000000000711 ) ) ;
#8914 = EDGE_CURVE ( 'NONE', #10201, #8179, #7976, .T. ) ;
#8915 = CARTESIAN_POINT ( 'NONE',  ( 44.99999999999999289, 10.22747077249215941, 10.72462220366567820 ) ) ;
#8916 = ORIENTED_EDGE ( 'NONE', *, *, #3089, .T. ) ;
#8917 = DIRECTION ( 'NONE',  ( 0.000000000000000000, -0.5000000000000002220, -0.8660254037844384856 ) ) ;
#8918 = ORIENTED_EDGE ( 'NONE', *, *, #9949, .T. ) ;
#8919 = ORIENTED_EDGE ( 'NONE', *, *, #2365, .F. ) ;
#8920 = LINE ( 'NONE', #2458, #10337 ) ;
#8921 = CARTESIAN_POINT ( 'NONE',  ( 44.99999999999998579, 22.11324865405187268, -5.000000000000018652 ) ) ;
#8922 = FACE_OUTER_BOUND ( 'NONE', #8625, .T. ) ;
#8923 = CARTESIAN_POINT ( 'NONE',  ( -45.00000000000001421, 36.88577788155969728, 15.72462220366568175 ) ) ;
#8924 = ORIENTED_EDGE ( 'NONE', *, *, #1003, .T. ) ;
#8925 = AXIS2_PLACEMENT_3D ( 'NONE', #8660, #7018, #8605 ) ;
#8926 = ORIENTED_EDGE ( 'NONE', *, *, #6914, .F. ) ;
#8927 = EDGE_CURVE ( 'NONE', #9810, #4970, #8678, .T. ) ;
#8928 = EDGE_CURVE ( 'NONE', #8299, #9791, #4946, .T. ) ;
#8929 = CARTESIAN_POINT ( 'NONE',  ( -45.00000000000002132, 36.88577788155969728, 37.17386661099703815 ) ) ;
#8930 = CIRCLE ( 'NONE', #970, 2.000000000000001776 ) ;
#8931 = CARTESIAN_POINT ( 'NONE',  ( 40.60000000000001563, 18.14297886098932722, -48.18810238334574336 ) ) ;
#8932 = DIRECTION ( 'NONE',  ( 0.000000000000000000, -0.5000000000000006661, 0.8660254037844383745 ) ) ;
#8933 = DIRECTION ( 'NONE',  ( 3.854941057726242165E-17, 0.8660254037844383745, 0.5000000000000006661 ) ) ;
#8934 = FACE_BOUND ( 'NONE', #7342, .T. ) ;
#8935 = CYLINDRICAL_SURFACE ( 'NONE', #4065, 16.50000000000000355 ) ;
#8936 = EDGE_LOOP ( 'NONE', ( #614, #1582, #8960, #4522 ) ) ;
#8937 = CARTESIAN_POINT ( 'NONE',  ( 40.60000000000001563, 53.93115149115826057, -12.34958651482136460 ) ) ;
#8938 = AXIS2_PLACEMENT_3D ( 'NONE', #636, #4018, #8017 ) ;
#8939 = CARTESIAN_POINT ( 'NONE',  ( -37.17386661099703105, 31.11227518966341421, -40.59999999999998721 ) ) ;
#8940 = ORIENTED_EDGE ( 'NONE', *, *, #796, .F. ) ;
#8941 = VECTOR ( 'NONE', #6624, 999.9999999999998863 ) ;
#8942 = ORIENTED_EDGE ( 'NONE', *, *, #463, .F. ) ;
#8943 = VERTEX_POINT ( 'NONE', #8221 ) ;
#8944 = EDGE_CURVE ( 'NONE', #2775, #4394, #6522, .T. ) ;
#8945 = VECTOR ( 'NONE', #7810, 1000.000000000000000 ) ;
#8946 = CARTESIAN_POINT ( 'NONE',  ( 37.17386661099703815, 36.88577788155966886, -45.00000000000000711 ) ) ;
#8947 = CARTESIAN_POINT ( 'NONE',  ( -5.724622203665672870, 18.88772481033652895, 44.99999999999999289 ) ) ;
#8948 = CARTESIAN_POINT ( 'NONE',  ( 16.44924440733135995, 27.88675134594808469, -45.00000000000000711 ) ) ;
#8949 = CARTESIAN_POINT ( 'NONE',  ( -45.00000000000001421, 30.77350269189626175, -21.44924440733135640 ) ) ;
#8950 = DIRECTION ( 'NONE',  ( 0.000000000000000000, -1.000000000000000000, 0.000000000000000000 ) ) ;
#8951 = AXIS2_PLACEMENT_3D ( 'NONE', #4615, #3698, #10331 ) ;
#8952 = ORIENTED_EDGE ( 'NONE', *, *, #8759, .T. ) ;
#8953 = ORIENTED_EDGE ( 'NONE', *, *, #2335, .F. ) ;
#8954 = EDGE_LOOP ( 'NONE', ( #6187, #7760, #6617, #4673, #1467, #706 ) ) ;
#8955 = VECTOR ( 'NONE', #6572, 999.9999999999998863 ) ;
#8956 = EDGE_CURVE ( 'NONE', #3579, #893, #9806, .T. ) ;
#8957 = VECTOR ( 'NONE', #9958, 1000.000000000000000 ) ;
#8958 = EDGE_CURVE ( 'NONE', #6049, #7109, #2523, .T. ) ;
#8959 = VERTEX_POINT ( 'NONE', #98 ) ;
#8960 = ORIENTED_EDGE ( 'NONE', *, *, #1011, .F. ) ;
#8961 = EDGE_CURVE ( 'NONE', #8875, #5075, #10608, .T. ) ;
#8962 = FACE_OUTER_BOUND ( 'NONE', #7622, .T. ) ;
#8963 = EDGE_LOOP ( 'NONE', ( #1971, #6046, #3635, #9906 ) ) ;
#8964 = DIRECTION ( 'NONE',  ( -0.8660254037844389297, 0.4999999999999994449, 0.000000000000000000 ) ) ;
#8965 = DIRECTION ( 'NONE',  ( -0.5000000000000002220, -0.8660254037844385966, 0.000000000000000000 ) ) ;
#8966 = LINE ( 'NONE', #3200, #1100 ) ;
#8967 = CARTESIAN_POINT ( 'NONE',  ( -15.72462220366567109, 36.88577788155965465, -45.00000000000000711 ) ) ;
#8968 = ORIENTED_EDGE ( 'NONE', *, *, #4444, .T. ) ;
#8969 = CARTESIAN_POINT ( 'NONE',  ( 40.59999999999999432, 39.77252922750783171, -32.17386661099703815 ) ) ;
#8970 = EDGE_LOOP ( 'NONE', ( #7942, #904, #3739, #8942 ) ) ;
#8971 = ORIENTED_EDGE ( 'NONE', *, *, #4467, .F. ) ;
#8972 = EDGE_CURVE ( 'NONE', #7257, #5930, #5756, .T. ) ;
#8973 = LINE ( 'NONE', #3159, #5472 ) ;
#8974 = CARTESIAN_POINT ( 'NONE',  ( -18.92743486032278000, 42.53798395226704088, 40.59999999999998721 ) ) ;
#8975 = DIRECTION ( 'NONE',  ( 0.8660254037844384856, -0.5000000000000001110, 0.000000000000000000 ) ) ;
#8976 = EDGE_LOOP ( 'NONE', ( #7240, #4539, #5690, #9735, #6778 ) ) ;
#8977 = DIRECTION ( 'NONE',  ( 1.000000000000000000, 0.000000000000000000, -7.709882115452476934E-17 ) ) ;
#8978 = EDGE_LOOP ( 'NONE', ( #121, #3379, #2656, #558 ) ) ;
#8979 = EDGE_CURVE ( 'NONE', #5550, #557, #3170, .T. ) ;
#8980 = ORIENTED_EDGE ( 'NONE', *, *, #5288, .F. ) ;
#8981 = VECTOR ( 'NONE', #8393, 1000.000000000000000 ) ;
#8982 = CIRCLE ( 'NONE', #6899, 2.000000000000001776 ) ;
#8983 = DIRECTION ( 'NONE',  ( 1.000000000000000000, -0.000000000000000000, -7.709882115452476934E-17 ) ) ;
#8984 = LINE ( 'NONE', #3978, #5421 ) ;
#8985 = DIRECTION ( 'NONE',  ( -0.8660254037844389297, 0.4999999999999994449, 0.000000000000000000 ) ) ;
#8986 = DIRECTION ( 'NONE',  ( 0.000000000000000000, 1.000000000000000000, 0.000000000000000000 ) ) ;
#8987 = VECTOR ( 'NONE', #4937, 1000.000000000000000 ) ;
#8988 = EDGE_CURVE ( 'NONE', #6510, #8448, #4079, .T. ) ;
#8989 = DIRECTION ( 'NONE',  ( 0.5000000000000004441, -0.8660254037844384856, 0.000000000000000000 ) ) ;
#8990 = LINE ( 'NONE', #964, #4934 ) ;
#8991 = VERTEX_POINT ( 'NONE', #5654 ) ;
#8992 = LINE ( 'NONE', #2528, #5548 ) ;
#8993 = CARTESIAN_POINT ( 'NONE',  ( 37.17386661099703815, 31.11227518966341421, -45.00000000000000711 ) ) ;
#8994 = ORIENTED_EDGE ( 'NONE', *, *, #3208, .F. ) ;
#8995 = VECTOR ( 'NONE', #8050, 1000.000000000000000 ) ;
#8996 = ORIENTED_EDGE ( 'NONE', *, *, #5430, .F. ) ;
#8997 = VECTOR ( 'NONE', #5432, 1000.000000000000000 ) ;
#8998 = VERTEX_POINT ( 'NONE', #3279 ) ;
#8999 = ADVANCED_FACE ( 'NONE', ( #9038 ), #1719, .F. ) ;
#9000 = CARTESIAN_POINT ( 'NONE',  ( 40.59999999999999432, 18.88772481033655737, -5.724622203665681752 ) ) ;
#9001 = DIRECTION ( 'NONE',  ( 0.000000000000000000, -0.5000000000000006661, 0.8660254037844383745 ) ) ;
#9002 = DIRECTION ( 'NONE',  ( -0.000000000000000000, -1.000000000000000000, -0.000000000000000000 ) ) ;
#9003 = DIRECTION ( 'NONE',  ( 0.7071067811865482389, 0.000000000000000000, -0.7071067811865469066 ) ) ;
#9004 = CARTESIAN_POINT ( 'NONE',  ( -10.72462220366566754, 28.22552384371528333, 44.99999999999999289 ) ) ;
#9005 = VECTOR ( 'NONE', #4387, 999.9999999999998863 ) ;
#9006 = EDGE_CURVE ( 'NONE', #7275, #693, #7346, .T. ) ;
#9007 = ORIENTED_EDGE ( 'NONE', *, *, #2058, .F. ) ;
#9008 = AXIS2_PLACEMENT_3D ( 'NONE', #780, #10593, #2305 ) ;
#9009 = ORIENTED_EDGE ( 'NONE', *, *, #9768, .F. ) ;
#9010 = ORIENTED_EDGE ( 'NONE', *, *, #9671, .T. ) ;
#9011 = DIRECTION ( 'NONE',  ( 4.506943796211494843E-16, -1.000000000000000000, 0.000000000000000000 ) ) ;
#9012 = ORIENTED_EDGE ( 'NONE', *, *, #2243, .T. ) ;
#9013 = DIRECTION ( 'NONE',  ( 0.8660254037844383745, 0.5000000000000003331, 0.000000000000000000 ) ) ;
#9014 = PLANE ( 'NONE',  #963 ) ;
#9015 = FACE_BOUND ( 'NONE', #1258, .T. ) ;
#9016 = EDGE_CURVE ( 'NONE', #4594, #1292, #9857, .T. ) ;
#9017 = CARTESIAN_POINT ( 'NONE',  ( 44.99999999999998579, 22.11324865405185491, -16.44924440733135640 ) ) ;
#9018 = LINE ( 'NONE', #8967, #5976 ) ;
#9019 = EDGE_LOOP ( 'NONE', ( #5260, #308, #9943, #4526, #843, #9721 ) ) ;
#9020 = DIRECTION ( 'NONE',  ( 0.000000000000000000, -1.000000000000000000, 0.000000000000000000 ) ) ;
#9021 = ORIENTED_EDGE ( 'NONE', *, *, #3584, .F. ) ;
#9022 = EDGE_CURVE ( 'NONE', #5937, #10426, #2420, .T. ) ;
#9023 = APPLICATION_CONTEXT ( 'automotive_design' ) ;
#9024 = AXIS2_PLACEMENT_3D ( 'NONE', #1200, #2066, #1259 ) ;
#9025 = CARTESIAN_POINT ( 'NONE',  ( -37.17386661099703105, 31.11227518966341421, -45.00000000000000711 ) ) ;
#9026 = ADVANCED_FACE ( 'NONE', ( #3224 ), #4135, .F. ) ;
#9027 = CARTESIAN_POINT ( 'NONE',  ( 15.72462220366568886, 31.11227518966341421, -45.00000000000000711 ) ) ;
#9028 = DIRECTION ( 'NONE',  ( 0.8660254037844385966, -0.5000000000000002220, 0.000000000000000000 ) ) ;
#9029 = ADVANCED_FACE ( 'NONE', ( #908 ), #4187, .F. ) ;
#9030 = VERTEX_POINT ( 'NONE', #7457 ) ;
#9031 = LINE ( 'NONE', #5808, #2710 ) ;
#9032 = VERTEX_POINT ( 'NONE', #4786 ) ;
#9033 = AXIS2_PLACEMENT_3D ( 'NONE', #8587, #6895, #3477 ) ;
#9034 = ORIENTED_EDGE ( 'NONE', *, *, #2920, .F. ) ;
#9035 = EDGE_LOOP ( 'NONE', ( #8316, #5570, #1182, #2610 ) ) ;
#9036 = CARTESIAN_POINT ( 'NONE',  ( -9.545941546018374524, 0.000000000000000000, 9.545941546018353208 ) ) ;
#9037 = DIRECTION ( 'NONE',  ( 0.000000000000000000, -0.5000000000000004441, 0.8660254037844382635 ) ) ;
#9038 = FACE_OUTER_BOUND ( 'NONE', #9100, .T. ) ;
#9039 = FACE_OUTER_BOUND ( 'NONE', #4368, .T. ) ;
#9040 = CARTESIAN_POINT ( 'NONE',  ( -32.17386661099702394, 10.22747077249215231, -45.00000000000000711 ) ) ;
#9041 = EDGE_CURVE ( 'NONE', #3378, #6510, #9910, .T. ) ;
#9042 = LINE ( 'NONE', #858, #8248 ) ;
#9043 = ORIENTED_EDGE ( 'NONE', *, *, #1659, .F. ) ;
#9044 = CARTESIAN_POINT ( 'NONE',  ( -45.00000000000002132, 45.00000000000000000, -43.00000000000000000 ) ) ;
#9045 = CARTESIAN_POINT ( 'NONE',  ( -45.00000000000002132, 19.22649730810372759, 21.44924440733136350 ) ) ;
#9046 = ORIENTED_EDGE ( 'NONE', *, *, #6585, .F. ) ;
#9047 = LINE ( 'NONE', #1622, #180 ) ;
#9048 = EDGE_CURVE ( 'NONE', #9311, #6509, #6697, .T. ) ;
#9049 = FACE_OUTER_BOUND ( 'NONE', #10135, .T. ) ;
#9050 = LINE ( 'NONE', #2380, #4888 ) ;
#9051 = FACE_OUTER_BOUND ( 'NONE', #8674, .T. ) ;
#9052 = FACE_OUTER_BOUND ( 'NONE', #1690, .T. ) ;
#9053 = DIRECTION ( 'NONE',  ( 0.000000000000000000, -0.5000000000000004441, 0.8660254037844382635 ) ) ;
#9054 = VECTOR ( 'NONE', #2556, 1000.000000000000000 ) ;
#9055 = DIRECTION ( 'NONE',  ( 1.000000000000000000, 0.000000000000000000, -7.709882115452476934E-17 ) ) ;
#9056 = ORIENTED_EDGE ( 'NONE', *, *, #5148, .F. ) ;
#9057 = ORIENTED_EDGE ( 'NONE', *, *, #1620, .F. ) ;
#9058 = VERTEX_POINT ( 'NONE', #1664 ) ;
#9059 = ORIENTED_EDGE ( 'NONE', *, *, #4067, .F. ) ;
#9060 = EDGE_CURVE ( 'NONE', #9905, #1053, #2319, .T. ) ;
#9061 = CIRCLE ( 'NONE', #68, 16.50000000000000355 ) ;
#9062 = EDGE_CURVE ( 'NONE', #2298, #1823, #10235, .T. ) ;
#9063 = AXIS2_PLACEMENT_3D ( 'NONE', #1507, #4027, #1457 ) ;
#9064 = ORIENTED_EDGE ( 'NONE', *, *, #6549, .T. ) ;
#9065 = DIRECTION ( 'NONE',  ( 1.000000000000000000, 0.000000000000000000, -7.709882115452476934E-17 ) ) ;
#9066 = DIRECTION ( 'NONE',  ( 0.000000000000000000, -1.000000000000000000, 0.000000000000000000 ) ) ;
#9067 = FACE_BOUND ( 'NONE', #8542, .T. ) ;
#9068 = DIRECTION ( 'NONE',  ( 0.000000000000000000, 0.000000000000000000, -1.000000000000000000 ) ) ;
#9069 = CARTESIAN_POINT ( 'NONE',  ( -26.62645545430662253, 0.000000000000000000, -26.62645545430662608 ) ) ;
#9070 = CARTESIAN_POINT ( 'NONE',  ( -16.44924440733134574, 22.11324865405184426, 44.99999999999999289 ) ) ;
#9071 = ORIENTED_EDGE ( 'NONE', *, *, #1051, .T. ) ;
#9072 = CARTESIAN_POINT ( 'NONE',  ( 44.99999999999998579, 18.88772481033655737, -27.17386661099703460 ) ) ;
#9073 = EDGE_LOOP ( 'NONE', ( #10601, #8167, #4440, #5991 ) ) ;
#9074 = VECTOR ( 'NONE', #1575, 1000.000000000000000 ) ;
#9075 = VERTEX_POINT ( 'NONE', #6859 ) ;
#9076 = EDGE_CURVE ( 'NONE', #2228, #2501, #2801, .T. ) ;
#9077 = CARTESIAN_POINT ( 'NONE',  ( -5.724622203665668430, 31.11227518966341421, 44.99999999999999289 ) ) ;
#9078 = VECTOR ( 'NONE', #8333, 1000.000000000000000 ) ;
#9079 = CARTESIAN_POINT ( 'NONE',  ( -27.17386661099702749, 18.88772481033653960, 40.59999999999996589 ) ) ;
#9080 = CARTESIAN_POINT ( 'NONE',  ( 40.59999999999998721, 10.22747077249216652, 32.17386661099703105 ) ) ;
#9081 = DIRECTION ( 'NONE',  ( 0.000000000000000000, 0.5000000000000001110, 0.8660254037844384856 ) ) ;
#9082 = ORIENTED_EDGE ( 'NONE', *, *, #5030, .F. ) ;
#9083 = FACE_OUTER_BOUND ( 'NONE', #1668, .T. ) ;
#9084 = ORIENTED_EDGE ( 'NONE', *, *, #3690, .F. ) ;
#9085 = ORIENTED_EDGE ( 'NONE', *, *, #4609, .T. ) ;
#9086 = ORIENTED_EDGE ( 'NONE', *, *, #2282, .T. ) ;
#9087 = ADVANCED_FACE ( 'NONE', ( #9429 ), #1186, .F. ) ;
#9088 = EDGE_CURVE ( 'NONE', #5160, #6510, #960, .T. ) ;
#9089 = DIRECTION ( 'NONE',  ( 0.000000000000000000, 0.5000000000000002220, 0.8660254037844384856 ) ) ;
#9090 = CARTESIAN_POINT ( 'NONE',  ( -20.00000000000001776, 0.000000000000000000, 3.499999999999989342 ) ) ;
#9091 = CARTESIAN_POINT ( 'NONE',  ( 32.17386661099703815, 21.77447615628465272, -45.00000000000000711 ) ) ;
#9092 = PLANE ( 'NONE',  #1670 ) ;
#9093 = LINE ( 'NONE', #1666, #5345 ) ;
#9094 = LINE ( 'NONE', #750, #10161 ) ;
#9095 = ORIENTED_EDGE ( 'NONE', *, *, #4707, .T. ) ;
#9096 = LINE ( 'NONE', #8937, #9204 ) ;
#9097 = LINE ( 'NONE', #4141, #8981 ) ;
#9098 = ORIENTED_EDGE ( 'NONE', *, *, #8544, .T. ) ;
#9099 = ADVANCED_FACE ( 'NONE', ( #2580 ), #7680, .F. ) ;
#9100 = EDGE_LOOP ( 'NONE', ( #1423, #8257, #4192, #3901 ) ) ;
#9101 = EDGE_CURVE ( 'NONE', #8272, #8691, #5276, .T. ) ;
#9102 = ADVANCED_FACE ( 'NONE', ( #8498 ), #9260, .F. ) ;
#9103 = VECTOR ( 'NONE', #5621, 1000.000000000000000 ) ;
#9104 = CARTESIAN_POINT ( 'NONE',  ( 32.17386661099703815, 10.22747077249214520, -45.00000000000000711 ) ) ;
#9105 = CARTESIAN_POINT ( 'NONE',  ( -40.60000000000001563, 40.43261168774093051, -20.14297210399124793 ) ) ;
#9106 = AXIS2_PLACEMENT_3D ( 'NONE', #10116, #1005, #4279 ) ;
#9107 = DIRECTION ( 'NONE',  ( -0.5000000000000007772, 0.8660254037844382635, 0.000000000000000000 ) ) ;
#9108 = CARTESIAN_POINT ( 'NONE',  ( -37.17386661099703105, 31.11227518966341421, -45.00000000000000711 ) ) ;
#9109 = CARTESIAN_POINT ( 'NONE',  ( 5.724622203665686193, 13.11422211844027608, 40.59999999999996589 ) ) ;
#9110 = DIRECTION ( 'NONE',  ( 0.000000000000000000, -0.5000000000000002220, -0.8660254037844384856 ) ) ;
#9111 = ORIENTED_EDGE ( 'NONE', *, *, #5155, .F. ) ;
#9112 = ORIENTED_EDGE ( 'NONE', *, *, #4903, .T. ) ;
#9113 = CIRCLE ( 'NONE', #9649, 2.000000000000001776 ) ;
#9114 = EDGE_CURVE ( 'NONE', #6621, #9413, #5170, .T. ) ;
#9115 = VECTOR ( 'NONE', #1882, 999.9999999999998863 ) ;
#9116 = ORIENTED_EDGE ( 'NONE', *, *, #10029, .T. ) ;
#9117 = AXIS2_PLACEMENT_3D ( 'NONE', #1755, #1257, #10105 ) ;
#9118 = ORIENTED_EDGE ( 'NONE', *, *, #973, .T. ) ;
#9119 = DIRECTION ( 'NONE',  ( -3.854941057726242781E-17, -0.8660254037844383745, -0.5000000000000006661 ) ) ;
#9120 = AXIS2_PLACEMENT_3D ( 'NONE', #6146, #2908, #5490 ) ;
#9121 = DIRECTION ( 'NONE',  ( -1.000000000000000000, -4.506943796211494843E-16, 0.000000000000000000 ) ) ;
#9122 = DIRECTION ( 'NONE',  ( 0.3939192985791675206, 0.000000000000000000, -0.9191450300180579180 ) ) ;
#9123 = FACE_BOUND ( 'NONE', #8954, .T. ) ;
#9124 = EDGE_LOOP ( 'NONE', ( #3553, #7951, #8165, #333 ) ) ;
#9125 = DIRECTION ( 'NONE',  ( 1.000000000000000000, -0.000000000000000000, -7.709882115452476934E-17 ) ) ;
#9126 = DIRECTION ( 'NONE',  ( 0.000000000000000000, -1.000000000000000000, 0.000000000000000000 ) ) ;
#9127 = EDGE_LOOP ( 'NONE', ( #8247, #3960, #7996, #8627, #4912, #3601 ) ) ;
#9128 =( GEOMETRIC_REPRESENTATION_CONTEXT ( 3 ) GLOBAL_UNCERTAINTY_ASSIGNED_CONTEXT ( ( #5663 ) ) GLOBAL_UNIT_ASSIGNED_CONTEXT ( ( #1994, #6972, #3660 ) ) REPRESENTATION_CONTEXT ( 'NONE', 'WORKASPACE' ) );
#9129 = DIRECTION ( 'NONE',  ( 0.000000000000000000, -0.5000000000000002220, -0.8660254037844384856 ) ) ;
#9130 = EDGE_CURVE ( 'NONE', #5075, #4886, #3020, .T. ) ;
#9131 = ORIENTED_EDGE ( 'NONE', *, *, #4890, .T. ) ;
#9132 = ORIENTED_EDGE ( 'NONE', *, *, #6091, .T. ) ;
#9133 = ORIENTED_EDGE ( 'NONE', *, *, #2365, .T. ) ;
#9134 = LINE ( 'NONE', #8426, #6200 ) ;
#9135 = DIRECTION ( 'NONE',  ( 0.7071067811865475727, 0.000000000000000000, -0.7071067811865474617 ) ) ;
#9136 = DIRECTION ( 'NONE',  ( -0.7071067811865471286, 0.000000000000000000, -0.7071067811865479058 ) ) ;
#9137 = DIRECTION ( 'NONE',  ( 0.000000000000000000, 0.000000000000000000, -1.000000000000000000 ) ) ;
#9138 = AXIS2_PLACEMENT_3D ( 'NONE', #2450, #8965, #1535 ) ;
#9139 = ORIENTED_EDGE ( 'NONE', *, *, #1760, .T. ) ;
#9140 = DIRECTION ( 'NONE',  ( -1.000000000000000000, 0.000000000000000000, 7.709882115452476934E-17 ) ) ;
#9141 = EDGE_LOOP ( 'NONE', ( #9453, #7005, #8761, #4372 ) ) ;
#9142 = ORIENTED_EDGE ( 'NONE', *, *, #1398, .F. ) ;
#9143 = EDGE_CURVE ( 'NONE', #3228, #1204, #1072, .T. ) ;
#9144 = CARTESIAN_POINT ( 'NONE',  ( 32.17386661099703815, 28.22552384371528333, 40.59999999999996589 ) ) ;
#9145 = CARTESIAN_POINT ( 'NONE',  ( -21.44924440733134574, 19.22649730810371338, 40.59999999999996589 ) ) ;
#9146 = CARTESIAN_POINT ( 'NONE',  ( -4.999999999999997335, 27.88675134594810245, -45.00000000000000711 ) ) ;
#9147 = CARTESIAN_POINT ( 'NONE',  ( -45.00000000000001421, 18.88772481033655737, -5.724622203665674647 ) ) ;
#9148 = EDGE_CURVE ( 'NONE', #6642, #8448, #8550, .T. ) ;
#9149 = DIRECTION ( 'NONE',  ( 3.854941057726242165E-17, 0.8660254037844383745, 0.5000000000000006661 ) ) ;
#9150 = FACE_OUTER_BOUND ( 'NONE', #5039, .T. ) ;
#9151 = ORIENTED_EDGE ( 'NONE', *, *, #5537, .F. ) ;
#9152 = DIRECTION ( 'NONE',  ( -0.5000000000000002220, -0.8660254037844385966, 0.000000000000000000 ) ) ;
#9153 = EDGE_CURVE ( 'NONE', #3526, #9638, #3656, .T. ) ;
#9154 = DIRECTION ( 'NONE',  ( -0.5000000000000007772, 0.8660254037844382635, 0.000000000000000000 ) ) ;
#9155 = ORIENTED_EDGE ( 'NONE', *, *, #7332, .T. ) ;
#9156 = ADVANCED_FACE ( 'NONE', ( #2637 ), #6915, .F. ) ;
#9157 = VECTOR ( 'NONE', #10693, 1000.000000000000000 ) ;
#9158 = DIRECTION ( 'NONE',  ( 0.000000000000000000, 0.5000000000000002220, 0.8660254037844385966 ) ) ;
#9159 = VECTOR ( 'NONE', #7146, 1000.000000000000000 ) ;
#9160 = DIRECTION ( 'NONE',  ( -0.000000000000000000, -0.000000000000000000, 1.000000000000000000 ) ) ;
#9161 = CARTESIAN_POINT ( 'NONE',  ( 44.99999999999998579, 36.88577788155969728, -15.72462220366568530 ) ) ;
#9162 = DIRECTION ( 'NONE',  ( -0.9191450300180578070, 0.000000000000000000, 0.3939192985791680202 ) ) ;
#9163 = DIRECTION ( 'NONE',  ( -6.009258394948641055E-16, 1.000000000000000000, -0.000000000000000000 ) ) ;
#9164 = VECTOR ( 'NONE', #3196, 1000.000000000000000 ) ;
#9165 = DIRECTION ( 'NONE',  ( -6.009258394948641055E-16, 1.000000000000000000, 0.000000000000000000 ) ) ;
#9166 = ORIENTED_EDGE ( 'NONE', *, *, #4038, .F. ) ;
#9167 = EDGE_CURVE ( 'NONE', #6269, #6732, #8438, .T. ) ;
#9168 = ORIENTED_EDGE ( 'NONE', *, *, #2583, .T. ) ;
#9169 = EDGE_CURVE ( 'NONE', #786, #10095, #9206, .T. ) ;
#9170 = ORIENTED_EDGE ( 'NONE', *, *, #10629, .F. ) ;
#9171 = VECTOR ( 'NONE', #8552, 1000.000000000000114 ) ;
#9172 = ORIENTED_EDGE ( 'NONE', *, *, #9326, .F. ) ;
#9173 = ORIENTED_EDGE ( 'NONE', *, *, #7873, .F. ) ;
#9174 = CARTESIAN_POINT ( 'NONE',  ( 40.59999999999999432, 39.77252922750783171, -10.72462220366568530 ) ) ;
#9175 = VECTOR ( 'NONE', #5199, 1000.000000000000000 ) ;
#9176 = CARTESIAN_POINT ( 'NONE',  ( -15.72462220366567109, 18.88772481033651474, -45.00000000000000711 ) ) ;
#9177 = CIRCLE ( 'NONE', #5862, 16.50000000000000355 ) ;
#9178 = CARTESIAN_POINT ( 'NONE',  ( -26.62645545430662253, 0.000000000000000000, -26.62645545430662608 ) ) ;
#9179 = EDGE_CURVE ( 'NONE', #1593, #617, #3542, .T. ) ;
#9180 = FACE_OUTER_BOUND ( 'NONE', #3621, .T. ) ;
#9181 = PLANE ( 'NONE',  #7583 ) ;
#9182 = VECTOR ( 'NONE', #8815, 1000.000000000000114 ) ;
#9183 = PLANE ( 'NONE',  #922 ) ;
#9184 = DIRECTION ( 'NONE',  ( 0.000000000000000000, 0.000000000000000000, -1.000000000000000000 ) ) ;
#9185 = ORIENTED_EDGE ( 'NONE', *, *, #8972, .T. ) ;
#9186 = ADVANCED_FACE ( 'NONE', ( #10127 ), #3597, .F. ) ;
#9187 = ORIENTED_EDGE ( 'NONE', *, *, #2633, .T. ) ;
#9188 = ORIENTED_EDGE ( 'NONE', *, *, #3218, .F. ) ;
#9189 = EDGE_CURVE ( 'NONE', #3747, #1454, #1449, .T. ) ;
#9190 = ORIENTED_EDGE ( 'NONE', *, *, #10550, .F. ) ;
#9191 = DIRECTION ( 'NONE',  ( -6.009258394948640069E-16, 1.000000000000000000, 0.000000000000000000 ) ) ;
#9192 = CARTESIAN_POINT ( 'NONE',  ( -17.08051390828823202, 0.000000000000000000, -36.17239700032502014 ) ) ;
#9193 = DIRECTION ( 'NONE',  ( 0.000000000000000000, 0.000000000000000000, -1.000000000000000000 ) ) ;
#9194 = CARTESIAN_POINT ( 'NONE',  ( 40.59999999999999432, 22.11324865405185491, -16.44924440733135640 ) ) ;
#9195 = ORIENTED_EDGE ( 'NONE', *, *, #9016, .F. ) ;
#9196 = DIRECTION ( 'NONE',  ( 0.000000000000000000, 0.000000000000000000, 1.000000000000000000 ) ) ;
#9197 = ORIENTED_EDGE ( 'NONE', *, *, #2534, .F. ) ;
#9198 =( BOUNDED_CURVE ( )  B_SPLINE_CURVE ( 3, ( #6450, #6551, #7429, #2391 ),
 .UNSPECIFIED., .F., .T. ) 
 B_SPLINE_CURVE_WITH_KNOTS ( ( 4, 4 ),
 ( 0.7853981633974479459, 0.7996333279004346206 ),
 .UNSPECIFIED. ) 
 CURVE ( )  GEOMETRIC_REPRESENTATION_ITEM ( )  RATIONAL_B_SPLINE_CURVE ( ( 1.000000000000000000, 0.9999831134122540988, 0.9999831134122540988, 1.000000000000000000 ) ) 
 REPRESENTATION_ITEM ( '' )  );
#9199 = VERTEX_POINT ( 'NONE', #9698 ) ;
#9200 = ORIENTED_EDGE ( 'NONE', *, *, #5996, .F. ) ;
#9201 = EDGE_CURVE ( 'NONE', #4676, #5001, #6968, .T. ) ;
#9202 = FACE_OUTER_BOUND ( 'NONE', #2784, .T. ) ;
#9203 = DIRECTION ( 'NONE',  ( -0.8660254037844381525, -0.5000000000000006661, 0.000000000000000000 ) ) ;
#9204 = VECTOR ( 'NONE', #4952, 999.9999999999998863 ) ;
#9205 = LINE ( 'NONE', #3330, #8207 ) ;
#9206 = LINE ( 'NONE', #373, #7737 ) ;
#9207 = CARTESIAN_POINT ( 'NONE',  ( -26.44924440733134929, 27.88675134594808469, 44.99999999999999289 ) ) ;
#9208 = DIRECTION ( 'NONE',  ( 0.000000000000000000, 1.000000000000000000, -0.000000000000000000 ) ) ;
#9209 = CARTESIAN_POINT ( 'NONE',  ( -4.999999999999994671, 22.11324865405186202, -45.00000000000000711 ) ) ;
#9210 = ORIENTED_EDGE ( 'NONE', *, *, #8281, .F. ) ;
#9211 = CARTESIAN_POINT ( 'NONE',  ( -45.00000000000002132, 21.77447615628469180, 10.72462220366567820 ) ) ;
#9212 = FACE_OUTER_BOUND ( 'NONE', #1219, .T. ) ;
#9213 = VERTEX_POINT ( 'NONE', #2213 ) ;
#9214 = ADVANCED_BREP_SHAPE_REPRESENTATION ( 'Palet_lid', ( #10382, #133 ), #4075 ) ;
#9215 = VERTEX_POINT ( 'NONE', #429 ) ;
#9216 = DIRECTION ( 'NONE',  ( -1.000000000000000000, 0.000000000000000000, -0.000000000000000000 ) ) ;
#9217 = VECTOR ( 'NONE', #2647, 1000.000000000000000 ) ;
#9218 = VERTEX_POINT ( 'NONE', #10500 ) ;
#9219 = DIRECTION ( 'NONE',  ( 0.7071067811865467956, 0.000000000000000000, 0.7071067811865483499 ) ) ;
#9220 = EDGE_CURVE ( 'NONE', #3888, #3297, #10289, .T. ) ;
#9221 = CARTESIAN_POINT ( 'NONE',  ( 37.17386661099705236, 5.000000000000044409, -40.59999999999998721 ) ) ;
#9222 = CARTESIAN_POINT ( 'NONE',  ( -4.999999999999997335, 27.88675134594810245, -45.00000000000000711 ) ) ;
#9223 = CARTESIAN_POINT ( 'NONE',  ( -15.72462220366567109, 18.88772481033651474, 44.99999999999999289 ) ) ;
#9224 = DIRECTION ( 'NONE',  ( 0.8660254037844384856, 0.5000000000000004441, 0.000000000000000000 ) ) ;
#9225 = CARTESIAN_POINT ( 'NONE',  ( 44.99999999999999289, 28.22552384371529755, 32.17386661099703105 ) ) ;
#9226 = ORIENTED_EDGE ( 'NONE', *, *, #7078, .T. ) ;
#9227 = EDGE_LOOP ( 'NONE', ( #5867, #2716, #8243, #4048 ) ) ;
#9228 = ORIENTED_EDGE ( 'NONE', *, *, #5567, .F. ) ;
#9229 = ORIENTED_EDGE ( 'NONE', *, *, #8927, .F. ) ;
#9230 = DIRECTION ( 'NONE',  ( 0.000000000000000000, 0.5000000000000005551, -0.8660254037844382635 ) ) ;
#9231 = EDGE_CURVE ( 'NONE', #9638, #251, #8821, .T. ) ;
#9232 = ORIENTED_EDGE ( 'NONE', *, *, #9635, .F. ) ;
#9233 = DIRECTION ( 'NONE',  ( -7.709882115452476934E-17, 0.000000000000000000, -1.000000000000000000 ) ) ;
#9234 = EDGE_CURVE ( 'NONE', #4456, #4693, #4725, .T. ) ;
#9235 = DIRECTION ( 'NONE',  ( -0.7071067811865475727, 0.000000000000000000, 0.7071067811865474617 ) ) ;
#9236 = DIRECTION ( 'NONE',  ( 1.000000000000000000, 6.009258394948641055E-16, 0.000000000000000000 ) ) ;
#9237 = DIRECTION ( 'NONE',  ( -0.000000000000000000, 1.000000000000000000, -0.000000000000000000 ) ) ;
#9238 = VERTEX_POINT ( 'NONE', #8718 ) ;
#9239 = DIRECTION ( 'NONE',  ( 0.8660254037844383745, 0.5000000000000004441, 0.000000000000000000 ) ) ;
#9240 = FACE_OUTER_BOUND ( 'NONE', #294, .T. ) ;
#9241 = ORIENTED_EDGE ( 'NONE', *, *, #2756, .F. ) ;
#9242 = AXIS2_PLACEMENT_3D ( 'NONE', #8239, #4147, #5831 ) ;
#9243 = ORIENTED_EDGE ( 'NONE', *, *, #7379, .T. ) ;
#9244 = FACE_BOUND ( 'NONE', #2749, .T. ) ;
#9245 = ADVANCED_FACE ( 'NONE', ( #1242 ), #6311, .F. ) ;
#9246 = VERTEX_POINT ( 'NONE', #8016 ) ;
#9247 = DIRECTION ( 'NONE',  ( 1.000000000000000000, -0.000000000000000000, -7.709882115452476934E-17 ) ) ;
#9248 = AXIS2_PLACEMENT_3D ( 'NONE', #6428, #7978, #6324 ) ;
#9249 = CARTESIAN_POINT ( 'NONE',  ( -40.60000000000001563, 28.22552384371529755, -32.17386661099702394 ) ) ;
#9250 = LINE ( 'NONE', #6626, #3206 ) ;
#9251 = CARTESIAN_POINT ( 'NONE',  ( 40.59999999999999432, 31.11227518966342487, 15.72462220366567465 ) ) ;
#9252 = ORIENTED_EDGE ( 'NONE', *, *, #576, .T. ) ;
#9253 = AXIS2_PLACEMENT_3D ( 'NONE', #412, #5870, #9203 ) ;
#9254 = ORIENTED_EDGE ( 'NONE', *, *, #4731, .F. ) ;
#9255 = ORIENTED_EDGE ( 'NONE', *, *, #6773, .F. ) ;
#9256 = VECTOR ( 'NONE', #4144, 1000.000000000000000 ) ;
#9257 = LINE ( 'NONE', #3991, #1557 ) ;
#9258 = DIRECTION ( 'NONE',  ( 0.000000000000000000, 0.5000000000000001110, 0.8660254037844384856 ) ) ;
#9259 = CARTESIAN_POINT ( 'NONE',  ( 21.44924440733137061, 30.77350269189621201, 40.59999999999998721 ) ) ;
#9260 = PLANE ( 'NONE',  #9655 ) ;
#9261 = CARTESIAN_POINT ( 'NONE',  ( -14.28758280088804966, -5.000000000000000000, -0.9332857743154486796 ) ) ;
#9262 = DIRECTION ( 'NONE',  ( 0.8660254037844389297, -0.4999999999999995004, 0.000000000000000000 ) ) ;
#9263 = DIRECTION ( 'NONE',  ( 0.000000000000000000, -1.000000000000000000, 0.000000000000000000 ) ) ;
#9264 = VERTEX_POINT ( 'NONE', #4624 ) ;
#9265 = CARTESIAN_POINT ( 'NONE',  ( 44.99999999999998579, 28.22552384371529755, -10.72462220366567820 ) ) ;
#9266 = CARTESIAN_POINT ( 'NONE',  ( -10.72462220366566754, 10.22747077249214520, -45.00000000000000711 ) ) ;
#9267 = ORIENTED_EDGE ( 'NONE', *, *, #7637, .F. ) ;
#9268 = ADVANCED_FACE ( 'NONE', ( #1402 ), #3764, .F. ) ;
#9269 = DIRECTION ( 'NONE',  ( 0.000000000000000000, 0.000000000000000000, -1.000000000000000000 ) ) ;
#9270 = ORIENTED_EDGE ( 'NONE', *, *, #7480, .F. ) ;
#9271 = PLANE ( 'NONE',  #10255 ) ;
#9272 = CARTESIAN_POINT ( 'NONE',  ( -40.60000000000001563, 39.80507045122018184, -20.50528320582409236 ) ) ;
#9273 = CARTESIAN_POINT ( 'NONE',  ( 26.44924440733136706, 22.11324865405184426, -45.00000000000000711 ) ) ;
#9274 = DIRECTION ( 'NONE',  ( -4.506943796211494843E-16, 1.000000000000000000, 0.000000000000000000 ) ) ;
#9275 = PLANE ( 'NONE',  #929 ) ;
#9276 = CARTESIAN_POINT ( 'NONE',  ( -3.501671751013964329, 2.000000000000001776, -19.76512771830456217 ) ) ;
#9277 = ORIENTED_EDGE ( 'NONE', *, *, #7260, .F. ) ;
#9278 = EDGE_LOOP ( 'NONE', ( #2176, #5864, #4578, #8432 ) ) ;
#9279 = VECTOR ( 'NONE', #9572, 999.9999999999998863 ) ;
#9280 = ORIENTED_EDGE ( 'NONE', *, *, #3967, .T. ) ;
#9281 = CARTESIAN_POINT ( 'NONE',  ( 3.469446951953612217E-15, 0.000000000000000000, -40.00000000000002842 ) ) ;
#9282 = VECTOR ( 'NONE', #3922, 1000.000000000000000 ) ;
#9283 = ORIENTED_EDGE ( 'NONE', *, *, #5740, .T. ) ;
#9284 = CARTESIAN_POINT ( 'NONE',  ( -27.17386661099702749, 13.11422211844028318, -45.00000000000000711 ) ) ;
#9285 = DIRECTION ( 'NONE',  ( 0.8660254037844383745, 0.5000000000000003331, 0.000000000000000000 ) ) ;
#9286 = CARTESIAN_POINT ( 'NONE',  ( -32.17386661099702394, 28.22552384371528333, -45.00000000000000711 ) ) ;
#9287 = DIRECTION ( 'NONE',  ( 0.4999999999999995004, 0.8660254037844389297, 0.000000000000000000 ) ) ;
#9288 = CARTESIAN_POINT ( 'NONE',  ( -45.00000000000002132, 18.88772481033655737, 15.72462220366568175 ) ) ;
#9289 = AXIS2_PLACEMENT_3D ( 'NONE', #7035, #4734, #3722 ) ;
#9290 = CARTESIAN_POINT ( 'NONE',  ( 6.884854776271489727E-15, 19.22649730810373114, -45.00000000000000711 ) ) ;
#9291 = EDGE_CURVE ( 'NONE', #4693, #1001, #9487, .T. ) ;
#9292 = VERTEX_POINT ( 'NONE', #8878 ) ;
#9293 = VECTOR ( 'NONE', #10180, 999.9999999999998863 ) ;
#9294 = EDGE_CURVE ( 'NONE', #4051, #1862, #4678, .T. ) ;
#9295 = CIRCLE ( 'NONE', #987, 16.50000000000000000 ) ;
#9296 = EDGE_CURVE ( 'NONE', #1406, #8457, #3711, .T. ) ;
#9297 = VERTEX_POINT ( 'NONE', #2160 ) ;
#9298 = ORIENTED_EDGE ( 'NONE', *, *, #7551, .T. ) ;
#9299 = VECTOR ( 'NONE', #6900, 1000.000000000000000 ) ;
#9300 = FACE_BOUND ( 'NONE', #4230, .T. ) ;
#9301 = VERTEX_POINT ( 'NONE', #585 ) ;
#9302 = FACE_OUTER_BOUND ( 'NONE', #408, .T. ) ;
#9303 = CARTESIAN_POINT ( 'NONE',  ( 5.724622203665686193, 13.11422211844027608, 44.99999999999999289 ) ) ;
#9304 = VECTOR ( 'NONE', #7907, 1000.000000000000000 ) ;
#9305 = DIRECTION ( 'NONE',  ( 1.000000000000000000, -0.000000000000000000, -7.709882115452476934E-17 ) ) ;
#9306 = DIRECTION ( 'NONE',  ( -0.8660254037844389297, 0.4999999999999995004, 0.000000000000000000 ) ) ;
#9307 = DIRECTION ( 'NONE',  ( 0.000000000000000000, 1.000000000000000000, 0.000000000000000000 ) ) ;
#9308 = EDGE_LOOP ( 'NONE', ( #6495, #4863, #476, #7624, #7151 ) ) ;
#9309 = EDGE_CURVE ( 'NONE', #6830, #3297, #7963, .T. ) ;
#9310 = ORIENTED_EDGE ( 'NONE', *, *, #10093, .F. ) ;
#9311 = VERTEX_POINT ( 'NONE', #635 ) ;
#9312 = CARTESIAN_POINT ( 'NONE',  ( -19.28974596215565640, 41.91044271574629221, 40.59999999999998721 ) ) ;
#9313 = CARTESIAN_POINT ( 'NONE',  ( 27.17386661099703815, 13.11422211844027608, -40.59999999999998721 ) ) ;
#9314 = CARTESIAN_POINT ( 'NONE',  ( -5.359354715912663103, 0.000000000000000000, -12.39069611163210638 ) ) ;
#9315 = ADVANCED_FACE ( 'NONE', ( #3067 ), #7847, .F. ) ;
#9316 = CARTESIAN_POINT ( 'NONE',  ( 40.00000000000006395, 0.000000000000000000, 37.05511844965700163 ) ) ;
#9317 = VECTOR ( 'NONE', #2397, 1000.000000000000114 ) ;
#9318 = DIRECTION ( 'NONE',  ( -0.8660254037844389297, 0.4999999999999995004, 0.000000000000000000 ) ) ;
#9319 = LINE ( 'NONE', #4461, #7606 ) ;
#9320 = CARTESIAN_POINT ( 'NONE',  ( -23.43651982031997250, 34.72801970590728615, 40.59999999999998721 ) ) ;
#9321 = ORIENTED_EDGE ( 'NONE', *, *, #6091, .F. ) ;
#9322 = LINE ( 'NONE', #7685, #8166 ) ;
#9323 = CARTESIAN_POINT ( 'NONE',  ( 0.000000000000000000, 0.000000000000000000, 0.000000000000000000 ) ) ;
#9324 = ORIENTED_EDGE ( 'NONE', *, *, #2073, .F. ) ;
#9325 = VERTEX_POINT ( 'NONE', #6364 ) ;
#9326 = EDGE_CURVE ( 'NONE', #3022, #9561, #7020, .T. ) ;
#9327 = ADVANCED_FACE ( 'NONE', ( #7079 ), #9593, .F. ) ;
#9328 = DIRECTION ( 'NONE',  ( 0.000000000000000000, 1.000000000000000000, 0.000000000000000000 ) ) ;
#9329 = DIRECTION ( 'NONE',  ( -0.000000000000000000, -0.000000000000000000, 1.000000000000000000 ) ) ;
#9330 = CARTESIAN_POINT ( 'NONE',  ( 40.59999999999998721, 30.77350269189626175, 21.44924440733134929 ) ) ;
#9331 = LINE ( 'NONE', #4202, #7415 ) ;
#9332 = CARTESIAN_POINT ( 'NONE',  ( -37.05511844965705137, 0.000000000000000000, 39.99999999999997868 ) ) ;
#9333 = LINE ( 'NONE', #5189, #2443 ) ;
#9334 = ORIENTED_EDGE ( 'NONE', *, *, #5857, .F. ) ;
#9335 = DIRECTION ( 'NONE',  ( -0.8660254037844382635, -0.5000000000000006661, 0.000000000000000000 ) ) ;
#9336 = ORIENTED_EDGE ( 'NONE', *, *, #8098, .F. ) ;
#9337 = EDGE_CURVE ( 'NONE', #1756, #7083, #9645, .T. ) ;
#9338 = ORIENTED_EDGE ( 'NONE', *, *, #9337, .T. ) ;
#9339 = ORIENTED_EDGE ( 'NONE', *, *, #9832, .F. ) ;
#9340 = CIRCLE ( 'NONE', #8925, 2.000000000000001776 ) ;
#9341 = ORIENTED_EDGE ( 'NONE', *, *, #9984, .F. ) ;
#9342 = AXIS2_PLACEMENT_3D ( 'NONE', #6219, #387, #9660 ) ;
#9343 = ORIENTED_EDGE ( 'NONE', *, *, #1003, .F. ) ;
#9344 = CARTESIAN_POINT ( 'NONE',  ( 15.72462220366568175, 36.88577788155966886, 40.59999999999996589 ) ) ;
#9345 = AXIS2_PLACEMENT_3D ( 'NONE', #7171, #4713, #9685 ) ;
#9346 = VECTOR ( 'NONE', #96, 1000.000000000000000 ) ;
#9347 = EDGE_CURVE ( 'NONE', #1834, #27, #7446, .T. ) ;
#9348 = CARTESIAN_POINT ( 'NONE',  ( -43.00000000000000711, 0.000000000000000000, 42.99999999999999289 ) ) ;
#9349 = DIRECTION ( 'NONE',  ( 0.000000000000000000, 1.000000000000000000, 0.000000000000000000 ) ) ;
#9350 = DIRECTION ( 'NONE',  ( -0.8660254037844382635, -0.5000000000000007772, 0.000000000000000000 ) ) ;
#9351 = DIRECTION ( 'NONE',  ( -0.000000000000000000, -0.000000000000000000, 1.000000000000000000 ) ) ;
#9352 = AXIS2_PLACEMENT_3D ( 'NONE', #3016, #6366, #3766 ) ;
#9353 = ORIENTED_EDGE ( 'NONE', *, *, #2989, .T. ) ;
#9354 = VECTOR ( 'NONE', #7263, 1000.000000000000114 ) ;
#9355 = ORIENTED_EDGE ( 'NONE', *, *, #321, .F. ) ;
#9356 = ORIENTED_EDGE ( 'NONE', *, *, #6236, .T. ) ;
#9357 = VECTOR ( 'NONE', #5711, 1000.000000000000000 ) ;
#9358 = CIRCLE ( 'NONE', #695, 16.50000000000000355 ) ;
#9359 = CARTESIAN_POINT ( 'NONE',  ( -40.60000000000001563, 35.35556094242800640, -23.07420871848706057 ) ) ;
#9360 = ORIENTED_EDGE ( 'NONE', *, *, #6169, .F. ) ;
#9361 = LINE ( 'NONE', #8590, #6028 ) ;
#9362 = CARTESIAN_POINT ( 'NONE',  ( 37.17386661099703815, 13.11422211844027608, -45.00000000000000711 ) ) ;
#9363 = EDGE_CURVE ( 'NONE', #10360, #3022, #2887, .T. ) ;
#9364 = CARTESIAN_POINT ( 'NONE',  ( -15.72462220366566754, 13.11422211844027608, -45.00000000000000711 ) ) ;
#9365 = DIRECTION ( 'NONE',  ( 1.000000000000000000, -0.000000000000000000, -7.709882115452476934E-17 ) ) ;
#9366 = FACE_OUTER_BOUND ( 'NONE', #8793, .T. ) ;
#9367 = VECTOR ( 'NONE', #3760, 1000.000000000000000 ) ;
#9368 =( NAMED_UNIT ( * ) SI_UNIT ( $, .STERADIAN. ) SOLID_ANGLE_UNIT ( ) );
#9369 = ORIENTED_EDGE ( 'NONE', *, *, #9670, .T. ) ;
#9370 = ORIENTED_EDGE ( 'NONE', *, *, #4444, .F. ) ;
#9371 = ORIENTED_EDGE ( 'NONE', *, *, #3527, .T. ) ;
#9372 = ORIENTED_EDGE ( 'NONE', *, *, #2364, .F. ) ;
#9373 = EDGE_CURVE ( 'NONE', #5658, #6621, #7391, .T. ) ;
#9374 = CARTESIAN_POINT ( 'NONE',  ( -40.60000000000001563, 51.19823799011141574, -13.92743486032272493 ) ) ;
#9375 = EDGE_CURVE ( 'NONE', #1580, #8597, #9844, .T. ) ;
#9376 = LINE ( 'NONE', #1880, #584 ) ;
#9377 = CARTESIAN_POINT ( 'NONE',  ( 38.79294667738516011, 0.000000000000000000, 39.99999999999997868 ) ) ;
#9378 = DIRECTION ( 'NONE',  ( -0.8660254037844389297, 0.4999999999999995004, 0.000000000000000000 ) ) ;
#9379 = CARTESIAN_POINT ( 'NONE',  ( 27.17386661099702749, 5.000000000000027534, 40.59999999999998721 ) ) ;
#9380 = CARTESIAN_POINT ( 'NONE',  ( -15.72462220366566754, 13.11422211844027608, -45.00000000000000711 ) ) ;
#9381 = ORIENTED_EDGE ( 'NONE', *, *, #2858, .T. ) ;
#9382 = AXIS2_PLACEMENT_3D ( 'NONE', #7528, #3454, #7859 ) ;
#9383 = DIRECTION ( 'NONE',  ( 0.000000000000000000, -0.5000000000000004441, 0.8660254037844382635 ) ) ;
#9384 = DIRECTION ( 'NONE',  ( -7.709882115452476934E-17, 0.000000000000000000, -1.000000000000000000 ) ) ;
#9385 = ORIENTED_EDGE ( 'NONE', *, *, #5101, .F. ) ;
#9386 = AXIS2_PLACEMENT_3D ( 'NONE', #3348, #10541, #5724 ) ;
#9387 = VERTEX_POINT ( 'NONE', #8211 ) ;
#9388 = DIRECTION ( 'NONE',  ( 0.000000000000000000, 1.000000000000000000, 0.000000000000000000 ) ) ;
#9389 = EDGE_CURVE ( 'NONE', #6547, #6962, #9747, .T. ) ;
#9390 = DIRECTION ( 'NONE',  ( -0.000000000000000000, -0.000000000000000000, 1.000000000000000000 ) ) ;
#9391 = DIRECTION ( 'NONE',  ( 1.000000000000000000, 0.000000000000000000, 0.000000000000000000 ) ) ;
#9392 = LINE ( 'NONE', #3457, #7960 ) ;
#9393 = CARTESIAN_POINT ( 'NONE',  ( -21.44924440733134219, 30.77350269189622267, -45.00000000000000711 ) ) ;
#9394 = ORIENTED_EDGE ( 'NONE', *, *, #1289, .T. ) ;
#9395 = LINE ( 'NONE', #6111, #5203 ) ;
#9396 = EDGE_LOOP ( 'NONE', ( #2562, #10532, #3474, #9007, #51, #5712 ) ) ;
#9397 = CARTESIAN_POINT ( 'NONE',  ( 40.60000000000001563, 4.999999999999997335, -27.17386661099703460 ) ) ;
#9398 = ORIENTED_EDGE ( 'NONE', *, *, #807, .F. ) ;
#9399 = VECTOR ( 'NONE', #7060, 1000.000000000000000 ) ;
#9400 = EDGE_CURVE ( 'NONE', #8532, #5487, #33, .T. ) ;
#9401 = AXIS2_PLACEMENT_3D ( 'NONE', #8182, #6438, #759 ) ;
#9402 = ORIENTED_EDGE ( 'NONE', *, *, #1167, .F. ) ;
#9403 = ORIENTED_EDGE ( 'NONE', *, *, #6754, .F. ) ;
#9404 = CARTESIAN_POINT ( 'NONE',  ( -37.17386661099703105, 31.11227518966341421, 40.59999999999996589 ) ) ;
#9405 = DIRECTION ( 'NONE',  ( 0.000000000000000000, 0.5000000000000002220, 0.8660254037844384856 ) ) ;
#9406 = CARTESIAN_POINT ( 'NONE',  ( -45.00000000000001421, 13.11422211844029739, -37.17386661099703815 ) ) ;
#9407 = PLANE ( 'NONE',  #1525 ) ;
#9408 = ORIENTED_EDGE ( 'NONE', *, *, #9969, .T. ) ;
#9409 = CARTESIAN_POINT ( 'NONE',  ( 42.99999999999995737, 45.00000000000000000, 44.99999999999999289 ) ) ;
#9410 = ORIENTED_EDGE ( 'NONE', *, *, #4067, .T. ) ;
#9411 = EDGE_CURVE ( 'NONE', #9311, #3203, #1548, .T. ) ;
#9412 = EDGE_CURVE ( 'NONE', #8492, #10520, #5644, .T. ) ;
#9413 = VERTEX_POINT ( 'NONE', #5596 ) ;
#9414 = DIRECTION ( 'NONE',  ( -6.009258394948640069E-16, 1.000000000000000000, 0.000000000000000000 ) ) ;
#9415 = ORIENTED_EDGE ( 'NONE', *, *, #7637, .T. ) ;
#9416 = DIRECTION ( 'NONE',  ( 0.000000000000000000, 0.5000000000000002220, 0.8660254037844385966 ) ) ;
#9417 = CARTESIAN_POINT ( 'NONE',  ( 40.60000000000001563, 21.22947990248991701, -31.22990540948979898 ) ) ;
#9418 = DIRECTION ( 'NONE',  ( 1.000000000000000000, -0.000000000000000000, -7.709882115452476934E-17 ) ) ;
#9419 = DIRECTION ( 'NONE',  ( 1.000000000000000000, -0.000000000000000000, -7.709882115452476934E-17 ) ) ;
#9420 = CARTESIAN_POINT ( 'NONE',  ( 44.99999999999998579, 13.11422211844029739, -15.72462220366568530 ) ) ;
#9421 = ORIENTED_EDGE ( 'NONE', *, *, #3966, .T. ) ;
#9422 = VECTOR ( 'NONE', #3957, 1000.000000000000114 ) ;
#9423 = ORIENTED_EDGE ( 'NONE', *, *, #7954, .F. ) ;
#9424 = EDGE_CURVE ( 'NONE', #7411, #998, #8973, .T. ) ;
#9425 = ORIENTED_EDGE ( 'NONE', *, *, #7166, .F. ) ;
#9426 = VECTOR ( 'NONE', #4044, 1000.000000000000000 ) ;
#9427 = DIRECTION ( 'NONE',  ( 3.854941057726242165E-17, 0.8660254037844383745, 0.5000000000000006661 ) ) ;
#9428 = CARTESIAN_POINT ( 'NONE',  ( -16.44924440733134574, 22.11324865405184426, 44.99999999999999289 ) ) ;
#9429 = FACE_OUTER_BOUND ( 'NONE', #7728, .T. ) ;
#9430 = LINE ( 'NONE', #7796, #6844 ) ;
#9431 = CARTESIAN_POINT ( 'NONE',  ( 40.00000000000006395, 0.000000000000000000, -38.79294667738513169 ) ) ;
#9432 = PRESENTATION_STYLE_ASSIGNMENT (( #2052 ) ) ;
#9433 = ORIENTED_EDGE ( 'NONE', *, *, #4731, .T. ) ;
#9434 = CARTESIAN_POINT ( 'NONE',  ( 44.99999999999999289, 19.22649730810372759, 21.44924440733135640 ) ) ;
#9435 = DIRECTION ( 'NONE',  ( 7.709882115452476934E-17, 0.000000000000000000, 1.000000000000000000 ) ) ;
#9436 = EDGE_CURVE ( 'NONE', #4835, #9990, #8920, .T. ) ;
#9437 = AXIS2_PLACEMENT_3D ( 'NONE', #3610, #5236, #10246 ) ;
#9438 = EDGE_CURVE ( 'NONE', #2915, #8959, #3921, .T. ) ;
#9439 = ADVANCED_FACE ( 'NONE', ( #4830 ), #1598, .F. ) ;
#9440 = EDGE_CURVE ( 'NONE', #8575, #3486, #10644, .T. ) ;
#9441 = VERTEX_POINT ( 'NONE', #4017 ) ;
#9442 = DIRECTION ( 'NONE',  ( 0.000000000000000000, 1.000000000000000000, 0.000000000000000000 ) ) ;
#9443 = LINE ( 'NONE', #1195, #2326 ) ;
#9444 = DIRECTION ( 'NONE',  ( -0.8660254037844389297, 0.4999999999999995004, 0.000000000000000000 ) ) ;
#9445 = CARTESIAN_POINT ( 'NONE',  ( -15.72462220366566754, 31.11227518966341421, 40.59999999999996589 ) ) ;
#9446 = DIRECTION ( 'NONE',  ( 0.000000000000000000, 0.5000000000000001110, 0.8660254037844384856 ) ) ;
#9447 = ORIENTED_EDGE ( 'NONE', *, *, #9792, .F. ) ;
#9448 = DIRECTION ( 'NONE',  ( -0.000000000000000000, -0.000000000000000000, 1.000000000000000000 ) ) ;
#9449 = VERTEX_POINT ( 'NONE', #9793 ) ;
#9450 = DIRECTION ( 'NONE',  ( 0.000000000000000000, 1.000000000000000000, 0.000000000000000000 ) ) ;
#9451 = ORIENTED_EDGE ( 'NONE', *, *, #2009, .F. ) ;
#9452 = EDGE_CURVE ( 'NONE', #9600, #6853, #4121, .T. ) ;
#9453 = ORIENTED_EDGE ( 'NONE', *, *, #2113, .T. ) ;
#9454 = VERTEX_POINT ( 'NONE', #5745 ) ;
#9455 = DIRECTION ( 'NONE',  ( 1.000000000000000000, -0.000000000000000000, -7.709882115452476934E-17 ) ) ;
#9456 = EDGE_LOOP ( 'NONE', ( #1064, #5135, #421, #6652, #4951, #2561 ) ) ;
#9457 = ORIENTED_EDGE ( 'NONE', *, *, #3364, .F. ) ;
#9458 = PLANE ( 'NONE',  #8169 ) ;
#9459 = LINE ( 'NONE', #6833, #5164 ) ;
#9460 = CARTESIAN_POINT ( 'NONE',  ( -15.72462220366567109, 36.88577788155965465, -45.00000000000000711 ) ) ;
#9461 = CARTESIAN_POINT ( 'NONE',  ( 40.60000000000001563, 36.88577788155969728, 5.724622203665666653 ) ) ;
#9462 = ORIENTED_EDGE ( 'NONE', *, *, #8635, .F. ) ;
#9463 = FACE_OUTER_BOUND ( 'NONE', #1036, .T. ) ;
#9464 = EDGE_CURVE ( 'NONE', #4487, #10254, #6465, .T. ) ;
#9465 = VERTEX_POINT ( 'NONE', #3211 ) ;
#9466 = AXIS2_PLACEMENT_3D ( 'NONE', #4053, #3250, #8413 ) ;
#9467 = ORIENTED_EDGE ( 'NONE', *, *, #1317, .F. ) ;
#9468 = CARTESIAN_POINT ( 'NONE',  ( 40.60000000000001563, 4.999999999999997335, -5.724622203665679976 ) ) ;
#9469 = VERTEX_POINT ( 'NONE', #9951 ) ;
#9470 = VECTOR ( 'NONE', #8932, 999.9999999999998863 ) ;
#9471 = DIRECTION ( 'NONE',  ( -0.000000000000000000, -0.000000000000000000, 1.000000000000000000 ) ) ;
#9472 = DIRECTION ( 'NONE',  ( 0.3939192985791680202, 0.000000000000000000, 0.9191450300180578070 ) ) ;
#9473 = EDGE_CURVE ( 'NONE', #8099, #691, #4993, .T. ) ;
#9474 = VECTOR ( 'NONE', #3755, 999.9999999999998863 ) ;
#9475 = DIRECTION ( 'NONE',  ( -0.5000000000000002220, -0.8660254037844385966, 0.000000000000000000 ) ) ;
#9476 = DIRECTION ( 'NONE',  ( 0.000000000000000000, -0.5000000000000002220, -0.8660254037844385966 ) ) ;
#9477 = DIRECTION ( 'NONE',  ( 1.000000000000000000, 0.000000000000000000, -7.709882115452476934E-17 ) ) ;
#9478 = ORIENTED_EDGE ( 'NONE', *, *, #9473, .T. ) ;
#9479 = AXIS2_PLACEMENT_3D ( 'NONE', #948, #139, #4278 ) ;
#9480 = CARTESIAN_POINT ( 'NONE',  ( -45.00000000000001421, 19.22649730810373470, 7.115855071930202736E-15 ) ) ;
#9481 = VERTEX_POINT ( 'NONE', #9025 ) ;
#9482 = ORIENTED_EDGE ( 'NONE', *, *, #3000, .T. ) ;
#9483 = AXIS2_PLACEMENT_3D ( 'NONE', #653, #3982, #5504 ) ;
#9484 = DIRECTION ( 'NONE',  ( 0.000000000000000000, 0.5000000000000005551, -0.8660254037844382635 ) ) ;
#9485 = VECTOR ( 'NONE', #8113, 999.9999999999998863 ) ;
#9486 = DIRECTION ( 'NONE',  ( 1.000000000000000000, -0.000000000000000000, -7.709882115452476934E-17 ) ) ;
#9487 = LINE ( 'NONE', #7134, #10668 ) ;
#9488 = CARTESIAN_POINT ( 'NONE',  ( -40.60000000000001563, 45.00000000000000000, 40.59999999999998721 ) ) ;
#9489 = PLANE ( 'NONE',  #4818 ) ;
#9490 = LINE ( 'NONE', #9380, #5118 ) ;
#9491 = VERTEX_POINT ( 'NONE', #9079 ) ;
#9492 = CARTESIAN_POINT ( 'NONE',  ( -5.724622203665668430, 31.11227518966341421, -45.00000000000000711 ) ) ;
#9493 = VECTOR ( 'NONE', #5929, 1000.000000000000000 ) ;
#9494 = CARTESIAN_POINT ( 'NONE',  ( -45.00000000000001421, 22.11324865405186557, -26.44924440733135640 ) ) ;
#9495 = EDGE_CURVE ( 'NONE', #741, #8408, #4068, .T. ) ;
#9496 = EDGE_CURVE ( 'NONE', #7511, #2755, #6679, .T. ) ;
#9497 = DIRECTION ( 'NONE',  ( -0.7071067811865477948, 0.000000000000000000, -0.7071067811865473507 ) ) ;
#9498 = CARTESIAN_POINT ( 'NONE',  ( -26.44924440733134929, 27.88675134594808469, -45.00000000000000711 ) ) ;
#9499 = DIRECTION ( 'NONE',  ( 0.8660254037844383745, 0.5000000000000004441, 0.000000000000000000 ) ) ;
#9500 = EDGE_CURVE ( 'NONE', #4990, #5424, #895, .T. ) ;
#9501 = DIRECTION ( 'NONE',  ( 1.000000000000000000, -0.000000000000000000, -7.709882115452476934E-17 ) ) ;
#9502 = DIRECTION ( 'NONE',  ( 0.000000000000000000, -1.000000000000000000, 0.000000000000000000 ) ) ;
#9503 = DIRECTION ( 'NONE',  ( -0.8660254037844384856, -0.5000000000000004441, 0.000000000000000000 ) ) ;
#9504 = EDGE_LOOP ( 'NONE', ( #732, #7444, #5505, #4395, #7483, #265 ) ) ;
#9505 = EDGE_CURVE ( 'NONE', #1478, #10250, #3588, .T. ) ;
#9506 = CARTESIAN_POINT ( 'NONE',  ( -27.17386661099702749, 31.11227518966341421, 44.99999999999999289 ) ) ;
#9507 = EDGE_LOOP ( 'NONE', ( #3785, #5116, #2786, #7997 ) ) ;
#9508 = DIRECTION ( 'NONE',  ( 0.000000000000000000, 0.5000000000000006661, -0.8660254037844383745 ) ) ;
#9509 = ORIENTED_EDGE ( 'NONE', *, *, #2789, .T. ) ;
#9510 = VECTOR ( 'NONE', #9528, 1000.000000000000000 ) ;
#9511 = EDGE_LOOP ( 'NONE', ( #4274, #9957, #4862, #2463, #5494, #7214 ) ) ;
#9512 = EDGE_LOOP ( 'NONE', ( #8996, #2453, #6687, #8863 ) ) ;
#9513 = FACE_BOUND ( 'NONE', #9504, .T. ) ;
#9514 = EDGE_LOOP ( 'NONE', ( #6620, #4116, #8980, #5196, #10642, #2822 ) ) ;
#9515 = CARTESIAN_POINT ( 'NONE',  ( -15.72462220366566754, 13.11422211844027608, -40.59999999999998721 ) ) ;
#9516 = CARTESIAN_POINT ( 'NONE',  ( -15.72462220366567109, 36.88577788155965465, 44.99999999999999289 ) ) ;
#9517 = CARTESIAN_POINT ( 'NONE',  ( -45.00000000000001421, 13.11422211844029739, -37.17386661099703815 ) ) ;
#9518 = EDGE_CURVE ( 'NONE', #3682, #5094, #7615, .T. ) ;
#9519 = PLANE ( 'NONE',  #1715 ) ;
#9520 = ORIENTED_EDGE ( 'NONE', *, *, #1705, .F. ) ;
#9521 = CARTESIAN_POINT ( 'NONE',  ( -37.17386661099703105, 36.88577788155965465, -45.00000000000000711 ) ) ;
#9522 = EDGE_CURVE ( 'NONE', #4876, #1545, #2566, .T. ) ;
#9523 = VECTOR ( 'NONE', #4803, 1000.000000000000000 ) ;
#9524 = ORIENTED_EDGE ( 'NONE', *, *, #6385, .F. ) ;
#9525 = DIRECTION ( 'NONE',  ( 0.000000000000000000, -1.000000000000000000, 0.000000000000000000 ) ) ;
#9526 = ORIENTED_EDGE ( 'NONE', *, *, #10297, .T. ) ;
#9527 = DIRECTION ( 'NONE',  ( 3.854941057726242165E-17, 0.8660254037844383745, 0.5000000000000006661 ) ) ;
#9528 = DIRECTION ( 'NONE',  ( -0.000000000000000000, -0.000000000000000000, -1.000000000000000000 ) ) ;
#9529 = VECTOR ( 'NONE', #4223, 1000.000000000000000 ) ;
#9530 = ADVANCED_FACE ( 'NONE', ( #5859 ), #7502, .F. ) ;
#9531 = CARTESIAN_POINT ( 'NONE',  ( 10.72462220366568886, 28.22552384371528333, -45.00000000000000711 ) ) ;
#9532 = CARTESIAN_POINT ( 'NONE',  ( -45.00000000000001421, 31.11227518966343553, 5.724622203665675535 ) ) ;
#9533 = DIRECTION ( 'NONE',  ( -1.000000000000000000, -4.506943796211494843E-16, 0.000000000000000000 ) ) ;
#9534 = VECTOR ( 'NONE', #9582, 1000.000000000000000 ) ;
#9535 = ORIENTED_EDGE ( 'NONE', *, *, #6015, .T. ) ;
#9536 = DIRECTION ( 'NONE',  ( 7.709882115452476934E-17, 0.000000000000000000, 1.000000000000000000 ) ) ;
#9537 = CARTESIAN_POINT ( 'NONE',  ( -21.44924440733134219, 30.77350269189622267, -45.00000000000000711 ) ) ;
#9538 = ORIENTED_EDGE ( 'NONE', *, *, #7527, .T. ) ;
#9539 = VECTOR ( 'NONE', #8440, 999.9999999999998863 ) ;
#9540 = EDGE_CURVE ( 'NONE', #3896, #10277, #8372, .T. ) ;
#9541 = PRODUCT_DEFINITION_CONTEXT ( 'detailed design', #4012, 'design' ) ;
#9542 = ORIENTED_EDGE ( 'NONE', *, *, #5258, .T. ) ;
#9543 = CARTESIAN_POINT ( 'NONE',  ( -45.00000000000002132, 36.88577788155969728, -15.72462220366567820 ) ) ;
#9544 = VECTOR ( 'NONE', #6995, 1000.000000000000000 ) ;
#9545 = CARTESIAN_POINT ( 'NONE',  ( 44.99999999999999289, 31.11227518966342487, 37.17386661099703105 ) ) ;
#9546 = DIRECTION ( 'NONE',  ( -0.000000000000000000, -1.000000000000000000, -0.000000000000000000 ) ) ;
#9547 = AXIS2_PLACEMENT_3D ( 'NONE', #10690, #9790, #1700 ) ;
#9548 = DIRECTION ( 'NONE',  ( 0.000000000000000000, -0.5000000000000004441, 0.8660254037844382635 ) ) ;
#9549 = EDGE_LOOP ( 'NONE', ( #4217, #8775, #9989 ) ) ;
#9550 = DIRECTION ( 'NONE',  ( 1.000000000000000000, -0.000000000000000000, -7.709882115452476934E-17 ) ) ;
#9551 = ADVANCED_FACE ( 'NONE', ( #4224 ), #5046, .F. ) ;
#9552 = VERTEX_POINT ( 'NONE', #85 ) ;
#9553 = CARTESIAN_POINT ( 'NONE',  ( -21.44924440733134574, 19.22649730810371338, -45.00000000000000711 ) ) ;
#9554 = CARTESIAN_POINT ( 'NONE',  ( -5.724622203665671094, 18.88772481033653250, -45.00000000000000711 ) ) ;
#9555 = CARTESIAN_POINT ( 'NONE',  ( 44.99999999999999289, 10.22747077249216652, 32.17386661099703105 ) ) ;
#9556 = CARTESIAN_POINT ( 'NONE',  ( -27.17386661099702749, 18.88772481033653960, -45.00000000000000711 ) ) ;
#9557 = CARTESIAN_POINT ( 'NONE',  ( -40.60000000000001563, 4.999999999999997335, -5.724622203665672870 ) ) ;
#9558 = DIRECTION ( 'NONE',  ( -0.000000000000000000, -1.000000000000000000, -0.000000000000000000 ) ) ;
#9559 = ORIENTED_EDGE ( 'NONE', *, *, #10605, .T. ) ;
#9560 = LINE ( 'NONE', #5405, #8002 ) ;
#9561 = VERTEX_POINT ( 'NONE', #9192 ) ;
#9562 = DIRECTION ( 'NONE',  ( -6.009258394948640069E-16, 1.000000000000000000, 0.000000000000000000 ) ) ;
#9563 = ORIENTED_EDGE ( 'NONE', *, *, #2998, .F. ) ;
#9564 = AXIS2_PLACEMENT_3D ( 'NONE', #628, #2254, #9165 ) ;
#9565 = ORIENTED_EDGE ( 'NONE', *, *, #86, .F. ) ;
#9566 = ORIENTED_EDGE ( 'NONE', *, *, #5558, .F. ) ;
#9567 = LINE ( 'NONE', #9537, #7272 ) ;
#9568 = EDGE_CURVE ( 'NONE', #10667, #10480, #1764, .T. ) ;
#9569 = FACE_BOUND ( 'NONE', #5614, .T. ) ;
#9570 = DIRECTION ( 'NONE',  ( -3.854941057726242781E-17, -0.8660254037844383745, -0.5000000000000006661 ) ) ;
#9571 = DIRECTION ( 'NONE',  ( 1.000000000000000000, -0.000000000000000000, -7.709882115452476934E-17 ) ) ;
#9572 = DIRECTION ( 'NONE',  ( 0.8660254037844384856, 0.5000000000000004441, 0.000000000000000000 ) ) ;
#9573 = DIRECTION ( 'NONE',  ( -0.5000000000000002220, -0.8660254037844385966, 0.000000000000000000 ) ) ;
#9574 = ORIENTED_EDGE ( 'NONE', *, *, #1420, .F. ) ;
#9575 = CARTESIAN_POINT ( 'NONE',  ( -40.60000000000001563, 27.88675134594813443, -5.000000000000001776 ) ) ;
#9576 = VECTOR ( 'NONE', #2746, 1000.000000000000000 ) ;
#9577 = EDGE_CURVE ( 'NONE', #8155, #9213, #4335, .T. ) ;
#9578 = ORIENTED_EDGE ( 'NONE', *, *, #1969, .F. ) ;
#9579 = ADVANCED_FACE ( 'NONE', ( #10063 ), #2728, .F. ) ;
#9580 = LINE ( 'NONE', #3049, #8653 ) ;
#9581 = EDGE_LOOP ( 'NONE', ( #9447, #2357, #670, #3861 ) ) ;
#9582 = DIRECTION ( 'NONE',  ( 4.506943796211493857E-16, -1.000000000000000000, 0.000000000000000000 ) ) ;
#9583 = CARTESIAN_POINT ( 'NONE',  ( -40.60000000000001563, 4.999999999999997335, -40.59999999999998721 ) ) ;
#9584 = FACE_OUTER_BOUND ( 'NONE', #8487, .T. ) ;
#9585 = LINE ( 'NONE', #5325, #1581 ) ;
#9586 = DIRECTION ( 'NONE',  ( 0.1874275599918963364, -0.9642312064598242971, -0.1874275599918963087 ) ) ;
#9587 = VERTEX_POINT ( 'NONE', #9249 ) ;
#9588 = CARTESIAN_POINT ( 'NONE',  ( 44.99999999999998579, 13.11422211844028674, -5.724622203665681752 ) ) ;
#9589 = EDGE_CURVE ( 'NONE', #9840, #4693, #8539, .T. ) ;
#9590 = ORIENTED_EDGE ( 'NONE', *, *, #6246, .T. ) ;
#9591 = DIRECTION ( 'NONE',  ( -0.000000000000000000, -0.000000000000000000, 1.000000000000000000 ) ) ;
#9592 = VECTOR ( 'NONE', #6127, 1000.000000000000000 ) ;
#9593 = PLANE ( 'NONE',  #7377 ) ;
#9594 = CARTESIAN_POINT ( 'NONE',  ( 10.72462220366568886, 10.22747077249214520, -45.00000000000000711 ) ) ;
#9595 = LINE ( 'NONE', #1296, #7258 ) ;
#9596 = CARTESIAN_POINT ( 'NONE',  ( 12.39069611163210283, -5.000000000000000000, 5.359354715912663103 ) ) ;
#9597 = EDGE_LOOP ( 'NONE', ( #3217, #8684, #7333, #3779, #2658, #7395 ) ) ;
#9598 = EDGE_CURVE ( 'NONE', #2017, #2876, #2790, .T. ) ;
#9599 = VERTEX_POINT ( 'NONE', #8483 ) ;
#9600 = VERTEX_POINT ( 'NONE', #301 ) ;
#9601 = VECTOR ( 'NONE', #613, 1000.000000000000000 ) ;
#9602 = LINE ( 'NONE', #5444, #9357 ) ;
#9603 = CARTESIAN_POINT ( 'NONE',  ( -40.60000000000001563, 41.91044271574629221, -19.28974596215557114 ) ) ;
#9604 = DIRECTION ( 'NONE',  ( 0.8660254037844385966, -0.5000000000000002220, 0.000000000000000000 ) ) ;
#9605 = DIRECTION ( 'NONE',  ( -0.000000000000000000, -0.000000000000000000, 1.000000000000000000 ) ) ;
#9606 = LINE ( 'NONE', #4532, #7370 ) ;
#9607 = EDGE_CURVE ( 'NONE', #8789, #6887, #1925, .T. ) ;
#9608 = LINE ( 'NONE', #8076, #7864 ) ;
#9609 = FACE_OUTER_BOUND ( 'NONE', #7051, .T. ) ;
#9610 = ORIENTED_EDGE ( 'NONE', *, *, #7242, .T. ) ;
#9611 = LINE ( 'NONE', #7981, #1063 ) ;
#9612 = VERTEX_POINT ( 'NONE', #3481 ) ;
#9613 = VECTOR ( 'NONE', #9160, 1000.000000000000000 ) ;
#9614 = CARTESIAN_POINT ( 'NONE',  ( 44.99999999999998579, 27.88675134594812732, -26.44924440733136350 ) ) ;
#9615 = VERTEX_POINT ( 'NONE', #9364 ) ;
#9616 = ORIENTED_EDGE ( 'NONE', *, *, #6905, .T. ) ;
#9617 = ORIENTED_EDGE ( 'NONE', *, *, #5931, .T. ) ;
#9618 = LINE ( 'NONE', #2877, #6924 ) ;
#9619 = VECTOR ( 'NONE', #3908, 1000.000000000000114 ) ;
#9620 = VERTEX_POINT ( 'NONE', #6795 ) ;
#9621 = CARTESIAN_POINT ( 'NONE',  ( -37.17386661099703105, 36.88577788155965465, -45.00000000000000711 ) ) ;
#9622 = CARTESIAN_POINT ( 'NONE',  ( -45.00000000000001421, 36.88577788155969728, 15.72462220366568175 ) ) ;
#9623 = DIRECTION ( 'NONE',  ( -1.000000000000000000, -4.506943796211494843E-16, 0.000000000000000000 ) ) ;
#9624 = LINE ( 'NONE', #7938, #3097 ) ;
#9625 = VERTEX_POINT ( 'NONE', #6082 ) ;
#9626 = CARTESIAN_POINT ( 'NONE',  ( -32.17386661099702394, 21.77447615628465982, 44.99999999999999289 ) ) ;
#9627 = ORIENTED_EDGE ( 'NONE', *, *, #439, .T. ) ;
#9628 = ORIENTED_EDGE ( 'NONE', *, *, #6549, .F. ) ;
#9629 = CARTESIAN_POINT ( 'NONE',  ( -45.00000000000001421, 36.88577788155969728, -5.724622203665674647 ) ) ;
#9630 = ORIENTED_EDGE ( 'NONE', *, *, #1732, .T. ) ;
#9631 = FACE_OUTER_BOUND ( 'NONE', #7318, .T. ) ;
#9632 = CARTESIAN_POINT ( 'NONE',  ( -45.00000000000002132, 45.00000000000000000, -45.00000000000000711 ) ) ;
#9633 = EDGE_CURVE ( 'NONE', #9751, #1009, #5214, .T. ) ;
#9634 = CARTESIAN_POINT ( 'NONE',  ( 44.99999999999998579, 36.88577788155969728, 5.724622203665669318 ) ) ;
#9635 = EDGE_CURVE ( 'NONE', #2401, #1995, #1981, .T. ) ;
#9636 = DIRECTION ( 'NONE',  ( -4.506943796211494843E-16, 1.000000000000000000, 0.000000000000000000 ) ) ;
#9637 = CARTESIAN_POINT ( 'NONE',  ( 32.17386661099703815, 10.22747077249214520, 44.99999999999999289 ) ) ;
#9638 = VERTEX_POINT ( 'NONE', #5267 ) ;
#9639 = ADVANCED_FACE ( 'NONE', ( #9584 ), #10388, .F. ) ;
#9640 = DIRECTION ( 'NONE',  ( -0.8660254037844382635, -0.5000000000000006661, 0.000000000000000000 ) ) ;
#9641 = EDGE_LOOP ( 'NONE', ( #2632, #10375, #8919, #3313 ) ) ;
#9642 = AXIS2_PLACEMENT_3D ( 'NONE', #5468, #9728, #6392 ) ;
#9643 = VECTOR ( 'NONE', #5113, 1000.000000000000000 ) ;
#9644 = DIRECTION ( 'NONE',  ( 0.000000000000000000, 1.000000000000000000, 0.000000000000000000 ) ) ;
#9645 = LINE ( 'NONE', #4881, #6499 ) ;
#9646 = DIRECTION ( 'NONE',  ( 0.000000000000000000, -1.000000000000000000, 0.000000000000000000 ) ) ;
#9647 = CARTESIAN_POINT ( 'NONE',  ( -45.00000000000001421, 0.000000000000000000, 42.99999999999996447 ) ) ;
#9648 = EDGE_CURVE ( 'NONE', #7762, #1984, #3643, .T. ) ;
#9649 = AXIS2_PLACEMENT_3D ( 'NONE', #8510, #1196, #1950 ) ;
#9650 = DIRECTION ( 'NONE',  ( 3.854941057726242165E-17, 0.8660254037844383745, 0.5000000000000006661 ) ) ;
#9651 = ORIENTED_EDGE ( 'NONE', *, *, #2493, .F. ) ;
#9652 = VECTOR ( 'NONE', #4240, 1000.000000000000000 ) ;
#9653 = AXIS2_PLACEMENT_3D ( 'NONE', #2526, #9913, #6700 ) ;
#9654 = ORIENTED_EDGE ( 'NONE', *, *, #7691, .F. ) ;
#9655 = AXIS2_PLACEMENT_3D ( 'NONE', #4459, #10179, #5981 ) ;
#9656 = EDGE_CURVE ( 'NONE', #5249, #8710, #7782, .T. ) ;
#9657 = CARTESIAN_POINT ( 'NONE',  ( -37.46348017968003319, -0.4326116877410111083, 40.59999999999998721 ) ) ;
#9658 = DIRECTION ( 'NONE',  ( 0.000000000000000000, -0.5000000000000004441, 0.8660254037844382635 ) ) ;
#9659 = CARTESIAN_POINT ( 'NONE',  ( -5.724622203665668430, 31.11227518966341421, 44.99999999999999289 ) ) ;
#9660 = DIRECTION ( 'NONE',  ( 0.8660254037844384856, -0.5000000000000001110, 0.000000000000000000 ) ) ;
#9661 = FACE_BOUND ( 'NONE', #10137, .T. ) ;
#9662 = ADVANCED_FACE ( 'NONE', ( #360 ), #7066, .F. ) ;
#9663 = CARTESIAN_POINT ( 'NONE',  ( 33.34396987557885694, 4.999999999999997335, 17.08051390828826399 ) ) ;
#9664 = EDGE_LOOP ( 'NONE', ( #9195, #3286, #3275, #7894 ) ) ;
#9665 = CARTESIAN_POINT ( 'NONE',  ( 37.17386661099703815, 31.11227518966341421, 44.99999999999999289 ) ) ;
#9666 = FACE_OUTER_BOUND ( 'NONE', #1007, .T. ) ;
#9667 = EDGE_LOOP ( 'NONE', ( #10420, #8741, #5084, #8418 ) ) ;
#9668 = ORIENTED_EDGE ( 'NONE', *, *, #7465, .F. ) ;
#9669 = ORIENTED_EDGE ( 'NONE', *, *, #1275, .F. ) ;
#9670 = EDGE_CURVE ( 'NONE', #8363, #8181, #8707, .T. ) ;
#9671 = EDGE_CURVE ( 'NONE', #6368, #8045, #1174, .T. ) ;
#9672 = CARTESIAN_POINT ( 'NONE',  ( -15.72462220366566754, 31.11227518966341421, 44.99999999999999289 ) ) ;
#9673 = CARTESIAN_POINT ( 'NONE',  ( -37.17386661099703105, 36.88577788155965465, 40.59999999999996589 ) ) ;
#9674 = LINE ( 'NONE', #2237, #3045 ) ;
#9675 = FACE_OUTER_BOUND ( 'NONE', #940, .T. ) ;
#9676 = EDGE_LOOP ( 'NONE', ( #5806, #2067, #4709, #9889, #10484, #9086 ) ) ;
#9677 = VECTOR ( 'NONE', #4714, 1000.000000000000000 ) ;
#9678 = CARTESIAN_POINT ( 'NONE',  ( -5.724622203665659548, 5.000000000000018652, 40.59999999999998721 ) ) ;
#9679 = ORIENTED_EDGE ( 'NONE', *, *, #1011, .T. ) ;
#9680 = EDGE_CURVE ( 'NONE', #3183, #10647, #2956, .T. ) ;
#9681 = ORIENTED_EDGE ( 'NONE', *, *, #4025, .T. ) ;
#9682 = ADVANCED_FACE ( 'NONE', ( #4563 ), #2147, .F. ) ;
#9683 = FACE_OUTER_BOUND ( 'NONE', #9827, .T. ) ;
#9684 = VERTEX_POINT ( 'NONE', #4449 ) ;
#9685 = DIRECTION ( 'NONE',  ( 4.506943796211494843E-16, -1.000000000000000000, 0.000000000000000000 ) ) ;
#9686 = LINE ( 'NONE', #8912, #5825 ) ;
#9687 = LINE ( 'NONE', #674, #9422 ) ;
#9688 = DIRECTION ( 'NONE',  ( -0.000000000000000000, -0.000000000000000000, 1.000000000000000000 ) ) ;
#9689 = VERTEX_POINT ( 'NONE', #5429 ) ;
#9690 = CARTESIAN_POINT ( 'NONE',  ( 5.724622203665694187, 5.000000000000018652, -40.59999999999998721 ) ) ;
#9691 = CARTESIAN_POINT ( 'NONE',  ( -45.00000000000001421, 27.88675134594813088, 5.000000000000002665 ) ) ;
#9692 = VERTEX_POINT ( 'NONE', #1231 ) ;
#9693 = AXIS2_PLACEMENT_3D ( 'NONE', #3496, #9435, #2747 ) ;
#9694 = ORIENTED_EDGE ( 'NONE', *, *, #6625, .T. ) ;
#9695 = VECTOR ( 'NONE', #5349, 1000.000000000000000 ) ;
#9696 = EDGE_CURVE ( 'NONE', #38, #982, #4505, .T. ) ;
#9697 = VECTOR ( 'NONE', #6133, 999.9999999999998863 ) ;
#9698 = CARTESIAN_POINT ( 'NONE',  ( -10.72462220366566754, 10.22747077249214520, 40.59999999999996589 ) ) ;
#9699 = PLANE ( 'NONE',  #2193 ) ;
#9700 = CARTESIAN_POINT ( 'NONE',  ( -27.17386661099702749, 31.11227518966341421, -45.00000000000000711 ) ) ;
#9701 = DIRECTION ( 'NONE',  ( 0.8660254037844385966, -0.5000000000000002220, 0.000000000000000000 ) ) ;
#9702 = ORIENTED_EDGE ( 'NONE', *, *, #641, .T. ) ;
#9703 = VECTOR ( 'NONE', #7849, 1000.000000000000000 ) ;
#9704 = ORIENTED_EDGE ( 'NONE', *, *, #618, .F. ) ;
#9705 = VECTOR ( 'NONE', #5467, 999.9999999999998863 ) ;
#9706 = ORIENTED_EDGE ( 'NONE', *, *, #6840, .F. ) ;
#9707 = ADVANCED_FACE ( 'NONE', ( #7126 ), #8593, .F. ) ;
#9708 = VECTOR ( 'NONE', #7857, 1000.000000000000114 ) ;
#9709 = EDGE_CURVE ( 'NONE', #1823, #4807, #2899, .T. ) ;
#9710 = VECTOR ( 'NONE', #5301, 999.9999999999998863 ) ;
#9711 = EDGE_LOOP ( 'NONE', ( #10574, #2830, #1502, #3102, #2689, #10575 ) ) ;
#9712 = CARTESIAN_POINT ( 'NONE',  ( 44.99999999999999289, 21.77447615628469180, 10.72462220366567109 ) ) ;
#9713 = LINE ( 'NONE', #9554, #2839 ) ;
#9714 = DIRECTION ( 'NONE',  ( -0.000000000000000000, -0.000000000000000000, 1.000000000000000000 ) ) ;
#9715 = CARTESIAN_POINT ( 'NONE',  ( 5.000000000000002665, 27.88675134594812022, 40.59999999999996589 ) ) ;
#9716 = PLANE ( 'NONE',  #3691 ) ;
#9717 = DIRECTION ( 'NONE',  ( -3.854941057726242781E-17, -0.8660254037844383745, -0.5000000000000006661 ) ) ;
#9718 = ORIENTED_EDGE ( 'NONE', *, *, #1275, .T. ) ;
#9719 = DIRECTION ( 'NONE',  ( -0.5000000000000002220, -0.8660254037844385966, 0.000000000000000000 ) ) ;
#9720 = LINE ( 'NONE', #8893, #5695 ) ;
#9721 = ORIENTED_EDGE ( 'NONE', *, *, #8208, .F. ) ;
#9722 = VECTOR ( 'NONE', #1291, 1000.000000000000000 ) ;
#9723 = VERTEX_POINT ( 'NONE', #577 ) ;
#9724 = VERTEX_POINT ( 'NONE', #9531 ) ;
#9725 = EDGE_CURVE ( 'NONE', #9481, #7537, #2095, .T. ) ;
#9726 = CARTESIAN_POINT ( 'NONE',  ( -45.00000000000001421, 31.11227518966342487, -27.17386661099702749 ) ) ;
#9727 = CARTESIAN_POINT ( 'NONE',  ( 5.724622203665683529, 18.88772481033651474, -45.00000000000000711 ) ) ;
#9728 = DIRECTION ( 'NONE',  ( 7.709882115452476934E-17, 0.000000000000000000, 1.000000000000000000 ) ) ;
#9729 = CARTESIAN_POINT ( 'NONE',  ( -26.44924440733134574, 22.11324865405184426, -45.00000000000000711 ) ) ;
#9730 = CARTESIAN_POINT ( 'NONE',  ( 44.99999999999999289, 18.88772481033655737, 15.72462220366567465 ) ) ;
#9731 = ORIENTED_EDGE ( 'NONE', *, *, #8068, .T. ) ;
#9732 = VECTOR ( 'NONE', #217, 1000.000000000000000 ) ;
#9733 = VERTEX_POINT ( 'NONE', #7890 ) ;
#9734 = CARTESIAN_POINT ( 'NONE',  ( 44.99999999999998579, 22.11324865405187268, -5.000000000000008882 ) ) ;
#9735 = ORIENTED_EDGE ( 'NONE', *, *, #9496, .T. ) ;
#9736 = VECTOR ( 'NONE', #8, 999.9999999999998863 ) ;
#9737 = CARTESIAN_POINT ( 'NONE',  ( 25.21224189193352672, 4.999999999999997335, 25.21224189193357290 ) ) ;
#9738 = FACE_BOUND ( 'NONE', #10540, .T. ) ;
#9739 = LINE ( 'NONE', #8201, #3525 ) ;
#9740 = DIRECTION ( 'NONE',  ( 0.8660254037844383745, 0.5000000000000003331, 0.000000000000000000 ) ) ;
#9741 = ORIENTED_EDGE ( 'NONE', *, *, #6371, .T. ) ;
#9742 = PLANE ( 'NONE',  #2794 ) ;
#9743 = LINE ( 'NONE', #417, #8143 ) ;
#9744 = ADVANCED_FACE ( 'NONE', ( #8006 ), #1339, .F. ) ;
#9745 = ORIENTED_EDGE ( 'NONE', *, *, #10673, .T. ) ;
#9746 = AXIS2_PLACEMENT_3D ( 'NONE', #8946, #5719, #711 ) ;
#9747 = LINE ( 'NONE', #734, #2029 ) ;
#9748 = CARTESIAN_POINT ( 'NONE',  ( -40.60000000000001563, -9.092865725585330239, -32.46348017968004740 ) ) ;
#9749 = DIRECTION ( 'NONE',  ( 0.000000000000000000, -0.5000000000000002220, -0.8660254037844384856 ) ) ;
#9750 = LINE ( 'NONE', #7082, #9304 ) ;
#9751 = VERTEX_POINT ( 'NONE', #3005 ) ;
#9752 = EDGE_CURVE ( 'NONE', #7718, #5497, #7950, .T. ) ;
#9753 = VERTEX_POINT ( 'NONE', #9634 ) ;
#9754 = DIRECTION ( 'NONE',  ( 0.000000000000000000, -0.5000000000000004441, 0.8660254037844382635 ) ) ;
#9755 = DIRECTION ( 'NONE',  ( 0.8660254037844384856, -0.5000000000000001110, 0.000000000000000000 ) ) ;
#9756 = CARTESIAN_POINT ( 'NONE',  ( 26.44924440733135995, 27.88675134594810245, 44.99999999999999289 ) ) ;
#9757 = LINE ( 'NONE', #1665, #9986 ) ;
#9758 = ADVANCED_FACE ( 'NONE', ( #10441 ), #1392, .F. ) ;
#9759 = CARTESIAN_POINT ( 'NONE',  ( -37.17386661099703105, 18.88772481033652184, 44.99999999999999289 ) ) ;
#9760 = CARTESIAN_POINT ( 'NONE',  ( 40.60000000000001563, 4.999999999999997335, 40.59999999999998721 ) ) ;
#9761 = ORIENTED_EDGE ( 'NONE', *, *, #2456, .T. ) ;
#9762 = CARTESIAN_POINT ( 'NONE',  ( -45.00000000000001421, 31.11227518966343553, 5.724622203665675535 ) ) ;
#9763 = ADVANCED_FACE ( 'NONE', ( #6406 ), #1488, .F. ) ;
#9764 = DIRECTION ( 'NONE',  ( 1.000000000000000000, 6.009258394948641055E-16, 0.000000000000000000 ) ) ;
#9765 = EDGE_LOOP ( 'NONE', ( #8048, #5737, #8890, #4997 ) ) ;
#9766 = EDGE_CURVE ( 'NONE', #6132, #7138, #1440, .T. ) ;
#9767 = VECTOR ( 'NONE', #7698, 1000.000000000000000 ) ;
#9768 = EDGE_CURVE ( 'NONE', #9264, #10172, #5687, .T. ) ;
#9769 = ORIENTED_EDGE ( 'NONE', *, *, #10562, .F. ) ;
#9770 = ORIENTED_EDGE ( 'NONE', *, *, #6050, .F. ) ;
#9771 = CARTESIAN_POINT ( 'NONE',  ( -45.00000000000002132, 36.88577788155969728, 37.17386661099703815 ) ) ;
#9772 = VECTOR ( 'NONE', #3173, 1000.000000000000000 ) ;
#9773 = CARTESIAN_POINT ( 'NONE',  ( -45.00000000000001421, 27.88675134594812732, -26.44924440733135640 ) ) ;
#9774 = LINE ( 'NONE', #2334, #9103 ) ;
#9775 = CARTESIAN_POINT ( 'NONE',  ( -20.00000000000001421, -5.000000000000000000, -20.00000000000001421 ) ) ;
#9776 = DIRECTION ( 'NONE',  ( 0.000000000000000000, 0.000000000000000000, 1.000000000000000000 ) ) ;
#9777 = ORIENTED_EDGE ( 'NONE', *, *, #10676, .T. ) ;
#9778 = EDGE_CURVE ( 'NONE', #3510, #4848, #4765, .T. ) ;
#9779 = VECTOR ( 'NONE', #6105, 1000.000000000000000 ) ;
#9780 = ORIENTED_EDGE ( 'NONE', *, *, #10225, .T. ) ;
#9781 = EDGE_LOOP ( 'NONE', ( #986, #282, #7842, #6006, #1854, #3157 ) ) ;
#9782 = CARTESIAN_POINT ( 'NONE',  ( -45.00000000000001421, 36.88577788155969728, -5.724622203665674647 ) ) ;
#9783 = ORIENTED_EDGE ( 'NONE', *, *, #7166, .T. ) ;
#9784 = FACE_OUTER_BOUND ( 'NONE', #2893, .T. ) ;
#9785 = EDGE_CURVE ( 'NONE', #4911, #7509, #4058, .T. ) ;
#9786 = DIRECTION ( 'NONE',  ( 1.000000000000000000, -0.000000000000000000, -7.709882115452476934E-17 ) ) ;
#9787 = CARTESIAN_POINT ( 'NONE',  ( 44.99999999999998579, 27.88675134594813443, -5.000000000000008882 ) ) ;
#9788 = DIRECTION ( 'NONE',  ( -0.000000000000000000, -0.000000000000000000, 1.000000000000000000 ) ) ;
#9789 = VERTEX_POINT ( 'NONE', #4008 ) ;
#9790 = DIRECTION ( 'NONE',  ( -7.709882115452476934E-17, 0.000000000000000000, -1.000000000000000000 ) ) ;
#9791 = VERTEX_POINT ( 'NONE', #3107 ) ;
#9792 = EDGE_CURVE ( 'NONE', #1943, #9928, #6559, .T. ) ;
#9793 = CARTESIAN_POINT ( 'NONE',  ( -40.60000000000001563, 22.11324865405185491, 26.44924440733135995 ) ) ;
#9794 = PLANE ( 'NONE',  #3899 ) ;
#9795 = CARTESIAN_POINT ( 'NONE',  ( -45.00000000000001421, 31.11227518966342487, -5.724622203665674647 ) ) ;
#9796 = ORIENTED_EDGE ( 'NONE', *, *, #2045, .F. ) ;
#9797 = FACE_OUTER_BOUND ( 'NONE', #9765, .T. ) ;
#9798 = ORIENTED_EDGE ( 'NONE', *, *, #1082, .F. ) ;
#9799 = VECTOR ( 'NONE', #5886, 1000.000000000000227 ) ;
#9800 = ADVANCED_FACE ( 'NONE', ( #7383 ), #23, .F. ) ;
#9801 = VERTEX_POINT ( 'NONE', #9070 ) ;
#9802 = EDGE_CURVE ( 'NONE', #10493, #719, #7329, .T. ) ;
#9803 = LINE ( 'NONE', #5498, #5591 ) ;
#9804 = VECTOR ( 'NONE', #9605, 1000.000000000000000 ) ;
#9805 = CARTESIAN_POINT ( 'NONE',  ( 44.99999999999999289, 13.11422211844030450, 27.17386661099702394 ) ) ;
#9806 = LINE ( 'NONE', #2368, #290 ) ;
#9807 = CARTESIAN_POINT ( 'NONE',  ( -45.00000000000001421, 28.22552384371529755, 10.72462220366568530 ) ) ;
#9808 = DIRECTION ( 'NONE',  ( 0.8660254037844383745, 0.5000000000000003331, 0.000000000000000000 ) ) ;
#9809 = LINE ( 'NONE', #6525, #8777 ) ;
#9810 = VERTEX_POINT ( 'NONE', #10688 ) ;
#9811 = LINE ( 'NONE', #1616, #8864 ) ;
#9812 = VECTOR ( 'NONE', #3212, 999.9999999999998863 ) ;
#9813 = VECTOR ( 'NONE', #3152, 1000.000000000000000 ) ;
#9814 = CARTESIAN_POINT ( 'NONE',  ( 10.72462220366569063, 21.77447615628465272, -40.59999999999998721 ) ) ;
#9815 = ORIENTED_EDGE ( 'NONE', *, *, #1483, .F. ) ;
#9816 = VECTOR ( 'NONE', #482, 999.9999999999998863 ) ;
#9817 = ORIENTED_EDGE ( 'NONE', *, *, #15, .F. ) ;
#9818 = EDGE_CURVE ( 'NONE', #693, #6654, #4923, .T. ) ;
#9819 = CARTESIAN_POINT ( 'NONE',  ( 40.59999999999999432, 28.22552384371529755, 10.72462220366567820 ) ) ;
#9820 = PRESENTATION_LAYER_ASSIGNMENT (  '', '', ( #5122 ) ) ;
#9821 = CARTESIAN_POINT ( 'NONE',  ( -32.17386661099702394, 21.77447615628466693, 40.59999999999998721 ) ) ;
#9822 = EDGE_CURVE ( 'NONE', #2985, #1157, #10539, .T. ) ;
#9823 = DIRECTION ( 'NONE',  ( 0.000000000000000000, 1.000000000000000000, 0.000000000000000000 ) ) ;
#9824 = PLANE ( 'NONE',  #8765 ) ;
#9825 = CARTESIAN_POINT ( 'NONE',  ( 20.95182409730020368, 1.159696836724189994, 3.499999999999995559 ) ) ;
#9826 = CARTESIAN_POINT ( 'NONE',  ( 40.60000000000001563, 18.88772481033656447, -15.72462220366568530 ) ) ;
#9827 = EDGE_LOOP ( 'NONE', ( #1703, #6471, #5780, #3637 ) ) ;
#9828 = ORIENTED_EDGE ( 'NONE', *, *, #6957, .T. ) ;
#9829 = VECTOR ( 'NONE', #3163, 999.9999999999998863 ) ;
#9830 = ORIENTED_EDGE ( 'NONE', *, *, #3707, .T. ) ;
#9831 = ORIENTED_EDGE ( 'NONE', *, *, #1318, .F. ) ;
#9832 = EDGE_CURVE ( 'NONE', #5882, #3244, #2348, .T. ) ;
#9833 = ORIENTED_EDGE ( 'NONE', *, *, #6271, .T. ) ;
#9834 = ADVANCED_FACE ( 'NONE', ( #5734 ), #8105, .F. ) ;
#9835 = DIRECTION ( 'NONE',  ( -3.854941057726239700E-17, 0.8660254037844385966, -0.5000000000000002220 ) ) ;
#9836 = LINE ( 'NONE', #5842, #6320 ) ;
#9837 = DIRECTION ( 'NONE',  ( -0.5000000000000007772, 0.8660254037844382635, 0.000000000000000000 ) ) ;
#9838 = CARTESIAN_POINT ( 'NONE',  ( -29.65205706398846885, 23.96239340353677960, -40.59999999999998721 ) ) ;
#9839 = DIRECTION ( 'NONE',  ( -0.000000000000000000, -1.000000000000000000, -0.000000000000000000 ) ) ;
#9840 = VERTEX_POINT ( 'NONE', #675 ) ;
#9841 = CARTESIAN_POINT ( 'NONE',  ( 40.60000000000001563, -13.30361025463755453, -30.03240569234300139 ) ) ;
#9842 = ORIENTED_EDGE ( 'NONE', *, *, #6628, .T. ) ;
#9843 = EDGE_CURVE ( 'NONE', #9325, #10211, #7279, .T. ) ;
#9844 = LINE ( 'NONE', #1497, #8941 ) ;
#9845 = CARTESIAN_POINT ( 'NONE',  ( 15.72462220366569596, 5.000000000000031086, -40.59999999999998721 ) ) ;
#9846 = DIRECTION ( 'NONE',  ( -0.5000000000000007772, 0.8660254037844382635, 0.000000000000000000 ) ) ;
#9847 = VERTEX_POINT ( 'NONE', #6456 ) ;
#9848 = CARTESIAN_POINT ( 'NONE',  ( -16.44924440733134929, 27.88675134594810245, -45.00000000000000711 ) ) ;
#9849 = ORIENTED_EDGE ( 'NONE', *, *, #8603, .F. ) ;
#9850 = EDGE_CURVE ( 'NONE', #228, #134, #9018, .T. ) ;
#9851 = ORIENTED_EDGE ( 'NONE', *, *, #8891, .F. ) ;
#9852 = AXIS2_PLACEMENT_3D ( 'NONE', #1997, #1131, #6153 ) ;
#9853 = VECTOR ( 'NONE', #3293, 1000.000000000000000 ) ;
#9854 = VECTOR ( 'NONE', #3355, 1000.000000000000000 ) ;
#9855 = DIRECTION ( 'NONE',  ( 7.709882115452476934E-17, 0.000000000000000000, 1.000000000000000000 ) ) ;
#9856 = LINE ( 'NONE', #907, #7688 ) ;
#9857 = LINE ( 'NONE', #7404, #5102 ) ;
#9858 = CARTESIAN_POINT ( 'NONE',  ( 32.17386661099703815, 28.22552384371528333, -45.00000000000000711 ) ) ;
#9859 = VECTOR ( 'NONE', #9307, 1000.000000000000000 ) ;
#9860 = CARTESIAN_POINT ( 'NONE',  ( -32.17386661099702394, 10.22747077249215231, -45.00000000000000711 ) ) ;
#9861 = PLANE ( 'NONE',  #9653 ) ;
#9862 = ORIENTED_EDGE ( 'NONE', *, *, #2346, .F. ) ;
#9863 = DIRECTION ( 'NONE',  ( -1.000000000000000000, 0.000000000000000000, 7.709882115452476934E-17 ) ) ;
#9864 = PLANE ( 'NONE',  #5342 ) ;
#9865 = ORIENTED_EDGE ( 'NONE', *, *, #4117, .F. ) ;
#9866 = ADVANCED_FACE ( 'NONE', ( #1537 ), #4109, .F. ) ;
#9867 = VECTOR ( 'NONE', #4374, 1000.000000000000000 ) ;
#9868 = EDGE_CURVE ( 'NONE', #8702, #9325, #5534, .T. ) ;
#9869 = VECTOR ( 'NONE', #4280, 1000.000000000000000 ) ;
#9870 = PLANE ( 'NONE',  #9746 ) ;
#9871 = CARTESIAN_POINT ( 'NONE',  ( -45.00000000000001421, 28.22552384371529755, 10.72462220366568530 ) ) ;
#9872 = CARTESIAN_POINT ( 'NONE',  ( -10.72462220366566577, 39.77252922750778907, -45.00000000000000711 ) ) ;
#9873 = DIRECTION ( 'NONE',  ( 0.7071067811865469066, 0.000000000000000000, 0.7071067811865482389 ) ) ;
#9874 = LINE ( 'NONE', #7420, #7856 ) ;
#9875 = VECTOR ( 'NONE', #2676, 1000.000000000000227 ) ;
#9876 = ORIENTED_EDGE ( 'NONE', *, *, #10104, .F. ) ;
#9877 = VECTOR ( 'NONE', #3034, 1000.000000000000000 ) ;
#9878 = EDGE_LOOP ( 'NONE', ( #4110, #8725, #1630, #10292 ) ) ;
#9879 = ORIENTED_EDGE ( 'NONE', *, *, #959, .T. ) ;
#9880 = EDGE_CURVE ( 'NONE', #10627, #4990, #8152, .T. ) ;
#9881 = EDGE_LOOP ( 'NONE', ( #1312, #8353, #5811, #5897 ) ) ;
#9882 = ORIENTED_EDGE ( 'NONE', *, *, #5949, .F. ) ;
#9883 = CARTESIAN_POINT ( 'NONE',  ( 5.724622203665694187, 5.000000000000018652, 40.59999999999998721 ) ) ;
#9884 = CARTESIAN_POINT ( 'NONE',  ( -40.60000000000001563, 30.77350269189626175, -21.44924440733135640 ) ) ;
#9885 = FACE_BOUND ( 'NONE', #7510, .T. ) ;
#9886 = CARTESIAN_POINT ( 'NONE',  ( -45.00000000000002132, 30.77350269189626175, 21.44924440733135640 ) ) ;
#9887 = CARTESIAN_POINT ( 'NONE',  ( -45.00000000000001421, 21.77447615628469180, -32.17386661099703105 ) ) ;
#9888 = CARTESIAN_POINT ( 'NONE',  ( -45.00000000000002132, 21.77447615628469180, 10.72462220366567820 ) ) ;
#9889 = ORIENTED_EDGE ( 'NONE', *, *, #9179, .T. ) ;
#9890 = LINE ( 'NONE', #9841, #2089 ) ;
#9891 = ORIENTED_EDGE ( 'NONE', *, *, #4561, .T. ) ;
#9892 = EDGE_CURVE ( 'NONE', #2087, #1874, #996, .T. ) ;
#9893 = EDGE_CURVE ( 'NONE', #968, #938, #2667, .T. ) ;
#9894 = ORIENTED_EDGE ( 'NONE', *, *, #2432, .F. ) ;
#9895 = AXIS2_PLACEMENT_3D ( 'NONE', #4311, #3618, #7647 ) ;
#9896 = CARTESIAN_POINT ( 'NONE',  ( 8.131727983645294699, 4.999999999999997335, -8.131727983645285818 ) ) ;
#9897 = DIRECTION ( 'NONE',  ( -0.8660254037844382635, -0.5000000000000006661, 0.000000000000000000 ) ) ;
#9898 = DIRECTION ( 'NONE',  ( -6.009258394948641055E-16, 1.000000000000000000, 0.000000000000000000 ) ) ;
#9899 = DIRECTION ( 'NONE',  ( -0.5000000000000002220, -0.8660254037844385966, 0.000000000000000000 ) ) ;
#9900 = EDGE_LOOP ( 'NONE', ( #4305, #10615, #10307, #5739 ) ) ;
#9901 = CARTESIAN_POINT ( 'NONE',  ( 44.99999999999999289, 18.88772481033656447, 37.17386661099703105 ) ) ;
#9902 = ORIENTED_EDGE ( 'NONE', *, *, #7222, .F. ) ;
#9903 = VECTOR ( 'NONE', #8669, 1000.000000000000000 ) ;
#9904 = AXIS2_PLACEMENT_3D ( 'NONE', #4904, #2379, #8038 ) ;
#9905 = VERTEX_POINT ( 'NONE', #10056 ) ;
#9906 = ORIENTED_EDGE ( 'NONE', *, *, #145, .F. ) ;
#9907 = CARTESIAN_POINT ( 'NONE',  ( -45.00000000000001421, 22.11324865405186202, 5.000000000000002665 ) ) ;
#9908 = LINE ( 'NONE', #4785, #2669 ) ;
#9909 = EDGE_CURVE ( 'NONE', #8032, #10118, #4978, .T. ) ;
#9910 = LINE ( 'NONE', #2471, #109 ) ;
#9911 = CARTESIAN_POINT ( 'NONE',  ( -5.724622203665668430, 31.11227518966341421, 40.59999999999996589 ) ) ;
#9912 = DIRECTION ( 'NONE',  ( -0.9816271834476638647, 0.1908089953765452484, 0.000000000000000000 ) ) ;
#9913 = DIRECTION ( 'NONE',  ( 3.854941057726239700E-17, -0.8660254037844385966, 0.5000000000000003331 ) ) ;
#9914 = ORIENTED_EDGE ( 'NONE', *, *, #8759, .F. ) ;
#9915 = DIRECTION ( 'NONE',  ( -0.8660254037844389297, 0.4999999999999994449, 0.000000000000000000 ) ) ;
#9916 = CARTESIAN_POINT ( 'NONE',  ( 40.60000000000001563, -2.537983952267041765, -36.24794293601154038 ) ) ;
#9917 = ORIENTED_EDGE ( 'NONE', *, *, #40, .T. ) ;
#9918 = ORIENTED_EDGE ( 'NONE', *, *, #4753, .F. ) ;
#9919 = ADVANCED_FACE ( 'NONE', ( #5907 ), #7547, .F. ) ;
#9920 = ADVANCED_FACE ( 'NONE', ( #9240 ), #186, .T. ) ;
#9921 = LINE ( 'NONE', #6389, #3143 ) ;
#9922 = DIRECTION ( 'NONE',  ( 0.000000000000000000, -1.000000000000000000, 0.000000000000000000 ) ) ;
#9923 = CARTESIAN_POINT ( 'NONE',  ( 44.99999999999998579, 31.11227518966342487, -27.17386661099703460 ) ) ;
#9924 = CARTESIAN_POINT ( 'NONE',  ( -5.724622203665668430, 13.11422211844027608, -40.59999999999998721 ) ) ;
#9925 = CARTESIAN_POINT ( 'NONE',  ( -45.00000000000002132, 18.88772481033656092, -15.72462220366567820 ) ) ;
#9926 = VECTOR ( 'NONE', #3387, 1000.000000000000000 ) ;
#9927 = DIRECTION ( 'NONE',  ( -0.8660254037844382635, -0.5000000000000007772, 0.000000000000000000 ) ) ;
#9928 = VERTEX_POINT ( 'NONE', #5351 ) ;
#9929 = ORIENTED_EDGE ( 'NONE', *, *, #1483, .T. ) ;
#9930 = ORIENTED_EDGE ( 'NONE', *, *, #4948, .F. ) ;
#9931 = ORIENTED_EDGE ( 'NONE', *, *, #9375, .T. ) ;
#9932 = VECTOR ( 'NONE', #7995, 1000.000000000000000 ) ;
#9933 = ORIENTED_EDGE ( 'NONE', *, *, #3593, .F. ) ;
#9934 = CARTESIAN_POINT ( 'NONE',  ( -37.17386661099703105, 18.88772481033652184, -40.59999999999998721 ) ) ;
#9935 = CARTESIAN_POINT ( 'NONE',  ( -45.00000000000001421, 30.77350269189626886, -1.511102531139998355E-16 ) ) ;
#9936 = FACE_BOUND ( 'NONE', #6890, .T. ) ;
#9937 = CARTESIAN_POINT ( 'NONE',  ( -45.00000000000001421, 31.11227518966343553, -15.72462220366567820 ) ) ;
#9938 = ORIENTED_EDGE ( 'NONE', *, *, #1632, .F. ) ;
#9939 = CARTESIAN_POINT ( 'NONE',  ( -20.00000000000001776, -5.000000000000000000, 3.499999999999989342 ) ) ;
#9940 = DIRECTION ( 'NONE',  ( 1.000000000000000000, -0.000000000000000000, -7.709882115452476934E-17 ) ) ;
#9941 = ORIENTED_EDGE ( 'NONE', *, *, #4677, .T. ) ;
#9942 = CARTESIAN_POINT ( 'NONE',  ( -40.60000000000001563, -4.015814980272426560, -35.39471679417584227 ) ) ;
#9943 = ORIENTED_EDGE ( 'NONE', *, *, #1417, .T. ) ;
#9944 = AXIS2_PLACEMENT_3D ( 'NONE', #4, #1680, #7805 ) ;
#9945 = ORIENTED_EDGE ( 'NONE', *, *, #10310, .T. ) ;
#9946 = EDGE_CURVE ( 'NONE', #10148, #8501, #4478, .T. ) ;
#9947 = VERTEX_POINT ( 'NONE', #8361 ) ;
#9948 = DIRECTION ( 'NONE',  ( -0.000000000000000000, -0.000000000000000000, 1.000000000000000000 ) ) ;
#9949 = EDGE_CURVE ( 'NONE', #8533, #2607, #8311, .T. ) ;
#9950 = EDGE_CURVE ( 'NONE', #10159, #6509, #5087, .T. ) ;
#9951 = CARTESIAN_POINT ( 'NONE',  ( 40.59999999999999432, 13.11422211844029739, -15.72462220366568530 ) ) ;
#9952 = FACE_OUTER_BOUND ( 'NONE', #2706, .T. ) ;
#9953 = CARTESIAN_POINT ( 'NONE',  ( -40.60000000000001563, 21.77447615628469890, 32.17386661099703105 ) ) ;
#9954 = VERTEX_POINT ( 'NONE', #76 ) ;
#9955 = CARTESIAN_POINT ( 'NONE',  ( 44.99999999999998579, 30.77350269189626886, -7.090004157021228558E-15 ) ) ;
#9956 = EDGE_LOOP ( 'NONE', ( #7074, #7524, #7252, #8859 ) ) ;
#9957 = ORIENTED_EDGE ( 'NONE', *, *, #4397, .F. ) ;
#9958 = DIRECTION ( 'NONE',  ( -0.000000000000000000, -0.000000000000000000, 1.000000000000000000 ) ) ;
#9959 = EDGE_CURVE ( 'NONE', #1710, #7257, #8417, .T. ) ;
#9960 = DIRECTION ( 'NONE',  ( -0.000000000000000000, -0.000000000000000000, 1.000000000000000000 ) ) ;
#9961 = CARTESIAN_POINT ( 'NONE',  ( -45.00000000000001421, 10.22747077249215941, -32.17386661099702394 ) ) ;
#9962 = DIRECTION ( 'NONE',  ( 0.000000000000000000, 0.5000000000000005551, -0.8660254037844382635 ) ) ;
#9963 = FACE_OUTER_BOUND ( 'NONE', #466, .T. ) ;
#9964 = DIRECTION ( 'NONE',  ( 4.506943796211493857E-16, -1.000000000000000000, 0.000000000000000000 ) ) ;
#9965 = EDGE_LOOP ( 'NONE', ( #6138, #1767, #6852, #8754 ) ) ;
#9966 = CARTESIAN_POINT ( 'NONE',  ( 44.99999999999999289, 18.88772481033655737, 15.72462220366567465 ) ) ;
#9967 = FACE_OUTER_BOUND ( 'NONE', #2641, .T. ) ;
#9968 = EDGE_LOOP ( 'NONE', ( #1699, #6908, #9252, #5578 ) ) ;
#9969 = EDGE_CURVE ( 'NONE', #4822, #8032, #4534, .T. ) ;
#9970 = ORIENTED_EDGE ( 'NONE', *, *, #101, .T. ) ;
#9971 = AXIS2_PLACEMENT_3D ( 'NONE', #3795, #3040, #8901 ) ;
#9972 = CARTESIAN_POINT ( 'NONE',  ( 44.99999999999998579, 22.11324865405186557, -26.44924440733136350 ) ) ;
#9973 = ADVANCED_FACE ( 'NONE', ( #6985 ), #10304, .T. ) ;
#9974 = CARTESIAN_POINT ( 'NONE',  ( -45.00000000000002132, 13.11422211844028674, 15.72462220366568175 ) ) ;
#9975 = AXIS2_PLACEMENT_3D ( 'NONE', #5915, #1817, #9306 ) ;
#9976 = CARTESIAN_POINT ( 'NONE',  ( -39.02809845431146130, -5.000000000000000888, 37.82104513169647930 ) ) ;
#9977 = DIRECTION ( 'NONE',  ( -0.3939192985791687418, 0.000000000000000000, 0.9191450300180574740 ) ) ;
#9978 = DIRECTION ( 'NONE',  ( 1.000000000000000000, -0.000000000000000000, -7.709882115452476934E-17 ) ) ;
#9979 = CARTESIAN_POINT ( 'NONE',  ( -36.08321690396843451, -5.000000000000000000, -39.02809845431143287 ) ) ;
#9980 = EDGE_LOOP ( 'NONE', ( #7339, #1967, #2995, #5382 ) ) ;
#9981 = EDGE_LOOP ( 'NONE', ( #4971, #4868, #5306, #1264 ) ) ;
#9982 = VERTEX_POINT ( 'NONE', #8472 ) ;
#9983 = CIRCLE ( 'NONE', #469, 16.50000000000000000 ) ;
#9984 = EDGE_CURVE ( 'NONE', #2180, #4676, #4216, .T. ) ;
#9985 = EDGE_CURVE ( 'NONE', #5461, #5727, #1698, .T. ) ;
#9986 = VECTOR ( 'NONE', #2421, 1000.000000000000000 ) ;
#9987 = ORIENTED_EDGE ( 'NONE', *, *, #4758, .F. ) ;
#9988 = VECTOR ( 'NONE', #1861, 1000.000000000000000 ) ;
#9989 = ORIENTED_EDGE ( 'NONE', *, *, #7691, .T. ) ;
#9990 = VERTEX_POINT ( 'NONE', #4165 ) ;
#9991 = DIRECTION ( 'NONE',  ( -0.5000000000000007772, 0.8660254037844382635, 0.000000000000000000 ) ) ;
#9992 = AXIS2_PLACEMENT_3D ( 'NONE', #6023, #2626, #5914 ) ;
#9993 = FACE_OUTER_BOUND ( 'NONE', #4437, .T. ) ;
#9994 = FACE_BOUND ( 'NONE', #490, .T. ) ;
#9995 = PLANE ( 'NONE',  #3073 ) ;
#9996 = ORIENTED_EDGE ( 'NONE', *, *, #9598, .T. ) ;
#9997 = CARTESIAN_POINT ( 'NONE',  ( -15.72462220366567109, 18.88772481033651474, -45.00000000000000711 ) ) ;
#9998 = CARTESIAN_POINT ( 'NONE',  ( 42.99999999999996447, 45.00000000000000000, -43.00000000000000000 ) ) ;
#9999 = ORIENTED_EDGE ( 'NONE', *, *, #3029, .T. ) ;
#10000 = AXIS2_PLACEMENT_3D ( 'NONE', #6630, #8324, #3271 ) ;
#10001 = CARTESIAN_POINT ( 'NONE',  ( -45.00000000000002132, 45.00000000000000000, -45.00000000000000711 ) ) ;
#10002 = ORIENTED_EDGE ( 'NONE', *, *, #1192, .F. ) ;
#10003 = EDGE_CURVE ( 'NONE', #2492, #6516, #2063, .T. ) ;
#10004 = ORIENTED_EDGE ( 'NONE', *, *, #9868, .T. ) ;
#10005 = ORIENTED_EDGE ( 'NONE', *, *, #7250, .F. ) ;
#10006 = CARTESIAN_POINT ( 'NONE',  ( 26.44924440733136706, 22.11324865405184426, -45.00000000000000711 ) ) ;
#10007 = CARTESIAN_POINT ( 'NONE',  ( -45.00000000000001421, 13.11422211844028674, -27.17386661099702749 ) ) ;
#10008 = PLANE ( 'NONE',  #9106 ) ;
#10009 = PLANE ( 'NONE',  #8473 ) ;
#10010 = AXIS2_PLACEMENT_3D ( 'NONE', #9583, #5532, #6353 ) ;
#10011 = ORIENTED_EDGE ( 'NONE', *, *, #2756, .T. ) ;
#10012 = CARTESIAN_POINT ( 'NONE',  ( 5.000000000000006217, 22.11324865405186202, 40.59999999999996589 ) ) ;
#10013 = VERTEX_POINT ( 'NONE', #444 ) ;
#10014 = ORIENTED_EDGE ( 'NONE', *, *, #9950, .T. ) ;
#10015 = ADVANCED_FACE ( 'NONE', ( #7865 ), #3725, .F. ) ;
#10016 = ORIENTED_EDGE ( 'NONE', *, *, #5004, .T. ) ;
#10017 = CARTESIAN_POINT ( 'NONE',  ( -37.82579128151289183, 0.1949295487797602922, -40.59999999999998721 ) ) ;
#10018 = DIRECTION ( 'NONE',  ( 0.9191450300180576960, 0.000000000000000000, -0.3939192985791679646 ) ) ;
#10019 = DIRECTION ( 'NONE',  ( 0.8660254037844389297, -0.4999999999999995004, 0.000000000000000000 ) ) ;
#10020 = CARTESIAN_POINT ( 'NONE',  ( 37.17386661099705236, 5.000000000000044409, 40.59999999999998721 ) ) ;
#10021 = CARTESIAN_POINT ( 'NONE',  ( -15.14297210399136517, 49.09286572558527695, -40.59999999999998721 ) ) ;
#10022 = LINE ( 'NONE', #797, #6460 ) ;
#10023 = CARTESIAN_POINT ( 'NONE',  ( 26.44924440733136706, 22.11324865405184426, -45.00000000000000711 ) ) ;
#10024 = VERTEX_POINT ( 'NONE', #7489 ) ;
#10025 = CARTESIAN_POINT ( 'NONE',  ( -37.17386661099703105, 13.11422211844028318, -45.00000000000000711 ) ) ;
#10026 = FACE_OUTER_BOUND ( 'NONE', #4452, .T. ) ;
#10027 = ORIENTED_EDGE ( 'NONE', *, *, #8419, .F. ) ;
#10028 = VECTOR ( 'NONE', #3743, 1000.000000000000000 ) ;
#10029 = EDGE_CURVE ( 'NONE', #5075, #6199, #5847, .T. ) ;
#10030 = EDGE_CURVE ( 'NONE', #6379, #5249, #8889, .T. ) ;
#10031 = DIRECTION ( 'NONE',  ( 1.000000000000000000, -0.000000000000000000, -7.709882115452476934E-17 ) ) ;
#10032 = AXIS2_PLACEMENT_3D ( 'NONE', #9323, #4299, #10294 ) ;
#10033 = VERTEX_POINT ( 'NONE', #498 ) ;
#10034 = DIRECTION ( 'NONE',  ( -3.854941057726239700E-17, 0.8660254037844385966, -0.5000000000000002220 ) ) ;
#10035 = LINE ( 'NONE', #9221, #3865 ) ;
#10036 = CARTESIAN_POINT ( 'NONE',  ( 44.99999999999998579, 36.88577788155969728, -37.17386661099704526 ) ) ;
#10037 = CARTESIAN_POINT ( 'NONE',  ( 40.59999999999999432, 27.88675134594813088, 4.999999999999995559 ) ) ;
#10038 = LINE ( 'NONE', #5889, #5590 ) ;
#10039 = VECTOR ( 'NONE', #3809, 999.9999999999998863 ) ;
#10040 = CARTESIAN_POINT ( 'NONE',  ( 40.60000000000001563, 4.999999999999997335, 37.17386661099703815 ) ) ;
#10041 = EDGE_LOOP ( 'NONE', ( #9654, #4152, #5665, #8070 ) ) ;
#10042 = ORIENTED_EDGE ( 'NONE', *, *, #3058, .F. ) ;
#10043 = AXIS2_PLACEMENT_3D ( 'NONE', #1600, #7448, #9137 ) ;
#10044 = EDGE_CURVE ( 'NONE', #9724, #2871, #10415, .T. ) ;
#10045 = EDGE_LOOP ( 'NONE', ( #4723, #2053, #513, #2805, #8751, #5661, #3301, #3762 ) ) ;
#10046 = ORIENTED_EDGE ( 'NONE', *, *, #7399, .T. ) ;
#10047 = EDGE_LOOP ( 'NONE', ( #1379, #10058, #7282, #6087, #5076, #5748 ) ) ;
#10048 = EDGE_LOOP ( 'NONE', ( #3164, #2445, #2906, #2845 ) ) ;
#10049 = LINE ( 'NONE', #1748, #2769 ) ;
#10050 = VECTOR ( 'NONE', #5165, 1000.000000000000000 ) ;
#10051 = CARTESIAN_POINT ( 'NONE',  ( 40.60000000000001563, 12.56922586464553149, -36.22990540948980964 ) ) ;
#10052 = CARTESIAN_POINT ( 'NONE',  ( -27.17386661099702749, 13.11422211844028318, -45.00000000000000711 ) ) ;
#10053 = DIRECTION ( 'NONE',  ( 1.000000000000000000, -0.000000000000000000, -7.709882115452476934E-17 ) ) ;
#10054 = VECTOR ( 'NONE', #9020, 1000.000000000000000 ) ;
#10055 = DIRECTION ( 'NONE',  ( -0.4999999999999993894, 0.7071067811865481278, 0.4999999999999998335 ) ) ;
#10056 = CARTESIAN_POINT ( 'NONE',  ( 10.28129369291626283, 0.000000000000000000, 10.28129369291626993 ) ) ;
#10057 = ORIENTED_EDGE ( 'NONE', *, *, #5790, .F. ) ;
#10058 = ORIENTED_EDGE ( 'NONE', *, *, #9041, .F. ) ;
#10059 = CARTESIAN_POINT ( 'NONE',  ( -40.60000000000001563, 13.11422211844028674, -5.724622203665674647 ) ) ;
#10060 = ORIENTED_EDGE ( 'NONE', *, *, #4855, .T. ) ;
#10061 = DIRECTION ( 'NONE',  ( -1.000000000000000000, 0.000000000000000000, 7.709882115452476934E-17 ) ) ;
#10062 = EDGE_CURVE ( 'NONE', #3510, #4483, #7923, .T. ) ;
#10063 = FACE_OUTER_BOUND ( 'NONE', #8599, .T. ) ;
#10064 = CARTESIAN_POINT ( 'NONE',  ( 32.17386661099703815, 39.77252922750778907, -45.00000000000000711 ) ) ;
#10065 = PLANE ( 'NONE',  #8834 ) ;
#10066 =( NAMED_UNIT ( * ) PLANE_ANGLE_UNIT ( ) SI_UNIT ( $, .RADIAN. ) );
#10067 = ORIENTED_EDGE ( 'NONE', *, *, #9424, .T. ) ;
#10068 = VECTOR ( 'NONE', #1516, 999.9999999999998863 ) ;
#10069 = VERTEX_POINT ( 'NONE', #6325 ) ;
#10070 = ORIENTED_EDGE ( 'NONE', *, *, #2076, .F. ) ;
#10071 = ORIENTED_EDGE ( 'NONE', *, *, #5558, .T. ) ;
#10072 = DIRECTION ( 'NONE',  ( 0.1874275599918963087, 0.9642312064598242971, 0.1874275599918963642 ) ) ;
#10073 = CARTESIAN_POINT ( 'NONE',  ( 44.99999999999998579, 10.22747077249215941, -32.17386661099703105 ) ) ;
#10074 = AXIS2_PLACEMENT_3D ( 'NONE', #7554, #241, #8424 ) ;
#10075 = DIRECTION ( 'NONE',  ( -0.8660254037844381525, -0.5000000000000006661, 0.000000000000000000 ) ) ;
#10076 = CARTESIAN_POINT ( 'NONE',  ( -17.08051390828823202, -5.000000000000002665, -33.34396987557884273 ) ) ;
#10077 = CARTESIAN_POINT ( 'NONE',  ( 21.44924440733137061, 30.77350269189622267, -45.00000000000000711 ) ) ;
#10078 = DIRECTION ( 'NONE',  ( -0.000000000000000000, 1.000000000000000000, -0.000000000000000000 ) ) ;
#10079 = LINE ( 'NONE', #1830, #4417 ) ;
#10080 = EDGE_LOOP ( 'NONE', ( #1203, #3166, #2999, #8442 ) ) ;
#10081 = DIRECTION ( 'NONE',  ( -0.8660254037844381525, -0.5000000000000006661, 0.000000000000000000 ) ) ;
#10082 = DIRECTION ( 'NONE',  ( -0.8660254037844382635, -0.5000000000000006661, 0.000000000000000000 ) ) ;
#10083 = ORIENTED_EDGE ( 'NONE', *, *, #3370, .T. ) ;
#10084 = FACE_BOUND ( 'NONE', #6268, .T. ) ;
#10085 = ORIENTED_EDGE ( 'NONE', *, *, #3941, .F. ) ;
#10086 = EDGE_CURVE ( 'NONE', #3435, #1756, #7098, .T. ) ;
#10087 = LINE ( 'NONE', #10189, #3289 ) ;
#10088 = LINE ( 'NONE', #3668, #10469 ) ;
#10089 = FACE_OUTER_BOUND ( 'NONE', #6253, .T. ) ;
#10090 = EDGE_CURVE ( 'NONE', #2017, #5542, #599, .T. ) ;
#10091 = DIRECTION ( 'NONE',  ( 0.000000000000000000, -0.5000000000000002220, -0.8660254037844384856 ) ) ;
#10092 = CARTESIAN_POINT ( 'NONE',  ( 37.17386661099703815, 36.88577788155965465, -40.59999999999998721 ) ) ;
#10093 = EDGE_CURVE ( 'NONE', #4059, #2314, #3934, .T. ) ;
#10094 = ORIENTED_EDGE ( 'NONE', *, *, #1674, .F. ) ;
#10095 = VERTEX_POINT ( 'NONE', #4639 ) ;
#10096 = DIRECTION ( 'NONE',  ( 8.514258598918262093E-17, -0.1908089953765452762, -0.9816271834476639757 ) ) ;
#10097 = ORIENTED_EDGE ( 'NONE', *, *, #4798, .F. ) ;
#10098 = DIRECTION ( 'NONE',  ( -0.5000000000000007772, 0.8660254037844382635, 0.000000000000000000 ) ) ;
#10099 = VECTOR ( 'NONE', #4945, 1000.000000000000000 ) ;
#10100 = DIRECTION ( 'NONE',  ( 1.000000000000000000, -0.000000000000000000, -7.709882115452476934E-17 ) ) ;
#10101 = PLANE ( 'NONE',  #3897 ) ;
#10102 = DIRECTION ( 'NONE',  ( -0.000000000000000000, -0.000000000000000000, 1.000000000000000000 ) ) ;
#10103 = DIRECTION ( 'NONE',  ( -0.8660254037844382635, -0.5000000000000006661, 0.000000000000000000 ) ) ;
#10104 = EDGE_CURVE ( 'NONE', #707, #8906, #3881, .T. ) ;
#10105 = DIRECTION ( 'NONE',  ( 0.000000000000000000, 0.5000000000000005551, -0.8660254037844382635 ) ) ;
#10106 = ORIENTED_EDGE ( 'NONE', *, *, #1760, .F. ) ;
#10107 = VECTOR ( 'NONE', #2321, 1000.000000000000000 ) ;
#10108 = ORIENTED_EDGE ( 'NONE', *, *, #5462, .T. ) ;
#10109 = ADVANCED_FACE ( 'NONE', ( #9609 ), #2277, .F. ) ;
#10110 = CARTESIAN_POINT ( 'NONE',  ( 44.99999999999997868, 45.00000000000000000, -45.00000000000000711 ) ) ;
#10111 = ORIENTED_EDGE ( 'NONE', *, *, #3063, .F. ) ;
#10112 = CARTESIAN_POINT ( 'NONE',  ( -40.60000000000001563, 13.11422211844029739, -37.17386661099703815 ) ) ;
#10113 = CARTESIAN_POINT ( 'NONE',  ( 32.17386661099703815, 39.77252922750778197, 40.59999999999998721 ) ) ;
#10114 = VECTOR ( 'NONE', #10705, 999.9999999999998863 ) ;
#10115 = DIRECTION ( 'NONE',  ( 0.000000000000000000, 0.5000000000000002220, 0.8660254037844385966 ) ) ;
#10116 = CARTESIAN_POINT ( 'NONE',  ( -10.72462220366566754, 10.22747077249214520, -45.00000000000000711 ) ) ;
#10117 = CARTESIAN_POINT ( 'NONE',  ( -45.00000000000002132, 27.88675134594812732, 26.44924440733135995 ) ) ;
#10118 = VERTEX_POINT ( 'NONE', #8788 ) ;
#10119 = ORIENTED_EDGE ( 'NONE', *, *, #6519, .F. ) ;
#10120 = EDGE_CURVE ( 'NONE', #10311, #10201, #10359, .T. ) ;
#10121 = EDGE_CURVE ( 'NONE', #10282, #8272, #9295, .T. ) ;
#10122 = ORIENTED_EDGE ( 'NONE', *, *, #4204, .F. ) ;
#10123 = ORIENTED_EDGE ( 'NONE', *, *, #462, .F. ) ;
#10124 = VECTOR ( 'NONE', #7587, 999.9999999999998863 ) ;
#10125 = CARTESIAN_POINT ( 'NONE',  ( -37.05511844965704427, 0.000000000000000000, -40.00000000000002842 ) ) ;
#10126 = DIRECTION ( 'NONE',  ( 0.000000000000000000, 0.5000000000000002220, 0.8660254037844385966 ) ) ;
#10127 = FACE_OUTER_BOUND ( 'NONE', #8409, .T. ) ;
#10128 = LINE ( 'NONE', #1073, #7910 ) ;
#10129 = LINE ( 'NONE', #8610, #347 ) ;
#10130 = DIRECTION ( 'NONE',  ( 1.000000000000000000, -0.000000000000000000, -7.709882115452476934E-17 ) ) ;
#10131 = ORIENTED_EDGE ( 'NONE', *, *, #5996, .T. ) ;
#10132 = EDGE_CURVE ( 'NONE', #353, #893, #2123, .T. ) ;
#10133 = LINE ( 'NONE', #1130, #2447 ) ;
#10134 = DIRECTION ( 'NONE',  ( 0.5000000000000004441, -0.8660254037844384856, 0.000000000000000000 ) ) ;
#10135 = EDGE_LOOP ( 'NONE', ( #6816, #8034, #5678, #3129 ) ) ;
#10136 = EDGE_CURVE ( 'NONE', #1157, #3551, #7148, .T. ) ;
#10137 = EDGE_LOOP ( 'NONE', ( #3788, #667, #2527, #7341, #2574, #119 ) ) ;
#10138 = CARTESIAN_POINT ( 'NONE',  ( 40.60000000000001563, 18.88772481033656447, -37.17386661099704526 ) ) ;
#10139 = LINE ( 'NONE', #9498, #1980 ) ;
#10140 = LINE ( 'NONE', #8451, #10327 ) ;
#10141 = PLANE ( 'NONE',  #2926 ) ;
#10142 = DIRECTION ( 'NONE',  ( 0.8660254037844383745, 0.5000000000000004441, 0.000000000000000000 ) ) ;
#10143 = CARTESIAN_POINT ( 'NONE',  ( 21.44924440733137061, 30.77350269189622267, -45.00000000000000711 ) ) ;
#10144 = ORIENTED_EDGE ( 'NONE', *, *, #677, .F. ) ;
#10145 = ORIENTED_EDGE ( 'NONE', *, *, #1884, .T. ) ;
#10146 = VECTOR ( 'NONE', #3686, 1000.000000000000000 ) ;
#10147 = ORIENTED_EDGE ( 'NONE', *, *, #224, .F. ) ;
#10148 = VERTEX_POINT ( 'NONE', #9663 ) ;
#10149 = ADVANCED_FACE ( 'NONE', ( #702 ), #2227, .F. ) ;
#10150 = VECTOR ( 'NONE', #8114, 1000.000000000000000 ) ;
#10151 = EDGE_LOOP ( 'NONE', ( #5263, #2476, #3789, #4261 ) ) ;
#10152 = LINE ( 'NONE', #9284, #7105 ) ;
#10153 = DIRECTION ( 'NONE',  ( 0.5000000000000004441, -0.8660254037844384856, 0.000000000000000000 ) ) ;
#10154 = DIRECTION ( 'NONE',  ( -0.000000000000000000, -0.000000000000000000, 1.000000000000000000 ) ) ;
#10155 = DIRECTION ( 'NONE',  ( 1.000000000000000000, -0.000000000000000000, -7.709882115452476934E-17 ) ) ;
#10156 = VERTEX_POINT ( 'NONE', #10567 ) ;
#10157 = LINE ( 'NONE', #5420, #10459 ) ;
#10158 = VECTOR ( 'NONE', #4145, 1000.000000000000227 ) ;
#10159 = VERTEX_POINT ( 'NONE', #8841 ) ;
#10160 = VECTOR ( 'NONE', #4080, 1000.000000000000000 ) ;
#10161 = VECTOR ( 'NONE', #8175, 1000.000000000000000 ) ;
#10162 = ADVANCED_FACE ( 'NONE', ( #1414 ), #1514, .F. ) ;
#10163 = ORIENTED_EDGE ( 'NONE', *, *, #8767, .T. ) ;
#10164 = EDGE_CURVE ( 'NONE', #2657, #1482, #3128, .T. ) ;
#10165 = AXIS2_PLACEMENT_3D ( 'NONE', #2685, #5872, #8770 ) ;
#10166 = DIRECTION ( 'NONE',  ( 4.506943796211493857E-16, -1.000000000000000000, 0.000000000000000000 ) ) ;
#10167 = ORIENTED_EDGE ( 'NONE', *, *, #3449, .F. ) ;
#10168 = CARTESIAN_POINT ( 'NONE',  ( -5.724622203665668430, 31.11227518966341421, -45.00000000000000711 ) ) ;
#10169 = CARTESIAN_POINT ( 'NONE',  ( -20.50528320582419539, 39.80507045122016052, 40.59999999999998721 ) ) ;
#10170 = CARTESIAN_POINT ( 'NONE',  ( -40.60000000000001563, 21.77447615628469180, 10.72462220366567820 ) ) ;
#10171 = DIRECTION ( 'NONE',  ( 0.000000000000000000, 0.5000000000000001110, 0.8660254037844384856 ) ) ;
#10172 = VERTEX_POINT ( 'NONE', #9760 ) ;
#10173 = ORIENTED_EDGE ( 'NONE', *, *, #9436, .F. ) ;
#10174 = ADVANCED_FACE ( 'NONE', ( #5608 ), #8935, .F. ) ;
#10175 = ORIENTED_EDGE ( 'NONE', *, *, #7662, .T. ) ;
#10176 = CARTESIAN_POINT ( 'NONE',  ( -40.00000000000002842, 0.000000000000000000, -38.79294667738514590 ) ) ;
#10177 = VECTOR ( 'NONE', #1966, 1000.000000000000000 ) ;
#10178 = CARTESIAN_POINT ( 'NONE',  ( -15.72462220366566754, 13.11422211844027608, 44.99999999999999289 ) ) ;
#10179 = DIRECTION ( 'NONE',  ( 3.854941057726242165E-17, 0.8660254037844383745, 0.5000000000000006661 ) ) ;
#10180 = DIRECTION ( 'NONE',  ( 0.8660254037844385966, -0.5000000000000002220, 0.000000000000000000 ) ) ;
#10181 = EDGE_CURVE ( 'NONE', #1811, #4796, #9809, .T. ) ;
#10182 = CARTESIAN_POINT ( 'NONE',  ( 26.44924440733138127, 5.000000000000037303, 40.59999999999998721 ) ) ;
#10183 = FACE_OUTER_BOUND ( 'NONE', #8204, .T. ) ;
#10184 = ORIENTED_EDGE ( 'NONE', *, *, #80, .T. ) ;
#10185 = LINE ( 'NONE', #263, #9576 ) ;
#10186 = CARTESIAN_POINT ( 'NONE',  ( 5.724622203665683529, 18.88772481033651474, -45.00000000000000711 ) ) ;
#10187 = VERTEX_POINT ( 'NONE', #10710 ) ;
#10188 = ORIENTED_EDGE ( 'NONE', *, *, #4753, .T. ) ;
#10189 = CARTESIAN_POINT ( 'NONE',  ( -37.17386661099703105, 18.88772481033652184, -45.00000000000000711 ) ) ;
#10190 = DIRECTION ( 'NONE',  ( 0.000000000000000000, 0.5000000000000002220, 0.8660254037844384856 ) ) ;
#10191 = CARTESIAN_POINT ( 'NONE',  ( 37.17386661099703815, 31.11227518966341421, -45.00000000000000711 ) ) ;
#10192 = CARTESIAN_POINT ( 'NONE',  ( 27.17386661099702749, 5.000000000000027534, -40.59999999999998721 ) ) ;
#10193 = EDGE_CURVE ( 'NONE', #7803, #8501, #9094, .T. ) ;
#10194 = CARTESIAN_POINT ( 'NONE',  ( 27.17386661099703815, 13.11422211844027608, -45.00000000000000711 ) ) ;
#10195 = ORIENTED_EDGE ( 'NONE', *, *, #4038, .T. ) ;
#10196 = ADVANCED_FACE ( 'NONE', ( #5819 ), #7303, .F. ) ;
#10197 = LINE ( 'NONE', #2765, #1250 ) ;
#10198 = ORIENTED_EDGE ( 'NONE', *, *, #10629, .T. ) ;
#10199 = PLANE ( 'NONE',  #4485 ) ;
#10200 = ORIENTED_EDGE ( 'NONE', *, *, #1620, .T. ) ;
#10201 = VERTEX_POINT ( 'NONE', #7520 ) ;
#10202 = ORIENTED_EDGE ( 'NONE', *, *, #8536, .F. ) ;
#10203 = AXIS2_PLACEMENT_3D ( 'NONE', #4351, #9384, #6922 ) ;
#10204 = VECTOR ( 'NONE', #5672, 1000.000000000000000 ) ;
#10205 = EDGE_LOOP ( 'NONE', ( #6007, #3511, #3047, #6656, #2836, #9451 ) ) ;
#10206 = LINE ( 'NONE', #2776, #7985 ) ;
#10207 = VECTOR ( 'NONE', #9471, 1000.000000000000000 ) ;
#10208 = CARTESIAN_POINT ( 'NONE',  ( 21.44924440733137061, 30.77350269189622267, -40.59999999999998721 ) ) ;
#10209 = LINE ( 'NONE', #403, #789 ) ;
#10210 = PLANE ( 'NONE',  #6189 ) ;
#10211 = VERTEX_POINT ( 'NONE', #4082 ) ;
#10212 = DIRECTION ( 'NONE',  ( 0.000000000000000000, 0.000000000000000000, -1.000000000000000000 ) ) ;
#10213 = VECTOR ( 'NONE', #7965, 999.9999999999998863 ) ;
#10214 = ORIENTED_EDGE ( 'NONE', *, *, #2897, .F. ) ;
#10215 = EDGE_CURVE ( 'NONE', #5912, #10679, #103, .T. ) ;
#10216 = AXIS2_PLACEMENT_3D ( 'NONE', #9348, #6944, #231 ) ;
#10217 = EDGE_LOOP ( 'NONE', ( #6986, #10571 ) ) ;
#10218 = AXIS2_PLACEMENT_3D ( 'NONE', #71, #7274, #6497 ) ;
#10219 = AXIS2_PLACEMENT_3D ( 'NONE', #8205, #1592, #4981 ) ;
#10220 = FACE_OUTER_BOUND ( 'NONE', #9073, .T. ) ;
#10221 = ORIENTED_EDGE ( 'NONE', *, *, #3665, .T. ) ;
#10222 = CARTESIAN_POINT ( 'NONE',  ( -15.72462220366566754, 13.11422211844027608, -45.00000000000000711 ) ) ;
#10223 = CARTESIAN_POINT ( 'NONE',  ( 10.72462220366569063, 21.77447615628465272, 44.99999999999999289 ) ) ;
#10224 = DIRECTION ( 'NONE',  ( 1.000000000000000000, -0.000000000000000000, -7.709882115452476934E-17 ) ) ;
#10225 = EDGE_CURVE ( 'NONE', #4260, #2914, #1667, .T. ) ;
#10226 = CARTESIAN_POINT ( 'NONE',  ( -16.44924440733134929, 27.88675134594810245, -45.00000000000000711 ) ) ;
#10227 = CARTESIAN_POINT ( 'NONE',  ( -40.60000000000001563, 49.09286572558531958, -15.14297210399124083 ) ) ;
#10228 = ADVANCED_FACE ( 'NONE', ( #3391 ), #1779, .F. ) ;
#10229 = ORIENTED_EDGE ( 'NONE', *, *, #615, .T. ) ;
#10230 = EDGE_LOOP ( 'NONE', ( #6243, #9509, #1553, #5012, #7831, #9187 ) ) ;
#10231 = VERTEX_POINT ( 'NONE', #7350 ) ;
#10232 = ORIENTED_EDGE ( 'NONE', *, *, #2309, .F. ) ;
#10233 = DIRECTION ( 'NONE',  ( -0.8660254037844382635, -0.5000000000000006661, 0.000000000000000000 ) ) ;
#10234 = FACE_OUTER_BOUND ( 'NONE', #8976, .T. ) ;
#10235 = LINE ( 'NONE', #3440, #7546 ) ;
#10236 = DIRECTION ( 'NONE',  ( 0.000000000000000000, -0.5000000000000002220, -0.8660254037844384856 ) ) ;
#10237 = EDGE_CURVE ( 'NONE', #1995, #1604, #9042, .T. ) ;
#10238 = CARTESIAN_POINT ( 'NONE',  ( -45.00000000000002132, 28.22552384371529755, 32.17386661099703815 ) ) ;
#10239 = EDGE_LOOP ( 'NONE', ( #4328, #2990, #349, #7154 ) ) ;
#10240 = FACE_OUTER_BOUND ( 'NONE', #4566, .T. ) ;
#10241 = FACE_OUTER_BOUND ( 'NONE', #10217, .T. ) ;
#10242 = VECTOR ( 'NONE', #2654, 1000.000000000000000 ) ;
#10243 = EDGE_CURVE ( 'NONE', #3535, #5937, #3282, .T. ) ;
#10244 = ORIENTED_EDGE ( 'NONE', *, *, #6584, .F. ) ;
#10245 = LINE ( 'NONE', #2810, #6217 ) ;
#10246 = DIRECTION ( 'NONE',  ( 0.000000000000000000, -0.5000000000000002220, -0.8660254037844384856 ) ) ;
#10247 = DIRECTION ( 'NONE',  ( -0.000000000000000000, -0.000000000000000000, 1.000000000000000000 ) ) ;
#10248 = LINE ( 'NONE', #496, #6380 ) ;
#10249 = LINE ( 'NONE', #549, #419 ) ;
#10250 = VERTEX_POINT ( 'NONE', #50 ) ;
#10251 = LINE ( 'NONE', #8454, #4841 ) ;
#10252 = ORIENTED_EDGE ( 'NONE', *, *, #2390, .F. ) ;
#10253 = CARTESIAN_POINT ( 'NONE',  ( -27.17386661099702749, 31.11227518966341421, -45.00000000000000711 ) ) ;
#10254 = VERTEX_POINT ( 'NONE', #6641 ) ;
#10255 = AXIS2_PLACEMENT_3D ( 'NONE', #8287, #10034, #5992 ) ;
#10256 = ORIENTED_EDGE ( 'NONE', *, *, #618, .T. ) ;
#10257 = EDGE_CURVE ( 'NONE', #7565, #6674, #911, .T. ) ;
#10258 = ORIENTED_EDGE ( 'NONE', *, *, #9680, .T. ) ;
#10259 = ORIENTED_EDGE ( 'NONE', *, *, #4324, .T. ) ;
#10260 = LINE ( 'NONE', #2235, #4827 ) ;
#10261 = LINE ( 'NONE', #1857, #5517 ) ;
#10262 = DIRECTION ( 'NONE',  ( -1.000000000000000000, 0.000000000000000000, 7.709882115452476934E-17 ) ) ;
#10263 = CARTESIAN_POINT ( 'NONE',  ( -45.00000000000002132, 27.88675134594812732, 16.44924440733135285 ) ) ;
#10264 = EDGE_LOOP ( 'NONE', ( #1373, #9914, #6827, #9467 ) ) ;
#10265 = CARTESIAN_POINT ( 'NONE',  ( 21.44924440733136706, 19.22649730810371338, -40.59999999999998721 ) ) ;
#10266 = ORIENTED_EDGE ( 'NONE', *, *, #5601, .F. ) ;
#10267 = VERTEX_POINT ( 'NONE', #3174 ) ;
#10268 = DIRECTION ( 'NONE',  ( 0.8660254037844384856, -0.5000000000000001110, 0.000000000000000000 ) ) ;
#10269 = ORIENTED_EDGE ( 'NONE', *, *, #720, .F. ) ;
#10270 = DIRECTION ( 'NONE',  ( 0.000000000000000000, 0.5000000000000006661, -0.8660254037844383745 ) ) ;
#10271 = DIRECTION ( 'NONE',  ( 0.000000000000000000, -1.000000000000000000, 0.000000000000000000 ) ) ;
#10272 = DIRECTION ( 'NONE',  ( 7.709882115452476934E-17, 0.000000000000000000, 1.000000000000000000 ) ) ;
#10273 = ORIENTED_EDGE ( 'NONE', *, *, #6832, .T. ) ;
#10274 = DIRECTION ( 'NONE',  ( -1.000000000000000000, -4.506943796211494843E-16, 0.000000000000000000 ) ) ;
#10275 = CARTESIAN_POINT ( 'NONE',  ( 32.17386661099703815, 39.77252922750778907, -45.00000000000000711 ) ) ;
#10276 = CARTESIAN_POINT ( 'NONE',  ( 21.44924440733136706, 19.22649730810371338, 44.99999999999999289 ) ) ;
#10277 = VERTEX_POINT ( 'NONE', #2475 ) ;
#10278 = VECTOR ( 'NONE', #8275, 999.9999999999998863 ) ;
#10279 = ADVANCED_FACE ( 'NONE', ( #5710 ), #9861, .F. ) ;
#10280 = ORIENTED_EDGE ( 'NONE', *, *, #8036, .T. ) ;
#10281 = EDGE_CURVE ( 'NONE', #8480, #6141, #8990, .T. ) ;
#10282 = VERTEX_POINT ( 'NONE', #2372 ) ;
#10283 = ADVANCED_FACE ( 'NONE', ( #9150 ), #6477, .F. ) ;
#10284 = VECTOR ( 'NONE', #443, 1000.000000000000000 ) ;
#10285 = EDGE_CURVE ( 'NONE', #7636, #5853, #5875, .T. ) ;
#10286 = VECTOR ( 'NONE', #10704, 1000.000000000000000 ) ;
#10287 = DIRECTION ( 'NONE',  ( 0.000000000000000000, -1.000000000000000000, 0.000000000000000000 ) ) ;
#10288 = CARTESIAN_POINT ( 'NONE',  ( 39.02809845431147551, -5.000000000000000888, 37.82104513169650062 ) ) ;
#10289 = LINE ( 'NONE', #3866, #6157 ) ;
#10290 = CARTESIAN_POINT ( 'NONE',  ( 37.17386661099703815, 31.11227518966341421, -45.00000000000000711 ) ) ;
#10291 = LINE ( 'NONE', #1074, #9539 ) ;
#10292 = ORIENTED_EDGE ( 'NONE', *, *, #2270, .F. ) ;
#10293 = LINE ( 'NONE', #9492, #9903 ) ;
#10294 = DIRECTION ( 'NONE',  ( 0.000000000000000000, -0.000000000000000000, 1.000000000000000000 ) ) ;
#10295 = AXIS2_PLACEMENT_3D ( 'NONE', #3025, #6425, #9755 ) ;
#10296 = EDGE_CURVE ( 'NONE', #2466, #6259, #4896, .T. ) ;
#10297 = EDGE_CURVE ( 'NONE', #5542, #8845, #5060, .T. ) ;
#10298 = ORIENTED_EDGE ( 'NONE', *, *, #4023, .F. ) ;
#10299 = LINE ( 'NONE', #9553, #4675 ) ;
#10300 = DIRECTION ( 'NONE',  ( 1.000000000000000000, -0.000000000000000000, -7.709882115452476934E-17 ) ) ;
#10301 = CARTESIAN_POINT ( 'NONE',  ( 44.99999999999998579, 39.77252922750783171, -10.72462220366568530 ) ) ;
#10302 = CARTESIAN_POINT ( 'NONE',  ( -25.21224189193353382, 4.999999999999997335, -25.21224189193353737 ) ) ;
#10303 = CARTESIAN_POINT ( 'NONE',  ( 6.884854776271489727E-15, 19.22649730810373114, -45.00000000000000711 ) ) ;
#10304 = PLANE ( 'NONE',  #642 ) ;
#10305 = ORIENTED_EDGE ( 'NONE', *, *, #8367, .F. ) ;
#10306 = DIRECTION ( 'NONE',  ( 7.709882115452476934E-17, 0.000000000000000000, 1.000000000000000000 ) ) ;
#10307 = ORIENTED_EDGE ( 'NONE', *, *, #9201, .T. ) ;
#10308 = CARTESIAN_POINT ( 'NONE',  ( 32.17386661099703815, 21.77447615628465272, 44.99999999999999289 ) ) ;
#10309 = ORIENTED_EDGE ( 'NONE', *, *, #3074, .T. ) ;
#10310 = EDGE_CURVE ( 'NONE', #1400, #4051, #2640, .T. ) ;
#10311 = VERTEX_POINT ( 'NONE', #4348 ) ;
#10312 = DIRECTION ( 'NONE',  ( 1.000000000000000000, 0.000000000000000000, -7.709882115452476934E-17 ) ) ;
#10313 = EDGE_CURVE ( 'NONE', #1943, #228, #7742, .T. ) ;
#10314 = DIRECTION ( 'NONE',  ( 0.5000000000000004441, -0.8660254037844384856, 0.000000000000000000 ) ) ;
#10315 = ORIENTED_EDGE ( 'NONE', *, *, #5166, .F. ) ;
#10316 = FACE_OUTER_BOUND ( 'NONE', #2261, .T. ) ;
#10317 = DIRECTION ( 'NONE',  ( 0.000000000000000000, -0.5000000000000002220, -0.8660254037844384856 ) ) ;
#10318 = DIRECTION ( 'NONE',  ( 4.506943796211493857E-16, -1.000000000000000000, 0.000000000000000000 ) ) ;
#10319 = CARTESIAN_POINT ( 'NONE',  ( 44.99999999999997868, 45.00000000000000000, -45.00000000000000711 ) ) ;
#10320 = ORIENTED_EDGE ( 'NONE', *, *, #1827, .T. ) ;
#10321 = DIRECTION ( 'NONE',  ( -0.8660254037844389297, 0.4999999999999994449, 0.000000000000000000 ) ) ;
#10322 = EDGE_CURVE ( 'NONE', #8408, #110, #10079, .T. ) ;
#10323 = VECTOR ( 'NONE', #2020, 1000.000000000000114 ) ;
#10324 = ORIENTED_EDGE ( 'NONE', *, *, #4846, .F. ) ;
#10325 = CARTESIAN_POINT ( 'NONE',  ( -45.00000000000001421, 39.77252922750783171, -10.72462220366567820 ) ) ;
#10326 = EDGE_LOOP ( 'NONE', ( #5960, #1959, #7317, #5649, #175, #7269 ) ) ;
#10327 = VECTOR ( 'NONE', #6161, 1000.000000000000000 ) ;
#10328 = FACE_OUTER_BOUND ( 'NONE', #436, .T. ) ;
#10329 = CARTESIAN_POINT ( 'NONE',  ( -40.60000000000001563, -13.30361025463755809, -30.03240569234299784 ) ) ;
#10330 = AXIS2_PLACEMENT_3D ( 'NONE', #247, #1652, #4936 ) ;
#10331 = DIRECTION ( 'NONE',  ( 0.000000000000000000, -0.5000000000000005551, 0.8660254037844382635 ) ) ;
#10332 = VERTEX_POINT ( 'NONE', #4462 ) ;
#10333 = PLANE ( 'NONE',  #4062 ) ;
#10334 = CARTESIAN_POINT ( 'NONE',  ( -45.00000000000002132, 13.11422211844029384, 37.17386661099703815 ) ) ;
#10335 = ORIENTED_EDGE ( 'NONE', *, *, #6762, .T. ) ;
#10336 = EDGE_CURVE ( 'NONE', #5243, #5630, #3600, .T. ) ;
#10337 = VECTOR ( 'NONE', #8320, 1000.000000000000000 ) ;
#10338 = PLANE ( 'NONE',  #6912 ) ;
#10339 = VERTEX_POINT ( 'NONE', #155 ) ;
#10340 = ORIENTED_EDGE ( 'NONE', *, *, #6266, .T. ) ;
#10341 = VECTOR ( 'NONE', #8870, 1000.000000000000227 ) ;
#10342 = DIRECTION ( 'NONE',  ( 0.000000000000000000, -1.000000000000000000, 0.000000000000000000 ) ) ;
#10343 = VECTOR ( 'NONE', #6135, 1000.000000000000114 ) ;
#10344 = LINE ( 'NONE', #2252, #8187 ) ;
#10345 = DIRECTION ( 'NONE',  ( 1.000000000000000000, -0.000000000000000000, -7.709882115452476934E-17 ) ) ;
#10346 = LINE ( 'NONE', #7135, #8236 ) ;
#10347 = LINE ( 'NONE', #7905, #692 ) ;
#10348 = CARTESIAN_POINT ( 'NONE',  ( -45.00000000000001421, 22.11324865405186557, -26.44924440733135640 ) ) ;
#10349 = VERTEX_POINT ( 'NONE', #6862 ) ;
#10350 = LINE ( 'NONE', #1248, #8698 ) ;
#10351 = VECTOR ( 'NONE', #2313, 1000.000000000000000 ) ;
#10352 = ADVANCED_FACE ( 'NONE', ( #7631 ), #261, .F. ) ;
#10353 = ORIENTED_EDGE ( 'NONE', *, *, #9818, .T. ) ;
#10354 = LINE ( 'NONE', #4529, #1754 ) ;
#10355 = DIRECTION ( 'NONE',  ( 0.000000000000000000, -1.000000000000000000, 0.000000000000000000 ) ) ;
#10356 = DIRECTION ( 'NONE',  ( 0.8660254037844385966, -0.5000000000000002220, 0.000000000000000000 ) ) ;
#10357 = CARTESIAN_POINT ( 'NONE',  ( -45.00000000000002132, 13.11422211844028674, 15.72462220366568175 ) ) ;
#10358 = DIRECTION ( 'NONE',  ( 0.8660254037844385966, -0.5000000000000002220, 0.000000000000000000 ) ) ;
#10359 = LINE ( 'NONE', #10466, #2361 ) ;
#10360 = VERTEX_POINT ( 'NONE', #8611 ) ;
#10361 = LINE ( 'NONE', #2928, #1929 ) ;
#10362 = ORIENTED_EDGE ( 'NONE', *, *, #1740, .T. ) ;
#10363 = EDGE_CURVE ( 'NONE', #2764, #10458, #2744, .T. ) ;
#10364 = CARTESIAN_POINT ( 'NONE',  ( -36.24794293601151196, -2.537983952267120813, 40.59999999999998721 ) ) ;
#10365 = ORIENTED_EDGE ( 'NONE', *, *, #8635, .T. ) ;
#10366 = ADVANCED_FACE ( 'NONE', ( #10183 ), #2804, .F. ) ;
#10367 = EDGE_LOOP ( 'NONE', ( #382, #3882, #9139, #3768 ) ) ;
#10368 = ORIENTED_EDGE ( 'NONE', *, *, #1081, .T. ) ;
#10369 = LINE ( 'NONE', #7875, #2949 ) ;
#10370 = ORIENTED_EDGE ( 'NONE', *, *, #7491, .F. ) ;
#10371 = DIRECTION ( 'NONE',  ( 0.000000000000000000, 0.5000000000000005551, -0.8660254037844382635 ) ) ;
#10372 = CARTESIAN_POINT ( 'NONE',  ( -40.60000000000001563, 4.999999999999997335, -5.724622203665672870 ) ) ;
#10373 = DIRECTION ( 'NONE',  ( 4.506943796211493857E-16, -1.000000000000000000, 0.000000000000000000 ) ) ;
#10374 = FACE_OUTER_BOUND ( 'NONE', #437, .T. ) ;
#10375 = ORIENTED_EDGE ( 'NONE', *, *, #6640, .F. ) ;
#10376 = DIRECTION ( 'NONE',  ( -0.8660254037844389297, 0.4999999999999994449, 0.000000000000000000 ) ) ;
#10377 = EDGE_CURVE ( 'NONE', #5160, #6642, #5115, .T. ) ;
#10378 = VECTOR ( 'NONE', #5223, 1000.000000000000000 ) ;
#10379 = VECTOR ( 'NONE', #7754, 1000.000000000000000 ) ;
#10380 = ORIENTED_EDGE ( 'NONE', *, *, #8958, .F. ) ;
#10381 = ORIENTED_EDGE ( 'NONE', *, *, #2462, .F. ) ;
#10382 = MANIFOLD_SOLID_BREP ( 'Chafl\X2\00e1\X0\n1', #10572 ) ;
#10383 = DIRECTION ( 'NONE',  ( 0.000000000000000000, 0.000000000000000000, -1.000000000000000000 ) ) ;
#10384 = EDGE_LOOP ( 'NONE', ( #2349, #8696, #10393, #3761 ) ) ;
#10385 = LINE ( 'NONE', #2953, #1386 ) ;
#10386 = CARTESIAN_POINT ( 'NONE',  ( -45.00000000000002132, 19.22649730810372759, 21.44924440733136350 ) ) ;
#10387 = AXIS2_PLACEMENT_3D ( 'NONE', #5656, #749, #8336 ) ;
#10388 = PLANE ( 'NONE',  #6173 ) ;
#10389 = ORIENTED_EDGE ( 'NONE', *, *, #9577, .F. ) ;
#10390 = LINE ( 'NONE', #6136, #3737 ) ;
#10391 = DIRECTION ( 'NONE',  ( -0.000000000000000000, 1.000000000000000000, 0.000000000000000000 ) ) ;
#10392 = VECTOR ( 'NONE', #773, 1000.000000000000000 ) ;
#10393 = ORIENTED_EDGE ( 'NONE', *, *, #281, .T. ) ;
#10394 = DIRECTION ( 'NONE',  ( 0.8660254037844384856, 0.5000000000000004441, 0.000000000000000000 ) ) ;
#10395 = AXIS2_PLACEMENT_3D ( 'NONE', #7386, #78, #8917 ) ;
#10396 = ORIENTED_EDGE ( 'NONE', *, *, #4158, .F. ) ;
#10397 = VECTOR ( 'NONE', #4472, 999.9999999999998863 ) ;
#10398 = EDGE_CURVE ( 'NONE', #2915, #6368, #6150, .T. ) ;
#10399 = DIRECTION ( 'NONE',  ( 0.000000000000000000, 1.000000000000000000, 0.000000000000000000 ) ) ;
#10400 = AXIS2_PLACEMENT_3D ( 'NONE', #283, #9233, #1099 ) ;
#10401 = CARTESIAN_POINT ( 'NONE',  ( -5.724622203665671094, 18.88772481033653250, -45.00000000000000711 ) ) ;
#10402 = LINE ( 'NONE', #315, #2016 ) ;
#10403 = AXIS2_PLACEMENT_3D ( 'NONE', #8993, #9764, #5611 ) ;
#10404 = DIRECTION ( 'NONE',  ( -0.8660254037844389297, 0.4999999999999995004, -0.000000000000000000 ) ) ;
#10405 = CARTESIAN_POINT ( 'NONE',  ( -5.724622203665668430, 31.11227518966341421, -45.00000000000000711 ) ) ;
#10406 = ORIENTED_EDGE ( 'NONE', *, *, #1382, .F. ) ;
#10407 = DIRECTION ( 'NONE',  ( 0.000000000000000000, -1.000000000000000000, 0.000000000000000000 ) ) ;
#10408 = EDGE_LOOP ( 'NONE', ( #1419, #3572, #3754, #7765, #7930, #6387, #8643, #225 ) ) ;
#10409 = ORIENTED_EDGE ( 'NONE', *, *, #6938, .F. ) ;
#10410 = CARTESIAN_POINT ( 'NONE',  ( 40.59999999999999432, 31.11227518966342487, -5.724622203665681752 ) ) ;
#10411 = CARTESIAN_POINT ( 'NONE',  ( -40.60000000000001563, 13.11422211844028674, -27.17386661099702749 ) ) ;
#10412 = LINE ( 'NONE', #6273, #9804 ) ;
#10413 = CARTESIAN_POINT ( 'NONE',  ( -37.17386661099701683, 4.999999999999999112, -40.59999999999998721 ) ) ;
#10414 = CARTESIAN_POINT ( 'NONE',  ( 40.59999999999998721, 22.11324865405185491, 26.44924440733135285 ) ) ;
#10415 = LINE ( 'NONE', #1309, #2889 ) ;
#10416 = ORIENTED_EDGE ( 'NONE', *, *, #2734, .T. ) ;
#10417 = DIRECTION ( 'NONE',  ( 0.000000000000000000, -0.5000000000000002220, -0.8660254037844384856 ) ) ;
#10418 = ORIENTED_EDGE ( 'NONE', *, *, #2692, .T. ) ;
#10419 = PLANE ( 'NONE',  #1226 ) ;
#10420 = ORIENTED_EDGE ( 'NONE', *, *, #7125, .T. ) ;
#10421 = VECTOR ( 'NONE', #1742, 1000.000000000000000 ) ;
#10422 = ORIENTED_EDGE ( 'NONE', *, *, #4865, .T. ) ;
#10423 = ORIENTED_EDGE ( 'NONE', *, *, #9411, .T. ) ;
#10424 = EDGE_CURVE ( 'NONE', #334, #3512, #5174, .T. ) ;
#10425 = EDGE_CURVE ( 'NONE', #9615, #7672, #9490, .T. ) ;
#10426 = VERTEX_POINT ( 'NONE', #5228 ) ;
#10427 = DIRECTION ( 'NONE',  ( 1.000000000000000000, -0.000000000000000000, -7.709882115452476934E-17 ) ) ;
#10428 = EDGE_CURVE ( 'NONE', #5243, #3108, #7213, .T. ) ;
#10429 = DIRECTION ( 'NONE',  ( 7.709882115452476934E-17, 0.000000000000000000, 1.000000000000000000 ) ) ;
#10430 = DIRECTION ( 'NONE',  ( -0.8660254037844389297, 0.4999999999999994449, 0.000000000000000000 ) ) ;
#10431 = CARTESIAN_POINT ( 'NONE',  ( -45.00000000000001421, 21.77447615628469180, -32.17386661099703105 ) ) ;
#10432 = ORIENTED_EDGE ( 'NONE', *, *, #939, .F. ) ;
#10433 = LINE ( 'NONE', #9678, #4362 ) ;
#10434 = VECTOR ( 'NONE', #5529, 999.9999999999998863 ) ;
#10435 = ORIENTED_EDGE ( 'NONE', *, *, #5495, .T. ) ;
#10436 = DIRECTION ( 'NONE',  ( 0.4999999999999995004, 0.8660254037844389297, 0.000000000000000000 ) ) ;
#10437 = VERTEX_POINT ( 'NONE', #1405 ) ;
#10438 = EDGE_CURVE ( 'NONE', #1814, #2555, #9750, .T. ) ;
#10439 = CARTESIAN_POINT ( 'NONE',  ( 10.72462220366568886, 10.22747077249214520, -45.00000000000000711 ) ) ;
#10440 = FACE_BOUND ( 'NONE', #676, .T. ) ;
#10441 = FACE_OUTER_BOUND ( 'NONE', #10205, .T. ) ;
#10442 = ORIENTED_EDGE ( 'NONE', *, *, #6233, .T. ) ;
#10443 = CARTESIAN_POINT ( 'NONE',  ( -40.60000000000001563, 62.59140552900266385, -7.349586514821350391 ) ) ;
#10444 = CARTESIAN_POINT ( 'NONE',  ( -40.60000000000001563, 39.77252922750783171, 32.17386661099703105 ) ) ;
#10445 = VERTEX_POINT ( 'NONE', #3714 ) ;
#10446 = EDGE_CURVE ( 'NONE', #1757, #707, #7024, .T. ) ;
#10447 = CARTESIAN_POINT ( 'NONE',  ( -15.72462220366567109, 36.88577788155965465, -40.59999999999998721 ) ) ;
#10448 = ORIENTED_EDGE ( 'NONE', *, *, #9363, .F. ) ;
#10449 = CARTESIAN_POINT ( 'NONE',  ( -32.17386661099702394, 39.77252922750779618, -45.00000000000000711 ) ) ;
#10450 = VECTOR ( 'NONE', #9239, 1000.000000000000114 ) ;
#10451 = DIRECTION ( 'NONE',  ( -3.854941057726242781E-17, -0.8660254037844383745, -0.5000000000000006661 ) ) ;
#10452 = LINE ( 'NONE', #7021, #1329 ) ;
#10453 = CARTESIAN_POINT ( 'NONE',  ( 44.99999999999998579, 31.11227518966342487, 15.72462220366567465 ) ) ;
#10454 = CARTESIAN_POINT ( 'NONE',  ( -40.60000000000001563, 31.11227518966342487, -5.724622203665674647 ) ) ;
#10455 = ORIENTED_EDGE ( 'NONE', *, *, #8672, .F. ) ;
#10456 = EDGE_CURVE ( 'NONE', #9292, #110, #1352, .T. ) ;
#10457 = EDGE_CURVE ( 'NONE', #7772, #9058, #8824, .T. ) ;
#10458 = VERTEX_POINT ( 'NONE', #10454 ) ;
#10459 = VECTOR ( 'NONE', #2717, 1000.000000000000000 ) ;
#10460 = CARTESIAN_POINT ( 'NONE',  ( 5.359354715912678202, 0.000000000000000000, 12.39069611163209217 ) ) ;
#10461 = ADVANCED_FACE ( 'NONE', ( #1452 ), #4521, .F. ) ;
#10462 = DIRECTION ( 'NONE',  ( -0.8660254037844389297, 0.4999999999999995004, 0.000000000000000000 ) ) ;
#10463 = CARTESIAN_POINT ( 'NONE',  ( -16.44924440733134929, 27.88675134594810245, 40.59999999999996589 ) ) ;
#10464 = LINE ( 'NONE', #10413, #10546 ) ;
#10465 = FACE_BOUND ( 'NONE', #480, .T. ) ;
#10466 = CARTESIAN_POINT ( 'NONE',  ( 26.44924440733135995, 27.88675134594810245, -45.00000000000000711 ) ) ;
#10467 = EDGE_LOOP ( 'NONE', ( #7481, #6343, #1381, #4884 ) ) ;
#10468 = CARTESIAN_POINT ( 'NONE',  ( -21.44924440733134574, 19.22649730810371338, -45.00000000000000711 ) ) ;
#10469 = VECTOR ( 'NONE', #10190, 1000.000000000000114 ) ;
#10470 = FACE_OUTER_BOUND ( 'NONE', #6790, .T. ) ;
#10471 = ORIENTED_EDGE ( 'NONE', *, *, #1909, .F. ) ;
#10472 = EDGE_CURVE ( 'NONE', #1821, #10667, #6367, .T. ) ;
#10473 = ORIENTED_EDGE ( 'NONE', *, *, #1781, .T. ) ;
#10474 = ORIENTED_EDGE ( 'NONE', *, *, #4130, .F. ) ;
#10475 = AXIS2_PLACEMENT_3D ( 'NONE', #3541, #8549, #151 ) ;
#10476 = CARTESIAN_POINT ( 'NONE',  ( 40.60000000000001563, 27.43077413535445430, -53.55041348517858069 ) ) ;
#10477 = LINE ( 'NONE', #1522, #4992 ) ;
#10478 = CARTESIAN_POINT ( 'NONE',  ( 5.724622203665683529, 18.88772481033651474, -45.00000000000000711 ) ) ;
#10479 = FACE_OUTER_BOUND ( 'NONE', #1397, .T. ) ;
#10480 = VERTEX_POINT ( 'NONE', #5599 ) ;
#10481 = FACE_OUTER_BOUND ( 'NONE', #928, .T. ) ;
#10482 = ORIENTED_EDGE ( 'NONE', *, *, #2080, .F. ) ;
#10483 = EDGE_CURVE ( 'NONE', #3228, #2492, #7137, .T. ) ;
#10484 = ORIENTED_EDGE ( 'NONE', *, *, #1167, .T. ) ;
#10485 = DIRECTION ( 'NONE',  ( 1.000000000000000000, -0.000000000000000000, -7.709882115452476934E-17 ) ) ;
#10486 = EDGE_LOOP ( 'NONE', ( #6848, #3661, #821, #6772 ) ) ;
#10487 = CARTESIAN_POINT ( 'NONE',  ( -45.00000000000002132, 18.88772481033656447, 37.17386661099703815 ) ) ;
#10488 = DIRECTION ( 'NONE',  ( 0.8660254037844385966, -0.5000000000000002220, 0.000000000000000000 ) ) ;
#10489 = DIRECTION ( 'NONE',  ( 1.000000000000000000, 6.009258394948641055E-16, 0.000000000000000000 ) ) ;
#10490 = EDGE_LOOP ( 'NONE', ( #1177, #10094, #3431, #2668 ) ) ;
#10491 = CARTESIAN_POINT ( 'NONE',  ( -32.28330970379901288, -5.000000000000002665, -18.14117408006805476 ) ) ;
#10492 = PLANE ( 'NONE',  #6746 ) ;
#10493 = VERTEX_POINT ( 'NONE', #9596 ) ;
#10494 = EDGE_CURVE ( 'NONE', #3569, #5957, #7966, .T. ) ;
#10495 = ADVANCED_FACE ( 'NONE', ( #5392 ), #4575, .F. ) ;
#10496 = EDGE_LOOP ( 'NONE', ( #521, #7032, #1985, #4339 ) ) ;
#10497 = VECTOR ( 'NONE', #1965, 1000.000000000000000 ) ;
#10498 = ORIENTED_EDGE ( 'NONE', *, *, #10425, .F. ) ;
#10499 = VECTOR ( 'NONE', #3532, 999.9999999999998863 ) ;
#10500 = CARTESIAN_POINT ( 'NONE',  ( -45.00000000000001421, 28.22552384371529755, -32.17386661099702394 ) ) ;
#10501 = CARTESIAN_POINT ( 'NONE',  ( 5.000000000000006217, 22.11324865405186202, -45.00000000000000711 ) ) ;
#10502 = DIRECTION ( 'NONE',  ( 0.000000000000000000, 0.5000000000000005551, -0.8660254037844382635 ) ) ;
#10503 = VECTOR ( 'NONE', #9391, 1000.000000000000000 ) ;
#10504 = DIRECTION ( 'NONE',  ( 1.000000000000000000, -0.000000000000000000, -7.709882115452476934E-17 ) ) ;
#10505 = ORIENTED_EDGE ( 'NONE', *, *, #2519, .F. ) ;
#10506 = EDGE_CURVE ( 'NONE', #3854, #8155, #1298, .T. ) ;
#10507 = AXIS2_PLACEMENT_3D ( 'NONE', #8335, #5927, #9318 ) ;
#10508 = AXIS2_PLACEMENT_3D ( 'NONE', #10023, #8337, #2585 ) ;
#10509 = ORIENTED_EDGE ( 'NONE', *, *, #6271, .F. ) ;
#10510 = VECTOR ( 'NONE', #7233, 1000.000000000000000 ) ;
#10511 = DIRECTION ( 'NONE',  ( -0.8660254037844389297, 0.4999999999999994449, 0.000000000000000000 ) ) ;
#10512 = CARTESIAN_POINT ( 'NONE',  ( 44.99999999999998579, 18.88772481033656092, -37.17386661099704526 ) ) ;
#10513 = DIRECTION ( 'NONE',  ( 0.000000000000000000, 1.000000000000000000, -0.000000000000000000 ) ) ;
#10514 = DIRECTION ( 'NONE',  ( 0.8660254037844383745, 0.5000000000000003331, 0.000000000000000000 ) ) ;
#10515 = LINE ( 'NONE', #3777, #4553 ) ;
#10516 = DIRECTION ( 'NONE',  ( -0.000000000000000000, -0.000000000000000000, 1.000000000000000000 ) ) ;
#10517 = ORIENTED_EDGE ( 'NONE', *, *, #2462, .T. ) ;
#10518 = LINE ( 'NONE', #7867, #4683 ) ;
#10519 = CARTESIAN_POINT ( 'NONE',  ( -36.08321690396844161, -5.000000000000000000, 39.02809845431138314 ) ) ;
#10520 = VERTEX_POINT ( 'NONE', #10554 ) ;
#10521 = VERTEX_POINT ( 'NONE', #588 ) ;
#10522 = EDGE_LOOP ( 'NONE', ( #7017, #8112, #10714, #5281 ) ) ;
#10523 = EDGE_CURVE ( 'NONE', #7871, #5360, #6264, .T. ) ;
#10524 = FACE_OUTER_BOUND ( 'NONE', #8189, .T. ) ;
#10525 = EDGE_CURVE ( 'NONE', #9469, #5912, #5441, .T. ) ;
#10526 = LINE ( 'NONE', #7312, #7970 ) ;
#10527 = CARTESIAN_POINT ( 'NONE',  ( -37.17386661099703105, 13.11422211844028318, 44.99999999999999289 ) ) ;
#10528 = DIRECTION ( 'NONE',  ( 3.854941057726242165E-17, 0.8660254037844383745, 0.5000000000000006661 ) ) ;
#10529 = VECTOR ( 'NONE', #623, 1000.000000000000000 ) ;
#10530 = CARTESIAN_POINT ( 'NONE',  ( 26.44924440733135995, 27.88675134594810245, -45.00000000000000711 ) ) ;
#10531 = ORIENTED_EDGE ( 'NONE', *, *, #124, .T. ) ;
#10532 = ORIENTED_EDGE ( 'NONE', *, *, #3680, .T. ) ;
#10533 = CARTESIAN_POINT ( 'NONE',  ( 40.60000000000001563, 4.999999999999997335, -40.59999999999998721 ) ) ;
#10534 = ORIENTED_EDGE ( 'NONE', *, *, #4661, .F. ) ;
#10535 = PLANE ( 'NONE',  #4287 ) ;
#10536 = FACE_BOUND ( 'NONE', #6265, .T. ) ;
#10537 = DIRECTION ( 'NONE',  ( 0.000000000000000000, 1.000000000000000000, 0.000000000000000000 ) ) ;
#10538 = EDGE_CURVE ( 'NONE', #9387, #8181, #4627, .T. ) ;
#10539 = LINE ( 'NONE', #9888, #7911 ) ;
#10540 = EDGE_LOOP ( 'NONE', ( #10188, #3989, #5565, #6279, #8312, #6991 ) ) ;
#10541 = DIRECTION ( 'NONE',  ( -0.000000000000000000, -1.000000000000000000, -0.000000000000000000 ) ) ;
#10542 = DIRECTION ( 'NONE',  ( 0.8660254037844383745, 0.5000000000000003331, 0.000000000000000000 ) ) ;
#10543 = ORIENTED_EDGE ( 'NONE', *, *, #9076, .F. ) ;
#10544 = VECTOR ( 'NONE', #7513, 999.9999999999998863 ) ;
#10545 = ADVANCED_FACE ( 'NONE', ( #3825 ), #3869, .F. ) ;
#10546 = VECTOR ( 'NONE', #2814, 1000.000000000000000 ) ;
#10547 = EDGE_CURVE ( 'NONE', #6281, #7119, #5493, .T. ) ;
#10548 = ADVANCED_FACE ( 'NONE', ( #2266 ), #5546, .F. ) ;
#10549 = VECTOR ( 'NONE', #7667, 1000.000000000000000 ) ;
#10550 = EDGE_CURVE ( 'NONE', #8623, #9810, #6417, .T. ) ;
#10551 = CARTESIAN_POINT ( 'NONE',  ( 32.17386661099703815, 21.77447615628465272, -45.00000000000000711 ) ) ;
#10552 = DIRECTION ( 'NONE',  ( 0.8660254037844384856, 0.5000000000000004441, 0.000000000000000000 ) ) ;
#10553 = CARTESIAN_POINT ( 'NONE',  ( 26.44924440733135995, 27.88675134594809180, -40.59999999999998721 ) ) ;
#10554 = CARTESIAN_POINT ( 'NONE',  ( 36.08321690396846293, -5.000000000000000000, -39.02809845431143287 ) ) ;
#10555 = ORIENTED_EDGE ( 'NONE', *, *, #4866, .T. ) ;
#10556 = AXIS2_PLACEMENT_3D ( 'NONE', #2584, #8278, #4895 ) ;
#10557 = ORIENTED_EDGE ( 'NONE', *, *, #137, .T. ) ;
#10558 = VECTOR ( 'NONE', #456, 1000.000000000000000 ) ;
#10559 = AXIS2_PLACEMENT_3D ( 'NONE', #6660, #8411, #4373 ) ;
#10560 = AXIS2_PLACEMENT_3D ( 'NONE', #6902, #7562, #6084 ) ;
#10561 = DIRECTION ( 'NONE',  ( -4.506943796211494843E-16, 1.000000000000000000, 0.000000000000000000 ) ) ;
#10562 = EDGE_CURVE ( 'NONE', #887, #5024, #4885, .T. ) ;
#10563 = FACE_OUTER_BOUND ( 'NONE', #10486, .T. ) ;
#10564 = CARTESIAN_POINT ( 'NONE',  ( -40.60000000000001563, 4.999999999999997335, -27.17386661099702749 ) ) ;
#10565 = DIRECTION ( 'NONE',  ( -7.709882115452476934E-17, 0.000000000000000000, -1.000000000000000000 ) ) ;
#10566 = CARTESIAN_POINT ( 'NONE',  ( 40.59999999999999432, 30.77350269189626886, -6.750769343941321018E-15 ) ) ;
#10567 = CARTESIAN_POINT ( 'NONE',  ( -10.72462220366566754, 28.22552384371528333, 40.59999999999996589 ) ) ;
#10568 = VERTEX_POINT ( 'NONE', #8923 ) ;
#10569 = DIRECTION ( 'NONE',  ( 0.000000000000000000, -0.5000000000000002220, -0.8660254037844384856 ) ) ;
#10570 = DIRECTION ( 'NONE',  ( 0.000000000000000000, 1.000000000000000000, 0.000000000000000000 ) ) ;
#10571 = ORIENTED_EDGE ( 'NONE', *, *, #10121, .T. ) ;
#10572 = CLOSED_SHELL ( 'NONE', ( #8192, #9866, #3054, #1492, #2129, #5361, #7295, #9439, #2200, #3326, #3810, #8254, #1471, #215, #3649, #1282, #1503, #8263, #6362, #1446, #525, #6688, #7623, #534, #3235, #7773, #2694, #9530, #3011, #427, #8604, #515, #2482, #7712, #8699, #9102, #892, #1356, #9919, #4879, #9834, #10643, #781, #8004, #9099, #5744, #8868, #8573, #9920, #6088, #12, #9973, #10702, #3842, #6488, #7764, #2212, #4788, #7699, #10174, #8180, #9026, #297, #6454, #8646, #5662, #3178, #1328, #8230, #9156, #2811, #1870, #1770, #6423, #9758, #10196, #6923, #3537, #3770, #1812, #199, #7516, #1596, #3613, #4228, #3581, #6434, #7586, #401, #6851, #6361, #2114, #7029, #1753, #2860, #3819, #9800, #8229, #8630, #4958, #7310, #3636, #2832, #6443, #10228, #6154, #2944, #1225, #4263, #6866, #9551, #2721, #953, #5473, #552, #9087, #2859, #10109, #2459, #6186, #6791, #2720, #742, #7001, #8671, #526, #6283, #3846, #7348, #6692, #3659, #5318, #2888, #7827, #5488, #8158, #8724, #2283, #5134, #1846, #2847, #820, #8264, #383, #1555, #7557, #6731, #5813, #10461, #6420, #9639, #2547, #8570, #3786, #7932, #2605, #7230, #8999, #5566, #2718, #10283, #5906, #3341, #2750, #1347, #10495, #7466, #4528, #1810, #2673, #6601, #3233, #3165, #3538, #1800, #4433, #47, #9268, #9315, #9763, #5999, #7027, #7570, #10662, #7789, #5434, #5247, #2916, #1495, #3876, #9744, #4179, #10149, #8494, #4284, #5125, #10590, #3191, #2363, #8711, #4571, #9186, #2012, #9682, #1725, #4225, #4913, #380, #6788, #8402, #6927, #3300, #4154, #10548, #8310, #881, #5717, #7155, #10279, #9327, #2269, #4755, #10545, #8505, #8876, #5778, #1573, #6979, #5065, #3898, #3398, #10162, #827, #2592, #593, #4889, #582, #3844, #6717, #1358, #8040, #6943, #838, #9579, #7226, #5877, #3820, #1179, #6730, #10352, #3331, #7744, #4757, #147, #7731, #5910, #681, #7234, #9662, #9707, #10015, #7956, #8062, #7356, #803, #4131, #733, #413, #2301, #5702, #4646, #5718, #6868, #3554, #9029, #7073, #4430, #7452, #4170, #8377, #11, #1873, #7732, #2268, #6201, #491, #650, #6889, #488, #10366, #7982, #1105, #6964, #1960, #8584, #6464, #6566, #7858, #3926, #8496, #8700, #7431, #1648, #3746, #999, #5515, #29, #3886, #10618, #7897, #1180, #2603, #3080, #1741, #9245, #1595, #1238, #710, #161, #5677, #4288, #3382 ) ) ;
#10573 = EDGE_CURVE ( 'NONE', #7592, #557, #8164, .T. ) ;
#10574 = ORIENTED_EDGE ( 'NONE', *, *, #7046, .T. ) ;
#10575 = ORIENTED_EDGE ( 'NONE', *, *, #5205, .T. ) ;
#10576 = LINE ( 'NONE', #6534, #1942 ) ;
#10577 = DIRECTION ( 'NONE',  ( -0.000000000000000000, -0.000000000000000000, 1.000000000000000000 ) ) ;
#10578 = CARTESIAN_POINT ( 'NONE',  ( -32.17386661099702394, 21.77447615628465982, 44.99999999999999289 ) ) ;
#10579 = LINE ( 'NONE', #3946, #9853 ) ;
#10580 = DIRECTION ( 'NONE',  ( 0.000000000000000000, -1.000000000000000000, 0.000000000000000000 ) ) ;
#10581 = ORIENTED_EDGE ( 'NONE', *, *, #4286, .F. ) ;
#10582 = EDGE_CURVE ( 'NONE', #583, #9947, #4836, .T. ) ;
#10583 = ORIENTED_EDGE ( 'NONE', *, *, #4509, .T. ) ;
#10584 = CARTESIAN_POINT ( 'NONE',  ( -45.00000000000002132, 13.11422211844030450, 27.17386661099703105 ) ) ;
#10585 = ORIENTED_EDGE ( 'NONE', *, *, #5427, .F. ) ;
#10586 = VECTOR ( 'NONE', #9110, 1000.000000000000000 ) ;
#10587 = CARTESIAN_POINT ( 'NONE',  ( -45.00000000000001421, 18.88772481033656092, -37.17386661099703815 ) ) ;
#10588 = FACE_BOUND ( 'NONE', #3911, .T. ) ;
#10589 = DIRECTION ( 'NONE',  ( 0.8660254037844383745, 0.5000000000000004441, 0.000000000000000000 ) ) ;
#10590 = ADVANCED_FACE ( 'NONE', ( #91 ), #4021, .F. ) ;
#10591 = DIRECTION ( 'NONE',  ( 0.000000000000000000, 0.5000000000000005551, -0.8660254037844382635 ) ) ;
#10592 = ORIENTED_EDGE ( 'NONE', *, *, #9577, .T. ) ;
#10593 = DIRECTION ( 'NONE',  ( 7.709882115452476934E-17, 0.000000000000000000, 1.000000000000000000 ) ) ;
#10594 = ORIENTED_EDGE ( 'NONE', *, *, #7091, .F. ) ;
#10595 = VECTOR ( 'NONE', #5516, 1000.000000000000000 ) ;
#10596 = CARTESIAN_POINT ( 'NONE',  ( -32.28330970379901288, 1.999999999999989564, -18.14117408006805476 ) ) ;
#10597 = CARTESIAN_POINT ( 'NONE',  ( -45.00000000000002132, 18.88772481033656092, 5.724622203665675535 ) ) ;
#10598 = DIRECTION ( 'NONE',  ( -1.000000000000000000, 0.000000000000000000, 7.709882115452476934E-17 ) ) ;
#10599 = ORIENTED_EDGE ( 'NONE', *, *, #8914, .T. ) ;
#10600 = LINE ( 'NONE', #7340, #9829 ) ;
#10601 = ORIENTED_EDGE ( 'NONE', *, *, #5563, .F. ) ;
#10602 = EDGE_CURVE ( 'NONE', #3108, #5243, #3400, .T. ) ;
#10603 = EDGE_CURVE ( 'NONE', #9199, #6571, #7506, .T. ) ;
#10604 = ORIENTED_EDGE ( 'NONE', *, *, #6090, .F. ) ;
#10605 = EDGE_CURVE ( 'NONE', #8688, #8359, #9031, .T. ) ;
#10606 = CARTESIAN_POINT ( 'NONE',  ( -45.00000000000001421, 30.77350269189626886, -1.511102531139998355E-16 ) ) ;
#10607 = CARTESIAN_POINT ( 'NONE',  ( -25.50528320582415276, 31.14481641337578921, 40.59999999999998721 ) ) ;
#10608 = LINE ( 'NONE', #794, #638 ) ;
#10609 = CARTESIAN_POINT ( 'NONE',  ( -45.00000000000001421, 22.11324865405186557, -26.44924440733135640 ) ) ;
#10610 = LINE ( 'NONE', #3933, #9772 ) ;
#10611 = DIRECTION ( 'NONE',  ( 0.7071067811865473507, 0.000000000000000000, -0.7071067811865477948 ) ) ;
#10612 = ORIENTED_EDGE ( 'NONE', *, *, #8905, .T. ) ;
#10613 = CARTESIAN_POINT ( 'NONE',  ( -45.00000000000001421, 31.11227518966342487, -27.17386661099702749 ) ) ;
#10614 = DIRECTION ( 'NONE',  ( -6.009258394948641055E-16, 1.000000000000000000, 0.000000000000000000 ) ) ;
#10615 = ORIENTED_EDGE ( 'NONE', *, *, #7594, .F. ) ;
#10616 = AXIS2_PLACEMENT_3D ( 'NONE', #6185, #2085, #1274 ) ;
#10617 = EDGE_CURVE ( 'NONE', #64, #7945, #4998, .T. ) ;
#10618 = ADVANCED_FACE ( 'NONE', ( #9083 ), #844, .F. ) ;
#10619 = ORIENTED_EDGE ( 'NONE', *, *, #9022, .T. ) ;
#10620 = ORIENTED_EDGE ( 'NONE', *, *, #779, .T. ) ;
#10621 = DIRECTION ( 'NONE',  ( -0.000000000000000000, -0.000000000000000000, 1.000000000000000000 ) ) ;
#10622 = VECTOR ( 'NONE', #6377, 1000.000000000000114 ) ;
#10623 = DIRECTION ( 'NONE',  ( -0.000000000000000000, -0.000000000000000000, 1.000000000000000000 ) ) ;
#10624 = FACE_OUTER_BOUND ( 'NONE', #4700, .T. ) ;
#10625 = CARTESIAN_POINT ( 'NONE',  ( 16.44924440733136350, 22.11324865405184426, 44.99999999999999289 ) ) ;
#10626 = DIRECTION ( 'NONE',  ( -0.000000000000000000, -0.000000000000000000, 1.000000000000000000 ) ) ;
#10627 = VERTEX_POINT ( 'NONE', #1655 ) ;
#10628 = EDGE_LOOP ( 'NONE', ( #3366, #6736, #2912, #2693 ) ) ;
#10629 = EDGE_CURVE ( 'NONE', #4370, #9469, #10600, .T. ) ;
#10630 = VECTOR ( 'NONE', #595, 1000.000000000000000 ) ;
#10631 = ORIENTED_EDGE ( 'NONE', *, *, #1173, .F. ) ;
#10632 = DIRECTION ( 'NONE',  ( 6.009258394948641055E-16, -1.000000000000000000, 0.000000000000000000 ) ) ;
#10633 = ORIENTED_EDGE ( 'NONE', *, *, #6545, .F. ) ;
#10634 = LINE ( 'NONE', #3052, #9164 ) ;
#10635 = PLANE ( 'NONE',  #6666 ) ;
#10636 = DIRECTION ( 'NONE',  ( 1.000000000000000000, 0.000000000000000000, -0.000000000000000000 ) ) ;
#10637 = EDGE_CURVE ( 'NONE', #8214, #5542, #3216, .T. ) ;
#10638 = PLANE ( 'NONE',  #8033 ) ;
#10639 = CARTESIAN_POINT ( 'NONE',  ( 5.724622203665686193, 31.11227518966341421, -45.00000000000000711 ) ) ;
#10640 = VERTEX_POINT ( 'NONE', #9955 ) ;
#10641 = DIRECTION ( 'NONE',  ( -0.8660254037844382635, -0.5000000000000006661, 0.000000000000000000 ) ) ;
#10642 = ORIENTED_EDGE ( 'NONE', *, *, #7091, .T. ) ;
#10643 = ADVANCED_FACE ( 'NONE', ( #1501 ), #10648, .F. ) ;
#10644 = LINE ( 'NONE', #1707, #808 ) ;
#10645 = LINE ( 'NONE', #6365, #9282 ) ;
#10646 = FACE_OUTER_BOUND ( 'NONE', #7710, .T. ) ;
#10647 = VERTEX_POINT ( 'NONE', #4940 ) ;
#10648 = PLANE ( 'NONE',  #4250 ) ;
#10649 = ORIENTED_EDGE ( 'NONE', *, *, #6415, .T. ) ;
#10650 = VECTOR ( 'NONE', #10373, 1000.000000000000000 ) ;
#10651 = ORIENTED_EDGE ( 'NONE', *, *, #4155, .T. ) ;
#10652 = VERTEX_POINT ( 'NONE', #6469 ) ;
#10653 = VECTOR ( 'NONE', #9546, 1000.000000000000000 ) ;
#10654 = FACE_OUTER_BOUND ( 'NONE', #234, .T. ) ;
#10655 = VECTOR ( 'NONE', #8172, 1000.000000000000000 ) ;
#10656 = CARTESIAN_POINT ( 'NONE',  ( 40.59999999999998721, 21.77447615628469890, 32.17386661099702394 ) ) ;
#10657 = DIRECTION ( 'NONE',  ( 1.000000000000000000, -0.000000000000000000, -7.709882115452476934E-17 ) ) ;
#10658 = CARTESIAN_POINT ( 'NONE',  ( -45.00000000000002132, 22.11324865405185491, 26.44924440733135995 ) ) ;
#10659 = LINE ( 'NONE', #9040, #4283 ) ;
#10660 = DIRECTION ( 'NONE',  ( 0.000000000000000000, 1.000000000000000000, 0.000000000000000000 ) ) ;
#10661 = EDGE_LOOP ( 'NONE', ( #6605, #3800, #4349, #5271 ) ) ;
#10662 = ADVANCED_FACE ( 'NONE', ( #9797 ), #4778, .F. ) ;
#10663 = CARTESIAN_POINT ( 'NONE',  ( -45.00000000000002132, 18.88772481033655737, 15.72462220366568175 ) ) ;
#10664 = VECTOR ( 'NONE', #9501, 1000.000000000000000 ) ;
#10665 = VECTOR ( 'NONE', #3081, 1000.000000000000000 ) ;
#10666 = CARTESIAN_POINT ( 'NONE',  ( -27.17386661099702749, 13.11422211844028318, -45.00000000000000711 ) ) ;
#10667 = VERTEX_POINT ( 'NONE', #37 ) ;
#10668 = VECTOR ( 'NONE', #4518, 999.9999999999998863 ) ;
#10669 = VECTOR ( 'NONE', #542, 999.9999999999998863 ) ;
#10670 = DIRECTION ( 'NONE',  ( 1.000000000000000000, 0.000000000000000000, -7.709882115452476934E-17 ) ) ;
#10671 = CARTESIAN_POINT ( 'NONE',  ( -45.00000000000001421, 21.77447615628469180, -10.72462220366567820 ) ) ;
#10672 = CYLINDRICAL_SURFACE ( 'NONE', #3555, 2.999999999999998224 ) ;
#10673 = EDGE_CURVE ( 'NONE', #1710, #9753, #5700, .T. ) ;
#10674 = FACE_OUTER_BOUND ( 'NONE', #2983, .T. ) ;
#10675 = DIRECTION ( 'NONE',  ( 0.8660254037844384856, -0.5000000000000001110, 0.000000000000000000 ) ) ;
#10676 = EDGE_CURVE ( 'NONE', #6259, #938, #2464, .T. ) ;
#10677 = VERTEX_POINT ( 'NONE', #10012 ) ;
#10678 = VERTEX_POINT ( 'NONE', #2570 ) ;
#10679 = VERTEX_POINT ( 'NONE', #8117 ) ;
#10680 = EDGE_LOOP ( 'NONE', ( #190, #7817, #2841, #3664 ) ) ;
#10681 = DIRECTION ( 'NONE',  ( 0.5000000000000004441, -0.8660254037844384856, 0.000000000000000000 ) ) ;
#10682 = CARTESIAN_POINT ( 'NONE',  ( 32.17386661099703815, 10.22747077249214520, 44.99999999999999289 ) ) ;
#10683 = FACE_BOUND ( 'NONE', #6296, .T. ) ;
#10684 = VECTOR ( 'NONE', #5586, 1000.000000000000114 ) ;
#10685 = CARTESIAN_POINT ( 'NONE',  ( 44.99999999999998579, 10.22747077249215941, -10.72462220366567820 ) ) ;
#10686 = CARTESIAN_POINT ( 'NONE',  ( -15.16033048310344356, -5.000000000000000000, 1.103125484187135852 ) ) ;
#10687 = EDGE_CURVE ( 'NONE', #8457, #1862, #951, .T. ) ;
#10688 = CARTESIAN_POINT ( 'NONE',  ( 44.99999999999998579, 28.22552384371529755, -32.17386661099703105 ) ) ;
#10689 = VERTEX_POINT ( 'NONE', #2732 ) ;
#10690 = CARTESIAN_POINT ( 'NONE',  ( -45.00000000000002132, 31.11227518966343553, 27.17386661099703105 ) ) ;
#10691 = ORIENTED_EDGE ( 'NONE', *, *, #9868, .F. ) ;
#10692 = EDGE_CURVE ( 'NONE', #6719, #6285, #7564, .T. ) ;
#10693 = DIRECTION ( 'NONE',  ( 1.000000000000000000, -0.000000000000000000, -7.709882115452476934E-17 ) ) ;
#10694 = CARTESIAN_POINT ( 'NONE',  ( 5.724622203665683529, 36.88577788155965465, -45.00000000000000711 ) ) ;
#10695 = CARTESIAN_POINT ( 'NONE',  ( -45.00000000000001421, 28.22552384371529755, -10.72462220366567109 ) ) ;
#10696 = CARTESIAN_POINT ( 'NONE',  ( -37.17386661099703105, 13.11422211844028318, -45.00000000000000711 ) ) ;
#10697 = ORIENTED_EDGE ( 'NONE', *, *, #3074, .F. ) ;
#10698 = DIRECTION ( 'NONE',  ( 0.000000000000000000, 0.000000000000000000, 1.000000000000000000 ) ) ;
#10699 = ORIENTED_EDGE ( 'NONE', *, *, #48, .T. ) ;
#10700 = ORIENTED_EDGE ( 'NONE', *, *, #4561, .F. ) ;
#10701 = AXIS2_PLACEMENT_3D ( 'NONE', #6813, #10134, #2691 ) ;
#10702 = ADVANCED_FACE ( 'NONE', ( #8375 ), #4338, .T. ) ;
#10703 = VECTOR ( 'NONE', #9525, 1000.000000000000000 ) ;
#10704 = DIRECTION ( 'NONE',  ( -0.000000000000000000, -0.000000000000000000, 1.000000000000000000 ) ) ;
#10705 = DIRECTION ( 'NONE',  ( 0.8660254037844385966, -0.5000000000000002220, 0.000000000000000000 ) ) ;
#10706 = CARTESIAN_POINT ( 'NONE',  ( 44.99999999999998579, 21.77447615628469180, -32.17386661099703815 ) ) ;
#10707 = LINE ( 'NONE', #8173, #2201 ) ;
#10708 = VECTOR ( 'NONE', #4019, 1000.000000000000000 ) ;
#10709 = CARTESIAN_POINT ( 'NONE',  ( 40.60000000000001563, 4.999999999999997335, -5.000000000000011546 ) ) ;
#10710 = CARTESIAN_POINT ( 'NONE',  ( -27.17386661099702749, 18.88772481033653960, -40.59999999999998721 ) ) ;
#10711 = ORIENTED_EDGE ( 'NONE', *, *, #6064, .F. ) ;
#10712 = DIRECTION ( 'NONE',  ( 1.000000000000000000, -0.000000000000000000, -7.709882115452476934E-17 ) ) ;
#10713 = CARTESIAN_POINT ( 'NONE',  ( -40.60000000000001563, 4.644439057571973173, -40.39471679417585648 ) ) ;
#10714 = ORIENTED_EDGE ( 'NONE', *, *, #9220, .F. ) ;
#10715 = VECTOR ( 'NONE', #4319, 1000.000000000000000 ) ;
ENDSEC;
END-ISO-10303-21;
