ISO-10303-21;
HEADER;
FILE_DESCRIPTION (( 'STEP AP214' ),
    '1' );
FILE_NAME ('Palet_lid2.STEP',
    '2026-05-27T19:21:55',
    ( '' ),
    ( '' ),
    'SwSTEP 2.0',
    'SolidWorks 2025',
    '' );
FILE_SCHEMA (( 'AUTOMOTIVE_DESIGN' ));
ENDSEC;

DATA;
#1 = VERTEX_POINT ( 'NONE', #3829 ) ;
#2 = ORIENTED_EDGE ( 'NONE', *, *, #2322, .T. ) ;
#3 = VECTOR ( 'NONE', #2918, 1000.000000000000000 ) ;
#4 = VERTEX_POINT ( 'NONE', #716 ) ;
#5 = VECTOR ( 'NONE', #3723, 1000.000000000000000 ) ;
#6 = DIRECTION ( 'NONE',  ( 0.000000000000000000, -0.5000000000000006661, 0.8660254037844383745 ) ) ;
#7 = DIRECTION ( 'NONE',  ( -0.8660254037844387076, -0.4999999999999998890, 0.000000000000000000 ) ) ;
#8 = EDGE_CURVE ( 'NONE', #6753, #8531, #4588, .T. ) ;
#9 = VECTOR ( 'NONE', #3762, 1000.000000000000114 ) ;
#10 = CARTESIAN_POINT ( 'NONE',  ( -45.00000000000000711, 31.11227518966341066, 27.17386661099704170 ) ) ;
#11 = VECTOR ( 'NONE', #7053, 1000.000000000000000 ) ;
#12 = AXIS2_PLACEMENT_3D ( 'NONE', #8715, #1093, #9630 ) ;
#13 = CARTESIAN_POINT ( 'NONE',  ( 40.59999999999999432, 8.855183586624159275, -42.82579128151288472 ) ) ;
#14 = DIRECTION ( 'NONE',  ( 0.000000000000000000, -0.5000000000000006661, 0.8660254037844381525 ) ) ;
#15 = ORIENTED_EDGE ( 'NONE', *, *, #9729, .F. ) ;
#16 = ORIENTED_EDGE ( 'NONE', *, *, #651, .F. ) ;
#17 = ORIENTED_EDGE ( 'NONE', *, *, #9050, .T. ) ;
#18 = EDGE_CURVE ( 'NONE', #4359, #1746, #9120, .T. ) ;
#19 = ADVANCED_FACE ( 'NONE', ( #2293 ), #2246, .F. ) ;
#20 = VECTOR ( 'NONE', #5144, 1000.000000000000000 ) ;
#21 = VECTOR ( 'NONE', #2857, 1000.000000000000000 ) ;
#22 = LINE ( 'NONE', #7831, #2128 ) ;
#23 = CARTESIAN_POINT ( 'NONE',  ( -45.00000000000000711, 18.88772481033652184, -27.17386661099702039 ) ) ;
#24 = CARTESIAN_POINT ( 'NONE',  ( -4.999999999999999112, 27.88675134594812377, -40.59999999999999432 ) ) ;
#25 = CARTESIAN_POINT ( 'NONE',  ( -45.00000000000000711, 13.11422211844026720, -27.17386661099702039 ) ) ;
#26 = VECTOR ( 'NONE', #7774, 1000.000000000000114 ) ;
#27 = CARTESIAN_POINT ( 'NONE',  ( -40.60000000000000142, 4.999999999999993783, -15.72462220366567820 ) ) ;
#28 = FACE_OUTER_BOUND ( 'NONE', #6519, .T. ) ;
#29 = ORIENTED_EDGE ( 'NONE', *, *, #8864, .T. ) ;
#30 = AXIS2_PLACEMENT_3D ( 'NONE', #3699, #6594, #2034 ) ;
#31 = ORIENTED_EDGE ( 'NONE', *, *, #6464, .T. ) ;
#32 = ORIENTED_EDGE ( 'NONE', *, *, #7021, .F. ) ;
#33 = ORIENTED_EDGE ( 'NONE', *, *, #7701, .F. ) ;
#34 = LINE ( 'NONE', #4474, #8142 ) ;
#35 = VECTOR ( 'NONE', #4536, 1000.000000000000114 ) ;
#36 = LINE ( 'NONE', #5580, #2948 ) ;
#37 = VECTOR ( 'NONE', #5747, 1000.000000000000000 ) ;
#38 = FACE_BOUND ( 'NONE', #9997, .T. ) ;
#39 = LINE ( 'NONE', #3903, #3166 ) ;
#40 = EDGE_CURVE ( 'NONE', #6301, #7957, #9020, .T. ) ;
#41 = DIRECTION ( 'NONE',  ( -0.000000000000000000, -0.000000000000000000, 1.000000000000000000 ) ) ;
#42 = EDGE_CURVE ( 'NONE', #404, #3164, #8408, .T. ) ;
#43 = CARTESIAN_POINT ( 'NONE',  ( -45.00000000000000711, 13.11422211844027252, 5.724622203665681752 ) ) ;
#44 = VECTOR ( 'NONE', #4418, 1000.000000000000000 ) ;
#45 = ORIENTED_EDGE ( 'NONE', *, *, #2512, .F. ) ;
#46 = DIRECTION ( 'NONE',  ( 0.8660254037844387076, 0.4999999999999998890, 0.000000000000000000 ) ) ;
#47 = FACE_OUTER_BOUND ( 'NONE', #1261, .T. ) ;
#48 = EDGE_LOOP ( 'NONE', ( #7995, #2459, #6764, #8283 ) ) ;
#49 = ORIENTED_EDGE ( 'NONE', *, *, #4997, .F. ) ;
#50 = LINE ( 'NONE', #4526, #6695 ) ;
#51 = CARTESIAN_POINT ( 'NONE',  ( -43.00000000000000000, 2.000000000000001776, -45.00000000000000000 ) ) ;
#52 = VECTOR ( 'NONE', #3666, 1000.000000000000000 ) ;
#53 = CARTESIAN_POINT ( 'NONE',  ( -45.00000000000000711, 36.88577788155966175, 37.17386661099704526 ) ) ;
#54 = DIRECTION ( 'NONE',  ( 6.009258394948641055E-16, -1.000000000000000000, 0.000000000000000000 ) ) ;
#55 = CARTESIAN_POINT ( 'NONE',  ( -45.00000000000000711, 36.88577788155965465, -37.17386661099701683 ) ) ;
#56 = LINE ( 'NONE', #3156, #6172 ) ;
#57 = EDGE_LOOP ( 'NONE', ( #752, #572, #4046, #63 ) ) ;
#58 = DIRECTION ( 'NONE',  ( 0.000000000000000000, -0.5000000000000006661, 0.8660254037844383745 ) ) ;
#59 = ORIENTED_EDGE ( 'NONE', *, *, #3301, .F. ) ;
#60 = CARTESIAN_POINT ( 'NONE',  ( -45.00000000000000711, 18.88772481033651829, -15.72462220366567109 ) ) ;
#61 = VECTOR ( 'NONE', #361, 1000.000000000000114 ) ;
#62 = EDGE_LOOP ( 'NONE', ( #7295, #2018, #2595, #2668, #5266, #8910 ) ) ;
#63 = ORIENTED_EDGE ( 'NONE', *, *, #7155, .F. ) ;
#64 = CARTESIAN_POINT ( 'NONE',  ( -40.60000000000000142, 22.11324865405183715, 26.44924440733135995 ) ) ;
#65 = DIRECTION ( 'NONE',  ( 0.000000000000000000, 1.000000000000000000, 1.502314598737162976E-16 ) ) ;
#66 = AXIS2_PLACEMENT_3D ( 'NONE', #9101, #2789, #5831 ) ;
#67 = CARTESIAN_POINT ( 'NONE',  ( 5.724622203665681752, 13.11422211844030450, -45.00000000000000000 ) ) ;
#68 = DIRECTION ( 'NONE',  ( -0.8660254037844387076, 0.4999999999999998890, -0.000000000000000000 ) ) ;
#69 = LINE ( 'NONE', #1655, #3335 ) ;
#70 = ORIENTED_EDGE ( 'NONE', *, *, #5129, .T. ) ;
#71 = ORIENTED_EDGE ( 'NONE', *, *, #5188, .F. ) ;
#72 = ORIENTED_EDGE ( 'NONE', *, *, #3266, .F. ) ;
#73 = EDGE_CURVE ( 'NONE', #214, #4101, #1544, .T. ) ;
#74 = AXIS2_PLACEMENT_3D ( 'NONE', #5022, #7538, #2921 ) ;
#75 = EDGE_CURVE ( 'NONE', #6751, #8273, #8460, .T. ) ;
#76 = EDGE_CURVE ( 'NONE', #8498, #8092, #3780, .T. ) ;
#77 = CARTESIAN_POINT ( 'NONE',  ( 16.44924440733135640, 27.88675134594812732, 45.00000000000000000 ) ) ;
#78 = EDGE_CURVE ( 'NONE', #7252, #765, #6804, .T. ) ;
#79 = LINE ( 'NONE', #9333, #9070 ) ;
#80 = PLANE ( 'NONE',  #7799 ) ;
#81 = PLANE ( 'NONE',  #3330 ) ;
#82 = VECTOR ( 'NONE', #9129, 1000.000000000000114 ) ;
#83 = FACE_OUTER_BOUND ( 'NONE', #9654, .T. ) ;
#84 = EDGE_LOOP ( 'NONE', ( #7100, #6651, #2962, #7932 ) ) ;
#85 = ORIENTED_EDGE ( 'NONE', *, *, #4507, .T. ) ;
#86 = ORIENTED_EDGE ( 'NONE', *, *, #6398, .T. ) ;
#87 = ADVANCED_FACE ( 'NONE', ( #7660 ), #3051, .F. ) ;
#88 = VERTEX_POINT ( 'NONE', #2098 ) ;
#89 = PLANE ( 'NONE',  #3947 ) ;
#90 = EDGE_CURVE ( 'NONE', #1420, #585, #7522, .T. ) ;
#91 = ADVANCED_FACE ( 'NONE', ( #9930 ), #6138, .F. ) ;
#92 = CARTESIAN_POINT ( 'NONE',  ( -45.00000000000000711, 36.88577788155965465, -15.72462220366567109 ) ) ;
#93 = CARTESIAN_POINT ( 'NONE',  ( -41.61025403784438481, 6.749811322098085320, 40.59999999999999432 ) ) ;
#94 = DIRECTION ( 'NONE',  ( -0.4999999999999997780, -0.8660254037844388186, 0.000000000000000000 ) ) ;
#95 = DIRECTION ( 'NONE',  ( 0.000000000000000000, 0.5000000000000006661, -0.8660254037844383745 ) ) ;
#96 = CARTESIAN_POINT ( 'NONE',  ( -5.724622203665678200, 36.88577788155969728, -45.00000000000000000 ) ) ;
#97 = ORIENTED_EDGE ( 'NONE', *, *, #7387, .T. ) ;
#98 = DIRECTION ( 'NONE',  ( 0.000000000000000000, 0.5000000000000005551, -0.8660254037844382635 ) ) ;
#99 = DIRECTION ( 'NONE',  ( 0.5000000000000004441, -0.8660254037844384856, 0.000000000000000000 ) ) ;
#100 = ORIENTED_EDGE ( 'NONE', *, *, #9808, .T. ) ;
#101 = VERTEX_POINT ( 'NONE', #9204 ) ;
#102 = CARTESIAN_POINT ( 'NONE',  ( 17.08051390828823912, 4.999999999999997335, -33.34396987557884984 ) ) ;
#103 = LINE ( 'NONE', #6854, #5415 ) ;
#104 = EDGE_CURVE ( 'NONE', #2961, #5260, #3676, .T. ) ;
#105 = DIRECTION ( 'NONE',  ( -0.8660254037844387076, -0.4999999999999998890, 0.000000000000000000 ) ) ;
#106 = PLANE ( 'NONE',  #6512 ) ;
#107 = CARTESIAN_POINT ( 'NONE',  ( 0.9332857743154542307, 10.00000000000000000, -14.28758280088808164 ) ) ;
#108 = DIRECTION ( 'NONE',  ( 1.000000000000000000, 0.000000000000000000, 0.000000000000000000 ) ) ;
#109 = ORIENTED_EDGE ( 'NONE', *, *, #3541, .F. ) ;
#110 = LINE ( 'NONE', #156, #5067 ) ;
#111 = VERTEX_POINT ( 'NONE', #9826 ) ;
#112 = DIRECTION ( 'NONE',  ( -1.000000000000000000, -0.000000000000000000, -0.000000000000000000 ) ) ;
#113 = LINE ( 'NONE', #7753, #1990 ) ;
#114 = ORIENTED_EDGE ( 'NONE', *, *, #1382, .T. ) ;
#115 = ORIENTED_EDGE ( 'NONE', *, *, #3504, .T. ) ;
#116 = CARTESIAN_POINT ( 'NONE',  ( -4.999999999999999112, 27.88675134594812377, -45.00000000000000000 ) ) ;
#117 = EDGE_CURVE ( 'NONE', #3375, #3996, #2960, .T. ) ;
#118 = CARTESIAN_POINT ( 'NONE',  ( -40.60000000000000142, -9.092865725585328462, -32.46348017968006872 ) ) ;
#119 = DIRECTION ( 'NONE',  ( 0.5000000000000004441, -0.8660254037844384856, 0.000000000000000000 ) ) ;
#120 = DIRECTION ( 'NONE',  ( 1.000000000000000000, -0.000000000000000000, -7.709882115452476934E-17 ) ) ;
#121 = CARTESIAN_POINT ( 'NONE',  ( -4.999999999999995559, 22.11324865405186557, -45.00000000000000000 ) ) ;
#122 = VERTEX_POINT ( 'NONE', #3011 ) ;
#123 = ORIENTED_EDGE ( 'NONE', *, *, #1001, .T. ) ;
#124 = VERTEX_POINT ( 'NONE', #6050 ) ;
#125 = ADVANCED_FACE ( 'NONE', ( #2155 ), #5257, .F. ) ;
#126 = DIRECTION ( 'NONE',  ( -3.854941057726242781E-17, -0.8660254037844383745, -0.5000000000000006661 ) ) ;
#127 = CARTESIAN_POINT ( 'NONE',  ( -45.00000000000000711, 13.11422211844027252, 37.17386661099704526 ) ) ;
#128 = CARTESIAN_POINT ( 'NONE',  ( -45.00000000000000711, 31.11227518966341066, -15.72462220366567465 ) ) ;
#129 = ADVANCED_FACE ( 'NONE', ( #7210 ), #5600, .F. ) ;
#130 = CARTESIAN_POINT ( 'NONE',  ( -37.17386661099702394, 4.999999999999999112, 40.59999999999999432 ) ) ;
#131 = EDGE_LOOP ( 'NONE', ( #2527, #3420, #742, #7205 ) ) ;
#132 = EDGE_LOOP ( 'NONE', ( #5906, #8985, #8615, #7213 ) ) ;
#133 = ORIENTED_EDGE ( 'NONE', *, *, #2822, .T. ) ;
#134 = EDGE_LOOP ( 'NONE', ( #5853, #7905, #1117, #8518 ) ) ;
#135 = PLANE ( 'NONE',  #1211 ) ;
#136 = CARTESIAN_POINT ( 'NONE',  ( -45.00000000000000711, 36.88577788155965465, -15.72462220366567109 ) ) ;
#137 = LINE ( 'NONE', #4058, #4898 ) ;
#138 = EDGE_CURVE ( 'NONE', #4994, #8843, #1641, .T. ) ;
#139 = DIRECTION ( 'NONE',  ( 0.8660254037844388186, -0.4999999999999997224, 0.000000000000000000 ) ) ;
#140 = DIRECTION ( 'NONE',  ( -0.7071067811865480168, 0.000000000000000000, -0.7071067811865470176 ) ) ;
#141 = CARTESIAN_POINT ( 'NONE',  ( -32.28330970379901999, 10.00000000000000000, 18.14117408006807253 ) ) ;
#142 = EDGE_CURVE ( 'NONE', #1846, #2320, #3209, .T. ) ;
#143 = ORIENTED_EDGE ( 'NONE', *, *, #7805, .F. ) ;
#144 = CARTESIAN_POINT ( 'NONE',  ( -16.44924440733135640, 22.11324865405187268, -45.00000000000000000 ) ) ;
#145 = ORIENTED_EDGE ( 'NONE', *, *, #3541, .T. ) ;
#146 = ADVANCED_FACE ( 'NONE', ( #2395 ), #6300, .F. ) ;
#147 = ORIENTED_EDGE ( 'NONE', *, *, #8191, .T. ) ;
#148 = ADVANCED_FACE ( 'NONE', ( #9426 ), #876, .F. ) ;
#149 = CARTESIAN_POINT ( 'NONE',  ( 40.59999999999997300, 31.11227518966340355, -27.17386661099702039 ) ) ;
#150 = DIRECTION ( 'NONE',  ( 1.000000000000000000, -0.000000000000000000, -7.709882115452476934E-17 ) ) ;
#151 = PLANE ( 'NONE',  #5851 ) ;
#152 = CARTESIAN_POINT ( 'NONE',  ( 5.724622203665678200, 18.88772481033656092, -45.00000000000000000 ) ) ;
#153 = FACE_OUTER_BOUND ( 'NONE', #7606, .T. ) ;
#154 = FACE_OUTER_BOUND ( 'NONE', #179, .T. ) ;
#155 = VERTEX_POINT ( 'NONE', #7906 ) ;
#156 = CARTESIAN_POINT ( 'NONE',  ( -40.60000000000000142, 35.35556094242799929, -23.07420871848707478 ) ) ;
#157 = ORIENTED_EDGE ( 'NONE', *, *, #1227, .T. ) ;
#158 = LINE ( 'NONE', #4683, #8590 ) ;
#159 = VERTEX_POINT ( 'NONE', #256 ) ;
#160 = ORIENTED_EDGE ( 'NONE', *, *, #2463, .T. ) ;
#161 = CARTESIAN_POINT ( 'NONE',  ( 4.999999999999999112, 27.88675134594812377, -45.00000000000000000 ) ) ;
#162 = VECTOR ( 'NONE', #4761, 1000.000000000000114 ) ;
#163 = LINE ( 'NONE', #5002, #5406 ) ;
#164 = DIRECTION ( 'NONE',  ( 1.000000000000000000, -0.000000000000000000, -7.709882115452476934E-17 ) ) ;
#165 = DIRECTION ( 'NONE',  ( 0.000000000000000000, 0.5000000000000002220, 0.8660254037844384856 ) ) ;
#166 = CARTESIAN_POINT ( 'NONE',  ( 16.44924440733135640, 22.11324865405187268, -45.00000000000000000 ) ) ;
#167 = EDGE_LOOP ( 'NONE', ( #5025, #7478, #9236, #8397 ) ) ;
#168 = VECTOR ( 'NONE', #4453, 1000.000000000000000 ) ;
#169 = EDGE_CURVE ( 'NONE', #7157, #8745, #7962, .T. ) ;
#170 = ADVANCED_FACE ( 'NONE', ( #6249 ), #9473, .F. ) ;
#171 = ORIENTED_EDGE ( 'NONE', *, *, #7228, .T. ) ;
#172 = VECTOR ( 'NONE', #6501, 1000.000000000000000 ) ;
#173 = ORIENTED_EDGE ( 'NONE', *, *, #2531, .F. ) ;
#174 = VECTOR ( 'NONE', #4602, 1000.000000000000000 ) ;
#175 = VECTOR ( 'NONE', #615, 1000.000000000000000 ) ;
#176 = DIRECTION ( 'NONE',  ( 6.009258394948640069E-16, -1.000000000000000000, 0.000000000000000000 ) ) ;
#177 = CARTESIAN_POINT ( 'NONE',  ( 40.59999999999999432, 26.06776566806286155, -28.43651982031992986 ) ) ;
#178 = CARTESIAN_POINT ( 'NONE',  ( 10.72462220366567820, 21.77447615628468824, 45.00000000000000000 ) ) ;
#179 = EDGE_LOOP ( 'NONE', ( #3837, #8555, #269, #9041 ) ) ;
#180 = ORIENTED_EDGE ( 'NONE', *, *, #9978, .T. ) ;
#181 = VECTOR ( 'NONE', #1831, 1000.000000000000000 ) ;
#182 = VECTOR ( 'NONE', #10000, 1000.000000000000000 ) ;
#183 = ORIENTED_EDGE ( 'NONE', *, *, #1546, .F. ) ;
#184 = AXIS2_PLACEMENT_3D ( 'NONE', #9375, #5608, #165 ) ;
#185 = EDGE_LOOP ( 'NONE', ( #8221, #5949, #5243, #1474 ) ) ;
#186 = DIRECTION ( 'NONE',  ( 0.000000000000000000, 0.5000000000000005551, -0.8660254037844382635 ) ) ;
#187 = DIRECTION ( 'NONE',  ( -3.854941057726239700E-17, 0.8660254037844385966, -0.5000000000000003331 ) ) ;
#188 = VECTOR ( 'NONE', #500, 1000.000000000000114 ) ;
#189 = EDGE_CURVE ( 'NONE', #3164, #2359, #1747, .T. ) ;
#190 = VECTOR ( 'NONE', #7514, 1000.000000000000114 ) ;
#191 = CARTESIAN_POINT ( 'NONE',  ( 45.00000000000000711, 22.11324865405183715, 26.44924440733135285 ) ) ;
#192 = LINE ( 'NONE', #953, #364 ) ;
#193 = DIRECTION ( 'NONE',  ( -0.7071067811865475727, 0.000000000000000000, 0.7071067811865475727 ) ) ;
#194 = ORIENTED_EDGE ( 'NONE', *, *, #4620, .F. ) ;
#195 = CARTESIAN_POINT ( 'NONE',  ( -40.60000000000000142, 42.53798395226702667, -18.92743486032274802 ) ) ;
#196 = ORIENTED_EDGE ( 'NONE', *, *, #6044, .T. ) ;
#197 = AXIS2_PLACEMENT_3D ( 'NONE', #5669, #5021, #4978 ) ;
#198 = ORIENTED_EDGE ( 'NONE', *, *, #1772, .T. ) ;
#199 = VECTOR ( 'NONE', #140, 1000.000000000000000 ) ;
#200 = DIRECTION ( 'NONE',  ( 0.000000000000000000, -1.000000000000000000, -3.004629197474320528E-16 ) ) ;
#201 = EDGE_CURVE ( 'NONE', #942, #10021, #6353, .T. ) ;
#202 = CARTESIAN_POINT ( 'NONE',  ( -40.60000000000000142, 39.77252922750778907, 32.17386661099704526 ) ) ;
#203 = LINE ( 'NONE', #4172, #3746 ) ;
#204 = DIRECTION ( 'NONE',  ( -0.000000000000000000, -0.000000000000000000, 1.000000000000000000 ) ) ;
#205 = DIRECTION ( 'NONE',  ( 0.000000000000000000, -0.4999999999999998335, -0.8660254037844387076 ) ) ;
#206 = VECTOR ( 'NONE', #3665, 1000.000000000000114 ) ;
#207 = CARTESIAN_POINT ( 'NONE',  ( -45.00000000000000711, 19.22649730810372759, 9.492209656258231307E-15 ) ) ;
#208 = EDGE_CURVE ( 'NONE', #2687, #1420, #2443, .T. ) ;
#209 = ORIENTED_EDGE ( 'NONE', *, *, #8831, .T. ) ;
#210 = LINE ( 'NONE', #6400, #5223 ) ;
#211 = VERTEX_POINT ( 'NONE', #9368 ) ;
#212 = DIRECTION ( 'NONE',  ( 3.854941057726244014E-17, 0.8660254037844382635, 0.5000000000000007772 ) ) ;
#213 = VERTEX_POINT ( 'NONE', #7162 ) ;
#214 = VERTEX_POINT ( 'NONE', #9316 ) ;
#215 = DIRECTION ( 'NONE',  ( -0.000000000000000000, -0.000000000000000000, 1.000000000000000000 ) ) ;
#216 = VECTOR ( 'NONE', #4160, 1000.000000000000000 ) ;
#217 = CARTESIAN_POINT ( 'NONE',  ( -4.336808689942017736E-16, 30.77350269189625109, 45.00000000000000000 ) ) ;
#218 = EDGE_CURVE ( 'NONE', #6472, #6137, #158, .T. ) ;
#219 = DIRECTION ( 'NONE',  ( 0.8660254037844388186, -0.4999999999999997780, 0.000000000000000000 ) ) ;
#220 = LINE ( 'NONE', #1254, #8121 ) ;
#221 = LINE ( 'NONE', #7823, #7382 ) ;
#222 = ORIENTED_EDGE ( 'NONE', *, *, #432, .F. ) ;
#223 = VECTOR ( 'NONE', #9839, 1000.000000000000114 ) ;
#224 = ORIENTED_EDGE ( 'NONE', *, *, #8357, .T. ) ;
#225 = EDGE_LOOP ( 'NONE', ( #3805, #3849, #5863, #4624 ) ) ;
#226 = VECTOR ( 'NONE', #9464, 1000.000000000000114 ) ;
#227 = EDGE_CURVE ( 'NONE', #8242, #8984, #113, .T. ) ;
#228 = DIRECTION ( 'NONE',  ( 0.8660254037844384856, 0.5000000000000004441, 0.000000000000000000 ) ) ;
#229 = CARTESIAN_POINT ( 'NONE',  ( -31.22990540948982741, 21.22947990248992767, -40.59999999999999432 ) ) ;
#230 = LINE ( 'NONE', #8833, #9735 ) ;
#231 = VERTEX_POINT ( 'NONE', #1792 ) ;
#232 = EDGE_LOOP ( 'NONE', ( #71, #8387, #937, #3437 ) ) ;
#233 = VECTOR ( 'NONE', #2343, 1000.000000000000000 ) ;
#234 = ORIENTED_EDGE ( 'NONE', *, *, #9543, .T. ) ;
#235 = ORIENTED_EDGE ( 'NONE', *, *, #3022, .T. ) ;
#236 = DIRECTION ( 'NONE',  ( -3.854941057726242781E-17, -0.8660254037844383745, -0.5000000000000006661 ) ) ;
#237 = VECTOR ( 'NONE', #7644, 1000.000000000000114 ) ;
#238 = CARTESIAN_POINT ( 'NONE',  ( 21.44924440733135640, 19.22649730810374891, -45.00000000000000000 ) ) ;
#239 = CARTESIAN_POINT ( 'NONE',  ( -37.17386661099703105, 31.11227518966343553, 45.00000000000000000 ) ) ;
#240 = LINE ( 'NONE', #7093, #4103 ) ;
#241 = CARTESIAN_POINT ( 'NONE',  ( -10.72462220366567820, 28.22552384371531886, 45.00000000000000000 ) ) ;
#242 = VERTEX_POINT ( 'NONE', #814 ) ;
#243 = VERTEX_POINT ( 'NONE', #4889 ) ;
#244 = VECTOR ( 'NONE', #6411, 1000.000000000000000 ) ;
#245 = ORIENTED_EDGE ( 'NONE', *, *, #2865, .F. ) ;
#246 = ORIENTED_EDGE ( 'NONE', *, *, #3687, .F. ) ;
#247 = DIRECTION ( 'NONE',  ( -6.009258394948641055E-16, 1.000000000000000000, 0.000000000000000000 ) ) ;
#248 = CARTESIAN_POINT ( 'NONE',  ( 40.59999999999999432, 5.271980294092686314, -40.75702789600868670 ) ) ;
#249 = CARTESIAN_POINT ( 'NONE',  ( -26.44924440733135285, 27.88675134594812377, -45.00000000000000000 ) ) ;
#250 = CARTESIAN_POINT ( 'NONE',  ( -40.60000000000000142, -11.19823799011144416, -31.24794293601154038 ) ) ;
#251 = DIRECTION ( 'NONE',  ( 0.000000000000000000, 1.000000000000000000, 0.000000000000000000 ) ) ;
#252 = EDGE_CURVE ( 'NONE', #9201, #8843, #3926, .T. ) ;
#253 = ORIENTED_EDGE ( 'NONE', *, *, #7502, .T. ) ;
#254 = CARTESIAN_POINT ( 'NONE',  ( -5.724622203665679976, 18.88772481033655026, -40.59999999999999432 ) ) ;
#255 = ORIENTED_EDGE ( 'NONE', *, *, #6905, .F. ) ;
#256 = CARTESIAN_POINT ( 'NONE',  ( 5.724622203665681752, 31.11227518966344263, 40.59999999999996589 ) ) ;
#257 = VERTEX_POINT ( 'NONE', #8616 ) ;
#258 = ORIENTED_EDGE ( 'NONE', *, *, #7937, .T. ) ;
#259 = FACE_OUTER_BOUND ( 'NONE', #1582, .T. ) ;
#260 = DIRECTION ( 'NONE',  ( 0.000000000000000000, 0.5000000000000002220, 0.8660254037844384856 ) ) ;
#261 = PLANE ( 'NONE',  #4725 ) ;
#262 = DIRECTION ( 'NONE',  ( 0.000000000000000000, -0.4999999999999998335, -0.8660254037844387076 ) ) ;
#263 = DIRECTION ( 'NONE',  ( 0.000000000000000000, 1.000000000000000000, 1.502314598737162729E-16 ) ) ;
#264 = CARTESIAN_POINT ( 'NONE',  ( -10.72462220366567820, 28.22552384371531886, -45.00000000000000000 ) ) ;
#265 = FACE_OUTER_BOUND ( 'NONE', #2247, .T. ) ;
#266 = EDGE_CURVE ( 'NONE', #4587, #4892, #4033, .T. ) ;
#267 = VERTEX_POINT ( 'NONE', #7863 ) ;
#268 = DIRECTION ( 'NONE',  ( 2.312964634635743450E-16, -0.000000000000000000, 1.000000000000000000 ) ) ;
#269 = ORIENTED_EDGE ( 'NONE', *, *, #5143, .F. ) ;
#270 = ORIENTED_EDGE ( 'NONE', *, *, #6918, .F. ) ;
#271 = EDGE_CURVE ( 'NONE', #5721, #243, #928, .T. ) ;
#272 = ORIENTED_EDGE ( 'NONE', *, *, #5748, .T. ) ;
#273 = DIRECTION ( 'NONE',  ( 0.8660254037844383745, 0.5000000000000004441, 0.000000000000000000 ) ) ;
#274 = CARTESIAN_POINT ( 'NONE',  ( -45.00000000000000711, 10.22747077249213810, 10.72462220366568353 ) ) ;
#275 = DIRECTION ( 'NONE',  ( -1.000000000000000000, 0.000000000000000000, 2.312964634635743450E-16 ) ) ;
#276 = DIRECTION ( 'NONE',  ( 0.8660254037844384856, 0.5000000000000004441, 0.000000000000000000 ) ) ;
#277 = ORIENTED_EDGE ( 'NONE', *, *, #6846, .T. ) ;
#278 = ORIENTED_EDGE ( 'NONE', *, *, #1819, .F. ) ;
#279 = EDGE_LOOP ( 'NONE', ( #1278, #9771, #3498, #1256 ) ) ;
#280 = DIRECTION ( 'NONE',  ( 3.854941057726244014E-17, 0.8660254037844382635, 0.5000000000000007772 ) ) ;
#281 = DIRECTION ( 'NONE',  ( 3.854941057726244014E-17, 0.8660254037844382635, 0.5000000000000007772 ) ) ;
#282 = CARTESIAN_POINT ( 'NONE',  ( -45.00000000000000711, 36.88577788155966175, -27.17386661099701328 ) ) ;
#283 = CARTESIAN_POINT ( 'NONE',  ( -8.131727983645301805, 4.999999999999997335, -8.131727983645300029 ) ) ;
#284 = CARTESIAN_POINT ( 'NONE',  ( 0.000000000000000000, 19.22649730810374180, -45.00000000000000000 ) ) ;
#285 = EDGE_CURVE ( 'NONE', #7945, #8995, #2049, .T. ) ;
#286 = ORIENTED_EDGE ( 'NONE', *, *, #1711, .F. ) ;
#287 = ORIENTED_EDGE ( 'NONE', *, *, #9079, .T. ) ;
#288 = FACE_OUTER_BOUND ( 'NONE', #6669, .T. ) ;
#289 = EDGE_LOOP ( 'NONE', ( #9017, #7039, #986, #2959 ) ) ;
#290 = ORIENTED_EDGE ( 'NONE', *, *, #1887, .F. ) ;
#291 = DIRECTION ( 'NONE',  ( 0.7071067811865477948, 0.000000000000000000, -0.7071067811865473507 ) ) ;
#292 = DIRECTION ( 'NONE',  ( 0.000000000000000000, 0.000000000000000000, 1.000000000000000000 ) ) ;
#293 = CARTESIAN_POINT ( 'NONE',  ( 32.17386661099703105, 10.22747077249218073, -45.00000000000000000 ) ) ;
#294 = CARTESIAN_POINT ( 'NONE',  ( -45.00000000000000711, 28.22552384371527623, 10.72462220366568353 ) ) ;
#295 = LINE ( 'NONE', #8099, #3159 ) ;
#296 = CARTESIAN_POINT ( 'NONE',  ( -45.00000000000000711, 36.88577788155965465, 27.17386661099704170 ) ) ;
#297 = CARTESIAN_POINT ( 'NONE',  ( -32.17386661099703105, 21.77447615628468114, 45.00000000000000000 ) ) ;
#298 = ORIENTED_EDGE ( 'NONE', *, *, #9210, .T. ) ;
#299 = DIRECTION ( 'NONE',  ( -0.000000000000000000, -0.000000000000000000, 1.000000000000000000 ) ) ;
#300 = ORIENTED_EDGE ( 'NONE', *, *, #7059, .T. ) ;
#301 = PLANE ( 'NONE',  #1372 ) ;
#302 = DIRECTION ( 'NONE',  ( 1.000000000000000000, -0.000000000000000000, -7.709882115452476934E-17 ) ) ;
#303 = ORIENTED_EDGE ( 'NONE', *, *, #6226, .T. ) ;
#304 = ORIENTED_EDGE ( 'NONE', *, *, #4695, .T. ) ;
#305 = LINE ( 'NONE', #4799, #8936 ) ;
#306 = CARTESIAN_POINT ( 'NONE',  ( -40.60000000000000142, 32.62264744138114736, -24.65205706398843688 ) ) ;
#307 = EDGE_CURVE ( 'NONE', #6181, #996, #7256, .T. ) ;
#308 = DIRECTION ( 'NONE',  ( 0.000000000000000000, -1.000000000000000000, -1.502314598737162976E-16 ) ) ;
#309 = DIRECTION ( 'NONE',  ( 1.000000000000000000, -0.000000000000000000, -7.709882115452476934E-17 ) ) ;
#310 = DIRECTION ( 'NONE',  ( 0.8660254037844388186, -0.4999999999999997780, 0.000000000000000000 ) ) ;
#311 = DIRECTION ( 'NONE',  ( -0.000000000000000000, -0.000000000000000000, 1.000000000000000000 ) ) ;
#312 = VERTEX_POINT ( 'NONE', #7366 ) ;
#313 = PLANE ( 'NONE',  #6819 ) ;
#314 = ORIENTED_EDGE ( 'NONE', *, *, #9410, .F. ) ;
#315 = ORIENTED_EDGE ( 'NONE', *, *, #9799, .F. ) ;
#316 = VERTEX_POINT ( 'NONE', #7310 ) ;
#317 = VECTOR ( 'NONE', #3840, 1000.000000000000000 ) ;
#318 = EDGE_CURVE ( 'NONE', #9985, #559, #3563, .T. ) ;
#319 = ADVANCED_FACE ( 'NONE', ( #9666 ), #9622, .F. ) ;
#320 = LINE ( 'NONE', #9589, #5350 ) ;
#321 = VECTOR ( 'NONE', #2449, 999.9999999999998863 ) ;
#322 = CARTESIAN_POINT ( 'NONE',  ( -15.72462220366567465, 36.88577788155969728, -40.59999999999999432 ) ) ;
#323 = FACE_OUTER_BOUND ( 'NONE', #132, .T. ) ;
#324 = CARTESIAN_POINT ( 'NONE',  ( -45.00000000000000711, 18.88772481033652184, -27.17386661099702039 ) ) ;
#325 = ADVANCED_FACE ( 'NONE', ( #4337, #9570, #6653, #8211, #5839, #4227, #2795, #415, #2746, #363, #5692, #9712 ), #3360, .F. ) ;
#326 = ORIENTED_EDGE ( 'NONE', *, *, #4450, .F. ) ;
#327 = ORIENTED_EDGE ( 'NONE', *, *, #5129, .F. ) ;
#328 = VECTOR ( 'NONE', #9465, 1000.000000000000114 ) ;
#329 = EDGE_LOOP ( 'NONE', ( #8325, #4534, #2810, #9413 ) ) ;
#330 = CARTESIAN_POINT ( 'NONE',  ( -4.336808689942017736E-16, 30.77350269189625109, -45.00000000000000000 ) ) ;
#331 = CARTESIAN_POINT ( 'NONE',  ( -13.12028425112879049, 6.808435081877818540, 3.656982390420434825 ) ) ;
#332 = EDGE_CURVE ( 'NONE', #9459, #2608, #5103, .T. ) ;
#333 = LINE ( 'NONE', #6381, #9566 ) ;
#334 = CARTESIAN_POINT ( 'NONE',  ( 40.59999999999999432, 45.00000000000000000, 40.59999999999999432 ) ) ;
#335 = VECTOR ( 'NONE', #1231, 1000.000000000000000 ) ;
#336 = CARTESIAN_POINT ( 'NONE',  ( 27.17386661099703460, 18.88772481033656092, -40.59999999999999432 ) ) ;
#337 = AXIS2_PLACEMENT_3D ( 'NONE', #4697, #2408, #3121 ) ;
#338 = VECTOR ( 'NONE', #8406, 1000.000000000000000 ) ;
#339 = DIRECTION ( 'NONE',  ( -0.000000000000000000, -0.000000000000000000, 1.000000000000000000 ) ) ;
#340 = FACE_OUTER_BOUND ( 'NONE', #3041, .T. ) ;
#341 = AXIS2_PLACEMENT_3D ( 'NONE', #5013, #8934, #435 ) ;
#342 = EDGE_LOOP ( 'NONE', ( #8127, #9447, #3642, #7244 ) ) ;
#343 = VERTEX_POINT ( 'NONE', #2704 ) ;
#344 = ORIENTED_EDGE ( 'NONE', *, *, #3704, .F. ) ;
#345 = ORIENTED_EDGE ( 'NONE', *, *, #8991, .T. ) ;
#346 = DIRECTION ( 'NONE',  ( -0.000000000000000000, -0.000000000000000000, -1.000000000000000000 ) ) ;
#347 = AXIS2_PLACEMENT_3D ( 'NONE', #3961, #9954, #9243 ) ;
#348 = DIRECTION ( 'NONE',  ( 1.000000000000000000, -0.000000000000000000, -7.709882115452476934E-17 ) ) ;
#349 = AXIS2_PLACEMENT_3D ( 'NONE', #1876, #4161, #9645 ) ;
#350 = VECTOR ( 'NONE', #4441, 1000.000000000000000 ) ;
#351 = EDGE_CURVE ( 'NONE', #617, #7252, #1084, .T. ) ;
#352 = DIRECTION ( 'NONE',  ( 0.000000000000000000, 0.000000000000000000, 1.000000000000000000 ) ) ;
#353 = DIRECTION ( 'NONE',  ( 0.000000000000000000, 1.000000000000000000, 0.000000000000000000 ) ) ;
#354 = CARTESIAN_POINT ( 'NONE',  ( -45.00000000000000711, 36.88577788155966175, 15.72462220366568530 ) ) ;
#355 = CARTESIAN_POINT ( 'NONE',  ( -21.44924440733135640, 30.77350269189625109, -45.00000000000000000 ) ) ;
#356 = LINE ( 'NONE', #5834, #8420 ) ;
#357 = ORIENTED_EDGE ( 'NONE', *, *, #6453, .T. ) ;
#358 = CARTESIAN_POINT ( 'NONE',  ( 10.72462220366567820, 10.22747077249218073, -45.00000000000000000 ) ) ;
#359 = VECTOR ( 'NONE', #3380, 1000.000000000000000 ) ;
#360 = ORIENTED_EDGE ( 'NONE', *, *, #2681, .T. ) ;
#362 = VECTOR ( 'NONE', #5494, 1000.000000000000000 ) ;
#361 = DIRECTION ( 'NONE',  ( 0.8660254037844388186, -0.4999999999999997224, 0.000000000000000000 ) ) ;
#363 = FACE_BOUND ( 'NONE', #4635, .T. ) ;
#364 = VECTOR ( 'NONE', #4060, 1000.000000000000000 ) ;
#365 = VERTEX_POINT ( 'NONE', #9515 ) ;
#366 = VERTEX_POINT ( 'NONE', #1245 ) ;
#367 = DIRECTION ( 'NONE',  ( -6.009258394948641055E-16, 1.000000000000000000, 0.000000000000000000 ) ) ;
#368 = DIRECTION ( 'NONE',  ( 3.854941057726236618E-17, -0.8660254037844387076, 0.4999999999999998335 ) ) ;
#369 = VECTOR ( 'NONE', #2894, 1000.000000000000114 ) ;
#370 = DIRECTION ( 'NONE',  ( 0.000000000000000000, -0.4999999999999998335, -0.8660254037844387076 ) ) ;
#371 = VECTOR ( 'NONE', #4586, 1000.000000000000000 ) ;
#372 = CARTESIAN_POINT ( 'NONE',  ( -37.17386661099703105, 36.88577788155969728, -40.59999999999999432 ) ) ;
#373 = CARTESIAN_POINT ( 'NONE',  ( 45.00000000000000711, 18.88772481033651829, -15.72462220366567820 ) ) ;
#374 = ORIENTED_EDGE ( 'NONE', *, *, #2127, .T. ) ;
#375 = LINE ( 'NONE', #4904, #5241 ) ;
#376 = EDGE_LOOP ( 'NONE', ( #3580, #2319, #6772, #286 ) ) ;
#377 = ORIENTED_EDGE ( 'NONE', *, *, #7278, .F. ) ;
#378 = VECTOR ( 'NONE', #9953, 1000.000000000000000 ) ;
#379 = ORIENTED_EDGE ( 'NONE', *, *, #104, .T. ) ;
#380 = ADVANCED_FACE ( 'NONE', ( #2593, #1132, #463, #1849, #8761, #5888, #8060, #8961, #3475, #1947, #1289, #5797 ), #5042, .F. ) ;
#381 = CARTESIAN_POINT ( 'NONE',  ( -40.60000000000000142, 31.11227518966341066, 27.17386661099704170 ) ) ;
#382 = AXIS2_PLACEMENT_3D ( 'NONE', #6618, #6710, #7413 ) ;
#383 = LINE ( 'NONE', #2724, #2294 ) ;
#384 = DIRECTION ( 'NONE',  ( 0.8660254037844388186, -0.4999999999999997780, 0.000000000000000000 ) ) ;
#385 = ORIENTED_EDGE ( 'NONE', *, *, #1222, .T. ) ;
#386 = ORIENTED_EDGE ( 'NONE', *, *, #8864, .F. ) ;
#387 = EDGE_CURVE ( 'NONE', #2137, #8676, #4947, .T. ) ;
#388 = CIRCLE ( 'NONE', #1533, 2.000000000000001776 ) ;
#389 = DIRECTION ( 'NONE',  ( 1.000000000000000000, -0.000000000000000000, -7.709882115452476934E-17 ) ) ;
#390 = EDGE_CURVE ( 'NONE', #4415, #1011, #2654, .T. ) ;
#391 = CARTESIAN_POINT ( 'NONE',  ( 0.000000000000000000, 0.000000000000000000, 0.000000000000000000 ) ) ;
#392 = LINE ( 'NONE', #2532, #676 ) ;
#393 = LINE ( 'NONE', #3697, #5916 ) ;
#394 = VECTOR ( 'NONE', #4955, 1000.000000000000114 ) ;
#395 = LINE ( 'NONE', #8239, #3118 ) ;
#396 = DIRECTION ( 'NONE',  ( 1.000000000000000000, 0.000000000000000000, 0.000000000000000000 ) ) ;
#397 = DIRECTION ( 'NONE',  ( 0.000000000000000000, 0.5000000000000005551, -0.8660254037844382635 ) ) ;
#398 = ADVANCED_FACE ( 'NONE', ( #4289 ), #6035, .F. ) ;
#399 = ORIENTED_EDGE ( 'NONE', *, *, #6973, .T. ) ;
#400 = EDGE_LOOP ( 'NONE', ( #5875, #8835, #2157, #7607 ) ) ;
#401 = VERTEX_POINT ( 'NONE', #9005 ) ;
#402 = EDGE_CURVE ( 'NONE', #1616, #2156, #3616, .T. ) ;
#403 = EDGE_CURVE ( 'NONE', #9604, #211, #702, .T. ) ;
#404 = VERTEX_POINT ( 'NONE', #4480 ) ;
#405 = DIRECTION ( 'NONE',  ( 7.709882115452476934E-17, -3.004629197474320528E-16, 1.000000000000000000 ) ) ;
#406 = AXIS2_PLACEMENT_3D ( 'NONE', #6593, #4319, #9648 ) ;
#407 = DIRECTION ( 'NONE',  ( -0.000000000000000000, -0.000000000000000000, 1.000000000000000000 ) ) ;
#408 = DIRECTION ( 'NONE',  ( -3.854941057726242781E-17, -0.8660254037844383745, -0.5000000000000006661 ) ) ;
#409 = FACE_OUTER_BOUND ( 'NONE', #7663, .T. ) ;
#410 = CARTESIAN_POINT ( 'NONE',  ( 27.17386661099703460, 13.11422211844030450, 45.00000000000000000 ) ) ;
#411 = VERTEX_POINT ( 'NONE', #5329 ) ;
#412 = AXIS2_PLACEMENT_3D ( 'NONE', #3899, #8274, #7471 ) ;
#413 = ORIENTED_EDGE ( 'NONE', *, *, #5619, .F. ) ;
#414 = CARTESIAN_POINT ( 'NONE',  ( -45.00000000000000711, 13.11422211844026720, -27.17386661099702039 ) ) ;
#415 = FACE_BOUND ( 'NONE', #2515, .T. ) ;
#416 = ORIENTED_EDGE ( 'NONE', *, *, #7999, .T. ) ;
#417 = ORIENTED_EDGE ( 'NONE', *, *, #5358, .T. ) ;
#418 = EDGE_CURVE ( 'NONE', #2050, #5288, #7594, .T. ) ;
#419 = LINE ( 'NONE', #5194, #680 ) ;
#420 = CARTESIAN_POINT ( 'NONE',  ( -40.60000000000000142, 28.22552384371527623, 32.17386661099703815 ) ) ;
#421 = CARTESIAN_POINT ( 'NONE',  ( -5.724622203665678200, 31.11227518966344974, -45.00000000000000000 ) ) ;
#422 = DIRECTION ( 'NONE',  ( 0.000000000000000000, 1.000000000000000000, 0.000000000000000000 ) ) ;
#423 = LINE ( 'NONE', #9522, #6354 ) ;
#424 = PLANE ( 'NONE',  #4317 ) ;
#425 = ORIENTED_EDGE ( 'NONE', *, *, #2498, .T. ) ;
#426 = CARTESIAN_POINT ( 'NONE',  ( -32.17386661099703105, 10.22747077249217362, -45.00000000000000000 ) ) ;
#427 = ORIENTED_EDGE ( 'NONE', *, *, #9619, .F. ) ;
#428 = ORIENTED_EDGE ( 'NONE', *, *, #691, .F. ) ;
#429 = ORIENTED_EDGE ( 'NONE', *, *, #1670, .T. ) ;
#430 = ADVANCED_FACE ( 'NONE', ( #560 ), #9860, .F. ) ;
#431 = ORIENTED_EDGE ( 'NONE', *, *, #4400, .T. ) ;
#432 = EDGE_CURVE ( 'NONE', #9055, #1243, #2187, .T. ) ;
#433 = CARTESIAN_POINT ( 'NONE',  ( -45.00000000000000711, 18.88772481033651829, 5.724622203665682640 ) ) ;
#434 = CARTESIAN_POINT ( 'NONE',  ( -15.72462220366567465, 36.88577788155969728, -45.00000000000000000 ) ) ;
#435 = DIRECTION ( 'NONE',  ( -0.8660254037844387076, 0.4999999999999998890, 0.000000000000000000 ) ) ;
#436 = CARTESIAN_POINT ( 'NONE',  ( 4.999999999999999112, 27.88675134594812377, -45.00000000000000000 ) ) ;
#437 = EDGE_LOOP ( 'NONE', ( #8241, #8578, #5976, #5447, #4019, #2845 ) ) ;
#438 = ORIENTED_EDGE ( 'NONE', *, *, #8938, .F. ) ;
#439 = EDGE_CURVE ( 'NONE', #3312, #3145, #4622, .T. ) ;
#440 = LINE ( 'NONE', #3387, #1525 ) ;
#441 = LINE ( 'NONE', #8040, #4413 ) ;
#442 = EDGE_CURVE ( 'NONE', #243, #2472, #2891, .T. ) ;
#443 = DIRECTION ( 'NONE',  ( -0.000000000000000000, -0.000000000000000000, 1.000000000000000000 ) ) ;
#444 = DIRECTION ( 'NONE',  ( 7.709882115452476934E-17, -3.004629197474320528E-16, 1.000000000000000000 ) ) ;
#445 = CARTESIAN_POINT ( 'NONE',  ( -45.00000000000000711, 13.11422211844027252, 5.724622203665681752 ) ) ;
#446 = DIRECTION ( 'NONE',  ( 3.854941057726236618E-17, -0.8660254037844387076, 0.4999999999999998335 ) ) ;
#447 = LINE ( 'NONE', #9695, #1486 ) ;
#448 = DIRECTION ( 'NONE',  ( 0.000000000000000000, -0.5000000000000006661, 0.8660254037844381525 ) ) ;
#449 = ORIENTED_EDGE ( 'NONE', *, *, #6588, .T. ) ;
#450 = ORIENTED_EDGE ( 'NONE', *, *, #5189, .F. ) ;
#451 = ORIENTED_EDGE ( 'NONE', *, *, #9012, .T. ) ;
#452 = CARTESIAN_POINT ( 'NONE',  ( -45.00000000000000711, 36.88577788155965465, 5.724622203665682640 ) ) ;
#453 = EDGE_CURVE ( 'NONE', #622, #4416, #8446, .T. ) ;
#454 = EDGE_CURVE ( 'NONE', #3327, #3996, #9106, .T. ) ;
#455 = CARTESIAN_POINT ( 'NONE',  ( -27.17386661099703460, 18.88772481033655382, 40.59999999999996589 ) ) ;
#456 = EDGE_CURVE ( 'NONE', #816, #718, #8306, .T. ) ;
#457 = DIRECTION ( 'NONE',  ( 7.709882115452476934E-17, -3.004629197474320528E-16, 1.000000000000000000 ) ) ;
#458 = CARTESIAN_POINT ( 'NONE',  ( 32.17386661099703105, 10.22747077249218073, -45.00000000000000000 ) ) ;
#459 = VERTEX_POINT ( 'NONE', #9768 ) ;
#460 = EDGE_CURVE ( 'NONE', #3539, #5852, #1799, .T. ) ;
#461 = EDGE_CURVE ( 'NONE', #10018, #4575, #2848, .T. ) ;
#462 = VERTEX_POINT ( 'NONE', #4523 ) ;
#463 = FACE_BOUND ( 'NONE', #2927, .T. ) ;
#464 = ORIENTED_EDGE ( 'NONE', *, *, #6728, .T. ) ;
#465 = ORIENTED_EDGE ( 'NONE', *, *, #7740, .T. ) ;
#466 = CARTESIAN_POINT ( 'NONE',  ( 27.17386661099705591, 5.000000000000038192, 40.59999999999999432 ) ) ;
#467 = LINE ( 'NONE', #5109, #544 ) ;
#468 = DIRECTION ( 'NONE',  ( 0.8660254037844388186, -0.4999999999999997224, 0.000000000000000000 ) ) ;
#469 = CARTESIAN_POINT ( 'NONE',  ( -31.24794293601153328, -11.19823799011143706, 40.59999999999999432 ) ) ;
#470 = PLANE ( 'NONE',  #521 ) ;
#471 = DIRECTION ( 'NONE',  ( 0.000000000000000000, -0.5000000000000006661, 0.8660254037844383745 ) ) ;
#472 = ORIENTED_EDGE ( 'NONE', *, *, #2216, .T. ) ;
#473 = LINE ( 'NONE', #4146, #8111 ) ;
#474 = VERTEX_POINT ( 'NONE', #9151 ) ;
#475 = ORIENTED_EDGE ( 'NONE', *, *, #9485, .T. ) ;
#476 = ORIENTED_EDGE ( 'NONE', *, *, #1797, .F. ) ;
#477 = ORIENTED_EDGE ( 'NONE', *, *, #1275, .F. ) ;
#478 = FACE_OUTER_BOUND ( 'NONE', #1629, .T. ) ;
#479 = DIRECTION ( 'NONE',  ( 1.000000000000000000, -0.000000000000000000, -7.709882115452476934E-17 ) ) ;
#480 = EDGE_CURVE ( 'NONE', #343, #6530, #647, .T. ) ;
#481 = DIRECTION ( 'NONE',  ( -1.000000000000000000, 0.000000000000000000, -0.000000000000000000 ) ) ;
#482 = ADVANCED_FACE ( 'NONE', ( #1472 ), #1529, .F. ) ;
#483 = DIRECTION ( 'NONE',  ( 0.8660254037844387076, 0.4999999999999998890, 0.000000000000000000 ) ) ;
#484 = VERTEX_POINT ( 'NONE', #4572 ) ;
#485 = VERTEX_POINT ( 'NONE', #5191 ) ;
#486 = CARTESIAN_POINT ( 'NONE',  ( -43.00000000000000000, 0.000000000000000000, 43.00000000000000000 ) ) ;
#487 = CARTESIAN_POINT ( 'NONE',  ( 37.17386661099703105, 18.88772481033656092, 45.00000000000000000 ) ) ;
#488 = LINE ( 'NONE', #9748, #5080 ) ;
#489 = CARTESIAN_POINT ( 'NONE',  ( -5.724622203665678200, 13.11422211844030450, 40.59999999999996589 ) ) ;
#490 = DIRECTION ( 'NONE',  ( -0.000000000000000000, -0.000000000000000000, 1.000000000000000000 ) ) ;
#491 = CARTESIAN_POINT ( 'NONE',  ( 40.59999999999999432, 18.77052009751004036, -48.55041348517856648 ) ) ;
#492 = VECTOR ( 'NONE', #1663, 1000.000000000000114 ) ;
#493 = EDGE_LOOP ( 'NONE', ( #6740, #4545, #8210, #1277 ) ) ;
#494 = EDGE_LOOP ( 'NONE', ( #1555, #1127, #8798, #7122, #5380 ) ) ;
#495 = ORIENTED_EDGE ( 'NONE', *, *, #9135, .F. ) ;
#496 = DIRECTION ( 'NONE',  ( -1.000000000000000000, 0.000000000000000000, 0.000000000000000000 ) ) ;
#497 = EDGE_CURVE ( 'NONE', #101, #5662, #6126, .T. ) ;
#498 = VECTOR ( 'NONE', #9563, 999.9999999999998863 ) ;
#499 = AXIS2_PLACEMENT_3D ( 'NONE', #1404, #4499, #3728 ) ;
#500 = DIRECTION ( 'NONE',  ( 0.000000000000000000, 0.5000000000000002220, 0.8660254037844384856 ) ) ;
#501 = CARTESIAN_POINT ( 'NONE',  ( -15.72462220366567465, 18.88772481033655382, -45.00000000000000000 ) ) ;
#502 = CARTESIAN_POINT ( 'NONE',  ( -37.17386661099703105, 36.88577788155969728, 45.00000000000000000 ) ) ;
#503 = CARTESIAN_POINT ( 'NONE',  ( -45.00000000000000711, 28.22552384371527623, -32.17386661099701683 ) ) ;
#504 = ORIENTED_EDGE ( 'NONE', *, *, #3007, .F. ) ;
#505 = VERTEX_POINT ( 'NONE', #9815 ) ;
#506 = DIRECTION ( 'NONE',  ( -0.000000000000000000, -0.000000000000000000, -1.000000000000000000 ) ) ;
#507 = ADVANCED_FACE ( 'NONE', ( #5977 ), #2138, .F. ) ;
#508 = ORIENTED_EDGE ( 'NONE', *, *, #6096, .F. ) ;
#509 = AXIS2_PLACEMENT_3D ( 'NONE', #1536, #1742, #4789 ) ;
#510 = ORIENTED_EDGE ( 'NONE', *, *, #3480, .F. ) ;
#511 = AXIS2_PLACEMENT_3D ( 'NONE', #7135, #8535, #4108 ) ;
#512 = VECTOR ( 'NONE', #7971, 1000.000000000000000 ) ;
#513 = CARTESIAN_POINT ( 'NONE',  ( -32.17386661099703105, 39.77252922750781750, -45.00000000000000000 ) ) ;
#514 = EDGE_CURVE ( 'NONE', #8996, #4621, #1736, .T. ) ;
#515 = CARTESIAN_POINT ( 'NONE',  ( -33.34396987557884273, 1.999999999999986233, 17.08051390828825333 ) ) ;
#516 = EDGE_CURVE ( 'NONE', #5632, #5204, #4064, .T. ) ;
#517 = CARTESIAN_POINT ( 'NONE',  ( 27.17386661099703460, 36.88577788155969728, -45.00000000000000000 ) ) ;
#518 = DIRECTION ( 'NONE',  ( -0.8660254037844387076, 0.4999999999999998890, 0.000000000000000000 ) ) ;
#519 = AXIS2_PLACEMENT_3D ( 'NONE', #9388, #1610, #4701 ) ;
#520 = CARTESIAN_POINT ( 'NONE',  ( -45.00000000000000711, 18.88772481033652539, 27.17386661099704170 ) ) ;
#521 = AXIS2_PLACEMENT_3D ( 'NONE', #2150, #5294, #571 ) ;
#522 = DIRECTION ( 'NONE',  ( 0.8660254037844388186, -0.4999999999999997224, 0.000000000000000000 ) ) ;
#523 = ORIENTED_EDGE ( 'NONE', *, *, #6282, .F. ) ;
#524 = CARTESIAN_POINT ( 'NONE',  ( 45.00000000000000711, 28.22552384371527623, -32.17386661099702394 ) ) ;
#525 = ORIENTED_EDGE ( 'NONE', *, *, #3444, .F. ) ;
#526 = ORIENTED_EDGE ( 'NONE', *, *, #7924, .T. ) ;
#527 = ADVANCED_FACE ( 'NONE', ( #3856 ), #4719, .F. ) ;
#528 = VERTEX_POINT ( 'NONE', #2484 ) ;
#529 = VECTOR ( 'NONE', #3469, 1000.000000000000000 ) ;
#530 = ORIENTED_EDGE ( 'NONE', *, *, #4338, .T. ) ;
#531 = AXIS2_PLACEMENT_3D ( 'NONE', #8136, #9886, #7477 ) ;
#532 = VECTOR ( 'NONE', #9518, 1000.000000000000000 ) ;
#533 = EDGE_CURVE ( 'NONE', #7258, #8431, #2380, .T. ) ;
#534 = EDGE_CURVE ( 'NONE', #8529, #4752, #3194, .T. ) ;
#535 = AXIS2_PLACEMENT_3D ( 'NONE', #2134, #6030, #9660 ) ;
#536 = DIRECTION ( 'NONE',  ( -0.000000000000000000, -0.000000000000000000, 1.000000000000000000 ) ) ;
#537 = CARTESIAN_POINT ( 'NONE',  ( -45.00000000000000711, 36.88577788155966175, -5.724622203665670206 ) ) ;
#538 = PLANE ( 'NONE',  #7515 ) ;
#539 = AXIS2_PLACEMENT_3D ( 'NONE', #6697, #7438, #8094 ) ;
#540 = ORIENTED_EDGE ( 'NONE', *, *, #42, .T. ) ;
#541 = ORIENTED_EDGE ( 'NONE', *, *, #7136, .F. ) ;
#542 = EDGE_CURVE ( 'NONE', #2580, #6301, #1779, .T. ) ;
#543 = LINE ( 'NONE', #5269, #867 ) ;
#544 = VECTOR ( 'NONE', #2800, 1000.000000000000000 ) ;
#545 = FACE_OUTER_BOUND ( 'NONE', #2154, .T. ) ;
#546 = CARTESIAN_POINT ( 'NONE',  ( -45.00000000000000711, 30.77350269189624399, 1.593059013371397998E-14 ) ) ;
#547 = CARTESIAN_POINT ( 'NONE',  ( -45.00000000000000711, 21.77447615628465272, -32.17386661099701683 ) ) ;
#548 = AXIS2_PLACEMENT_3D ( 'NONE', #5844, #8914, #2004 ) ;
#549 = EDGE_LOOP ( 'NONE', ( #171, #606, #477, #889 ) ) ;
#550 = EDGE_LOOP ( 'NONE', ( #7874, #4999, #9554, #7173 ) ) ;
#551 = EDGE_LOOP ( 'NONE', ( #4637, #7620, #8706, #9495 ) ) ;
#552 = PLANE ( 'NONE',  #2482 ) ;
#553 = VECTOR ( 'NONE', #6248, 1000.000000000000114 ) ;
#554 = CARTESIAN_POINT ( 'NONE',  ( 27.17386661099703460, 18.88772481033656092, -45.00000000000000000 ) ) ;
#555 = DIRECTION ( 'NONE',  ( 1.000000000000000000, -0.000000000000000000, -7.709882115452476934E-17 ) ) ;
#556 = CARTESIAN_POINT ( 'NONE',  ( 26.44924440733135285, 27.88675134594812732, -40.59999999999999432 ) ) ;
#557 = LINE ( 'NONE', #9765, #1166 ) ;
#558 = ORIENTED_EDGE ( 'NONE', *, *, #6491, .F. ) ;
#559 = VERTEX_POINT ( 'NONE', #6944 ) ;
#560 = FACE_OUTER_BOUND ( 'NONE', #7280, .T. ) ;
#561 = AXIS2_PLACEMENT_3D ( 'NONE', #107, #6294, #9361 ) ;
#562 = VERTEX_POINT ( 'NONE', #4782 ) ;
#563 = ORIENTED_EDGE ( 'NONE', *, *, #9619, .T. ) ;
#564 = CARTESIAN_POINT ( 'NONE',  ( 5.724622203665701292, 5.000000000000024869, -40.59999999999999432 ) ) ;
#565 = CARTESIAN_POINT ( 'NONE',  ( -17.08051390828824978, 10.00000000000000000, 33.34396987557884984 ) ) ;
#566 = DIRECTION ( 'NONE',  ( 0.8660254037844383745, 0.5000000000000004441, 0.000000000000000000 ) ) ;
#567 =( LENGTH_UNIT ( ) NAMED_UNIT ( * ) SI_UNIT ( .MILLI., .METRE. ) );
#568 = ADVANCED_FACE ( 'NONE', ( #7797 ), #7696, .F. ) ;
#569 = FACE_OUTER_BOUND ( 'NONE', #2292, .T. ) ;
#570 = VECTOR ( 'NONE', #3293, 1000.000000000000000 ) ;
#571 = DIRECTION ( 'NONE',  ( -0.8660254037844387076, -0.4999999999999998890, 0.000000000000000000 ) ) ;
#572 = ORIENTED_EDGE ( 'NONE', *, *, #4661, .F. ) ;
#573 = DIRECTION ( 'NONE',  ( -0.4999999999999997780, -0.8660254037844388186, 0.000000000000000000 ) ) ;
#574 = VERTEX_POINT ( 'NONE', #914 ) ;
#575 = DIRECTION ( 'NONE',  ( -0.8660254037844388186, 0.4999999999999997780, 0.000000000000000000 ) ) ;
#576 = ORIENTED_EDGE ( 'NONE', *, *, #5549, .T. ) ;
#577 = ORIENTED_EDGE ( 'NONE', *, *, #2535, .F. ) ;
#578 = CARTESIAN_POINT ( 'NONE',  ( -45.00000000000000711, 27.88675134594808824, -26.44924440733134929 ) ) ;
#579 = DIRECTION ( 'NONE',  ( -0.000000000000000000, -0.000000000000000000, 1.000000000000000000 ) ) ;
#580 = EDGE_CURVE ( 'NONE', #8102, #7133, #7768, .T. ) ;
#581 = DIRECTION ( 'NONE',  ( 0.4999999999999998890, 0.8660254037844387076, 0.000000000000000000 ) ) ;
#582 = DIRECTION ( 'NONE',  ( -0.4999999999999998890, 0.8660254037844387076, 0.000000000000000000 ) ) ;
#583 = EDGE_CURVE ( 'NONE', #4852, #9663, #9460, .T. ) ;
#584 = ORIENTED_EDGE ( 'NONE', *, *, #6566, .T. ) ;
#585 = VERTEX_POINT ( 'NONE', #862 ) ;
#586 = CYLINDRICAL_SURFACE ( 'NONE', #4447, 2.000000000000001776 ) ;
#587 = CARTESIAN_POINT ( 'NONE',  ( 15.72462220366567465, 36.88577788155969728, -45.00000000000000000 ) ) ;
#588 = DIRECTION ( 'NONE',  ( 0.8660254037844383745, 0.5000000000000003331, 0.000000000000000000 ) ) ;
#589 = CARTESIAN_POINT ( 'NONE',  ( -45.00000000000000711, 13.11422211844026720, 15.72462220366568175 ) ) ;
#590 = LINE ( 'NONE', #2072, #6070 ) ;
#591 = CARTESIAN_POINT ( 'NONE',  ( 5.724622203665687081, 5.000000000000024869, 40.59999999999999432 ) ) ;
#592 = CARTESIAN_POINT ( 'NONE',  ( -45.00000000000000711, 30.77350269189622267, -21.44924440733134219 ) ) ;
#593 = ORIENTED_EDGE ( 'NONE', *, *, #2929, .T. ) ;
#594 = VERTEX_POINT ( 'NONE', #3088 ) ;
#595 = ORIENTED_EDGE ( 'NONE', *, *, #800, .F. ) ;
#596 = CARTESIAN_POINT ( 'NONE',  ( 0.000000000000000000, 19.22649730810374180, 45.00000000000000000 ) ) ;
#597 = EDGE_CURVE ( 'NONE', #9524, #4998, #8695, .T. ) ;
#598 = CARTESIAN_POINT ( 'NONE',  ( -15.72462220366567465, 18.88772481033655382, -45.00000000000000000 ) ) ;
#599 = CARTESIAN_POINT ( 'NONE',  ( -40.60000000000000142, 5.271980294092684538, -40.75702789600868670 ) ) ;
#600 = EDGE_CURVE ( 'NONE', #6534, #5836, #981, .T. ) ;
#601 = PLANE ( 'NONE',  #7642 ) ;
#602 = CARTESIAN_POINT ( 'NONE',  ( -40.60000000000000142, 45.00000000000000000, -40.59999999999999432 ) ) ;
#603 = ORIENTED_EDGE ( 'NONE', *, *, #2657, .T. ) ;
#604 = DIRECTION ( 'NONE',  ( 0.000000000000000000, 0.5000000000000006661, -0.8660254037844383745 ) ) ;
#605 = EDGE_LOOP ( 'NONE', ( #1450, #6020, #8776, #3910 ) ) ;
#606 = ORIENTED_EDGE ( 'NONE', *, *, #2874, .T. ) ;
#607 = LINE ( 'NONE', #4483, #1508 ) ;
#608 = DIRECTION ( 'NONE',  ( -0.8660254037844387076, 0.4999999999999998890, 0.000000000000000000 ) ) ;
#609 = LINE ( 'NONE', #5846, #6975 ) ;
#610 = CARTESIAN_POINT ( 'NONE',  ( -45.00000000000000711, 18.88772481033652184, -27.17386661099702039 ) ) ;
#611 = LINE ( 'NONE', #3672, #7791 ) ;
#612 = ORIENTED_EDGE ( 'NONE', *, *, #8361, .T. ) ;
#613 = DIRECTION ( 'NONE',  ( -0.000000000000000000, -0.000000000000000000, 1.000000000000000000 ) ) ;
#614 = VERTEX_POINT ( 'NONE', #7739 ) ;
#615 = DIRECTION ( 'NONE',  ( 0.000000000000000000, -1.000000000000000000, -3.004629197474320035E-16 ) ) ;
#616 = ORIENTED_EDGE ( 'NONE', *, *, #3966, .T. ) ;
#617 = VERTEX_POINT ( 'NONE', #7144 ) ;
#618 = EDGE_CURVE ( 'NONE', #5905, #6198, #9352, .T. ) ;
#619 = CARTESIAN_POINT ( 'NONE',  ( -30.03240569234301560, -13.30361025463754743, -40.59999999999999432 ) ) ;
#620 = FACE_OUTER_BOUND ( 'NONE', #2528, .T. ) ;
#621 = CARTESIAN_POINT ( 'NONE',  ( 21.44924440733135640, 30.77350269189625820, -40.59999999999999432 ) ) ;
#622 = VERTEX_POINT ( 'NONE', #798 ) ;
#623 = EDGE_LOOP ( 'NONE', ( #5753, #2458, #344, #4274 ) ) ;
#624 = EDGE_CURVE ( 'NONE', #9019, #5632, #7000, .T. ) ;
#625 = ADVANCED_FACE ( 'NONE', ( #4828 ), #7893, .F. ) ;
#626 = CARTESIAN_POINT ( 'NONE',  ( -40.60000000000000142, 0.1949295487797984561, -37.82579128151289893 ) ) ;
#627 = EDGE_CURVE ( 'NONE', #1930, #3031, #5479, .T. ) ;
#628 = CARTESIAN_POINT ( 'NONE',  ( -45.00000000000000711, 28.22552384371527623, -10.72462220366567287 ) ) ;
#629 = EDGE_CURVE ( 'NONE', #2139, #3578, #1626, .T. ) ;
#630 = DIRECTION ( 'NONE',  ( 1.000000000000000000, 0.000000000000000000, -0.000000000000000000 ) ) ;
#631 = CARTESIAN_POINT ( 'NONE',  ( -45.00000000000000711, 21.77447615628465272, 10.72462220366569063 ) ) ;
#632 = CARTESIAN_POINT ( 'NONE',  ( -45.00000000000000711, 18.88772481033651829, 5.724622203665682640 ) ) ;
#633 = CARTESIAN_POINT ( 'NONE',  ( 44.99999999999999289, 2.000000000000001776, -45.00000000000000000 ) ) ;
#634 = VERTEX_POINT ( 'NONE', #6633 ) ;
#635 = VERTEX_POINT ( 'NONE', #2868 ) ;
#636 = AXIS2_PLACEMENT_3D ( 'NONE', #1558, #126, #732 ) ;
#637 = EDGE_LOOP ( 'NONE', ( #8027, #8908, #6834, #7503 ) ) ;
#638 = FACE_OUTER_BOUND ( 'NONE', #8618, .T. ) ;
#639 = EDGE_CURVE ( 'NONE', #9784, #7722, #5072, .T. ) ;
#640 = CARTESIAN_POINT ( 'NONE',  ( 15.72462220366567465, 18.88772481033656092, 45.00000000000000000 ) ) ;
#641 = CARTESIAN_POINT ( 'NONE',  ( -45.00000000000000711, 22.11324865405186202, -4.999999999999992006 ) ) ;
#642 = AXIS2_PLACEMENT_3D ( 'NONE', #1704, #6142, #8563 ) ;
#643 = LINE ( 'NONE', #3811, #1194 ) ;
#644 = CARTESIAN_POINT ( 'NONE',  ( -40.60000000000000142, 4.999999999999990230, 5.724622203665672870 ) ) ;
#645 = VECTOR ( 'NONE', #5240, 1000.000000000000000 ) ;
#646 = VERTEX_POINT ( 'NONE', #4357 ) ;
#647 = LINE ( 'NONE', #9959, #1154 ) ;
#648 = ORIENTED_EDGE ( 'NONE', *, *, #4451, .F. ) ;
#649 = CARTESIAN_POINT ( 'NONE',  ( 40.59999999999997300, 18.88772481033652184, 15.72462220366567820 ) ) ;
#650 = AXIS2_PLACEMENT_3D ( 'NONE', #6110, #2978, #3841 ) ;
#651 = EDGE_CURVE ( 'NONE', #2893, #3893, #6000, .T. ) ;
#652 = DIRECTION ( 'NONE',  ( -7.709882115452476934E-17, 1.502314598737162976E-16, -1.000000000000000000 ) ) ;
#653 = ADVANCED_FACE ( 'NONE', ( #4309 ), #9832, .F. ) ;
#654 = DIRECTION ( 'NONE',  ( 0.000000000000000000, 0.5000000000000002220, 0.8660254037844384856 ) ) ;
#655 = DIRECTION ( 'NONE',  ( -3.854941057726239700E-17, 0.8660254037844385966, -0.5000000000000003331 ) ) ;
#656 = FACE_OUTER_BOUND ( 'NONE', #7085, .T. ) ;
#657 = CARTESIAN_POINT ( 'NONE',  ( 40.59999999999999432, 21.77447615628466338, 32.17386661099705236 ) ) ;
#658 = AXIS2_PLACEMENT_3D ( 'NONE', #4716, #3085, #8493 ) ;
#659 = AXIS2_PLACEMENT_3D ( 'NONE', #9798, #2873, #838 ) ;
#660 = VECTOR ( 'NONE', #2440, 1000.000000000000114 ) ;
#661 = ORIENTED_EDGE ( 'NONE', *, *, #7681, .F. ) ;
#662 = CARTESIAN_POINT ( 'NONE',  ( -45.00000000000000711, 13.11422211844027252, -15.72462220366567465 ) ) ;
#663 = VECTOR ( 'NONE', #1264, 1000.000000000000000 ) ;
#664 = ORIENTED_EDGE ( 'NONE', *, *, #1705, .T. ) ;
#665 = EDGE_LOOP ( 'NONE', ( #1436, #9313, #4492, #4783 ) ) ;
#666 = DIRECTION ( 'NONE',  ( 0.8660254037844383745, 0.5000000000000004441, 0.000000000000000000 ) ) ;
#667 = AXIS2_PLACEMENT_3D ( 'NONE', #7153, #7747, #6395 ) ;
#668 = CARTESIAN_POINT ( 'NONE',  ( 40.59999999999997300, 36.88577788155966175, 15.72462220366567820 ) ) ;
#669 = VECTOR ( 'NONE', #1125, 1000.000000000000000 ) ;
#670 = PLANE ( 'NONE',  #1981 ) ;
#671 = LINE ( 'NONE', #3879, #7871 ) ;
#672 = CARTESIAN_POINT ( 'NONE',  ( 26.44924440733135285, 22.11324865405187978, 45.00000000000000000 ) ) ;
#673 = EDGE_LOOP ( 'NONE', ( #2905, #1851, #3329, #6612 ) ) ;
#674 = LINE ( 'NONE', #6657, #6505 ) ;
#675 = VERTEX_POINT ( 'NONE', #621 ) ;
#676 = VECTOR ( 'NONE', #7286, 1000.000000000000000 ) ;
#677 = VECTOR ( 'NONE', #3610, 1000.000000000000000 ) ;
#678 = CARTESIAN_POINT ( 'NONE',  ( -45.00000000000000711, 36.88577788155966175, 37.17386661099704526 ) ) ;
#679 = CARTESIAN_POINT ( 'NONE',  ( -32.17386661099703105, 39.77252922750781750, 45.00000000000000000 ) ) ;
#680 = VECTOR ( 'NONE', #5800, 999.9999999999998863 ) ;
#681 = CARTESIAN_POINT ( 'NONE',  ( -45.00000000000000711, 21.77447615628465272, -10.72462220366566577 ) ) ;
#682 = DIRECTION ( 'NONE',  ( 0.000000000000000000, 1.000000000000000000, 1.502314598737162729E-16 ) ) ;
#683 = EDGE_CURVE ( 'NONE', #2925, #785, #5954, .T. ) ;
#684 = CARTESIAN_POINT ( 'NONE',  ( -45.00000000000000711, 28.22552384371527623, -10.72462220366567287 ) ) ;
#685 = DIRECTION ( 'NONE',  ( -0.4999999999999998890, 0.8660254037844387076, 0.000000000000000000 ) ) ;
#686 = EDGE_CURVE ( 'NONE', #1397, #1520, #2164, .T. ) ;
#687 = EDGE_LOOP ( 'NONE', ( #3702, #8212, #2525, #9681, #4482, #4178 ) ) ;
#688 = EDGE_LOOP ( 'NONE', ( #5854, #4525, #8841, #8873 ) ) ;
#689 = VECTOR ( 'NONE', #3555, 1000.000000000000114 ) ;
#690 = VERTEX_POINT ( 'NONE', #7386 ) ;
#691 = EDGE_CURVE ( 'NONE', #3396, #401, #3587, .T. ) ;
#692 = CARTESIAN_POINT ( 'NONE',  ( -40.60000000000000142, 13.11422211844026720, 15.72462220366568175 ) ) ;
#693 = CARTESIAN_POINT ( 'NONE',  ( 16.44924440733135640, 22.11324865405187268, -45.00000000000000000 ) ) ;
#694 = EDGE_CURVE ( 'NONE', #2383, #7313, #1219, .T. ) ;
#695 = CARTESIAN_POINT ( 'NONE',  ( 37.17386661099703105, 18.88772481033655382, -40.59999999999999432 ) ) ;
#696 = VECTOR ( 'NONE', #731, 1000.000000000000114 ) ;
#697 = CARTESIAN_POINT ( 'NONE',  ( 45.00000000000000711, 10.22747077249213810, -10.72462220366567998 ) ) ;
#698 = LINE ( 'NONE', #2232, #1810 ) ;
#699 = EDGE_CURVE ( 'NONE', #6558, #3105, #7530, .T. ) ;
#700 = EDGE_CURVE ( 'NONE', #6137, #4950, #9685, .T. ) ;
#701 = EDGE_LOOP ( 'NONE', ( #7268, #7894, #133, #8599 ) ) ;
#702 = LINE ( 'NONE', #6705, #4871 ) ;
#703 = ORIENTED_EDGE ( 'NONE', *, *, #6747, .T. ) ;
#704 = ORIENTED_EDGE ( 'NONE', *, *, #4136, .T. ) ;
#705 = DIRECTION ( 'NONE',  ( -3.854941057726242781E-17, -0.8660254037844383745, -0.5000000000000006661 ) ) ;
#706 = VECTOR ( 'NONE', #1269, 1000.000000000000000 ) ;
#707 = DIRECTION ( 'NONE',  ( 0.000000000000000000, 0.5000000000000007772, -0.8660254037844382635 ) ) ;
#708 = DIRECTION ( 'NONE',  ( 7.709882115452476934E-17, -3.004629197474320528E-16, 1.000000000000000000 ) ) ;
#709 = CARTESIAN_POINT ( 'NONE',  ( 40.59999999999997300, 18.88772481033651829, -15.72462220366567820 ) ) ;
#710 = PLANE ( 'NONE',  #9403 ) ;
#711 = VECTOR ( 'NONE', #3992, 1000.000000000000000 ) ;
#712 = VERTEX_POINT ( 'NONE', #3640 ) ;
#713 = PLANE ( 'NONE',  #7341 ) ;
#714 = VECTOR ( 'NONE', #4331, 1000.000000000000000 ) ;
#715 = EDGE_LOOP ( 'NONE', ( #6375, #9929, #4340, #2391 ) ) ;
#716 = CARTESIAN_POINT ( 'NONE',  ( 40.59999999999997300, 31.11227518966340355, -5.724622203665678200 ) ) ;
#717 = ORIENTED_EDGE ( 'NONE', *, *, #4865, .F. ) ;
#718 = VERTEX_POINT ( 'NONE', #8188 ) ;
#719 = DIRECTION ( 'NONE',  ( 0.5000000000000004441, -0.8660254037844384856, 0.000000000000000000 ) ) ;
#720 = VECTOR ( 'NONE', #7925, 1000.000000000000000 ) ;
#721 = EDGE_CURVE ( 'NONE', #5260, #1081, #2768, .T. ) ;
#722 = CARTESIAN_POINT ( 'NONE',  ( 40.59999999999999432, 30.51727517685503699, -25.86759430765695456 ) ) ;
#723 = CARTESIAN_POINT ( 'NONE',  ( 42.99999999999999289, 2.000000000000001776, -45.00000000000000000 ) ) ;
#724 = DIRECTION ( 'NONE',  ( 1.000000000000000000, -0.000000000000000000, -7.709882115452476934E-17 ) ) ;
#725 = CARTESIAN_POINT ( 'NONE',  ( -45.00000000000000711, 30.77350269189622267, -21.44924440733134219 ) ) ;
#726 = EDGE_CURVE ( 'NONE', #3838, #4432, #1969, .T. ) ;
#727 = EDGE_CURVE ( 'NONE', #7811, #8757, #1360, .T. ) ;
#728 = EDGE_LOOP ( 'NONE', ( #7492, #2889, #2295 ) ) ;
#729 = ORIENTED_EDGE ( 'NONE', *, *, #4109, .F. ) ;
#730 = AXIS2_PLACEMENT_3D ( 'NONE', #9829, #1215, #7383 ) ;
#731 = DIRECTION ( 'NONE',  ( 0.8660254037844383745, 0.5000000000000004441, 0.000000000000000000 ) ) ;
#732 = DIRECTION ( 'NONE',  ( 0.000000000000000000, 0.5000000000000005551, -0.8660254037844382635 ) ) ;
#733 = PLANE ( 'NONE',  #5522 ) ;
#734 = FACE_BOUND ( 'NONE', #9828, .T. ) ;
#735 = DIRECTION ( 'NONE',  ( 0.000000000000000000, -0.4999999999999998335, -0.8660254037844387076 ) ) ;
#736 = LINE ( 'NONE', #6931, #8291 ) ;
#737 = EDGE_CURVE ( 'NONE', #474, #8951, #1265, .T. ) ;
#738 = CARTESIAN_POINT ( 'NONE',  ( -5.724622203665678200, 18.88772481033655382, -45.00000000000000000 ) ) ;
#739 = ORIENTED_EDGE ( 'NONE', *, *, #9577, .T. ) ;
#740 = ORIENTED_EDGE ( 'NONE', *, *, #6796, .T. ) ;
#741 = EDGE_LOOP ( 'NONE', ( #3497, #9961, #8411, #1322 ) ) ;
#742 = ORIENTED_EDGE ( 'NONE', *, *, #8546, .F. ) ;
#743 = LINE ( 'NONE', #4659, #6536 ) ;
#744 = EDGE_CURVE ( 'NONE', #6140, #5890, #9791, .T. ) ;
#745 = LINE ( 'NONE', #5372, #4735 ) ;
#746 = LINE ( 'NONE', #9346, #7374 ) ;
#747 = CARTESIAN_POINT ( 'NONE',  ( -45.00000000000000711, 36.88577788155966175, 15.72462220366568530 ) ) ;
#748 = DIRECTION ( 'NONE',  ( 0.000000000000000000, -0.5000000000000006661, 0.8660254037844381525 ) ) ;
#749 = ORIENTED_EDGE ( 'NONE', *, *, #6369, .T. ) ;
#750 = DIRECTION ( 'NONE',  ( 0.000000000000000000, -1.000000000000000000, -3.004629197474320035E-16 ) ) ;
#751 = VERTEX_POINT ( 'NONE', #2820 ) ;
#752 = ORIENTED_EDGE ( 'NONE', *, *, #3966, .F. ) ;
#753 = CARTESIAN_POINT ( 'NONE',  ( -37.17386661099703105, 13.11422211844029739, 45.00000000000000000 ) ) ;
#754 = EDGE_CURVE ( 'NONE', #1566, #343, #5912, .T. ) ;
#755 = ADVANCED_FACE ( 'NONE', ( #4457 ), #538, .F. ) ;
#756 = DIRECTION ( 'NONE',  ( 0.000000000000000000, -0.4999999999999998335, -0.8660254037844387076 ) ) ;
#757 = EDGE_CURVE ( 'NONE', #7405, #10018, #3836, .T. ) ;
#758 = LINE ( 'NONE', #805, #6659 ) ;
#759 = CARTESIAN_POINT ( 'NONE',  ( -45.00000000000000711, 27.88675134594810956, -4.999999999999991118 ) ) ;
#760 = CARTESIAN_POINT ( 'NONE',  ( 21.44924440733135640, 19.22649730810374891, 45.00000000000000000 ) ) ;
#761 = DIRECTION ( 'NONE',  ( 0.000000000000000000, -1.000000000000000000, 0.000000000000000000 ) ) ;
#762 = EDGE_CURVE ( 'NONE', #5443, #8928, #6921, .T. ) ;
#763 = VERTEX_POINT ( 'NONE', #9272 ) ;
#764 = FACE_OUTER_BOUND ( 'NONE', #9395, .T. ) ;
#765 = VERTEX_POINT ( 'NONE', #9982 ) ;
#766 = DIRECTION ( 'NONE',  ( -3.854941057726239700E-17, 0.8660254037844385966, -0.5000000000000003331 ) ) ;
#767 = EDGE_LOOP ( 'NONE', ( #3019, #5226, #2561, #9093 ) ) ;
#768 = ORIENTED_EDGE ( 'NONE', *, *, #9868, .T. ) ;
#769 = PLANE ( 'NONE',  #852 ) ;
#770 = LINE ( 'NONE', #6964, #3894 ) ;
#771 = CARTESIAN_POINT ( 'NONE',  ( 40.59999999999997300, 27.88675134594808824, -26.44924440733135640 ) ) ;
#772 = ADVANCED_FACE ( 'NONE', ( #8468 ), #4749, .F. ) ;
#773 = DIRECTION ( 'NONE',  ( 0.4999999999999998890, 0.8660254037844387076, 0.000000000000000000 ) ) ;
#774 = FACE_OUTER_BOUND ( 'NONE', #289, .T. ) ;
#775 = FACE_OUTER_BOUND ( 'NONE', #6656, .T. ) ;
#776 = ORIENTED_EDGE ( 'NONE', *, *, #4815, .F. ) ;
#777 = EDGE_LOOP ( 'NONE', ( #7860, #1031, #5320, #8417, #9379, #2245 ) ) ;
#778 = EDGE_CURVE ( 'NONE', #2664, #3183, #7762, .T. ) ;
#779 = EDGE_CURVE ( 'NONE', #2604, #7446, #3937, .T. ) ;
#780 = CARTESIAN_POINT ( 'NONE',  ( -4.999999999999999112, 27.88675134594812377, -45.00000000000000000 ) ) ;
#781 = DIRECTION ( 'NONE',  ( 0.000000000000000000, -1.000000000000000000, -3.004629197474320528E-16 ) ) ;
#782 = CARTESIAN_POINT ( 'NONE',  ( 32.17386661099703105, 21.77447615628468824, 45.00000000000000000 ) ) ;
#783 = DIRECTION ( 'NONE',  ( 1.000000000000000000, 0.000000000000000000, 0.000000000000000000 ) ) ;
#784 = DIRECTION ( 'NONE',  ( 0.000000000000000000, 1.000000000000000000, 0.000000000000000000 ) ) ;
#785 = VERTEX_POINT ( 'NONE', #6256 ) ;
#786 = ORIENTED_EDGE ( 'NONE', *, *, #3876, .F. ) ;
#787 = ORIENTED_EDGE ( 'NONE', *, *, #4000, .F. ) ;
#788 = ORIENTED_EDGE ( 'NONE', *, *, #4833, .T. ) ;
#789 = LINE ( 'NONE', #6991, #4113 ) ;
#790 = PLANE ( 'NONE',  #412 ) ;
#791 = FACE_OUTER_BOUND ( 'NONE', #5148, .T. ) ;
#792 = CARTESIAN_POINT ( 'NONE',  ( -45.00000000000000711, 36.88577788155965465, 27.17386661099704170 ) ) ;
#793 = DIRECTION ( 'NONE',  ( 1.000000000000000000, -0.000000000000000000, -7.709882115452476934E-17 ) ) ;
#794 = LINE ( 'NONE', #6897, #9891 ) ;
#795 = LINE ( 'NONE', #43, #9064 ) ;
#796 = ADVANCED_FACE ( 'NONE', ( #6966 ), #1553, .F. ) ;
#797 = VERTEX_POINT ( 'NONE', #1446 ) ;
#798 = CARTESIAN_POINT ( 'NONE',  ( -21.44924440733135640, 19.22649730810374180, 40.59999999999996589 ) ) ;
#799 = EDGE_LOOP ( 'NONE', ( #7813, #1995, #7650, #9616 ) ) ;
#800 = EDGE_CURVE ( 'NONE', #8784, #4819, #671, .T. ) ;
#801 = VERTEX_POINT ( 'NONE', #2212 ) ;
#802 = DIRECTION ( 'NONE',  ( -0.8660254037844387076, -0.4999999999999998890, 0.000000000000000000 ) ) ;
#803 = DIRECTION ( 'NONE',  ( -0.8660254037844387076, 0.4999999999999998890, 0.000000000000000000 ) ) ;
#804 = AXIS2_PLACEMENT_3D ( 'NONE', #7052, #4669, #9303 ) ;
#805 = CARTESIAN_POINT ( 'NONE',  ( -45.00000000000000711, 27.88675134594810956, -4.999999999999991118 ) ) ;
#806 = CARTESIAN_POINT ( 'NONE',  ( -10.72462220366567820, 39.77252922750781750, -45.00000000000000000 ) ) ;
#807 = CARTESIAN_POINT ( 'NONE',  ( 15.72462220366567465, 4.999999999999997335, 40.59999999999999432 ) ) ;
#808 = CARTESIAN_POINT ( 'NONE',  ( 40.59999999999999432, 13.93223433193706207, -45.75702789600867959 ) ) ;
#809 = ADVANCED_FACE ( 'NONE', ( #2968 ), #9938, .F. ) ;
#810 = ORIENTED_EDGE ( 'NONE', *, *, #138, .T. ) ;
#811 = DIRECTION ( 'NONE',  ( 0.000000000000000000, 1.000000000000000000, 1.502314598737162976E-16 ) ) ;
#812 = EDGE_CURVE ( 'NONE', #9440, #6807, #4643, .T. ) ;
#813 = ORIENTED_EDGE ( 'NONE', *, *, #8336, .T. ) ;
#814 = CARTESIAN_POINT ( 'NONE',  ( -40.60000000000000142, 18.88772481033652184, 15.72462220366568530 ) ) ;
#815 = EDGE_CURVE ( 'NONE', #594, #2604, #7025, .T. ) ;
#816 = VERTEX_POINT ( 'NONE', #8374 ) ;
#817 = VECTOR ( 'NONE', #9866, 1000.000000000000000 ) ;
#818 = EDGE_LOOP ( 'NONE', ( #9080, #1902, #3955, #2760 ) ) ;
#819 = CARTESIAN_POINT ( 'NONE',  ( 21.44924440733135640, 19.22649730810374891, -45.00000000000000000 ) ) ;
#820 = EDGE_CURVE ( 'NONE', #9804, #6074, #4690, .T. ) ;
#821 = DIRECTION ( 'NONE',  ( 0.000000000000000000, 0.5000000000000007772, -0.8660254037844382635 ) ) ;
#822 = VECTOR ( 'NONE', #6557, 1000.000000000000000 ) ;
#823 = DIRECTION ( 'NONE',  ( -2.312964634635743450E-16, 0.000000000000000000, -1.000000000000000000 ) ) ;
#824 = VECTOR ( 'NONE', #3493, 1000.000000000000000 ) ;
#825 = VECTOR ( 'NONE', #4075, 1000.000000000000000 ) ;
#826 = VECTOR ( 'NONE', #7180, 1000.000000000000000 ) ;
#827 = CARTESIAN_POINT ( 'NONE',  ( -45.00000000000000711, 18.88772481033651829, -37.17386661099702394 ) ) ;
#828 = CARTESIAN_POINT ( 'NONE',  ( 45.00000000000000711, 30.77350269189622267, 21.44924440733136350 ) ) ;
#829 = ADVANCED_FACE ( 'NONE', ( #3169 ), #9324, .F. ) ;
#830 = ORIENTED_EDGE ( 'NONE', *, *, #2773, .T. ) ;
#831 = ORIENTED_EDGE ( 'NONE', *, *, #974, .F. ) ;
#832 = ORIENTED_EDGE ( 'NONE', *, *, #533, .F. ) ;
#833 = EDGE_CURVE ( 'NONE', #5242, #1983, #7669, .T. ) ;
#834 = EDGE_CURVE ( 'NONE', #574, #401, #4541, .T. ) ;
#835 = VECTOR ( 'NONE', #4989, 1000.000000000000114 ) ;
#836 = VECTOR ( 'NONE', #2530, 1000.000000000000000 ) ;
#837 = VECTOR ( 'NONE', #7955, 1000.000000000000000 ) ;
#838 = DIRECTION ( 'NONE',  ( 0.000000000000000000, 0.000000000000000000, -1.000000000000000000 ) ) ;
#839 = LINE ( 'NONE', #7772, #3324 ) ;
#840 = DIRECTION ( 'NONE',  ( 0.4999999999999998890, 0.8660254037844387076, 0.000000000000000000 ) ) ;
#841 = FACE_OUTER_BOUND ( 'NONE', #6219, .T. ) ;
#842 = CARTESIAN_POINT ( 'NONE',  ( -40.60000000000000142, 45.00000000000000000, 40.59999999999999432 ) ) ;
#843 = VECTOR ( 'NONE', #4110, 1000.000000000000000 ) ;
#844 = LINE ( 'NONE', #6268, #6006 ) ;
#845 = EDGE_LOOP ( 'NONE', ( #2881, #3226, #3767, #5840 ) ) ;
#846 = VECTOR ( 'NONE', #1622, 1000.000000000000000 ) ;
#847 = VERTEX_POINT ( 'NONE', #9170 ) ;
#848 = EDGE_CURVE ( 'NONE', #1212, #2539, #2254, .T. ) ;
#849 = ORIENTED_EDGE ( 'NONE', *, *, #4923, .F. ) ;
#850 = ORIENTED_EDGE ( 'NONE', *, *, #7878, .F. ) ;
#851 = DIRECTION ( 'NONE',  ( 0.8660254037844388186, -0.4999999999999997224, 0.000000000000000000 ) ) ;
#852 = AXIS2_PLACEMENT_3D ( 'NONE', #880, #3014, #1492 ) ;
#853 = DIRECTION ( 'NONE',  ( -0.000000000000000000, -0.000000000000000000, 1.000000000000000000 ) ) ;
#854 = VECTOR ( 'NONE', #268, 1000.000000000000000 ) ;
#855 = DIRECTION ( 'NONE',  ( 1.000000000000000000, -0.000000000000000000, -7.709882115452476934E-17 ) ) ;
#856 = CARTESIAN_POINT ( 'NONE',  ( -10.72462220366567820, 10.22747077249217362, -45.00000000000000000 ) ) ;
#857 = CARTESIAN_POINT ( 'NONE',  ( -45.00000000000000711, 19.22649730810370627, -21.44924440733134929 ) ) ;
#858 = LINE ( 'NONE', #5476, #7938 ) ;
#859 = AXIS2_PLACEMENT_3D ( 'NONE', #1933, #4328, #1324 ) ;
#860 = ADVANCED_FACE ( 'NONE', ( #8416 ), #1497, .F. ) ;
#861 = ORIENTED_EDGE ( 'NONE', *, *, #4563, .T. ) ;
#862 = CARTESIAN_POINT ( 'NONE',  ( -37.17386661099703105, 31.11227518966343553, -40.59999999999999432 ) ) ;
#863 = ORIENTED_EDGE ( 'NONE', *, *, #1144, .T. ) ;
#864 = ORIENTED_EDGE ( 'NONE', *, *, #7411, .T. ) ;
#865 = CARTESIAN_POINT ( 'NONE',  ( -16.01985373650842703, 1.999999999999988010, 32.28330970379901999 ) ) ;
#866 = FACE_BOUND ( 'NONE', #2026, .T. ) ;
#867 = VECTOR ( 'NONE', #2109, 1000.000000000000000 ) ;
#868 = LINE ( 'NONE', #2434, #7770 ) ;
#869 = CARTESIAN_POINT ( 'NONE',  ( -36.24794293601156170, -2.537983952267031551, 40.59999999999999432 ) ) ;
#870 = DIRECTION ( 'NONE',  ( 1.000000000000000000, -0.000000000000000000, -7.709882115452476934E-17 ) ) ;
#871 = LINE ( 'NONE', #8610, #1826 ) ;
#872 = EDGE_LOOP ( 'NONE', ( #6205, #5904, #1765, #7070 ) ) ;
#873 = DIRECTION ( 'NONE',  ( -0.000000000000000000, -0.000000000000000000, 1.000000000000000000 ) ) ;
#874 = ADVANCED_FACE ( 'NONE', ( #4375 ), #1240, .F. ) ;
#875 = EDGE_LOOP ( 'NONE', ( #5289, #374, #6635, #2688 ) ) ;
#876 = PLANE ( 'NONE',  #9384 ) ;
#877 = AXIS2_PLACEMENT_3D ( 'NONE', #1613, #8528, #9949 ) ;
#878 = ORIENTED_EDGE ( 'NONE', *, *, #8519, .F. ) ;
#879 = ORIENTED_EDGE ( 'NONE', *, *, #3427, .T. ) ;
#880 = CARTESIAN_POINT ( 'NONE',  ( -15.72462220366567465, 36.88577788155969728, -45.00000000000000000 ) ) ;
#881 = EDGE_CURVE ( 'NONE', #5610, #4415, #6306, .T. ) ;
#882 = CARTESIAN_POINT ( 'NONE',  ( -45.00000000000000711, 27.88675134594809180, -16.44924440733134574 ) ) ;
#883 = VECTOR ( 'NONE', #4422, 1000.000000000000000 ) ;
#884 = EDGE_CURVE ( 'NONE', #4063, #1806, #8625, .T. ) ;
#885 = FACE_OUTER_BOUND ( 'NONE', #6287, .T. ) ;
#886 = CARTESIAN_POINT ( 'NONE',  ( -45.00000000000000711, 31.11227518966341066, -37.17386661099701683 ) ) ;
#887 = DIRECTION ( 'NONE',  ( 1.000000000000000000, -0.000000000000000000, -7.709882115452476934E-17 ) ) ;
#888 = ORIENTED_EDGE ( 'NONE', *, *, #8482, .T. ) ;
#889 = ORIENTED_EDGE ( 'NONE', *, *, #5607, .F. ) ;
#890 = EDGE_LOOP ( 'NONE', ( #345, #6149, #2655, #5417 ) ) ;
#891 = VECTOR ( 'NONE', #7822, 1000.000000000000000 ) ;
#892 = VECTOR ( 'NONE', #7083, 1000.000000000000114 ) ;
#893 = EDGE_CURVE ( 'NONE', #614, #3373, #4942, .T. ) ;
#894 = DIRECTION ( 'NONE',  ( -3.854941057726239700E-17, 0.8660254037844385966, -0.5000000000000003331 ) ) ;
#895 = ADVANCED_FACE ( 'NONE', ( #3217 ), #8008, .F. ) ;
#896 = EDGE_CURVE ( 'NONE', #797, #1846, #6608, .T. ) ;
#897 = LINE ( 'NONE', #2521, #5371 ) ;
#898 = DIRECTION ( 'NONE',  ( 0.000000000000000000, -0.4999999999999998335, -0.8660254037844387076 ) ) ;
#899 = CARTESIAN_POINT ( 'NONE',  ( -40.60000000000000142, 31.11227518966341066, -15.72462220366567465 ) ) ;
#900 = VECTOR ( 'NONE', #5857, 1000.000000000000227 ) ;
#901 = EDGE_CURVE ( 'NONE', #2736, #3701, #4222, .T. ) ;
#902 = VERTEX_POINT ( 'NONE', #2456 ) ;
#903 = DIRECTION ( 'NONE',  ( 1.000000000000000000, 0.000000000000000000, -0.000000000000000000 ) ) ;
#904 = VERTEX_POINT ( 'NONE', #4991 ) ;
#905 = EDGE_LOOP ( 'NONE', ( #7328, #1970, #8696, #8485, #3029, #114 ) ) ;
#906 = ORIENTED_EDGE ( 'NONE', *, *, #456, .F. ) ;
#907 = EDGE_CURVE ( 'NONE', #9794, #5812, #7362, .T. ) ;
#908 = PLANE ( 'NONE',  #8297 ) ;
#909 = DIRECTION ( 'NONE',  ( 7.709882115452476934E-17, -3.004629197474320528E-16, 1.000000000000000000 ) ) ;
#910 = DIRECTION ( 'NONE',  ( 0.000000000000000000, -0.5000000000000006661, 0.8660254037844382635 ) ) ;
#911 = FACE_OUTER_BOUND ( 'NONE', #8305, .T. ) ;
#912 = CARTESIAN_POINT ( 'NONE',  ( -45.00000000000000711, 39.77252922750778907, 10.72462220366569063 ) ) ;
#913 = ORIENTED_EDGE ( 'NONE', *, *, #2700, .F. ) ;
#914 = CARTESIAN_POINT ( 'NONE',  ( 40.59999999999997300, 31.11227518966341066, 5.724622203665674647 ) ) ;
#915 = ORIENTED_EDGE ( 'NONE', *, *, #2418, .T. ) ;
#916 = EDGE_CURVE ( 'NONE', #4964, #2321, #5099, .T. ) ;
#917 = EDGE_LOOP ( 'NONE', ( #4031, #8630, #8225, #4008 ) ) ;
#918 = DIRECTION ( 'NONE',  ( -0.8660254037844387076, -0.4999999999999998890, 0.000000000000000000 ) ) ;
#919 = LINE ( 'NONE', #1783, #8634 ) ;
#920 = EDGE_CURVE ( 'NONE', #5028, #6137, #2742, .T. ) ;
#921 = LINE ( 'NONE', #7202, #328 ) ;
#922 = FACE_OUTER_BOUND ( 'NONE', #1671, .T. ) ;
#923 = CARTESIAN_POINT ( 'NONE',  ( 43.00000000000000711, 2.000000000000001776, 45.00000000000000000 ) ) ;
#924 = CARTESIAN_POINT ( 'NONE',  ( -40.60000000000000142, 4.999999999999986677, 27.17386661099704881 ) ) ;
#925 = ORIENTED_EDGE ( 'NONE', *, *, #5011, .T. ) ;
#926 = CARTESIAN_POINT ( 'NONE',  ( 40.59999999999999432, -13.93115149115831386, -29.67009459051015696 ) ) ;
#927 = ORIENTED_EDGE ( 'NONE', *, *, #2432, .F. ) ;
#928 = LINE ( 'NONE', #7111, #1201 ) ;
#929 = ORIENTED_EDGE ( 'NONE', *, *, #6925, .T. ) ;
#930 = ORIENTED_EDGE ( 'NONE', *, *, #2136, .F. ) ;
#931 = CARTESIAN_POINT ( 'NONE',  ( 15.72462220366567465, 36.88577788155969728, -45.00000000000000000 ) ) ;
#932 = DIRECTION ( 'NONE',  ( 3.854941057726236618E-17, -0.8660254037844387076, 0.4999999999999998335 ) ) ;
#933 = CARTESIAN_POINT ( 'NONE',  ( -45.00000000000000711, 45.00000000000000000, -45.00000000000000000 ) ) ;
#934 = CARTESIAN_POINT ( 'NONE',  ( -15.72462220366565511, 5.000000000000012434, 40.59999999999999432 ) ) ;
#935 = DIRECTION ( 'NONE',  ( -0.4999999999999997780, -0.8660254037844388186, 0.000000000000000000 ) ) ;
#936 = ORIENTED_EDGE ( 'NONE', *, *, #7805, .T. ) ;
#937 = ORIENTED_EDGE ( 'NONE', *, *, #1895, .T. ) ;
#938 = EDGE_LOOP ( 'NONE', ( #7926, #1145, #8497, #8871 ) ) ;
#939 = CARTESIAN_POINT ( 'NONE',  ( 45.00000000000000711, 13.11422211844027252, 37.17386661099703815 ) ) ;
#940 = LINE ( 'NONE', #7773, #9696 ) ;
#941 = CARTESIAN_POINT ( 'NONE',  ( 44.99999999999999289, 45.00000000000000000, -45.00000000000000000 ) ) ;
#942 = VERTEX_POINT ( 'NONE', #458 ) ;
#943 = PLANE ( 'NONE',  #1223 ) ;
#944 = ORIENTED_EDGE ( 'NONE', *, *, #9344, .T. ) ;
#945 = EDGE_CURVE ( 'NONE', #3893, #4819, #1187, .T. ) ;
#946 = ORIENTED_EDGE ( 'NONE', *, *, #6942, .F. ) ;
#947 = VERTEX_POINT ( 'NONE', #2791 ) ;
#948 = CARTESIAN_POINT ( 'NONE',  ( 27.17386661099703460, 31.11227518966344263, 45.00000000000000000 ) ) ;
#949 = EDGE_CURVE ( 'NONE', #4327, #4004, #9377, .T. ) ;
#950 = CARTESIAN_POINT ( 'NONE',  ( -18.92743486032279066, 42.53798395226704088, 40.59999999999999432 ) ) ;
#951 = PLANE ( 'NONE',  #347 ) ;
#952 = LINE ( 'NONE', #6382, #2353 ) ;
#953 = CARTESIAN_POINT ( 'NONE',  ( -45.00000000000000711, 36.88577788155966175, 15.72462220366568530 ) ) ;
#954 = DIRECTION ( 'NONE',  ( 0.000000000000000000, 0.000000000000000000, -1.000000000000000000 ) ) ;
#955 = VERTEX_POINT ( 'NONE', #297 ) ;
#956 = DIRECTION ( 'NONE',  ( -3.854941057726239700E-17, 0.8660254037844385966, -0.5000000000000003331 ) ) ;
#957 = DIRECTION ( 'NONE',  ( 0.8660254037844383745, 0.5000000000000004441, 0.000000000000000000 ) ) ;
#958 = VERTEX_POINT ( 'NONE', #1126 ) ;
#959 = EDGE_CURVE ( 'NONE', #7892, #2441, #5559, .T. ) ;
#960 = ORIENTED_EDGE ( 'NONE', *, *, #8743, .F. ) ;
#961 = CARTESIAN_POINT ( 'NONE',  ( -45.00000000000000711, 13.11422211844027963, 27.17386661099704170 ) ) ;
#962 = DIRECTION ( 'NONE',  ( 0.000000000000000000, -1.000000000000000000, -3.004629197474320035E-16 ) ) ;
#963 = FACE_OUTER_BOUND ( 'NONE', #1118, .T. ) ;
#964 = DIRECTION ( 'NONE',  ( 6.009258394948640069E-16, -1.000000000000000000, 0.000000000000000000 ) ) ;
#965 = CARTESIAN_POINT ( 'NONE',  ( -27.17386661099703460, 4.999999999999997335, -40.59999999999999432 ) ) ;
#966 = CARTESIAN_POINT ( 'NONE',  ( -45.00000000000000711, 21.77447615628465982, 32.17386661099704526 ) ) ;
#967 = ORIENTED_EDGE ( 'NONE', *, *, #7578, .F. ) ;
#968 = DIRECTION ( 'NONE',  ( -0.000000000000000000, -0.000000000000000000, 1.000000000000000000 ) ) ;
#969 = ORIENTED_EDGE ( 'NONE', *, *, #8324, .T. ) ;
#970 = CARTESIAN_POINT ( 'NONE',  ( 16.44924440733135640, 27.88675134594812732, -45.00000000000000000 ) ) ;
#971 = ORIENTED_EDGE ( 'NONE', *, *, #1279, .F. ) ;
#972 = EDGE_CURVE ( 'NONE', #8498, #3457, #8958, .T. ) ;
#973 = ORIENTED_EDGE ( 'NONE', *, *, #4801, .T. ) ;
#974 = EDGE_CURVE ( 'NONE', #155, #5798, #3405, .T. ) ;
#975 = CARTESIAN_POINT ( 'NONE',  ( -12.40845790524379311, 4.999999999999997335, 5.317910530818769743 ) ) ;
#976 = AXIS2_PLACEMENT_3D ( 'NONE', #7913, #5757, #8065 ) ;
#977 = CARTESIAN_POINT ( 'NONE',  ( -40.60000000000000142, 45.00000000000000000, 40.59999999999999432 ) ) ;
#978 = AXIS2_PLACEMENT_3D ( 'NONE', #9916, #7505, #2234 ) ;
#979 = SURFACE_STYLE_FILL_AREA ( #2508 ) ;
#980 = CARTESIAN_POINT ( 'NONE',  ( 27.17386661099703460, 18.88772481033656092, 40.59999999999996589 ) ) ;
#981 = CIRCLE ( 'NONE', #4880, 2.000000000000001776 ) ;
#982 = CARTESIAN_POINT ( 'NONE',  ( -45.00000000000000000, 2.000000000000001776, 43.00000000000000000 ) ) ;
#983 = EDGE_LOOP ( 'NONE', ( #6815, #5076, #7638, #9446 ) ) ;
#984 = AXIS2_PLACEMENT_3D ( 'NONE', #293, #8051, #4882 ) ;
#985 = EDGE_LOOP ( 'NONE', ( #2014, #4607, #4560, #8925 ) ) ;
#986 = ORIENTED_EDGE ( 'NONE', *, *, #2999, .F. ) ;
#987 = VECTOR ( 'NONE', #7940, 1000.000000000000000 ) ;
#988 = CLOSED_SHELL ( 'NONE', ( #2374, #9963, #4119, #9331, #8019, #3174, #1924, #9033, #380, #325, #9362, #2516, #2936, #9661, #5835, #7483, #7754, #6253, #2884, #2821, #2693, #6579, #829, #625, #19, #8378, #7919, #7975, #5176, #9998, #3447, #3691, #2009, #146, #2585, #9277, #6211, #2506, #7456, #7689, #8020, #8391, #5674, #1366, #2923, #7420, #3693, #3726, #9908, #4876, #7542, #3108, #1251, #8737, #5657, #7086, #6308, #7946, #3002, #653, #8328, #568, #1186, #4875, #4011, #4925, #5154, #10014, #5354, #8621, #1714, #1459, #8148, #319, #1394, #4779, #7829, #4498, #5784, #9820, #6416, #4010, #8307, #2565, #2430, #5384, #2856, #8937, #9184, #4138, #1287, #6611, #2620, #7621, #6291, #9690, #482, #6119, #5170, #3522, #1325, #2633, #1759, #2610, #6602, #6654, #9350, #5737, #6177, #8055, #7491, #4751, #9800, #2569, #2454, #1578, #7113, #5803, #5984, #1169, #3151, #9222, #4781, #5528, #10020, #8263, #3797, #125, #7834, #1504, #8132, #895, #7600, #2276, #2486, #3454, #1452, #5488, #4352, #6360, #8068, #5701, #6531, #6029, #3390, #4206, #3238, #4936, #2753, #9593, #5085, #7579, #4068, #398, #4552, #3246, #7237, #4315, #6288, #3234, #2077, #2257, #129, #6016, #7179, #5050, #7342, #6926, #6774, #3366, #7845, #8979, #3052, #5907, #6548, #755, #7023, #5295, #3570, #5249, #5003, #430, #772, #3367, #6580, #5470, #2875, #860, #874, #9754, #7887, #7281, #7392, #1601, #1443, #796, #5723, #4740, #1562, #527, #87, #4007, #5718, #3211, #2340, #6417, #4059, #3322, #6475, #507, #3813, #2313, #148, #8347, #5992, #7457, #1878, #3135, #2701, #2031, #5321, #3681, #3750, #4312, #3426, #4398, #8882, #8701, #3940, #7139, #8228, #7520, #5063, #9672, #3612, #8160, #5405, #8371, #2971, #809, #3074, #5017, #8083, #9159, #2709, #6844, #1519, #3824, #8545, #6887, #4502, #9110, #5930, #2195, #3569, #6904, #5397, #4329, #2208, #2100, #6490, #9792, #7262, #8156, #4177, #4322, #91, #2310, #6266, #3023, #8007, #4039, #9857, #7345, #3857, #3197, #9575, #1003, #4679, #7031, #7215, #9149, #9471, #6033, #8501, #2041, #3636, #7196, #9907, #1151, #4538, #8804, #8157, #5477, #8562, #170, #4233, #8451, #5120, #1157, #4687, #6083, #6175 ) ) ;
#989 = LINE ( 'NONE', #4096, #9855 ) ;
#990 = DIRECTION ( 'NONE',  ( -0.4999999999999998890, 0.8660254037844387076, 0.000000000000000000 ) ) ;
#991 = DIRECTION ( 'NONE',  ( -0.8660254037844387076, -0.4999999999999998890, 0.000000000000000000 ) ) ;
#992 = FACE_OUTER_BOUND ( 'NONE', #3298, .T. ) ;
#993 = ORIENTED_EDGE ( 'NONE', *, *, #812, .F. ) ;
#994 = ORIENTED_EDGE ( 'NONE', *, *, #7878, .T. ) ;
#995 = AXIS2_PLACEMENT_3D ( 'NONE', #693, #5324, #9044 ) ;
#996 = VERTEX_POINT ( 'NONE', #2649 ) ;
#997 = AXIS2_PLACEMENT_3D ( 'NONE', #537, #7073, #4689 ) ;
#998 = ORIENTED_EDGE ( 'NONE', *, *, #4966, .T. ) ;
#999 = CARTESIAN_POINT ( 'NONE',  ( 45.00000000000000711, 28.22552384371527623, 10.72462220366567642 ) ) ;
#1000 = PLANE ( 'NONE',  #511 ) ;
#1001 = EDGE_CURVE ( 'NONE', #88, #3274, #356, .T. ) ;
#1002 = AXIS2_PLACEMENT_3D ( 'NONE', #238, #6428, #8041 ) ;
#1003 = ADVANCED_FACE ( 'NONE', ( #2697 ), #8851, .F. ) ;
#1004 = VECTOR ( 'NONE', #8176, 1000.000000000000000 ) ;
#1005 = CARTESIAN_POINT ( 'NONE',  ( -45.00000000000000711, 27.88675134594811311, 5.000000000000011546 ) ) ;
#1006 = EDGE_CURVE ( 'NONE', #8169, #2893, #2277, .T. ) ;
#1007 = CARTESIAN_POINT ( 'NONE',  ( -45.00000000000000000, 45.00000000000000000, 43.00000000000000000 ) ) ;
#1008 = CARTESIAN_POINT ( 'NONE',  ( 10.72462220366567820, 21.77447615628468824, 45.00000000000000000 ) ) ;
#1009 = VERTEX_POINT ( 'NONE', #5237 ) ;
#1010 = ORIENTED_EDGE ( 'NONE', *, *, #8345, .F. ) ;
#1011 = VERTEX_POINT ( 'NONE', #2135 ) ;
#1012 = VECTOR ( 'NONE', #3463, 1000.000000000000000 ) ;
#1013 = ORIENTED_EDGE ( 'NONE', *, *, #3627, .T. ) ;
#1014 = VECTOR ( 'NONE', #2780, 1000.000000000000000 ) ;
#1015 = DIRECTION ( 'NONE',  ( 0.000000000000000000, 1.000000000000000000, 0.000000000000000000 ) ) ;
#1016 = CARTESIAN_POINT ( 'NONE',  ( -21.44924440733135640, 30.77350269189625109, -45.00000000000000000 ) ) ;
#1017 = EDGE_CURVE ( 'NONE', #2539, #9687, #7646, .T. ) ;
#1018 = VECTOR ( 'NONE', #5265, 1000.000000000000114 ) ;
#1019 = DIRECTION ( 'NONE',  ( -7.709882115452476934E-17, 1.502314598737162976E-16, -1.000000000000000000 ) ) ;
#1020 = LINE ( 'NONE', #5637, #5544 ) ;
#1021 = CARTESIAN_POINT ( 'NONE',  ( -15.72462220366567465, 13.11422211844029739, -40.59999999999999432 ) ) ;
#1022 = AXIS2_PLACEMENT_3D ( 'NONE', #1430, #705, #7005 ) ;
#1023 = EDGE_CURVE ( 'NONE', #1353, #6270, #4570, .T. ) ;
#1024 = EDGE_CURVE ( 'NONE', #1816, #4116, #557, .T. ) ;
#1025 = CARTESIAN_POINT ( 'NONE',  ( 26.44924440733135285, 27.88675134594812732, 45.00000000000000000 ) ) ;
#1026 = ORIENTED_EDGE ( 'NONE', *, *, #6725, .F. ) ;
#1027 = FACE_OUTER_BOUND ( 'NONE', #6073, .T. ) ;
#1028 = VERTEX_POINT ( 'NONE', #6749 ) ;
#1029 = LINE ( 'NONE', #2500, #553 ) ;
#1030 = CARTESIAN_POINT ( 'NONE',  ( -40.60000000000000142, 4.999999999999986677, -5.724622203665672870 ) ) ;
#1031 = ORIENTED_EDGE ( 'NONE', *, *, #9123, .F. ) ;
#1032 = VERTEX_POINT ( 'NONE', #9104 ) ;
#1033 = CARTESIAN_POINT ( 'NONE',  ( 16.44924440733135640, 27.88675134594812732, -45.00000000000000000 ) ) ;
#1034 = VECTOR ( 'NONE', #7639, 1000.000000000000227 ) ;
#1035 = DIRECTION ( 'NONE',  ( -0.000000000000000000, -0.000000000000000000, 1.000000000000000000 ) ) ;
#1036 = EDGE_CURVE ( 'NONE', #484, #6183, #8443, .T. ) ;
#1037 = LINE ( 'NONE', #5702, #6319 ) ;
#1038 = CARTESIAN_POINT ( 'NONE',  ( -40.60000000000000142, 13.11422211844026720, -5.724622203665671094 ) ) ;
#1039 = FACE_OUTER_BOUND ( 'NONE', #1473, .T. ) ;
#1040 = CARTESIAN_POINT ( 'NONE',  ( 10.72462220366567820, 39.77252922750782460, 45.00000000000000000 ) ) ;
#1041 = ORIENTED_EDGE ( 'NONE', *, *, #7525, .F. ) ;
#1042 = LINE ( 'NONE', #1913, #2965 ) ;
#1043 = AXIS2_PLACEMENT_3D ( 'NONE', #8064, #8670, #7216 ) ;
#1044 = VERTEX_POINT ( 'NONE', #3611 ) ;
#1045 = ORIENTED_EDGE ( 'NONE', *, *, #4109, .T. ) ;
#1046 = EDGE_LOOP ( 'NONE', ( #3102, #2503, #1865, #6081, #5367 ) ) ;
#1047 = VECTOR ( 'NONE', #4401, 1000.000000000000000 ) ;
#1048 = CIRCLE ( 'NONE', #5902, 2.000000000000001776 ) ;
#1049 = DIRECTION ( 'NONE',  ( -1.000000000000000000, -6.009258394948641055E-16, 0.000000000000000000 ) ) ;
#1050 = EDGE_CURVE ( 'NONE', #4819, #9366, #6124, .T. ) ;
#1051 = LINE ( 'NONE', #2566, #2615 ) ;
#1052 = EDGE_CURVE ( 'NONE', #8960, #3664, #9858, .T. ) ;
#1053 = CARTESIAN_POINT ( 'NONE',  ( -40.39471679417587069, 4.644439057571969620, 40.59999999999999432 ) ) ;
#1054 = CARTESIAN_POINT ( 'NONE',  ( -35.39471679417585648, -4.015814980272425672, 40.59999999999999432 ) ) ;
#1055 = ORIENTED_EDGE ( 'NONE', *, *, #7744, .T. ) ;
#1056 = ORIENTED_EDGE ( 'NONE', *, *, #5270, .T. ) ;
#1057 = VECTOR ( 'NONE', #9867, 1000.000000000000000 ) ;
#1058 = ORIENTED_EDGE ( 'NONE', *, *, #8131, .F. ) ;
#1059 = CARTESIAN_POINT ( 'NONE',  ( -10.72462220366567820, 39.77252922750782460, 45.00000000000000000 ) ) ;
#1060 = DIRECTION ( 'NONE',  ( -0.8660254037844384856, -0.5000000000000004441, 0.000000000000000000 ) ) ;
#1061 = VECTOR ( 'NONE', #2330, 1000.000000000000000 ) ;
#1062 = EDGE_CURVE ( 'NONE', #6911, #634, #6843, .T. ) ;
#1063 = FACE_OUTER_BOUND ( 'NONE', #875, .T. ) ;
#1064 = CARTESIAN_POINT ( 'NONE',  ( 40.59999999999999432, 45.00000000000000000, -40.59999999999999432 ) ) ;
#1065 = DIRECTION ( 'NONE',  ( -0.8660254037844387076, -0.4999999999999998890, 0.000000000000000000 ) ) ;
#1066 = FACE_OUTER_BOUND ( 'NONE', #4034, .T. ) ;
#1067 = ORIENTED_EDGE ( 'NONE', *, *, #1282, .F. ) ;
#1068 = ORIENTED_EDGE ( 'NONE', *, *, #9709, .T. ) ;
#1069 = EDGE_CURVE ( 'NONE', #3660, #4271, #698, .T. ) ;
#1070 = AXIS2_PLACEMENT_3D ( 'NONE', #725, #6967, #5349 ) ;
#1071 = VERTEX_POINT ( 'NONE', #1527 ) ;
#1072 = VERTEX_POINT ( 'NONE', #3659 ) ;
#1073 = DIRECTION ( 'NONE',  ( -6.009258394948641055E-16, 1.000000000000000000, 0.000000000000000000 ) ) ;
#1074 = EDGE_CURVE ( 'NONE', #6449, #4029, #1333, .T. ) ;
#1075 = CARTESIAN_POINT ( 'NONE',  ( -37.17386661099703105, 36.88577788155969728, -45.00000000000000000 ) ) ;
#1076 = CARTESIAN_POINT ( 'NONE',  ( 21.44924440733135640, 30.77350269189625820, 45.00000000000000000 ) ) ;
#1077 = CARTESIAN_POINT ( 'NONE',  ( 27.17386661099703460, 31.11227518966344263, -45.00000000000000000 ) ) ;
#1078 = FACE_OUTER_BOUND ( 'NONE', #3227, .T. ) ;
#1079 = CARTESIAN_POINT ( 'NONE',  ( 5.724622203665678200, 18.88772481033656092, -45.00000000000000000 ) ) ;
#1080 = CARTESIAN_POINT ( 'NONE',  ( -45.00000000000000711, 10.22747077249214520, 32.17386661099703815 ) ) ;
#1081 = VERTEX_POINT ( 'NONE', #2844 ) ;
#1082 = DIRECTION ( 'NONE',  ( -0.4999999999999998890, 0.8660254037844387076, 0.000000000000000000 ) ) ;
#1083 = ORIENTED_EDGE ( 'NONE', *, *, #4304, .T. ) ;
#1084 = LINE ( 'NONE', #1999, #4550 ) ;
#1085 = EDGE_CURVE ( 'NONE', #9697, #7405, #6031, .T. ) ;
#1086 = VERTEX_POINT ( 'NONE', #1381 ) ;
#1087 = EDGE_LOOP ( 'NONE', ( #4784, #4874, #9950, #9451 ) ) ;
#1088 = PLANE ( 'NONE',  #2158 ) ;
#1089 = EDGE_CURVE ( 'NONE', #4202, #4323, #4478, .T. ) ;
#1090 = PLANE ( 'NONE',  #1043 ) ;
#1091 = EDGE_CURVE ( 'NONE', #2107, #3846, #2185, .T. ) ;
#1092 = CARTESIAN_POINT ( 'NONE',  ( 40.59999999999999432, -9.092865725585324910, -32.46348017968006872 ) ) ;
#1093 = DIRECTION ( 'NONE',  ( -3.854941057726242781E-17, -0.8660254037844383745, -0.5000000000000006661 ) ) ;
#1094 = LINE ( 'NONE', #4346, #9942 ) ;
#1095 = ORIENTED_EDGE ( 'NONE', *, *, #4462, .F. ) ;
#1096 = CARTESIAN_POINT ( 'NONE',  ( -5.724622203665678200, 18.88772481033655382, -45.00000000000000000 ) ) ;
#1097 = ORIENTED_EDGE ( 'NONE', *, *, #9035, .F. ) ;
#1098 = ORIENTED_EDGE ( 'NONE', *, *, #3064, .F. ) ;
#1099 = EDGE_LOOP ( 'NONE', ( #2307, #196, #2847, #3408 ) ) ;
#1100 = EDGE_CURVE ( 'NONE', #2156, #3396, #5934, .T. ) ;
#1101 = PLANE ( 'NONE',  #1624 ) ;
#1102 = LINE ( 'NONE', #7274, #1489 ) ;
#1103 = LINE ( 'NONE', #6467, #1665 ) ;
#1104 = LINE ( 'NONE', #7277, #6401 ) ;
#1105 = ORIENTED_EDGE ( 'NONE', *, *, #5910, .F. ) ;
#1106 = ORIENTED_EDGE ( 'NONE', *, *, #1479, .F. ) ;
#1107 = EDGE_CURVE ( 'NONE', #2727, #4495, #7592, .T. ) ;
#1108 = ORIENTED_EDGE ( 'NONE', *, *, #7937, .F. ) ;
#1109 = EDGE_CURVE ( 'NONE', #6386, #8090, #6789, .T. ) ;
#1110 = CARTESIAN_POINT ( 'NONE',  ( -21.44924440733135640, 30.77350269189625109, 45.00000000000000000 ) ) ;
#1111 = LINE ( 'NONE', #1164, #3605 ) ;
#1112 = CARTESIAN_POINT ( 'NONE',  ( -40.60000000000000142, 39.77252922750778907, -32.17386661099700973 ) ) ;
#1113 = DIRECTION ( 'NONE',  ( -0.7071067811865474617, 0.000000000000000000, 0.7071067811865476838 ) ) ;
#1114 = DIRECTION ( 'NONE',  ( 0.000000000000000000, 0.000000000000000000, -1.000000000000000000 ) ) ;
#1115 = VERTEX_POINT ( 'NONE', #5327 ) ;
#1116 = ORIENTED_EDGE ( 'NONE', *, *, #9530, .F. ) ;
#1117 = ORIENTED_EDGE ( 'NONE', *, *, #8831, .F. ) ;
#1118 = EDGE_LOOP ( 'NONE', ( #1471, #5058, #8735 ) ) ;
#1119 = FACE_BOUND ( 'NONE', #5914, .T. ) ;
#1120 = DIRECTION ( 'NONE',  ( -3.854941057726239700E-17, 0.8660254037844385966, -0.5000000000000003331 ) ) ;
#1121 = LINE ( 'NONE', #8702, #7615 ) ;
#1122 = APPLICATION_CONTEXT ( 'automotive_design' ) ;
#1123 = CARTESIAN_POINT ( 'NONE',  ( 15.72462220366567465, 31.11227518966344974, 45.00000000000000000 ) ) ;
#1124 = CARTESIAN_POINT ( 'NONE',  ( -16.44924440733135640, 27.88675134594812377, 45.00000000000000000 ) ) ;
#1125 = DIRECTION ( 'NONE',  ( 0.000000000000000000, -0.5000000000000006661, 0.8660254037844382635 ) ) ;
#1126 = CARTESIAN_POINT ( 'NONE',  ( -45.00000000000000711, 22.11324865405183715, 26.44924440733135995 ) ) ;
#1127 = ORIENTED_EDGE ( 'NONE', *, *, #3875, .F. ) ;
#1128 = LINE ( 'NONE', #358, #5545 ) ;
#1129 = EDGE_CURVE ( 'NONE', #2428, #4929, #8352, .T. ) ;
#1130 = VERTEX_POINT ( 'NONE', #8394 ) ;
#1131 = LINE ( 'NONE', #4226, #9111 ) ;
#1132 = FACE_BOUND ( 'NONE', #4081, .T. ) ;
#1133 = ORIENTED_EDGE ( 'NONE', *, *, #779, .T. ) ;
#1134 = ORIENTED_EDGE ( 'NONE', *, *, #8017, .T. ) ;
#1135 = CARTESIAN_POINT ( 'NONE',  ( 4.999999999999999112, 27.88675134594812377, -45.00000000000000000 ) ) ;
#1136 = CARTESIAN_POINT ( 'NONE',  ( -45.00000000000000711, 31.11227518966340355, -5.724622203665671094 ) ) ;
#1137 = CARTESIAN_POINT ( 'NONE',  ( 40.59999999999997300, 27.88675134594811311, 5.000000000000004441 ) ) ;
#1138 = EDGE_CURVE ( 'NONE', #4798, #6574, #9191, .T. ) ;
#1139 = CARTESIAN_POINT ( 'NONE',  ( -53.55041348517858779, 27.43077413535445075, 40.59999999999999432 ) ) ;
#1140 = LINE ( 'NONE', #4899, #5866 ) ;
#1141 = CARTESIAN_POINT ( 'NONE',  ( 16.44924440733135640, 22.11324865405187268, -45.00000000000000000 ) ) ;
#1142 = EDGE_LOOP ( 'NONE', ( #5735, #7174, #8073, #6616, #7977, #2499 ) ) ;
#1143 = FACE_BOUND ( 'NONE', #5140, .T. ) ;
#1144 = EDGE_CURVE ( 'NONE', #2604, #6765, #858, .T. ) ;
#1145 = ORIENTED_EDGE ( 'NONE', *, *, #2326, .T. ) ;
#1146 = ORIENTED_EDGE ( 'NONE', *, *, #3462, .F. ) ;
#1147 = ORIENTED_EDGE ( 'NONE', *, *, #318, .F. ) ;
#1148 = CIRCLE ( 'NONE', #9065, 2.000000000000001776 ) ;
#1149 = EDGE_CURVE ( 'NONE', #5028, #6959, #1733, .T. ) ;
#1150 = DIRECTION ( 'NONE',  ( -0.000000000000000000, -0.000000000000000000, 1.000000000000000000 ) ) ;
#1151 = ADVANCED_FACE ( 'NONE', ( #4618 ), #1679, .F. ) ;
#1152 = VECTOR ( 'NONE', #479, 1000.000000000000000 ) ;
#1153 = DIRECTION ( 'NONE',  ( 0.4999999999999998890, 0.8660254037844387076, 0.000000000000000000 ) ) ;
#1154 = VECTOR ( 'NONE', #8255, 1000.000000000000000 ) ;
#1155 = FACE_OUTER_BOUND ( 'NONE', #7131, .T. ) ;
#1156 = EDGE_CURVE ( 'NONE', #485, #7389, #10004, .T. ) ;
#1157 = ADVANCED_FACE ( 'NONE', ( #5585 ), #5629, .F. ) ;
#1158 = ORIENTED_EDGE ( 'NONE', *, *, #5966, .T. ) ;
#1159 = ORIENTED_EDGE ( 'NONE', *, *, #1769, .F. ) ;
#1160 = VECTOR ( 'NONE', #2897, 1000.000000000000000 ) ;
#1161 = VECTOR ( 'NONE', #3162, 1000.000000000000114 ) ;
#1162 = DIRECTION ( 'NONE',  ( 0.4999999999999998890, 0.8660254037844387076, 0.000000000000000000 ) ) ;
#1163 =( LENGTH_UNIT ( ) NAMED_UNIT ( * ) SI_UNIT ( .MILLI., .METRE. ) );
#1164 = CARTESIAN_POINT ( 'NONE',  ( -45.00000000000000711, 18.88772481033651829, -15.72462220366567109 ) ) ;
#1165 = DIRECTION ( 'NONE',  ( 1.000000000000000000, -0.000000000000000000, -7.709882115452476934E-17 ) ) ;
#1166 = VECTOR ( 'NONE', #2888, 1000.000000000000000 ) ;
#1167 = FACE_OUTER_BOUND ( 'NONE', #7056, .T. ) ;
#1168 = VECTOR ( 'NONE', #3221, 1000.000000000000000 ) ;
#1169 = ADVANCED_FACE ( 'NONE', ( #7795 ), #7891, .F. ) ;
#1170 = VECTOR ( 'NONE', #3535, 1000.000000000000000 ) ;
#1171 = LINE ( 'NONE', #284, #6004 ) ;
#1172 = VECTOR ( 'NONE', #481, 1000.000000000000000 ) ;
#1173 = ORIENTED_EDGE ( 'NONE', *, *, #4491, .T. ) ;
#1174 = ORIENTED_EDGE ( 'NONE', *, *, #1017, .T. ) ;
#1175 = ORIENTED_EDGE ( 'NONE', *, *, #7717, .F. ) ;
#1176 = ORIENTED_EDGE ( 'NONE', *, *, #9836, .F. ) ;
#1177 = PLANE ( 'NONE',  #859 ) ;
#1178 = VECTOR ( 'NONE', #8849, 1000.000000000000000 ) ;
#1179 = LINE ( 'NONE', #8847, #1012 ) ;
#1180 = VECTOR ( 'NONE', #2712, 1000.000000000000000 ) ;
#1181 = CARTESIAN_POINT ( 'NONE',  ( 16.44924440733135640, 22.11324865405187268, 45.00000000000000000 ) ) ;
#1182 = CARTESIAN_POINT ( 'NONE',  ( 10.72462220366567820, 10.22747077249218073, -45.00000000000000000 ) ) ;
#1183 = CARTESIAN_POINT ( 'NONE',  ( -15.72462220366567465, 13.11422211844029739, -45.00000000000000000 ) ) ;
#1184 = EDGE_CURVE ( 'NONE', #4561, #8178, #795, .T. ) ;
#1185 = LINE ( 'NONE', #966, #669 ) ;
#1186 = ADVANCED_FACE ( 'NONE', ( #3854 ), #6232, .F. ) ;
#1187 = LINE ( 'NONE', #410, #4245 ) ;
#1188 = ORIENTED_EDGE ( 'NONE', *, *, #5815, .T. ) ;
#1189 = LINE ( 'NONE', #3357, #1660 ) ;
#1190 = VECTOR ( 'NONE', #4510, 1000.000000000000000 ) ;
#1191 = ORIENTED_EDGE ( 'NONE', *, *, #1434, .F. ) ;
#1192 = DIRECTION ( 'NONE',  ( 0.000000000000000000, 0.5000000000000006661, -0.8660254037844383745 ) ) ;
#1193 = DIRECTION ( 'NONE',  ( 0.000000000000000000, -0.4999999999999998335, -0.8660254037844387076 ) ) ;
#1194 = VECTOR ( 'NONE', #5326, 1000.000000000000000 ) ;
#1195 = ORIENTED_EDGE ( 'NONE', *, *, #40, .F. ) ;
#1196 = VERTEX_POINT ( 'NONE', #7142 ) ;
#1197 = DIRECTION ( 'NONE',  ( -0.4999999999999997780, -0.8660254037844388186, 0.000000000000000000 ) ) ;
#1198 = VECTOR ( 'NONE', #724, 1000.000000000000000 ) ;
#1199 = CARTESIAN_POINT ( 'NONE',  ( 21.44924440733135640, 19.22649730810374891, -45.00000000000000000 ) ) ;
#1200 = AXIS2_PLACEMENT_3D ( 'NONE', #5000, #7166, #6303 ) ;
#1201 = VECTOR ( 'NONE', #3259, 1000.000000000000000 ) ;
#1202 = PLANE ( 'NONE',  #6969 ) ;
#1203 = AXIS2_PLACEMENT_3D ( 'NONE', #6445, #6498, #3407 ) ;
#1204 = DIRECTION ( 'NONE',  ( -0.000000000000000000, 1.000000000000000000, -0.000000000000000000 ) ) ;
#1205 = EDGE_CURVE ( 'NONE', #904, #7908, #2481, .T. ) ;
#1206 = CARTESIAN_POINT ( 'NONE',  ( -10.72462220366567820, 28.22552384371531886, -45.00000000000000000 ) ) ;
#1207 = ORIENTED_EDGE ( 'NONE', *, *, #4809, .T. ) ;
#1208 = CARTESIAN_POINT ( 'NONE',  ( -32.17386661099703105, 21.77447615628468114, -45.00000000000000000 ) ) ;
#1209 = VERTEX_POINT ( 'NONE', #3906 ) ;
#1210 = ORIENTED_EDGE ( 'NONE', *, *, #2463, .F. ) ;
#1211 = AXIS2_PLACEMENT_3D ( 'NONE', #9453, #9398, #2574 ) ;
#1212 = VERTEX_POINT ( 'NONE', #6280 ) ;
#1213 = VERTEX_POINT ( 'NONE', #8595 ) ;
#1214 = EDGE_CURVE ( 'NONE', #7564, #4994, #8693, .T. ) ;
#1215 = DIRECTION ( 'NONE',  ( -0.4999999999999997780, -0.8660254037844388186, 0.000000000000000000 ) ) ;
#1216 = LINE ( 'NONE', #3543, #3402 ) ;
#1217 = VECTOR ( 'NONE', #6775, 1000.000000000000000 ) ;
#1218 = CARTESIAN_POINT ( 'NONE',  ( 15.72462220366567465, 4.999999999999997335, -40.59999999999999432 ) ) ;
#1219 = LINE ( 'NONE', #436, #1018 ) ;
#1220 = ORIENTED_EDGE ( 'NONE', *, *, #7634, .F. ) ;
#1221 = ORIENTED_EDGE ( 'NONE', *, *, #432, .T. ) ;
#1222 = EDGE_CURVE ( 'NONE', #1658, #3664, #3295, .T. ) ;
#1223 = AXIS2_PLACEMENT_3D ( 'NONE', #8730, #9537, #8785 ) ;
#1224 = EDGE_CURVE ( 'NONE', #6634, #9743, #4015, .T. ) ;
#1225 = CARTESIAN_POINT ( 'NONE',  ( 10.72462220366567820, 21.77447615628469180, 40.59999999999999432 ) ) ;
#1226 = APPLICATION_PROTOCOL_DEFINITION ( 'draft international standard', 'automotive_design', 1998, #8679 ) ;
#1227 = EDGE_CURVE ( 'NONE', #4169, #5341, #3967, .T. ) ;
#1228 = LINE ( 'NONE', #9598, #6837 ) ;
#1229 = VECTOR ( 'NONE', #1588, 1000.000000000000000 ) ;
#1230 = LINE ( 'NONE', #591, #7481 ) ;
#1231 = DIRECTION ( 'NONE',  ( -0.000000000000000000, -0.000000000000000000, 1.000000000000000000 ) ) ;
#1232 = ORIENTED_EDGE ( 'NONE', *, *, #1758, .T. ) ;
#1233 = ORIENTED_EDGE ( 'NONE', *, *, #6453, .F. ) ;
#1234 = ORIENTED_EDGE ( 'NONE', *, *, #1062, .F. ) ;
#1235 = FACE_BOUND ( 'NONE', #494, .T. ) ;
#1236 = VECTOR ( 'NONE', #1611, 1000.000000000000000 ) ;
#1237 = VECTOR ( 'NONE', #1994, 1000.000000000000114 ) ;
#1238 = CARTESIAN_POINT ( 'NONE',  ( -45.00000000000000711, 19.22649730810370627, 21.44924440733136350 ) ) ;
#1239 = DIRECTION ( 'NONE',  ( 0.7071067811865479058, -0.000000000000000000, 0.7071067811865472397 ) ) ;
#1240 = PLANE ( 'NONE',  #2305 ) ;
#1241 = ORIENTED_EDGE ( 'NONE', *, *, #5156, .F. ) ;
#1242 = VECTOR ( 'NONE', #6364, 1000.000000000000114 ) ;
#1243 = VERTEX_POINT ( 'NONE', #3192 ) ;
#1244 = CARTESIAN_POINT ( 'NONE',  ( -45.00000000000000711, 36.88577788155965465, 27.17386661099704170 ) ) ;
#1245 = CARTESIAN_POINT ( 'NONE',  ( -4.999999999999995559, 22.11324865405186557, 45.00000000000000000 ) ) ;
#1246 = ORIENTED_EDGE ( 'NONE', *, *, #8862, .T. ) ;
#1247 = VERTEX_POINT ( 'NONE', #6941 ) ;
#1248 = CARTESIAN_POINT ( 'NONE',  ( -45.00000000000000711, 21.77447615628465982, 32.17386661099704526 ) ) ;
#1249 = EDGE_CURVE ( 'NONE', #4339, #5915, #3236, .T. ) ;
#1250 = FACE_OUTER_BOUND ( 'NONE', #2943, .T. ) ;
#1251 = ADVANCED_FACE ( 'NONE', ( #4061 ), #7094, .F. ) ;
#1252 = FACE_OUTER_BOUND ( 'NONE', #7769, .T. ) ;
#1253 = CARTESIAN_POINT ( 'NONE',  ( -27.17386661099703460, 36.88577788155969728, -45.00000000000000000 ) ) ;
#1254 = CARTESIAN_POINT ( 'NONE',  ( -40.60000000000000142, -13.30361025463755809, -30.03240569234301560 ) ) ;
#1255 = DIRECTION ( 'NONE',  ( 0.8660254037844388186, -0.4999999999999997224, 0.000000000000000000 ) ) ;
#1256 = ORIENTED_EDGE ( 'NONE', *, *, #9099, .F. ) ;
#1257 = DIRECTION ( 'NONE',  ( -0.8660254037844387076, -0.4999999999999998890, 0.000000000000000000 ) ) ;
#1258 = EDGE_LOOP ( 'NONE', ( #7369, #3632, #530, #4960, #5599, #5026 ) ) ;
#1259 = ORIENTED_EDGE ( 'NONE', *, *, #9756, .F. ) ;
#1260 = VERTEX_POINT ( 'NONE', #5428 ) ;
#1261 = EDGE_LOOP ( 'NONE', ( #8950, #2705, #4381, #1960 ) ) ;
#1262 = FACE_OUTER_BOUND ( 'NONE', #6107, .T. ) ;
#1263 = DIRECTION ( 'NONE',  ( 0.000000000000000000, 1.000000000000000000, 1.502314598737162976E-16 ) ) ;
#1264 = DIRECTION ( 'NONE',  ( 0.000000000000000000, -1.000000000000000000, -3.004629197474320035E-16 ) ) ;
#1265 = LINE ( 'NONE', #2065, #9760 ) ;
#1266 = EDGE_LOOP ( 'NONE', ( #4104, #7764, #8163, #3395, #1147, #8733 ) ) ;
#1267 = EDGE_CURVE ( 'NONE', #4202, #6271, #5777, .T. ) ;
#1268 = LINE ( 'NONE', #1312, #9911 ) ;
#1269 = DIRECTION ( 'NONE',  ( -6.009258394948641055E-16, 1.000000000000000000, 0.000000000000000000 ) ) ;
#1270 = CARTESIAN_POINT ( 'NONE',  ( -40.60000000000000142, 30.51727517685503699, -25.86759430765695456 ) ) ;
#1271 = EDGE_CURVE ( 'NONE', #3346, #3345, #1980, .T. ) ;
#1272 = DIRECTION ( 'NONE',  ( -0.000000000000000000, -0.000000000000000000, 1.000000000000000000 ) ) ;
#1273 = CARTESIAN_POINT ( 'NONE',  ( 40.59999999999997300, 22.11324865405185491, 5.000000000000002665 ) ) ;
#1274 = CARTESIAN_POINT ( 'NONE',  ( -27.17386661099703460, 31.11227518966344263, -45.00000000000000000 ) ) ;
#1275 = EDGE_CURVE ( 'NONE', #5337, #2737, #8087, .T. ) ;
#1276 = VERTEX_POINT ( 'NONE', #1008 ) ;
#1277 = ORIENTED_EDGE ( 'NONE', *, *, #1224, .F. ) ;
#1278 = ORIENTED_EDGE ( 'NONE', *, *, #5300, .F. ) ;
#1279 = EDGE_CURVE ( 'NONE', #6261, #6793, #1171, .T. ) ;
#1280 = LINE ( 'NONE', #4371, #44 ) ;
#1281 = CARTESIAN_POINT ( 'NONE',  ( -45.00000000000000711, 18.88772481033652539, 27.17386661099704170 ) ) ;
#1282 = EDGE_CURVE ( 'NONE', #5330, #3031, #4112, .T. ) ;
#1283 = CARTESIAN_POINT ( 'NONE',  ( -45.00000000000000711, 18.88772481033652539, 27.17386661099704170 ) ) ;
#1284 = CARTESIAN_POINT ( 'NONE',  ( 45.00000000000000711, 18.88772481033652184, 15.72462220366567820 ) ) ;
#1285 = ORIENTED_EDGE ( 'NONE', *, *, #75, .F. ) ;
#1286 = EDGE_CURVE ( 'NONE', #6433, #2107, #5731, .T. ) ;
#1287 = ADVANCED_FACE ( 'NONE', ( #4927 ), #2577, .F. ) ;
#1288 = VERTEX_POINT ( 'NONE', #1928 ) ;
#1289 = FACE_BOUND ( 'NONE', #8721, .T. ) ;
#1290 = VERTEX_POINT ( 'NONE', #3551 ) ;
#1291 = ORIENTED_EDGE ( 'NONE', *, *, #778, .T. ) ;
#1292 = LINE ( 'NONE', #4435, #2637 ) ;
#1293 = CARTESIAN_POINT ( 'NONE',  ( -45.00000000000000711, 27.88675134594808824, -26.44924440733134929 ) ) ;
#1294 = CARTESIAN_POINT ( 'NONE',  ( 0.000000000000000000, 19.22649730810374180, 45.00000000000000000 ) ) ;
#1295 = CARTESIAN_POINT ( 'NONE',  ( -37.17386661099703105, 36.88577788155969728, 40.59999999999996589 ) ) ;
#1296 = CARTESIAN_POINT ( 'NONE',  ( 37.17386661099703105, 36.88577788155969728, 40.59999999999996589 ) ) ;
#1297 = DIRECTION ( 'NONE',  ( -3.854941057726239700E-17, 0.8660254037844385966, -0.5000000000000003331 ) ) ;
#1298 = LINE ( 'NONE', #7461, #2198 ) ;
#1299 = ORIENTED_EDGE ( 'NONE', *, *, #5656, .T. ) ;
#1300 = CARTESIAN_POINT ( 'NONE',  ( 40.59999999999999432, 53.93115149115825346, -12.34958651482137526 ) ) ;
#1301 = EDGE_CURVE ( 'NONE', #6167, #6414, #3452, .T. ) ;
#1302 = ORIENTED_EDGE ( 'NONE', *, *, #820, .T. ) ;
#1303 = VERTEX_POINT ( 'NONE', #241 ) ;
#1304 = ORIENTED_EDGE ( 'NONE', *, *, #4968, .T. ) ;
#1305 = VERTEX_POINT ( 'NONE', #4209 ) ;
#1306 = CARTESIAN_POINT ( 'NONE',  ( 45.00000000000000711, 27.88675134594810956, -4.999999999999998224 ) ) ;
#1307 = CARTESIAN_POINT ( 'NONE',  ( -15.72462220366567465, 36.88577788155969728, 40.59999999999996589 ) ) ;
#1308 = CARTESIAN_POINT ( 'NONE',  ( 33.34396987557884984, 4.999999999999997335, -17.08051390828826044 ) ) ;
#1309 = DIRECTION ( 'NONE',  ( 1.000000000000000000, -0.000000000000000000, -7.709882115452476934E-17 ) ) ;
#1310 = EDGE_LOOP ( 'NONE', ( #5936, #9054, #9880, #4300 ) ) ;
#1311 = ORIENTED_EDGE ( 'NONE', *, *, #1107, .F. ) ;
#1312 = CARTESIAN_POINT ( 'NONE',  ( -40.60000000000000142, -22.59140552900268162, -24.67009459051017828 ) ) ;
#1313 = VECTOR ( 'NONE', #8413, 1000.000000000000000 ) ;
#1314 = VECTOR ( 'NONE', #1901, 1000.000000000000000 ) ;
#1315 = DIRECTION ( 'NONE',  ( 0.000000000000000000, -1.000000000000000000, 0.000000000000000000 ) ) ;
#1316 = FACE_OUTER_BOUND ( 'NONE', #6596, .T. ) ;
#1317 = CARTESIAN_POINT ( 'NONE',  ( -45.00000000000000711, 27.88675134594808824, -26.44924440733134929 ) ) ;
#1318 = DIRECTION ( 'NONE',  ( 6.009258394948641055E-16, -1.000000000000000000, 0.000000000000000000 ) ) ;
#1319 = VECTOR ( 'NONE', #2586, 1000.000000000000000 ) ;
#1320 = ORIENTED_EDGE ( 'NONE', *, *, #1890, .F. ) ;
#1321 = AXIS2_PLACEMENT_3D ( 'NONE', #970, #8557, #6196 ) ;
#1322 = ORIENTED_EDGE ( 'NONE', *, *, #3567, .F. ) ;
#1323 = ORIENTED_EDGE ( 'NONE', *, *, #9479, .F. ) ;
#1324 = DIRECTION ( 'NONE',  ( -0.8660254037844387076, 0.4999999999999998890, 0.000000000000000000 ) ) ;
#1325 = ADVANCED_FACE ( 'NONE', ( #7396 ), #9602, .F. ) ;
#1326 = EDGE_CURVE ( 'NONE', #1870, #8102, #5858, .T. ) ;
#1327 = VECTOR ( 'NONE', #4521, 1000.000000000000114 ) ;
#1328 = VECTOR ( 'NONE', #2260, 1000.000000000000000 ) ;
#1329 = VECTOR ( 'NONE', #5408, 1000.000000000000000 ) ;
#1330 = CARTESIAN_POINT ( 'NONE',  ( -18.92743486032279066, 42.53798395226704088, -40.59999999999999432 ) ) ;
#1331 = CARTESIAN_POINT ( 'NONE',  ( -45.00000000000000711, 18.88772481033651829, -15.72462220366567109 ) ) ;
#1332 = CARTESIAN_POINT ( 'NONE',  ( 32.17386661099703105, 10.22747077249218073, 40.59999999999996589 ) ) ;
#1333 = LINE ( 'NONE', #3812, #5365 ) ;
#1334 = ORIENTED_EDGE ( 'NONE', *, *, #9836, .T. ) ;
#1335 = ORIENTED_EDGE ( 'NONE', *, *, #76, .T. ) ;
#1336 = DIRECTION ( 'NONE',  ( 0.8660254037844388186, -0.4999999999999997780, 0.000000000000000000 ) ) ;
#1337 = ORIENTED_EDGE ( 'NONE', *, *, #762, .F. ) ;
#1338 = VECTOR ( 'NONE', #9145, 1000.000000000000000 ) ;
#1339 = ORIENTED_EDGE ( 'NONE', *, *, #9852, .F. ) ;
#1340 = VECTOR ( 'NONE', #1591, 1000.000000000000000 ) ;
#1341 = LINE ( 'NONE', #8913, #3117 ) ;
#1342 = EDGE_CURVE ( 'NONE', #3664, #7541, #447, .T. ) ;
#1343 = PLANE ( 'NONE',  #5732 ) ;
#1344 = EDGE_CURVE ( 'NONE', #2580, #3653, #3344, .T. ) ;
#1345 = PLANE ( 'NONE',  #7367 ) ;
#1346 = VECTOR ( 'NONE', #1718, 1000.000000000000114 ) ;
#1347 = CARTESIAN_POINT ( 'NONE',  ( 45.00000000000000711, 27.88675134594808469, 16.44924440733135285 ) ) ;
#1348 = VECTOR ( 'NONE', #5523, 1000.000000000000000 ) ;
#1349 = ORIENTED_EDGE ( 'NONE', *, *, #6744, .F. ) ;
#1350 = DIRECTION ( 'NONE',  ( 0.000000000000000000, -1.000000000000000000, 0.000000000000000000 ) ) ;
#1351 = ORIENTED_EDGE ( 'NONE', *, *, #3536, .T. ) ;
#1352 = DIRECTION ( 'NONE',  ( -7.709882115452476934E-17, 1.502314598737162976E-16, -1.000000000000000000 ) ) ;
#1353 = VERTEX_POINT ( 'NONE', #1881 ) ;
#1354 = ORIENTED_EDGE ( 'NONE', *, *, #5484, .F. ) ;
#1355 = AXIS2_PLACEMENT_3D ( 'NONE', #7317, #9669, #5980 ) ;
#1356 = CARTESIAN_POINT ( 'NONE',  ( -45.00000000000000711, 30.77350269189622267, 21.44924440733137061 ) ) ;
#1357 = VECTOR ( 'NONE', #299, 1000.000000000000000 ) ;
#1358 = LINE ( 'NONE', #5305, #1966 ) ;
#1359 = DIRECTION ( 'NONE',  ( 0.000000000000000000, -1.000000000000000000, 0.000000000000000000 ) ) ;
#1360 = LINE ( 'NONE', #5862, #4130 ) ;
#1361 = VECTOR ( 'NONE', #3199, 1000.000000000000000 ) ;
#1362 = ORIENTED_EDGE ( 'NONE', *, *, #686, .F. ) ;
#1363 = ORIENTED_EDGE ( 'NONE', *, *, #2535, .T. ) ;
#1364 = LINE ( 'NONE', #678, #7661 ) ;
#1365 = AXIS2_PLACEMENT_3D ( 'NONE', #8114, #7555, #608 ) ;
#1366 = ADVANCED_FACE ( 'NONE', ( #6431 ), #4980, .T. ) ;
#1367 = CARTESIAN_POINT ( 'NONE',  ( 27.17386661099703460, 31.11227518966344263, -45.00000000000000000 ) ) ;
#1368 = CARTESIAN_POINT ( 'NONE',  ( 0.000000000000000000, 19.22649730810374180, -45.00000000000000000 ) ) ;
#1369 = DIRECTION ( 'NONE',  ( 0.000000000000000000, -1.000000000000000000, 0.000000000000000000 ) ) ;
#1370 = CARTESIAN_POINT ( 'NONE',  ( -26.44924440733135285, 22.11324865405186557, 45.00000000000000000 ) ) ;
#1371 = DIRECTION ( 'NONE',  ( 1.000000000000000000, -0.000000000000000000, -7.709882115452476934E-17 ) ) ;
#1372 = AXIS2_PLACEMENT_3D ( 'NONE', #9665, #5750, #6561 ) ;
#1373 = ORIENTED_EDGE ( 'NONE', *, *, #6954, .T. ) ;
#1374 = ORIENTED_EDGE ( 'NONE', *, *, #2940, .T. ) ;
#1375 = ORIENTED_EDGE ( 'NONE', *, *, #4278, .T. ) ;
#1376 = DIRECTION ( 'NONE',  ( 1.000000000000000000, -0.000000000000000000, -7.709882115452476934E-17 ) ) ;
#1377 = VECTOR ( 'NONE', #5094, 1000.000000000000000 ) ;
#1378 = LINE ( 'NONE', #1281, #7948 ) ;
#1379 = CARTESIAN_POINT ( 'NONE',  ( -43.00000000000000000, 45.00000000000000000, -45.00000000000000000 ) ) ;
#1380 = LINE ( 'NONE', #2184, #5081 ) ;
#1381 = CARTESIAN_POINT ( 'NONE',  ( 40.59999999999999432, 30.77350269189622978, -21.44924440733134219 ) ) ;
#1382 = EDGE_CURVE ( 'NONE', #5975, #675, #8043, .T. ) ;
#1383 = VERTEX_POINT ( 'NONE', #9650 ) ;
#1384 = DIRECTION ( 'NONE',  ( 0.000000000000000000, -1.000000000000000000, -3.004629197474320035E-16 ) ) ;
#1385 = VECTOR ( 'NONE', #9228, 1000.000000000000000 ) ;
#1386 = ORIENTED_EDGE ( 'NONE', *, *, #9670, .F. ) ;
#1387 = VERTEX_POINT ( 'NONE', #9500 ) ;
#1388 = LINE ( 'NONE', #6755, #5878 ) ;
#1389 = CARTESIAN_POINT ( 'NONE',  ( -32.46348017968006161, -9.092865725585328462, 40.59999999999999432 ) ) ;
#1390 = FACE_OUTER_BOUND ( 'NONE', #6458, .T. ) ;
#1391 = LINE ( 'NONE', #9923, #1057 ) ;
#1392 = AXIS2_PLACEMENT_3D ( 'NONE', #121, #8674, #4089 ) ;
#1393 = DIRECTION ( 'NONE',  ( 0.8660254037844388186, -0.4999999999999997780, 0.000000000000000000 ) ) ;
#1394 = ADVANCED_FACE ( 'NONE', ( #4164 ), #8741, .F. ) ;
#1395 = EDGE_LOOP ( 'NONE', ( #5956, #1932, #8651, #2590 ) ) ;
#1396 = LINE ( 'NONE', #4388, #3915 ) ;
#1397 = VERTEX_POINT ( 'NONE', #7289 ) ;
#1398 = CARTESIAN_POINT ( 'NONE',  ( 10.72462220366567820, 21.77447615628468824, -45.00000000000000000 ) ) ;
#1399 = VERTEX_POINT ( 'NONE', #6540 ) ;
#1400 = ORIENTED_EDGE ( 'NONE', *, *, #4438, .F. ) ;
#1401 = EDGE_CURVE ( 'NONE', #2640, #1658, #2686, .T. ) ;
#1402 = DIRECTION ( 'NONE',  ( 3.854941057726244014E-17, 0.8660254037844382635, 0.5000000000000007772 ) ) ;
#1403 = CARTESIAN_POINT ( 'NONE',  ( 15.72462220366567465, 18.88772481033656092, -45.00000000000000000 ) ) ;
#1404 = CARTESIAN_POINT ( 'NONE',  ( -45.00000000000000711, 19.22649730810372759, 9.492209656258231307E-15 ) ) ;
#1405 = CARTESIAN_POINT ( 'NONE',  ( -5.724622203665678200, 36.88577788155969728, -45.00000000000000000 ) ) ;
#1406 = CARTESIAN_POINT ( 'NONE',  ( -27.17386661099703460, 31.11227518966344263, 45.00000000000000000 ) ) ;
#1407 = ORIENTED_EDGE ( 'NONE', *, *, #8678, .T. ) ;
#1408 = ORIENTED_EDGE ( 'NONE', *, *, #1647, .T. ) ;
#1409 = EDGE_CURVE ( 'NONE', #3040, #4387, #6692, .T. ) ;
#1410 = FACE_OUTER_BOUND ( 'NONE', #8710, .T. ) ;
#1411 = LINE ( 'NONE', #9894, #5507 ) ;
#1412 = DIRECTION ( 'NONE',  ( -6.009258394948641055E-16, 1.000000000000000000, 0.000000000000000000 ) ) ;
#1413 = DIRECTION ( 'NONE',  ( -0.000000000000000000, -0.000000000000000000, 1.000000000000000000 ) ) ;
#1414 = DIRECTION ( 'NONE',  ( 0.000000000000000000, 1.000000000000000000, 0.000000000000000000 ) ) ;
#1415 = DIRECTION ( 'NONE',  ( 0.000000000000000000, -1.000000000000000000, -1.502314598737162976E-16 ) ) ;
#1416 = EDGE_CURVE ( 'NONE', #1681, #3970, #7434, .T. ) ;
#1417 = EDGE_LOOP ( 'NONE', ( #7835, #4766, #464, #6021 ) ) ;
#1418 = EDGE_CURVE ( 'NONE', #8984, #2687, #8197, .T. ) ;
#1419 = EDGE_LOOP ( 'NONE', ( #1710, #183, #2972, #1921 ) ) ;
#1420 = VERTEX_POINT ( 'NONE', #3599 ) ;
#1421 = CARTESIAN_POINT ( 'NONE',  ( -5.724622203665678200, 13.11422211844030450, -45.00000000000000000 ) ) ;
#1422 = LINE ( 'NONE', #8954, #2291 ) ;
#1423 = FACE_OUTER_BOUND ( 'NONE', #3358, .T. ) ;
#1424 = CARTESIAN_POINT ( 'NONE',  ( 27.17386661099703460, 13.11422211844030450, -45.00000000000000000 ) ) ;
#1425 = DIRECTION ( 'NONE',  ( 0.000000000000000000, 1.000000000000000000, 0.000000000000000000 ) ) ;
#1426 = EDGE_LOOP ( 'NONE', ( #6332, #9340, #4074, #7208, #4963, #272 ) ) ;
#1427 = DIRECTION ( 'NONE',  ( 0.000000000000000000, -0.5000000000000006661, 0.8660254037844383745 ) ) ;
#1428 = EDGE_LOOP ( 'NONE', ( #4256, #3523, #7883, #8151 ) ) ;
#1429 = EDGE_LOOP ( 'NONE', ( #277, #8927, #8418, #8368 ) ) ;
#1430 = CARTESIAN_POINT ( 'NONE',  ( -45.00000000000000711, 28.22552384371527623, -32.17386661099701683 ) ) ;
#1431 = DIRECTION ( 'NONE',  ( -0.8660254037844384856, -0.5000000000000004441, 0.000000000000000000 ) ) ;
#1432 = LINE ( 'NONE', #9309, #6489 ) ;
#1433 = LINE ( 'NONE', #5895, #8321 ) ;
#1434 = EDGE_CURVE ( 'NONE', #6784, #4886, #3976, .T. ) ;
#1435 = CARTESIAN_POINT ( 'NONE',  ( -37.17386661099703105, 13.11422211844029739, -45.00000000000000000 ) ) ;
#1436 = ORIENTED_EDGE ( 'NONE', *, *, #9796, .F. ) ;
#1437 = LINE ( 'NONE', #8974, #8911 ) ;
#1438 = ORIENTED_EDGE ( 'NONE', *, *, #1344, .T. ) ;
#1439 = DIRECTION ( 'NONE',  ( 0.000000000000000000, 1.000000000000000000, 1.502314598737162729E-16 ) ) ;
#1440 = ORIENTED_EDGE ( 'NONE', *, *, #3119, .T. ) ;
#1441 = ORIENTED_EDGE ( 'NONE', *, *, #1908, .F. ) ;
#1442 = DIRECTION ( 'NONE',  ( 0.000000000000000000, 0.000000000000000000, -1.000000000000000000 ) ) ;
#1443 = ADVANCED_FACE ( 'NONE', ( #4025 ), #1587, .F. ) ;
#1444 = LINE ( 'NONE', #5909, #5515 ) ;
#1445 = LINE ( 'NONE', #6057, #4250 ) ;
#1446 = CARTESIAN_POINT ( 'NONE',  ( 45.00000000000000711, 22.11324865405184426, -26.44924440733135995 ) ) ;
#1447 = CARTESIAN_POINT ( 'NONE',  ( 15.72462220366567465, 13.11422211844031160, -40.59999999999999432 ) ) ;
#1448 = EDGE_CURVE ( 'NONE', #8827, #4907, #8607, .T. ) ;
#1449 = ORIENTED_EDGE ( 'NONE', *, *, #4125, .T. ) ;
#1450 = ORIENTED_EDGE ( 'NONE', *, *, #6591, .T. ) ;
#1451 = DIRECTION ( 'NONE',  ( 3.854941057726236618E-17, -0.8660254037844387076, 0.4999999999999998335 ) ) ;
#1452 = ADVANCED_FACE ( 'NONE', ( #7061 ), #8549, .F. ) ;
#1453 = FACE_OUTER_BOUND ( 'NONE', #9731, .T. ) ;
#1454 = EDGE_CURVE ( 'NONE', #6899, #2539, #7703, .T. ) ;
#1455 = EDGE_CURVE ( 'NONE', #2441, #7098, #8454, .T. ) ;
#1456 = LINE ( 'NONE', #7580, #8898 ) ;
#1457 = DIRECTION ( 'NONE',  ( -0.000000000000000000, -0.000000000000000000, 1.000000000000000000 ) ) ;
#1458 = CARTESIAN_POINT ( 'NONE',  ( 9.545941546018381629, 0.000000000000000000, 9.545941546018372748 ) ) ;
#1459 = ADVANCED_FACE ( 'NONE', ( #922 ), #106, .F. ) ;
#1460 = CARTESIAN_POINT ( 'NONE',  ( 45.00000000000000711, 39.77252922750778907, -10.72462220366567287 ) ) ;
#1461 = EDGE_LOOP ( 'NONE', ( #3928, #9194, #6783, #6935 ) ) ;
#1462 = EDGE_LOOP ( 'NONE', ( #8091, #1095, #8858, #2001 ) ) ;
#1463 = AXIS2_PLACEMENT_3D ( 'NONE', #8680, #5768, #4152 ) ;
#1464 = ORIENTED_EDGE ( 'NONE', *, *, #2258, .T. ) ;
#1465 = EDGE_CURVE ( 'NONE', #4495, #6696, #3096, .T. ) ;
#1466 = LINE ( 'NONE', #6745, #1493 ) ;
#1467 = CARTESIAN_POINT ( 'NONE',  ( 27.17386661099703460, 31.11227518966344263, 40.59999999999996589 ) ) ;
#1468 = VECTOR ( 'NONE', #65, 1000.000000000000000 ) ;
#1469 = LINE ( 'NONE', #9245, #2796 ) ;
#1470 = DIRECTION ( 'NONE',  ( 0.8660254037844383745, 0.5000000000000004441, 0.000000000000000000 ) ) ;
#1471 = ORIENTED_EDGE ( 'NONE', *, *, #6840, .T. ) ;
#1472 = FACE_OUTER_BOUND ( 'NONE', #665, .T. ) ;
#1473 = EDGE_LOOP ( 'NONE', ( #6680, #8834, #5296, #6367 ) ) ;
#1474 = ORIENTED_EDGE ( 'NONE', *, *, #1548, .F. ) ;
#1475 = DIRECTION ( 'NONE',  ( 6.009258394948640069E-16, -1.000000000000000000, 0.000000000000000000 ) ) ;
#1476 = VECTOR ( 'NONE', #8453, 1000.000000000000000 ) ;
#1477 = CARTESIAN_POINT ( 'NONE',  ( -5.724622203665678200, 18.88772481033655382, -45.00000000000000000 ) ) ;
#1478 = VECTOR ( 'NONE', #4636, 1000.000000000000227 ) ;
#1479 = EDGE_CURVE ( 'NONE', #2913, #6355, #8660, .T. ) ;
#1480 = EDGE_CURVE ( 'NONE', #1071, #9632, #5486, .T. ) ;
#1481 = DIRECTION ( 'NONE',  ( 0.000000000000000000, 0.5000000000000005551, -0.8660254037844382635 ) ) ;
#1482 = DIRECTION ( 'NONE',  ( -0.000000000000000000, -0.000000000000000000, 1.000000000000000000 ) ) ;
#1483 = FACE_OUTER_BOUND ( 'NONE', #9975, .T. ) ;
#1484 = VERTEX_POINT ( 'NONE', #759 ) ;
#1485 = CARTESIAN_POINT ( 'NONE',  ( -26.44924440733135285, 27.88675134594812377, -45.00000000000000000 ) ) ;
#1486 = VECTOR ( 'NONE', #5874, 1000.000000000000114 ) ;
#1487 = ORIENTED_EDGE ( 'NONE', *, *, #3716, .F. ) ;
#1488 = CARTESIAN_POINT ( 'NONE',  ( -45.00000000000000711, 30.77350269189624399, 1.593059013371397998E-14 ) ) ;
#1489 = VECTOR ( 'NONE', #5124, 999.9999999999998863 ) ;
#1490 = ORIENTED_EDGE ( 'NONE', *, *, #7576, .T. ) ;
#1491 = ORIENTED_EDGE ( 'NONE', *, *, #2209, .F. ) ;
#1492 = DIRECTION ( 'NONE',  ( 6.009258394948641055E-16, -1.000000000000000000, 0.000000000000000000 ) ) ;
#1493 = VECTOR ( 'NONE', #9809, 1000.000000000000114 ) ;
#1494 = CARTESIAN_POINT ( 'NONE',  ( 40.59999999999999432, -0.4326116877409729722, -37.46348017968004029 ) ) ;
#1495 = AXIS2_PLACEMENT_3D ( 'NONE', #7603, #1297, #2010 ) ;
#1496 = DIRECTION ( 'NONE',  ( -0.000000000000000000, -0.000000000000000000, 1.000000000000000000 ) ) ;
#1497 = PLANE ( 'NONE',  #5087 ) ;
#1498 = LINE ( 'NONE', #4501, #5605 ) ;
#1499 = EDGE_LOOP ( 'NONE', ( #1528, #1737, #9142, #1748 ) ) ;
#1500 = ORIENTED_EDGE ( 'NONE', *, *, #8313, .F. ) ;
#1501 = EDGE_CURVE ( 'NONE', #9767, #8731, #9419, .T. ) ;
#1502 = VECTOR ( 'NONE', #4554, 1000.000000000000000 ) ;
#1503 = VECTOR ( 'NONE', #1113, 1000.000000000000000 ) ;
#1504 = ADVANCED_FACE ( 'NONE', ( #3202 ), #4836, .F. ) ;
#1505 = LINE ( 'NONE', #7482, #1217 ) ;
#1506 = VECTOR ( 'NONE', #6679, 1000.000000000000227 ) ;
#1507 = CARTESIAN_POINT ( 'NONE',  ( -45.00000000000000711, 28.22552384371527623, -10.72462220366567287 ) ) ;
#1508 = VECTOR ( 'NONE', #3714, 1000.000000000000000 ) ;
#1509 = CARTESIAN_POINT ( 'NONE',  ( 27.17386661099705591, 5.000000000000038192, -40.59999999999999432 ) ) ;
#1510 = CARTESIAN_POINT ( 'NONE',  ( -20.14297210399131544, 40.43261168774092340, 40.59999999999999432 ) ) ;
#1511 = CARTESIAN_POINT ( 'NONE',  ( 45.00000000000000711, 31.11227518966341066, 27.17386661099703460 ) ) ;
#1512 = DIRECTION ( 'NONE',  ( 0.000000000000000000, 0.000000000000000000, -1.000000000000000000 ) ) ;
#1513 = ORIENTED_EDGE ( 'NONE', *, *, #4377, .T. ) ;
#1514 = EDGE_CURVE ( 'NONE', #2224, #4985, #10015, .T. ) ;
#1515 = EDGE_CURVE ( 'NONE', #5193, #6433, #6188, .T. ) ;
#1516 = ORIENTED_EDGE ( 'NONE', *, *, #959, .T. ) ;
#1517 = EDGE_LOOP ( 'NONE', ( #6565, #5678, #9275, #5418 ) ) ;
#1518 = VECTOR ( 'NONE', #2417, 1000.000000000000000 ) ;
#1519 = ADVANCED_FACE ( 'NONE', ( #4072 ), #6293, .F. ) ;
#1520 = VERTEX_POINT ( 'NONE', #806 ) ;
#1521 = CARTESIAN_POINT ( 'NONE',  ( 40.59999999999997300, 31.11227518966340355, 37.17386661099703815 ) ) ;
#1522 = EDGE_CURVE ( 'NONE', #2956, #7133, #3919, .T. ) ;
#1523 = LINE ( 'NONE', #5472, #9073 ) ;
#1524 = LINE ( 'NONE', #7048, #9609 ) ;
#1525 = VECTOR ( 'NONE', #7430, 1000.000000000000000 ) ;
#1526 = DIRECTION ( 'NONE',  ( 1.000000000000000000, -0.000000000000000000, -7.709882115452476934E-17 ) ) ;
#1527 = CARTESIAN_POINT ( 'NONE',  ( 45.00000000000001421, 36.88577788155965465, 27.17386661099702749 ) ) ;
#1528 = ORIENTED_EDGE ( 'NONE', *, *, #4251, .F. ) ;
#1529 = PLANE ( 'NONE',  #5517 ) ;
#1530 = ORIENTED_EDGE ( 'NONE', *, *, #9320, .T. ) ;
#1531 = EDGE_LOOP ( 'NONE', ( #5119, #2235, #1883, #2393, #3553, #5009 ) ) ;
#1532 = LINE ( 'NONE', #4626, #6700 ) ;
#1533 = AXIS2_PLACEMENT_3D ( 'NONE', #4987, #8658, #292 ) ;
#1534 = CARTESIAN_POINT ( 'NONE',  ( -15.72462220366567465, 18.88772481033655382, -45.00000000000000000 ) ) ;
#1535 = DIRECTION ( 'NONE',  ( 0.000000000000000000, -0.5000000000000006661, 0.8660254037844382635 ) ) ;
#1536 = CARTESIAN_POINT ( 'NONE',  ( -32.17386661099703105, 28.22552384371531176, -45.00000000000000000 ) ) ;
#1537 = CARTESIAN_POINT ( 'NONE',  ( -35.03240569234303337, -4.643356216793150359, 40.59999999999999432 ) ) ;
#1538 = CARTESIAN_POINT ( 'NONE',  ( 10.72462220366567820, 28.22552384371531886, -40.59999999999999432 ) ) ;
#1539 = AXIS2_PLACEMENT_3D ( 'NONE', #827, #9214, #3059 ) ;
#1540 = ORIENTED_EDGE ( 'NONE', *, *, #2624, .F. ) ;
#1541 = CARTESIAN_POINT ( 'NONE',  ( -37.17386661099703105, 13.11422211844029739, -45.00000000000000000 ) ) ;
#1542 = VECTOR ( 'NONE', #2740, 999.9999999999998863 ) ;
#1543 = ORIENTED_EDGE ( 'NONE', *, *, #9042, .T. ) ;
#1544 = LINE ( 'NONE', #2203, #4717 ) ;
#1545 = EDGE_LOOP ( 'NONE', ( #8334, #4460, #357, #6316 ) ) ;
#1546 = EDGE_CURVE ( 'NONE', #3406, #6386, #6242, .T. ) ;
#1547 = ORIENTED_EDGE ( 'NONE', *, *, #332, .F. ) ;
#1548 = EDGE_CURVE ( 'NONE', #8731, #5827, #4729, .T. ) ;
#1549 = CARTESIAN_POINT ( 'NONE',  ( 40.59999999999999432, 39.77252922750778907, 10.72462220366569241 ) ) ;
#1550 = VECTOR ( 'NONE', #7582, 1000.000000000000000 ) ;
#1551 = CARTESIAN_POINT ( 'NONE',  ( -40.60000000000000142, 39.77252922750778907, 10.72462220366569063 ) ) ;
#1552 = FACE_OUTER_BOUND ( 'NONE', #6037, .T. ) ;
#1553 = PLANE ( 'NONE',  #1539 ) ;
#1554 = CYLINDRICAL_SURFACE ( 'NONE', #2047, 2.000000000000001776 ) ;
#1555 = ORIENTED_EDGE ( 'NONE', *, *, #5489, .T. ) ;
#1556 = ORIENTED_EDGE ( 'NONE', *, *, #4653, .F. ) ;
#1557 = VECTOR ( 'NONE', #7618, 1000.000000000000114 ) ;
#1558 = CARTESIAN_POINT ( 'NONE',  ( -45.00000000000000711, 19.22649730810370627, -21.44924440733134929 ) ) ;
#1559 = LINE ( 'NONE', #127, #826 ) ;
#1560 = LINE ( 'NONE', #3026, #1502 ) ;
#1561 = LINE ( 'NONE', #8427, #1715 ) ;
#1562 = ADVANCED_FACE ( 'NONE', ( #4173 ), #4883, .F. ) ;
#1563 = CARTESIAN_POINT ( 'NONE',  ( 17.08051390828823912, 10.00000000000000000, -33.34396987557885694 ) ) ;
#1564 = LINE ( 'NONE', #3890, #7190 ) ;
#1565 = VERTEX_POINT ( 'NONE', #9612 ) ;
#1566 = VERTEX_POINT ( 'NONE', #9510 ) ;
#1567 = VERTEX_POINT ( 'NONE', #2695 ) ;
#1568 = ORIENTED_EDGE ( 'NONE', *, *, #4433, .F. ) ;
#1569 = DIRECTION ( 'NONE',  ( -3.854941057726239700E-17, 0.8660254037844385966, -0.5000000000000003331 ) ) ;
#1570 = DIRECTION ( 'NONE',  ( 0.000000000000000000, -0.4999999999999998335, -0.8660254037844387076 ) ) ;
#1571 = DIRECTION ( 'NONE',  ( 0.000000000000000000, -1.000000000000000000, 0.000000000000000000 ) ) ;
#1572 = EDGE_CURVE ( 'NONE', #3582, #4101, #1020, .T. ) ;
#1573 = EDGE_CURVE ( 'NONE', #6198, #2625, #6646, .T. ) ;
#1574 = LINE ( 'NONE', #6121, #1659 ) ;
#1575 = PLANE ( 'NONE',  #8969 ) ;
#1576 = DIRECTION ( 'NONE',  ( 3.854941057726244014E-17, 0.8660254037844382635, 0.5000000000000007772 ) ) ;
#1577 = DIRECTION ( 'NONE',  ( 0.9191450300180578070, -0.000000000000000000, 0.3939192985791680202 ) ) ;
#1578 = ADVANCED_FACE ( 'NONE', ( #3465 ), #6493, .F. ) ;
#1579 = ORIENTED_EDGE ( 'NONE', *, *, #4862, .T. ) ;
#1580 = DIRECTION ( 'NONE',  ( 1.000000000000000000, -0.000000000000000000, -7.709882115452476934E-17 ) ) ;
#1581 = VERTEX_POINT ( 'NONE', #8158 ) ;
#1582 = EDGE_LOOP ( 'NONE', ( #558, #525, #9827, #7398 ) ) ;
#1583 = CARTESIAN_POINT ( 'NONE',  ( 10.72462220366567820, 10.22747077249218073, -45.00000000000000000 ) ) ;
#1584 = DIRECTION ( 'NONE',  ( 3.854941057726244014E-17, 0.8660254037844382635, 0.5000000000000007772 ) ) ;
#1585 = EDGE_CURVE ( 'NONE', #5986, #8365, #5033, .T. ) ;
#1586 = CARTESIAN_POINT ( 'NONE',  ( -45.00000000000000711, 19.22649730810370627, -21.44924440733134929 ) ) ;
#1587 = PLANE ( 'NONE',  #4404 ) ;
#1588 = DIRECTION ( 'NONE',  ( 0.000000000000000000, 1.000000000000000000, 0.000000000000000000 ) ) ;
#1589 = EDGE_CURVE ( 'NONE', #6366, #2156, #4939, .T. ) ;
#1590 = EDGE_CURVE ( 'NONE', #2961, #101, #4218, .T. ) ;
#1591 = DIRECTION ( 'NONE',  ( 1.000000000000000000, -0.000000000000000000, -7.709882115452476934E-17 ) ) ;
#1592 = ORIENTED_EDGE ( 'NONE', *, *, #2133, .T. ) ;
#1593 = DIRECTION ( 'NONE',  ( 6.009258394948641055E-16, -1.000000000000000000, 0.000000000000000000 ) ) ;
#1594 = ORIENTED_EDGE ( 'NONE', *, *, #5459, .T. ) ;
#1595 = DIRECTION ( 'NONE',  ( 0.000000000000000000, -0.5000000000000006661, 0.8660254037844381525 ) ) ;
#1596 = ORIENTED_EDGE ( 'NONE', *, *, #5848, .T. ) ;
#1597 = ORIENTED_EDGE ( 'NONE', *, *, #1024, .T. ) ;
#1598 = CARTESIAN_POINT ( 'NONE',  ( -45.00000000000000711, 18.88772481033652184, -5.724622203665670206 ) ) ;
#1599 = CARTESIAN_POINT ( 'NONE',  ( -45.00000000000000711, 31.11227518966340355, 15.72462220366568175 ) ) ;
#1600 = CARTESIAN_POINT ( 'NONE',  ( -36.22990540948982385, 12.56922586464554925, -40.59999999999999432 ) ) ;
#1601 = ADVANCED_FACE ( 'NONE', ( #8703 ), #7249, .F. ) ;
#1602 = CARTESIAN_POINT ( 'NONE',  ( -26.44924440733135285, 27.88675134594812377, -45.00000000000000000 ) ) ;
#1603 = CARTESIAN_POINT ( 'NONE',  ( -45.00000000000000711, 21.77447615628465272, -32.17386661099701683 ) ) ;
#1604 = ORIENTED_EDGE ( 'NONE', *, *, #2816, .F. ) ;
#1605 = ORIENTED_EDGE ( 'NONE', *, *, #3279, .T. ) ;
#1606 = VERTEX_POINT ( 'NONE', #2587 ) ;
#1607 = LINE ( 'NONE', #7771, #2424 ) ;
#1608 = EDGE_CURVE ( 'NONE', #6270, #5040, #7359, .T. ) ;
#1609 = LINE ( 'NONE', #23, #6677 ) ;
#1610 = DIRECTION ( 'NONE',  ( 3.854941057726236618E-17, -0.8660254037844387076, 0.4999999999999998335 ) ) ;
#1611 = DIRECTION ( 'NONE',  ( 1.000000000000000000, -0.000000000000000000, -7.709882115452476934E-17 ) ) ;
#1612 = LINE ( 'NONE', #1563, #4264 ) ;
#1613 = CARTESIAN_POINT ( 'NONE',  ( -45.00000000000000711, 13.11422211844026720, -27.17386661099702039 ) ) ;
#1614 = EDGE_LOOP ( 'NONE', ( #8395, #4992, #6221, #9555, #5864, #180 ) ) ;
#1615 = ORIENTED_EDGE ( 'NONE', *, *, #8089, .F. ) ;
#1616 = VERTEX_POINT ( 'NONE', #9561 ) ;
#1617 = ORIENTED_EDGE ( 'NONE', *, *, #208, .T. ) ;
#1618 = LINE ( 'NONE', #1059, #7344 ) ;
#1619 = LINE ( 'NONE', #5423, #8589 ) ;
#1620 = FACE_OUTER_BOUND ( 'NONE', #6832, .T. ) ;
#1621 = DIRECTION ( 'NONE',  ( 0.000000000000000000, 1.000000000000000000, 1.502314598737162976E-16 ) ) ;
#1622 = DIRECTION ( 'NONE',  ( -0.000000000000000000, -0.000000000000000000, 1.000000000000000000 ) ) ;
#1623 = DIRECTION ( 'NONE',  ( -0.7071067811865472397, 0.000000000000000000, 0.7071067811865479058 ) ) ;
#1624 = AXIS2_PLACEMENT_3D ( 'NONE', #4249, #6525, #1867 ) ;
#1625 = ORIENTED_EDGE ( 'NONE', *, *, #9066, .T. ) ;
#1626 = LINE ( 'NONE', #6812, #7956 ) ;
#1627 = EDGE_CURVE ( 'NONE', #8326, #5330, #2645, .T. ) ;
#1628 = EDGE_LOOP ( 'NONE', ( #1948, #2191, #2226, #9806 ) ) ;
#1629 = EDGE_LOOP ( 'NONE', ( #157, #5772, #4647, #8183 ) ) ;
#1630 = CARTESIAN_POINT ( 'NONE',  ( 37.17386661099705236, 36.88577788155969017, 45.00000000000000000 ) ) ;
#1631 = DIRECTION ( 'NONE',  ( 0.000000000000000000, 1.000000000000000000, 1.502314598737162976E-16 ) ) ;
#1632 = VECTOR ( 'NONE', #579, 1000.000000000000000 ) ;
#1633 = VECTOR ( 'NONE', #6791, 1000.000000000000114 ) ;
#1634 = DIRECTION ( 'NONE',  ( -3.854941057726242781E-17, -0.8660254037844383745, -0.5000000000000006661 ) ) ;
#1635 = CARTESIAN_POINT ( 'NONE',  ( -32.17386661099703105, 21.77447615628468114, -45.00000000000000000 ) ) ;
#1636 = CARTESIAN_POINT ( 'NONE',  ( 45.00000000000000711, 27.88675134594809180, -16.44924440733135285 ) ) ;
#1637 = DIRECTION ( 'NONE',  ( 1.000000000000000000, -0.000000000000000000, -7.709882115452476934E-17 ) ) ;
#1638 = ORIENTED_EDGE ( 'NONE', *, *, #6096, .T. ) ;
#1639 = CARTESIAN_POINT ( 'NONE',  ( 15.72462220366567465, 36.88577788155969728, 45.00000000000000000 ) ) ;
#1640 = ORIENTED_EDGE ( 'NONE', *, *, #2240, .F. ) ;
#1641 = LINE ( 'NONE', #4738, #3748 ) ;
#1642 = EDGE_CURVE ( 'NONE', #1803, #5331, #8754, .T. ) ;
#1643 = ORIENTED_EDGE ( 'NONE', *, *, #1052, .F. ) ;
#1644 = VECTOR ( 'NONE', #468, 1000.000000000000114 ) ;
#1645 = EDGE_LOOP ( 'NONE', ( #6250, #9971, #4919, #8602, #4597, #4092 ) ) ;
#1646 = DIRECTION ( 'NONE',  ( 0.000000000000000000, 0.5000000000000002220, 0.8660254037844384856 ) ) ;
#1647 = EDGE_CURVE ( 'NONE', #4166, #3511, #6604, .T. ) ;
#1648 = LINE ( 'NONE', #7760, #7442 ) ;
#1649 = AXIS2_PLACEMENT_3D ( 'NONE', #4268, #5024, #2781 ) ;
#1650 = PLANE ( 'NONE',  #4901 ) ;
#1651 = VECTOR ( 'NONE', #9797, 1000.000000000000000 ) ;
#1652 = AXIS2_PLACEMENT_3D ( 'NONE', #3923, #5492, #8663 ) ;
#1653 = VECTOR ( 'NONE', #3684, 1000.000000000000000 ) ;
#1654 = CARTESIAN_POINT ( 'NONE',  ( -15.14297210399131366, 49.09286572558529826, 40.59999999999999432 ) ) ;
#1655 = CARTESIAN_POINT ( 'NONE',  ( -27.17386661099703460, 13.11422211844030450, -45.00000000000000000 ) ) ;
#1656 = ORIENTED_EDGE ( 'NONE', *, *, #9973, .F. ) ;
#1657 = ORIENTED_EDGE ( 'NONE', *, *, #3680, .F. ) ;
#1658 = VERTEX_POINT ( 'NONE', #1842 ) ;
#1659 = VECTOR ( 'NONE', #3033, 1000.000000000000000 ) ;
#1660 = VECTOR ( 'NONE', #4286, 1000.000000000000114 ) ;
#1661 = LINE ( 'NONE', #3176, #6986 ) ;
#1662 = DIRECTION ( 'NONE',  ( -0.8660254037844387076, -0.4999999999999998890, 0.000000000000000000 ) ) ;
#1663 = DIRECTION ( 'NONE',  ( 0.8660254037844387076, -0.4999999999999998890, 0.000000000000000000 ) ) ;
#1664 = DIRECTION ( 'NONE',  ( -0.4999999999999998890, 0.8660254037844387076, 0.000000000000000000 ) ) ;
#1665 = VECTOR ( 'NONE', #4154, 1000.000000000000000 ) ;
#1666 = ORIENTED_EDGE ( 'NONE', *, *, #2929, .F. ) ;
#1667 = ORIENTED_EDGE ( 'NONE', *, *, #7115, .F. ) ;
#1668 = VECTOR ( 'NONE', #490, 1000.000000000000000 ) ;
#1669 = ORIENTED_EDGE ( 'NONE', *, *, #4125, .F. ) ;
#1670 = EDGE_CURVE ( 'NONE', #6237, #7258, #8806, .T. ) ;
#1671 = EDGE_LOOP ( 'NONE', ( #3470, #2675, #5043, #8056 ) ) ;
#1672 = DIRECTION ( 'NONE',  ( -1.000000000000000000, -6.009258394948641055E-16, 0.000000000000000000 ) ) ;
#1673 = AXIS2_PLACEMENT_3D ( 'NONE', #5244, #7452, #2799 ) ;
#1674 = LINE ( 'NONE', #4866, #6350 ) ;
#1675 = VECTOR ( 'NONE', #6047, 1000.000000000000114 ) ;
#1676 = CARTESIAN_POINT ( 'NONE',  ( 10.72462220366567820, 21.77447615628468824, -45.00000000000000000 ) ) ;
#1677 = DIRECTION ( 'NONE',  ( 0.000000000000000000, 0.000000000000000000, -1.000000000000000000 ) ) ;
#1678 = PLANE ( 'NONE',  #2000 ) ;
#1679 = PLANE ( 'NONE',  #5533 ) ;
#1680 = VECTOR ( 'NONE', #9496, 1000.000000000000114 ) ;
#1681 = VERTEX_POINT ( 'NONE', #455 ) ;
#1682 = DIRECTION ( 'NONE',  ( 0.000000000000000000, -0.5000000000000006661, 0.8660254037844383745 ) ) ;
#1683 = CARTESIAN_POINT ( 'NONE',  ( -37.17386661099703105, 18.88772481033655382, -45.00000000000000000 ) ) ;
#1684 = VERTEX_POINT ( 'NONE', #2739 ) ;
#1685 = EDGE_LOOP ( 'NONE', ( #449, #2807, #7698, #3273 ) ) ;
#1686 = LINE ( 'NONE', #4831, #6855 ) ;
#1687 = DIRECTION ( 'NONE',  ( 1.000000000000000000, -0.000000000000000000, -7.709882115452476934E-17 ) ) ;
#1688 = VECTOR ( 'NONE', #5435, 1000.000000000000000 ) ;
#1689 = LINE ( 'NONE', #5593, #9540 ) ;
#1690 = EDGE_CURVE ( 'NONE', #2351, #635, #5093, .T. ) ;
#1691 = CARTESIAN_POINT ( 'NONE',  ( -40.60000000000000142, 8.855183586624155723, -42.82579128151288472 ) ) ;
#1692 = CARTESIAN_POINT ( 'NONE',  ( -31.24794293601153328, -11.19823799011143706, -40.59999999999999432 ) ) ;
#1693 = LINE ( 'NONE', #924, #6683 ) ;
#1694 = ORIENTED_EDGE ( 'NONE', *, *, #8001, .T. ) ;
#1695 = CARTESIAN_POINT ( 'NONE',  ( -15.72462220366567465, 31.11227518966344263, -40.59999999999999432 ) ) ;
#1696 = ORIENTED_EDGE ( 'NONE', *, *, #691, .T. ) ;
#1697 = CARTESIAN_POINT ( 'NONE',  ( 45.00000000000000711, 39.77252922750778907, -10.72462220366567287 ) ) ;
#1698 = DIRECTION ( 'NONE',  ( 1.000000000000000000, -0.000000000000000000, -7.709882115452476934E-17 ) ) ;
#1699 = VECTOR ( 'NONE', #7700, 1000.000000000000000 ) ;
#1700 = ORIENTED_EDGE ( 'NONE', *, *, #6143, .T. ) ;
#1701 = ORIENTED_EDGE ( 'NONE', *, *, #9028, .F. ) ;
#1702 = DIRECTION ( 'NONE',  ( -6.938893903907222067E-15, 0.000000000000000000, -1.000000000000000000 ) ) ;
#1703 = FACE_OUTER_BOUND ( 'NONE', #2406, .T. ) ;
#1704 = CARTESIAN_POINT ( 'NONE',  ( 43.00000000000000711, 2.000000000000001776, 42.99999999999998579 ) ) ;
#1705 = EDGE_CURVE ( 'NONE', #9141, #7892, #6554, .T. ) ;
#1706 = VECTOR ( 'NONE', #8317, 1000.000000000000114 ) ;
#1707 = CARTESIAN_POINT ( 'NONE',  ( -43.18810238334575047, 9.482724823144929260, -40.59999999999999432 ) ) ;
#1708 = CARTESIAN_POINT ( 'NONE',  ( -1.103125484187130745, 10.00000000000000000, -15.16033048310347553 ) ) ;
#1709 = CARTESIAN_POINT ( 'NONE',  ( -27.17386661099703460, 31.11227518966344263, 40.59999999999996589 ) ) ;
#1710 = ORIENTED_EDGE ( 'NONE', *, *, #3000, .F. ) ;
#1711 = EDGE_CURVE ( 'NONE', #4116, #1028, #7402, .T. ) ;
#1712 = ORIENTED_EDGE ( 'NONE', *, *, #3047, .T. ) ;
#1713 = ORIENTED_EDGE ( 'NONE', *, *, #5848, .F. ) ;
#1714 = ADVANCED_FACE ( 'NONE', ( #8205 ), #3759, .F. ) ;
#1715 = VECTOR ( 'NONE', #5317, 1000.000000000000000 ) ;
#1716 = CARTESIAN_POINT ( 'NONE',  ( -21.44924440733135640, 19.22649730810374180, -45.00000000000000000 ) ) ;
#1717 = CARTESIAN_POINT ( 'NONE',  ( 32.17386661099703105, 21.77447615628468824, -45.00000000000000000 ) ) ;
#1718 = DIRECTION ( 'NONE',  ( -0.8660254037844387076, -0.4999999999999998890, 0.000000000000000000 ) ) ;
#1719 = LINE ( 'NONE', #3334, #7533 ) ;
#1720 = VECTOR ( 'NONE', #887, 1000.000000000000000 ) ;
#1721 = EDGE_CURVE ( 'NONE', #3038, #7908, #1378, .T. ) ;
#1722 = ORIENTED_EDGE ( 'NONE', *, *, #403, .F. ) ;
#1723 = DIRECTION ( 'NONE',  ( -1.000000000000000000, 0.000000000000000000, 0.000000000000000000 ) ) ;
#1724 = ORIENTED_EDGE ( 'NONE', *, *, #8881, .F. ) ;
#1725 = ORIENTED_EDGE ( 'NONE', *, *, #2562, .F. ) ;
#1726 = ORIENTED_EDGE ( 'NONE', *, *, #5131, .T. ) ;
#1727 = LINE ( 'NONE', #1823, #216 ) ;
#1728 = FACE_BOUND ( 'NONE', #1142, .T. ) ;
#1729 = FACE_BOUND ( 'NONE', #4067, .T. ) ;
#1730 = EDGE_CURVE ( 'NONE', #2289, #3603, #8247, .T. ) ;
#1731 = FACE_BOUND ( 'NONE', #5075, .T. ) ;
#1732 = EDGE_CURVE ( 'NONE', #4998, #7424, #7643, .T. ) ;
#1733 = LINE ( 'NONE', #4778, #2931 ) ;
#1734 = EDGE_CURVE ( 'NONE', #4752, #1484, #2935, .T. ) ;
#1735 = ORIENTED_EDGE ( 'NONE', *, *, #5577, .T. ) ;
#1736 = LINE ( 'NONE', #3969, #8726 ) ;
#1737 = ORIENTED_EDGE ( 'NONE', *, *, #2843, .F. ) ;
#1738 = ORIENTED_EDGE ( 'NONE', *, *, #1809, .T. ) ;
#1739 = DIRECTION ( 'NONE',  ( -0.8660254037844387076, 0.4999999999999998890, 0.000000000000000000 ) ) ;
#1740 = LINE ( 'NONE', #248, #226 ) ;
#1741 = DIRECTION ( 'NONE',  ( 0.000000000000000000, -0.4999999999999998335, -0.8660254037844387076 ) ) ;
#1742 = DIRECTION ( 'NONE',  ( 0.5000000000000004441, -0.8660254037844384856, 0.000000000000000000 ) ) ;
#1743 = CARTESIAN_POINT ( 'NONE',  ( -27.17386661099703460, 13.11422211844030450, -45.00000000000000000 ) ) ;
#1744 = VERTEX_POINT ( 'NONE', #6698 ) ;
#1745 = CARTESIAN_POINT ( 'NONE',  ( 40.59999999999997300, 22.11324865405183715, 26.44924440733135285 ) ) ;
#1746 = VERTEX_POINT ( 'NONE', #4567 ) ;
#1747 = LINE ( 'NONE', #60, #9704 ) ;
#1748 = ORIENTED_EDGE ( 'NONE', *, *, #2364, .F. ) ;
#1749 = ORIENTED_EDGE ( 'NONE', *, *, #5913, .T. ) ;
#1750 = DIRECTION ( 'NONE',  ( 0.8660254037844384856, 0.5000000000000004441, 0.000000000000000000 ) ) ;
#1751 = CARTESIAN_POINT ( 'NONE',  ( -16.44924440733135640, 27.88675134594812377, -45.00000000000000000 ) ) ;
#1752 = DIRECTION ( 'NONE',  ( 0.000000000000000000, -1.000000000000000000, -3.004629197474320528E-16 ) ) ;
#1753 = DIRECTION ( 'NONE',  ( 0.8660254037844383745, 0.5000000000000003331, 0.000000000000000000 ) ) ;
#1754 = CARTESIAN_POINT ( 'NONE',  ( 43.00000000000000711, 0.000000000000000000, 43.00000000000000000 ) ) ;
#1755 = ORIENTED_EDGE ( 'NONE', *, *, #442, .T. ) ;
#1756 = ORIENTED_EDGE ( 'NONE', *, *, #7867, .F. ) ;
#1757 = ORIENTED_EDGE ( 'NONE', *, *, #3735, .F. ) ;
#1758 = EDGE_CURVE ( 'NONE', #3063, #9019, #6027, .T. ) ;
#1759 = ADVANCED_FACE ( 'NONE', ( #4476 ), #9100, .F. ) ;
#1760 = CARTESIAN_POINT ( 'NONE',  ( 32.17386661099703105, 28.22552384371531886, 45.00000000000000000 ) ) ;
#1761 = DIRECTION ( 'NONE',  ( 1.000000000000000000, -0.000000000000000000, -7.709882115452476934E-17 ) ) ;
#1762 = CARTESIAN_POINT ( 'NONE',  ( -40.60000000000000142, 4.999999999999980460, 15.72462220366568175 ) ) ;
#1763 = CARTESIAN_POINT ( 'NONE',  ( -37.17386661099703105, 31.11227518966343553, -45.00000000000000000 ) ) ;
#1764 = ORIENTED_EDGE ( 'NONE', *, *, #7235, .T. ) ;
#1765 = ORIENTED_EDGE ( 'NONE', *, *, #117, .F. ) ;
#1766 = ORIENTED_EDGE ( 'NONE', *, *, #439, .F. ) ;
#1767 = EDGE_CURVE ( 'NONE', #8333, #7446, #3809, .T. ) ;
#1768 = EDGE_LOOP ( 'NONE', ( #7713, #5710, #1915, #1323 ) ) ;
#1769 = EDGE_CURVE ( 'NONE', #2214, #9505, #5282, .T. ) ;
#1770 = CARTESIAN_POINT ( 'NONE',  ( 26.44924440733135285, 22.11324865405187978, -45.00000000000000000 ) ) ;
#1771 = EDGE_CURVE ( 'NONE', #5721, #9459, #4517, .T. ) ;
#1772 = EDGE_CURVE ( 'NONE', #2689, #3615, #9762, .T. ) ;
#1773 = FACE_BOUND ( 'NONE', #9341, .T. ) ;
#1774 = DIRECTION ( 'NONE',  ( -0.9191450300180578070, 0.000000000000000000, -0.3939192985791680202 ) ) ;
#1775 = FACE_BOUND ( 'NONE', #8037, .T. ) ;
#1776 = CARTESIAN_POINT ( 'NONE',  ( -45.00000000000000711, 13.11422211844027252, 5.724622203665681752 ) ) ;
#1777 = DIRECTION ( 'NONE',  ( -3.854941057726242781E-17, -0.8660254037844383745, -0.5000000000000006661 ) ) ;
#1778 = ORIENTED_EDGE ( 'NONE', *, *, #3376, .F. ) ;
#1779 = LINE ( 'NONE', #144, #6482 ) ;
#1780 = EDGE_LOOP ( 'NONE', ( #5778, #9643, #9218, #1097 ) ) ;
#1781 = EDGE_LOOP ( 'NONE', ( #1335, #7018, #6125, #6577, #944, #7730 ) ) ;
#1782 = LINE ( 'NONE', #865, #3467 ) ;
#1783 = CARTESIAN_POINT ( 'NONE',  ( -45.00000000000000711, 21.77447615628465982, 32.17386661099704526 ) ) ;
#1784 = CARTESIAN_POINT ( 'NONE',  ( -15.72462220366567465, 31.11227518966344263, 45.00000000000000000 ) ) ;
#1785 = CARTESIAN_POINT ( 'NONE',  ( -40.60000000000000142, -2.537983952267083509, -36.24794293601151907 ) ) ;
#1786 = CARTESIAN_POINT ( 'NONE',  ( -53.55041348517858779, 27.43077413535445075, -40.59999999999999432 ) ) ;
#1787 = LINE ( 'NONE', #6443, #5224 ) ;
#1788 = ORIENTED_EDGE ( 'NONE', *, *, #8201, .F. ) ;
#1789 = CARTESIAN_POINT ( 'NONE',  ( -40.60000000000000142, 18.88772481033651118, 27.17386661099703460 ) ) ;
#1790 = ORIENTED_EDGE ( 'NONE', *, *, #1771, .T. ) ;
#1791 = CARTESIAN_POINT ( 'NONE',  ( -45.00000000000000711, 45.00000000000000000, -45.00000000000000000 ) ) ;
#1792 = CARTESIAN_POINT ( 'NONE',  ( 45.00000000000000711, 22.11324865405183715, -16.44924440733135640 ) ) ;
#1793 = ORIENTED_EDGE ( 'NONE', *, *, #4023, .T. ) ;
#1794 = EDGE_LOOP ( 'NONE', ( #5302, #7233, #4191, #9623 ) ) ;
#1795 = LINE ( 'NONE', #6357, #4756 ) ;
#1796 =( GEOMETRIC_REPRESENTATION_CONTEXT ( 3 ) GLOBAL_UNCERTAINTY_ASSIGNED_CONTEXT ( ( #5968 ) ) GLOBAL_UNIT_ASSIGNED_CONTEXT ( ( #567, #6619, #6757 ) ) REPRESENTATION_CONTEXT ( 'NONE', 'WORKASPACE' ) );
#1797 = EDGE_CURVE ( 'NONE', #6224, #1276, #2788, .T. ) ;
#1798 = LINE ( 'NONE', #1906, #5574 ) ;
#1799 = CIRCLE ( 'NONE', #7445, 2.000000000000001776 ) ;
#1800 = LINE ( 'NONE', #4187, #8401 ) ;
#1801 = CARTESIAN_POINT ( 'NONE',  ( 45.00000000000000711, 13.11422211844027252, 5.724622203665674647 ) ) ;
#1802 = LINE ( 'NONE', #4902, #7851 ) ;
#1803 = VERTEX_POINT ( 'NONE', #8999 ) ;
#1804 = DIRECTION ( 'NONE',  ( -0.8660254037844387076, -0.4999999999999998890, 0.000000000000000000 ) ) ;
#1805 = VECTOR ( 'NONE', #9966, 1000.000000000000000 ) ;
#1806 = VERTEX_POINT ( 'NONE', #5970 ) ;
#1807 = EDGE_LOOP ( 'NONE', ( #2485, #1643, #4204, #5693, #6643, #9940 ) ) ;
#1808 = ORIENTED_EDGE ( 'NONE', *, *, #4546, .T. ) ;
#1809 = EDGE_CURVE ( 'NONE', #2439, #8025, #6839, .T. ) ;
#1810 = VECTOR ( 'NONE', #8304, 999.9999999999998863 ) ;
#1811 = LINE ( 'NONE', #6629, #8561 ) ;
#1812 = VECTOR ( 'NONE', #8832, 1000.000000000000000 ) ;
#1813 = DIRECTION ( 'NONE',  ( 1.000000000000000000, -0.000000000000000000, 0.000000000000000000 ) ) ;
#1814 = FACE_BOUND ( 'NONE', #4287, .T. ) ;
#1815 = EDGE_CURVE ( 'NONE', #2783, #7964, #9853, .T. ) ;
#1816 = VERTEX_POINT ( 'NONE', #8349 ) ;
#1817 = EDGE_LOOP ( 'NONE', ( #6943, #8254, #5947, #8363 ) ) ;
#1818 = VECTOR ( 'NONE', #6442, 1000.000000000000000 ) ;
#1819 = EDGE_CURVE ( 'NONE', #4863, #1130, #1422, .T. ) ;
#1820 = AXIS2_PLACEMENT_3D ( 'NONE', #391, #9544, #8143 ) ;
#1821 = VECTOR ( 'NONE', #3532, 1000.000000000000114 ) ;
#1822 = ORIENTED_EDGE ( 'NONE', *, *, #6533, .F. ) ;
#1823 = CARTESIAN_POINT ( 'NONE',  ( -45.00000000000000711, 31.11227518966340355, -27.17386661099701328 ) ) ;
#1824 = LINE ( 'NONE', #331, #9882 ) ;
#1825 = VECTOR ( 'NONE', #2115, 1000.000000000000000 ) ;
#1826 = VECTOR ( 'NONE', #108, 1000.000000000000000 ) ;
#1827 = CARTESIAN_POINT ( 'NONE',  ( -5.724622203665678200, 36.88577788155969728, -40.59999999999999432 ) ) ;
#1828 = EDGE_CURVE ( 'NONE', #4169, #622, #4421, .T. ) ;
#1829 = CARTESIAN_POINT ( 'NONE',  ( 16.44924440733135640, 22.11324865405187268, 40.59999999999996589 ) ) ;
#1830 = EDGE_CURVE ( 'NONE', #5986, #2167, #1466, .T. ) ;
#1831 = DIRECTION ( 'NONE',  ( -1.000000000000000000, -0.000000000000000000, -0.000000000000000000 ) ) ;
#1832 = ORIENTED_EDGE ( 'NONE', *, *, #9670, .T. ) ;
#1833 = VERTEX_POINT ( 'NONE', #2885 ) ;
#1834 = ORIENTED_EDGE ( 'NONE', *, *, #7694, .F. ) ;
#1835 = AXIS2_PLACEMENT_3D ( 'NONE', #116, #6508, #3363 ) ;
#1836 = VERTEX_POINT ( 'NONE', #8300 ) ;
#1837 = EDGE_CURVE ( 'NONE', #5890, #2813, #3706, .T. ) ;
#1838 = AXIS2_PLACEMENT_3D ( 'NONE', #9750, #9649, #2073 ) ;
#1839 = LINE ( 'NONE', #2642, #7818 ) ;
#1840 = FACE_OUTER_BOUND ( 'NONE', #1997, .T. ) ;
#1841 = FACE_OUTER_BOUND ( 'NONE', #7839, .T. ) ;
#1842 = CARTESIAN_POINT ( 'NONE',  ( -5.724622203665678200, 36.88577788155969728, 40.59999999999996589 ) ) ;
#1843 = LINE ( 'NONE', #4940, #4956 ) ;
#1844 = AXIS2_PLACEMENT_3D ( 'NONE', #3500, #1162, #1875 ) ;
#1845 = LINE ( 'NONE', #9614, #837 ) ;
#1846 = VERTEX_POINT ( 'NONE', #9345 ) ;
#1847 = CARTESIAN_POINT ( 'NONE',  ( 4.999999999999999112, 22.11324865405187268, 40.59999999999996589 ) ) ;
#1848 = ORIENTED_EDGE ( 'NONE', *, *, #3514, .F. ) ;
#1849 = FACE_BOUND ( 'NONE', #1850, .T. ) ;
#1850 = EDGE_LOOP ( 'NONE', ( #8685, #1985, #7185, #3634, #4147, #5620 ) ) ;
#1851 = ORIENTED_EDGE ( 'NONE', *, *, #1984, .F. ) ;
#1852 = DIRECTION ( 'NONE',  ( -1.000000000000000000, -0.000000000000000000, 6.938893903907221278E-15 ) ) ;
#1853 = VECTOR ( 'NONE', #9865, 1000.000000000000000 ) ;
#1854 = LINE ( 'NONE', #1751, #8461 ) ;
#1855 = DIRECTION ( 'NONE',  ( -0.000000000000000000, -0.000000000000000000, 1.000000000000000000 ) ) ;
#1856 = LINE ( 'NONE', #2601, #394 ) ;
#1857 = LINE ( 'NONE', #7264, #1180 ) ;
#1858 = PLANE ( 'NONE',  #9618 ) ;
#1859 = VERTEX_POINT ( 'NONE', #3189 ) ;
#1860 = LINE ( 'NONE', #2013, #4726 ) ;
#1861 = VECTOR ( 'NONE', #4129, 1000.000000000000227 ) ;
#1862 = EDGE_CURVE ( 'NONE', #4434, #8484, #4664, .T. ) ;
#1863 = ORIENTED_EDGE ( 'NONE', *, *, #4139, .F. ) ;
#1864 = VERTEX_POINT ( 'NONE', #2272 ) ;
#1865 = ORIENTED_EDGE ( 'NONE', *, *, #9979, .T. ) ;
#1866 = VECTOR ( 'NONE', #150, 1000.000000000000000 ) ;
#1867 = DIRECTION ( 'NONE',  ( 0.000000000000000000, 0.000000000000000000, -1.000000000000000000 ) ) ;
#1868 = CARTESIAN_POINT ( 'NONE',  ( 10.72462220366567820, 21.77447615628468824, -40.59999999999999432 ) ) ;
#1869 = CARTESIAN_POINT ( 'NONE',  ( -26.44924440733135285, 22.11324865405186557, -45.00000000000000000 ) ) ;
#1870 = VERTEX_POINT ( 'NONE', #3902 ) ;
#1871 = LINE ( 'NONE', #4973, #2502 ) ;
#1872 = VERTEX_POINT ( 'NONE', #8536 ) ;
#1873 = AXIS2_PLACEMENT_3D ( 'NONE', #7590, #2082, #2043 ) ;
#1874 = ORIENTED_EDGE ( 'NONE', *, *, #2809, .F. ) ;
#1875 = DIRECTION ( 'NONE',  ( -0.8660254037844387076, 0.4999999999999998890, 0.000000000000000000 ) ) ;
#1876 = CARTESIAN_POINT ( 'NONE',  ( 32.17386661099703105, 28.22552384371531886, -45.00000000000000000 ) ) ;
#1877 = VECTOR ( 'NONE', #2263, 1000.000000000000000 ) ;
#1878 = ADVANCED_FACE ( 'NONE', ( #1620 ), #2479, .F. ) ;
#1879 = FACE_OUTER_BOUND ( 'NONE', #7651, .T. ) ;
#1880 = CARTESIAN_POINT ( 'NONE',  ( 25.21224189193353027, 4.999999999999997335, -25.21224189193356580 ) ) ;
#1881 = CARTESIAN_POINT ( 'NONE',  ( 27.17386661099703460, 36.88577788155969728, -45.00000000000000000 ) ) ;
#1882 = ORIENTED_EDGE ( 'NONE', *, *, #9225, .F. ) ;
#1883 = ORIENTED_EDGE ( 'NONE', *, *, #8074, .F. ) ;
#1884 = ORIENTED_EDGE ( 'NONE', *, *, #1767, .F. ) ;
#1885 = EDGE_LOOP ( 'NONE', ( #3488, #1362, #616, #2186 ) ) ;
#1886 = CARTESIAN_POINT ( 'NONE',  ( -4.999999999999995559, 22.11324865405186557, -45.00000000000000000 ) ) ;
#1887 = EDGE_CURVE ( 'NONE', #9217, #1071, #8592, .T. ) ;
#1888 = EDGE_CURVE ( 'NONE', #5504, #1071, #2420, .T. ) ;
#1889 = CARTESIAN_POINT ( 'NONE',  ( -45.00000000000000711, 18.88772481033651829, -15.72462220366567109 ) ) ;
#1890 = EDGE_CURVE ( 'NONE', #3970, #8643, #1523, .T. ) ;
#1891 = DIRECTION ( 'NONE',  ( 0.000000000000000000, 1.000000000000000000, 1.502314598737162976E-16 ) ) ;
#1892 = CARTESIAN_POINT ( 'NONE',  ( 45.00000000000000711, 31.11227518966340355, -5.724622203665678200 ) ) ;
#1893 = DIRECTION ( 'NONE',  ( 0.8660254037844387076, -0.4999999999999998890, 0.000000000000000000 ) ) ;
#1894 = CARTESIAN_POINT ( 'NONE',  ( 45.00000000000000711, 10.22747077249214520, 32.17386661099703105 ) ) ;
#1895 = EDGE_CURVE ( 'NONE', #6753, #7722, #8440, .T. ) ;
#1896 = DIRECTION ( 'NONE',  ( 0.8660254037844388186, -0.4999999999999997224, 0.000000000000000000 ) ) ;
#1897 = ORIENTED_EDGE ( 'NONE', *, *, #9732, .F. ) ;
#1898 = LINE ( 'NONE', #7158, #1357 ) ;
#1899 = ORIENTED_EDGE ( 'NONE', *, *, #896, .T. ) ;
#1900 = CARTESIAN_POINT ( 'NONE',  ( 26.62645545430662608, 0.000000000000000000, -26.62645545430666516 ) ) ;
#1901 = DIRECTION ( 'NONE',  ( 6.009258394948640069E-16, -1.000000000000000000, 0.000000000000000000 ) ) ;
#1902 = ORIENTED_EDGE ( 'NONE', *, *, #3694, .F. ) ;
#1903 = ORIENTED_EDGE ( 'NONE', *, *, #7406, .F. ) ;
#1904 = LINE ( 'NONE', #8063, #9896 ) ;
#1905 = EDGE_CURVE ( 'NONE', #2137, #6694, #7092, .T. ) ;
#1906 = CARTESIAN_POINT ( 'NONE',  ( -40.60000000000000142, -1.910442715746306863, -36.61025403784438481 ) ) ;
#1907 = EDGE_CURVE ( 'NONE', #6750, #1606, #137, .T. ) ;
#1908 = EDGE_CURVE ( 'NONE', #8530, #111, #2329, .T. ) ;
#1909 = DIRECTION ( 'NONE',  ( -0.7071067811865474617, 0.000000000000000000, 0.7071067811865476838 ) ) ;
#1910 = CARTESIAN_POINT ( 'NONE',  ( 17.08051390828823557, 0.000000000000000000, -36.17239700032504146 ) ) ;
#1911 = LINE ( 'NONE', #9631, #2682 ) ;
#1912 = ORIENTED_EDGE ( 'NONE', *, *, #9133, .T. ) ;
#1913 = CARTESIAN_POINT ( 'NONE',  ( -45.00000000000000711, 18.88772481033652895, 37.17386661099704526 ) ) ;
#1914 = VERTEX_POINT ( 'NONE', #5425 ) ;
#1915 = ORIENTED_EDGE ( 'NONE', *, *, #7929, .T. ) ;
#1916 = VERTEX_POINT ( 'NONE', #8489 ) ;
#1917 = EDGE_CURVE ( 'NONE', #5827, #5905, #745, .T. ) ;
#1918 = FACE_OUTER_BOUND ( 'NONE', #84, .T. ) ;
#1919 = FACE_OUTER_BOUND ( 'NONE', #4005, .T. ) ;
#1920 = DIRECTION ( 'NONE',  ( 1.000000000000000000, -0.000000000000000000, -7.709882115452476934E-17 ) ) ;
#1921 = ORIENTED_EDGE ( 'NONE', *, *, #2764, .F. ) ;
#1922 = ORIENTED_EDGE ( 'NONE', *, *, #6117, .F. ) ;
#1923 = CARTESIAN_POINT ( 'NONE',  ( 33.34396987557884984, 1.999999999999989564, -17.08051390828826044 ) ) ;
#1924 = ADVANCED_FACE ( 'NONE', ( #6324, #9404, #7690, #8647, #6995, #1729, #38, #3081, #4823, #6173, #7792, #7889 ), #951, .F. ) ;
#1925 = CARTESIAN_POINT ( 'NONE',  ( -45.00000000000000711, 22.11324865405186202, -4.999999999999992006 ) ) ;
#1926 = LINE ( 'NONE', #9456, #5231 ) ;
#1927 = FACE_BOUND ( 'NONE', #6957, .T. ) ;
#1928 = CARTESIAN_POINT ( 'NONE',  ( -5.724622203665678200, 13.11422211844030450, -40.59999999999999432 ) ) ;
#1929 = ORIENTED_EDGE ( 'NONE', *, *, #694, .T. ) ;
#1930 = VERTEX_POINT ( 'NONE', #9297 ) ;
#1931 = ORIENTED_EDGE ( 'NONE', *, *, #4546, .F. ) ;
#1932 = ORIENTED_EDGE ( 'NONE', *, *, #6010, .F. ) ;
#1933 = CARTESIAN_POINT ( 'NONE',  ( -16.44924440733135640, 27.88675134594812377, -45.00000000000000000 ) ) ;
#1934 = EDGE_CURVE ( 'NONE', #3171, #5766, #1574, .T. ) ;
#1935 = FACE_OUTER_BOUND ( 'NONE', #5225, .T. ) ;
#1936 = SPHERICAL_SURFACE ( 'NONE', #8096, 2.000000000000000000 ) ;
#1937 = DIRECTION ( 'NONE',  ( 0.5000000000000004441, -0.8660254037844384856, 0.000000000000000000 ) ) ;
#1938 = DIRECTION ( 'NONE',  ( 0.8660254037844383745, 0.5000000000000004441, 0.000000000000000000 ) ) ;
#1939 = CARTESIAN_POINT ( 'NONE',  ( 45.00000000000000711, 22.11324865405184426, 16.44924440733134929 ) ) ;
#1940 = LINE ( 'NONE', #5688, #3914 ) ;
#1941 = CARTESIAN_POINT ( 'NONE',  ( -45.00000000000000711, 27.88675134594809180, -16.44924440733134574 ) ) ;
#1942 = EDGE_CURVE ( 'NONE', #1387, #9573, #7734, .T. ) ;
#1943 = ORIENTED_EDGE ( 'NONE', *, *, #5699, .F. ) ;
#1944 = LINE ( 'NONE', #5794, #3276 ) ;
#1945 = ORIENTED_EDGE ( 'NONE', *, *, #1279, .T. ) ;
#1946 = LINE ( 'NONE', #8105, #3140 ) ;
#1947 = FACE_BOUND ( 'NONE', #3317, .T. ) ;
#1948 = ORIENTED_EDGE ( 'NONE', *, *, #5614, .T. ) ;
#1949 = EDGE_LOOP ( 'NONE', ( #6438, #960, #5006, #1757 ) ) ;
#1950 = DIRECTION ( 'NONE',  ( -0.8660254037844387076, -0.4999999999999998890, 0.000000000000000000 ) ) ;
#1951 = CARTESIAN_POINT ( 'NONE',  ( 45.00000000000000711, 36.88577788155966175, -5.724622203665676423 ) ) ;
#1952 = FACE_OUTER_BOUND ( 'NONE', #5512, .T. ) ;
#1953 = LINE ( 'NONE', #1139, #2033 ) ;
#1954 = DIRECTION ( 'NONE',  ( 1.000000000000000000, -0.000000000000000000, -7.709882115452476934E-17 ) ) ;
#1955 = EDGE_CURVE ( 'NONE', #6286, #6472, #3449, .T. ) ;
#1956 = EDGE_LOOP ( 'NONE', ( #6704, #3831, #4459, #9205 ) ) ;
#1957 = DIRECTION ( 'NONE',  ( 0.000000000000000000, -0.5000000000000002220, -0.8660254037844384856 ) ) ;
#1958 = ORIENTED_EDGE ( 'NONE', *, *, #1809, .F. ) ;
#1959 = ORIENTED_EDGE ( 'NONE', *, *, #9487, .T. ) ;
#1960 = ORIENTED_EDGE ( 'NONE', *, *, #6684, .F. ) ;
#1961 = VECTOR ( 'NONE', #2722, 1000.000000000000114 ) ;
#1962 = ORIENTED_EDGE ( 'NONE', *, *, #6434, .F. ) ;
#1963 = EDGE_CURVE ( 'NONE', #401, #8333, #392, .T. ) ;
#1964 = DIRECTION ( 'NONE',  ( 0.8660254037844383745, 0.5000000000000004441, 0.000000000000000000 ) ) ;
#1965 = PLANE ( 'NONE',  #2106 ) ;
#1966 = VECTOR ( 'NONE', #7614, 1000.000000000000000 ) ;
#1967 = FACE_OUTER_BOUND ( 'NONE', #2243, .T. ) ;
#1968 = VECTOR ( 'NONE', #6752, 1000.000000000000114 ) ;
#1969 = LINE ( 'NONE', #8332, #1047 ) ;
#1970 = ORIENTED_EDGE ( 'NONE', *, *, #9529, .T. ) ;
#1971 = ORIENTED_EDGE ( 'NONE', *, *, #2563, .F. ) ;
#1972 = VECTOR ( 'NONE', #8606, 1000.000000000000000 ) ;
#1973 = FACE_OUTER_BOUND ( 'NONE', #767, .T. ) ;
#1974 = PLANE ( 'NONE',  #7632 ) ;
#1975 = CARTESIAN_POINT ( 'NONE',  ( 32.17386661099703105, 28.22552384371531886, 40.59999999999996589 ) ) ;
#1976 = CARTESIAN_POINT ( 'NONE',  ( 15.72462220366567465, 31.11227518966344974, 40.59999999999996589 ) ) ;
#1977 = VECTOR ( 'NONE', #6328, 1000.000000000000114 ) ;
#1978 = LINE ( 'NONE', #7348, #6192 ) ;
#1979 = VECTOR ( 'NONE', #613, 1000.000000000000000 ) ;
#1980 = LINE ( 'NONE', #2733, #4723 ) ;
#1981 = AXIS2_PLACEMENT_3D ( 'NONE', #5998, #581, #6811 ) ;
#1982 = EDGE_CURVE ( 'NONE', #6272, #6753, #1228, .T. ) ;
#1983 = VERTEX_POINT ( 'NONE', #1975 ) ;
#1984 = EDGE_CURVE ( 'NONE', #3164, #8825, #1111, .T. ) ;
#1985 = ORIENTED_EDGE ( 'NONE', *, *, #627, .T. ) ;
#1986 = ORIENTED_EDGE ( 'NONE', *, *, #3187, .T. ) ;
#1987 = ORIENTED_EDGE ( 'NONE', *, *, #8765, .T. ) ;
#1988 = FACE_OUTER_BOUND ( 'NONE', #6741, .T. ) ;
#1989 = AXIS2_PLACEMENT_3D ( 'NONE', #6951, #3307, #7899 ) ;
#1990 = VECTOR ( 'NONE', #5644, 1000.000000000000114 ) ;
#1991 = VECTOR ( 'NONE', #8919, 1000.000000000000000 ) ;
#1992 = DIRECTION ( 'NONE',  ( 0.000000000000000000, 0.5000000000000005551, -0.8660254037844382635 ) ) ;
#1993 = DIRECTION ( 'NONE',  ( 0.3939192985791669654, -0.000000000000000000, 0.9191450300180581401 ) ) ;
#1994 = DIRECTION ( 'NONE',  ( -0.8660254037844387076, -0.4999999999999998890, 0.000000000000000000 ) ) ;
#1995 = ORIENTED_EDGE ( 'NONE', *, *, #6101, .T. ) ;
#1996 = AXIS2_PLACEMENT_3D ( 'NONE', #9334, #4650, #2363 ) ;
#1997 = EDGE_LOOP ( 'NONE', ( #7767, #4223, #2141, #5513 ) ) ;
#1998 = DIRECTION ( 'NONE',  ( -0.7071067811865480168, 0.000000000000000000, -0.7071067811865470176 ) ) ;
#1999 = CARTESIAN_POINT ( 'NONE',  ( -40.60000000000000142, 4.999999999999992895, -27.17386661099702749 ) ) ;
#2000 = AXIS2_PLACEMENT_3D ( 'NONE', #2332, #1576, #9147 ) ;
#2001 = ORIENTED_EDGE ( 'NONE', *, *, #5913, .F. ) ;
#2002 = ORIENTED_EDGE ( 'NONE', *, *, #6831, .T. ) ;
#2003 = DIRECTION ( 'NONE',  ( -0.000000000000000000, -0.000000000000000000, 1.000000000000000000 ) ) ;
#2004 = DIRECTION ( 'NONE',  ( 0.000000000000000000, -0.4999999999999998335, -0.8660254037844387076 ) ) ;
#2005 = VECTOR ( 'NONE', #5210, 1000.000000000000114 ) ;
#2006 = AXIS2_PLACEMENT_3D ( 'NONE', #4743, #7817, #7071 ) ;
#2007 = CARTESIAN_POINT ( 'NONE',  ( -45.00000000000000000, 21.77447615628465627, 32.17386661099705236 ) ) ;
#2008 = DIRECTION ( 'NONE',  ( -0.000000000000000000, -0.000000000000000000, 1.000000000000000000 ) ) ;
#2009 = ADVANCED_FACE ( 'NONE', ( #5626 ), #4867, .F. ) ;
#2010 = DIRECTION ( 'NONE',  ( 0.000000000000000000, 0.5000000000000002220, 0.8660254037844384856 ) ) ;
#2011 = LINE ( 'NONE', #5808, #4156 ) ;
#2012 = ORIENTED_EDGE ( 'NONE', *, *, #800, .T. ) ;
#2013 = CARTESIAN_POINT ( 'NONE',  ( -40.60000000000000142, -4.643356216793192104, -35.03240569234299073 ) ) ;
#2014 = ORIENTED_EDGE ( 'NONE', *, *, #2942, .T. ) ;
#2015 = EDGE_LOOP ( 'NONE', ( #9527, #7604, #5589, #8189 ) ) ;
#2016 = VECTOR ( 'NONE', #2325, 1000.000000000000114 ) ;
#2017 = ORIENTED_EDGE ( 'NONE', *, *, #2193, .T. ) ;
#2018 = ORIENTED_EDGE ( 'NONE', *, *, #1888, .F. ) ;
#2019 = EDGE_CURVE ( 'NONE', #5378, #9637, #8145, .T. ) ;
#2020 = CARTESIAN_POINT ( 'NONE',  ( 21.44924440733135640, 30.77350269189625465, 40.59999999999999432 ) ) ;
#2021 = VECTOR ( 'NONE', #2626, 1000.000000000000114 ) ;
#2022 = EDGE_CURVE ( 'NONE', #3145, #3328, #333, .T. ) ;
#2023 = CARTESIAN_POINT ( 'NONE',  ( -45.00000000000000711, 18.88772481033652895, 37.17386661099704526 ) ) ;
#2024 = DIRECTION ( 'NONE',  ( -0.8660254037844384856, -0.5000000000000004441, 0.000000000000000000 ) ) ;
#2025 = EDGE_CURVE ( 'NONE', #8072, #5211, #6592, .T. ) ;
#2026 = EDGE_LOOP ( 'NONE', ( #4658, #1302, #9861, #3868, #5403, #4859 ) ) ;
#2027 = ORIENTED_EDGE ( 'NONE', *, *, #6532, .T. ) ;
#2028 = VECTOR ( 'NONE', #1431, 999.9999999999998863 ) ;
#2029 = CARTESIAN_POINT ( 'NONE',  ( -45.00000000000000711, 13.11422211844026720, -5.724622203665671094 ) ) ;
#2030 = CARTESIAN_POINT ( 'NONE',  ( 32.17386661099703105, 28.22552384371531886, -45.00000000000000000 ) ) ;
#2031 = ADVANCED_FACE ( 'NONE', ( #8791 ), #6538, .F. ) ;
#2032 = LINE ( 'NONE', #7432, #1825 ) ;
#2033 = VECTOR ( 'NONE', #1662, 1000.000000000000114 ) ;
#2034 = DIRECTION ( 'NONE',  ( 0.000000000000000000, 1.000000000000000000, 1.502314598737162976E-16 ) ) ;
#2035 = CARTESIAN_POINT ( 'NONE',  ( -5.724622203665679976, 4.999999999999997335, 40.59999999999999432 ) ) ;
#2036 = EDGE_LOOP ( 'NONE', ( #3258, #1735, #1188, #5227, #6435, #3193 ) ) ;
#2037 = ORIENTED_EDGE ( 'NONE', *, *, #516, .T. ) ;
#2038 = ORIENTED_EDGE ( 'NONE', *, *, #3876, .T. ) ;
#2039 = DIRECTION ( 'NONE',  ( 0.8660254037844388186, -0.4999999999999997780, 0.000000000000000000 ) ) ;
#2040 = VECTOR ( 'NONE', #793, 1000.000000000000000 ) ;
#2041 = ADVANCED_FACE ( 'NONE', ( #1879 ), #2684, .F. ) ;
#2042 = CARTESIAN_POINT ( 'NONE',  ( -40.60000000000000142, 4.999999999999997335, 40.59999999999999432 ) ) ;
#2043 = DIRECTION ( 'NONE',  ( 0.000000000000000000, -0.5000000000000006661, 0.8660254037844381525 ) ) ;
#2044 = CARTESIAN_POINT ( 'NONE',  ( -40.60000000000000142, 30.77350269189622267, 21.44924440733137061 ) ) ;
#2045 = CARTESIAN_POINT ( 'NONE',  ( -4.999999999999999112, 27.88675134594812377, -45.00000000000000000 ) ) ;
#2046 = EDGE_LOOP ( 'NONE', ( #9484, #9026, #5481, #15 ) ) ;
#2047 = AXIS2_PLACEMENT_3D ( 'NONE', #6105, #4542, #9273 ) ;
#2048 = ORIENTED_EDGE ( 'NONE', *, *, #3257, .T. ) ;
#2049 = LINE ( 'NONE', #8856, #3248 ) ;
#2050 = VERTEX_POINT ( 'NONE', #5775 ) ;
#2051 = ORIENTED_EDGE ( 'NONE', *, *, #9037, .F. ) ;
#2052 = CARTESIAN_POINT ( 'NONE',  ( -40.60000000000000142, 21.77447615628465272, 10.72462220366569063 ) ) ;
#2053 = LINE ( 'NONE', #1389, #4770 ) ;
#2054 = DIRECTION ( 'NONE',  ( -0.3939192985791676871, 0.000000000000000000, -0.9191450300180578070 ) ) ;
#2055 = DIRECTION ( 'NONE',  ( 0.000000000000000000, -0.5000000000000006661, 0.8660254037844382635 ) ) ;
#2056 = LINE ( 'NONE', #5160, #2524 ) ;
#2057 = ORIENTED_EDGE ( 'NONE', *, *, #5247, .F. ) ;
#2058 = CARTESIAN_POINT ( 'NONE',  ( 4.999999999999999112, 22.11324865405187268, -45.00000000000000000 ) ) ;
#2059 = EDGE_LOOP ( 'NONE', ( #993, #8940, #298, #1246 ) ) ;
#2060 = ORIENTED_EDGE ( 'NONE', *, *, #8846, .F. ) ;
#2061 = VERTEX_POINT ( 'NONE', #8887 ) ;
#2062 = ORIENTED_EDGE ( 'NONE', *, *, #351, .T. ) ;
#2063 = DIRECTION ( 'NONE',  ( -1.000000000000000000, -6.009258394948641055E-16, 0.000000000000000000 ) ) ;
#2064 = DIRECTION ( 'NONE',  ( 0.000000000000000000, -0.5000000000000006661, 0.8660254037844381525 ) ) ;
#2065 = CARTESIAN_POINT ( 'NONE',  ( -45.00000000000000711, 10.22747077249213810, -10.72462220366567287 ) ) ;
#2066 = VERTEX_POINT ( 'NONE', #8838 ) ;
#2067 = EDGE_LOOP ( 'NONE', ( #9408, #8964, #3792, #1056 ) ) ;
#2068 = EDGE_CURVE ( 'NONE', #8308, #9848, #1926, .T. ) ;
#2069 = PLANE ( 'NONE',  #3795 ) ;
#2070 = DIRECTION ( 'NONE',  ( -3.854941057726242781E-17, -0.8660254037844383745, -0.5000000000000006661 ) ) ;
#2071 = DIRECTION ( 'NONE',  ( -0.000000000000000000, -0.000000000000000000, 1.000000000000000000 ) ) ;
#2072 = CARTESIAN_POINT ( 'NONE',  ( -4.999999999999995559, 22.11324865405186557, 45.00000000000000000 ) ) ;
#2073 = DIRECTION ( 'NONE',  ( 0.000000000000000000, -0.4999999999999998335, -0.8660254037844387076 ) ) ;
#2074 = EDGE_CURVE ( 'NONE', #2913, #9491, #7137, .T. ) ;
#2075 = EDGE_LOOP ( 'NONE', ( #2947, #6499, #5965, #3688 ) ) ;
#2076 = ORIENTED_EDGE ( 'NONE', *, *, #5181, .T. ) ;
#2077 = ADVANCED_FACE ( 'NONE', ( #8084 ), #7189, .F. ) ;
#2078 = EDGE_CURVE ( 'NONE', #1658, #5364, #9497, .T. ) ;
#2079 = ORIENTED_EDGE ( 'NONE', *, *, #2896, .F. ) ;
#2080 = CARTESIAN_POINT ( 'NONE',  ( -27.17386661099703460, 36.88577788155969728, -45.00000000000000000 ) ) ;
#2081 = DIRECTION ( 'NONE',  ( 0.000000000000000000, 1.000000000000000000, 1.502314598737162976E-16 ) ) ;
#2082 = DIRECTION ( 'NONE',  ( 3.854941057726244014E-17, 0.8660254037844382635, 0.5000000000000007772 ) ) ;
#2083 = DIRECTION ( 'NONE',  ( 0.000000000000000000, 1.000000000000000000, 0.000000000000000000 ) ) ;
#2084 = CARTESIAN_POINT ( 'NONE',  ( 5.724622203665681752, 31.11227518966344263, -45.00000000000000000 ) ) ;
#2085 = ORIENTED_EDGE ( 'NONE', *, *, #1711, .T. ) ;
#2086 = ORIENTED_EDGE ( 'NONE', *, *, #3253, .F. ) ;
#2087 = DIRECTION ( 'NONE',  ( -0.4999999999999997780, -0.8660254037844388186, 0.000000000000000000 ) ) ;
#2088 = VERTEX_POINT ( 'NONE', #8738 ) ;
#2089 = VERTEX_POINT ( 'NONE', #1827 ) ;
#2090 = DIRECTION ( 'NONE',  ( 0.8660254037844388186, -0.4999999999999997224, 0.000000000000000000 ) ) ;
#2091 = DIRECTION ( 'NONE',  ( 0.8660254037844383745, 0.5000000000000004441, 0.000000000000000000 ) ) ;
#2092 = LINE ( 'NONE', #7459, #8962 ) ;
#2093 = CARTESIAN_POINT ( 'NONE',  ( 45.00000000000000711, 36.88577788155965465, 5.724622203665679976 ) ) ;
#2094 = CARTESIAN_POINT ( 'NONE',  ( 16.44924440733135640, 27.88675134594812732, -40.59999999999999432 ) ) ;
#2095 = ORIENTED_EDGE ( 'NONE', *, *, #2495, .T. ) ;
#2096 = CARTESIAN_POINT ( 'NONE',  ( 10.72462220366567820, 28.22552384371531886, 45.00000000000000000 ) ) ;
#2097 = VERTEX_POINT ( 'NONE', #4924 ) ;
#2098 = CARTESIAN_POINT ( 'NONE',  ( -45.00000000000000711, 13.11422211844026720, 15.72462220366568175 ) ) ;
#2099 = ORIENTED_EDGE ( 'NONE', *, *, #4768, .F. ) ;
#2100 = ADVANCED_FACE ( 'NONE', ( #1063 ), #4162, .F. ) ;
#2101 = EDGE_LOOP ( 'NONE', ( #5945, #4741, #4684, #5389 ) ) ;
#2102 = LINE ( 'NONE', #8229, #5132 ) ;
#2103 = CARTESIAN_POINT ( 'NONE',  ( 37.17386661099704526, 18.88772481033655737, 45.00000000000000000 ) ) ;
#2104 = FACE_OUTER_BOUND ( 'NONE', #3198, .T. ) ;
#2105 = CARTESIAN_POINT ( 'NONE',  ( -35.03240569234303337, -4.643356216793150359, -40.59999999999999432 ) ) ;
#2106 = AXIS2_PLACEMENT_3D ( 'NONE', #3377, #5012, #5068 ) ;
#2107 = VERTEX_POINT ( 'NONE', #9545 ) ;
#2108 = ORIENTED_EDGE ( 'NONE', *, *, #227, .T. ) ;
#2109 = DIRECTION ( 'NONE',  ( 6.009258394948641055E-16, -1.000000000000000000, 0.000000000000000000 ) ) ;
#2110 = VECTOR ( 'NONE', #821, 999.9999999999998863 ) ;
#2111 = AXIS2_PLACEMENT_3D ( 'NONE', #8496, #9409, #5430 ) ;
#2112 = DIRECTION ( 'NONE',  ( 0.000000000000000000, -0.4999999999999998335, -0.8660254037844387076 ) ) ;
#2113 = EDGE_CURVE ( 'NONE', #9595, #9366, #2630, .T. ) ;
#2114 = LINE ( 'NONE', #6882, #5057 ) ;
#2115 = DIRECTION ( 'NONE',  ( 0.000000000000000000, -1.000000000000000000, -3.004629197474320528E-16 ) ) ;
#2116 = LINE ( 'NONE', #2731, #2995 ) ;
#2117 = EDGE_CURVE ( 'NONE', #8061, #3040, #2777, .T. ) ;
#2118 = CARTESIAN_POINT ( 'NONE',  ( -10.72462220366567820, 10.22747077249217362, 45.00000000000000000 ) ) ;
#2119 = AXIS2_PLACEMENT_3D ( 'NONE', #9720, #3623, #9774 ) ;
#2120 = EDGE_LOOP ( 'NONE', ( #3538, #8559, #3185, #4694, #8319, #3453 ) ) ;
#2121 = VECTOR ( 'NONE', #1439, 1000.000000000000000 ) ;
#2122 = ORIENTED_EDGE ( 'NONE', *, *, #201, .F. ) ;
#2123 = EDGE_LOOP ( 'NONE', ( #6062, #4351, #7351, #2559 ) ) ;
#2124 = CARTESIAN_POINT ( 'NONE',  ( -20.50528320582414921, 39.80507045122018184, -40.59999999999999432 ) ) ;
#2125 = EDGE_CURVE ( 'NONE', #7380, #7212, #7537, .T. ) ;
#2126 = VECTOR ( 'NONE', #9708, 1000.000000000000000 ) ;
#2127 = EDGE_CURVE ( 'NONE', #634, #8996, #4466, .T. ) ;
#2128 = VECTOR ( 'NONE', #9385, 1000.000000000000000 ) ;
#2129 = AXIS2_PLACEMENT_3D ( 'NONE', #9513, #8853, #5641 ) ;
#2130 = AXIS2_PLACEMENT_3D ( 'NONE', #7385, #1813, #7336 ) ;
#2131 = DIRECTION ( 'NONE',  ( -0.8660254037844388186, 0.4999999999999997780, 0.000000000000000000 ) ) ;
#2132 = LINE ( 'NONE', #9659, #7200 ) ;
#2133 = EDGE_CURVE ( 'NONE', #7636, #4415, #6068, .T. ) ;
#2134 = CARTESIAN_POINT ( 'NONE',  ( -45.00000000000000711, 13.11422211844027252, -15.72462220366567465 ) ) ;
#2135 = CARTESIAN_POINT ( 'NONE',  ( 45.00000000000000711, 10.22747077249213810, 10.72462220366567642 ) ) ;
#2136 = EDGE_CURVE ( 'NONE', #4892, #7755, #3696, .T. ) ;
#2137 = VERTEX_POINT ( 'NONE', #3742 ) ;
#2138 = PLANE ( 'NONE',  #3078 ) ;
#2139 = VERTEX_POINT ( 'NONE', #6013 ) ;
#2140 = AXIS2_PLACEMENT_3D ( 'NONE', #6229, #6938, #2373 ) ;
#2141 = ORIENTED_EDGE ( 'NONE', *, *, #4809, .F. ) ;
#2142 = VECTOR ( 'NONE', #2790, 1000.000000000000114 ) ;
#2143 = PLANE ( 'NONE',  #1673 ) ;
#2144 = LINE ( 'NONE', #6040, #9264 ) ;
#2145 = LINE ( 'NONE', #5250, #8884 ) ;
#2146 = CARTESIAN_POINT ( 'NONE',  ( 42.99999999999999289, 0.000000000000000000, -43.00000000000000000 ) ) ;
#2147 = CARTESIAN_POINT ( 'NONE',  ( -27.17386661099703460, 36.88577788155969728, 40.59999999999996589 ) ) ;
#2148 = VECTOR ( 'NONE', #6779, 1000.000000000000114 ) ;
#2149 = EDGE_CURVE ( 'NONE', #9905, #8976, #6824, .T. ) ;
#2150 = CARTESIAN_POINT ( 'NONE',  ( -21.44924440733135640, 30.77350269189625109, -45.00000000000000000 ) ) ;
#2151 = VECTOR ( 'NONE', #4777, 1000.000000000000000 ) ;
#2152 = DIRECTION ( 'NONE',  ( 0.000000000000000000, 0.5000000000000006661, -0.8660254037844383745 ) ) ;
#2153 = VECTOR ( 'NONE', #5147, 1000.000000000000000 ) ;
#2154 = EDGE_LOOP ( 'NONE', ( #830, #6061, #878, #4370 ) ) ;
#2155 = FACE_OUTER_BOUND ( 'NONE', #9474, .T. ) ;
#2156 = VERTEX_POINT ( 'NONE', #9138 ) ;
#2157 = ORIENTED_EDGE ( 'NONE', *, *, #9318, .F. ) ;
#2158 = AXIS2_PLACEMENT_3D ( 'NONE', #4185, #2447, #9476 ) ;
#2159 = VECTOR ( 'NONE', #4239, 1000.000000000000114 ) ;
#2160 = DIRECTION ( 'NONE',  ( 0.000000000000000000, 0.5000000000000002220, 0.8660254037844384856 ) ) ;
#2161 = EDGE_CURVE ( 'NONE', #5443, #4194, #8340, .T. ) ;
#2162 = CARTESIAN_POINT ( 'NONE',  ( -45.00000000000000711, 22.11324865405185491, 5.000000000000009770 ) ) ;
#2163 = EDGE_CURVE ( 'NONE', #7942, #2097, #488, .T. ) ;
#2164 = LINE ( 'NONE', #1405, #2005 ) ;
#2165 = PLANE ( 'NONE',  #1070 ) ;
#2166 = AXIS2_PLACEMENT_3D ( 'NONE', #4069, #9507, #5634 ) ;
#2167 = VERTEX_POINT ( 'NONE', #3594 ) ;
#2168 = EDGE_LOOP ( 'NONE', ( #5928, #1195, #8093, #2973, #4270, #6179 ) ) ;
#2169 = DIRECTION ( 'NONE',  ( 1.000000000000000000, -0.000000000000000000, -7.709882115452476934E-17 ) ) ;
#2170 = VECTOR ( 'NONE', #3737, 1000.000000000000000 ) ;
#2171 = LINE ( 'NONE', #6734, #4247 ) ;
#2172 = CARTESIAN_POINT ( 'NONE',  ( 10.72462220366567820, 28.22552384371531886, -45.00000000000000000 ) ) ;
#2173 = CARTESIAN_POINT ( 'NONE',  ( 43.00000000000000711, 2.000000000000000000, 43.00000000000000000 ) ) ;
#2174 = DIRECTION ( 'NONE',  ( 1.000000000000000000, -0.000000000000000000, -7.709882115452476934E-17 ) ) ;
#2175 = LINE ( 'NONE', #632, #7680 ) ;
#2176 = DIRECTION ( 'NONE',  ( -0.000000000000000000, -0.000000000000000000, 1.000000000000000000 ) ) ;
#2177 = VECTOR ( 'NONE', #9181, 1000.000000000000114 ) ;
#2178 = ORIENTED_EDGE ( 'NONE', *, *, #3213, .T. ) ;
#2179 = EDGE_LOOP ( 'NONE', ( #1884, #6413, #428, #6681, #4149, #438 ) ) ;
#2180 = ORIENTED_EDGE ( 'NONE', *, *, #4744, .F. ) ;
#2181 = CARTESIAN_POINT ( 'NONE',  ( 45.00000000000000711, 27.88675134594809180, 26.44924440733135640 ) ) ;
#2182 = VECTOR ( 'NONE', #263, 1000.000000000000000 ) ;
#2183 = CARTESIAN_POINT ( 'NONE',  ( 10.72462220366567820, 21.77447615628468824, -45.00000000000000000 ) ) ;
#2184 = CARTESIAN_POINT ( 'NONE',  ( -45.00000000000000711, 2.000000000000001776, -45.00000000000000000 ) ) ;
#2185 = LINE ( 'NONE', #602, #3428 ) ;
#2186 = ORIENTED_EDGE ( 'NONE', *, *, #6835, .F. ) ;
#2187 = LINE ( 'NONE', #2280, #4709 ) ;
#2188 = EDGE_CURVE ( 'NONE', #8879, #8676, #5316, .T. ) ;
#2189 = AXIS2_PLACEMENT_3D ( 'NONE', #4003, #7985, #4155 ) ;
#2190 = ORIENTED_EDGE ( 'NONE', *, *, #6537, .F. ) ;
#2191 = ORIENTED_EDGE ( 'NONE', *, *, #7470, .T. ) ;
#2192 = FACE_OUTER_BOUND ( 'NONE', #728, .T. ) ;
#2193 = EDGE_CURVE ( 'NONE', #159, #751, #5273, .T. ) ;
#2194 = LINE ( 'NONE', #2339, #1688 ) ;
#2195 = ADVANCED_FACE ( 'NONE', ( #3647 ), #8382, .F. ) ;
#2196 = CARTESIAN_POINT ( 'NONE',  ( -45.00000000000000711, 19.22649730810370627, -21.44924440733134929 ) ) ;
#2197 = CARTESIAN_POINT ( 'NONE',  ( -45.00000000000000711, 31.11227518966340355, -27.17386661099701328 ) ) ;
#2198 = VECTOR ( 'NONE', #522, 1000.000000000000114 ) ;
#2199 = FACE_OUTER_BOUND ( 'NONE', #6222, .T. ) ;
#2200 = VERTEX_POINT ( 'NONE', #2828 ) ;
#2201 = DIRECTION ( 'NONE',  ( 7.709882115452476934E-17, -3.004629197474320528E-16, 1.000000000000000000 ) ) ;
#2202 = EDGE_LOOP ( 'NONE', ( #1221, #1793, #8668, #5503, #3424, #3527 ) ) ;
#2203 = CARTESIAN_POINT ( 'NONE',  ( 9.545941546018383406, 0.000000000000000000, 9.545941546018388735 ) ) ;
#2204 = EDGE_CURVE ( 'NONE', #4771, #4933, #5923, .T. ) ;
#2205 = ORIENTED_EDGE ( 'NONE', *, *, #6942, .T. ) ;
#2206 = ORIENTED_EDGE ( 'NONE', *, *, #2163, .F. ) ;
#2207 = FACE_OUTER_BOUND ( 'NONE', #1310, .T. ) ;
#2208 = ADVANCED_FACE ( 'NONE', ( #1316 ), #8194, .F. ) ;
#2209 = EDGE_CURVE ( 'NONE', #365, #2256, #6638, .T. ) ;
#2210 = CARTESIAN_POINT ( 'NONE',  ( -21.44924440733135640, 30.77350269189625109, -45.00000000000000000 ) ) ;
#2211 = CARTESIAN_POINT ( 'NONE',  ( 33.34396987557884984, 10.00000000000000000, -17.08051390828826044 ) ) ;
#2212 = CARTESIAN_POINT ( 'NONE',  ( 26.44924440733135285, 22.11324865405187978, 40.59999999999996589 ) ) ;
#2213 = DIRECTION ( 'NONE',  ( 0.000000000000000000, -1.000000000000000000, -3.004629197474320035E-16 ) ) ;
#2214 = VERTEX_POINT ( 'NONE', #9801 ) ;
#2215 = ORIENTED_EDGE ( 'NONE', *, *, #456, .T. ) ;
#2216 = EDGE_CURVE ( 'NONE', #4852, #4327, #4364, .T. ) ;
#2217 = LINE ( 'NONE', #5216, #7499 ) ;
#2218 = CARTESIAN_POINT ( 'NONE',  ( 10.72462220366567820, 39.77252922750782460, -45.00000000000000000 ) ) ;
#2219 = DIRECTION ( 'NONE',  ( 0.8660254037844388186, -0.4999999999999997224, 0.000000000000000000 ) ) ;
#2220 = CARTESIAN_POINT ( 'NONE',  ( 40.59999999999999432, 4.999999999999992895, -27.17386661099702749 ) ) ;
#2221 = FACE_OUTER_BOUND ( 'NONE', #9766, .T. ) ;
#2222 = CARTESIAN_POINT ( 'NONE',  ( 27.17386661099703460, 13.11422211844030450, -45.00000000000000000 ) ) ;
#2223 = ORIENTED_EDGE ( 'NONE', *, *, #6733, .F. ) ;
#2224 = VERTEX_POINT ( 'NONE', #9032 ) ;
#2225 = EDGE_CURVE ( 'NONE', #2609, #9680, #2032, .T. ) ;
#2226 = ORIENTED_EDGE ( 'NONE', *, *, #7228, .F. ) ;
#2227 = EDGE_CURVE ( 'NONE', #3615, #3511, #9842, .T. ) ;
#2228 = DIRECTION ( 'NONE',  ( 0.000000000000000000, 0.5000000000000002220, 0.8660254037844384856 ) ) ;
#2229 = DIRECTION ( 'NONE',  ( -0.000000000000000000, 1.000000000000000000, -0.000000000000000000 ) ) ;
#2230 = CARTESIAN_POINT ( 'NONE',  ( 40.59999999999999432, 4.999999999999997335, -40.59999999999999432 ) ) ;
#2231 = DIRECTION ( 'NONE',  ( -0.000000000000000000, 1.000000000000000000, -0.000000000000000000 ) ) ;
#2232 = CARTESIAN_POINT ( 'NONE',  ( -40.60000000000000142, 62.59140552900266385, -7.349586514821350391 ) ) ;
#2233 = ORIENTED_EDGE ( 'NONE', *, *, #9726, .T. ) ;
#2234 = DIRECTION ( 'NONE',  ( 0.000000000000000000, 0.000000000000000000, -1.000000000000000000 ) ) ;
#2235 = ORIENTED_EDGE ( 'NONE', *, *, #7271, .F. ) ;
#2236 = ORIENTED_EDGE ( 'NONE', *, *, #8885, .T. ) ;
#2237 = LINE ( 'NONE', #6903, #8444 ) ;
#2238 = DIRECTION ( 'NONE',  ( -7.709882115452476934E-17, 0.000000000000000000, -1.000000000000000000 ) ) ;
#2239 = PLANE ( 'NONE',  #7454 ) ;
#2240 = EDGE_CURVE ( 'NONE', #9668, #8784, #5569, .T. ) ;
#2241 = CARTESIAN_POINT ( 'NONE',  ( 26.44924440733135285, 4.999999999999997335, 40.59999999999999432 ) ) ;
#2242 = CARTESIAN_POINT ( 'NONE',  ( 42.99999999999997868, 45.00000000000000000, -43.00000000000000000 ) ) ;
#2243 = EDGE_LOOP ( 'NONE', ( #5164, #6627, #1959, #9605 ) ) ;
#2244 = DIRECTION ( 'NONE',  ( 7.709882115452476934E-17, -3.004629197474320528E-16, 1.000000000000000000 ) ) ;
#2245 = ORIENTED_EDGE ( 'NONE', *, *, #1271, .F. ) ;
#2246 = PLANE ( 'NONE',  #3086 ) ;
#2247 = EDGE_LOOP ( 'NONE', ( #1259, #541, #4839, #3512 ) ) ;
#2248 = ORIENTED_EDGE ( 'NONE', *, *, #285, .F. ) ;
#2249 = CARTESIAN_POINT ( 'NONE',  ( -40.60000000000000142, 44.64335621679312993, -17.71189761665422324 ) ) ;
#2250 = CARTESIAN_POINT ( 'NONE',  ( -18.07420871848709965, 44.01581498027240968, -40.59999999999999432 ) ) ;
#2251 = EDGE_CURVE ( 'NONE', #1744, #1028, #9227, .T. ) ;
#2252 = DIRECTION ( 'NONE',  ( 3.854941057726236618E-17, -0.8660254037844387076, 0.4999999999999998335 ) ) ;
#2253 = EDGE_CURVE ( 'NONE', #1288, #4771, #9282, .T. ) ;
#2254 = LINE ( 'NONE', #5348, #1198 ) ;
#2255 = EDGE_LOOP ( 'NONE', ( #1625, #9150, #9382, #1669 ) ) ;
#2256 = VERTEX_POINT ( 'NONE', #3842 ) ;
#2257 = ADVANCED_FACE ( 'NONE', ( #2410 ), #2315, .F. ) ;
#2258 = EDGE_CURVE ( 'NONE', #3653, #1009, #7725, .T. ) ;
#2259 = DIRECTION ( 'NONE',  ( 7.709882115452476934E-17, -3.004629197474320528E-16, 1.000000000000000000 ) ) ;
#2260 = DIRECTION ( 'NONE',  ( 1.000000000000000000, -0.000000000000000000, -7.709882115452476934E-17 ) ) ;
#2261 = LINE ( 'NONE', #3516, #3904 ) ;
#2262 = CARTESIAN_POINT ( 'NONE',  ( -40.60000000000000142, 18.88772481033651474, -15.72462220366567820 ) ) ;
#2263 = DIRECTION ( 'NONE',  ( -0.000000000000000000, -0.000000000000000000, 1.000000000000000000 ) ) ;
#2264 = CARTESIAN_POINT ( 'NONE',  ( -45.00000000000000711, 31.11227518966341066, -15.72462220366567465 ) ) ;
#2265 = EDGE_LOOP ( 'NONE', ( #5646, #9004, #9039, #7672, #5927, #8949 ) ) ;
#2266 = EDGE_LOOP ( 'NONE', ( #788, #584, #7836, #787 ) ) ;
#2267 = ORIENTED_EDGE ( 'NONE', *, *, #848, .T. ) ;
#2268 = VECTOR ( 'NONE', #5805, 1000.000000000000000 ) ;
#2269 = VERTEX_POINT ( 'NONE', #782 ) ;
#2270 = AXIS2_PLACEMENT_3D ( 'NONE', #6448, #8907, #8013 ) ;
#2271 = DIRECTION ( 'NONE',  ( 0.000000000000000000, -1.000000000000000000, -3.004629197474320035E-16 ) ) ;
#2272 = CARTESIAN_POINT ( 'NONE',  ( 10.72462220366567820, 10.22747077249218073, 40.59999999999996589 ) ) ;
#2273 = CARTESIAN_POINT ( 'NONE',  ( -32.63686309439229660, 2.499999999999987566, 17.08051390828825333 ) ) ;
#2274 = VECTOR ( 'NONE', #9945, 999.9999999999998863 ) ;
#2275 = CARTESIAN_POINT ( 'NONE',  ( -40.60000000000000142, 36.88577788155966175, 15.72462220366568530 ) ) ;
#2276 = ADVANCED_FACE ( 'NONE', ( #9178 ), #5460, .F. ) ;
#2277 = LINE ( 'NONE', #6702, #4086 ) ;
#2278 = VECTOR ( 'NONE', #3314, 1000.000000000000114 ) ;
#2279 = ORIENTED_EDGE ( 'NONE', *, *, #5471, .F. ) ;
#2280 = CARTESIAN_POINT ( 'NONE',  ( 40.59999999999999432, 33.25018867790190313, -24.28974596215558890 ) ) ;
#2281 = ORIENTED_EDGE ( 'NONE', *, *, #3403, .F. ) ;
#2282 = EDGE_LOOP ( 'NONE', ( #3635, #3490, #969, #5877 ) ) ;
#2283 = DIRECTION ( 'NONE',  ( -0.4999999999999998890, 0.8660254037844387076, 0.000000000000000000 ) ) ;
#2284 = VECTOR ( 'NONE', #3391, 1000.000000000000114 ) ;
#2285 = PLANE ( 'NONE',  #3316 ) ;
#2286 = DIRECTION ( 'NONE',  ( -3.854941057726242781E-17, -0.8660254037844383745, -0.5000000000000006661 ) ) ;
#2287 = CARTESIAN_POINT ( 'NONE',  ( -45.00000000000000711, 21.77447615628465272, -10.72462220366566577 ) ) ;
#2288 = LINE ( 'NONE', #5490, #6018 ) ;
#2289 = VERTEX_POINT ( 'NONE', #8525 ) ;
#2290 = DIRECTION ( 'NONE',  ( 0.8660254037844388186, -0.4999999999999997224, 0.000000000000000000 ) ) ;
#2291 = VECTOR ( 'NONE', #2229, 1000.000000000000000 ) ;
#2292 = EDGE_LOOP ( 'NONE', ( #1373, #29, #7559, #6801 ) ) ;
#2293 = FACE_OUTER_BOUND ( 'NONE', #5239, .T. ) ;
#2294 = VECTOR ( 'NONE', #5817, 1000.000000000000000 ) ;
#2295 = ORIENTED_EDGE ( 'NONE', *, *, #2681, .F. ) ;
#2296 = ORIENTED_EDGE ( 'NONE', *, *, #1573, .T. ) ;
#2297 = CARTESIAN_POINT ( 'NONE',  ( -40.39471679417587069, 4.644439057571969620, -40.59999999999999432 ) ) ;
#2298 = AXIS2_PLACEMENT_3D ( 'NONE', #5082, #2730, #3388 ) ;
#2299 = DIRECTION ( 'NONE',  ( 3.854941057726236618E-17, -0.8660254037844387076, 0.4999999999999998335 ) ) ;
#2300 = VECTOR ( 'NONE', #7011, 1000.000000000000000 ) ;
#2301 = CARTESIAN_POINT ( 'NONE',  ( 0.000000000000000000, 45.00000000000000000, 0.000000000000000000 ) ) ;
#2302 = DIRECTION ( 'NONE',  ( -0.000000000000000000, -0.000000000000000000, 1.000000000000000000 ) ) ;
#2303 = CARTESIAN_POINT ( 'NONE',  ( 27.17386661099703460, 18.88772481033656092, -45.00000000000000000 ) ) ;
#2304 = LINE ( 'NONE', #8469, #5034 ) ;
#2305 = AXIS2_PLACEMENT_3D ( 'NONE', #8208, #8101, #6650 ) ;
#2306 = ORIENTED_EDGE ( 'NONE', *, *, #1454, .F. ) ;
#2307 = ORIENTED_EDGE ( 'NONE', *, *, #4139, .T. ) ;
#2308 = VECTOR ( 'NONE', #6129, 1000.000000000000000 ) ;
#2309 = VECTOR ( 'NONE', #5146, 1000.000000000000000 ) ;
#2310 = ADVANCED_FACE ( 'NONE', ( #841 ), #5409, .F. ) ;
#2311 = DIRECTION ( 'NONE',  ( 0.000000000000000000, -0.4999999999999998335, -0.8660254037844387076 ) ) ;
#2312 = CIRCLE ( 'NONE', #7979, 2.000000000000001776 ) ;
#2313 = ADVANCED_FACE ( 'NONE', ( #7035 ), #80, .F. ) ;
#2314 = LINE ( 'NONE', #1717, #2934 ) ;
#2315 = PLANE ( 'NONE',  #1996 ) ;
#2316 = DIRECTION ( 'NONE',  ( -7.709882115452476934E-17, 1.502314598737162976E-16, -1.000000000000000000 ) ) ;
#2317 = DIRECTION ( 'NONE',  ( -2.312964634635743450E-16, 0.000000000000000000, -1.000000000000000000 ) ) ;
#2318 = DIRECTION ( 'NONE',  ( 1.000000000000000000, -0.000000000000000000, -7.709882115452476934E-17 ) ) ;
#2319 = ORIENTED_EDGE ( 'NONE', *, *, #7439, .F. ) ;
#2320 = VERTEX_POINT ( 'NONE', #4603 ) ;
#2321 = VERTEX_POINT ( 'NONE', #24 ) ;
#2322 = EDGE_CURVE ( 'NONE', #8178, #3077, #3178, .T. ) ;
#2323 = VECTOR ( 'NONE', #1015, 1000.000000000000000 ) ;
#2324 = ORIENTED_EDGE ( 'NONE', *, *, #3683, .T. ) ;
#2325 = DIRECTION ( 'NONE',  ( 0.8660254037844387076, 0.4999999999999998890, 0.000000000000000000 ) ) ;
#2326 = EDGE_CURVE ( 'NONE', #8273, #7436, #1560, .T. ) ;
#2327 = EDGE_CURVE ( 'NONE', #4621, #1044, #7833, .T. ) ;
#2328 = DIRECTION ( 'NONE',  ( 0.000000000000000000, -0.5000000000000006661, 0.8660254037844382635 ) ) ;
#2329 = LINE ( 'NONE', #4614, #3766 ) ;
#2330 = DIRECTION ( 'NONE',  ( -0.000000000000000000, -0.000000000000000000, 1.000000000000000000 ) ) ;
#2331 = VECTOR ( 'NONE', #5802, 1000.000000000000000 ) ;
#2332 = CARTESIAN_POINT ( 'NONE',  ( -45.00000000000000711, 39.77252922750778907, 32.17386661099704526 ) ) ;
#2333 = DIRECTION ( 'NONE',  ( 1.000000000000000000, -0.000000000000000000, -7.709882115452476934E-17 ) ) ;
#2334 = ORIENTED_EDGE ( 'NONE', *, *, #7924, .F. ) ;
#2335 = CARTESIAN_POINT ( 'NONE',  ( -40.60000000000000142, 4.999999999999997335, -40.59999999999999432 ) ) ;
#2336 = EDGE_LOOP ( 'NONE', ( #8386, #7175, #7882, #9262 ) ) ;
#2337 = EDGE_LOOP ( 'NONE', ( #3196, #6625, #7561, #7849 ) ) ;
#2338 = VECTOR ( 'NONE', #6161, 1000.000000000000000 ) ;
#2339 = CARTESIAN_POINT ( 'NONE',  ( -10.72462220366567820, 21.77447615628468114, -45.00000000000000000 ) ) ;
#2340 = ADVANCED_FACE ( 'NONE', ( #6216 ), #4002, .F. ) ;
#2341 = CARTESIAN_POINT ( 'NONE',  ( 32.17386661099703105, 21.77447615628468824, -45.00000000000000000 ) ) ;
#2342 = DIRECTION ( 'NONE',  ( -0.000000000000000000, 1.000000000000000000, -0.000000000000000000 ) ) ;
#2343 = DIRECTION ( 'NONE',  ( 6.009258394948641055E-16, -1.000000000000000000, 0.000000000000000000 ) ) ;
#2344 = LINE ( 'NONE', #9312, #5706 ) ;
#2345 = EDGE_LOOP ( 'NONE', ( #9203, #603, #2190, #4845 ) ) ;
#2346 = LINE ( 'NONE', #3206, #3269 ) ;
#2347 = VECTOR ( 'NONE', #4790, 1000.000000000000000 ) ;
#2348 = ORIENTED_EDGE ( 'NONE', *, *, #318, .T. ) ;
#2349 = CARTESIAN_POINT ( 'NONE',  ( -45.00000000000000711, 31.11227518966341066, -15.72462220366567465 ) ) ;
#2350 = ORIENTED_EDGE ( 'NONE', *, *, #9295, .T. ) ;
#2351 = VERTEX_POINT ( 'NONE', #6111 ) ;
#2352 = PLANE ( 'NONE',  #5719 ) ;
#2353 = VECTOR ( 'NONE', #8792, 999.9999999999998863 ) ;
#2354 = CARTESIAN_POINT ( 'NONE',  ( -37.17386661099703105, 36.88577788155969728, -45.00000000000000000 ) ) ;
#2355 = LINE ( 'NONE', #67, #6821 ) ;
#2356 = CARTESIAN_POINT ( 'NONE',  ( -45.00000000000000711, 30.77350269189624399, 1.593059013371397998E-14 ) ) ;
#2357 = LINE ( 'NONE', #9171, #5767 ) ;
#2358 = ORIENTED_EDGE ( 'NONE', *, *, #6223, .F. ) ;
#2359 = VERTEX_POINT ( 'NONE', #2262 ) ;
#2360 = VERTEX_POINT ( 'NONE', #7082 ) ;
#2361 = CARTESIAN_POINT ( 'NONE',  ( 26.44924440733135285, 27.88675134594812732, -45.00000000000000000 ) ) ;
#2362 = LINE ( 'NONE', #6264, #5860 ) ;
#2363 = DIRECTION ( 'NONE',  ( 0.8660254037844388186, -0.4999999999999997780, 0.000000000000000000 ) ) ;
#2364 = EDGE_CURVE ( 'NONE', #690, #9637, #3224, .T. ) ;
#2365 = PLANE ( 'NONE',  #2677 ) ;
#2366 = DIRECTION ( 'NONE',  ( 0.000000000000000000, -0.4999999999999998335, -0.8660254037844387076 ) ) ;
#2367 = CARTESIAN_POINT ( 'NONE',  ( -45.00000000000000000, 2.000000000000001776, 45.00000000000000000 ) ) ;
#2368 = ORIENTED_EDGE ( 'NONE', *, *, #439, .T. ) ;
#2369 = EDGE_LOOP ( 'NONE', ( #6670, #9588, #2656, #9744 ) ) ;
#2370 = ORIENTED_EDGE ( 'NONE', *, *, #6547, .T. ) ;
#2371 = DIRECTION ( 'NONE',  ( 0.000000000000000000, -1.000000000000000000, 0.000000000000000000 ) ) ;
#2372 = CARTESIAN_POINT ( 'NONE',  ( 37.17386661099703105, 31.11227518966344974, 40.59999999999996589 ) ) ;
#2373 = DIRECTION ( 'NONE',  ( 0.000000000000000000, -0.4999999999999998335, -0.8660254037844387076 ) ) ;
#2374 = ADVANCED_FACE ( 'NONE', ( #7628, #3799, #6883, #5360, #8426, #7678, #734, #3333, #7880, #1814, #4970, #8682 ), #5717, .F. ) ;
#2375 = LINE ( 'NONE', #3190, #2837 ) ;
#2376 = CARTESIAN_POINT ( 'NONE',  ( -45.00000000000000711, 28.22552384371527623, 10.72462220366568353 ) ) ;
#2377 = DIRECTION ( 'NONE',  ( 0.000000000000000000, -0.5000000000000006661, 0.8660254037844382635 ) ) ;
#2378 = EDGE_CURVE ( 'NONE', #1086, #2320, #6585, .T. ) ;
#2379 = ORIENTED_EDGE ( 'NONE', *, *, #6025, .T. ) ;
#2380 = LINE ( 'NONE', #4017, #5675 ) ;
#2381 = CARTESIAN_POINT ( 'NONE',  ( -1.103125484187130745, 1.999999999999991340, -15.16033048310347553 ) ) ;
#2382 = ORIENTED_EDGE ( 'NONE', *, *, #9702, .T. ) ;
#2383 = VERTEX_POINT ( 'NONE', #4913 ) ;
#2384 = DIRECTION ( 'NONE',  ( 0.000000000000000000, 0.000000000000000000, -1.000000000000000000 ) ) ;
#2385 = FACE_BOUND ( 'NONE', #1781, .T. ) ;
#2386 = EDGE_CURVE ( 'NONE', #3678, #5378, #8782, .T. ) ;
#2387 = LINE ( 'NONE', #4528, #1972 ) ;
#2388 = DIRECTION ( 'NONE',  ( 6.009258394948640069E-16, -1.000000000000000000, 0.000000000000000000 ) ) ;
#2389 = CARTESIAN_POINT ( 'NONE',  ( -45.00000000000000711, 36.88577788155965465, -15.72462220366567109 ) ) ;
#2390 = CARTESIAN_POINT ( 'NONE',  ( -37.17386661099703105, 31.11227518966343553, -45.00000000000000000 ) ) ;
#2391 = ORIENTED_EDGE ( 'NONE', *, *, #418, .F. ) ;
#2392 = DIRECTION ( 'NONE',  ( 6.009258394948641055E-16, -1.000000000000000000, 0.000000000000000000 ) ) ;
#2393 = ORIENTED_EDGE ( 'NONE', *, *, #6214, .F. ) ;
#2394 = CARTESIAN_POINT ( 'NONE',  ( 5.724622203665678200, 36.88577788155969728, -40.59999999999999432 ) ) ;
#2395 = FACE_OUTER_BOUND ( 'NONE', #9915, .T. ) ;
#2396 = ORIENTED_EDGE ( 'NONE', *, *, #1465, .T. ) ;
#2397 = ORIENTED_EDGE ( 'NONE', *, *, #2920, .T. ) ;
#2398 = CARTESIAN_POINT ( 'NONE',  ( 40.59999999999999432, 27.43077413535440812, -53.55041348517856648 ) ) ;
#2399 = EDGE_CURVE ( 'NONE', #3274, #242, #2522, .T. ) ;
#2400 = CARTESIAN_POINT ( 'NONE',  ( 40.59999999999999432, 4.999999999999990230, 5.724622203665672870 ) ) ;
#2401 = PLANE ( 'NONE',  #2455 ) ;
#2402 = CARTESIAN_POINT ( 'NONE',  ( 4.999999999999999112, 27.88675134594812377, -45.00000000000000000 ) ) ;
#2403 = LINE ( 'NONE', #1141, #8487 ) ;
#2404 = ORIENTED_EDGE ( 'NONE', *, *, #9386, .F. ) ;
#2405 = EDGE_CURVE ( 'NONE', #6449, #5721, #4098, .T. ) ;
#2406 = EDGE_LOOP ( 'NONE', ( #9835, #2634, #5394, #7697 ) ) ;
#2407 = EDGE_LOOP ( 'NONE', ( #3751, #4334, #7881, #4228, #7222, #224 ) ) ;
#2408 = DIRECTION ( 'NONE',  ( 3.854941057726244014E-17, 0.8660254037844382635, 0.5000000000000007772 ) ) ;
#2409 = CARTESIAN_POINT ( 'NONE',  ( -45.00000000000000711, 39.77252922750778907, -32.17386661099700973 ) ) ;
#2410 = FACE_OUTER_BOUND ( 'NONE', #5171, .T. ) ;
#2411 = LINE ( 'NONE', #1054, #5598 ) ;
#2412 = FACE_BOUND ( 'NONE', #9664, .T. ) ;
#2413 = ORIENTED_EDGE ( 'NONE', *, *, #4451, .T. ) ;
#2414 = ORIENTED_EDGE ( 'NONE', *, *, #4210, .F. ) ;
#2415 = EDGE_LOOP ( 'NONE', ( #786, #3075, #4229, #1487 ) ) ;
#2416 = ORIENTED_EDGE ( 'NONE', *, *, #4363, .F. ) ;
#2417 = DIRECTION ( 'NONE',  ( -0.000000000000000000, -0.000000000000000000, 1.000000000000000000 ) ) ;
#2418 = EDGE_CURVE ( 'NONE', #8365, #2139, #1103, .T. ) ;
#2419 = FACE_BOUND ( 'NONE', #2757, .T. ) ;
#2420 = LINE ( 'NONE', #3851, #8588 ) ;
#2421 = CARTESIAN_POINT ( 'NONE',  ( 27.17386661099703460, 31.11227518966344263, -45.00000000000000000 ) ) ;
#2422 = DIRECTION ( 'NONE',  ( -0.8660254037844387076, 0.4999999999999998890, 0.000000000000000000 ) ) ;
#2423 = DIRECTION ( 'NONE',  ( 0.000000000000000000, -0.5000000000000006661, 0.8660254037844382635 ) ) ;
#2424 = VECTOR ( 'NONE', #3278, 1000.000000000000000 ) ;
#2425 = ORIENTED_EDGE ( 'NONE', *, *, #497, .T. ) ;
#2426 = CARTESIAN_POINT ( 'NONE',  ( -29.67009459051019604, -13.93115149115827300, -40.59999999999999432 ) ) ;
#2427 = ORIENTED_EDGE ( 'NONE', *, *, #6335, .F. ) ;
#2428 = VERTEX_POINT ( 'NONE', #2725 ) ;
#2429 = CARTESIAN_POINT ( 'NONE',  ( 40.59999999999997300, 36.88577788155966175, 37.17386661099703815 ) ) ;
#2430 = ADVANCED_FACE ( 'NONE', ( #3282 ), #2617, .F. ) ;
#2431 = LINE ( 'NONE', #5534, #4132 ) ;
#2432 = EDGE_CURVE ( 'NONE', #1276, #2912, #5617, .T. ) ;
#2433 = AXIS2_PLACEMENT_3D ( 'NONE', #7666, #9374, #6254 ) ;
#2434 = CARTESIAN_POINT ( 'NONE',  ( -24.65205706398846175, 32.62264744138117578, -40.59999999999999432 ) ) ;
#2435 = DIRECTION ( 'NONE',  ( -1.000000000000000000, -6.009258394948641055E-16, 0.000000000000000000 ) ) ;
#2436 = LINE ( 'NONE', #2241, #3149 ) ;
#2437 = LINE ( 'NONE', #4583, #2787 ) ;
#2438 = EDGE_CURVE ( 'NONE', #2737, #4808, #4856, .T. ) ;
#2439 = VERTEX_POINT ( 'NONE', #7276 ) ;
#2440 = DIRECTION ( 'NONE',  ( -0.8660254037844387076, 0.4999999999999998890, 0.000000000000000000 ) ) ;
#2441 = VERTEX_POINT ( 'NONE', #7923 ) ;
#2442 = DIRECTION ( 'NONE',  ( 6.009258394948640069E-16, -1.000000000000000000, 0.000000000000000000 ) ) ;
#2443 = LINE ( 'NONE', #3984, #9208 ) ;
#2444 = EDGE_LOOP ( 'NONE', ( #2099, #2849, #8810, #2743 ) ) ;
#2445 = AXIS2_PLACEMENT_3D ( 'NONE', #5251, #3571, #9674 ) ;
#2446 = ORIENTED_EDGE ( 'NONE', *, *, #1184, .T. ) ;
#2447 = DIRECTION ( 'NONE',  ( -3.854941057726242781E-17, -0.8660254037844383745, -0.5000000000000006661 ) ) ;
#2448 = CARTESIAN_POINT ( 'NONE',  ( 40.59999999999999432, -22.59140552900267451, -24.67009459051018183 ) ) ;
#2449 = DIRECTION ( 'NONE',  ( 0.000000000000000000, -0.5000000000000007772, 0.8660254037844382635 ) ) ;
#2450 = VECTOR ( 'NONE', #2377, 1000.000000000000000 ) ;
#2451 = LINE ( 'NONE', #10, #8112 ) ;
#2452 = AXIS2_PLACEMENT_3D ( 'NONE', #8653, #99, #7243 ) ;
#2453 = VECTOR ( 'NONE', #7065, 1000.000000000000000 ) ;
#2454 = ADVANCED_FACE ( 'NONE', ( #9444 ), #8637, .F. ) ;
#2455 = AXIS2_PLACEMENT_3D ( 'NONE', #2301, #4748, #6965 ) ;
#2456 = CARTESIAN_POINT ( 'NONE',  ( 40.59999999999997300, 13.11422211844026720, -5.724622203665678200 ) ) ;
#2457 = DIRECTION ( 'NONE',  ( 0.000000000000000000, -1.000000000000000000, 0.000000000000000000 ) ) ;
#2458 = ORIENTED_EDGE ( 'NONE', *, *, #1480, .T. ) ;
#2459 = ORIENTED_EDGE ( 'NONE', *, *, #5896, .F. ) ;
#2460 = ORIENTED_EDGE ( 'NONE', *, *, #2022, .T. ) ;
#2461 = VECTOR ( 'NONE', #2131, 1000.000000000000114 ) ;
#2462 = VECTOR ( 'NONE', #1954, 1000.000000000000000 ) ;
#2463 = EDGE_CURVE ( 'NONE', #955, #1836, #5660, .T. ) ;
#2464 = PLANE ( 'NONE',  #337 ) ;
#2465 = DIRECTION ( 'NONE',  ( -0.8660254037844387076, 0.4999999999999998890, 0.000000000000000000 ) ) ;
#2466 = DIRECTION ( 'NONE',  ( -0.8660254037844388186, 0.4999999999999997780, 0.000000000000000000 ) ) ;
#2467 = CARTESIAN_POINT ( 'NONE',  ( -40.60000000000000142, 31.11227518966340355, -27.17386661099701328 ) ) ;
#2468 = VECTOR ( 'NONE', #5727, 1000.000000000000000 ) ;
#2469 = ORIENTED_EDGE ( 'NONE', *, *, #2678, .T. ) ;
#2470 = VERTEX_POINT ( 'NONE', #2567 ) ;
#2471 = AXIS2_PLACEMENT_3D ( 'NONE', #5236, #1239, #9001 ) ;
#2472 = VERTEX_POINT ( 'NONE', #4049 ) ;
#2473 = EDGE_LOOP ( 'NONE', ( #6309, #429, #4981, #4670 ) ) ;
#2474 = VECTOR ( 'NONE', #9077, 1000.000000000000000 ) ;
#2475 = CARTESIAN_POINT ( 'NONE',  ( 40.59999999999999432, 4.999999999999993783, -15.72462220366568175 ) ) ;
#2476 = CARTESIAN_POINT ( 'NONE',  ( 5.724622203665678200, 18.88772481033656092, 40.59999999999996589 ) ) ;
#2477 = AXIS2_PLACEMENT_3D ( 'NONE', #5647, #8712, #4895 ) ;
#2478 = FACE_BOUND ( 'NONE', #4368, .T. ) ;
#2479 = PLANE ( 'NONE',  #2140 ) ;
#2480 = LINE ( 'NONE', #1007, #7170 ) ;
#2481 = LINE ( 'NONE', #5524, #2611 ) ;
#2482 = AXIS2_PLACEMENT_3D ( 'NONE', #3655, #6550, #2691 ) ;
#2483 = ORIENTED_EDGE ( 'NONE', *, *, #542, .T. ) ;
#2484 = CARTESIAN_POINT ( 'NONE',  ( -43.00000000000000000, 2.000000000000001776, 45.00000000000000000 ) ) ;
#2485 = ORIENTED_EDGE ( 'NONE', *, *, #1342, .F. ) ;
#2486 = ADVANCED_FACE ( 'NONE', ( #323 ), #4813, .F. ) ;
#2487 = ORIENTED_EDGE ( 'NONE', *, *, #7275, .F. ) ;
#2488 = CARTESIAN_POINT ( 'NONE',  ( -37.17386661099703105, 18.88772481033655382, -40.59999999999999432 ) ) ;
#2489 = LINE ( 'NONE', #7298, #3487 ) ;
#2490 = VECTOR ( 'NONE', #9671, 1000.000000000000114 ) ;
#2491 = DIRECTION ( 'NONE',  ( 1.000000000000000000, -0.000000000000000000, -7.709882115452476934E-17 ) ) ;
#2492 = DIRECTION ( 'NONE',  ( -0.000000000000000000, -0.000000000000000000, 1.000000000000000000 ) ) ;
#2493 = DIRECTION ( 'NONE',  ( 3.854941057726236618E-17, -0.8660254037844387076, 0.4999999999999998335 ) ) ;
#2494 = DIRECTION ( 'NONE',  ( -3.854941057726239700E-17, 0.8660254037844385966, -0.5000000000000003331 ) ) ;
#2495 = EDGE_CURVE ( 'NONE', #2609, #2813, #6527, .T. ) ;
#2496 = ORIENTED_EDGE ( 'NONE', *, *, #5474, .T. ) ;
#2497 = LINE ( 'NONE', #3827, #8770 ) ;
#2498 = EDGE_CURVE ( 'NONE', #7755, #2359, #230, .T. ) ;
#2499 = ORIENTED_EDGE ( 'NONE', *, *, #5963, .T. ) ;
#2500 = CARTESIAN_POINT ( 'NONE',  ( -8.973377819341525452, 12.17880545224819677, 10.84182906730546492 ) ) ;
#2501 = DIRECTION ( 'NONE',  ( -7.709882115452476934E-17, 1.502314598737162976E-16, -1.000000000000000000 ) ) ;
#2502 = VECTOR ( 'NONE', #6958, 1000.000000000000114 ) ;
#2503 = ORIENTED_EDGE ( 'NONE', *, *, #2865, .T. ) ;
#2504 = ORIENTED_EDGE ( 'NONE', *, *, #9066, .F. ) ;
#2505 = DIRECTION ( 'NONE',  ( -0.000000000000000000, -0.000000000000000000, 1.000000000000000000 ) ) ;
#2506 = ADVANCED_FACE ( 'NONE', ( #1155 ), #4253, .T. ) ;
#2507 = DIRECTION ( 'NONE',  ( -0.8660254037844387076, -0.4999999999999998890, 0.000000000000000000 ) ) ;
#2508 = FILL_AREA_STYLE ('',( #6361 ) ) ;
#2509 = AXIS2_PLACEMENT_3D ( 'NONE', #3401, #7900, #8005 ) ;
#2510 = DIRECTION ( 'NONE',  ( 0.5000000000000004441, -0.8660254037844384856, 0.000000000000000000 ) ) ;
#2511 = PLANE ( 'NONE',  #3502 ) ;
#2512 = EDGE_CURVE ( 'NONE', #7330, #366, #1179, .T. ) ;
#2513 = VERTEX_POINT ( 'NONE', #5785 ) ;
#2514 = ORIENTED_EDGE ( 'NONE', *, *, #945, .T. ) ;
#2515 = EDGE_LOOP ( 'NONE', ( #3010, #5793, #6462, #5339, #9517, #8227 ) ) ;
#2516 = ADVANCED_FACE ( 'NONE', ( #1935 ), #2692, .F. ) ;
#2517 = EDGE_CURVE ( 'NONE', #8978, #6460, #6551, .T. ) ;
#2518 = VECTOR ( 'NONE', #3381, 1000.000000000000000 ) ;
#2519 = VECTOR ( 'NONE', #7251, 1000.000000000000114 ) ;
#2520 = FACE_OUTER_BOUND ( 'NONE', #7435, .T. ) ;
#2521 = CARTESIAN_POINT ( 'NONE',  ( 45.00000000000000711, 18.88772481033652539, 27.17386661099703460 ) ) ;
#2522 = LINE ( 'NONE', #1762, #8285 ) ;
#2523 = CARTESIAN_POINT ( 'NONE',  ( 45.00000000000000711, 18.88772481033652184, 15.72462220366567820 ) ) ;
#2524 = VECTOR ( 'NONE', #8220, 1000.000000000000000 ) ;
#2525 = ORIENTED_EDGE ( 'NONE', *, *, #686, .T. ) ;
#2526 = ORIENTED_EDGE ( 'NONE', *, *, #6910, .T. ) ;
#2527 = ORIENTED_EDGE ( 'NONE', *, *, #1138, .T. ) ;
#2528 = EDGE_LOOP ( 'NONE', ( #9317, #3073, #7816, #7437 ) ) ;
#2529 = CARTESIAN_POINT ( 'NONE',  ( -40.60000000000000142, 10.22747077249214520, 32.17386661099703815 ) ) ;
#2530 = DIRECTION ( 'NONE',  ( 1.000000000000000000, -0.000000000000000000, -7.709882115452476934E-17 ) ) ;
#2531 = EDGE_CURVE ( 'NONE', #3896, #2088, #9166, .T. ) ;
#2532 = CARTESIAN_POINT ( 'NONE',  ( 45.00000000000000711, 31.11227518966341066, 5.724622203665674647 ) ) ;
#2533 = LINE ( 'NONE', #283, #1503 ) ;
#2534 = DIRECTION ( 'NONE',  ( 0.000000000000000000, 1.000000000000000000, 1.502314598737162729E-16 ) ) ;
#2535 = EDGE_CURVE ( 'NONE', #9687, #122, #8464, .T. ) ;
#2536 = ORIENTED_EDGE ( 'NONE', *, *, #6545, .F. ) ;
#2537 = DIRECTION ( 'NONE',  ( 1.000000000000000000, 0.000000000000000000, -6.938893903907222067E-15 ) ) ;
#2538 = ORIENTED_EDGE ( 'NONE', *, *, #7502, .F. ) ;
#2539 = VERTEX_POINT ( 'NONE', #8369 ) ;
#2540 = DIRECTION ( 'NONE',  ( 0.7071067811865473507, -0.000000000000000000, 0.7071067811865477948 ) ) ;
#2541 = FACE_OUTER_BOUND ( 'NONE', #1817, .T. ) ;
#2542 = PLANE ( 'NONE',  #2924 ) ;
#2543 = CARTESIAN_POINT ( 'NONE',  ( 21.44924440733135640, 19.22649730810374891, -45.00000000000000000 ) ) ;
#2544 = CARTESIAN_POINT ( 'NONE',  ( -45.00000000000000711, 31.11227518966340355, -27.17386661099701328 ) ) ;
#2545 = DIRECTION ( 'NONE',  ( -0.000000000000000000, -0.000000000000000000, 1.000000000000000000 ) ) ;
#2546 = ORIENTED_EDGE ( 'NONE', *, *, #8226, .F. ) ;
#2547 = CARTESIAN_POINT ( 'NONE',  ( 37.17386661099703105, 31.11227518966344974, -45.00000000000000000 ) ) ;
#2548 = ORIENTED_EDGE ( 'NONE', *, *, #3680, .T. ) ;
#2549 = CARTESIAN_POINT ( 'NONE',  ( -21.44924440733135640, 19.22649730810374180, 45.00000000000000000 ) ) ;
#2550 = DIRECTION ( 'NONE',  ( 3.854941057726244014E-17, 0.8660254037844382635, 0.5000000000000007772 ) ) ;
#2551 = ORIENTED_EDGE ( 'NONE', *, *, #6847, .F. ) ;
#2552 = ORIENTED_EDGE ( 'NONE', *, *, #757, .F. ) ;
#2553 = PLANE ( 'NONE',  #2477 ) ;
#2554 = DIRECTION ( 'NONE',  ( 0.000000000000000000, -0.4999999999999998335, -0.8660254037844387076 ) ) ;
#2555 = EDGE_CURVE ( 'NONE', #4851, #3701, #4639, .T. ) ;
#2556 = LINE ( 'NONE', #6510, #2597 ) ;
#2557 = DIRECTION ( 'NONE',  ( -0.4999999999999997780, -0.8660254037844388186, 0.000000000000000000 ) ) ;
#2558 = LINE ( 'NONE', #3370, #1720 ) ;
#2559 = ORIENTED_EDGE ( 'NONE', *, *, #700, .F. ) ;
#2560 = ORIENTED_EDGE ( 'NONE', *, *, #8920, .T. ) ;
#2561 = ORIENTED_EDGE ( 'NONE', *, *, #3253, .T. ) ;
#2562 = EDGE_CURVE ( 'NONE', #4795, #9743, #4686, .T. ) ;
#2563 = EDGE_CURVE ( 'NONE', #1916, #4633, #6867, .T. ) ;
#2564 = PLANE ( 'NONE',  #1463 ) ;
#2565 = ADVANCED_FACE ( 'NONE', ( #2207 ), #5497, .F. ) ;
#2566 = CARTESIAN_POINT ( 'NONE',  ( 45.00000000000000711, 18.88772481033652184, -5.724622203665676423 ) ) ;
#2567 = CARTESIAN_POINT ( 'NONE',  ( -32.17386661099703105, 39.77252922750781750, -40.59999999999999432 ) ) ;
#2568 = EDGE_CURVE ( 'NONE', #4943, #6634, #6141, .T. ) ;
#2569 = ADVANCED_FACE ( 'NONE', ( #3107 ), #769, .F. ) ;
#2570 = ORIENTED_EDGE ( 'NONE', *, *, #7151, .F. ) ;
#2571 = ORIENTED_EDGE ( 'NONE', *, *, #8373, .F. ) ;
#2572 = ORIENTED_EDGE ( 'NONE', *, *, #694, .F. ) ;
#2573 = ORIENTED_EDGE ( 'NONE', *, *, #1647, .F. ) ;
#2574 = DIRECTION ( 'NONE',  ( 0.000000000000000000, 0.000000000000000000, -1.000000000000000000 ) ) ;
#2575 = CARTESIAN_POINT ( 'NONE',  ( -18.07420871848709965, 44.01581498027240968, 40.59999999999999432 ) ) ;
#2576 = CARTESIAN_POINT ( 'NONE',  ( -5.724622203665678200, 31.11227518966344974, -45.00000000000000000 ) ) ;
#2577 = PLANE ( 'NONE',  #1649 ) ;
#2578 = ORIENTED_EDGE ( 'NONE', *, *, #4066, .F. ) ;
#2579 = ORIENTED_EDGE ( 'NONE', *, *, #2378, .T. ) ;
#2580 = VERTEX_POINT ( 'NONE', #7612 ) ;
#2581 = VERTEX_POINT ( 'NONE', #5343 ) ;
#2582 = LINE ( 'NONE', #3244, #7982 ) ;
#2583 = LINE ( 'NONE', #5681, #1866 ) ;
#2584 = EDGE_CURVE ( 'NONE', #1009, #6318, #6199, .T. ) ;
#2585 = ADVANCED_FACE ( 'NONE', ( #7757 ), #5303, .F. ) ;
#2586 = DIRECTION ( 'NONE',  ( -0.000000000000000000, -0.000000000000000000, 1.000000000000000000 ) ) ;
#2587 = CARTESIAN_POINT ( 'NONE',  ( 5.724622203665681752, 13.11422211844030450, 45.00000000000000000 ) ) ;
#2588 = CARTESIAN_POINT ( 'NONE',  ( -32.17386661099703105, 39.77252922750781750, 45.00000000000000000 ) ) ;
#2589 = DIRECTION ( 'NONE',  ( -0.8660254037844387076, 0.4999999999999998890, 0.000000000000000000 ) ) ;
#2590 = ORIENTED_EDGE ( 'NONE', *, *, #7910, .F. ) ;
#2591 = FACE_OUTER_BOUND ( 'NONE', #2075, .T. ) ;
#2592 = ORIENTED_EDGE ( 'NONE', *, *, #2136, .T. ) ;
#2593 = FACE_BOUND ( 'NONE', #8788, .T. ) ;
#2594 = EDGE_LOOP ( 'NONE', ( #4861, #9143, #6402, #2734 ) ) ;
#2595 = ORIENTED_EDGE ( 'NONE', *, *, #3315, .F. ) ;
#2596 = CARTESIAN_POINT ( 'NONE',  ( -37.17386661099703105, 13.11422211844029739, 40.59999999999996589 ) ) ;
#2597 = VECTOR ( 'NONE', #1909, 1000.000000000000000 ) ;
#2598 = CARTESIAN_POINT ( 'NONE',  ( -45.00000000000000711, 39.77252922750778907, 32.17386661099704526 ) ) ;
#2599 = VECTOR ( 'NONE', #6849, 1000.000000000000000 ) ;
#2600 = CARTESIAN_POINT ( 'NONE',  ( 27.17386661099703460, 18.88772481033656092, -45.00000000000000000 ) ) ;
#2601 = CARTESIAN_POINT ( 'NONE',  ( -26.44924440733135285, 22.11324865405186557, 45.00000000000000000 ) ) ;
#2602 = DIRECTION ( 'NONE',  ( 0.000000000000000000, -0.4999999999999998335, -0.8660254037844387076 ) ) ;
#2603 = LINE ( 'NONE', #3326, #7054 ) ;
#2604 = VERTEX_POINT ( 'NONE', #1549 ) ;
#2605 = CARTESIAN_POINT ( 'NONE',  ( 1.103125484187126082, 1.999999999999988010, 15.16033048310345954 ) ) ;
#2606 = AXIS2_PLACEMENT_3D ( 'NONE', #6603, #9031, #8848 ) ;
#2607 = ORIENTED_EDGE ( 'NONE', *, *, #104, .F. ) ;
#2608 = VERTEX_POINT ( 'NONE', #2963 ) ;
#2609 = VERTEX_POINT ( 'NONE', #7665 ) ;
#2610 = ADVANCED_FACE ( 'NONE', ( #7714 ), #2352, .F. ) ;
#2611 = VECTOR ( 'NONE', #2534, 1000.000000000000000 ) ;
#2612 = VECTOR ( 'NONE', #2311, 1000.000000000000114 ) ;
#2613 = VECTOR ( 'NONE', #4443, 1000.000000000000000 ) ;
#2614 = DIRECTION ( 'NONE',  ( 3.854941057726244014E-17, 0.8660254037844382635, 0.5000000000000007772 ) ) ;
#2615 = VECTOR ( 'NONE', #9591, 1000.000000000000000 ) ;
#2616 = DIRECTION ( 'NONE',  ( 1.000000000000000000, -0.000000000000000000, -7.709882115452476934E-17 ) ) ;
#2617 = PLANE ( 'NONE',  #4100 ) ;
#2618 = ORIENTED_EDGE ( 'NONE', *, *, #9098, .F. ) ;
#2619 = VERTEX_POINT ( 'NONE', #3930 ) ;
#2620 = ADVANCED_FACE ( 'NONE', ( #5449 ), #3873, .F. ) ;
#2621 = VECTOR ( 'NONE', #5742, 1000.000000000000000 ) ;
#2622 = EDGE_CURVE ( 'NONE', #2066, #6771, #9976, .T. ) ;
#2623 = VECTOR ( 'NONE', #8661, 1000.000000000000000 ) ;
#2624 = EDGE_CURVE ( 'NONE', #4359, #4892, #3987, .T. ) ;
#2625 = VERTEX_POINT ( 'NONE', #64 ) ;
#2626 = DIRECTION ( 'NONE',  ( -0.8660254037844387076, -0.4999999999999998890, 0.000000000000000000 ) ) ;
#2627 = EDGE_CURVE ( 'NONE', #8543, #3838, #3165, .T. ) ;
#2628 = AXIS2_PLACEMENT_3D ( 'NONE', #6373, #5014, #384 ) ;
#2629 = VECTOR ( 'NONE', #9036, 1000.000000000000000 ) ;
#2630 = LINE ( 'NONE', #9692, #1190 ) ;
#2631 = DIRECTION ( 'NONE',  ( 0.000000000000000000, -0.4999999999999998335, -0.8660254037844387076 ) ) ;
#2632 = CARTESIAN_POINT ( 'NONE',  ( -5.724622203665678200, 13.11422211844030450, -45.00000000000000000 ) ) ;
#2633 = ADVANCED_FACE ( 'NONE', ( #5552 ), #6451, .F. ) ;
#2634 = ORIENTED_EDGE ( 'NONE', *, *, #4263, .F. ) ;
#2635 = VERTEX_POINT ( 'NONE', #4135 ) ;
#2636 = ORIENTED_EDGE ( 'NONE', *, *, #9466, .F. ) ;
#2637 = VECTOR ( 'NONE', #7509, 1000.000000000000000 ) ;
#2638 = EDGE_CURVE ( 'NONE', #8078, #316, #7909, .T. ) ;
#2639 = EDGE_CURVE ( 'NONE', #5193, #9524, #7966, .T. ) ;
#2640 = VERTEX_POINT ( 'NONE', #7116 ) ;
#2641 = VECTOR ( 'NONE', #7727, 1000.000000000000000 ) ;
#2642 = CARTESIAN_POINT ( 'NONE',  ( -32.17386661099703105, 39.77252922750781750, -45.00000000000000000 ) ) ;
#2643 = CARTESIAN_POINT ( 'NONE',  ( -4.999999999999984013, 5.000000000000019540, 40.59999999999999432 ) ) ;
#2644 = DIRECTION ( 'NONE',  ( 0.000000000000000000, -0.4999999999999998335, -0.8660254037844387076 ) ) ;
#2645 = LINE ( 'NONE', #5685, #5379 ) ;
#2646 = CARTESIAN_POINT ( 'NONE',  ( -15.72462220366567465, 18.88772481033655382, -40.59999999999999432 ) ) ;
#2647 = VECTOR ( 'NONE', #2371, 1000.000000000000000 ) ;
#2648 = CARTESIAN_POINT ( 'NONE',  ( -19.28974596215562798, 41.91044271574629221, 40.59999999999999432 ) ) ;
#2649 = CARTESIAN_POINT ( 'NONE',  ( 45.00000000000000711, 13.11422211844027252, -15.72462220366568175 ) ) ;
#2650 = EDGE_LOOP ( 'NONE', ( #3552, #1899, #7254, #1958 ) ) ;
#2651 = CARTESIAN_POINT ( 'NONE',  ( 5.724622203665701292, 5.000000000000024869, 40.59999999999999432 ) ) ;
#2652 = ORIENTED_EDGE ( 'NONE', *, *, #7218, .F. ) ;
#2653 = CARTESIAN_POINT ( 'NONE',  ( 40.59999999999999432, 31.14481641337578210, -25.50528320582411723 ) ) ;
#2654 = LINE ( 'NONE', #8815, #5845 ) ;
#2655 = ORIENTED_EDGE ( 'NONE', *, *, #3997, .F. ) ;
#2656 = ORIENTED_EDGE ( 'NONE', *, *, #2773, .F. ) ;
#2657 = EDGE_CURVE ( 'NONE', #8976, #3053, #1904, .T. ) ;
#2658 = CARTESIAN_POINT ( 'NONE',  ( -27.17386661099703460, 18.88772481033655382, -45.00000000000000000 ) ) ;
#2659 = VECTOR ( 'NONE', #9819, 1000.000000000000000 ) ;
#2660 = DIRECTION ( 'NONE',  ( -3.854941057726242781E-17, -0.8660254037844383745, -0.5000000000000006661 ) ) ;
#2661 = LINE ( 'NONE', #3365, #7125 ) ;
#2662 = DIRECTION ( 'NONE',  ( -7.709882115452476934E-17, 1.502314598737162976E-16, -1.000000000000000000 ) ) ;
#2663 = FACE_OUTER_BOUND ( 'NONE', #9429, .T. ) ;
#2664 = VERTEX_POINT ( 'NONE', #3214 ) ;
#2665 = DIRECTION ( 'NONE',  ( 0.000000000000000000, 0.4999999999999998335, 0.8660254037844387076 ) ) ;
#2666 = VECTOR ( 'NONE', #8855, 1000.000000000000000 ) ;
#2667 = VERTEX_POINT ( 'NONE', #2596 ) ;
#2668 = ORIENTED_EDGE ( 'NONE', *, *, #5448, .F. ) ;
#2669 = ORIENTED_EDGE ( 'NONE', *, *, #5319, .T. ) ;
#2670 = EDGE_CURVE ( 'NONE', #2383, #2925, #8619, .T. ) ;
#2671 = AXIS2_PLACEMENT_3D ( 'NONE', #501, #2886, #6699 ) ;
#2672 = DIRECTION ( 'NONE',  ( -0.8660254037844387076, 0.4999999999999998890, -0.000000000000000000 ) ) ;
#2673 = LINE ( 'NONE', #3379, #663 ) ;
#2674 = CARTESIAN_POINT ( 'NONE',  ( -45.00000000000000711, 27.88675134594809180, 26.44924440733136350 ) ) ;
#2675 = ORIENTED_EDGE ( 'NONE', *, *, #2958, .F. ) ;
#2676 = ORIENTED_EDGE ( 'NONE', *, *, #8345, .T. ) ;
#2677 = AXIS2_PLACEMENT_3D ( 'NONE', #5461, #7726, #7629 ) ;
#2678 = EDGE_CURVE ( 'NONE', #5812, #8879, #5698, .T. ) ;
#2679 = LINE ( 'NONE', #8836, #6376 ) ;
#2680 = DIRECTION ( 'NONE',  ( -0.000000000000000000, -0.000000000000000000, 1.000000000000000000 ) ) ;
#2681 = EDGE_CURVE ( 'NONE', #1870, #7133, #5238, .T. ) ;
#2682 = VECTOR ( 'NONE', #2806, 1000.000000000000000 ) ;
#2683 = CARTESIAN_POINT ( 'NONE',  ( -15.72462220366565511, 5.000000000000012434, -40.59999999999999432 ) ) ;
#2684 = PLANE ( 'NONE',  #197 ) ;
#2685 = FACE_BOUND ( 'NONE', #1614, .T. ) ;
#2686 = LINE ( 'NONE', #2035, #9212 ) ;
#2687 = VERTEX_POINT ( 'NONE', #5603 ) ;
#2688 = ORIENTED_EDGE ( 'NONE', *, *, #2622, .F. ) ;
#2689 = VERTEX_POINT ( 'NONE', #931 ) ;
#2690 = ORIENTED_EDGE ( 'NONE', *, *, #9996, .F. ) ;
#2691 = DIRECTION ( 'NONE',  ( 0.000000000000000000, 0.000000000000000000, -1.000000000000000000 ) ) ;
#2692 = PLANE ( 'NONE',  #6682 ) ;
#2693 = ADVANCED_FACE ( 'NONE', ( #8766 ), #4083, .F. ) ;
#2694 = LINE ( 'NONE', #8753, #6326 ) ;
#2695 = CARTESIAN_POINT ( 'NONE',  ( -45.00000000000000711, 36.88577788155966175, 37.17386661099704526 ) ) ;
#2696 = DIRECTION ( 'NONE',  ( 1.000000000000000000, -0.000000000000000000, -7.709882115452476934E-17 ) ) ;
#2697 = FACE_OUTER_BOUND ( 'NONE', #7585, .T. ) ;
#2698 = ORIENTED_EDGE ( 'NONE', *, *, #6918, .T. ) ;
#2699 = DIRECTION ( 'NONE',  ( 0.5000000000000004441, -0.8660254037844384856, 0.000000000000000000 ) ) ;
#2700 = EDGE_CURVE ( 'NONE', #1806, #8628, #1795, .T. ) ;
#2701 = ADVANCED_FACE ( 'NONE', ( #259 ), #8669, .F. ) ;
#2702 = ORIENTED_EDGE ( 'NONE', *, *, #5922, .F. ) ;
#2703 = FACE_OUTER_BOUND ( 'NONE', #1462, .T. ) ;
#2704 = CARTESIAN_POINT ( 'NONE',  ( -40.60000000000000142, 22.11324865405185491, 5.000000000000009770 ) ) ;
#2705 = ORIENTED_EDGE ( 'NONE', *, *, #73, .F. ) ;
#2706 = ORIENTED_EDGE ( 'NONE', *, *, #4953, .F. ) ;
#2707 = PLANE ( 'NONE',  #1355 ) ;
#2708 = LINE ( 'NONE', #9477, #8629 ) ;
#2709 = ADVANCED_FACE ( 'NONE', ( #8016 ), #1088, .F. ) ;
#2710 = CARTESIAN_POINT ( 'NONE',  ( 27.17386661099703460, 13.11422211844030450, -45.00000000000000000 ) ) ;
#2711 = LINE ( 'NONE', #5051, #5424 ) ;
#2712 = DIRECTION ( 'NONE',  ( -0.000000000000000000, -0.000000000000000000, 1.000000000000000000 ) ) ;
#2713 = DIRECTION ( 'NONE',  ( 0.000000000000000000, -1.000000000000000000, 0.000000000000000000 ) ) ;
#2714 = DIRECTION ( 'NONE',  ( 1.000000000000000000, -0.000000000000000000, -7.709882115452476934E-17 ) ) ;
#2715 = ORIENTED_EDGE ( 'NONE', *, *, #3989, .T. ) ;
#2716 = CARTESIAN_POINT ( 'NONE',  ( 32.17386661099703105, 21.77447615628468824, -45.00000000000000000 ) ) ;
#2717 = EDGE_LOOP ( 'NONE', ( #2469, #9770, #4243, #8346 ) ) ;
#2718 = ORIENTED_EDGE ( 'NONE', *, *, #6240, .T. ) ;
#2719 = ORIENTED_EDGE ( 'NONE', *, *, #1769, .T. ) ;
#2720 = FACE_OUTER_BOUND ( 'NONE', #2892, .T. ) ;
#2721 = CARTESIAN_POINT ( 'NONE',  ( -45.00000000000000711, 21.77447615628465272, 10.72462220366569063 ) ) ;
#2722 = DIRECTION ( 'NONE',  ( 0.7071067811865474617, -0.000000000000000000, 0.7071067811865474617 ) ) ;
#2723 = EDGE_CURVE ( 'NONE', #3565, #1260, #305, .T. ) ;
#2724 = CARTESIAN_POINT ( 'NONE',  ( -45.00000000000000711, 31.11227518966341066, 5.724622203665681752 ) ) ;
#2725 = CARTESIAN_POINT ( 'NONE',  ( -27.17386661099703460, 36.88577788155969728, 45.00000000000000000 ) ) ;
#2726 = EDGE_LOOP ( 'NONE', ( #6848, #7828, #2669, #6876 ) ) ;
#2727 = VERTEX_POINT ( 'NONE', #2658 ) ;
#2728 = PLANE ( 'NONE',  #4121 ) ;
#2729 = CARTESIAN_POINT ( 'NONE',  ( 37.17386661099703105, 13.11422211844031160, -45.00000000000000000 ) ) ;
#2730 = DIRECTION ( 'NONE',  ( -3.854941057726239700E-17, 0.8660254037844385966, -0.5000000000000003331 ) ) ;
#2731 = CARTESIAN_POINT ( 'NONE',  ( -40.60000000000000142, 34.72801970590725062, -23.43651982031991210 ) ) ;
#2732 = PLANE ( 'NONE',  #3448 ) ;
#2733 = CARTESIAN_POINT ( 'NONE',  ( 45.00000000000000711, 21.77447615628465272, -10.72462220366567287 ) ) ;
#2734 = ORIENTED_EDGE ( 'NONE', *, *, #629, .F. ) ;
#2735 = ORIENTED_EDGE ( 'NONE', *, *, #833, .T. ) ;
#2736 = VERTEX_POINT ( 'NONE', #5755 ) ;
#2737 = VERTEX_POINT ( 'NONE', #4036 ) ;
#2738 = DIRECTION ( 'NONE',  ( 0.000000000000000000, -0.000000000000000000, 1.000000000000000000 ) ) ;
#2739 = CARTESIAN_POINT ( 'NONE',  ( -27.17386661099703460, 13.11422211844030450, -45.00000000000000000 ) ) ;
#2740 = DIRECTION ( 'NONE',  ( 0.000000000000000000, -0.5000000000000006661, 0.8660254037844383745 ) ) ;
#2741 = CARTESIAN_POINT ( 'NONE',  ( -45.00000000000000711, 27.88675134594808824, -26.44924440733134929 ) ) ;
#2742 = LINE ( 'NONE', #1708, #2126 ) ;
#2743 = ORIENTED_EDGE ( 'NONE', *, *, #8885, .F. ) ;
#2744 = ORIENTED_EDGE ( 'NONE', *, *, #189, .F. ) ;
#2745 = LINE ( 'NONE', #4181, #61 ) ;
#2746 = FACE_BOUND ( 'NONE', #7573, .T. ) ;
#2747 = EDGE_CURVE ( 'NONE', #8764, #8763, #9430, .T. ) ;
#2748 = ORIENTED_EDGE ( 'NONE', *, *, #8684, .F. ) ;
#2749 = ORIENTED_EDGE ( 'NONE', *, *, #2700, .T. ) ;
#2750 = EDGE_CURVE ( 'NONE', #6936, #9794, #3263, .T. ) ;
#2751 = LINE ( 'NONE', #513, #8289 ) ;
#2752 = LINE ( 'NONE', #7455, #2490 ) ;
#2753 = ADVANCED_FACE ( 'NONE', ( #6406 ), #2553, .F. ) ;
#2754 = CARTESIAN_POINT ( 'NONE',  ( -32.17386661099703105, 10.22747077249217362, 45.00000000000000000 ) ) ;
#2755 = LINE ( 'NONE', #8823, #1991 ) ;
#2756 = LINE ( 'NONE', #4237, #6894 ) ;
#2757 = EDGE_LOOP ( 'NONE', ( #6092, #2350, #3106, #2904, #3163, #9003 ) ) ;
#2758 = LINE ( 'NONE', #7223, #5536 ) ;
#2759 = VERTEX_POINT ( 'NONE', #5891 ) ;
#2760 = ORIENTED_EDGE ( 'NONE', *, *, #351, .F. ) ;
#2761 = ORIENTED_EDGE ( 'NONE', *, *, #7271, .T. ) ;
#2762 = VECTOR ( 'NONE', #6676, 1000.000000000000000 ) ;
#2763 = ORIENTED_EDGE ( 'NONE', *, *, #9123, .T. ) ;
#2764 = EDGE_CURVE ( 'NONE', #6999, #4434, #8965, .T. ) ;
#2765 = DIRECTION ( 'NONE',  ( -0.000000000000000000, -0.000000000000000000, 1.000000000000000000 ) ) ;
#2766 = AXIS2_PLACEMENT_3D ( 'NONE', #9199, #5385, #4675 ) ;
#2767 = PLANE ( 'NONE',  #341 ) ;
#2768 = LINE ( 'NONE', #8878, #5898 ) ;
#2769 = ORIENTED_EDGE ( 'NONE', *, *, #6226, .F. ) ;
#2770 = ORIENTED_EDGE ( 'NONE', *, *, #6143, .F. ) ;
#2771 = VECTOR ( 'NONE', #7126, 1000.000000000000000 ) ;
#2772 = EDGE_CURVE ( 'NONE', #8169, #9668, #4292, .T. ) ;
#2773 = EDGE_CURVE ( 'NONE', #9153, #4929, #2751, .T. ) ;
#2774 = ADVANCED_BREP_SHAPE_REPRESENTATION ( 'Palet_lid2', ( #7077, #1820 ), #8276 ) ;
#2775 = VECTOR ( 'NONE', #575, 1000.000000000000114 ) ;
#2776 = FACE_OUTER_BOUND ( 'NONE', #4428, .T. ) ;
#2777 = LINE ( 'NONE', #2220, #4745 ) ;
#2778 = DIRECTION ( 'NONE',  ( -3.854941057726239700E-17, 0.8660254037844385966, -0.5000000000000003331 ) ) ;
#2779 = VECTOR ( 'NONE', #339, 1000.000000000000000 ) ;
#2780 = DIRECTION ( 'NONE',  ( 1.000000000000000000, -0.000000000000000000, -7.709882115452476934E-17 ) ) ;
#2781 = DIRECTION ( 'NONE',  ( 0.8660254037844388186, -0.4999999999999997780, 0.000000000000000000 ) ) ;
#2782 = VECTOR ( 'NONE', #7716, 1000.000000000000114 ) ;
#2783 = VERTEX_POINT ( 'NONE', #3620 ) ;
#2784 = ORIENTED_EDGE ( 'NONE', *, *, #3989, .F. ) ;
#2785 = DIRECTION ( 'NONE',  ( -0.4999999999999997780, -0.8660254037844388186, 0.000000000000000000 ) ) ;
#2786 = VECTOR ( 'NONE', #4013, 1000.000000000000000 ) ;
#2787 = VECTOR ( 'NONE', #1637, 1000.000000000000000 ) ;
#2788 = LINE ( 'NONE', #640, #5865 ) ;
#2789 = DIRECTION ( 'NONE',  ( 3.854941057726244014E-17, 0.8660254037844382635, 0.5000000000000007772 ) ) ;
#2790 = DIRECTION ( 'NONE',  ( 0.8660254037844387076, -0.4999999999999998890, 0.000000000000000000 ) ) ;
#2791 = CARTESIAN_POINT ( 'NONE',  ( -10.72462220366567820, 28.22552384371531886, 40.59999999999996589 ) ) ;
#2792 = VERTEX_POINT ( 'NONE', #2052 ) ;
#2793 = VECTOR ( 'NONE', #9989, 999.9999999999998863 ) ;
#2794 = ORIENTED_EDGE ( 'NONE', *, *, #9167, .F. ) ;
#2795 = FACE_BOUND ( 'NONE', #9391, .T. ) ;
#2796 = VECTOR ( 'NONE', #8594, 1000.000000000000000 ) ;
#2797 = ORIENTED_EDGE ( 'NONE', *, *, #8324, .F. ) ;
#2798 = VERTEX_POINT ( 'NONE', #6708 ) ;
#2799 = DIRECTION ( 'NONE',  ( 0.8660254037844383745, 0.5000000000000003331, 0.000000000000000000 ) ) ;
#2800 = DIRECTION ( 'NONE',  ( -0.9191450300180579180, 0.000000000000000000, -0.3939192985791676871 ) ) ;
#2801 = VECTOR ( 'NONE', #9154, 999.9999999999998863 ) ;
#2802 = PLANE ( 'NONE',  #6154 ) ;
#2803 = EDGE_CURVE ( 'NONE', #8775, #3828, #419, .T. ) ;
#2804 = DIRECTION ( 'NONE',  ( 0.4999999999999998890, 0.8660254037844387076, 0.000000000000000000 ) ) ;
#2805 = CARTESIAN_POINT ( 'NONE',  ( -43.00000000000000000, 45.00000000000000000, -45.00000000000000000 ) ) ;
#2806 = DIRECTION ( 'NONE',  ( 0.000000000000000000, -0.5000000000000006661, 0.8660254037844382635 ) ) ;
#2807 = ORIENTED_EDGE ( 'NONE', *, *, #6223, .T. ) ;
#2808 = LINE ( 'NONE', #9871, #1675 ) ;
#2809 = EDGE_CURVE ( 'NONE', #5464, #8498, #7412, .T. ) ;
#2810 = ORIENTED_EDGE ( 'NONE', *, *, #6954, .F. ) ;
#2811 = ORIENTED_EDGE ( 'NONE', *, *, #5319, .F. ) ;
#2812 = VECTOR ( 'NONE', #6836, 1000.000000000000000 ) ;
#2813 = VERTEX_POINT ( 'NONE', #8861 ) ;
#2814 = ORIENTED_EDGE ( 'NONE', *, *, #1214, .T. ) ;
#2815 = CARTESIAN_POINT ( 'NONE',  ( 4.999999999999999112, 22.11324865405187268, -45.00000000000000000 ) ) ;
#2816 = EDGE_CURVE ( 'NONE', #765, #3882, #1341, .T. ) ;
#2817 = AXIS2_PLACEMENT_3D ( 'NONE', #8287, #2259, #6108 ) ;
#2818 = LINE ( 'NONE', #5911, #9877 ) ;
#2819 = EDGE_CURVE ( 'NONE', #9096, #9985, #3478, .T. ) ;
#2820 = CARTESIAN_POINT ( 'NONE',  ( 5.724622203665681752, 31.11227518966344263, 45.00000000000000000 ) ) ;
#2821 = ADVANCED_FACE ( 'NONE', ( #8113 ), #3528, .F. ) ;
#2822 = EDGE_CURVE ( 'NONE', #7165, #5376, #7370, .T. ) ;
#2823 = EDGE_LOOP ( 'NONE', ( #4448, #8904, #1832, #9918, #8190, #9021 ) ) ;
#2824 = ORIENTED_EDGE ( 'NONE', *, *, #8309, .F. ) ;
#2825 = VECTOR ( 'NONE', #7209, 1000.000000000000000 ) ;
#2826 = LINE ( 'NONE', #330, #8302 ) ;
#2827 = CARTESIAN_POINT ( 'NONE',  ( 43.00000000000000711, 45.00000000000000000, 42.99999999999998579 ) ) ;
#2828 = CARTESIAN_POINT ( 'NONE',  ( 45.00000000000000711, 13.11422211844026720, -5.724622203665678200 ) ) ;
#2829 = PLANE ( 'NONE',  #74 ) ;
#2830 = AXIS2_PLACEMENT_3D ( 'NONE', #3624, #6090, #3718 ) ;
#2831 = CARTESIAN_POINT ( 'NONE',  ( -45.00000000000000711, 19.22649730810370627, 21.44924440733136350 ) ) ;
#2832 = DIRECTION ( 'NONE',  ( 0.000000000000000000, 1.000000000000000000, 0.000000000000000000 ) ) ;
#2833 = ORIENTED_EDGE ( 'NONE', *, *, #1982, .T. ) ;
#2834 = ORIENTED_EDGE ( 'NONE', *, *, #9530, .T. ) ;
#2835 = ORIENTED_EDGE ( 'NONE', *, *, #307, .T. ) ;
#2836 = PLANE ( 'NONE',  #9904 ) ;
#2837 = VECTOR ( 'NONE', #4616, 999.9999999999998863 ) ;
#2838 = AXIS2_PLACEMENT_3D ( 'NONE', #3520, #8809, #8162 ) ;
#2839 = DIRECTION ( 'NONE',  ( 1.000000000000000000, 0.000000000000000000, 0.000000000000000000 ) ) ;
#2840 = CARTESIAN_POINT ( 'NONE',  ( 15.72462220366567465, 36.88577788155969728, -45.00000000000000000 ) ) ;
#2841 = EDGE_CURVE ( 'NONE', #1028, #6236, #5940, .T. ) ;
#2842 = CARTESIAN_POINT ( 'NONE',  ( -45.00000000000000711, 31.11227518966340355, 15.72462220366568175 ) ) ;
#2843 = EDGE_CURVE ( 'NONE', #5378, #8181, #9009, .T. ) ;
#2844 = CARTESIAN_POINT ( 'NONE',  ( 5.724622203665681752, 13.11422211844030450, -40.59999999999999432 ) ) ;
#2845 = ORIENTED_EDGE ( 'NONE', *, *, #3734, .T. ) ;
#2846 = VECTOR ( 'NONE', #3679, 1000.000000000000000 ) ;
#2847 = ORIENTED_EDGE ( 'NONE', *, *, #1642, .F. ) ;
#2848 = LINE ( 'NONE', #3039, #1633 ) ;
#2849 = ORIENTED_EDGE ( 'NONE', *, *, #1734, .F. ) ;
#2850 = ORIENTED_EDGE ( 'NONE', *, *, #2163, .T. ) ;
#2851 = DIRECTION ( 'NONE',  ( 1.000000000000000000, -0.000000000000000000, -7.709882115452476934E-17 ) ) ;
#2852 = LINE ( 'NONE', #9965, #7028 ) ;
#2853 = PRODUCT ( 'Palet_lid2', 'Palet_lid2', '', ( #7285 ) ) ;
#2854 = CARTESIAN_POINT ( 'NONE',  ( -45.00000000000000711, 31.11227518966340355, 37.17386661099704526 ) ) ;
#2855 = LINE ( 'NONE', #2197, #1706 ) ;
#2856 = ADVANCED_FACE ( 'NONE', ( #6617 ), #8258, .F. ) ;
#2857 = DIRECTION ( 'NONE',  ( 1.000000000000000000, -0.000000000000000000, -7.709882115452476934E-17 ) ) ;
#2858 = LINE ( 'NONE', #5944, #6076 ) ;
#2859 = ORIENTED_EDGE ( 'NONE', *, *, #7941, .F. ) ;
#2860 = DIRECTION ( 'NONE',  ( 0.000000000000000000, 0.5000000000000005551, -0.8660254037844382635 ) ) ;
#2861 = ORIENTED_EDGE ( 'NONE', *, *, #7400, .T. ) ;
#2862 = EDGE_LOOP ( 'NONE', ( #4079, #4471, #3134 ) ) ;
#2863 = ORIENTED_EDGE ( 'NONE', *, *, #2378, .F. ) ;
#2864 = ORIENTED_EDGE ( 'NONE', *, *, #8664, .T. ) ;
#2865 = EDGE_CURVE ( 'NONE', #8763, #6097, #1292, .T. ) ;
#2866 = CARTESIAN_POINT ( 'NONE',  ( 40.59999999999997300, 18.88772481033652184, -27.17386661099702749 ) ) ;
#2867 = CARTESIAN_POINT ( 'NONE',  ( -43.00000000000000000, 2.000000000000000000, 43.00000000000000000 ) ) ;
#2868 = CARTESIAN_POINT ( 'NONE',  ( 15.72462220366567465, 36.88577788155969017, 45.00000000000000000 ) ) ;
#2869 = ORIENTED_EDGE ( 'NONE', *, *, #8520, .T. ) ;
#2870 = ORIENTED_EDGE ( 'NONE', *, *, #4472, .F. ) ;
#2871 = EDGE_CURVE ( 'NONE', #5809, #3603, #1388, .T. ) ;
#2872 = CARTESIAN_POINT ( 'NONE',  ( 10.72462220366567820, 28.22552384371531886, 45.00000000000000000 ) ) ;
#2873 = DIRECTION ( 'NONE',  ( 1.000000000000000000, -0.000000000000000000, 0.000000000000000000 ) ) ;
#2874 = EDGE_CURVE ( 'NONE', #9130, #2737, #9818, .T. ) ;
#2875 = ADVANCED_FACE ( 'NONE', ( #5842 ), #2707, .F. ) ;
#2876 = CARTESIAN_POINT ( 'NONE',  ( -10.72462220366567820, 39.77252922750782460, 45.00000000000000000 ) ) ;
#2877 = DIRECTION ( 'NONE',  ( -0.8660254037844387076, 0.4999999999999998890, 0.000000000000000000 ) ) ;
#2878 = CARTESIAN_POINT ( 'NONE',  ( -45.00000000000000711, 30.77350269189622267, 21.44924440733137061 ) ) ;
#2879 = PLANE ( 'NONE',  #1838 ) ;
#2880 = ORIENTED_EDGE ( 'NONE', *, *, #7705, .F. ) ;
#2881 = ORIENTED_EDGE ( 'NONE', *, *, #949, .F. ) ;
#2882 = ORIENTED_EDGE ( 'NONE', *, *, #6432, .T. ) ;
#2883 = CARTESIAN_POINT ( 'NONE',  ( -45.00000000000000711, 18.88772481033651829, -15.72462220366567109 ) ) ;
#2884 = ADVANCED_FACE ( 'NONE', ( #6658 ), #2143, .F. ) ;
#2885 = CARTESIAN_POINT ( 'NONE',  ( 45.00000000000000711, 39.77252922750778907, -32.17386661099701683 ) ) ;
#2886 = DIRECTION ( 'NONE',  ( -1.000000000000000000, -6.009258394948641055E-16, 0.000000000000000000 ) ) ;
#2887 = DIRECTION ( 'NONE',  ( 0.8660254037844388186, -0.4999999999999997224, 0.000000000000000000 ) ) ;
#2888 = DIRECTION ( 'NONE',  ( 0.000000000000000000, -1.000000000000000000, 0.000000000000000000 ) ) ;
#2889 = ORIENTED_EDGE ( 'NONE', *, *, #580, .T. ) ;
#2890 = EDGE_LOOP ( 'NONE', ( #9710, #1304, #7015, #5855 ) ) ;
#2891 = LINE ( 'NONE', #9053, #6321 ) ;
#2892 = EDGE_LOOP ( 'NONE', ( #9364, #9682, #8062, #9472 ) ) ;
#2893 = VERTEX_POINT ( 'NONE', #8358 ) ;
#2894 = DIRECTION ( 'NONE',  ( 0.8660254037844383745, 0.5000000000000004441, 0.000000000000000000 ) ) ;
#2895 = LINE ( 'NONE', #8260, #2659 ) ;
#2896 = EDGE_CURVE ( 'NONE', #2088, #8859, #3770, .T. ) ;
#2897 = DIRECTION ( 'NONE',  ( 0.7071067811865480168, 0.000000000000000000, 0.7071067811865470176 ) ) ;
#2898 = DIRECTION ( 'NONE',  ( 0.000000000000000000, 0.5000000000000002220, 0.8660254037844384856 ) ) ;
#2899 = PLANE ( 'NONE',  #1495 ) ;
#2900 = ORIENTED_EDGE ( 'NONE', *, *, #8245, .F. ) ;
#2901 = LINE ( 'NONE', #3009, #1979 ) ;
#2902 = ORIENTED_EDGE ( 'NONE', *, *, #1917, .F. ) ;
#2903 = CARTESIAN_POINT ( 'NONE',  ( -45.00000000000000711, 18.88772481033652184, -5.724622203665670206 ) ) ;
#2904 = ORIENTED_EDGE ( 'NONE', *, *, #9376, .T. ) ;
#2905 = ORIENTED_EDGE ( 'NONE', *, *, #7507, .F. ) ;
#2906 = CARTESIAN_POINT ( 'NONE',  ( -45.00000000000000711, 27.88675134594808824, -26.44924440733134929 ) ) ;
#2907 = DIRECTION ( 'NONE',  ( -0.8660254037844387076, -0.4999999999999998890, 0.000000000000000000 ) ) ;
#2908 = PLANE ( 'NONE',  #3432 ) ;
#2909 = CARTESIAN_POINT ( 'NONE',  ( 4.999999999999997335, 4.999999999999997335, -40.59999999999999432 ) ) ;
#2910 = DIRECTION ( 'NONE',  ( -1.000000000000000000, -6.009258394948641055E-16, 0.000000000000000000 ) ) ;
#2911 = VECTOR ( 'NONE', #2765, 1000.000000000000000 ) ;
#2912 = VERTEX_POINT ( 'NONE', #6238 ) ;
#2913 = VERTEX_POINT ( 'NONE', #9196 ) ;
#2914 = EDGE_CURVE ( 'NONE', #6793, #2383, #607, .T. ) ;
#2915 = DIRECTION ( 'NONE',  ( 0.7071067811865470176, 0.000000000000000000, -0.7071067811865480168 ) ) ;
#2916 = VECTOR ( 'NONE', #5207, 1000.000000000000000 ) ;
#2917 = CARTESIAN_POINT ( 'NONE',  ( -17.08051390828824978, 0.000000000000000000, 36.17239700032502725 ) ) ;
#2918 = DIRECTION ( 'NONE',  ( 1.000000000000000000, -0.000000000000000000, -7.709882115452476934E-17 ) ) ;
#2919 = CARTESIAN_POINT ( 'NONE',  ( -45.00000000000000711, 39.77252922750778907, 10.72462220366569063 ) ) ;
#2920 = EDGE_CURVE ( 'NONE', #4323, #2798, #7699, .T. ) ;
#2921 = DIRECTION ( 'NONE',  ( 0.000000000000000000, 0.000000000000000000, -1.000000000000000000 ) ) ;
#2922 = DIRECTION ( 'NONE',  ( 1.000000000000000000, -0.000000000000000000, -7.709882115452476934E-17 ) ) ;
#2923 = ADVANCED_FACE ( 'NONE', ( #2192 ), #5332, .T. ) ;
#2924 = AXIS2_PLACEMENT_3D ( 'NONE', #9560, #8659, #2644 ) ;
#2925 = VERTEX_POINT ( 'NONE', #6086 ) ;
#2926 = VECTOR ( 'NONE', #4493, 999.9999999999998863 ) ;
#2927 = EDGE_LOOP ( 'NONE', ( #9195, #3907, #8892, #2296, #9173, #4417 ) ) ;
#2928 = ORIENTED_EDGE ( 'NONE', *, *, #90, .F. ) ;
#2929 = EDGE_CURVE ( 'NONE', #8854, #7157, #7554, .T. ) ;
#2930 = CARTESIAN_POINT ( 'NONE',  ( -45.00000000000000711, 31.11227518966340355, -5.724622203665671094 ) ) ;
#2931 = VECTOR ( 'NONE', #1577, 999.9999999999998863 ) ;
#2932 = VECTOR ( 'NONE', #957, 1000.000000000000114 ) ;
#2933 = VECTOR ( 'NONE', #4793, 1000.000000000000114 ) ;
#2934 = VECTOR ( 'NONE', #8524, 1000.000000000000000 ) ;
#2935 = LINE ( 'NONE', #7497, #20 ) ;
#2936 = ADVANCED_FACE ( 'NONE', ( #6948 ), #9109, .F. ) ;
#2937 = DIRECTION ( 'NONE',  ( 1.000000000000000000, -0.000000000000000000, 0.000000000000000000 ) ) ;
#2938 = FACE_OUTER_BOUND ( 'NONE', #3725, .T. ) ;
#2939 = CARTESIAN_POINT ( 'NONE',  ( 32.17386661099703105, 10.22747077249218073, 45.00000000000000000 ) ) ;
#2940 = EDGE_CURVE ( 'NONE', #562, #9351, #9919, .T. ) ;
#2941 = EDGE_CURVE ( 'NONE', #8628, #751, #2237, .T. ) ;
#2942 = EDGE_CURVE ( 'NONE', #7710, #1011, #9307, .T. ) ;
#2943 = EDGE_LOOP ( 'NONE', ( #5621, #3157, #8284, #9437 ) ) ;
#2944 = DIRECTION ( 'NONE',  ( 0.8660254037844388186, -0.4999999999999997780, 0.000000000000000000 ) ) ;
#2945 = ORIENTED_EDGE ( 'NONE', *, *, #9098, .T. ) ;
#2946 = VECTOR ( 'NONE', #1774, 999.9999999999998863 ) ;
#2947 = ORIENTED_EDGE ( 'NONE', *, *, #1418, .F. ) ;
#2948 = VECTOR ( 'NONE', #853, 1000.000000000000000 ) ;
#2949 = VECTOR ( 'NONE', #3468, 1000.000000000000000 ) ;
#2950 = DIRECTION ( 'NONE',  ( -0.000000000000000000, -0.000000000000000000, 1.000000000000000000 ) ) ;
#2951 = FACE_OUTER_BOUND ( 'NONE', #4035, .T. ) ;
#2952 = CARTESIAN_POINT ( 'NONE',  ( -10.72462220366567820, 10.22747077249217362, -40.59999999999999432 ) ) ;
#2953 = VECTOR ( 'NONE', #9592, 1000.000000000000000 ) ;
#2954 = DIRECTION ( 'NONE',  ( 6.009258394948640069E-16, -1.000000000000000000, 0.000000000000000000 ) ) ;
#2955 = VECTOR ( 'NONE', #1371, 1000.000000000000000 ) ;
#2956 = VERTEX_POINT ( 'NONE', #5434 ) ;
#2957 = DIRECTION ( 'NONE',  ( 0.000000000000000000, -1.000000000000000000, -3.004629197474320528E-16 ) ) ;
#2958 = EDGE_CURVE ( 'NONE', #8531, #7875, #4577, .T. ) ;
#2959 = ORIENTED_EDGE ( 'NONE', *, *, #8513, .F. ) ;
#2960 = LINE ( 'NONE', #9069, #5999 ) ;
#2961 = VERTEX_POINT ( 'NONE', #1583 ) ;
#2962 = ORIENTED_EDGE ( 'NONE', *, *, #2896, .T. ) ;
#2963 = CARTESIAN_POINT ( 'NONE',  ( -15.72462220366567465, 13.11422211844029739, 45.00000000000000000 ) ) ;
#2964 = VECTOR ( 'NONE', #8399, 1000.000000000000000 ) ;
#2965 = VECTOR ( 'NONE', #7377, 1000.000000000000000 ) ;
#2966 = CARTESIAN_POINT ( 'NONE',  ( 27.17386661099703460, 18.88772481033656092, -45.00000000000000000 ) ) ;
#2967 = LINE ( 'NONE', #9169, #1172 ) ;
#2968 = FACE_OUTER_BOUND ( 'NONE', #4242, .T. ) ;
#2969 = DIRECTION ( 'NONE',  ( 0.000000000000000000, 0.000000000000000000, 1.000000000000000000 ) ) ;
#2970 = VECTOR ( 'NONE', #3230, 1000.000000000000000 ) ;
#2971 = ADVANCED_FACE ( 'NONE', ( #7652 ), #3911, .F. ) ;
#2972 = ORIENTED_EDGE ( 'NONE', *, *, #8881, .T. ) ;
#2973 = ORIENTED_EDGE ( 'NONE', *, *, #4619, .F. ) ;
#2974 = PLANE ( 'NONE',  #4293 ) ;
#2975 = VECTOR ( 'NONE', #389, 1000.000000000000000 ) ;
#2976 = LINE ( 'NONE', #7626, #8110 ) ;
#2977 = DIRECTION ( 'NONE',  ( 0.5000000000000004441, -0.8660254037844384856, 0.000000000000000000 ) ) ;
#2978 = DIRECTION ( 'NONE',  ( -0.9191450300180582511, 0.000000000000000000, 0.3939192985791670210 ) ) ;
#2979 = CARTESIAN_POINT ( 'NONE',  ( 5.724622203665681752, 31.11227518966344263, -45.00000000000000000 ) ) ;
#2980 = CARTESIAN_POINT ( 'NONE',  ( 45.00000000000000711, 30.77350269189624399, 8.991696229806753179E-15 ) ) ;
#2981 = CARTESIAN_POINT ( 'NONE',  ( -37.17386661099702394, 4.999999999999999112, -40.59999999999999432 ) ) ;
#2982 = VECTOR ( 'NONE', #3350, 999.9999999999998863 ) ;
#2983 = ORIENTED_EDGE ( 'NONE', *, *, #6766, .F. ) ;
#2984 = EDGE_LOOP ( 'NONE', ( #3207, #3713, #7469, #1241 ) ) ;
#2985 = VERTEX_POINT ( 'NONE', #649 ) ;
#2986 = DIRECTION ( 'NONE',  ( -3.854941057726239700E-17, 0.8660254037844385966, -0.5000000000000003331 ) ) ;
#2987 = EDGE_CURVE ( 'NONE', #6355, #8015, #50, .T. ) ;
#2988 = VECTOR ( 'NONE', #7415, 1000.000000000000000 ) ;
#2989 = CARTESIAN_POINT ( 'NONE',  ( 8.131727983645285818, 4.999999999999997335, 8.131727983645291147 ) ) ;
#2990 = DIRECTION ( 'NONE',  ( -0.8660254037844384856, -0.5000000000000004441, 0.000000000000000000 ) ) ;
#2991 = CARTESIAN_POINT ( 'NONE',  ( -5.724622203665678200, 18.88772481033655382, -45.00000000000000000 ) ) ;
#2992 = CARTESIAN_POINT ( 'NONE',  ( -27.17386661099703460, 36.88577788155969728, 45.00000000000000000 ) ) ;
#2993 = ORIENTED_EDGE ( 'NONE', *, *, #4360, .T. ) ;
#2994 = CARTESIAN_POINT ( 'NONE',  ( -27.17386661099703460, 4.999999999999997335, -40.59999999999999432 ) ) ;
#2995 = VECTOR ( 'NONE', #3595, 999.9999999999998863 ) ;
#2996 = ORIENTED_EDGE ( 'NONE', *, *, #1089, .F. ) ;
#2997 = ORIENTED_EDGE ( 'NONE', *, *, #9174, .F. ) ;
#2998 = DIRECTION ( 'NONE',  ( -0.8660254037844387076, -0.4999999999999998890, 0.000000000000000000 ) ) ;
#2999 = EDGE_CURVE ( 'NONE', #124, #4114, #2312, .T. ) ;
#3000 = EDGE_CURVE ( 'NONE', #6386, #6999, #5382, .T. ) ;
#3001 = CARTESIAN_POINT ( 'NONE',  ( -45.00000000000000711, 45.00000000000000000, -45.00000000000000000 ) ) ;
#3002 = ADVANCED_FACE ( 'NONE', ( #8449 ), #7597, .F. ) ;
#3003 = CARTESIAN_POINT ( 'NONE',  ( -40.60000000000000142, 4.999999999999997335, -40.59999999999999432 ) ) ;
#3004 = DIRECTION ( 'NONE',  ( 0.000000000000000000, 0.5000000000000005551, -0.8660254037844382635 ) ) ;
#3005 = VECTOR ( 'NONE', #7221, 1000.000000000000114 ) ;
#3006 = DIRECTION ( 'NONE',  ( -7.709882115452476934E-17, 1.502314598737162976E-16, -1.000000000000000000 ) ) ;
#3007 = EDGE_CURVE ( 'NONE', #3473, #6911, #1532, .T. ) ;
#3008 = ORIENTED_EDGE ( 'NONE', *, *, #390, .T. ) ;
#3009 = CARTESIAN_POINT ( 'NONE',  ( 10.72462220366567820, 39.77252922750782460, -45.00000000000000000 ) ) ;
#3010 = ORIENTED_EDGE ( 'NONE', *, *, #3378, .T. ) ;
#3011 = CARTESIAN_POINT ( 'NONE',  ( -40.60000000000000142, 28.22552384371527623, 10.72462220366568353 ) ) ;
#3012 = ORIENTED_EDGE ( 'NONE', *, *, #1418, .T. ) ;
#3013 = ORIENTED_EDGE ( 'NONE', *, *, #8138, .T. ) ;
#3014 = DIRECTION ( 'NONE',  ( -1.000000000000000000, -6.009258394948641055E-16, 0.000000000000000000 ) ) ;
#3015 = FACE_OUTER_BOUND ( 'NONE', #9825, .T. ) ;
#3016 = CARTESIAN_POINT ( 'NONE',  ( 40.59999999999997300, 22.11324865405183715, -16.44924440733135640 ) ) ;
#3017 = CARTESIAN_POINT ( 'NONE',  ( -12.34958651482142855, 53.93115149115828189, 40.59999999999999432 ) ) ;
#3018 = LINE ( 'NONE', #1406, #4794 ) ;
#3019 = ORIENTED_EDGE ( 'NONE', *, *, #5073, .F. ) ;
#3020 = ORIENTED_EDGE ( 'NONE', *, *, #4438, .T. ) ;
#3021 = DIRECTION ( 'NONE',  ( -0.7071067811865480168, 0.000000000000000000, -0.7071067811865470176 ) ) ;
#3022 = EDGE_CURVE ( 'NONE', #6790, #2321, #6289, .T. ) ;
#3023 = ADVANCED_FACE ( 'NONE', ( #6334 ), #8749, .F. ) ;
#3024 = LINE ( 'NONE', #6109, #3429 ) ;
#3025 = LINE ( 'NONE', #9177, #174 ) ;
#3026 = CARTESIAN_POINT ( 'NONE',  ( -15.72462220366567465, 36.88577788155969728, 45.00000000000000000 ) ) ;
#3027 = LINE ( 'NONE', #25, #3816 ) ;
#3028 = PLANE ( 'NONE',  #9571 ) ;
#3029 = ORIENTED_EDGE ( 'NONE', *, *, #9788, .T. ) ;
#3030 = ORIENTED_EDGE ( 'NONE', *, *, #2555, .T. ) ;
#3031 = VERTEX_POINT ( 'NONE', #4878 ) ;
#3032 = CARTESIAN_POINT ( 'NONE',  ( -45.00000000000000711, 27.88675134594811311, 5.000000000000011546 ) ) ;
#3033 = DIRECTION ( 'NONE',  ( -0.000000000000000000, -0.000000000000000000, 1.000000000000000000 ) ) ;
#3034 = LINE ( 'NONE', #239, #8802 ) ;
#3035 = CARTESIAN_POINT ( 'NONE',  ( 21.44924440733135640, 19.22649730810374891, 40.59999999999996589 ) ) ;
#3036 = DIRECTION ( 'NONE',  ( -0.8660254037844387076, -0.4999999999999998890, 0.000000000000000000 ) ) ;
#3037 = EDGE_CURVE ( 'NONE', #10021, #763, #6439, .T. ) ;
#3038 = VERTEX_POINT ( 'NONE', #8657 ) ;
#3039 = CARTESIAN_POINT ( 'NONE',  ( -46.97256513967722924, 16.03760659646320974, -40.59999999999999432 ) ) ;
#3040 = VERTEX_POINT ( 'NONE', #149 ) ;
#3041 = EDGE_LOOP ( 'NONE', ( #2579, #4302, #3561, #7376 ) ) ;
#3042 = CARTESIAN_POINT ( 'NONE',  ( -45.00000000000000711, 31.11227518966341066, -37.17386661099701683 ) ) ;
#3043 = DIRECTION ( 'NONE',  ( 0.000000000000000000, 1.000000000000000000, 0.000000000000000000 ) ) ;
#3044 = DIRECTION ( 'NONE',  ( 1.000000000000000000, -0.000000000000000000, -7.709882115452476934E-17 ) ) ;
#3045 = DIRECTION ( 'NONE',  ( 0.4999999999999998890, 0.8660254037844387076, 0.000000000000000000 ) ) ;
#3046 = CARTESIAN_POINT ( 'NONE',  ( -4.999999999999995559, 22.11324865405186557, 40.59999999999996589 ) ) ;
#3047 = EDGE_CURVE ( 'NONE', #4808, #4029, #1686, .T. ) ;
#3048 = VERTEX_POINT ( 'NONE', #2488 ) ;
#3049 = LINE ( 'NONE', #3158, #2453 ) ;
#3050 = ORIENTED_EDGE ( 'NONE', *, *, #7540, .T. ) ;
#3051 = PLANE ( 'NONE',  #5683 ) ;
#3052 = ADVANCED_FACE ( 'NONE', ( #4118 ), #6487, .F. ) ;
#3053 = VERTEX_POINT ( 'NONE', #1630 ) ;
#3054 = ORIENTED_EDGE ( 'NONE', *, *, #7371, .T. ) ;
#3055 = DIRECTION ( 'NONE',  ( 1.000000000000000000, -0.000000000000000000, 0.000000000000000000 ) ) ;
#3056 = EDGE_CURVE ( 'NONE', #9131, #316, #8698, .T. ) ;
#3057 = PLANE ( 'NONE',  #2433 ) ;
#3058 = FACE_OUTER_BOUND ( 'NONE', #8639, .T. ) ;
#3059 = DIRECTION ( 'NONE',  ( 0.000000000000000000, 0.5000000000000002220, 0.8660254037844384856 ) ) ;
#3060 = DIRECTION ( 'NONE',  ( 3.854941057726244014E-17, 0.8660254037844382635, 0.5000000000000007772 ) ) ;
#3061 = EDGE_CURVE ( 'NONE', #2200, #8951, #2582, .T. ) ;
#3062 = ORIENTED_EDGE ( 'NONE', *, *, #4673, .F. ) ;
#3063 = VERTEX_POINT ( 'NONE', #3304 ) ;
#3064 = EDGE_CURVE ( 'NONE', #8092, #8308, #7896, .T. ) ;
#3065 = LINE ( 'NONE', #2448, #7825 ) ;
#3066 = CARTESIAN_POINT ( 'NONE',  ( 21.44924440733135640, 30.77350269189625820, 45.00000000000000000 ) ) ;
#3067 = FACE_OUTER_BOUND ( 'NONE', #7741, .T. ) ;
#3068 = DIRECTION ( 'NONE',  ( -7.709882115452476934E-17, 1.502314598737162976E-16, -1.000000000000000000 ) ) ;
#3069 = CARTESIAN_POINT ( 'NONE',  ( -45.00000000000000711, 21.77447615628465272, 10.72462220366569063 ) ) ;
#3070 = DIRECTION ( 'NONE',  ( 0.8660254037844383745, 0.5000000000000004441, 0.000000000000000000 ) ) ;
#3071 = CARTESIAN_POINT ( 'NONE',  ( -45.00000000000000711, 18.88772481033652184, -5.724622203665670206 ) ) ;
#3072 = ORIENTED_EDGE ( 'NONE', *, *, #3250, .T. ) ;
#3073 = ORIENTED_EDGE ( 'NONE', *, *, #1214, .F. ) ;
#3074 = ADVANCED_FACE ( 'NONE', ( #9356 ), #7854, .F. ) ;
#3075 = ORIENTED_EDGE ( 'NONE', *, *, #6910, .F. ) ;
#3076 = AXIS2_PLACEMENT_3D ( 'NONE', #5894, #8172, #2054 ) ;
#3077 = VERTEX_POINT ( 'NONE', #5679 ) ;
#3078 = AXIS2_PLACEMENT_3D ( 'NONE', #6234, #5587, #5526 ) ;
#3079 = DIRECTION ( 'NONE',  ( 0.000000000000000000, 0.5000000000000006661, -0.8660254037844383745 ) ) ;
#3080 = FACE_OUTER_BOUND ( 'NONE', #5061, .T. ) ;
#3081 = FACE_BOUND ( 'NONE', #9397, .T. ) ;
#3082 = DIRECTION ( 'NONE',  ( -0.8660254037844388186, 0.4999999999999997780, 0.000000000000000000 ) ) ;
#3083 = AXIS2_PLACEMENT_3D ( 'NONE', #4628, #708, #6950 ) ;
#3084 = CARTESIAN_POINT ( 'NONE',  ( -27.17386661099703460, 18.88772481033655382, 45.00000000000000000 ) ) ;
#3085 = DIRECTION ( 'NONE',  ( -0.4999999999999997780, -0.8660254037844388186, 0.000000000000000000 ) ) ;
#3086 = AXIS2_PLACEMENT_3D ( 'NONE', #1488, #5392, #8271 ) ;
#3087 = ORIENTED_EDGE ( 'NONE', *, *, #4210, .T. ) ;
#3088 = CARTESIAN_POINT ( 'NONE',  ( 40.59999999999997300, 36.88577788155965465, 5.724622203665675535 ) ) ;
#3089 = EDGE_LOOP ( 'NONE', ( #2334, #3062, #2038, #577 ) ) ;
#3090 = ORIENTED_EDGE ( 'NONE', *, *, #6469, .T. ) ;
#3091 = DIRECTION ( 'NONE',  ( -0.4999999999999998890, 0.8660254037844387076, 0.000000000000000000 ) ) ;
#3092 = VECTOR ( 'NONE', #5745, 1000.000000000000000 ) ;
#3093 = CARTESIAN_POINT ( 'NONE',  ( 10.72462220366567820, 39.77252922750781039, 40.59999999999999432 ) ) ;
#3094 = AXIS2_PLACEMENT_3D ( 'NONE', #8867, #7220, #7914 ) ;
#3095 = CARTESIAN_POINT ( 'NONE',  ( -40.60000000000000142, 18.88772481033652184, -27.17386661099702039 ) ) ;
#3096 = LINE ( 'NONE', #1635, #9401 ) ;
#3097 = LINE ( 'NONE', #6189, #233 ) ;
#3098 = CARTESIAN_POINT ( 'NONE',  ( -40.60000000000000142, 23.96239340353676184, -29.65205706398844754 ) ) ;
#3099 = ORIENTED_EDGE ( 'NONE', *, *, #7717, .T. ) ;
#3100 = LINE ( 'NONE', #926, #4275 ) ;
#3101 = VECTOR ( 'NONE', #964, 1000.000000000000000 ) ;
#3102 = ORIENTED_EDGE ( 'NONE', *, *, #2747, .T. ) ;
#3103 = CARTESIAN_POINT ( 'NONE',  ( -16.44924440733135640, 22.11324865405187268, 45.00000000000000000 ) ) ;
#3104 = VECTOR ( 'NONE', #9562, 1000.000000000000000 ) ;
#3105 = VERTEX_POINT ( 'NONE', #6391 ) ;
#3106 = ORIENTED_EDGE ( 'NONE', *, *, #1107, .T. ) ;
#3107 = FACE_OUTER_BOUND ( 'NONE', #2015, .T. ) ;
#3108 = ADVANCED_FACE ( 'NONE', ( #7246 ), #4785, .F. ) ;
#3109 = AXIS2_PLACEMENT_3D ( 'NONE', #7239, #281, #6476 ) ;
#3110 = LINE ( 'NONE', #1599, #8088 ) ;
#3111 = VECTOR ( 'NONE', #7548, 1000.000000000000114 ) ;
#3112 = PLANE ( 'NONE',  #3270 ) ;
#3113 = DIRECTION ( 'NONE',  ( -3.854941057726242781E-17, -0.8660254037844383745, -0.5000000000000006661 ) ) ;
#3114 = ORIENTED_EDGE ( 'NONE', *, *, #9051, .T. ) ;
#3115 = ORIENTED_EDGE ( 'NONE', *, *, #9543, .F. ) ;
#3116 = ORIENTED_EDGE ( 'NONE', *, *, #142, .T. ) ;
#3117 = VECTOR ( 'NONE', #5107, 1000.000000000000000 ) ;
#3118 = VECTOR ( 'NONE', #7539, 1000.000000000000000 ) ;
#3119 = EDGE_CURVE ( 'NONE', #3423, #4211, #1839, .T. ) ;
#3120 = FACE_OUTER_BOUND ( 'NONE', #9952, .T. ) ;
#3121 = DIRECTION ( 'NONE',  ( 0.000000000000000000, -0.5000000000000006661, 0.8660254037844381525 ) ) ;
#3122 = EDGE_CURVE ( 'NONE', #9355, #3327, #1782, .T. ) ;
#3123 = AXIS2_PLACEMENT_3D ( 'NONE', #9463, #2540, #291 ) ;
#3124 = EDGE_CURVE ( 'NONE', #6236, #10018, #7998, .T. ) ;
#3125 = LINE ( 'NONE', #9226, #1329 ) ;
#3126 = CARTESIAN_POINT ( 'NONE',  ( 45.00000000000000711, 13.11422211844026720, -27.17386661099702749 ) ) ;
#3127 = LINE ( 'NONE', #7036, #9455 ) ;
#3128 = FACE_OUTER_BOUND ( 'NONE', #3675, .T. ) ;
#3129 = DIRECTION ( 'NONE',  ( -0.000000000000000000, -0.000000000000000000, 1.000000000000000000 ) ) ;
#3130 = ORIENTED_EDGE ( 'NONE', *, *, #1448, .F. ) ;
#3131 = ORIENTED_EDGE ( 'NONE', *, *, #3889, .F. ) ;
#3132 = ORIENTED_EDGE ( 'NONE', *, *, #3918, .F. ) ;
#3133 = AXIS2_PLACEMENT_3D ( 'NONE', #8379, #7674, #6007 ) ;
#3134 = ORIENTED_EDGE ( 'NONE', *, *, #460, .F. ) ;
#3135 = ADVANCED_FACE ( 'NONE', ( #4722 ), #7802, .F. ) ;
#3136 = CARTESIAN_POINT ( 'NONE',  ( 27.17386661099705591, 5.000000000000038192, -40.59999999999999432 ) ) ;
#3137 = DIRECTION ( 'NONE',  ( 6.009258394948640069E-16, -1.000000000000000000, 0.000000000000000000 ) ) ;
#3138 = DIRECTION ( 'NONE',  ( -0.000000000000000000, -0.000000000000000000, 1.000000000000000000 ) ) ;
#3139 = LINE ( 'NONE', #5325, #3981 ) ;
#3140 = VECTOR ( 'NONE', #6613, 1000.000000000000114 ) ;
#3141 = DIRECTION ( 'NONE',  ( 1.000000000000000000, -0.000000000000000000, -7.709882115452476934E-17 ) ) ;
#3142 = CARTESIAN_POINT ( 'NONE',  ( -16.01985373650842703, 1.999999999999988010, 32.28330970379901999 ) ) ;
#3143 = VERTEX_POINT ( 'NONE', #102 ) ;
#3144 = CARTESIAN_POINT ( 'NONE',  ( -45.00000000000000711, 27.88675134594810956, -4.999999999999991118 ) ) ;
#3145 = VERTEX_POINT ( 'NONE', #2429 ) ;
#3146 = EDGE_LOOP ( 'NONE', ( #5663, #4311, #3985, #5695, #6722, #97 ) ) ;
#3147 = VECTOR ( 'NONE', #6145, 1000.000000000000000 ) ;
#3148 = DIRECTION ( 'NONE',  ( -0.000000000000000000, -1.000000000000000000, -0.000000000000000000 ) ) ;
#3149 = VECTOR ( 'NONE', #6952, 1000.000000000000000 ) ;
#3150 = CARTESIAN_POINT ( 'NONE',  ( -16.44924440733135640, 22.11324865405187268, -40.59999999999999432 ) ) ;
#3151 = ADVANCED_FACE ( 'NONE', ( #5531 ), #7101, .F. ) ;
#3152 = EDGE_CURVE ( 'NONE', #646, #6790, #8998, .T. ) ;
#3153 = CARTESIAN_POINT ( 'NONE',  ( -10.72462220366567820, 10.22747077249217362, -45.00000000000000000 ) ) ;
#3154 = DIRECTION ( 'NONE',  ( 1.000000000000000000, -0.000000000000000000, -0.000000000000000000 ) ) ;
#3155 = DIRECTION ( 'NONE',  ( -0.8660254037844387076, 0.4999999999999998890, 0.000000000000000000 ) ) ;
#3156 = CARTESIAN_POINT ( 'NONE',  ( 40.59999999999999432, 51.19823799011140864, -13.92743486032272848 ) ) ;
#3157 = ORIENTED_EDGE ( 'NONE', *, *, #8794, .F. ) ;
#3158 = CARTESIAN_POINT ( 'NONE',  ( -15.72462220366567465, 18.88772481033655382, -45.00000000000000000 ) ) ;
#3159 = VECTOR ( 'NONE', #1893, 1000.000000000000114 ) ;
#3160 = ORIENTED_EDGE ( 'NONE', *, *, #7884, .F. ) ;
#3161 = CARTESIAN_POINT ( 'NONE',  ( -16.44924440733135640, 27.88675134594812377, -45.00000000000000000 ) ) ;
#3162 = DIRECTION ( 'NONE',  ( 0.000000000000000000, 0.5000000000000002220, 0.8660254037844384856 ) ) ;
#3163 = ORIENTED_EDGE ( 'NONE', *, *, #5230, .T. ) ;
#3164 = VERTEX_POINT ( 'NONE', #2883 ) ;
#3165 = LINE ( 'NONE', #8560, #4915 ) ;
#3166 = VECTOR ( 'NONE', #8441, 1000.000000000000114 ) ;
#3167 = DIRECTION ( 'NONE',  ( 0.000000000000000000, -0.4999999999999998335, -0.8660254037844387076 ) ) ;
#3168 = LINE ( 'NONE', #934, #8422 ) ;
#3169 = FACE_OUTER_BOUND ( 'NONE', #2717, .T. ) ;
#3170 = DIRECTION ( 'NONE',  ( -0.000000000000000000, -0.000000000000000000, 1.000000000000000000 ) ) ;
#3171 = VERTEX_POINT ( 'NONE', #2080 ) ;
#3172 = VERTEX_POINT ( 'NONE', #6600 ) ;
#3173 = ORIENTED_EDGE ( 'NONE', *, *, #1942, .F. ) ;
#3174 = ADVANCED_FACE ( 'NONE', ( #1235, #1119, #4215 ), #2836, .F. ) ;
#3175 = EDGE_CURVE ( 'NONE', #2956, #124, #9095, .T. ) ;
#3176 = CARTESIAN_POINT ( 'NONE',  ( -40.60000000000000142, -0.4326116877409755812, -37.46348017968003319 ) ) ;
#3177 = CARTESIAN_POINT ( 'NONE',  ( -20.14297210399131544, 40.43261168774092340, -40.59999999999999432 ) ) ;
#3178 = LINE ( 'NONE', #8475, #7480 ) ;
#3179 = LINE ( 'NONE', #4702, #7207 ) ;
#3180 = DIRECTION ( 'NONE',  ( -6.009258394948641055E-16, 1.000000000000000000, 0.000000000000000000 ) ) ;
#3181 = EDGE_LOOP ( 'NONE', ( #2570, #8124, #1232, #6915 ) ) ;
#3182 = EDGE_CURVE ( 'NONE', #6765, #6366, #3461, .T. ) ;
#3183 = VERTEX_POINT ( 'NONE', #6742 ) ;
#3184 = EDGE_LOOP ( 'NONE', ( #5495, #8168, #2396, #72 ) ) ;
#3185 = ORIENTED_EDGE ( 'NONE', *, *, #8131, .T. ) ;
#3186 = CARTESIAN_POINT ( 'NONE',  ( 15.72462220366567465, 31.11227518966344974, -40.59999999999999432 ) ) ;
#3187 = EDGE_CURVE ( 'NONE', #1260, #8522, #8801, .T. ) ;
#3188 = FACE_BOUND ( 'NONE', #9072, .T. ) ;
#3189 = CARTESIAN_POINT ( 'NONE',  ( -45.00000000000000711, 31.11227518966340355, -5.724622203665671094 ) ) ;
#3190 = CARTESIAN_POINT ( 'NONE',  ( -40.60000000000000142, 40.43261168774092340, -20.14297210399126214 ) ) ;
#3191 = FACE_OUTER_BOUND ( 'NONE', #493, .T. ) ;
#3192 = CARTESIAN_POINT ( 'NONE',  ( 40.59999999999997300, 22.11324865405186202, -4.999999999999999112 ) ) ;
#3193 = ORIENTED_EDGE ( 'NONE', *, *, #5896, .T. ) ;
#3194 = LINE ( 'NONE', #6284, #6971 ) ;
#3195 = CARTESIAN_POINT ( 'NONE',  ( 40.59999999999999432, 30.77350269189622622, 21.44924440733137772 ) ) ;
#3196 = ORIENTED_EDGE ( 'NONE', *, *, #6831, .F. ) ;
#3197 = ADVANCED_FACE ( 'NONE', ( #1988 ), #9608, .F. ) ;
#3198 = EDGE_LOOP ( 'NONE', ( #6127, #5676, #8894, #8045 ) ) ;
#3199 = DIRECTION ( 'NONE',  ( 0.000000000000000000, 1.000000000000000000, 1.502314598737162729E-16 ) ) ;
#3200 = CARTESIAN_POINT ( 'NONE',  ( 10.72462220366567820, 39.77252922750782460, -45.00000000000000000 ) ) ;
#3201 = LINE ( 'NONE', #5334, #9206 ) ;
#3202 = FACE_OUTER_BOUND ( 'NONE', #5550, .T. ) ;
#3203 = DIRECTION ( 'NONE',  ( -0.8660254037844387076, 0.4999999999999998890, 0.000000000000000000 ) ) ;
#3204 = CARTESIAN_POINT ( 'NONE',  ( -45.00000000000000711, 27.88675134594808824, 16.44924440733135995 ) ) ;
#3205 = EDGE_LOOP ( 'NONE', ( #9260, #1311, #8353, #4890 ) ) ;
#3206 = CARTESIAN_POINT ( 'NONE',  ( -26.44924440733135285, 22.11324865405186557, -45.00000000000000000 ) ) ;
#3207 = ORIENTED_EDGE ( 'NONE', *, *, #8377, .F. ) ;
#3208 = CARTESIAN_POINT ( 'NONE',  ( 45.00000000000000711, 19.22649730810370627, -21.44924440733135640 ) ) ;
#3209 = LINE ( 'NONE', #7814, #1161 ) ;
#3210 = EDGE_LOOP ( 'NONE', ( #7824, #5630, #7980, #776 ) ) ;
#3211 = ADVANCED_FACE ( 'NONE', ( #7355 ), #9759, .F. ) ;
#3212 = EDGE_LOOP ( 'NONE', ( #386, #3131, #9667, #1666, #6444, #1210 ) ) ;
#3213 = EDGE_CURVE ( 'NONE', #1212, #7564, #5929, .T. ) ;
#3214 = CARTESIAN_POINT ( 'NONE',  ( 37.17386661099703105, 18.88772481033656092, 40.59999999999996589 ) ) ;
#3215 = DIRECTION ( 'NONE',  ( -0.000000000000000000, -0.000000000000000000, 1.000000000000000000 ) ) ;
#3216 = DIRECTION ( 'NONE',  ( -0.8660254037844387076, 0.4999999999999998890, 0.000000000000000000 ) ) ;
#3217 = FACE_OUTER_BOUND ( 'NONE', #5480, .T. ) ;
#3218 = ORIENTED_EDGE ( 'NONE', *, *, #4923, .T. ) ;
#3219 = ORIENTED_EDGE ( 'NONE', *, *, #1890, .T. ) ;
#3220 = ORIENTED_EDGE ( 'NONE', *, *, #7275, .T. ) ;
#3221 = DIRECTION ( 'NONE',  ( 0.000000000000000000, 1.000000000000000000, 3.004629197474320528E-16 ) ) ;
#3222 = EDGE_CURVE ( 'NONE', #159, #2214, #5880, .T. ) ;
#3223 = CARTESIAN_POINT ( 'NONE',  ( -43.00000000000000000, 2.000000000000000000, 43.00000000000000000 ) ) ;
#3224 = LINE ( 'NONE', #6314, #9082 ) ;
#3225 = DIRECTION ( 'NONE',  ( 6.009258394948641055E-16, -1.000000000000000000, 0.000000000000000000 ) ) ;
#3226 = ORIENTED_EDGE ( 'NONE', *, *, #2216, .F. ) ;
#3227 = EDGE_LOOP ( 'NONE', ( #8576, #7041, #234, #2281 ) ) ;
#3228 = ORIENTED_EDGE ( 'NONE', *, *, #6418, .F. ) ;
#3229 = ORIENTED_EDGE ( 'NONE', *, *, #3462, .T. ) ;
#3230 = DIRECTION ( 'NONE',  ( 0.000000000000000000, 1.000000000000000000, 1.502314598737162729E-16 ) ) ;
#3231 = FACE_BOUND ( 'NONE', #8058, .T. ) ;
#3232 = EDGE_CURVE ( 'NONE', #3896, #2289, #8049, .T. ) ;
#3233 = DIRECTION ( 'NONE',  ( 0.000000000000000000, -1.000000000000000000, -1.502314598737162976E-16 ) ) ;
#3234 = ADVANCED_FACE ( 'NONE', ( #9807 ), #552, .F. ) ;
#3235 = LINE ( 'NONE', #1064, #5870 ) ;
#3236 = LINE ( 'NONE', #9349, #4564 ) ;
#3237 = AXIS2_PLACEMENT_3D ( 'NONE', #4042, #2713, #4028 ) ;
#3238 = ADVANCED_FACE ( 'NONE', ( #8845 ), #1177, .F. ) ;
#3239 = ORIENTED_EDGE ( 'NONE', *, *, #8520, .F. ) ;
#3240 = DIRECTION ( 'NONE',  ( 0.000000000000000000, 0.000000000000000000, -1.000000000000000000 ) ) ;
#3241 = LINE ( 'NONE', #4167, #11 ) ;
#3242 = ORIENTED_EDGE ( 'NONE', *, *, #4472, .T. ) ;
#3243 = ORIENTED_EDGE ( 'NONE', *, *, #9427, .T. ) ;
#3244 = CARTESIAN_POINT ( 'NONE',  ( 45.00000000000000711, 13.11422211844026720, -5.724622203665678200 ) ) ;
#3245 = DIRECTION ( 'NONE',  ( 0.000000000000000000, -1.000000000000000000, -3.004629197474320035E-16 ) ) ;
#3246 = ADVANCED_FACE ( 'NONE', ( #7401 ), #9701, .F. ) ;
#3247 = VECTOR ( 'NONE', #9322, 1000.000000000000114 ) ;
#3248 = VECTOR ( 'NONE', #7408, 1000.000000000000000 ) ;
#3249 = CARTESIAN_POINT ( 'NONE',  ( -43.00000000000000000, 2.000000000000000000, -43.00000000000000000 ) ) ;
#3250 = EDGE_CURVE ( 'NONE', #9449, #5632, #1280, .T. ) ;
#3251 = DIRECTION ( 'NONE',  ( 0.000000000000000000, -0.4999999999999998335, -0.8660254037844387076 ) ) ;
#3252 = CARTESIAN_POINT ( 'NONE',  ( 37.17386661099703105, 36.88577788155969728, -45.00000000000000000 ) ) ;
#3253 = EDGE_CURVE ( 'NONE', #7593, #5267, #7496, .T. ) ;
#3254 = DIRECTION ( 'NONE',  ( 0.000000000000000000, -1.000000000000000000, -3.004629197474320528E-16 ) ) ;
#3255 = EDGE_LOOP ( 'NONE', ( #2086, #4053, #5505, #4054 ) ) ;
#3256 = CARTESIAN_POINT ( 'NONE',  ( 16.44924440733135640, 27.88675134594812732, -45.00000000000000000 ) ) ;
#3257 = EDGE_CURVE ( 'NONE', #5491, #9251, #5369, .T. ) ;
#3258 = ORIENTED_EDGE ( 'NONE', *, *, #2531, .T. ) ;
#3259 = DIRECTION ( 'NONE',  ( 6.009258394948641055E-16, -1.000000000000000000, 0.000000000000000000 ) ) ;
#3260 = ORIENTED_EDGE ( 'NONE', *, *, #4505, .T. ) ;
#3261 = VECTOR ( 'NONE', #6553, 1000.000000000000000 ) ;
#3262 = VERTEX_POINT ( 'NONE', #596 ) ;
#3263 = LINE ( 'NONE', #3319, #4592 ) ;
#3264 = FACE_OUTER_BOUND ( 'NONE', #6955, .T. ) ;
#3265 = DIRECTION ( 'NONE',  ( -0.000000000000000000, -0.000000000000000000, 1.000000000000000000 ) ) ;
#3266 = EDGE_CURVE ( 'NONE', #3048, #6696, #6075, .T. ) ;
#3267 = VECTOR ( 'NONE', #8649, 1000.000000000000000 ) ;
#3268 = FACE_BOUND ( 'NONE', #3733, .T. ) ;
#3269 = VECTOR ( 'NONE', #873, 1000.000000000000000 ) ;
#3270 = AXIS2_PLACEMENT_3D ( 'NONE', #3935, #5399, #3216 ) ;
#3271 = LINE ( 'NONE', #6457, #1242 ) ;
#3272 = VERTEX_POINT ( 'NONE', #8486 ) ;
#3273 = ORIENTED_EDGE ( 'NONE', *, *, #2750, .F. ) ;
#3274 = VERTEX_POINT ( 'NONE', #692 ) ;
#3275 = VECTOR ( 'NONE', #4629, 1000.000000000000114 ) ;
#3276 = VECTOR ( 'NONE', #5038, 1000.000000000000114 ) ;
#3277 = VECTOR ( 'NONE', #7171, 1000.000000000000000 ) ;
#3278 = DIRECTION ( 'NONE',  ( 1.000000000000000000, -0.000000000000000000, -7.709882115452476934E-17 ) ) ;
#3279 = EDGE_CURVE ( 'NONE', #2813, #8072, #9187, .T. ) ;
#3280 = PLANE ( 'NONE',  #7140 ) ;
#3281 = EDGE_CURVE ( 'NONE', #7160, #4445, #8388, .T. ) ;
#3282 = FACE_OUTER_BOUND ( 'NONE', #7234, .T. ) ;
#3283 = VECTOR ( 'NONE', #4265, 1000.000000000000114 ) ;
#3284 = EDGE_LOOP ( 'NONE', ( #3114, #4949, #510, #8613 ) ) ;
#3285 = AXIS2_PLACEMENT_3D ( 'NONE', #2991, #9348, #2422 ) ;
#3286 = ORIENTED_EDGE ( 'NONE', *, *, #6987, .T. ) ;
#3287 = EDGE_LOOP ( 'NONE', ( #2552, #8773, #4165, #7778 ) ) ;
#3288 = LINE ( 'NONE', #7841, #2647 ) ;
#3289 = AXIS2_PLACEMENT_3D ( 'NONE', #1033, #4846, #9371 ) ;
#3290 = LINE ( 'NONE', #3960, #7324 ) ;
#3291 = EDGE_CURVE ( 'NONE', #1081, #9784, #6892, .T. ) ;
#3292 = DIRECTION ( 'NONE',  ( 0.000000000000000000, 0.5000000000000002220, 0.8660254037844384856 ) ) ;
#3293 = DIRECTION ( 'NONE',  ( -0.7071067811865473507, 0.000000000000000000, 0.7071067811865477948 ) ) ;
#3294 = FACE_BOUND ( 'NONE', #7296, .T. ) ;
#3295 = LINE ( 'NONE', #96, #3267 ) ;
#3296 = CARTESIAN_POINT ( 'NONE',  ( -45.00000000000000711, 19.22649730810370627, 21.44924440733136350 ) ) ;
#3297 = VECTOR ( 'NONE', #5578, 1000.000000000000000 ) ;
#3298 = EDGE_LOOP ( 'NONE', ( #9875, #8029, #7796, #6922, #377 ) ) ;
#3299 = DIRECTION ( 'NONE',  ( 0.000000000000000000, 0.5000000000000002220, 0.8660254037844384856 ) ) ;
#3300 = CARTESIAN_POINT ( 'NONE',  ( -21.44924440733135640, 19.22649730810374180, 45.00000000000000000 ) ) ;
#3301 = EDGE_CURVE ( 'NONE', #4194, #1566, #3898, .T. ) ;
#3302 = EDGE_LOOP ( 'NONE', ( #4353, #9411, #8047, #7864 ) ) ;
#3303 = ORIENTED_EDGE ( 'NONE', *, *, #1455, .T. ) ;
#3304 = CARTESIAN_POINT ( 'NONE',  ( 27.17386661099703460, 18.88772481033656092, -45.00000000000000000 ) ) ;
#3305 = DIRECTION ( 'NONE',  ( 0.000000000000000000, 0.5000000000000002220, 0.8660254037844384856 ) ) ;
#3306 = CARTESIAN_POINT ( 'NONE',  ( -4.999999999999999112, 27.88675134594812377, 45.00000000000000000 ) ) ;
#3307 = DIRECTION ( 'NONE',  ( 1.000000000000000000, -0.000000000000000000, 0.000000000000000000 ) ) ;
#3308 = DIRECTION ( 'NONE',  ( 0.000000000000000000, -0.4999999999999998335, -0.8660254037844387076 ) ) ;
#3309 = FACE_OUTER_BOUND ( 'NONE', #6502, .T. ) ;
#3310 = ORIENTED_EDGE ( 'NONE', *, *, #9646, .F. ) ;
#3311 = DIRECTION ( 'NONE',  ( 6.009258394948641055E-16, -1.000000000000000000, 0.000000000000000000 ) ) ;
#3312 = VERTEX_POINT ( 'NONE', #8436 ) ;
#3313 = CARTESIAN_POINT ( 'NONE',  ( 15.72462220366567465, 36.88577788155969728, 40.59999999999996589 ) ) ;
#3314 = DIRECTION ( 'NONE',  ( 0.8660254037844383745, 0.5000000000000004441, 0.000000000000000000 ) ) ;
#3315 = EDGE_CURVE ( 'NONE', #6564, #5504, #34, .T. ) ;
#3316 = AXIS2_PLACEMENT_3D ( 'NONE', #1534, #10011, #4787 ) ;
#3317 = EDGE_LOOP ( 'NONE', ( #9686, #6666, #7742, #3891, #1490, #5811 ) ) ;
#3318 = ORIENTED_EDGE ( 'NONE', *, *, #4066, .T. ) ;
#3319 = CARTESIAN_POINT ( 'NONE',  ( -36.61025403784437771, -1.910442715746314635, 40.59999999999999432 ) ) ;
#3320 = EDGE_CURVE ( 'NONE', #4, #6237, #9851, .T. ) ;
#3321 = DIRECTION ( 'NONE',  ( 0.000000000000000000, -0.5000000000000006661, 0.8660254037844381525 ) ) ;
#3322 = ADVANCED_FACE ( 'NONE', ( #6022 ), #9097, .F. ) ;
#3323 = DIRECTION ( 'NONE',  ( 0.000000000000000000, 0.5000000000000005551, -0.8660254037844382635 ) ) ;
#3324 = VECTOR ( 'NONE', #4141, 1000.000000000000000 ) ;
#3325 = PLANE ( 'NONE',  #7467 ) ;
#3326 = CARTESIAN_POINT ( 'NONE',  ( 40.59999999999999432, 4.999999999999986677, -5.724622203665679976 ) ) ;
#3327 = VERTEX_POINT ( 'NONE', #4516 ) ;
#3328 = VERTEX_POINT ( 'NONE', #1521 ) ;
#3329 = ORIENTED_EDGE ( 'NONE', *, *, #189, .T. ) ;
#3330 = AXIS2_PLACEMENT_3D ( 'NONE', #5274, #8341, #8383 ) ;
#3331 = CARTESIAN_POINT ( 'NONE',  ( -10.72462220366567820, 21.77447615628468114, -40.59999999999999432 ) ) ;
#3332 = CARTESIAN_POINT ( 'NONE',  ( 37.17386661099703105, 18.88772481033656092, -45.00000000000000000 ) ) ;
#3333 = FACE_BOUND ( 'NONE', #2179, .T. ) ;
#3334 = CARTESIAN_POINT ( 'NONE',  ( 32.17386661099703105, 10.22747077249218073, -45.00000000000000000 ) ) ;
#3335 = VECTOR ( 'NONE', #3170, 1000.000000000000000 ) ;
#3336 = VERTEX_POINT ( 'NONE', #4612 ) ;
#3337 = EDGE_LOOP ( 'NONE', ( #2993, #7381, #8567, #6164 ) ) ;
#3338 = ORIENTED_EDGE ( 'NONE', *, *, #1546, .T. ) ;
#3339 = EDGE_LOOP ( 'NONE', ( #6046, #879, #1285, #2546 ) ) ;
#3340 = EDGE_CURVE ( 'NONE', #4798, #2439, #743, .T. ) ;
#3341 = CARTESIAN_POINT ( 'NONE',  ( 5.724622203665678200, 36.88577788155969728, -45.00000000000000000 ) ) ;
#3342 = DIRECTION ( 'NONE',  ( -0.8660254037844387076, 0.4999999999999998890, 0.000000000000000000 ) ) ;
#3343 = DIRECTION ( 'NONE',  ( 0.000000000000000000, 0.5000000000000002220, 0.8660254037844384856 ) ) ;
#3344 = LINE ( 'NONE', #4869, #7148 ) ;
#3345 = VERTEX_POINT ( 'NONE', #3850 ) ;
#3346 = VERTEX_POINT ( 'NONE', #7587 ) ;
#3347 = ORIENTED_EDGE ( 'NONE', *, *, #1224, .T. ) ;
#3348 = ORIENTED_EDGE ( 'NONE', *, *, #8476, .T. ) ;
#3349 = CARTESIAN_POINT ( 'NONE',  ( -4.999999999999984013, 5.000000000000019540, -40.59999999999999432 ) ) ;
#3350 = DIRECTION ( 'NONE',  ( 0.000000000000000000, 0.5000000000000006661, -0.8660254037844383745 ) ) ;
#3351 = AXIS2_PLACEMENT_3D ( 'NONE', #5452, #6059, #5400 ) ;
#3352 = LINE ( 'NONE', #7300, #3261 ) ;
#3353 = DIRECTION ( 'NONE',  ( 0.8660254037844383745, 0.5000000000000003331, 0.000000000000000000 ) ) ;
#3354 = DIRECTION ( 'NONE',  ( -1.000000000000000000, -6.009258394948641055E-16, 0.000000000000000000 ) ) ;
#3355 = CARTESIAN_POINT ( 'NONE',  ( 15.72462220366567465, 18.88772481033656092, -45.00000000000000000 ) ) ;
#3356 = ORIENTED_EDGE ( 'NONE', *, *, #7838, .F. ) ;
#3357 = CARTESIAN_POINT ( 'NONE',  ( 17.08051390828823912, 2.499999999999986677, -32.63686309439230371 ) ) ;
#3358 = EDGE_LOOP ( 'NONE', ( #86, #7422, #4503, #9553 ) ) ;
#3359 = DIRECTION ( 'NONE',  ( -0.000000000000000000, -0.000000000000000000, 1.000000000000000000 ) ) ;
#3360 = PLANE ( 'NONE',  #2270 ) ;
#3361 = ORIENTED_EDGE ( 'NONE', *, *, #9936, .F. ) ;
#3362 = ORIENTED_EDGE ( 'NONE', *, *, #5261, .T. ) ;
#3363 = DIRECTION ( 'NONE',  ( 6.009258394948641055E-16, -1.000000000000000000, 0.000000000000000000 ) ) ;
#3364 = LINE ( 'NONE', #2598, #2331 ) ;
#3365 = CARTESIAN_POINT ( 'NONE',  ( -45.00000000000000711, 31.11227518966340355, -5.724622203665671094 ) ) ;
#3366 = ADVANCED_FACE ( 'NONE', ( #5420 ), #8348, .F. ) ;
#3367 = ADVANCED_FACE ( 'NONE', ( #638 ), #6937, .F. ) ;
#3368 = FACE_OUTER_BOUND ( 'NONE', #7944, .T. ) ;
#3369 = FACE_OUTER_BOUND ( 'NONE', #8471, .T. ) ;
#3370 = CARTESIAN_POINT ( 'NONE',  ( -45.00000000000000711, 10.22747077249213810, -32.17386661099702394 ) ) ;
#3371 = ORIENTED_EDGE ( 'NONE', *, *, #1732, .F. ) ;
#3372 = CARTESIAN_POINT ( 'NONE',  ( 40.59999999999997300, 31.11227518966341066, -15.72462220366568175 ) ) ;
#3373 = VERTEX_POINT ( 'NONE', #1421 ) ;
#3374 = ORIENTED_EDGE ( 'NONE', *, *, #2253, .T. ) ;
#3375 = VERTEX_POINT ( 'NONE', #9906 ) ;
#3376 = EDGE_CURVE ( 'NONE', #3588, #4851, #789, .T. ) ;
#3377 = CARTESIAN_POINT ( 'NONE',  ( -4.336808689942017736E-16, 30.77350269189625109, -45.00000000000000000 ) ) ;
#3378 = EDGE_CURVE ( 'NONE', #7722, #3546, #5969, .T. ) ;
#3379 = CARTESIAN_POINT ( 'NONE',  ( -45.00000000000000711, 18.88772481033652184, 15.72462220366568530 ) ) ;
#3380 = DIRECTION ( 'NONE',  ( 6.009258394948640069E-16, -1.000000000000000000, 0.000000000000000000 ) ) ;
#3381 = DIRECTION ( 'NONE',  ( -0.000000000000000000, -0.000000000000000000, 1.000000000000000000 ) ) ;
#3382 = EDGE_CURVE ( 'NONE', #9287, #528, #3288, .T. ) ;
#3383 = EDGE_CURVE ( 'NONE', #8510, #6999, #7238, .T. ) ;
#3384 = ORIENTED_EDGE ( 'NONE', *, *, #480, .F. ) ;
#3385 = ORIENTED_EDGE ( 'NONE', *, *, #629, .T. ) ;
#3386 = EDGE_LOOP ( 'NONE', ( #9620, #6719, #3072, #4442 ) ) ;
#3387 = CARTESIAN_POINT ( 'NONE',  ( 37.17386661099702394, 4.999999999999997335, -40.59999999999999432 ) ) ;
#3388 = DIRECTION ( 'NONE',  ( 0.000000000000000000, 0.5000000000000002220, 0.8660254037844384856 ) ) ;
#3389 = DIRECTION ( 'NONE',  ( 6.009258394948641055E-16, -1.000000000000000000, 0.000000000000000000 ) ) ;
#3390 = ADVANCED_FACE ( 'NONE', ( #5518 ), #908, .F. ) ;
#3391 = DIRECTION ( 'NONE',  ( 0.8660254037844387076, 0.4999999999999998890, 0.000000000000000000 ) ) ;
#3392 = ORIENTED_EDGE ( 'NONE', *, *, #1227, .F. ) ;
#3393 = ORIENTED_EDGE ( 'NONE', *, *, #2405, .F. ) ;
#3394 = DIRECTION ( 'NONE',  ( -0.000000000000000000, -0.000000000000000000, 1.000000000000000000 ) ) ;
#3395 = ORIENTED_EDGE ( 'NONE', *, *, #3509, .F. ) ;
#3396 = VERTEX_POINT ( 'NONE', #999 ) ;
#3397 = CARTESIAN_POINT ( 'NONE',  ( 37.17386661099703105, 13.11422211844031160, -45.00000000000000000 ) ) ;
#3398 = CARTESIAN_POINT ( 'NONE',  ( -26.44924440733135285, 22.11324865405186557, 40.59999999999996589 ) ) ;
#3399 = DIRECTION ( 'NONE',  ( 0.8660254037844388186, -0.4999999999999997780, 0.000000000000000000 ) ) ;
#3400 = CARTESIAN_POINT ( 'NONE',  ( -45.00000000000000711, 31.11227518966340355, 15.72462220366568175 ) ) ;
#3401 = CARTESIAN_POINT ( 'NONE',  ( -5.724622203665678200, 13.11422211844030450, -45.00000000000000000 ) ) ;
#3402 = VECTOR ( 'NONE', #1150, 1000.000000000000000 ) ;
#3403 = EDGE_CURVE ( 'NONE', #5948, #7942, #7188, .T. ) ;
#3404 = CARTESIAN_POINT ( 'NONE',  ( -27.17386661099703460, 4.999999999999997335, 40.59999999999999432 ) ) ;
#3405 = LINE ( 'NONE', #6496, #498 ) ;
#3406 = VERTEX_POINT ( 'NONE', #3341 ) ;
#3407 = DIRECTION ( 'NONE',  ( 0.000000000000000000, 0.5000000000000002220, 0.8660254037844384856 ) ) ;
#3408 = ORIENTED_EDGE ( 'NONE', *, *, #8198, .F. ) ;
#3409 = DIRECTION ( 'NONE',  ( -0.8660254037844384856, -0.5000000000000004441, 0.000000000000000000 ) ) ;
#3410 = CARTESIAN_POINT ( 'NONE',  ( 10.72462220366567820, 10.22747077249218073, -45.00000000000000000 ) ) ;
#3411 = ORIENTED_EDGE ( 'NONE', *, *, #6210, .F. ) ;
#3412 = ORIENTED_EDGE ( 'NONE', *, *, #3441, .F. ) ;
#3413 = DIRECTION ( 'NONE',  ( -0.000000000000000000, -0.000000000000000000, 1.000000000000000000 ) ) ;
#3414 = VECTOR ( 'NONE', #536, 1000.000000000000000 ) ;
#3415 = DIRECTION ( 'NONE',  ( 1.000000000000000000, -0.000000000000000000, -7.709882115452476934E-17 ) ) ;
#3416 = DIRECTION ( 'NONE',  ( 0.4999999999999998890, 0.8660254037844387076, 0.000000000000000000 ) ) ;
#3417 = CARTESIAN_POINT ( 'NONE',  ( 45.00000000000000711, 13.11422211844026720, -27.17386661099702749 ) ) ;
#3418 = CARTESIAN_POINT ( 'NONE',  ( -45.00000000000000711, 31.11227518966341066, 27.17386661099704170 ) ) ;
#3419 = CARTESIAN_POINT ( 'NONE',  ( -32.17386661099703105, 10.22747077249217362, -45.00000000000000000 ) ) ;
#3420 = ORIENTED_EDGE ( 'NONE', *, *, #4452, .T. ) ;
#3421 = DIRECTION ( 'NONE',  ( 0.000000000000000000, 1.000000000000000000, 0.000000000000000000 ) ) ;
#3422 = VECTOR ( 'NONE', #105, 1000.000000000000114 ) ;
#3423 = VERTEX_POINT ( 'NONE', #6225 ) ;
#3424 = ORIENTED_EDGE ( 'NONE', *, *, #6968, .T. ) ;
#3425 = ORIENTED_EDGE ( 'NONE', *, *, #7288, .T. ) ;
#3426 = ADVANCED_FACE ( 'NONE', ( #4864 ), #9294, .F. ) ;
#3427 = EDGE_CURVE ( 'NONE', #7541, #8273, #1618, .T. ) ;
#3428 = VECTOR ( 'NONE', #3709, 1000.000000000000000 ) ;
#3429 = VECTOR ( 'NONE', #5271, 1000.000000000000000 ) ;
#3430 = VECTOR ( 'NONE', #4348, 999.9999999999998863 ) ;
#3431 = FACE_OUTER_BOUND ( 'NONE', #701, .T. ) ;
#3432 = AXIS2_PLACEMENT_3D ( 'NONE', #9024, #9937, #2064 ) ;
#3433 = DIRECTION ( 'NONE',  ( 0.000000000000000000, -1.000000000000000000, 0.000000000000000000 ) ) ;
#3434 = CARTESIAN_POINT ( 'NONE',  ( -5.724622203665678200, 13.11422211844030450, 45.00000000000000000 ) ) ;
#3435 = CARTESIAN_POINT ( 'NONE',  ( 15.16033048310345244, 1.999999999999991340, 1.103125484187123417 ) ) ;
#3436 = ORIENTED_EDGE ( 'NONE', *, *, #8987, .T. ) ;
#3437 = ORIENTED_EDGE ( 'NONE', *, *, #639, .F. ) ;
#3438 = VECTOR ( 'NONE', #6077, 1000.000000000000000 ) ;
#3439 = AXIS2_PLACEMENT_3D ( 'NONE', #136, #187, #8488 ) ;
#3440 = AXIS2_PLACEMENT_3D ( 'NONE', #6191, #8551, #3254 ) ;
#3441 = EDGE_CURVE ( 'NONE', #6183, #6558, #5468, .T. ) ;
#3442 = EDGE_LOOP ( 'NONE', ( #2379, #8152, #4324, #4668 ) ) ;
#3443 = DIRECTION ( 'NONE',  ( 0.000000000000000000, -0.5000000000000006661, 0.8660254037844381525 ) ) ;
#3444 = EDGE_CURVE ( 'NONE', #5330, #6048, #4821, .T. ) ;
#3445 = CARTESIAN_POINT ( 'NONE',  ( 27.17386661099703460, 36.88577788155969728, 45.00000000000000000 ) ) ;
#3446 = VECTOR ( 'NONE', #6736, 1000.000000000000000 ) ;
#3447 = ADVANCED_FACE ( 'NONE', ( #4772 ), #89, .F. ) ;
#3448 = AXIS2_PLACEMENT_3D ( 'NONE', #4412, #446, #3550 ) ;
#3449 = LINE ( 'NONE', #7346, #2946 ) ;
#3450 = CARTESIAN_POINT ( 'NONE',  ( -27.17386661099703460, 13.11422211844030450, -40.59999999999999432 ) ) ;
#3451 = CARTESIAN_POINT ( 'NONE',  ( -43.00000000000000000, 2.000000000000001776, -43.00000000000000000 ) ) ;
#3452 = LINE ( 'NONE', #4321, #2779 ) ;
#3453 = ORIENTED_EDGE ( 'NONE', *, *, #727, .T. ) ;
#3454 = ADVANCED_FACE ( 'NONE', ( #7089 ), #135, .F. ) ;
#3455 = ORIENTED_EDGE ( 'NONE', *, *, #332, .T. ) ;
#3456 = CARTESIAN_POINT ( 'NONE',  ( 4.999999999999999112, 22.11324865405187268, -45.00000000000000000 ) ) ;
#3457 = VERTEX_POINT ( 'NONE', #2529 ) ;
#3458 = VECTOR ( 'NONE', #9718, 1000.000000000000114 ) ;
#3459 = ORIENTED_EDGE ( 'NONE', *, *, #1301, .F. ) ;
#3460 = AXIS2_PLACEMENT_3D ( 'NONE', #9780, #2201, #2957 ) ;
#3461 = LINE ( 'NONE', #5829, #9431 ) ;
#3462 = EDGE_CURVE ( 'NONE', #6181, #4888, #8689, .T. ) ;
#3463 = DIRECTION ( 'NONE',  ( 6.009258394948640069E-16, -1.000000000000000000, 0.000000000000000000 ) ) ;
#3464 = LINE ( 'NONE', #4938, #8571 ) ;
#3465 = FACE_OUTER_BOUND ( 'NONE', #3929, .T. ) ;
#3466 = LINE ( 'NONE', #965, #5908 ) ;
#3467 = VECTOR ( 'NONE', #4934, 999.9999999999998863 ) ;
#3468 = DIRECTION ( 'NONE',  ( 1.000000000000000000, -0.000000000000000000, -7.709882115452476934E-17 ) ) ;
#3469 = DIRECTION ( 'NONE',  ( 0.000000000000000000, -1.000000000000000000, -3.004629197474320035E-16 ) ) ;
#3470 = ORIENTED_EDGE ( 'NONE', *, *, #8017, .F. ) ;
#3471 = DIRECTION ( 'NONE',  ( -0.8660254037844387076, -0.4999999999999998890, 0.000000000000000000 ) ) ;
#3472 = EDGE_CURVE ( 'NONE', #3145, #9235, #8644, .T. ) ;
#3473 = VERTEX_POINT ( 'NONE', #8736 ) ;
#3474 = CARTESIAN_POINT ( 'NONE',  ( -32.17386661099703105, 21.77447615628468114, -45.00000000000000000 ) ) ;
#3475 = FACE_BOUND ( 'NONE', #3722, .T. ) ;
#3476 = ORIENTED_EDGE ( 'NONE', *, *, #8494, .F. ) ;
#3477 = ORIENTED_EDGE ( 'NONE', *, *, #5680, .F. ) ;
#3478 = LINE ( 'NONE', #8170, #3943 ) ;
#3479 = VECTOR ( 'NONE', #7534, 1000.000000000000000 ) ;
#3480 = EDGE_CURVE ( 'NONE', #3040, #3858, #1727, .T. ) ;
#3481 = FACE_OUTER_BOUND ( 'NONE', #342, .T. ) ;
#3482 = CARTESIAN_POINT ( 'NONE',  ( 27.17386661099703460, 13.11422211844030450, -45.00000000000000000 ) ) ;
#3483 = DIRECTION ( 'NONE',  ( 0.000000000000000000, -0.4999999999999998335, -0.8660254037844387076 ) ) ;
#3484 = LINE ( 'NONE', #6513, #4894 ) ;
#3485 = ORIENTED_EDGE ( 'NONE', *, *, #5245, .F. ) ;
#3486 = FACE_OUTER_BOUND ( 'NONE', #8405, .T. ) ;
#3487 = VECTOR ( 'NONE', #348, 1000.000000000000000 ) ;
#3488 = ORIENTED_EDGE ( 'NONE', *, *, #6132, .F. ) ;
#3489 = ORIENTED_EDGE ( 'NONE', *, *, #7453, .T. ) ;
#3490 = ORIENTED_EDGE ( 'NONE', *, *, #5489, .F. ) ;
#3491 = PLANE ( 'NONE',  #7217 ) ;
#3492 = AXIS2_PLACEMENT_3D ( 'NONE', #3572, #655, #2898 ) ;
#3493 = DIRECTION ( 'NONE',  ( 0.000000000000000000, 1.000000000000000000, 1.502314598737162729E-16 ) ) ;
#3494 = DIRECTION ( 'NONE',  ( 0.000000000000000000, 1.000000000000000000, 1.502314598737162729E-16 ) ) ;
#3495 = DIRECTION ( 'NONE',  ( 1.000000000000000000, -0.000000000000000000, 0.000000000000000000 ) ) ;
#3496 = EDGE_CURVE ( 'NONE', #801, #5720, #4710, .T. ) ;
#3497 = ORIENTED_EDGE ( 'NONE', *, *, #4190, .F. ) ;
#3498 = ORIENTED_EDGE ( 'NONE', *, *, #3754, .T. ) ;
#3499 = AXIS2_PLACEMENT_3D ( 'NONE', #8282, #4458, #5453 ) ;
#3500 = CARTESIAN_POINT ( 'NONE',  ( 26.44924440733135285, 27.88675134594812732, -45.00000000000000000 ) ) ;
#3501 = CARTESIAN_POINT ( 'NONE',  ( 37.17386661099703105, 13.11422211844031160, -40.59999999999999432 ) ) ;
#3502 = AXIS2_PLACEMENT_3D ( 'NONE', #5560, #935, #3938 ) ;
#3503 = CARTESIAN_POINT ( 'NONE',  ( -15.72462220366567465, 31.11227518966344263, -45.00000000000000000 ) ) ;
#3504 = EDGE_CURVE ( 'NONE', #9848, #9006, #7886, .T. ) ;
#3505 = PLANE ( 'NONE',  #406 ) ;
#3506 = CARTESIAN_POINT ( 'NONE',  ( -45.00000000000000711, 22.11324865405186202, -4.999999999999992006 ) ) ;
#3507 = DIRECTION ( 'NONE',  ( 0.000000000000000000, 1.000000000000000000, 0.000000000000000000 ) ) ;
#3508 = DIRECTION ( 'NONE',  ( -0.8660254037844387076, -0.4999999999999998890, 0.000000000000000000 ) ) ;
#3509 = EDGE_CURVE ( 'NONE', #559, #1290, #7788, .T. ) ;
#3510 = ORIENTED_EDGE ( 'NONE', *, *, #8202, .F. ) ;
#3511 = VERTEX_POINT ( 'NONE', #3186 ) ;
#3512 = ORIENTED_EDGE ( 'NONE', *, *, #5804, .F. ) ;
#3513 = ORIENTED_EDGE ( 'NONE', *, *, #7090, .F. ) ;
#3514 = EDGE_CURVE ( 'NONE', #5127, #242, #4056, .T. ) ;
#3515 = DIRECTION ( 'NONE',  ( 6.009258394948641055E-16, -1.000000000000000000, 0.000000000000000000 ) ) ;
#3516 = CARTESIAN_POINT ( 'NONE',  ( -40.60000000000000142, 53.30361025463751901, -12.71189761665420725 ) ) ;
#3517 = DIRECTION ( 'NONE',  ( 1.000000000000000000, -0.000000000000000000, -7.709882115452476934E-17 ) ) ;
#3518 = DIRECTION ( 'NONE',  ( 0.000000000000000000, 0.4999999999999998335, 0.8660254037844387076 ) ) ;
#3519 = CARTESIAN_POINT ( 'NONE',  ( -10.72462220366567820, 39.77252922750782460, -40.59999999999999432 ) ) ;
#3520 = CARTESIAN_POINT ( 'NONE',  ( 5.724622203665681752, 13.11422211844030450, -45.00000000000000000 ) ) ;
#3521 = ORIENTED_EDGE ( 'NONE', *, *, #3716, .T. ) ;
#3522 = ADVANCED_FACE ( 'NONE', ( #5019 ), #8080, .F. ) ;
#3523 = ORIENTED_EDGE ( 'NONE', *, *, #6601, .T. ) ;
#3524 = CARTESIAN_POINT ( 'NONE',  ( -5.724622203665678200, 31.11227518966344974, -45.00000000000000000 ) ) ;
#3525 = CARTESIAN_POINT ( 'NONE',  ( -15.72462220366567465, 18.88772481033655382, 45.00000000000000000 ) ) ;
#3526 = ORIENTED_EDGE ( 'NONE', *, *, #9099, .T. ) ;
#3527 = ORIENTED_EDGE ( 'NONE', *, *, #7484, .T. ) ;
#3528 = PLANE ( 'NONE',  #7808 ) ;
#3529 = LINE ( 'NONE', #5047, #1853 ) ;
#3530 = FACE_OUTER_BOUND ( 'NONE', #1087, .T. ) ;
#3531 = LINE ( 'NONE', #9675, #6723 ) ;
#3532 = DIRECTION ( 'NONE',  ( 0.000000000000000000, 0.5000000000000002220, 0.8660254037844384856 ) ) ;
#3533 = DIRECTION ( 'NONE',  ( -6.009258394948641055E-16, 1.000000000000000000, 0.000000000000000000 ) ) ;
#3534 = ORIENTED_EDGE ( 'NONE', *, *, #7387, .F. ) ;
#3535 = DIRECTION ( 'NONE',  ( -0.000000000000000000, -0.000000000000000000, 1.000000000000000000 ) ) ;
#3536 = EDGE_CURVE ( 'NONE', #7313, #4964, #2826, .T. ) ;
#3537 = EDGE_CURVE ( 'NONE', #1209, #7266, #9542, .T. ) ;
#3538 = ORIENTED_EDGE ( 'NONE', *, *, #6835, .T. ) ;
#3539 = VERTEX_POINT ( 'NONE', #486 ) ;
#3540 = VERTEX_POINT ( 'NONE', #5725 ) ;
#3541 = EDGE_CURVE ( 'NONE', #8092, #9006, #4406, .T. ) ;
#3542 = ORIENTED_EDGE ( 'NONE', *, *, #4732, .T. ) ;
#3543 = CARTESIAN_POINT ( 'NONE',  ( 0.000000000000000000, 19.22649730810374180, -45.00000000000000000 ) ) ;
#3544 = LINE ( 'NONE', #8725, #4566 ) ;
#3545 = ORIENTED_EDGE ( 'NONE', *, *, #8612, .T. ) ;
#3546 = VERTEX_POINT ( 'NONE', #3547 ) ;
#3547 = CARTESIAN_POINT ( 'NONE',  ( 15.72462220366567465, 18.88772481033656447, -40.59999999999999432 ) ) ;
#3548 = LINE ( 'NONE', #5868, #6171 ) ;
#3549 = DIRECTION ( 'NONE',  ( 0.000000000000000000, -0.5000000000000006661, 0.8660254037844382635 ) ) ;
#3550 = DIRECTION ( 'NONE',  ( 0.000000000000000000, -0.4999999999999998335, -0.8660254037844387076 ) ) ;
#3551 = CARTESIAN_POINT ( 'NONE',  ( 32.17386661099703105, 28.22552384371531886, 45.00000000000000000 ) ) ;
#3552 = ORIENTED_EDGE ( 'NONE', *, *, #8546, .T. ) ;
#3553 = ORIENTED_EDGE ( 'NONE', *, *, #2638, .F. ) ;
#3554 = ORIENTED_EDGE ( 'NONE', *, *, #8938, .T. ) ;
#3555 = DIRECTION ( 'NONE',  ( 0.8660254037844388186, -0.4999999999999997780, 0.000000000000000000 ) ) ;
#3556 = EDGE_CURVE ( 'NONE', #8880, #8665, #2679, .T. ) ;
#3557 = CARTESIAN_POINT ( 'NONE',  ( -41.97256513967722213, 7.377352558618816225, -40.59999999999999432 ) ) ;
#3558 = CARTESIAN_POINT ( 'NONE',  ( -40.60000000000000142, 26.06776566806286510, -28.43651982031992631 ) ) ;
#3559 = CARTESIAN_POINT ( 'NONE',  ( 27.17386661099703460, 31.11227518966344263, -45.00000000000000000 ) ) ;
#3560 = DIRECTION ( 'NONE',  ( 0.000000000000000000, 0.5000000000000005551, -0.8660254037844382635 ) ) ;
#3561 = ORIENTED_EDGE ( 'NONE', *, *, #6846, .F. ) ;
#3562 = VERTEX_POINT ( 'NONE', #1225 ) ;
#3563 = LINE ( 'NONE', #7448, #6150 ) ;
#3564 = ORIENTED_EDGE ( 'NONE', *, *, #8684, .T. ) ;
#3565 = VERTEX_POINT ( 'NONE', #6535 ) ;
#3566 = CARTESIAN_POINT ( 'NONE',  ( -4.999999999999995559, 22.11324865405186557, -45.00000000000000000 ) ) ;
#3567 = EDGE_CURVE ( 'NONE', #5765, #1870, #6636, .T. ) ;
#3568 = LINE ( 'NONE', #565, #52 ) ;
#3569 = ADVANCED_FACE ( 'NONE', ( #8883 ), #8789, .F. ) ;
#3570 = ADVANCED_FACE ( 'NONE', ( #1973 ), #2069, .F. ) ;
#3571 = DIRECTION ( 'NONE',  ( -3.854941057726242781E-17, -0.8660254037844383745, -0.5000000000000006661 ) ) ;
#3572 = CARTESIAN_POINT ( 'NONE',  ( -45.00000000000000711, 18.88772481033651829, 5.724622203665682640 ) ) ;
#3573 = DIRECTION ( 'NONE',  ( 0.4999999999999975020, 0.7071067811865509034, 0.4999999999999977796 ) ) ;
#3574 = LINE ( 'NONE', #4386, #6515 ) ;
#3575 = CARTESIAN_POINT ( 'NONE',  ( -45.00000000000000711, 18.88772481033652184, -27.17386661099702039 ) ) ;
#3576 = ORIENTED_EDGE ( 'NONE', *, *, #1062, .T. ) ;
#3577 = LINE ( 'NONE', #9824, #7810 ) ;
#3578 = VERTEX_POINT ( 'NONE', #5773 ) ;
#3579 = VERTEX_POINT ( 'NONE', #4260 ) ;
#3580 = ORIENTED_EDGE ( 'NONE', *, *, #5611, .F. ) ;
#3581 = STYLED_ITEM ( 'NONE', ( #3669 ), #7077 ) ;
#3582 = VERTEX_POINT ( 'NONE', #1923 ) ;
#3583 = VECTOR ( 'NONE', #3662, 1000.000000000000000 ) ;
#3584 = CARTESIAN_POINT ( 'NONE',  ( -4.999999999999995559, 22.11324865405186557, -40.59999999999999432 ) ) ;
#3585 = VECTOR ( 'NONE', #4279, 1000.000000000000114 ) ;
#3586 = DIRECTION ( 'NONE',  ( -0.000000000000000000, -0.000000000000000000, 1.000000000000000000 ) ) ;
#3587 = LINE ( 'NONE', #8232, #1506 ) ;
#3588 = VERTEX_POINT ( 'NONE', #9597 ) ;
#3589 = ORIENTED_EDGE ( 'NONE', *, *, #2188, .F. ) ;
#3590 = AXIS2_PLACEMENT_3D ( 'NONE', #7241, #9550, #1114 ) ;
#3591 = DIRECTION ( 'NONE',  ( 0.000000000000000000, 0.4999999999999998335, 0.8660254037844387076 ) ) ;
#3592 = EDGE_CURVE ( 'NONE', #8015, #6549, #7390, .T. ) ;
#3593 = CARTESIAN_POINT ( 'NONE',  ( -40.60000000000000142, 36.88577788155966175, -27.17386661099701328 ) ) ;
#3594 = CARTESIAN_POINT ( 'NONE',  ( 32.17386661099702394, 39.77252922750783881, -45.00000000000000000 ) ) ;
#3595 = DIRECTION ( 'NONE',  ( 0.000000000000000000, 0.5000000000000007772, -0.8660254037844382635 ) ) ;
#3596 = VECTOR ( 'NONE', #8389, 1000.000000000000114 ) ;
#3597 = LINE ( 'NONE', #9803, #3617 ) ;
#3598 = AXIS2_PLACEMENT_3D ( 'NONE', #4012, #909, #3900 ) ;
#3599 = CARTESIAN_POINT ( 'NONE',  ( -32.17386661099703105, 28.22552384371531176, -40.59999999999999432 ) ) ;
#3600 = AXIS2_PLACEMENT_3D ( 'NONE', #723, #823, #9323 ) ;
#3601 = VERTEX_POINT ( 'NONE', #6589 ) ;
#3602 = ORIENTED_EDGE ( 'NONE', *, *, #4050, .T. ) ;
#3603 = VERTEX_POINT ( 'NONE', #9688 ) ;
#3604 = DIRECTION ( 'NONE',  ( 1.000000000000000000, -0.000000000000000000, -7.709882115452476934E-17 ) ) ;
#3605 = VECTOR ( 'NONE', #3292, 1000.000000000000114 ) ;
#3606 = EDGE_CURVE ( 'NONE', #5204, #9984, #440, .T. ) ;
#3607 = AXIS2_PLACEMENT_3D ( 'NONE', #6759, #6665, #9061 ) ;
#3608 = DIRECTION ( 'NONE',  ( -0.000000000000000000, -0.000000000000000000, 1.000000000000000000 ) ) ;
#3609 = FACE_OUTER_BOUND ( 'NONE', #8125, .T. ) ;
#3610 = DIRECTION ( 'NONE',  ( 0.000000000000000000, 1.000000000000000000, 1.502314598737162976E-16 ) ) ;
#3611 = CARTESIAN_POINT ( 'NONE',  ( 45.00000000000000711, 10.22747077249213810, -32.17386661099703105 ) ) ;
#3612 = ADVANCED_FACE ( 'NONE', ( #2776 ), #2728, .F. ) ;
#3613 = EDGE_LOOP ( 'NONE', ( #4489, #9878, #563, #5015 ) ) ;
#3614 = VECTOR ( 'NONE', #6054, 1000.000000000000000 ) ;
#3615 = VERTEX_POINT ( 'NONE', #8192 ) ;
#3616 = LINE ( 'NONE', #3764, #2599 ) ;
#3617 = VECTOR ( 'NONE', #8147, 1000.000000000000000 ) ;
#3618 = VERTEX_POINT ( 'NONE', #6473 ) ;
#3619 = VERTEX_POINT ( 'NONE', #8941 ) ;
#3620 = CARTESIAN_POINT ( 'NONE',  ( 15.16033048310345244, 4.999999999999997335, 1.103125484187124750 ) ) ;
#3621 = PLANE ( 'NONE',  #1365 ) ;
#3622 = VECTOR ( 'NONE', #5667, 1000.000000000000000 ) ;
#3623 = DIRECTION ( 'NONE',  ( 0.4999999999999998890, 0.8660254037844387076, 0.000000000000000000 ) ) ;
#3624 = CARTESIAN_POINT ( 'NONE',  ( 5.413252018710207558, 1.999999999999988010, -21.67670798600081739 ) ) ;
#3625 = CARTESIAN_POINT ( 'NONE',  ( 45.00000000000000711, 21.77447615628465982, 32.17386661099703815 ) ) ;
#3626 = LINE ( 'NONE', #6715, #8980 ) ;
#3627 = EDGE_CURVE ( 'NONE', #3457, #7738, #1268, .T. ) ;
#3628 = ORIENTED_EDGE ( 'NONE', *, *, #4462, .T. ) ;
#3629 = DIRECTION ( 'NONE',  ( 0.8660254037844387076, -0.4999999999999998890, 0.000000000000000000 ) ) ;
#3630 = EDGE_CURVE ( 'NONE', #5376, #9848, #9745, .T. ) ;
#3631 = ORIENTED_EDGE ( 'NONE', *, *, #8874, .T. ) ;
#3632 = ORIENTED_EDGE ( 'NONE', *, *, #8860, .T. ) ;
#3633 = VECTOR ( 'NONE', #7134, 1000.000000000000000 ) ;
#3634 = ORIENTED_EDGE ( 'NONE', *, *, #8253, .T. ) ;
#3635 = ORIENTED_EDGE ( 'NONE', *, *, #4446, .F. ) ;
#3636 = ADVANCED_FACE ( 'NONE', ( #8988 ), #8038, .F. ) ;
#3637 = LINE ( 'NONE', #619, #7765 ) ;
#3638 = VECTOR ( 'NONE', #8713, 999.9999999999998863 ) ;
#3639 = CARTESIAN_POINT ( 'NONE',  ( -45.00000000000000711, 31.11227518966341066, 5.724622203665681752 ) ) ;
#3640 = CARTESIAN_POINT ( 'NONE',  ( 21.44924440733134929, 30.77350269189626530, -45.00000000000000000 ) ) ;
#3641 = EDGE_LOOP ( 'NONE', ( #7986, #450, #3012, #49 ) ) ;
#3642 = ORIENTED_EDGE ( 'NONE', *, *, #6277, .F. ) ;
#3643 = VECTOR ( 'NONE', #1309, 1000.000000000000000 ) ;
#3644 = VECTOR ( 'NONE', #8480, 1000.000000000000000 ) ;
#3645 = DIRECTION ( 'NONE',  ( 1.000000000000000000, -0.000000000000000000, -7.709882115452476934E-17 ) ) ;
#3646 = CARTESIAN_POINT ( 'NONE',  ( 10.28129369291628414, 0.000000000000000000, -10.28129369291629480 ) ) ;
#3647 = FACE_OUTER_BOUND ( 'NONE', #4916, .T. ) ;
#3648 = FACE_OUTER_BOUND ( 'NONE', #9506, .T. ) ;
#3649 = AXIS2_PLACEMENT_3D ( 'NONE', #3252, #7105, #3203 ) ;
#3650 = LINE ( 'NONE', #9092, #9242 ) ;
#3651 = EDGE_LOOP ( 'NONE', ( #385, #5277, #8445, #4255 ) ) ;
#3652 = EDGE_CURVE ( 'NONE', #9141, #6198, #2217, .T. ) ;
#3653 = VERTEX_POINT ( 'NONE', #8622 ) ;
#3654 = ORIENTED_EDGE ( 'NONE', *, *, #4736, .T. ) ;
#3655 = CARTESIAN_POINT ( 'NONE',  ( 26.44924440733135285, 22.11324865405187978, -45.00000000000000000 ) ) ;
#3656 = AXIS2_PLACEMENT_3D ( 'NONE', #3887, #6159, #5410 ) ;
#3657 = CARTESIAN_POINT ( 'NONE',  ( -29.65205706398846175, 23.96239340353679026, 40.59999999999999432 ) ) ;
#3658 = DIRECTION ( 'NONE',  ( 0.000000000000000000, 0.5000000000000007772, -0.8660254037844382635 ) ) ;
#3659 = CARTESIAN_POINT ( 'NONE',  ( 40.59999999999997300, 13.11422211844027963, 27.17386661099703460 ) ) ;
#3660 = VERTEX_POINT ( 'NONE', #8337 ) ;
#3661 = EDGE_LOOP ( 'NONE', ( #17, #2761, #1863, #9207 ) ) ;
#3662 = DIRECTION ( 'NONE',  ( -0.000000000000000000, -0.000000000000000000, 1.000000000000000000 ) ) ;
#3663 = ORIENTED_EDGE ( 'NONE', *, *, #6630, .F. ) ;
#3664 = VERTEX_POINT ( 'NONE', #6820 ) ;
#3665 = DIRECTION ( 'NONE',  ( 0.000000000000000000, -0.4999999999999998335, -0.8660254037844387076 ) ) ;
#3666 = DIRECTION ( 'NONE',  ( 0.000000000000000000, -1.000000000000000000, 0.000000000000000000 ) ) ;
#3667 = PRODUCT_DEFINITION ( 'UNKNOWN', '', #5705, #8585 ) ;
#3668 = CARTESIAN_POINT ( 'NONE',  ( 15.72462220366568175, 18.88772481033656447, 45.00000000000000000 ) ) ;
#3669 = PRESENTATION_STYLE_ASSIGNMENT (( #4384 ) ) ;
#3670 = PLANE ( 'NONE',  #4613 ) ;
#3671 = EDGE_CURVE ( 'NONE', #9743, #1288, #9175, .T. ) ;
#3672 = CARTESIAN_POINT ( 'NONE',  ( -45.00000000000000711, 21.77447615628465272, 10.72462220366569063 ) ) ;
#3673 = EDGE_LOOP ( 'NONE', ( #2945, #3883, #9152, #6933 ) ) ;
#3674 = CARTESIAN_POINT ( 'NONE',  ( 32.17386661099703105, 39.77252922750782460, -45.00000000000000000 ) ) ;
#3675 = EDGE_LOOP ( 'NONE', ( #5366, #160, #8223, #1320 ) ) ;
#3676 = LINE ( 'NONE', #3869, #6155 ) ;
#3677 = ORIENTED_EDGE ( 'NONE', *, *, #5856, .F. ) ;
#3678 = VERTEX_POINT ( 'NONE', #3839 ) ;
#3679 = DIRECTION ( 'NONE',  ( 1.000000000000000000, -0.000000000000000000, -7.709882115452476934E-17 ) ) ;
#3680 = EDGE_CURVE ( 'NONE', #6318, #4169, #543, .T. ) ;
#3681 = ADVANCED_FACE ( 'NONE', ( #1703 ), #9084, .F. ) ;
#3682 = DIRECTION ( 'NONE',  ( -0.8660254037844384856, -0.5000000000000004441, 0.000000000000000000 ) ) ;
#3683 = EDGE_CURVE ( 'NONE', #1567, #2913, #1364, .T. ) ;
#3684 = DIRECTION ( 'NONE',  ( 0.000000000000000000, -1.000000000000000000, -3.004629197474320035E-16 ) ) ;
#3685 = DIRECTION ( 'NONE',  ( -0.8660254037844387076, -0.4999999999999998890, 0.000000000000000000 ) ) ;
#3686 = DIRECTION ( 'NONE',  ( 0.000000000000000000, -0.4999999999999998335, -0.8660254037844387076 ) ) ;
#3687 = EDGE_CURVE ( 'NONE', #9505, #2351, #5353, .T. ) ;
#3688 = ORIENTED_EDGE ( 'NONE', *, *, #208, .F. ) ;
#3689 = ORIENTED_EDGE ( 'NONE', *, *, #3257, .F. ) ;
#3690 = LINE ( 'NONE', #4547, #2170 ) ;
#3691 = ADVANCED_FACE ( 'NONE', ( #5313 ), #2974, .F. ) ;
#3692 = FACE_OUTER_BOUND ( 'NONE', #6760, .T. ) ;
#3693 = ADVANCED_FACE ( 'NONE', ( #1410 ), #586, .T. ) ;
#3694 = EDGE_CURVE ( 'NONE', #5915, #484, #3690, .T. ) ;
#3695 = PLANE ( 'NONE',  #650 ) ;
#3696 = LINE ( 'NONE', #1270, #6522 ) ;
#3697 = CARTESIAN_POINT ( 'NONE',  ( 45.00000000000000711, 10.22747077249213810, -10.72462220366567998 ) ) ;
#3698 = EDGE_CURVE ( 'NONE', #4004, #9663, #1505, .T. ) ;
#3699 = CARTESIAN_POINT ( 'NONE',  ( -45.00000000000000711, 13.11422211844027963, 27.17386661099704170 ) ) ;
#3700 = EDGE_LOOP ( 'NONE', ( #1922, #7294, #1299, #2928 ) ) ;
#3701 = VERTEX_POINT ( 'NONE', #3794 ) ;
#3702 = ORIENTED_EDGE ( 'NONE', *, *, #4983, .T. ) ;
#3703 = CARTESIAN_POINT ( 'NONE',  ( -45.75702789600870091, 13.93223433193709404, -40.59999999999999432 ) ) ;
#3704 = EDGE_CURVE ( 'NONE', #3312, #9632, #5958, .T. ) ;
#3705 = EDGE_CURVE ( 'NONE', #7892, #5905, #9373, .T. ) ;
#3706 = LINE ( 'NONE', #4774, #9557 ) ;
#3707 = CARTESIAN_POINT ( 'NONE',  ( 37.17386661099703105, 13.11422211844031160, -45.00000000000000000 ) ) ;
#3708 = LINE ( 'NONE', #8902, #6830 ) ;
#3709 = DIRECTION ( 'NONE',  ( 0.000000000000000000, 0.000000000000000000, 1.000000000000000000 ) ) ;
#3710 = ORIENTED_EDGE ( 'NONE', *, *, #6725, .T. ) ;
#3711 = CARTESIAN_POINT ( 'NONE',  ( -43.00000000000000000, 2.000000000000001776, 43.00000000000000000 ) ) ;
#3712 = ORIENTED_EDGE ( 'NONE', *, *, #8280, .T. ) ;
#3713 = ORIENTED_EDGE ( 'NONE', *, *, #1608, .F. ) ;
#3714 = DIRECTION ( 'NONE',  ( 0.000000000000000000, 1.000000000000000000, 0.000000000000000000 ) ) ;
#3715 = FACE_OUTER_BOUND ( 'NONE', #6298, .T. ) ;
#3716 = EDGE_CURVE ( 'NONE', #122, #9201, #6064, .T. ) ;
#3717 = DIRECTION ( 'NONE',  ( 0.000000000000000000, -1.000000000000000000, -3.004629197474320035E-16 ) ) ;
#3718 = DIRECTION ( 'NONE',  ( 0.7071067811865474617, 0.000000000000000000, -0.7071067811865476838 ) ) ;
#3719 = FACE_OUTER_BOUND ( 'NONE', #3287, .T. ) ;
#3720 = ORIENTED_EDGE ( 'NONE', *, *, #6893, .T. ) ;
#3721 = LINE ( 'NONE', #3674, #6850 ) ;
#3722 = EDGE_LOOP ( 'NONE', ( #7388, #115, #4975, #1013, #5640, #2233 ) ) ;
#3723 = DIRECTION ( 'NONE',  ( -0.000000000000000000, -0.000000000000000000, 1.000000000000000000 ) ) ;
#3724 = ORIENTED_EDGE ( 'NONE', *, *, #1222, .F. ) ;
#3725 = EDGE_LOOP ( 'NONE', ( #2835, #2763, #8569, #1146 ) ) ;
#3726 = ADVANCED_FACE ( 'NONE', ( #9134 ), #4599, .F. ) ;
#3727 = CARTESIAN_POINT ( 'NONE',  ( 10.72462220366567820, 21.77447615628468824, -45.00000000000000000 ) ) ;
#3728 = DIRECTION ( 'NONE',  ( 0.000000000000000000, 0.5000000000000005551, -0.8660254037844382635 ) ) ;
#3729 = DIRECTION ( 'NONE',  ( 0.000000000000000000, -1.000000000000000000, 0.000000000000000000 ) ) ;
#3730 = DIRECTION ( 'NONE',  ( 0.000000000000000000, -0.5000000000000002220, -0.8660254037844384856 ) ) ;
#3731 = AXIS2_PLACEMENT_3D ( 'NONE', #628, #2070, #4408 ) ;
#3732 = ORIENTED_EDGE ( 'NONE', *, *, #4400, .F. ) ;
#3733 = EDGE_LOOP ( 'NONE', ( #4115, #1354, #5161, #5192 ) ) ;
#3734 = EDGE_CURVE ( 'NONE', #5938, #8880, #3065, .T. ) ;
#3735 = EDGE_CURVE ( 'NONE', #3539, #2956, #6732, .T. ) ;
#3736 = VECTOR ( 'NONE', #46, 1000.000000000000114 ) ;
#3737 = DIRECTION ( 'NONE',  ( 0.000000000000000000, -1.000000000000000000, -3.004629197474320035E-16 ) ) ;
#3738 = VECTOR ( 'NONE', #370, 1000.000000000000114 ) ;
#3739 = VECTOR ( 'NONE', #302, 1000.000000000000000 ) ;
#3740 = CARTESIAN_POINT ( 'NONE',  ( -45.00000000000000711, 18.88772481033652895, 37.17386661099704526 ) ) ;
#3741 = DIRECTION ( 'NONE',  ( 0.000000000000000000, 0.5000000000000002220, 0.8660254037844384856 ) ) ;
#3742 = CARTESIAN_POINT ( 'NONE',  ( 0.000000000000000000, 30.77350269189625109, 40.59999999999999432 ) ) ;
#3743 = DIRECTION ( 'NONE',  ( 0.000000000000000000, 1.000000000000000000, 1.502314598737162976E-16 ) ) ;
#3744 = LINE ( 'NONE', #5362, #9067 ) ;
#3745 = EDGE_CURVE ( 'NONE', #3678, #7811, #2708, .T. ) ;
#3746 = VECTOR ( 'NONE', #7856, 1000.000000000000114 ) ;
#3747 = EDGE_LOOP ( 'NONE', ( #4590, #5734, #8905, #4514 ) ) ;
#3748 = VECTOR ( 'NONE', #5547, 1000.000000000000000 ) ;
#3749 = ORIENTED_EDGE ( 'NONE', *, *, #3382, .F. ) ;
#3750 = ADVANCED_FACE ( 'NONE', ( #7967 ), #8018, .F. ) ;
#3751 = ORIENTED_EDGE ( 'NONE', *, *, #2750, .T. ) ;
#3752 = CARTESIAN_POINT ( 'NONE',  ( -45.00000000000000711, 28.22552384371527623, -10.72462220366567287 ) ) ;
#3753 = EDGE_CURVE ( 'NONE', #2256, #9697, #1854, .T. ) ;
#3754 = EDGE_CURVE ( 'NONE', #9804, #3172, #9432, .T. ) ;
#3755 = VECTOR ( 'NONE', #7192, 1000.000000000000000 ) ;
#3756 = AXIS2_PLACEMENT_3D ( 'NONE', #9085, #5959, #4464 ) ;
#3757 = VECTOR ( 'NONE', #5597, 1000.000000000000000 ) ;
#3758 = AXIS2_PLACEMENT_3D ( 'NONE', #7668, #119, #3834 ) ;
#3759 = PLANE ( 'NONE',  #9881 ) ;
#3760 = LINE ( 'NONE', #4665, #4623 ) ;
#3761 = CARTESIAN_POINT ( 'NONE',  ( 40.59999999999999432, 12.56922586464552083, -36.22990540948982385 ) ) ;
#3762 = DIRECTION ( 'NONE',  ( 0.000000000000000000, -0.4999999999999998335, -0.8660254037844387076 ) ) ;
#3763 = ORIENTED_EDGE ( 'NONE', *, *, #8246, .T. ) ;
#3764 = CARTESIAN_POINT ( 'NONE',  ( 45.00000000000000711, 36.88577788155966175, 15.72462220366567820 ) ) ;
#3765 = ORIENTED_EDGE ( 'NONE', *, *, #1942, .T. ) ;
#3766 = VECTOR ( 'NONE', #5520, 1000.000000000000114 ) ;
#3767 = ORIENTED_EDGE ( 'NONE', *, *, #583, .T. ) ;
#3768 = VECTOR ( 'NONE', #3311, 1000.000000000000000 ) ;
#3769 = AXIS2_PLACEMENT_3D ( 'NONE', #7460, #3006, #6091 ) ;
#3770 = LINE ( 'NONE', #4672, #7338 ) ;
#3771 = DIRECTION ( 'NONE',  ( 0.4999999999999998890, 0.8660254037844387076, 0.000000000000000000 ) ) ;
#3772 = LINE ( 'NONE', #6856, #4714 ) ;
#3773 = DIRECTION ( 'NONE',  ( 0.8660254037844384856, 0.5000000000000004441, 0.000000000000000000 ) ) ;
#3774 = AXIS2_PLACEMENT_3D ( 'NONE', #1005, #4207, #7936 ) ;
#3775 = DIRECTION ( 'NONE',  ( 0.000000000000000000, 0.4999999999999998335, 0.8660254037844387076 ) ) ;
#3776 = VECTOR ( 'NONE', #8351, 1000.000000000000114 ) ;
#3777 = EDGE_LOOP ( 'NONE', ( #5708, #5105, #5456, #7096, #1722, #5950 ) ) ;
#3778 = DIRECTION ( 'NONE',  ( -0.000000000000000000, -0.000000000000000000, 1.000000000000000000 ) ) ;
#3779 = ORIENTED_EDGE ( 'NONE', *, *, #8846, .T. ) ;
#3780 = LINE ( 'NONE', #6863, #1478 ) ;
#3781 = ORIENTED_EDGE ( 'NONE', *, *, #4325, .F. ) ;
#3782 = EDGE_CURVE ( 'NONE', #7076, #3858, #163, .T. ) ;
#3783 = ORIENTED_EDGE ( 'NONE', *, *, #4136, .F. ) ;
#3784 = EDGE_CURVE ( 'NONE', #8676, #7330, #7260, .T. ) ;
#3785 = DIRECTION ( 'NONE',  ( 0.000000000000000000, 0.5000000000000002220, 0.8660254037844384856 ) ) ;
#3786 = VECTOR ( 'NONE', #7866, 1000.000000000000000 ) ;
#3787 = DIRECTION ( 'NONE',  ( 0.4999999999999998890, 0.8660254037844387076, 0.000000000000000000 ) ) ;
#3788 = FACE_OUTER_BOUND ( 'NONE', #3205, .T. ) ;
#3789 = DIRECTION ( 'NONE',  ( 0.000000000000000000, 1.000000000000000000, 1.502314598737162976E-16 ) ) ;
#3790 = AXIS2_PLACEMENT_3D ( 'NONE', #9415, #8604, #7947 ) ;
#3791 = PLANE ( 'NONE',  #3731 ) ;
#3792 = ORIENTED_EDGE ( 'NONE', *, *, #3895, .F. ) ;
#3793 = ORIENTED_EDGE ( 'NONE', *, *, #6132, .T. ) ;
#3794 = CARTESIAN_POINT ( 'NONE',  ( -40.60000000000000142, 27.88675134594809180, -16.44924440733134574 ) ) ;
#3795 = AXIS2_PLACEMENT_3D ( 'NONE', #5173, #280, #3443 ) ;
#3796 = PLANE ( 'NONE',  #3756 ) ;
#3797 = ADVANCED_FACE ( 'NONE', ( #3264 ), #1090, .F. ) ;
#3798 = LINE ( 'NONE', #681, #3 ) ;
#3799 = FACE_BOUND ( 'NONE', #62, .T. ) ;
#3800 = LINE ( 'NONE', #9179, #1877 ) ;
#3801 = DIRECTION ( 'NONE',  ( -0.8660254037844387076, -0.4999999999999998890, 0.000000000000000000 ) ) ;
#3802 = VECTOR ( 'NONE', #8281, 1000.000000000000000 ) ;
#3803 = AXIS2_PLACEMENT_3D ( 'NONE', #1889, #1120, #3305 ) ;
#3804 = EDGE_LOOP ( 'NONE', ( #1400, #1491, #6586, #9182 ) ) ;
#3805 = ORIENTED_EDGE ( 'NONE', *, *, #5957, .T. ) ;
#3806 = ORIENTED_EDGE ( 'NONE', *, *, #815, .F. ) ;
#3807 = EDGE_CURVE ( 'NONE', #1383, #847, #5604, .T. ) ;
#3808 = VECTOR ( 'NONE', #1938, 1000.000000000000114 ) ;
#3809 = LINE ( 'NONE', #7440, #188 ) ;
#3810 = FACE_OUTER_BOUND ( 'NONE', #5562, .T. ) ;
#3811 = CARTESIAN_POINT ( 'NONE',  ( 45.00000000000000711, 39.77252922750778907, 10.72462220366568353 ) ) ;
#3812 = CARTESIAN_POINT ( 'NONE',  ( -10.72462220366567820, 21.77447615628468114, -45.00000000000000000 ) ) ;
#3813 = ADVANCED_FACE ( 'NONE', ( #4847 ), #8819, .F. ) ;
#3814 = EDGE_LOOP ( 'NONE', ( #3954, #413, #3793, #5673 ) ) ;
#3815 = CARTESIAN_POINT ( 'NONE',  ( 40.59999999999999432, 62.59140552900263543, -7.349586514821357497 ) ) ;
#3816 = VECTOR ( 'NONE', #4555, 1000.000000000000000 ) ;
#3817 = ORIENTED_EDGE ( 'NONE', *, *, #5422, .T. ) ;
#3818 = ORIENTED_EDGE ( 'NONE', *, *, #9050, .F. ) ;
#3819 = CARTESIAN_POINT ( 'NONE',  ( 5.724622203665681752, 31.11227518966344263, -45.00000000000000000 ) ) ;
#3820 = DIRECTION ( 'NONE',  ( 1.000000000000000000, 0.000000000000000000, -7.709882115452476934E-17 ) ) ;
#3821 = CARTESIAN_POINT ( 'NONE',  ( -45.00000000000000711, 30.77350269189622267, 21.44924440733137061 ) ) ;
#3822 = CARTESIAN_POINT ( 'NONE',  ( -40.60000000000000142, 18.88772481033652184, -5.724622203665670206 ) ) ;
#3823 = AXIS2_PLACEMENT_3D ( 'NONE', #2721, #9239, #9399 ) ;
#3824 = ADVANCED_FACE ( 'NONE', ( #3481 ), #7318, .F. ) ;
#3825 = DIRECTION ( 'NONE',  ( -3.854941057726239700E-17, 0.8660254037844385966, -0.5000000000000003331 ) ) ;
#3826 = ORIENTED_EDGE ( 'NONE', *, *, #3182, .T. ) ;
#3827 = CARTESIAN_POINT ( 'NONE',  ( 45.00000000000000711, 10.22747077249214520, 32.17386661099703105 ) ) ;
#3828 = VERTEX_POINT ( 'NONE', #7117 ) ;
#3829 = CARTESIAN_POINT ( 'NONE',  ( 45.00000000000000711, 13.11422211844027252, -37.17386661099703105 ) ) ;
#3830 = VERTEX_POINT ( 'NONE', #7911 ) ;
#3831 = ORIENTED_EDGE ( 'NONE', *, *, #9224, .T. ) ;
#3832 = DIRECTION ( 'NONE',  ( -0.000000000000000000, -0.000000000000000000, 1.000000000000000000 ) ) ;
#3833 = CARTESIAN_POINT ( 'NONE',  ( 26.44924440733135285, 27.88675134594812732, 40.59999999999996589 ) ) ;
#3834 = DIRECTION ( 'NONE',  ( 0.8660254037844383745, 0.5000000000000003331, 0.000000000000000000 ) ) ;
#3835 = EDGE_CURVE ( 'NONE', #847, #4271, #3364, .T. ) ;
#3836 = LINE ( 'NONE', #1602, #3147 ) ;
#3837 = ORIENTED_EDGE ( 'NONE', *, *, #9979, .F. ) ;
#3838 = VERTEX_POINT ( 'NONE', #4038 ) ;
#3839 = CARTESIAN_POINT ( 'NONE',  ( -15.72462220366567465, 36.88577788155969728, -45.00000000000000000 ) ) ;
#3840 = DIRECTION ( 'NONE',  ( 1.000000000000000000, -0.000000000000000000, -7.709882115452476934E-17 ) ) ;
#3841 = DIRECTION ( 'NONE',  ( 0.3939192985791669654, 0.000000000000000000, 0.9191450300180581401 ) ) ;
#3842 = CARTESIAN_POINT ( 'NONE',  ( -16.44924440733135640, 27.88675134594812377, -45.00000000000000000 ) ) ;
#3843 = PLANE ( 'NONE',  #9284 ) ;
#3844 = CARTESIAN_POINT ( 'NONE',  ( -40.60000000000000142, 31.11227518966340355, 15.72462220366568175 ) ) ;
#3845 = DIRECTION ( 'NONE',  ( 6.009258394948641055E-16, -1.000000000000000000, 0.000000000000000000 ) ) ;
#3846 = VERTEX_POINT ( 'NONE', #977 ) ;
#3847 = ORIENTED_EDGE ( 'NONE', *, *, #3403, .T. ) ;
#3848 = ORIENTED_EDGE ( 'NONE', *, *, #1721, .T. ) ;
#3849 = ORIENTED_EDGE ( 'NONE', *, *, #169, .T. ) ;
#3850 = CARTESIAN_POINT ( 'NONE',  ( 45.00000000000000711, 18.88772481033652184, -5.724622203665676423 ) ) ;
#3851 = CARTESIAN_POINT ( 'NONE',  ( 45.00000000000000711, 31.11227518966341066, 27.17386661099703460 ) ) ;
#3852 = DIRECTION ( 'NONE',  ( -0.7071067811865474617, 0.000000000000000000, -0.7071067811865474617 ) ) ;
#3853 = LINE ( 'NONE', #747, #8762 ) ;
#3854 = FACE_OUTER_BOUND ( 'NONE', #715, .T. ) ;
#3855 = ORIENTED_EDGE ( 'NONE', *, *, #2127, .F. ) ;
#3856 = FACE_OUTER_BOUND ( 'NONE', #6729, .T. ) ;
#3857 = ADVANCED_FACE ( 'NONE', ( #9519 ), #4186, .F. ) ;
#3858 = VERTEX_POINT ( 'NONE', #5756 ) ;
#3859 = ORIENTED_EDGE ( 'NONE', *, *, #6463, .F. ) ;
#3860 = DIRECTION ( 'NONE',  ( 0.8660254037844388186, -0.4999999999999997224, 0.000000000000000000 ) ) ;
#3861 = FACE_BOUND ( 'NONE', #9903, .T. ) ;
#3862 = CARTESIAN_POINT ( 'NONE',  ( 45.00000000000000711, 21.77447615628465272, 10.72462220366568353 ) ) ;
#3863 = CARTESIAN_POINT ( 'NONE',  ( -45.00000000000000711, 31.11227518966340355, 37.17386661099704526 ) ) ;
#3864 = CARTESIAN_POINT ( 'NONE',  ( 32.17386661099703105, 28.22552384371531886, -45.00000000000000000 ) ) ;
#3865 = LINE ( 'NONE', #9259, #2300 ) ;
#3866 = ORIENTED_EDGE ( 'NONE', *, *, #5247, .T. ) ;
#3867 = CARTESIAN_POINT ( 'NONE',  ( -4.999999999999999112, 27.88675134594812377, -45.00000000000000000 ) ) ;
#3868 = ORIENTED_EDGE ( 'NONE', *, *, #9466, .T. ) ;
#3869 = CARTESIAN_POINT ( 'NONE',  ( 10.72462220366567820, 10.22747077249218073, -45.00000000000000000 ) ) ;
#3870 = EDGE_CURVE ( 'NONE', #3701, #9734, #4084, .T. ) ;
#3871 = EDGE_LOOP ( 'NONE', ( #7752, #9482, #4290, #3806 ) ) ;
#3872 = ORIENTED_EDGE ( 'NONE', *, *, #4037, .T. ) ;
#3873 = PLANE ( 'NONE',  #7010 ) ;
#3874 = EDGE_CURVE ( 'NONE', #3828, #343, #1798, .T. ) ;
#3875 = EDGE_CURVE ( 'NONE', #6544, #2513, #4232, .T. ) ;
#3876 = EDGE_CURVE ( 'NONE', #4917, #122, #4800, .T. ) ;
#3877 = CARTESIAN_POINT ( 'NONE',  ( 21.44924440733135640, 30.77350269189625820, -45.00000000000000000 ) ) ;
#3878 = PLANE ( 'NONE',  #3758 ) ;
#3879 = CARTESIAN_POINT ( 'NONE',  ( 32.17386661099703105, 10.22747077249218073, -45.00000000000000000 ) ) ;
#3880 = PLANE ( 'NONE',  #9785 ) ;
#3881 = CYLINDRICAL_SURFACE ( 'NONE', #3237, 2.000000000000001776 ) ;
#3882 = VERTEX_POINT ( 'NONE', #7868 ) ;
#3883 = ORIENTED_EDGE ( 'NONE', *, *, #9715, .T. ) ;
#3884 = FACE_OUTER_BOUND ( 'NONE', #917, .T. ) ;
#3885 = LINE ( 'NONE', #177, #8742 ) ;
#3886 = CARTESIAN_POINT ( 'NONE',  ( 10.72462220366567820, 21.77447615628468824, -45.00000000000000000 ) ) ;
#3887 = CARTESIAN_POINT ( 'NONE',  ( -45.00000000000000711, 10.22747077249213810, -32.17386661099702394 ) ) ;
#3888 = DIRECTION ( 'NONE',  ( -0.8660254037844387076, -0.4999999999999998890, 0.000000000000000000 ) ) ;
#3889 = EDGE_CURVE ( 'NONE', #8745, #2635, #2144, .T. ) ;
#3890 = CARTESIAN_POINT ( 'NONE',  ( -45.00000000000000711, 2.000000000000001776, -45.00000000000000000 ) ) ;
#3891 = ORIENTED_EDGE ( 'NONE', *, *, #8986, .T. ) ;
#3892 = ORIENTED_EDGE ( 'NONE', *, *, #9808, .F. ) ;
#3893 = VERTEX_POINT ( 'NONE', #5246 ) ;
#3894 = VECTOR ( 'NONE', #7, 1000.000000000000114 ) ;
#3895 = EDGE_CURVE ( 'NONE', #3618, #3327, #3568, .T. ) ;
#3896 = VERTEX_POINT ( 'NONE', #1199 ) ;
#3897 = AXIS2_PLACEMENT_3D ( 'NONE', #3410, #4996, #4379 ) ;
#3898 = LINE ( 'NONE', #3032, #2812 ) ;
#3899 = CARTESIAN_POINT ( 'NONE',  ( 21.44924440733135640, 30.77350269189625820, -45.00000000000000000 ) ) ;
#3900 = DIRECTION ( 'NONE',  ( 0.000000000000000000, -1.000000000000000000, -3.004629197474320528E-16 ) ) ;
#3901 = VECTOR ( 'NONE', #1580, 1000.000000000000000 ) ;
#3902 = CARTESIAN_POINT ( 'NONE',  ( 42.99999999999997868, 2.000000000000001776, -45.00000000000000000 ) ) ;
#3903 = CARTESIAN_POINT ( 'NONE',  ( -15.72462220366567465, 31.11227518966344263, 45.00000000000000000 ) ) ;
#3904 = VECTOR ( 'NONE', #5359, 999.9999999999998863 ) ;
#3905 = CARTESIAN_POINT ( 'NONE',  ( -45.00000000000000711, 21.77447615628464561, -10.72462220366566754 ) ) ;
#3906 = CARTESIAN_POINT ( 'NONE',  ( -21.44924440733135640, 30.77350269189625109, 45.00000000000000000 ) ) ;
#3907 = ORIENTED_EDGE ( 'NONE', *, *, #1917, .T. ) ;
#3908 = DIRECTION ( 'NONE',  ( -0.000000000000000000, -0.000000000000000000, 1.000000000000000000 ) ) ;
#3909 = ORIENTED_EDGE ( 'NONE', *, *, #1036, .F. ) ;
#3910 = ORIENTED_EDGE ( 'NONE', *, *, #4615, .F. ) ;
#3911 = PLANE ( 'NONE',  #1022 ) ;
#3912 = VECTOR ( 'NONE', #6998, 1000.000000000000114 ) ;
#3913 = PLANE ( 'NONE',  #4776 ) ;
#3914 = VECTOR ( 'NONE', #6607, 1000.000000000000114 ) ;
#3915 = VECTOR ( 'NONE', #3629, 1000.000000000000114 ) ;
#3916 = VECTOR ( 'NONE', #7230, 1000.000000000000000 ) ;
#3917 = DIRECTION ( 'NONE',  ( 0.8660254037844387076, -0.4999999999999998890, 0.000000000000000000 ) ) ;
#3918 = EDGE_CURVE ( 'NONE', #7429, #6237, #9058, .T. ) ;
#3919 = LINE ( 'NONE', #7008, #6993 ) ;
#3920 = FACE_OUTER_BOUND ( 'NONE', #4145, .T. ) ;
#3921 = CARTESIAN_POINT ( 'NONE',  ( -45.00000000000000711, 45.00000000000000000, -43.00000000000000000 ) ) ;
#3922 = ORIENTED_EDGE ( 'NONE', *, *, #1830, .F. ) ;
#3923 = CARTESIAN_POINT ( 'NONE',  ( -45.00000000000000711, 18.88772481033652184, -5.724622203665670206 ) ) ;
#3924 = VECTOR ( 'NONE', #3517, 1000.000000000000000 ) ;
#3925 = ORIENTED_EDGE ( 'NONE', *, *, #699, .T. ) ;
#3926 = LINE ( 'NONE', #4131, #362 ) ;
#3927 = VECTOR ( 'NONE', #8066, 1000.000000000000000 ) ;
#3928 = ORIENTED_EDGE ( 'NONE', *, *, #1091, .T. ) ;
#3929 = EDGE_LOOP ( 'NONE', ( #4402, #5563, #5419, #1058 ) ) ;
#3930 = CARTESIAN_POINT ( 'NONE',  ( 4.999999999999999112, 22.11324865405187268, 45.00000000000000000 ) ) ;
#3931 = AXIS2_PLACEMENT_3D ( 'NONE', #2919, #8944, #4318 ) ;
#3932 = DIRECTION ( 'NONE',  ( 0.8660254037844387076, -0.4999999999999998890, 0.000000000000000000 ) ) ;
#3933 = AXIS2_PLACEMENT_3D ( 'NONE', #5136, #685, #3801 ) ;
#3934 = EDGE_CURVE ( 'NONE', #4721, #9153, #2752, .T. ) ;
#3935 = CARTESIAN_POINT ( 'NONE',  ( -27.17386661099703460, 36.88577788155969728, -45.00000000000000000 ) ) ;
#3936 = VECTOR ( 'NONE', #5792, 1000.000000000000000 ) ;
#3937 = LINE ( 'NONE', #6873, #711 ) ;
#3938 = DIRECTION ( 'NONE',  ( 0.8660254037844388186, -0.4999999999999997780, 0.000000000000000000 ) ) ;
#3939 = ORIENTED_EDGE ( 'NONE', *, *, #7090, .T. ) ;
#3940 = ADVANCED_FACE ( 'NONE', ( #2951 ), #9773, .F. ) ;
#3941 = VERTEX_POINT ( 'NONE', #9011 ) ;
#3942 = VERTEX_POINT ( 'NONE', #420 ) ;
#3943 = VECTOR ( 'NONE', #1950, 1000.000000000000114 ) ;
#3944 = EDGE_CURVE ( 'NONE', #1303, #8960, #4383, .T. ) ;
#3945 = AXIS2_PLACEMENT_3D ( 'NONE', #4556, #5411, #1512 ) ;
#3946 = FACE_OUTER_BOUND ( 'NONE', #799, .T. ) ;
#3947 = AXIS2_PLACEMENT_3D ( 'NONE', #6322, #236, #186 ) ;
#3948 = CARTESIAN_POINT ( 'NONE',  ( 40.59999999999997300, 10.22747077249213810, 10.72462220366567642 ) ) ;
#3949 = DIRECTION ( 'NONE',  ( 0.8660254037844388186, -0.4999999999999997780, 0.000000000000000000 ) ) ;
#3950 = DIRECTION ( 'NONE',  ( 7.709882115452476934E-17, -3.004629197474320528E-16, 1.000000000000000000 ) ) ;
#3951 = EDGE_CURVE ( 'NONE', #9653, #6544, #7511, .T. ) ;
#3952 = CARTESIAN_POINT ( 'NONE',  ( 45.00000000000000711, 36.88577788155966175, 37.17386661099703815 ) ) ;
#3953 = CARTESIAN_POINT ( 'NONE',  ( 16.44924440733135640, 27.88675134594812732, 45.00000000000000000 ) ) ;
#3954 = ORIENTED_EDGE ( 'NONE', *, *, #3745, .F. ) ;
#3955 = ORIENTED_EDGE ( 'NONE', *, *, #7706, .T. ) ;
#3956 = ORIENTED_EDGE ( 'NONE', *, *, #9255, .T. ) ;
#3957 = AXIS2_PLACEMENT_3D ( 'NONE', #5648, #9576, #3321 ) ;
#3958 = EDGE_LOOP ( 'NONE', ( #6970, #2636, #5151, #7943 ) ) ;
#3959 = DIRECTION ( 'NONE',  ( 6.009258394948641055E-16, -1.000000000000000000, 0.000000000000000000 ) ) ;
#3960 = CARTESIAN_POINT ( 'NONE',  ( 5.724622203665678200, 18.88772481033656092, 45.00000000000000000 ) ) ;
#3961 = CARTESIAN_POINT ( 'NONE',  ( 40.59999999999999432, 4.999999999999997335, -40.59999999999999432 ) ) ;
#3962 = CARTESIAN_POINT ( 'NONE',  ( 15.72462220366567465, 31.11227518966344974, -45.00000000000000000 ) ) ;
#3963 = VECTOR ( 'NONE', #3245, 1000.000000000000000 ) ;
#3964 = EDGE_CURVE ( 'NONE', #5691, #8764, #467, .T. ) ;
#3965 = LINE ( 'NONE', #7049, #7801 ) ;
#3966 = EDGE_CURVE ( 'NONE', #1397, #2089, #4294, .T. ) ;
#3967 = LINE ( 'NONE', #9407, #8108 ) ;
#3968 = ORIENTED_EDGE ( 'NONE', *, *, #9279, .T. ) ;
#3969 = CARTESIAN_POINT ( 'NONE',  ( 45.00000000000000711, 18.88772481033652184, -27.17386661099702749 ) ) ;
#3970 = VERTEX_POINT ( 'NONE', #5893 ) ;
#3971 = ORIENTED_EDGE ( 'NONE', *, *, #2764, .T. ) ;
#3972 = CARTESIAN_POINT ( 'NONE',  ( -45.00000000000000711, 10.22747077249213810, 10.72462220366568353 ) ) ;
#3973 = AXIS2_PLACEMENT_3D ( 'NONE', #1253, #6043, #4344 ) ;
#3974 = FACE_BOUND ( 'NONE', #4655, .T. ) ;
#3975 = DIRECTION ( 'NONE',  ( 0.000000000000000000, -1.000000000000000000, 0.000000000000000000 ) ) ;
#3976 = LINE ( 'NONE', #869, #8739 ) ;
#3977 = LINE ( 'NONE', #807, #1229 ) ;
#3978 = DIRECTION ( 'NONE',  ( -0.8660254037844387076, 0.4999999999999998890, 0.000000000000000000 ) ) ;
#3979 = ORIENTED_EDGE ( 'NONE', *, *, #5156, .T. ) ;
#3980 = CARTESIAN_POINT ( 'NONE',  ( 40.59999999999999432, -11.19823799011144061, -31.24794293601154038 ) ) ;
#3981 = VECTOR ( 'NONE', #8390, 1000.000000000000000 ) ;
#3982 = ORIENTED_EDGE ( 'NONE', *, *, #4050, .F. ) ;
#3983 = CARTESIAN_POINT ( 'NONE',  ( -37.17386661099703105, 31.11227518966343553, 40.59999999999996589 ) ) ;
#3984 = CARTESIAN_POINT ( 'NONE',  ( -48.55041348517859490, 18.77052009751005457, -40.59999999999999432 ) ) ;
#3985 = ORIENTED_EDGE ( 'NONE', *, *, #2078, .T. ) ;
#3986 = ORIENTED_EDGE ( 'NONE', *, *, #5346, .F. ) ;
#3987 = LINE ( 'NONE', #1598, #5090 ) ;
#3988 = AXIS2_PLACEMENT_3D ( 'NONE', #8868, #5899, #7265 ) ;
#3989 = EDGE_CURVE ( 'NONE', #8431, #3830, #6660, .T. ) ;
#3990 = LINE ( 'NONE', #4803, #2110 ) ;
#3991 = CYLINDRICAL_SURFACE ( 'NONE', #3600, 2.000000000000001776 ) ;
#3992 = DIRECTION ( 'NONE',  ( 1.000000000000000000, -0.000000000000000000, -7.709882115452476934E-17 ) ) ;
#3993 = DIRECTION ( 'NONE',  ( 1.000000000000000000, -0.000000000000000000, 0.000000000000000000 ) ) ;
#3994 = ORIENTED_EDGE ( 'NONE', *, *, #2022, .F. ) ;
#3995 = ORIENTED_EDGE ( 'NONE', *, *, #8424, .T. ) ;
#3996 = VERTEX_POINT ( 'NONE', #515 ) ;
#3997 = EDGE_CURVE ( 'NONE', #7424, #5193, #3529, .T. ) ;
#3998 = EDGE_CURVE ( 'NONE', #9491, #3660, #2895, .T. ) ;
#3999 = DIRECTION ( 'NONE',  ( -0.000000000000000000, -0.000000000000000000, 1.000000000000000000 ) ) ;
#4000 = EDGE_CURVE ( 'NONE', #1983, #9905, #2053, .T. ) ;
#4001 = FACE_OUTER_BOUND ( 'NONE', #2862, .T. ) ;
#4002 = PLANE ( 'NONE',  #519 ) ;
#4003 = CARTESIAN_POINT ( 'NONE',  ( -43.00000000000000000, 2.000000000000001776, 43.00000000000000000 ) ) ;
#4004 = VERTEX_POINT ( 'NONE', #8216 ) ;
#4005 = EDGE_LOOP ( 'NONE', ( #4076, #304, #2770, #8407 ) ) ;
#4006 = EDGE_LOOP ( 'NONE', ( #4044, #9390, #4982, #6961 ) ) ;
#4007 = ADVANCED_FACE ( 'NONE', ( #1250 ), #1343, .F. ) ;
#4008 = ORIENTED_EDGE ( 'NONE', *, *, #6829, .F. ) ;
#4009 = CARTESIAN_POINT ( 'NONE',  ( -45.00000000000000711, 22.11324865405184426, 16.44924440733135640 ) ) ;
#4010 = ADVANCED_FACE ( 'NONE', ( #4436 ), #3621, .F. ) ;
#4011 = ADVANCED_FACE ( 'NONE', ( #3715 ), #6795, .F. ) ;
#4012 = CARTESIAN_POINT ( 'NONE',  ( -45.00000000000000711, 36.88577788155966175, 37.17386661099704526 ) ) ;
#4013 = DIRECTION ( 'NONE',  ( -0.000000000000000000, -0.000000000000000000, 1.000000000000000000 ) ) ;
#4014 = PLANE ( 'NONE',  #8439 ) ;
#4015 = LINE ( 'NONE', #7737, #3912 ) ;
#4016 = ORIENTED_EDGE ( 'NONE', *, *, #9224, .F. ) ;
#4017 = CARTESIAN_POINT ( 'NONE',  ( 45.00000000000000711, 28.22552384371527623, -10.72462220366567998 ) ) ;
#4018 = PLANE ( 'NONE',  #2452 ) ;
#4019 = ORIENTED_EDGE ( 'NONE', *, *, #7613, .T. ) ;
#4020 = EDGE_LOOP ( 'NONE', ( #4126, #7183, #9652, #2748 ) ) ;
#4021 = DIRECTION ( 'NONE',  ( -3.854941057726242781E-17, -0.8660254037844383745, -0.5000000000000006661 ) ) ;
#4022 = LINE ( 'NONE', #7102, #3963 ) ;
#4023 = EDGE_CURVE ( 'NONE', #1243, #8182, #2852, .T. ) ;
#4024 = CARTESIAN_POINT ( 'NONE',  ( 45.00000000000000711, 36.88577788155966175, -5.724622203665676423 ) ) ;
#4025 = FACE_OUTER_BOUND ( 'NONE', #8139, .T. ) ;
#4026 = PLANE ( 'NONE',  #3649 ) ;
#4027 = DIRECTION ( 'NONE',  ( 0.000000000000000000, -0.5000000000000006661, 0.8660254037844383745 ) ) ;
#4028 = DIRECTION ( 'NONE',  ( 0.000000000000000000, 0.000000000000000000, -1.000000000000000000 ) ) ;
#4029 = VERTEX_POINT ( 'NONE', #4578 ) ;
#4030 = LINE ( 'NONE', #3980, #2933 ) ;
#4031 = ORIENTED_EDGE ( 'NONE', *, *, #7235, .F. ) ;
#4032 = LINE ( 'NONE', #7110, #2825 ) ;
#4033 = LINE ( 'NONE', #1030, #8930 ) ;
#4034 = EDGE_LOOP ( 'NONE', ( #8977, #4184, #913, #8104 ) ) ;
#4035 = EDGE_LOOP ( 'NONE', ( #8697, #1106, #6624, #2551 ) ) ;
#4036 = CARTESIAN_POINT ( 'NONE',  ( -5.724622203665678200, 13.11422211844030450, 45.00000000000000000 ) ) ;
#4037 = EDGE_CURVE ( 'NONE', #4504, #6634, #2194, .T. ) ;
#4038 = CARTESIAN_POINT ( 'NONE',  ( 40.59999999999999432, 39.77252922750778907, -10.72462220366567109 ) ) ;
#4039 = ADVANCED_FACE ( 'NONE', ( #8500 ), #9112, .F. ) ;
#4040 = DIRECTION ( 'NONE',  ( 1.000000000000000000, -0.000000000000000000, -7.709882115452476934E-17 ) ) ;
#4041 = CARTESIAN_POINT ( 'NONE',  ( 10.72462220366567820, 10.22747077249218073, -45.00000000000000000 ) ) ;
#4042 = CARTESIAN_POINT ( 'NONE',  ( -43.00000000000000000, 45.00000000000000000, 43.00000000000000000 ) ) ;
#4043 = CARTESIAN_POINT ( 'NONE',  ( -27.17386661099703460, 13.11422211844030450, -45.00000000000000000 ) ) ;
#4044 = ORIENTED_EDGE ( 'NONE', *, *, #8641, .T. ) ;
#4045 = VERTEX_POINT ( 'NONE', #3200 ) ;
#4046 = ORIENTED_EDGE ( 'NONE', *, *, #4519, .T. ) ;
#4047 = LINE ( 'NONE', #77, #9548 ) ;
#4048 = FACE_OUTER_BOUND ( 'NONE', #6859, .T. ) ;
#4049 = CARTESIAN_POINT ( 'NONE',  ( -10.72462220366567820, 10.22747077249217362, 40.59999999999996589 ) ) ;
#4050 = EDGE_CURVE ( 'NONE', #3511, #8510, #5291, .T. ) ;
#4051 = CARTESIAN_POINT ( 'NONE',  ( -27.17386661099703460, 13.11422211844030450, 40.59999999999996589 ) ) ;
#4052 = ORIENTED_EDGE ( 'NONE', *, *, #6335, .T. ) ;
#4053 = ORIENTED_EDGE ( 'NONE', *, *, #9427, .F. ) ;
#4054 = ORIENTED_EDGE ( 'NONE', *, *, #4372, .F. ) ;
#4055 = EDGE_LOOP ( 'NONE', ( #3347, #7543, #3374, #8036, #6889, #9052 ) ) ;
#4056 = LINE ( 'NONE', #6274, #5402 ) ;
#4057 = LINE ( 'NONE', #5625, #9402 ) ;
#4058 = CARTESIAN_POINT ( 'NONE',  ( 5.724622203665681752, 13.11422211844030450, -45.00000000000000000 ) ) ;
#4059 = ADVANCED_FACE ( 'NONE', ( #6087 ), #4527, .F. ) ;
#4060 = DIRECTION ( 'NONE',  ( 1.000000000000000000, -0.000000000000000000, -7.709882115452476934E-17 ) ) ;
#4061 = FACE_OUTER_BOUND ( 'NONE', #872, .T. ) ;
#4062 = VECTOR ( 'NONE', #3215, 1000.000000000000000 ) ;
#4063 = VERTEX_POINT ( 'NONE', #3093 ) ;
#4064 = LINE ( 'NONE', #5631, #4394 ) ;
#4065 = ORIENTED_EDGE ( 'NONE', *, *, #1448, .T. ) ;
#4066 = EDGE_CURVE ( 'NONE', #7928, #4798, #6186, .T. ) ;
#4067 = EDGE_LOOP ( 'NONE', ( #9164, #1738, #703, #7198, #4755, #3318 ) ) ;
#4068 = ADVANCED_FACE ( 'NONE', ( #7058 ), #3913, .F. ) ;
#4069 = CARTESIAN_POINT ( 'NONE',  ( -10.72462220366567820, 28.22552384371531886, -45.00000000000000000 ) ) ;
#4070 = DIRECTION ( 'NONE',  ( 1.000000000000000000, -0.000000000000000000, -7.709882115452476934E-17 ) ) ;
#4071 = AXIS2_PLACEMENT_3D ( 'NONE', #7879, #9281, #6157 ) ;
#4072 = FACE_OUTER_BOUND ( 'NONE', #7468, .T. ) ;
#4073 = DIRECTION ( 'NONE',  ( 0.000000000000000000, 1.000000000000000000, 0.000000000000000000 ) ) ;
#4074 = ORIENTED_EDGE ( 'NONE', *, *, #6100, .T. ) ;
#4075 = DIRECTION ( 'NONE',  ( -6.009258394948641055E-16, 1.000000000000000000, 0.000000000000000000 ) ) ;
#4076 = ORIENTED_EDGE ( 'NONE', *, *, #6537, .T. ) ;
#4077 = DIRECTION ( 'NONE',  ( 0.000000000000000000, -0.5000000000000007772, 0.8660254037844382635 ) ) ;
#4078 = DIRECTION ( 'NONE',  ( -0.8660254037844384856, -0.5000000000000004441, 0.000000000000000000 ) ) ;
#4079 = ORIENTED_EDGE ( 'NONE', *, *, #7941, .T. ) ;
#4080 = AXIS2_PLACEMENT_3D ( 'NONE', #6478, #8796, #7349 ) ;
#4081 = EDGE_LOOP ( 'NONE', ( #5887, #3995, #7596, #5764, #7544, #9594 ) ) ;
#4082 = AXIS2_PLACEMENT_3D ( 'NONE', #7068, #212, #1595 ) ;
#4083 = PLANE ( 'NONE',  #1835 ) ;
#4084 = LINE ( 'NONE', #306, #3638 ) ;
#4085 = SURFACE_SIDE_STYLE ('',( #979 ) ) ;
#4086 = VECTOR ( 'NONE', #7501, 1000.000000000000000 ) ;
#4087 = LINE ( 'NONE', #7375, #7633 ) ;
#4088 = VECTOR ( 'NONE', #7529, 1000.000000000000114 ) ;
#4089 = DIRECTION ( 'NONE',  ( 0.8660254037844388186, -0.4999999999999997780, 0.000000000000000000 ) ) ;
#4090 = ORIENTED_EDGE ( 'NONE', *, *, #3754, .F. ) ;
#4091 = EDGE_CURVE ( 'NONE', #4045, #3406, #103, .T. ) ;
#4092 = ORIENTED_EDGE ( 'NONE', *, *, #1409, .T. ) ;
#4093 = ORIENTED_EDGE ( 'NONE', *, *, #2627, .T. ) ;
#4094 = VECTOR ( 'NONE', #7857, 1000.000000000000114 ) ;
#4095 = VECTOR ( 'NONE', #4027, 999.9999999999998863 ) ;
#4096 = CARTESIAN_POINT ( 'NONE',  ( -30.03240569234301560, -13.30361025463754743, 40.59999999999999432 ) ) ;
#4097 = DIRECTION ( 'NONE',  ( 0.000000000000000000, -1.000000000000000000, 0.000000000000000000 ) ) ;
#4098 = LINE ( 'NONE', #1053, #1346 ) ;
#4099 = DIRECTION ( 'NONE',  ( 1.000000000000000000, -0.000000000000000000, 0.000000000000000000 ) ) ;
#4100 = AXIS2_PLACEMENT_3D ( 'NONE', #1869, #4200, #9534 ) ;
#4101 = VERTEX_POINT ( 'NONE', #7653 ) ;
#4102 = ORIENTED_EDGE ( 'NONE', *, *, #2125, .T. ) ;
#4103 = VECTOR ( 'NONE', #3389, 1000.000000000000000 ) ;
#4104 = ORIENTED_EDGE ( 'NONE', *, *, #4695, .F. ) ;
#4105 = ORIENTED_EDGE ( 'NONE', *, *, #6088, .F. ) ;
#4106 = DIRECTION ( 'NONE',  ( 0.000000000000000000, 1.000000000000000000, 1.502314598737162976E-16 ) ) ;
#4107 = VECTOR ( 'NONE', #5290, 1000.000000000000000 ) ;
#4108 = DIRECTION ( 'NONE',  ( -0.7071067811865474617, 0.000000000000000000, 0.7071067811865476838 ) ) ;
#4109 = EDGE_CURVE ( 'NONE', #6530, #8928, #6239, .T. ) ;
#4110 = DIRECTION ( 'NONE',  ( 1.000000000000000000, -0.000000000000000000, -7.709882115452476934E-17 ) ) ;
#4111 = CARTESIAN_POINT ( 'NONE',  ( -40.60000000000000142, 18.77052009751004036, -48.55041348517856648 ) ) ;
#4112 = LINE ( 'NONE', #1776, #3755 ) ;
#4113 = VECTOR ( 'NONE', #1376, 1000.000000000000000 ) ;
#4114 = VERTEX_POINT ( 'NONE', #51 ) ;
#4115 = ORIENTED_EDGE ( 'NONE', *, *, #8991, .F. ) ;
#4116 = VERTEX_POINT ( 'NONE', #3150 ) ;
#4117 = ORIENTED_EDGE ( 'NONE', *, *, #1830, .T. ) ;
#4118 = FACE_OUTER_BOUND ( 'NONE', #3747, .T. ) ;
#4119 = ADVANCED_FACE ( 'NONE', ( #3974, #9308, #8400, #8547, #9253, #866, #9921, #5383, #2385, #3861, #4724, #4627 ), #7803, .F. ) ;
#4120 = LINE ( 'NONE', #5592, #7992 ) ;
#4121 = AXIS2_PLACEMENT_3D ( 'NONE', #2029, #5079, #5867 ) ;
#4122 = CARTESIAN_POINT ( 'NONE',  ( 16.44924440733135640, 27.88675134594812732, -45.00000000000000000 ) ) ;
#4123 = DIRECTION ( 'NONE',  ( 0.8164965809277284770, -0.5773502691896222894, 6.650245957076516862E-16 ) ) ;
#4124 = CARTESIAN_POINT ( 'NONE',  ( -45.00000000000000711, 22.11324865405184426, -26.44924440733135285 ) ) ;
#4125 = EDGE_CURVE ( 'NONE', #5798, #4721, #5333, .T. ) ;
#4126 = ORIENTED_EDGE ( 'NONE', *, *, #2113, .T. ) ;
#4127 = CARTESIAN_POINT ( 'NONE',  ( 5.724622203665678200, 18.88772481033656092, -40.59999999999999432 ) ) ;
#4128 = ORIENTED_EDGE ( 'NONE', *, *, #1138, .F. ) ;
#4129 = DIRECTION ( 'NONE',  ( 0.000000000000000000, 0.5000000000000005551, -0.8660254037844382635 ) ) ;
#4130 = VECTOR ( 'NONE', #4500, 1000.000000000000114 ) ;
#4131 = CARTESIAN_POINT ( 'NONE',  ( -40.60000000000000142, 4.999999999999980460, 15.72462220366568175 ) ) ;
#4132 = VECTOR ( 'NONE', #8605, 1000.000000000000000 ) ;
#4133 = ORIENTED_EDGE ( 'NONE', *, *, #3472, .F. ) ;
#4134 = EDGE_LOOP ( 'NONE', ( #7800, #3013, #9462, #9757 ) ) ;
#4135 = CARTESIAN_POINT ( 'NONE',  ( -27.17386661099703460, 18.88772481033655737, 45.00000000000000000 ) ) ;
#4136 = EDGE_CURVE ( 'NONE', #763, #5204, #6130, .T. ) ;
#4137 = CARTESIAN_POINT ( 'NONE',  ( -45.00000000000000711, 22.11324865405184426, -26.44924440733135285 ) ) ;
#4138 = ADVANCED_FACE ( 'NONE', ( #9197 ), #2285, .F. ) ;
#4139 = EDGE_CURVE ( 'NONE', #8182, #7671, #2583, .T. ) ;
#4140 = DIRECTION ( 'NONE',  ( 6.009258394948640069E-16, -1.000000000000000000, 0.000000000000000000 ) ) ;
#4141 = DIRECTION ( 'NONE',  ( 0.000000000000000000, -1.000000000000000000, -3.004629197474320528E-16 ) ) ;
#4142 = VECTOR ( 'NONE', #9775, 1000.000000000000000 ) ;
#4143 = CARTESIAN_POINT ( 'NONE',  ( -37.17386661099703105, 18.88772481033655382, 45.00000000000000000 ) ) ;
#4144 = LINE ( 'NONE', #9325, #3005 ) ;
#4145 = EDGE_LOOP ( 'NONE', ( #4168, #3922, #7109, #1656 ) ) ;
#4146 = CARTESIAN_POINT ( 'NONE',  ( -45.00000000000000711, 19.22649730810370627, -21.44924440733134929 ) ) ;
#4147 = ORIENTED_EDGE ( 'NONE', *, *, #2399, .T. ) ;
#4148 = EDGE_LOOP ( 'NONE', ( #5118, #7447, #4685, #9993 ) ) ;
#4149 = ORIENTED_EDGE ( 'NONE', *, *, #402, .F. ) ;
#4150 = VECTOR ( 'NONE', #5373, 999.9999999999998863 ) ;
#4151 = EDGE_CURVE ( 'NONE', #5889, #1, #5635, .T. ) ;
#4152 = DIRECTION ( 'NONE',  ( 0.8660254037844383745, 0.5000000000000003331, 0.000000000000000000 ) ) ;
#4153 = DIRECTION ( 'NONE',  ( 1.000000000000000000, -0.000000000000000000, -7.709882115452476934E-17 ) ) ;
#4154 = DIRECTION ( 'NONE',  ( 0.000000000000000000, -1.000000000000000000, 0.000000000000000000 ) ) ;
#4155 = DIRECTION ( 'NONE',  ( 0.000000000000000000, 0.000000000000000000, -1.000000000000000000 ) ) ;
#4156 = VECTOR ( 'NONE', #5053, 1000.000000000000114 ) ;
#4157 = ORIENTED_EDGE ( 'NONE', *, *, #1608, .T. ) ;
#4158 = ORIENTED_EDGE ( 'NONE', *, *, #7664, .F. ) ;
#4159 = ORIENTED_EDGE ( 'NONE', *, *, #6058, .T. ) ;
#4160 = DIRECTION ( 'NONE',  ( 1.000000000000000000, -0.000000000000000000, -7.709882115452476934E-17 ) ) ;
#4161 = DIRECTION ( 'NONE',  ( 0.5000000000000004441, -0.8660254037844384856, 0.000000000000000000 ) ) ;
#4162 = PLANE ( 'NONE',  #3109 ) ;
#4163 = FACE_BOUND ( 'NONE', #3146, .T. ) ;
#4164 = FACE_OUTER_BOUND ( 'NONE', #9265, .T. ) ;
#4165 = ORIENTED_EDGE ( 'NONE', *, *, #6733, .T. ) ;
#4166 = VERTEX_POINT ( 'NONE', #6337 ) ;
#4167 = CARTESIAN_POINT ( 'NONE',  ( -32.17386661099703105, 28.22552384371531176, -45.00000000000000000 ) ) ;
#4168 = ORIENTED_EDGE ( 'NONE', *, *, #9539, .F. ) ;
#4169 = VERTEX_POINT ( 'NONE', #3398 ) ;
#4170 = DIRECTION ( 'NONE',  ( 0.000000000000000000, -0.4999999999999998335, -0.8660254037844387076 ) ) ;
#4171 = FACE_OUTER_BOUND ( 'NONE', #1429, .T. ) ;
#4172 = CARTESIAN_POINT ( 'NONE',  ( -21.44924440733135640, 19.22649730810374180, -45.00000000000000000 ) ) ;
#4173 = FACE_OUTER_BOUND ( 'NONE', #8071, .T. ) ;
#4174 = LINE ( 'NONE', #1124, #7040 ) ;
#4175 = CARTESIAN_POINT ( 'NONE',  ( -45.00000000000000711, 18.88772481033652184, -5.724622203665670206 ) ) ;
#4176 = CARTESIAN_POINT ( 'NONE',  ( 45.00000000000000711, 22.11324865405184426, -26.44924440733135995 ) ) ;
#4177 = ADVANCED_FACE ( 'NONE', ( #4171 ), #4832, .F. ) ;
#4178 = ORIENTED_EDGE ( 'NONE', *, *, #2843, .T. ) ;
#4179 = LINE ( 'NONE', #4224, #825 ) ;
#4180 = ORIENTED_EDGE ( 'NONE', *, *, #3232, .T. ) ;
#4181 = CARTESIAN_POINT ( 'NONE',  ( -15.72462220366567465, 13.11422211844029739, -45.00000000000000000 ) ) ;
#4182 = CARTESIAN_POINT ( 'NONE',  ( -4.336808689942017736E-16, 30.77350269189625109, -45.00000000000000000 ) ) ;
#4183 = EDGE_LOOP ( 'NONE', ( #8079, #1568, #864, #9727 ) ) ;
#4184 = ORIENTED_EDGE ( 'NONE', *, *, #5876, .T. ) ;
#4185 = CARTESIAN_POINT ( 'NONE',  ( -45.00000000000000711, 10.22747077249214520, 32.17386661099703815 ) ) ;
#4186 = PLANE ( 'NONE',  #7988 ) ;
#4187 = CARTESIAN_POINT ( 'NONE',  ( -40.60000000000000142, 4.999999999999993783, -15.72462220366567465 ) ) ;
#4188 = FACE_OUTER_BOUND ( 'NONE', #7531, .T. ) ;
#4189 = PLANE ( 'NONE',  #8184 ) ;
#4190 = EDGE_CURVE ( 'NONE', #6807, #5765, #388, .T. ) ;
#4191 = ORIENTED_EDGE ( 'NONE', *, *, #2678, .F. ) ;
#4192 = FACE_BOUND ( 'NONE', #7129, .T. ) ;
#4193 = VERTEX_POINT ( 'NONE', #7897 ) ;
#4194 = VERTEX_POINT ( 'NONE', #4935 ) ;
#4195 = EDGE_CURVE ( 'NONE', #6694, #8483, #9508, .T. ) ;
#4196 = ORIENTED_EDGE ( 'NONE', *, *, #3152, .F. ) ;
#4197 = CARTESIAN_POINT ( 'NONE',  ( -25.21224189193354448, 4.999999999999997335, 25.21224189193354448 ) ) ;
#4198 = LINE ( 'NONE', #5769, #7784 ) ;
#4199 = EDGE_CURVE ( 'NONE', #8880, #1072, #7149, .T. ) ;
#4200 = DIRECTION ( 'NONE',  ( -0.4999999999999997780, -0.8660254037844388186, 0.000000000000000000 ) ) ;
#4201 = LINE ( 'NONE', #8683, #892 ) ;
#4202 = VERTEX_POINT ( 'NONE', #8751 ) ;
#4203 = ORIENTED_EDGE ( 'NONE', *, *, #6605, .T. ) ;
#4204 = ORIENTED_EDGE ( 'NONE', *, *, #3944, .F. ) ;
#4205 = CARTESIAN_POINT ( 'NONE',  ( -45.00000000000000711, 13.11422211844027963, 27.17386661099704170 ) ) ;
#4206 = ADVANCED_FACE ( 'NONE', ( #8002 ), #5739, .F. ) ;
#4207 = DIRECTION ( 'NONE',  ( 7.709882115452476934E-17, -3.004629197474320528E-16, 1.000000000000000000 ) ) ;
#4208 = CARTESIAN_POINT ( 'NONE',  ( -5.724622203665678200, 31.11227518966344974, 45.00000000000000000 ) ) ;
#4209 = CARTESIAN_POINT ( 'NONE',  ( -45.00000000000000711, 45.00000000000000000, -43.00000000000000000 ) ) ;
#4210 = EDGE_CURVE ( 'NONE', #8522, #8270, #9416, .T. ) ;
#4211 = VERTEX_POINT ( 'NONE', #1075 ) ;
#4212 = ORIENTED_EDGE ( 'NONE', *, *, #7766, .F. ) ;
#4213 = ORIENTED_EDGE ( 'NONE', *, *, #5733, .T. ) ;
#4214 = ORIENTED_EDGE ( 'NONE', *, *, #42, .F. ) ;
#4215 = FACE_OUTER_BOUND ( 'NONE', #9121, .T. ) ;
#4216 = DIRECTION ( 'NONE',  ( 1.000000000000000000, -0.000000000000000000, -7.709882115452476934E-17 ) ) ;
#4217 = DIRECTION ( 'NONE',  ( 1.000000000000000000, -0.000000000000000000, -7.709882115452476934E-17 ) ) ;
#4218 = LINE ( 'NONE', #1182, #5221 ) ;
#4219 = DIRECTION ( 'NONE',  ( -0.8660254037844387076, 0.4999999999999998890, 0.000000000000000000 ) ) ;
#4220 = CIRCLE ( 'NONE', #9372, 2.000000000000001776 ) ;
#4221 = DIRECTION ( 'NONE',  ( 0.000000000000000000, -0.4999999999999998335, -0.8660254037844387076 ) ) ;
#4222 = LINE ( 'NONE', #1941, #6524 ) ;
#4223 = ORIENTED_EDGE ( 'NONE', *, *, #8252, .T. ) ;
#4224 = CARTESIAN_POINT ( 'NONE',  ( 16.44924440733137061, 5.000000000000031974, -40.59999999999999432 ) ) ;
#4225 = ORIENTED_EDGE ( 'NONE', *, *, #6905, .T. ) ;
#4226 = CARTESIAN_POINT ( 'NONE',  ( -32.17386661099703105, 28.22552384371531176, -45.00000000000000000 ) ) ;
#4227 = FACE_BOUND ( 'NONE', #8677, .T. ) ;
#4228 = ORIENTED_EDGE ( 'NONE', *, *, #1905, .T. ) ;
#4229 = ORIENTED_EDGE ( 'NONE', *, *, #5918, .T. ) ;
#4230 = CARTESIAN_POINT ( 'NONE',  ( 42.99999999999999289, 2.000000000000000000, -43.00000000000000000 ) ) ;
#4231 = VECTOR ( 'NONE', #4140, 1000.000000000000000 ) ;
#4232 = LINE ( 'NONE', #8863, #6542 ) ;
#4233 = ADVANCED_FACE ( 'NONE', ( #1840 ), #8699, .F. ) ;
#4234 = LINE ( 'NONE', #9520, #9380 ) ;
#4235 = LINE ( 'NONE', #6456, #2462 ) ;
#4236 = VECTOR ( 'NONE', #6180, 1000.000000000000000 ) ;
#4237 = CARTESIAN_POINT ( 'NONE',  ( -37.17386661099700973, 4.999999999999999112, -40.59999999999999432 ) ) ;
#4238 = ORIENTED_EDGE ( 'NONE', *, *, #5763, .T. ) ;
#4239 = DIRECTION ( 'NONE',  ( 0.000000000000000000, 0.5000000000000002220, 0.8660254037844384856 ) ) ;
#4240 = AXIS2_PLACEMENT_3D ( 'NONE', #3249, #352, #5741 ) ;
#4241 = ORIENTED_EDGE ( 'NONE', *, *, #7976, .F. ) ;
#4242 = EDGE_LOOP ( 'NONE', ( #6296, #8495, #5689, #8829 ) ) ;
#4243 = ORIENTED_EDGE ( 'NONE', *, *, #387, .F. ) ;
#4244 = EDGE_CURVE ( 'NONE', #9552, #462, #919, .T. ) ;
#4245 = VECTOR ( 'NONE', #1896, 1000.000000000000114 ) ;
#4246 = EDGE_CURVE ( 'NONE', #9055, #4820, #2489, .T. ) ;
#4247 = VECTOR ( 'NONE', #9944, 1000.000000000000000 ) ;
#4248 = VECTOR ( 'NONE', #3180, 1000.000000000000000 ) ;
#4249 = CARTESIAN_POINT ( 'NONE',  ( 26.44924440733135285, 22.11324865405187978, -45.00000000000000000 ) ) ;
#4250 = VECTOR ( 'NONE', #1496, 1000.000000000000000 ) ;
#4251 = EDGE_CURVE ( 'NONE', #8181, #690, #2431, .T. ) ;
#4252 = CARTESIAN_POINT ( 'NONE',  ( -45.00000000000000711, 27.88675134594811311, 5.000000000000011546 ) ) ;
#4253 = CYLINDRICAL_SURFACE ( 'NONE', #9890, 2.000000000000001776 ) ;
#4254 = EDGE_CURVE ( 'NONE', #8842, #1859, #7201, .T. ) ;
#4255 = ORIENTED_EDGE ( 'NONE', *, *, #2078, .F. ) ;
#4256 = ORIENTED_EDGE ( 'NONE', *, *, #9852, .T. ) ;
#4257 = VECTOR ( 'NONE', #9658, 1000.000000000000000 ) ;
#4258 = VECTOR ( 'NONE', #6992, 1000.000000000000000 ) ;
#4259 = VECTOR ( 'NONE', #1393, 1000.000000000000114 ) ;
#4260 = CARTESIAN_POINT ( 'NONE',  ( 32.17386661099703105, 10.22747077249218073, -40.59999999999999432 ) ) ;
#4261 = DIRECTION ( 'NONE',  ( 0.000000000000000000, 1.000000000000000000, 1.502314598737162976E-16 ) ) ;
#4262 = AXIS2_PLACEMENT_3D ( 'NONE', #7127, #5770, #8727 ) ;
#4263 = EDGE_CURVE ( 'NONE', #3336, #958, #4022, .T. ) ;
#4264 = VECTOR ( 'NONE', #9140, 1000.000000000000000 ) ;
#4265 = DIRECTION ( 'NONE',  ( -0.8660254037844387076, 0.4999999999999998890, -0.000000000000000000 ) ) ;
#4266 = PLANE ( 'NONE',  #4468 ) ;
#4267 = CARTESIAN_POINT ( 'NONE',  ( 32.17386661099703105, 39.77252922750782460, 45.00000000000000000 ) ) ;
#4268 = CARTESIAN_POINT ( 'NONE',  ( -15.72462220366567465, 13.11422211844029739, -45.00000000000000000 ) ) ;
#4269 = VECTOR ( 'NONE', #8565, 1000.000000000000114 ) ;
#4270 = ORIENTED_EDGE ( 'NONE', *, *, #9079, .F. ) ;
#4271 = VERTEX_POINT ( 'NONE', #202 ) ;
#4272 = ORIENTED_EDGE ( 'NONE', *, *, #3281, .F. ) ;
#4273 = VECTOR ( 'NONE', #3860, 1000.000000000000114 ) ;
#4274 = ORIENTED_EDGE ( 'NONE', *, *, #6825, .F. ) ;
#4275 = VECTOR ( 'NONE', #7861, 1000.000000000000000 ) ;
#4276 = CARTESIAN_POINT ( 'NONE',  ( -37.17386661099703105, 18.88772481033655382, -45.00000000000000000 ) ) ;
#4277 = DIRECTION ( 'NONE',  ( 0.4999999999999998890, 0.8660254037844387076, 0.000000000000000000 ) ) ;
#4278 = EDGE_CURVE ( 'NONE', #7928, #231, #4120, .T. ) ;
#4279 = DIRECTION ( 'NONE',  ( 0.8660254037844388186, -0.4999999999999997224, 0.000000000000000000 ) ) ;
#4280 = DIRECTION ( 'NONE',  ( 0.000000000000000000, 0.5000000000000005551, -0.8660254037844382635 ) ) ;
#4281 = PLANE ( 'NONE',  #7673 ) ;
#4282 = VECTOR ( 'NONE', #1073, 1000.000000000000000 ) ;
#4283 = LINE ( 'NONE', #1025, #8591 ) ;
#4284 = DIRECTION ( 'NONE',  ( 3.854941057726244014E-17, 0.8660254037844382635, 0.5000000000000007772 ) ) ;
#4285 = ORIENTED_EDGE ( 'NONE', *, *, #2161, .F. ) ;
#4286 = DIRECTION ( 'NONE',  ( -2.243456467447495310E-16, -0.5773502691896231775, -0.8164965809277278108 ) ) ;
#4287 = EDGE_LOOP ( 'NONE', ( #6626, #5749, #8398, #5016, #5826, #3510 ) ) ;
#4288 = LINE ( 'NONE', #3524, #2666 ) ;
#4289 = FACE_OUTER_BOUND ( 'NONE', #4589, .T. ) ;
#4290 = ORIENTED_EDGE ( 'NONE', *, *, #779, .F. ) ;
#4291 = ORIENTED_EDGE ( 'NONE', *, *, #9879, .F. ) ;
#4292 = LINE ( 'NONE', #466, #5564 ) ;
#4293 = AXIS2_PLACEMENT_3D ( 'NONE', #8421, #1451, #6924 ) ;
#4294 = LINE ( 'NONE', #8171, #9102 ) ;
#4295 = PLANE ( 'NONE',  #3076 ) ;
#4296 = DIRECTION ( 'NONE',  ( 0.000000000000000000, 1.000000000000000000, 1.502314598737162976E-16 ) ) ;
#4297 = EDGE_LOOP ( 'NONE', ( #4962, #417, #4303, #7269 ) ) ;
#4298 = CARTESIAN_POINT ( 'NONE',  ( -45.00000000000000000, 45.00000000000000000, 45.00000000000000000 ) ) ;
#4299 = VECTOR ( 'NONE', #707, 999.9999999999998863 ) ;
#4300 = ORIENTED_EDGE ( 'NONE', *, *, #3124, .F. ) ;
#4301 = ORIENTED_EDGE ( 'NONE', *, *, #3734, .F. ) ;
#4302 = ORIENTED_EDGE ( 'NONE', *, *, #9936, .T. ) ;
#4303 = ORIENTED_EDGE ( 'NONE', *, *, #307, .F. ) ;
#4304 = EDGE_CURVE ( 'NONE', #9425, #2581, #1740, .T. ) ;
#4305 = AXIS2_PLACEMENT_3D ( 'NONE', #886, #7074, #3789 ) ;
#4306 = VECTOR ( 'NONE', #5438, 1000.000000000000000 ) ;
#4307 = FACE_OUTER_BOUND ( 'NONE', #938, .T. ) ;
#4308 = FACE_OUTER_BOUND ( 'NONE', #1545, .T. ) ;
#4309 = FACE_OUTER_BOUND ( 'NONE', #8596, .T. ) ;
#4310 = ORIENTED_EDGE ( 'NONE', *, *, #1501, .F. ) ;
#4311 = ORIENTED_EDGE ( 'NONE', *, *, #1401, .T. ) ;
#4312 = ADVANCED_FACE ( 'NONE', ( #2541 ), #6440, .F. ) ;
#4313 = CIRCLE ( 'NONE', #2189, 2.000000000000001776 ) ;
#4314 = DIRECTION ( 'NONE',  ( 0.000000000000000000, 0.5000000000000002220, 0.8660254037844384856 ) ) ;
#4315 = ADVANCED_FACE ( 'NONE', ( #1066 ), #6479, .F. ) ;
#4316 = PLANE ( 'NONE',  #349 ) ;
#4317 = AXIS2_PLACEMENT_3D ( 'NONE', #9725, #8067, #8824 ) ;
#4318 = DIRECTION ( 'NONE',  ( 0.000000000000000000, -0.5000000000000006661, 0.8660254037844381525 ) ) ;
#4319 = DIRECTION ( 'NONE',  ( 0.5000000000000004441, -0.8660254037844384856, 0.000000000000000000 ) ) ;
#4320 = LINE ( 'NONE', #5222, #1668 ) ;
#4321 = CARTESIAN_POINT ( 'NONE',  ( -37.17386661099703105, 13.11422211844029739, -45.00000000000000000 ) ) ;
#4322 = ADVANCED_FACE ( 'NONE', ( #340 ), #9752, .F. ) ;
#4323 = VERTEX_POINT ( 'NONE', #5138 ) ;
#4324 = ORIENTED_EDGE ( 'NONE', *, *, #6588, .F. ) ;
#4325 = EDGE_CURVE ( 'NONE', #4863, #5836, #1048, .T. ) ;
#4326 = EDGE_CURVE ( 'NONE', #2727, #2050, #6269, .T. ) ;
#4327 = VERTEX_POINT ( 'NONE', #6888 ) ;
#4328 = DIRECTION ( 'NONE',  ( 0.4999999999999998890, 0.8660254037844387076, 0.000000000000000000 ) ) ;
#4329 = ADVANCED_FACE ( 'NONE', ( #28 ), #8430, .F. ) ;
#4330 = DIRECTION ( 'NONE',  ( 0.000000000000000000, 0.5000000000000005551, -0.8660254037844382635 ) ) ;
#4331 = DIRECTION ( 'NONE',  ( 0.000000000000000000, 1.000000000000000000, 1.502314598737162976E-16 ) ) ;
#4332 = PLANE ( 'NONE',  #2471 ) ;
#4333 = CARTESIAN_POINT ( 'NONE',  ( -10.72462220366567820, 10.22747077249217362, -45.00000000000000000 ) ) ;
#4334 = ORIENTED_EDGE ( 'NONE', *, *, #907, .T. ) ;
#4335 = ORIENTED_EDGE ( 'NONE', *, *, #5070, .T. ) ;
#4336 = DIRECTION ( 'NONE',  ( -3.854941057726239700E-17, 0.8660254037844385966, -0.5000000000000003331 ) ) ;
#4337 = FACE_BOUND ( 'NONE', #2120, .T. ) ;
#4338 = EDGE_CURVE ( 'NONE', #4795, #4504, #6114, .T. ) ;
#4339 = VERTEX_POINT ( 'NONE', #7777 ) ;
#4340 = ORIENTED_EDGE ( 'NONE', *, *, #8601, .T. ) ;
#4341 = DIRECTION ( 'NONE',  ( 6.009258394948641055E-16, -1.000000000000000000, 0.000000000000000000 ) ) ;
#4342 = CARTESIAN_POINT ( 'NONE',  ( -14.28758280088807098, 0.000000000000000000, 0.9332857743154497898 ) ) ;
#4343 = LINE ( 'NONE', #517, #8724 ) ;
#4344 = DIRECTION ( 'NONE',  ( -0.8660254037844387076, 0.4999999999999998890, 0.000000000000000000 ) ) ;
#4345 = CARTESIAN_POINT ( 'NONE',  ( -37.17386661099703105, 36.88577788155969728, 45.00000000000000000 ) ) ;
#4346 = CARTESIAN_POINT ( 'NONE',  ( -40.60000000000000142, 12.56922586464552083, -36.22990540948981675 ) ) ;
#4347 = VERTEX_POINT ( 'NONE', #3953 ) ;
#4348 = DIRECTION ( 'NONE',  ( 0.000000000000000000, -0.5000000000000006661, 0.8660254037844383745 ) ) ;
#4349 = ORIENTED_EDGE ( 'NONE', *, *, #1522, .F. ) ;
#4350 = ORIENTED_EDGE ( 'NONE', *, *, #7525, .T. ) ;
#4351 = ORIENTED_EDGE ( 'NONE', *, *, #6974, .F. ) ;
#4352 = ADVANCED_FACE ( 'NONE', ( #5363 ), #6982, .F. ) ;
#4353 = ORIENTED_EDGE ( 'NONE', *, *, #3556, .T. ) ;
#4354 = LINE ( 'NONE', #578, #2846 ) ;
#4355 = CARTESIAN_POINT ( 'NONE',  ( -4.999999999999999112, 27.88675134594812377, 40.59999999999996589 ) ) ;
#4356 = DIRECTION ( 'NONE',  ( 0.000000000000000000, 0.5000000000000005551, -0.8660254037844382635 ) ) ;
#4357 = CARTESIAN_POINT ( 'NONE',  ( -4.999999999999995559, 22.11324865405186557, -45.00000000000000000 ) ) ;
#4358 = EDGE_LOOP ( 'NONE', ( #5433, #7055, #5496, #8481 ) ) ;
#4359 = VERTEX_POINT ( 'NONE', #3071 ) ;
#4360 = EDGE_CURVE ( 'NONE', #1072, #904, #6932, .T. ) ;
#4361 = CARTESIAN_POINT ( 'NONE',  ( -45.00000000000000711, 36.88577788155965465, 5.724622203665682640 ) ) ;
#4362 = LINE ( 'NONE', #3740, #1328 ) ;
#4363 = EDGE_CURVE ( 'NONE', #528, #4863, #9337, .T. ) ;
#4364 = LINE ( 'NONE', #5871, #6023 ) ;
#4365 = DIRECTION ( 'NONE',  ( 0.000000000000000000, -0.5000000000000006661, 0.8660254037844381525 ) ) ;
#4366 = CARTESIAN_POINT ( 'NONE',  ( -27.17386661099703460, 31.11227518966344263, 45.00000000000000000 ) ) ;
#4367 = DIRECTION ( 'NONE',  ( -0.000000000000000000, -0.000000000000000000, 1.000000000000000000 ) ) ;
#4368 = EDGE_LOOP ( 'NONE', ( #9758, #8869, #5990, #9439, #3338, #9326 ) ) ;
#4369 = VERTEX_POINT ( 'NONE', #9231 ) ;
#4370 = ORIENTED_EDGE ( 'NONE', *, *, #4563, .F. ) ;
#4371 = CARTESIAN_POINT ( 'NONE',  ( 32.17386661099703105, 21.77447615628468824, -45.00000000000000000 ) ) ;
#4372 = EDGE_CURVE ( 'NONE', #5267, #7945, #5412, .T. ) ;
#4373 = DIRECTION ( 'NONE',  ( -0.000000000000000000, -0.000000000000000000, 1.000000000000000000 ) ) ;
#4374 = FACE_OUTER_BOUND ( 'NONE', #2067, .T. ) ;
#4375 = FACE_OUTER_BOUND ( 'NONE', #5613, .T. ) ;
#4376 = EDGE_LOOP ( 'NONE', ( #3589, #5037, #2358, #9526, #45, #5642 ) ) ;
#4377 = EDGE_CURVE ( 'NONE', #1870, #4114, #1564, .T. ) ;
#4378 = ORIENTED_EDGE ( 'NONE', *, *, #2999, .T. ) ;
#4379 = DIRECTION ( 'NONE',  ( 0.8660254037844383745, 0.5000000000000003331, 0.000000000000000000 ) ) ;
#4380 = ORIENTED_EDGE ( 'NONE', *, *, #1690, .T. ) ;
#4381 = ORIENTED_EDGE ( 'NONE', *, *, #6058, .F. ) ;
#4382 = DIRECTION ( 'NONE',  ( -0.000000000000000000, -0.000000000000000000, 1.000000000000000000 ) ) ;
#4383 = LINE ( 'NONE', #6756, #8150 ) ;
#4384 = SURFACE_STYLE_USAGE ( .BOTH. , #4085 ) ;
#4385 = LINE ( 'NONE', #9113, #8640 ) ;
#4386 = CARTESIAN_POINT ( 'NONE',  ( 40.59999999999999432, 4.999999999999986677, 27.17386661099703460 ) ) ;
#4387 = VERTEX_POINT ( 'NONE', #7927 ) ;
#4388 = CARTESIAN_POINT ( 'NONE',  ( -13.92743486032278710, 51.19823799011141574, -40.59999999999999432 ) ) ;
#4389 = EDGE_LOOP ( 'NONE', ( #6851, #7885, #6390, #5187 ) ) ;
#4390 = ORIENTED_EDGE ( 'NONE', *, *, #6861, .T. ) ;
#4391 = ORIENTED_EDGE ( 'NONE', *, *, #1934, .T. ) ;
#4392 = VECTOR ( 'NONE', #2907, 1000.000000000000114 ) ;
#4393 = ORIENTED_EDGE ( 'NONE', *, *, #1129, .F. ) ;
#4394 = VECTOR ( 'NONE', #7097, 1000.000000000000114 ) ;
#4395 = CARTESIAN_POINT ( 'NONE',  ( 10.84182906730544715, 12.17880545224816480, -8.973377819341578743 ) ) ;
#4396 = CARTESIAN_POINT ( 'NONE',  ( -37.17386661099703105, 13.11422211844029739, -45.00000000000000000 ) ) ;
#4397 = VECTOR ( 'NONE', #6342, 1000.000000000000114 ) ;
#4398 = ADVANCED_FACE ( 'NONE', ( #9492 ), #943, .F. ) ;
#4399 = DIRECTION ( 'NONE',  ( -1.000000000000000000, 0.000000000000000000, 0.000000000000000000 ) ) ;
#4400 = EDGE_CURVE ( 'NONE', #4445, #155, #1871, .T. ) ;
#4401 = DIRECTION ( 'NONE',  ( 1.000000000000000000, -0.000000000000000000, -7.709882115452476934E-17 ) ) ;
#4402 = ORIENTED_EDGE ( 'NONE', *, *, #4519, .F. ) ;
#4403 = VERTEX_POINT ( 'NONE', #3313 ) ;
#4404 = AXIS2_PLACEMENT_3D ( 'NONE', #7806, #7104, #5437 ) ;
#4405 = AXIS2_PLACEMENT_3D ( 'NONE', #4496, #7565, #6582 ) ;
#4406 = LINE ( 'NONE', #4205, #7350 ) ;
#4407 = VECTOR ( 'NONE', #2616, 1000.000000000000000 ) ;
#4408 = DIRECTION ( 'NONE',  ( 0.000000000000000000, 0.5000000000000005551, -0.8660254037844382635 ) ) ;
#4409 = CARTESIAN_POINT ( 'NONE',  ( -16.44924440733135640, 22.11324865405187268, -45.00000000000000000 ) ) ;
#4410 = LINE ( 'NONE', #7489, #8812 ) ;
#4411 = VECTOR ( 'NONE', #8004, 1000.000000000000114 ) ;
#4412 = CARTESIAN_POINT ( 'NONE',  ( -45.00000000000000711, 22.11324865405183715, 26.44924440733135995 ) ) ;
#4413 = VECTOR ( 'NONE', #2680, 1000.000000000000000 ) ;
#4414 = VECTOR ( 'NONE', #2696, 1000.000000000000000 ) ;
#4415 = VERTEX_POINT ( 'NONE', #7067 ) ;
#4416 = VERTEX_POINT ( 'NONE', #2549 ) ;
#4417 = ORIENTED_EDGE ( 'NONE', *, *, #1501, .T. ) ;
#4418 = DIRECTION ( 'NONE',  ( -0.000000000000000000, -0.000000000000000000, 1.000000000000000000 ) ) ;
#4419 = VECTOR ( 'NONE', #2071, 1000.000000000000000 ) ;
#4420 = VECTOR ( 'NONE', #41, 1000.000000000000000 ) ;
#4421 = LINE ( 'NONE', #3657, #3596 ) ;
#4422 = DIRECTION ( 'NONE',  ( 1.000000000000000000, -0.000000000000000000, -7.709882115452476934E-17 ) ) ;
#4423 = LINE ( 'NONE', #8303, #2142 ) ;
#4424 = VECTOR ( 'NONE', #3729, 1000.000000000000000 ) ;
#4425 = CARTESIAN_POINT ( 'NONE',  ( 45.00000000000000711, 18.88772481033651829, -37.17386661099703105 ) ) ;
#4426 = ORIENTED_EDGE ( 'NONE', *, *, #9978, .F. ) ;
#4427 = AXIS2_PLACEMENT_3D ( 'NONE', #6567, #8311, #8215 ) ;
#4428 = EDGE_LOOP ( 'NONE', ( #8385, #9888, #5935, #8233 ) ) ;
#4429 = DIRECTION ( 'NONE',  ( 0.000000000000000000, 0.5000000000000005551, -0.8660254037844382635 ) ) ;
#4430 = VECTOR ( 'NONE', #968, 1000.000000000000000 ) ;
#4431 = EDGE_CURVE ( 'NONE', #4933, #4943, #8556, .T. ) ;
#4432 = VERTEX_POINT ( 'NONE', #1697 ) ;
#4433 = EDGE_CURVE ( 'NONE', #9730, #5809, #4032, .T. ) ;
#4434 = VERTEX_POINT ( 'NONE', #2394 ) ;
#4435 = CARTESIAN_POINT ( 'NONE',  ( -15.16033048310346487, 10.00000000000000000, -1.103125484187135630 ) ) ;
#4436 = FACE_OUTER_BOUND ( 'NONE', #9813, .T. ) ;
#4437 = AXIS2_PLACEMENT_3D ( 'NONE', #8952, #2785, #2039 ) ;
#4438 = EDGE_CURVE ( 'NONE', #2256, #1816, #5643, .T. ) ;
#4439 = DIRECTION ( 'NONE',  ( 0.000000000000000000, -0.4999999999999998335, -0.8660254037844387076 ) ) ;
#4440 = LINE ( 'NONE', #9014, #4142 ) ;
#4441 = DIRECTION ( 'NONE',  ( 1.000000000000000000, -0.000000000000000000, -7.709882115452476934E-17 ) ) ;
#4442 = ORIENTED_EDGE ( 'NONE', *, *, #624, .F. ) ;
#4443 = DIRECTION ( 'NONE',  ( 0.000000000000000000, -0.5000000000000002220, -0.8660254037844384856 ) ) ;
#4444 = ORIENTED_EDGE ( 'NONE', *, *, #8309, .T. ) ;
#4445 = VERTEX_POINT ( 'NONE', #3983 ) ;
#4446 = EDGE_CURVE ( 'NONE', #2513, #9355, #1029, .T. ) ;
#4447 = AXIS2_PLACEMENT_3D ( 'NONE', #9892, #4506, #6153 ) ;
#4448 = ORIENTED_EDGE ( 'NONE', *, *, #3698, .T. ) ;
#4449 = ORIENTED_EDGE ( 'NONE', *, *, #699, .F. ) ;
#4450 = EDGE_CURVE ( 'NONE', #5765, #8298, #6447, .T. ) ;
#4451 = EDGE_CURVE ( 'NONE', #7380, #2985, #7961, .T. ) ;
#4452 = EDGE_CURVE ( 'NONE', #6574, #797, #7161, .T. ) ;
#4453 = DIRECTION ( 'NONE',  ( 0.7071067811865473507, 0.000000000000000000, -0.7071067811865477948 ) ) ;
#4454 = VECTOR ( 'NONE', #1192, 999.9999999999998863 ) ;
#4455 = DIRECTION ( 'NONE',  ( 0.8660254037844388186, -0.4999999999999997780, 0.000000000000000000 ) ) ;
#4456 = CARTESIAN_POINT ( 'NONE',  ( -45.00000000000000711, 27.88675134594809180, -16.44924440733134574 ) ) ;
#4457 = FACE_OUTER_BOUND ( 'NONE', #3339, .T. ) ;
#4458 = DIRECTION ( 'NONE',  ( 0.3939192985791676871, 0.000000000000000000, -0.9191450300180579180 ) ) ;
#4459 = ORIENTED_EDGE ( 'NONE', *, *, #8916, .F. ) ;
#4460 = ORIENTED_EDGE ( 'NONE', *, *, #3119, .F. ) ;
#4461 = VECTOR ( 'NONE', #555, 1000.000000000000000 ) ;
#4462 = EDGE_CURVE ( 'NONE', #4211, #1213, #6299, .T. ) ;
#4463 = DIRECTION ( 'NONE',  ( 0.000000000000000000, -1.000000000000000000, -3.004629197474320035E-16 ) ) ;
#4464 = DIRECTION ( 'NONE',  ( -0.8660254037844387076, -0.4999999999999998890, 0.000000000000000000 ) ) ;
#4465 = DIRECTION ( 'NONE',  ( 1.000000000000000000, -0.000000000000000000, 0.000000000000000000 ) ) ;
#4466 = LINE ( 'NONE', #8992, #8759 ) ;
#4467 = DIRECTION ( 'NONE',  ( 1.000000000000000000, -0.000000000000000000, -7.709882115452476934E-17 ) ) ;
#4468 = AXIS2_PLACEMENT_3D ( 'NONE', #2878, #7347, #4365 ) ;
#4469 = DIRECTION ( 'NONE',  ( 6.009258394948640069E-16, -1.000000000000000000, 0.000000000000000000 ) ) ;
#4470 = ORIENTED_EDGE ( 'NONE', *, *, #8534, .F. ) ;
#4471 = ORIENTED_EDGE ( 'NONE', *, *, #5555, .T. ) ;
#4472 = EDGE_CURVE ( 'NONE', #9926, #9068, #1946, .T. ) ;
#4473 = ORIENTED_EDGE ( 'NONE', *, *, #1050, .T. ) ;
#4474 = CARTESIAN_POINT ( 'NONE',  ( 45.00000000000000711, 28.22552384371527623, 32.17386661099703105 ) ) ;
#4475 = VECTOR ( 'NONE', #8728, 1000.000000000000000 ) ;
#4476 = FACE_OUTER_BOUND ( 'NONE', #48, .T. ) ;
#4477 = CARTESIAN_POINT ( 'NONE',  ( -27.17386661099703460, 13.11422211844030450, 45.00000000000000000 ) ) ;
#4478 = LINE ( 'NONE', #503, #5213 ) ;
#4479 = ORIENTED_EDGE ( 'NONE', *, *, #3874, .T. ) ;
#4480 = CARTESIAN_POINT ( 'NONE',  ( -45.00000000000000711, 13.11422211844027252, -15.72462220366567465 ) ) ;
#4481 = ORIENTED_EDGE ( 'NONE', *, *, #5699, .T. ) ;
#4482 = ORIENTED_EDGE ( 'NONE', *, *, #2386, .T. ) ;
#4483 = CARTESIAN_POINT ( 'NONE',  ( 4.999999999999999112, 22.11324865405187268, -45.00000000000000000 ) ) ;
#4484 = DIRECTION ( 'NONE',  ( -3.854941057726239700E-17, 0.8660254037844385966, -0.5000000000000003331 ) ) ;
#4485 = LINE ( 'NONE', #7512, #1644 ) ;
#4486 = EDGE_CURVE ( 'NONE', #4985, #614, #2745, .T. ) ;
#4487 = DIRECTION ( 'NONE',  ( -0.8660254037844387076, 0.4999999999999998890, 0.000000000000000000 ) ) ;
#4488 = DIRECTION ( 'NONE',  ( 0.000000000000000000, 1.000000000000000000, 1.502314598737162976E-16 ) ) ;
#4489 = ORIENTED_EDGE ( 'NONE', *, *, #8144, .F. ) ;
#4490 = CARTESIAN_POINT ( 'NONE',  ( 45.00000000000000711, 31.11227518966341066, -37.17386661099702394 ) ) ;
#4491 = EDGE_CURVE ( 'NONE', #4101, #8209, #7255, .T. ) ;
#4492 = ORIENTED_EDGE ( 'NONE', *, *, #3000, .T. ) ;
#4493 = DIRECTION ( 'NONE',  ( 0.000000000000000000, 0.5000000000000007772, -0.8660254037844382635 ) ) ;
#4494 = EDGE_LOOP ( 'NONE', ( #9274, #971, #6106, #2690 ) ) ;
#4495 = VERTEX_POINT ( 'NONE', #3474 ) ;
#4496 = CARTESIAN_POINT ( 'NONE',  ( 18.14117408006805832, 1.999999999999988010, -32.28330970379902709 ) ) ;
#4497 = LINE ( 'NONE', #1403, #5046 ) ;
#4498 = ADVANCED_FACE ( 'NONE', ( #2703 ), #301, .F. ) ;
#4499 = DIRECTION ( 'NONE',  ( -3.854941057726242781E-17, -0.8660254037844383745, -0.5000000000000006661 ) ) ;
#4500 = DIRECTION ( 'NONE',  ( 0.8660254037844387076, 0.4999999999999998890, 0.000000000000000000 ) ) ;
#4501 = CARTESIAN_POINT ( 'NONE',  ( -40.60000000000000142, 6.749811322098061339, -41.61025403784437060 ) ) ;
#4502 = ADVANCED_FACE ( 'NONE', ( #5041 ), #4995, .F. ) ;
#4503 = ORIENTED_EDGE ( 'NONE', *, *, #9051, .F. ) ;
#4504 = VERTEX_POINT ( 'NONE', #5838 ) ;
#4505 = EDGE_CURVE ( 'NONE', #484, #617, #7309, .T. ) ;
#4506 = DIRECTION ( 'NONE',  ( -1.000000000000000000, 0.000000000000000000, 0.000000000000000000 ) ) ;
#4507 = EDGE_CURVE ( 'NONE', #7710, #4561, #9569, .T. ) ;
#4508 = FACE_OUTER_BOUND ( 'NONE', #3673, .T. ) ;
#4509 = LINE ( 'NONE', #7627, #2274 ) ;
#4510 = DIRECTION ( 'NONE',  ( -0.000000000000000000, -0.000000000000000000, 1.000000000000000000 ) ) ;
#4511 = LINE ( 'NONE', #2980, #1550 ) ;
#4512 = FACE_BOUND ( 'NONE', #1807, .T. ) ;
#4513 = ORIENTED_EDGE ( 'NONE', *, *, #815, .T. ) ;
#4514 = ORIENTED_EDGE ( 'NONE', *, *, #5801, .F. ) ;
#4515 = ORIENTED_EDGE ( 'NONE', *, *, #8393, .T. ) ;
#4516 = CARTESIAN_POINT ( 'NONE',  ( -17.08051390828824978, 1.999999999999988010, 33.34396987557884984 ) ) ;
#4517 = LINE ( 'NONE', #598, #6674 ) ;
#4518 = PLANE ( 'NONE',  #1873 ) ;
#4519 = EDGE_CURVE ( 'NONE', #5165, #4610, #4288, .T. ) ;
#4520 = DIRECTION ( 'NONE',  ( -0.000000000000000000, -0.000000000000000000, 1.000000000000000000 ) ) ;
#4521 = DIRECTION ( 'NONE',  ( -0.8660254037844387076, 0.4999999999999998890, 0.000000000000000000 ) ) ;
#4522 = ORIENTED_EDGE ( 'NONE', *, *, #3496, .T. ) ;
#4523 = CARTESIAN_POINT ( 'NONE',  ( 45.00000000000000711, 21.77447615628465982, 32.17386661099703815 ) ) ;
#4524 = ORIENTED_EDGE ( 'NONE', *, *, #1522, .T. ) ;
#4525 = ORIENTED_EDGE ( 'NONE', *, *, #651, .T. ) ;
#4526 = CARTESIAN_POINT ( 'NONE',  ( -45.00000000000000711, 28.22552384371527623, 32.17386661099703815 ) ) ;
#4527 = PLANE ( 'NONE',  #9596 ) ;
#4528 = CARTESIAN_POINT ( 'NONE',  ( 45.00000000000000711, 22.11324865405186202, -4.999999999999999112 ) ) ;
#4529 = LINE ( 'NONE', #7557, #9769 ) ;
#4530 = LINE ( 'NONE', #6858, #1004 ) ;
#4531 = LINE ( 'NONE', #5200, #371 ) ;
#4532 = ORIENTED_EDGE ( 'NONE', *, *, #9255, .F. ) ;
#4533 = CARTESIAN_POINT ( 'NONE',  ( -28.43651982031993342, 26.06776566806291129, -40.59999999999999432 ) ) ;
#4534 = ORIENTED_EDGE ( 'NONE', *, *, #3889, .T. ) ;
#4535 = EDGE_LOOP ( 'NONE', ( #6446, #2784, #832, #9713, #3132, #4016 ) ) ;
#4536 = DIRECTION ( 'NONE',  ( 0.8660254037844387076, 0.4999999999999998890, 0.000000000000000000 ) ) ;
#4537 = EDGE_CURVE ( 'NONE', #5288, #9583, #7365, .T. ) ;
#4538 = ADVANCED_FACE ( 'NONE', ( #5102 ), #8165, .F. ) ;
#4539 = LINE ( 'NONE', #6724, #10012 ) ;
#4540 = LINE ( 'NONE', #5347, #5537 ) ;
#4541 = LINE ( 'NONE', #7617, #9893 ) ;
#4542 = DIRECTION ( 'NONE',  ( 0.000000000000000000, -1.000000000000000000, 0.000000000000000000 ) ) ;
#4543 = AXIS2_PLACEMENT_3D ( 'NONE', #3456, #6642, #9504 ) ;
#4544 = ORIENTED_EDGE ( 'NONE', *, *, #218, .T. ) ;
#4545 = ORIENTED_EDGE ( 'NONE', *, *, #4338, .F. ) ;
#4546 = EDGE_CURVE ( 'NONE', #155, #9926, #1131, .T. ) ;
#4547 = CARTESIAN_POINT ( 'NONE',  ( -45.00000000000000711, 18.88772481033652184, -27.17386661099702039 ) ) ;
#4548 = EDGE_CURVE ( 'NONE', #9637, #7811, #8990, .T. ) ;
#4549 = VECTOR ( 'NONE', #1752, 1000.000000000000000 ) ;
#4550 = VECTOR ( 'NONE', #8166, 1000.000000000000000 ) ;
#4551 = DIRECTION ( 'NONE',  ( 0.4999999999999998890, 0.8660254037844387076, 0.000000000000000000 ) ) ;
#4552 = ADVANCED_FACE ( 'NONE', ( #6011 ), #9087, .F. ) ;
#4553 = DIRECTION ( 'NONE',  ( 0.000000000000000000, -0.4999999999999998335, -0.8660254037844387076 ) ) ;
#4554 = DIRECTION ( 'NONE',  ( 6.009258394948640069E-16, -1.000000000000000000, 0.000000000000000000 ) ) ;
#4555 = DIRECTION ( 'NONE',  ( 1.000000000000000000, -0.000000000000000000, -7.709882115452476934E-17 ) ) ;
#4556 = CARTESIAN_POINT ( 'NONE',  ( 43.00000000000000711, 45.00000000000000000, 42.99999999999998579 ) ) ;
#4557 = DIRECTION ( 'NONE',  ( 0.000000000000000000, 0.000000000000000000, -1.000000000000000000 ) ) ;
#4558 = VECTOR ( 'NONE', #1412, 1000.000000000000000 ) ;
#4559 = ORIENTED_EDGE ( 'NONE', *, *, #2113, .F. ) ;
#4560 = ORIENTED_EDGE ( 'NONE', *, *, #1184, .F. ) ;
#4561 = VERTEX_POINT ( 'NONE', #7320 ) ;
#4562 = CARTESIAN_POINT ( 'NONE',  ( -45.00000000000000711, 39.77252922750778907, -32.17386661099700973 ) ) ;
#4563 = EDGE_CURVE ( 'NONE', #9153, #7160, #1953, .T. ) ;
#4564 = VECTOR ( 'NONE', #2423, 1000.000000000000000 ) ;
#4565 = VECTOR ( 'NONE', #9927, 1000.000000000000000 ) ;
#4566 = VECTOR ( 'NONE', #3494, 1000.000000000000000 ) ;
#4567 = CARTESIAN_POINT ( 'NONE',  ( -45.00000000000000711, 13.11422211844026720, -5.724622203665671094 ) ) ;
#4568 = CARTESIAN_POINT ( 'NONE',  ( -10.72462220366567820, 21.77447615628468114, -45.00000000000000000 ) ) ;
#4569 = CARTESIAN_POINT ( 'NONE',  ( 5.724622203665678200, 36.88577788155969728, -45.00000000000000000 ) ) ;
#4570 = LINE ( 'NONE', #9148, #7779 ) ;
#4571 = ORIENTED_EDGE ( 'NONE', *, *, #7211, .F. ) ;
#4572 = CARTESIAN_POINT ( 'NONE',  ( -45.00000000000000711, 13.11422211844026720, -27.17386661099702039 ) ) ;
#4573 = VERTEX_POINT ( 'NONE', #6620 ) ;
#4574 = VECTOR ( 'NONE', #2388, 1000.000000000000000 ) ;
#4575 = VERTEX_POINT ( 'NONE', #6455 ) ;
#4576 = AXIS2_PLACEMENT_3D ( 'NONE', #1435, #8219, #5159 ) ;
#4577 = LINE ( 'NONE', #8499, #9742 ) ;
#4578 = CARTESIAN_POINT ( 'NONE',  ( -10.72462220366567820, 21.77447615628468114, 45.00000000000000000 ) ) ;
#4579 = EDGE_CURVE ( 'NONE', #9251, #4852, #8917, .T. ) ;
#4580 = CARTESIAN_POINT ( 'NONE',  ( 0.000000000000000000, 30.77350269189625820, -45.00000000000000000 ) ) ;
#4581 = CARTESIAN_POINT ( 'NONE',  ( 40.59999999999997300, 19.22649730810370627, -21.44924440733135640 ) ) ;
#4582 = VECTOR ( 'NONE', #7391, 1000.000000000000000 ) ;
#4583 = CARTESIAN_POINT ( 'NONE',  ( -45.00000000000000711, 30.77350269189622267, -21.44924440733134219 ) ) ;
#4584 = VECTOR ( 'NONE', #1993, 1000.000000000000114 ) ;
#4585 = VERTEX_POINT ( 'NONE', #372 ) ;
#4586 = DIRECTION ( 'NONE',  ( -0.000000000000000000, -0.000000000000000000, 1.000000000000000000 ) ) ;
#4587 = VERTEX_POINT ( 'NONE', #1038 ) ;
#4588 = LINE ( 'NONE', #1398, #8899 ) ;
#4589 = EDGE_LOOP ( 'NONE', ( #9733, #4380, #2618, #6706 ) ) ;
#4590 = ORIENTED_EDGE ( 'NONE', *, *, #8245, .T. ) ;
#4591 = DIRECTION ( 'NONE',  ( 0.000000000000000000, 0.5000000000000002220, 0.8660254037844384856 ) ) ;
#4592 = VECTOR ( 'NONE', #1750, 999.9999999999998863 ) ;
#4593 = LINE ( 'NONE', #2250, #6148 ) ;
#4594 = CARTESIAN_POINT ( 'NONE',  ( 27.17386661099703460, 36.88577788155969728, -40.59999999999999432 ) ) ;
#4595 = DIRECTION ( 'NONE',  ( 0.000000000000000000, 1.000000000000000000, 1.502314598737162729E-16 ) ) ;
#4596 = VECTOR ( 'NONE', #9238, 1000.000000000000000 ) ;
#4597 = ORIENTED_EDGE ( 'NONE', *, *, #2117, .T. ) ;
#4598 = ORIENTED_EDGE ( 'NONE', *, *, #1052, .T. ) ;
#4599 = PLANE ( 'NONE',  #5892 ) ;
#4600 = VECTOR ( 'NONE', #3645, 1000.000000000000000 ) ;
#4601 = LINE ( 'NONE', #3066, #162 ) ;
#4602 = DIRECTION ( 'NONE',  ( 0.000000000000000000, 1.000000000000000000, 3.004629197474320528E-16 ) ) ;
#4603 = CARTESIAN_POINT ( 'NONE',  ( 45.00000000000000711, 30.77350269189622267, -21.44924440733134929 ) ) ;
#4604 = EDGE_CURVE ( 'NONE', #4166, #2689, #9521, .T. ) ;
#4605 = LINE ( 'NONE', #3069, #1385 ) ;
#4606 = LINE ( 'NONE', #7682, #8581 ) ;
#4607 = ORIENTED_EDGE ( 'NONE', *, *, #7211, .T. ) ;
#4608 = VECTOR ( 'NONE', #7855, 1000.000000000000000 ) ;
#4609 = ORIENTED_EDGE ( 'NONE', *, *, #7588, .T. ) ;
#4610 = VERTEX_POINT ( 'NONE', #4699 ) ;
#4611 = ORIENTED_EDGE ( 'NONE', *, *, #9539, .T. ) ;
#4612 = CARTESIAN_POINT ( 'NONE',  ( -45.00000000000000711, 27.88675134594809180, 26.44924440733136350 ) ) ;
#4613 = AXIS2_PLACEMENT_3D ( 'NONE', #6908, #3045, #3155 ) ;
#4614 = CARTESIAN_POINT ( 'NONE',  ( -40.60000000000000142, 9.482724823144922155, -43.18810238334573626 ) ) ;
#4615 = EDGE_CURVE ( 'NONE', #2985, #7636, #839, .T. ) ;
#4616 = DIRECTION ( 'NONE',  ( 0.000000000000000000, -0.5000000000000006661, 0.8660254037844383745 ) ) ;
#4617 = LINE ( 'NONE', #3084, #8130 ) ;
#4618 = FACE_OUTER_BOUND ( 'NONE', #4858, .T. ) ;
#4619 = EDGE_CURVE ( 'NONE', #5341, #4416, #1856, .T. ) ;
#4620 = EDGE_CURVE ( 'NONE', #9291, #6564, #9629, .T. ) ;
#4621 = VERTEX_POINT ( 'NONE', #3417 ) ;
#4622 = LINE ( 'NONE', #3815, #7611 ) ;
#4623 = VECTOR ( 'NONE', #9910, 1000.000000000000000 ) ;
#4624 = ORIENTED_EDGE ( 'NONE', *, *, #9709, .F. ) ;
#4625 = EDGE_LOOP ( 'NONE', ( #1986, #3087, #6377, #9834 ) ) ;
#4626 = CARTESIAN_POINT ( 'NONE',  ( -45.00000000000000711, 18.88772481033651829, -37.17386661099702394 ) ) ;
#4627 = FACE_OUTER_BOUND ( 'NONE', #2337, .T. ) ;
#4628 = CARTESIAN_POINT ( 'NONE',  ( -45.00000000000000711, 36.88577788155966175, 15.72462220366568530 ) ) ;
#4629 = DIRECTION ( 'NONE',  ( 0.000000000000000000, 0.5000000000000002220, 0.8660254037844384856 ) ) ;
#4630 = CARTESIAN_POINT ( 'NONE',  ( 45.00000000000000711, 18.88772481033651829, 5.724622203665675535 ) ) ;
#4631 = VECTOR ( 'NONE', #8981, 1000.000000000000114 ) ;
#4632 = LINE ( 'NONE', #3921, #5381 ) ;
#4633 = VERTEX_POINT ( 'NONE', #6511 ) ;
#4634 = CARTESIAN_POINT ( 'NONE',  ( 27.17386661099703460, 13.11422211844030450, 40.59999999999996589 ) ) ;
#4635 = EDGE_LOOP ( 'NONE', ( #4609, #5724, #7659, #5820, #3956, #4932 ) ) ;
#4636 = DIRECTION ( 'NONE',  ( 0.000000000000000000, 0.5000000000000005551, -0.8660254037844382635 ) ) ;
#4637 = ORIENTED_EDGE ( 'NONE', *, *, #3652, .F. ) ;
#4638 = ORIENTED_EDGE ( 'NONE', *, *, #5032, .T. ) ;
#4639 = LINE ( 'NONE', #6252, #3614 ) ;
#4640 = FACE_OUTER_BOUND ( 'NONE', #4972, .T. ) ;
#4641 = DIRECTION ( 'NONE',  ( -0.4999999999999997780, -0.8660254037844388186, 0.000000000000000000 ) ) ;
#4642 = DIRECTION ( 'NONE',  ( 0.000000000000000000, 0.5000000000000005551, -0.8660254037844382635 ) ) ;
#4643 = LINE ( 'NONE', #8516, #8134 ) ;
#4644 = FACE_OUTER_BOUND ( 'NONE', #9475, .T. ) ;
#4645 = EDGE_CURVE ( 'NONE', #7424, #5286, #9581, .T. ) ;
#4646 = ORIENTED_EDGE ( 'NONE', *, *, #9292, .F. ) ;
#4647 = ORIENTED_EDGE ( 'NONE', *, *, #453, .F. ) ;
#4648 = DIRECTION ( 'NONE',  ( 1.000000000000000000, -0.000000000000000000, -7.709882115452476934E-17 ) ) ;
#4649 = CARTESIAN_POINT ( 'NONE',  ( -45.00000000000000711, 10.22747077249213810, -10.72462220366567287 ) ) ;
#4650 = DIRECTION ( 'NONE',  ( -0.4999999999999997780, -0.8660254037844388186, 0.000000000000000000 ) ) ;
#4651 = FACE_OUTER_BOUND ( 'NONE', #9783, .T. ) ;
#4652 = LINE ( 'NONE', #8527, #2641 ) ;
#4653 = EDGE_CURVE ( 'NONE', #6784, #7418, #2711, .T. ) ;
#4654 = DIRECTION ( 'NONE',  ( -1.000000000000000000, -6.009258394948641055E-16, 0.000000000000000000 ) ) ;
#4655 = EDGE_LOOP ( 'NONE', ( #6151, #540, #6852, #3220, #7517, #8200 ) ) ;
#4656 = ORIENTED_EDGE ( 'NONE', *, *, #834, .F. ) ;
#4657 = ORIENTED_EDGE ( 'NONE', *, *, #40, .T. ) ;
#4658 = ORIENTED_EDGE ( 'NONE', *, *, #9347, .T. ) ;
#4659 = CARTESIAN_POINT ( 'NONE',  ( 40.59999999999999432, 23.96239340353675473, -29.65205706398844754 ) ) ;
#4660 = FACE_OUTER_BOUND ( 'NONE', #6461, .T. ) ;
#4661 = EDGE_CURVE ( 'NONE', #5165, #1397, #8866, .T. ) ;
#4662 = FACE_BOUND ( 'NONE', #10008, .T. ) ;
#4663 = EDGE_CURVE ( 'NONE', #2470, #5766, #3531, .T. ) ;
#4664 = LINE ( 'NONE', #7047, #9219 ) ;
#4665 = CARTESIAN_POINT ( 'NONE',  ( -27.17386661099703460, 31.11227518966344263, -45.00000000000000000 ) ) ;
#4666 = LINE ( 'NONE', #4715, #2151 ) ;
#4667 = CARTESIAN_POINT ( 'NONE',  ( -45.00000000000000711, 39.77252922750778907, 32.17386661099704526 ) ) ;
#4668 = ORIENTED_EDGE ( 'NONE', *, *, #8357, .F. ) ;
#4669 = DIRECTION ( 'NONE',  ( -3.854941057726242781E-17, -0.8660254037844383745, -0.5000000000000006661 ) ) ;
#4670 = ORIENTED_EDGE ( 'NONE', *, *, #7303, .F. ) ;
#4671 = EDGE_LOOP ( 'NONE', ( #6485, #2404, #3925, #1903 ) ) ;
#4672 = CARTESIAN_POINT ( 'NONE',  ( 26.44924440733135285, 22.11324865405187978, -45.00000000000000000 ) ) ;
#4673 = EDGE_CURVE ( 'NONE', #4917, #7236, #4385, .T. ) ;
#4674 = DIRECTION ( 'NONE',  ( 0.000000000000000000, -0.5000000000000006661, 0.8660254037844381525 ) ) ;
#4675 = DIRECTION ( 'NONE',  ( 6.009258394948641055E-16, -1.000000000000000000, 0.000000000000000000 ) ) ;
#4676 = CARTESIAN_POINT ( 'NONE',  ( -15.72462220366567465, 18.88772481033655382, -45.00000000000000000 ) ) ;
#4677 = LINE ( 'NONE', #5540, #8167 ) ;
#4678 = LINE ( 'NONE', #3098, #4095 ) ;
#4679 = ADVANCED_FACE ( 'NONE', ( #5197 ), #5252, .F. ) ;
#4680 = EDGE_LOOP ( 'NONE', ( #258, #1543, #6720, #1971 ) ) ;
#4681 = CARTESIAN_POINT ( 'NONE',  ( -21.44924440733135995, 30.77350269189625109, -45.00000000000000000 ) ) ;
#4682 = ORIENTED_EDGE ( 'NONE', *, *, #7766, .T. ) ;
#4683 = CARTESIAN_POINT ( 'NONE',  ( 3.656982390420440154, 6.808435081877809658, -13.12028425112880115 ) ) ;
#4684 = ORIENTED_EDGE ( 'NONE', *, *, #3835, .T. ) ;
#4685 = ORIENTED_EDGE ( 'NONE', *, *, #1006, .F. ) ;
#4686 = LINE ( 'NONE', #9321, #6368 ) ;
#4687 = ADVANCED_FACE ( 'NONE', ( #8173 ), #8968, .F. ) ;
#4688 = DIRECTION ( 'NONE',  ( 0.000000000000000000, 0.4999999999999998335, 0.8660254037844387076 ) ) ;
#4689 = DIRECTION ( 'NONE',  ( 0.000000000000000000, -1.000000000000000000, -3.004629197474320528E-16 ) ) ;
#4690 = LINE ( 'NONE', #7718, #9417 ) ;
#4691 = CARTESIAN_POINT ( 'NONE',  ( -15.72462220366567465, 18.88772481033655382, 40.59999999999996589 ) ) ;
#4692 = ORIENTED_EDGE ( 'NONE', *, *, #2803, .F. ) ;
#4693 = ORIENTED_EDGE ( 'NONE', *, *, #5270, .F. ) ;
#4694 = ORIENTED_EDGE ( 'NONE', *, *, #2364, .T. ) ;
#4695 = EDGE_CURVE ( 'NONE', #3053, #9096, #1433, .T. ) ;
#4696 = EDGE_CURVE ( 'NONE', #6771, #9425, #5983, .T. ) ;
#4697 = CARTESIAN_POINT ( 'NONE',  ( -45.00000000000000711, 39.77252922750778907, -10.72462220366566577 ) ) ;
#4698 = VECTOR ( 'NONE', #6009, 1000.000000000000114 ) ;
#4699 = CARTESIAN_POINT ( 'NONE',  ( -5.724622203665678200, 31.11227518966344974, -40.59999999999999432 ) ) ;
#4700 = LINE ( 'NONE', #3177, #7931 ) ;
#4701 = DIRECTION ( 'NONE',  ( 0.000000000000000000, -0.4999999999999998335, -0.8660254037844387076 ) ) ;
#4702 = CARTESIAN_POINT ( 'NONE',  ( 45.00000000000000711, 31.11227518966340355, 37.17386661099703815 ) ) ;
#4703 = CARTESIAN_POINT ( 'NONE',  ( 40.59999999999997300, 28.22552384371527623, 32.17386661099703105 ) ) ;
#4704 = ORIENTED_EDGE ( 'NONE', *, *, #7507, .T. ) ;
#4705 = ORIENTED_EDGE ( 'NONE', *, *, #2495, .F. ) ;
#4706 = ORIENTED_EDGE ( 'NONE', *, *, #6711, .T. ) ;
#4707 = VECTOR ( 'NONE', #7072, 1000.000000000000000 ) ;
#4708 = ORIENTED_EDGE ( 'NONE', *, *, #4833, .F. ) ;
#4709 = VECTOR ( 'NONE', #604, 999.9999999999998863 ) ;
#4710 = LINE ( 'NONE', #1770, #1518 ) ;
#4711 = FACE_BOUND ( 'NONE', #687, .T. ) ;
#4712 = CARTESIAN_POINT ( 'NONE',  ( -45.00000000000000711, 31.11227518966341066, -37.17386661099701683 ) ) ;
#4713 = FACE_OUTER_BOUND ( 'NONE', #2444, .T. ) ;
#4714 = VECTOR ( 'NONE', #5436, 1000.000000000000114 ) ;
#4715 = CARTESIAN_POINT ( 'NONE',  ( -40.60000000000000142, 4.999999999999992006, -4.999999999999990230 ) ) ;
#4716 = CARTESIAN_POINT ( 'NONE',  ( -37.17386661099703105, 13.11422211844029739, -45.00000000000000000 ) ) ;
#4717 = VECTOR ( 'NONE', #5989, 1000.000000000000000 ) ;
#4718 = ORIENTED_EDGE ( 'NONE', *, *, #2819, .T. ) ;
#4719 = PLANE ( 'NONE',  #804 ) ;
#4720 = EDGE_LOOP ( 'NONE', ( #5754, #1174, #1363, #3521, #7121, #3050 ) ) ;
#4721 = VERTEX_POINT ( 'NONE', #2147 ) ;
#4722 = FACE_OUTER_BOUND ( 'NONE', #6862, .T. ) ;
#4723 = VECTOR ( 'NONE', #5086, 1000.000000000000000 ) ;
#4724 = FACE_BOUND ( 'NONE', #6652, .T. ) ;
#4725 = AXIS2_PLACEMENT_3D ( 'NONE', #3482, #4641, #4455 ) ;
#4726 = VECTOR ( 'NONE', #1957, 1000.000000000000000 ) ;
#4727 = AXIS2_PLACEMENT_3D ( 'NONE', #3223, #4855, #4097 ) ;
#4728 = PLANE ( 'NONE',  #2766 ) ;
#4729 = LINE ( 'NONE', #1785, #1178 ) ;
#4730 = LINE ( 'NONE', #1537, #8000 ) ;
#4731 = PLANE ( 'NONE',  #7325 ) ;
#4732 = EDGE_CURVE ( 'NONE', #6877, #9192, #4529, .T. ) ;
#4733 = EDGE_LOOP ( 'NONE', ( #8122, #3689, #6597, #1386 ) ) ;
#4734 = CARTESIAN_POINT ( 'NONE',  ( -16.00885862052732023, 0.000000000000000000, -3.083024471509467457 ) ) ;
#4735 = VECTOR ( 'NONE', #3233, 1000.000000000000000 ) ;
#4736 = EDGE_CURVE ( 'NONE', #3171, #3423, #9821, .T. ) ;
#4737 = ORIENTED_EDGE ( 'NONE', *, *, #4246, .T. ) ;
#4738 = CARTESIAN_POINT ( 'NONE',  ( -45.00000000000000711, 36.88577788155966175, 15.72462220366568530 ) ) ;
#4739 = AXIS2_PLACEMENT_3D ( 'NONE', #3418, #2662, #4296 ) ;
#4740 = ADVANCED_FACE ( 'NONE', ( #6664 ), #1345, .F. ) ;
#4741 = ORIENTED_EDGE ( 'NONE', *, *, #5921, .F. ) ;
#4742 = EDGE_LOOP ( 'NONE', ( #7521, #1449, #5060, #861, #8582, #431 ) ) ;
#4743 = CARTESIAN_POINT ( 'NONE',  ( -26.44924440733135285, 27.88675134594812377, -45.00000000000000000 ) ) ;
#4744 = EDGE_CURVE ( 'NONE', #8827, #801, #5942, .T. ) ;
#4745 = VECTOR ( 'NONE', #7581, 1000.000000000000000 ) ;
#4746 = LINE ( 'NONE', #2354, #1313 ) ;
#4747 = CIRCLE ( 'NONE', #7487, 2.000000000000001776 ) ;
#4748 = DIRECTION ( 'NONE',  ( 0.000000000000000000, 1.000000000000000000, 0.000000000000000000 ) ) ;
#4749 = PLANE ( 'NONE',  #4305 ) ;
#4750 = CARTESIAN_POINT ( 'NONE',  ( 42.99999999999995026, 45.00000000000000000, -45.00000000000000000 ) ) ;
#4751 = ADVANCED_FACE ( 'NONE', ( #5110 ), #8218, .F. ) ;
#4752 = VERTEX_POINT ( 'NONE', #8262 ) ;
#4753 = AXIS2_PLACEMENT_3D ( 'NONE', #2402, #773, #5501 ) ;
#4754 = VERTEX_POINT ( 'NONE', #1296 ) ;
#4755 = ORIENTED_EDGE ( 'NONE', *, *, #6026, .T. ) ;
#4756 = VECTOR ( 'NONE', #215, 1000.000000000000000 ) ;
#4757 = EDGE_CURVE ( 'NONE', #5464, #7738, #2092, .T. ) ;
#4758 = EDGE_CURVE ( 'NONE', #1032, #4202, #2855, .T. ) ;
#4759 = AXIS2_PLACEMENT_3D ( 'NONE', #9678, #3421, #9584 ) ;
#4760 = EDGE_CURVE ( 'NONE', #9632, #9235, #4440, .T. ) ;
#4761 = DIRECTION ( 'NONE',  ( -0.8660254037844387076, -0.4999999999999998890, 0.000000000000000000 ) ) ;
#4762 = VECTOR ( 'NONE', #2271, 1000.000000000000000 ) ;
#4763 = PLANE ( 'NONE',  #4071 ) ;
#4764 = DIRECTION ( 'NONE',  ( 0.000000000000000000, 0.5000000000000005551, -0.8660254037844382635 ) ) ;
#4765 = DIRECTION ( 'NONE',  ( 0.000000000000000000, 0.000000000000000000, -1.000000000000000000 ) ) ;
#4766 = ORIENTED_EDGE ( 'NONE', *, *, #4579, .F. ) ;
#4767 = ORIENTED_EDGE ( 'NONE', *, *, #5680, .T. ) ;
#4768 = EDGE_CURVE ( 'NONE', #1484, #1115, #1391, .T. ) ;
#4769 = ORIENTED_EDGE ( 'NONE', *, *, #2405, .T. ) ;
#4770 = VECTOR ( 'NONE', #5155, 999.9999999999998863 ) ;
#4771 = VERTEX_POINT ( 'NONE', #2952 ) ;
#4772 = FACE_OUTER_BOUND ( 'NONE', #7184, .T. ) ;
#4773 = CARTESIAN_POINT ( 'NONE',  ( -45.00000000000000711, 21.77447615628465272, -32.17386661099701683 ) ) ;
#4774 = CARTESIAN_POINT ( 'NONE',  ( 45.00000000000000711, 30.77350269189622267, 21.44924440733136350 ) ) ;
#4775 = LINE ( 'NONE', #856, #1061 ) ;
#4776 = AXIS2_PLACEMENT_3D ( 'NONE', #1477, #3771, #803 ) ;
#4777 = DIRECTION ( 'NONE',  ( 0.000000000000000000, -1.000000000000000000, -1.502314598737162976E-16 ) ) ;
#4778 = CARTESIAN_POINT ( 'NONE',  ( 5.317910530818777737, 4.999999999999997335, -12.40845790524380199 ) ) ;
#4779 = ADVANCED_FACE ( 'NONE', ( #7513 ), #6758, .F. ) ;
#4780 = ORIENTED_EDGE ( 'NONE', *, *, #5791, .F. ) ;
#4781 = ADVANCED_FACE ( 'NONE', ( #569 ), #3670, .F. ) ;
#4782 = CARTESIAN_POINT ( 'NONE',  ( 40.59999999999997300, 28.22552384371527623, -10.72462220366567998 ) ) ;
#4783 = ORIENTED_EDGE ( 'NONE', *, *, #3383, .F. ) ;
#4784 = ORIENTED_EDGE ( 'NONE', *, *, #3592, .F. ) ;
#4785 = PLANE ( 'NONE',  #3123 ) ;
#4786 = VECTOR ( 'NONE', #8550, 1000.000000000000000 ) ;
#4787 = DIRECTION ( 'NONE',  ( 6.009258394948641055E-16, -1.000000000000000000, 0.000000000000000000 ) ) ;
#4788 = CARTESIAN_POINT ( 'NONE',  ( 40.59999999999999432, 4.999999999999997335, 40.59999999999999432 ) ) ;
#4789 = DIRECTION ( 'NONE',  ( 0.8660254037844383745, 0.5000000000000003331, 0.000000000000000000 ) ) ;
#4790 = DIRECTION ( 'NONE',  ( 0.000000000000000000, -1.000000000000000000, -3.004629197474320528E-16 ) ) ;
#4791 = PLANE ( 'NONE',  #3440 ) ;
#4792 = ORIENTED_EDGE ( 'NONE', *, *, #8732, .T. ) ;
#4793 = DIRECTION ( 'NONE',  ( 0.000000000000000000, -0.4999999999999998335, -0.8660254037844387076 ) ) ;
#4794 = VECTOR ( 'NONE', #5308, 1000.000000000000000 ) ;
#4795 = VERTEX_POINT ( 'NONE', #9258 ) ;
#4796 = DIRECTION ( 'NONE',  ( 0.000000000000000000, 1.000000000000000000, 3.004629197474320528E-16 ) ) ;
#4797 = ORIENTED_EDGE ( 'NONE', *, *, #8039, .T. ) ;
#4798 = VERTEX_POINT ( 'NONE', #4581 ) ;
#4799 = CARTESIAN_POINT ( 'NONE',  ( 40.59999999999999432, 42.53798395226702667, -18.92743486032274802 ) ) ;
#4800 = LINE ( 'NONE', #4952, #8780 ) ;
#4801 = EDGE_CURVE ( 'NONE', #7918, #4, #7748, .T. ) ;
#4802 = CIRCLE ( 'NONE', #7688, 2.000000000000001776 ) ;
#4803 = CARTESIAN_POINT ( 'NONE',  ( -40.60000000000000142, 44.01581498027237416, -18.07420871848706412 ) ) ;
#4804 = DIRECTION ( 'NONE',  ( 1.000000000000000000, -0.000000000000000000, -7.709882115452476934E-17 ) ) ;
#4805 = CARTESIAN_POINT ( 'NONE',  ( -27.17386661099703460, 36.88577788155969728, -40.59999999999999432 ) ) ;
#4806 = ORIENTED_EDGE ( 'NONE', *, *, #6412, .F. ) ;
#4807 = ORIENTED_EDGE ( 'NONE', *, *, #1590, .F. ) ;
#4808 = VERTEX_POINT ( 'NONE', #5487 ) ;
#4809 = EDGE_CURVE ( 'NONE', #5062, #3346, #6133, .T. ) ;
#4810 = EDGE_CURVE ( 'NONE', #8859, #2289, #8403, .T. ) ;
#4811 = CARTESIAN_POINT ( 'NONE',  ( -10.72462220366567820, 21.77447615628468114, 40.59999999999999432 ) ) ;
#4812 = DIRECTION ( 'NONE',  ( 0.000000000000000000, 0.5000000000000006661, -0.8660254037844383745 ) ) ;
#4813 = PLANE ( 'NONE',  #4262 ) ;
#4814 = LINE ( 'NONE', #130, #7843 ) ;
#4815 = EDGE_CURVE ( 'NONE', #3562, #6003, #4730, .T. ) ;
#4816 = EDGE_CURVE ( 'NONE', #2798, #7945, #9967, .T. ) ;
#4817 = ORIENTED_EDGE ( 'NONE', *, *, #7453, .F. ) ;
#4818 = VERTEX_POINT ( 'NONE', #1636 ) ;
#4819 = VERTEX_POINT ( 'NONE', #8455 ) ;
#4820 = VERTEX_POINT ( 'NONE', #8608 ) ;
#4821 = LINE ( 'NONE', #4920, #2970 ) ;
#4822 = DIRECTION ( 'NONE',  ( 0.8660254037844387076, -0.4999999999999998890, 0.000000000000000000 ) ) ;
#4823 = FACE_BOUND ( 'NONE', #437, .T. ) ;
#4824 = CARTESIAN_POINT ( 'NONE',  ( -8.131727983645307134, 4.999999999999997335, -8.131727983645301805 ) ) ;
#4825 = DIRECTION ( 'NONE',  ( 0.000000000000000000, 0.000000000000000000, 1.000000000000000000 ) ) ;
#4826 = CARTESIAN_POINT ( 'NONE',  ( 10.72462220366567820, 10.22747077249218073, 45.00000000000000000 ) ) ;
#4827 = EDGE_LOOP ( 'NONE', ( #994, #9700, #8800, #6347 ) ) ;
#4828 = FACE_OUTER_BOUND ( 'NONE', #5254, .T. ) ;
#4829 = ORIENTED_EDGE ( 'NONE', *, *, #5201, .T. ) ;
#4830 = ORIENTED_EDGE ( 'NONE', *, *, #2920, .F. ) ;
#4831 = CARTESIAN_POINT ( 'NONE',  ( -5.724622203665678200, 18.88772481033655382, 45.00000000000000000 ) ) ;
#4832 = PLANE ( 'NONE',  #7357 ) ;
#4833 = EDGE_CURVE ( 'NONE', #1983, #1290, #9311, .T. ) ;
#4834 = EDGE_CURVE ( 'NONE', #801, #6877, #2436, .T. ) ;
#4835 = LINE ( 'NONE', #7898, #4397 ) ;
#4836 = PLANE ( 'NONE',  #1989 ) ;
#4837 = DIRECTION ( 'NONE',  ( 6.009258394948641055E-16, -1.000000000000000000, 0.000000000000000000 ) ) ;
#4838 = CARTESIAN_POINT ( 'NONE',  ( 26.44924440733135285, 22.11324865405187978, 45.00000000000000000 ) ) ;
#4839 = ORIENTED_EDGE ( 'NONE', *, *, #3152, .T. ) ;
#4840 = LINE ( 'NONE', #1541, #9394 ) ;
#4841 = ORIENTED_EDGE ( 'NONE', *, *, #9973, .T. ) ;
#4842 = CARTESIAN_POINT ( 'NONE',  ( 40.59999999999999432, 39.80507045122016763, -20.50528320582410302 ) ) ;
#4843 = CARTESIAN_POINT ( 'NONE',  ( -45.00000000000000711, 21.77447615628465272, -10.72462220366566577 ) ) ;
#4844 = ORIENTED_EDGE ( 'NONE', *, *, #4758, .T. ) ;
#4845 = ORIENTED_EDGE ( 'NONE', *, *, #8633, .F. ) ;
#4846 = DIRECTION ( 'NONE',  ( -1.000000000000000000, -6.009258394948641055E-16, 0.000000000000000000 ) ) ;
#4847 = FACE_OUTER_BOUND ( 'NONE', #9469, .T. ) ;
#4848 = CARTESIAN_POINT ( 'NONE',  ( -5.724622203665678200, 36.88577788155969728, -45.00000000000000000 ) ) ;
#4849 = LINE ( 'NONE', #373, #1821 ) ;
#4850 = CARTESIAN_POINT ( 'NONE',  ( -43.18810238334575047, 9.482724823144929260, 40.59999999999999432 ) ) ;
#4851 = VERTEX_POINT ( 'NONE', #8504 ) ;
#4852 = VERTEX_POINT ( 'NONE', #2389 ) ;
#4853 = ORIENTED_EDGE ( 'NONE', *, *, #7976, .T. ) ;
#4854 = CARTESIAN_POINT ( 'NONE',  ( -37.17386661099703105, 31.11227518966343553, 45.00000000000000000 ) ) ;
#4855 = DIRECTION ( 'NONE',  ( 1.000000000000000000, 0.000000000000000000, -0.000000000000000000 ) ) ;
#4856 = LINE ( 'NONE', #3434, #2953 ) ;
#4857 = CARTESIAN_POINT ( 'NONE',  ( 37.17386661099703105, 31.11227518966344974, -45.00000000000000000 ) ) ;
#4858 = EDGE_LOOP ( 'NONE', ( #8540, #5478, #4133, #1766 ) ) ;
#4859 = ORIENTED_EDGE ( 'NONE', *, *, #6010, .T. ) ;
#4860 = EDGE_CURVE ( 'NONE', #6355, #3942, #5335, .T. ) ;
#4861 = ORIENTED_EDGE ( 'NONE', *, *, #5500, .F. ) ;
#4862 = EDGE_CURVE ( 'NONE', #5393, #4403, #3977, .T. ) ;
#4863 = VERTEX_POINT ( 'NONE', #923 ) ;
#4864 = FACE_OUTER_BOUND ( 'NONE', #6902, .T. ) ;
#4865 = EDGE_CURVE ( 'NONE', #3031, #7708, #4677, .T. ) ;
#4866 = CARTESIAN_POINT ( 'NONE',  ( 40.59999999999999432, 41.91044271574628510, -19.28974596215557469 ) ) ;
#4867 = PLANE ( 'NONE',  #3774 ) ;
#4868 = CARTESIAN_POINT ( 'NONE',  ( 45.00000000000000711, 36.88577788155965465, -37.17386661099702394 ) ) ;
#4869 = CARTESIAN_POINT ( 'NONE',  ( -16.44924440733135640, 4.999999999999997335, 40.59999999999999432 ) ) ;
#4870 = ORIENTED_EDGE ( 'NONE', *, *, #3022, .F. ) ;
#4871 = VECTOR ( 'NONE', #1384, 1000.000000000000000 ) ;
#4872 = ORIENTED_EDGE ( 'NONE', *, *, #3222, .F. ) ;
#4873 = LINE ( 'NONE', #7195, #6818 ) ;
#4874 = ORIENTED_EDGE ( 'NONE', *, *, #2987, .F. ) ;
#4875 = ADVANCED_FACE ( 'NONE', ( #3920 ), #4026, .F. ) ;
#4876 = ADVANCED_FACE ( 'NONE', ( #153 ), #7062, .F. ) ;
#4877 = EDGE_LOOP ( 'NONE', ( #2749, #7873, #5279, #315 ) ) ;
#4878 = CARTESIAN_POINT ( 'NONE',  ( -40.60000000000000142, 13.11422211844027252, 5.724622203665681752 ) ) ;
#4879 = DIRECTION ( 'NONE',  ( 0.000000000000000000, -1.000000000000000000, -3.004629197474320528E-16 ) ) ;
#4880 = AXIS2_PLACEMENT_3D ( 'NONE', #8652, #9249, #2537 ) ;
#4881 = VECTOR ( 'NONE', #4553, 1000.000000000000114 ) ;
#4882 = DIRECTION ( 'NONE',  ( 0.8660254037844383745, 0.5000000000000003331, 0.000000000000000000 ) ) ;
#4883 = PLANE ( 'NONE',  #8750 ) ;
#4884 = FACE_OUTER_BOUND ( 'NONE', #5199, .T. ) ;
#4885 = LINE ( 'NONE', #355, #8278 ) ;
#4886 = VERTEX_POINT ( 'NONE', #7858 ) ;
#4887 = LINE ( 'NONE', #92, #9220 ) ;
#4888 = VERTEX_POINT ( 'NONE', #709 ) ;
#4889 = CARTESIAN_POINT ( 'NONE',  ( -15.72462220366567465, 13.11422211844029739, 40.59999999999996589 ) ) ;
#4890 = ORIENTED_EDGE ( 'NONE', *, *, #7588, .F. ) ;
#4891 = VECTOR ( 'NONE', #5137, 1000.000000000000114 ) ;
#4892 = VERTEX_POINT ( 'NONE', #3822 ) ;
#4893 = EDGE_CURVE ( 'NONE', #3077, #7212, #5386, .T. ) ;
#4894 = VECTOR ( 'NONE', #8023, 1000.000000000000000 ) ;
#4895 = DIRECTION ( 'NONE',  ( 0.8660254037844383745, 0.5000000000000003331, 0.000000000000000000 ) ) ;
#4896 = DIRECTION ( 'NONE',  ( 0.9191450300180579180, -0.000000000000000000, 0.3939192985791676871 ) ) ;
#4897 = FACE_OUTER_BOUND ( 'NONE', #3651, .T. ) ;
#4898 = VECTOR ( 'NONE', #3138, 1000.000000000000000 ) ;
#4899 = CARTESIAN_POINT ( 'NONE',  ( -48.18810238334575757, 18.14297886098933077, 40.59999999999999432 ) ) ;
#4900 = AXIS2_PLACEMENT_3D ( 'NONE', #8057, #1082, #3471 ) ;
#4901 = AXIS2_PLACEMENT_3D ( 'NONE', #4041, #2510, #1753 ) ;
#4902 = CARTESIAN_POINT ( 'NONE',  ( 21.44924440733135640, 30.77350269189625820, -45.00000000000000000 ) ) ;
#4903 = ORIENTED_EDGE ( 'NONE', *, *, #2670, .T. ) ;
#4904 = CARTESIAN_POINT ( 'NONE',  ( -40.60000000000000142, -4.015814980272435442, -35.39471679417584937 ) ) ;
#4905 = ORIENTED_EDGE ( 'NONE', *, *, #834, .T. ) ;
#4906 = ORIENTED_EDGE ( 'NONE', *, *, #9960, .F. ) ;
#4907 = VERTEX_POINT ( 'NONE', #760 ) ;
#4908 = VECTOR ( 'NONE', #483, 1000.000000000000114 ) ;
#4909 = VECTOR ( 'NONE', #7991, 1000.000000000000114 ) ;
#4910 = VECTOR ( 'NONE', #4073, 1000.000000000000000 ) ;
#4911 = CARTESIAN_POINT ( 'NONE',  ( -37.46348017968008293, -0.4326116877409148520, 40.59999999999999432 ) ) ;
#4912 = LINE ( 'NONE', #4252, #4407 ) ;
#4913 = CARTESIAN_POINT ( 'NONE',  ( 4.999999999999999112, 27.88675134594812377, -45.00000000000000000 ) ) ;
#4914 = FACE_OUTER_BOUND ( 'NONE', #2345, .T. ) ;
#4915 = VECTOR ( 'NONE', #1646, 1000.000000000000000 ) ;
#4916 = EDGE_LOOP ( 'NONE', ( #1133, #3554, #2051, #9248 ) ) ;
#4917 = VERTEX_POINT ( 'NONE', #10016 ) ;
#4918 = AXIS2_PLACEMENT_3D ( 'NONE', #2576, #5584, #4926 ) ;
#4919 = ORIENTED_EDGE ( 'NONE', *, *, #2563, .T. ) ;
#4920 = CARTESIAN_POINT ( 'NONE',  ( -45.00000000000000711, 13.11422211844027252, 5.724622203665681752 ) ) ;
#4921 = VECTOR ( 'NONE', #6379, 1000.000000000000000 ) ;
#4922 = DIRECTION ( 'NONE',  ( -7.709882115452476934E-17, 1.502314598737162976E-16, -1.000000000000000000 ) ) ;
#4923 = EDGE_CURVE ( 'NONE', #5166, #5242, #3097, .T. ) ;
#4924 = CARTESIAN_POINT ( 'NONE',  ( 32.17386661099703105, 39.77252922750782460, -40.59999999999999432 ) ) ;
#4925 = ADVANCED_FACE ( 'NONE', ( #1078 ), #4281, .F. ) ;
#4926 = DIRECTION ( 'NONE',  ( 0.000000000000000000, 0.000000000000000000, -1.000000000000000000 ) ) ;
#4927 = FACE_OUTER_BOUND ( 'NONE', #4389, .T. ) ;
#4928 = VECTOR ( 'NONE', #5195, 1000.000000000000114 ) ;
#4929 = VERTEX_POINT ( 'NONE', #2588 ) ;
#4930 = EDGE_LOOP ( 'NONE', ( #8828, #7088, #7853, #2769 ) ) ;
#4931 = CARTESIAN_POINT ( 'NONE',  ( -15.16033048310346487, 1.999999999999989564, -1.103125484187135630 ) ) ;
#4932 = ORIENTED_EDGE ( 'NONE', *, *, #3266, .T. ) ;
#4933 = VERTEX_POINT ( 'NONE', #1021 ) ;
#4934 = DIRECTION ( 'NONE',  ( -0.7071067811865472397, 0.000000000000000000, 0.7071067811865479058 ) ) ;
#4935 = CARTESIAN_POINT ( 'NONE',  ( -45.00000000000000711, 27.88675134594811311, 5.000000000000011546 ) ) ;
#4936 = ADVANCED_FACE ( 'NONE', ( #5789 ), #6494, .F. ) ;
#4937 = VECTOR ( 'NONE', #5941, 1000.000000000000000 ) ;
#4938 = CARTESIAN_POINT ( 'NONE',  ( -45.00000000000000711, 22.11324865405183715, 26.44924440733135995 ) ) ;
#4939 = LINE ( 'NONE', #3400, #4257 ) ;
#4940 = CARTESIAN_POINT ( 'NONE',  ( 40.59999999999999432, 0.1949295487798019255, -37.82579128151289893 ) ) ;
#4941 = LINE ( 'NONE', #296, #4414 ) ;
#4942 = LINE ( 'NONE', #4333, #2519 ) ;
#4943 = VERTEX_POINT ( 'NONE', #2646 ) ;
#4944 = PLANE ( 'NONE',  #4900 ) ;
#4945 = EDGE_LOOP ( 'NONE', ( #2719, #7532, #3411, #8243 ) ) ;
#4946 = CARTESIAN_POINT ( 'NONE',  ( -15.72462220366566754, 5.000000000000012434, -40.59999999999999432 ) ) ;
#4947 = LINE ( 'NONE', #4182, #172 ) ;
#4948 = VECTOR ( 'NONE', #3359, 1000.000000000000000 ) ;
#4949 = ORIENTED_EDGE ( 'NONE', *, *, #3782, .T. ) ;
#4950 = VERTEX_POINT ( 'NONE', #5743 ) ;
#4951 = DIRECTION ( 'NONE',  ( 0.000000000000000000, 1.000000000000000000, 0.000000000000000000 ) ) ;
#4952 = CARTESIAN_POINT ( 'NONE',  ( -45.00000000000000711, 28.22552384371527623, 10.72462220366568353 ) ) ;
#4953 = EDGE_CURVE ( 'NONE', #8484, #3615, #295, .T. ) ;
#4954 = LINE ( 'NONE', #6409, #8248 ) ;
#4955 = DIRECTION ( 'NONE',  ( 0.8660254037844388186, -0.4999999999999997224, 0.000000000000000000 ) ) ;
#4956 = VECTOR ( 'NONE', #3308, 1000.000000000000114 ) ;
#4957 = CARTESIAN_POINT ( 'NONE',  ( 21.67670798600080317, 1.999999999999988010, -5.413252018710219993 ) ) ;
#4958 = FACE_OUTER_BOUND ( 'NONE', #4297, .T. ) ;
#4959 = CARTESIAN_POINT ( 'NONE',  ( 40.59999999999997300, 13.11422211844027252, -37.17386661099703105 ) ) ;
#4960 = ORIENTED_EDGE ( 'NONE', *, *, #5245, .T. ) ;
#4961 = CARTESIAN_POINT ( 'NONE',  ( 45.00000000000001421, 45.00000000000000000, 42.99999999999995737 ) ) ;
#4962 = ORIENTED_EDGE ( 'NONE', *, *, #737, .T. ) ;
#4963 = ORIENTED_EDGE ( 'NONE', *, *, #9135, .T. ) ;
#4964 = VERTEX_POINT ( 'NONE', #8755 ) ;
#4965 = AXIS2_PLACEMENT_3D ( 'NONE', #2421, #94, #8537 ) ;
#4966 = EDGE_CURVE ( 'NONE', #6366, #1247, #1843, .T. ) ;
#4967 = CARTESIAN_POINT ( 'NONE',  ( 45.00000000000000711, 36.88577788155965465, -15.72462220366567820 ) ) ;
#4968 = EDGE_CURVE ( 'NONE', #7957, #1209, #4174, .T. ) ;
#4969 = PLANE ( 'NONE',  #2130 ) ;
#4970 = FACE_BOUND ( 'NONE', #1531, .T. ) ;
#4971 = CARTESIAN_POINT ( 'NONE',  ( 26.44924440733135285, 22.11324865405187978, -45.00000000000000000 ) ) ;
#4972 = EDGE_LOOP ( 'NONE', ( #5163, #1055, #504, #1897 ) ) ;
#4973 = CARTESIAN_POINT ( 'NONE',  ( -28.43651982031993342, 26.06776566806291129, 40.59999999999999432 ) ) ;
#4974 = ORIENTED_EDGE ( 'NONE', *, *, #972, .F. ) ;
#4975 = ORIENTED_EDGE ( 'NONE', *, *, #5184, .T. ) ;
#4976 = DIRECTION ( 'NONE',  ( -3.854941057726239700E-17, 0.8660254037844385966, -0.5000000000000003331 ) ) ;
#4977 =( NAMED_UNIT ( * ) PLANE_ANGLE_UNIT ( ) SI_UNIT ( $, .RADIAN. ) );
#4978 = DIRECTION ( 'NONE',  ( 0.000000000000000000, 1.000000000000000000, 1.502314598737162976E-16 ) ) ;
#4979 = DIRECTION ( 'NONE',  ( -0.000000000000000000, -0.000000000000000000, -1.000000000000000000 ) ) ;
#4980 = CYLINDRICAL_SURFACE ( 'NONE', #9703, 2.000000000000001776 ) ;
#4981 = ORIENTED_EDGE ( 'NONE', *, *, #9045, .F. ) ;
#4982 = ORIENTED_EDGE ( 'NONE', *, *, #5763, .F. ) ;
#4983 = EDGE_CURVE ( 'NONE', #8181, #5165, #7154, .T. ) ;
#4984 = ORIENTED_EDGE ( 'NONE', *, *, #3472, .T. ) ;
#4985 = VERTEX_POINT ( 'NONE', #1183 ) ;
#4986 = DIRECTION ( 'NONE',  ( 0.000000000000000000, 1.000000000000000000, 0.000000000000000000 ) ) ;
#4987 = CARTESIAN_POINT ( 'NONE',  ( 42.99999999999997868, 45.00000000000000000, -43.00000000000000000 ) ) ;
#4988 = PLANE ( 'NONE',  #984 ) ;
#4989 = DIRECTION ( 'NONE',  ( 0.000000000000000000, -0.4999999999999998335, -0.8660254037844387076 ) ) ;
#4990 = CARTESIAN_POINT ( 'NONE',  ( 40.59999999999997300, 36.88577788155965465, -15.72462220366567820 ) ) ;
#4991 = CARTESIAN_POINT ( 'NONE',  ( 45.00000000000000711, 13.11422211844027963, 27.17386661099703460 ) ) ;
#4992 = ORIENTED_EDGE ( 'NONE', *, *, #4834, .T. ) ;
#4993 = CARTESIAN_POINT ( 'NONE',  ( -45.00000000000000711, 22.11324865405184426, -26.44924440733135285 ) ) ;
#4994 = VERTEX_POINT ( 'NONE', #354 ) ;
#4995 = PLANE ( 'NONE',  #9441 ) ;
#4996 = DIRECTION ( 'NONE',  ( 0.5000000000000004441, -0.8660254037844384856, 0.000000000000000000 ) ) ;
#4997 = EDGE_CURVE ( 'NONE', #5766, #2687, #3466, .T. ) ;
#4998 = VERTEX_POINT ( 'NONE', #9613 ) ;
#4999 = ORIENTED_EDGE ( 'NONE', *, *, #1982, .F. ) ;
#5000 = CARTESIAN_POINT ( 'NONE',  ( -45.00000000000000711, 13.11422211844027252, 5.724622203665681752 ) ) ;
#5001 = EDGE_CURVE ( 'NONE', #1247, #574, #6396, .T. ) ;
#5002 = CARTESIAN_POINT ( 'NONE',  ( 45.00000000000000711, 36.88577788155966175, -27.17386661099702039 ) ) ;
#5003 = ADVANCED_FACE ( 'NONE', ( #4884 ), #9420, .F. ) ;
#5004 = PLANE ( 'NONE',  #976 ) ;
#5005 = LINE ( 'NONE', #1206, #3927 ) ;
#5006 = ORIENTED_EDGE ( 'NONE', *, *, #3175, .F. ) ;
#5007 = LINE ( 'NONE', #8870, #854 ) ;
#5008 = EDGE_LOOP ( 'NONE', ( #6405, #9995, #2178, #2814, #3779, #2526 ) ) ;
#5009 = ORIENTED_EDGE ( 'NONE', *, *, #5446, .F. ) ;
#5010 = VERTEX_POINT ( 'NONE', #5638 ) ;
#5011 = EDGE_CURVE ( 'NONE', #4585, #2470, #8704, .T. ) ;
#5012 = DIRECTION ( 'NONE',  ( -0.4999999999999998890, 0.8660254037844387076, 0.000000000000000000 ) ) ;
#5013 = CARTESIAN_POINT ( 'NONE',  ( 37.17386661099703105, 36.88577788155969728, -45.00000000000000000 ) ) ;
#5014 = DIRECTION ( 'NONE',  ( -0.4999999999999997780, -0.8660254037844388186, 0.000000000000000000 ) ) ;
#5015 = ORIENTED_EDGE ( 'NONE', *, *, #4431, .F. ) ;
#5016 = ORIENTED_EDGE ( 'NONE', *, *, #5728, .F. ) ;
#5017 = ADVANCED_FACE ( 'NONE', ( #1423 ), #4518, .F. ) ;
#5018 = EDGE_CURVE ( 'NONE', #8069, #617, #7547, .T. ) ;
#5019 = FACE_OUTER_BOUND ( 'NONE', #1768, .T. ) ;
#5020 = CARTESIAN_POINT ( 'NONE',  ( -26.44924440733135285, 27.88675134594812377, -40.59999999999999432 ) ) ;
#5021 = DIRECTION ( 'NONE',  ( -7.709882115452476934E-17, 1.502314598737162976E-16, -1.000000000000000000 ) ) ;
#5022 = CARTESIAN_POINT ( 'NONE',  ( 37.17386661099703105, 31.11227518966344974, -45.00000000000000000 ) ) ;
#5023 = LINE ( 'NONE', #8994, #5714 ) ;
#5024 = DIRECTION ( 'NONE',  ( -0.4999999999999997780, -0.8660254037844388186, 0.000000000000000000 ) ) ;
#5025 = ORIENTED_EDGE ( 'NONE', *, *, #5346, .T. ) ;
#5026 = ORIENTED_EDGE ( 'NONE', *, *, #4486, .T. ) ;
#5027 = ORIENTED_EDGE ( 'NONE', *, *, #8633, .T. ) ;
#5028 = VERTEX_POINT ( 'NONE', #8901 ) ;
#5029 = DIRECTION ( 'NONE',  ( -1.000000000000000000, -6.009258394948641055E-16, 0.000000000000000000 ) ) ;
#5030 = CARTESIAN_POINT ( 'NONE',  ( 4.999999999999999112, 27.88675134594812377, -45.00000000000000000 ) ) ;
#5031 = DIRECTION ( 'NONE',  ( 0.000000000000000000, -1.000000000000000000, 0.000000000000000000 ) ) ;
#5032 = EDGE_CURVE ( 'NONE', #4964, #646, #2132, .T. ) ;
#5033 = LINE ( 'NONE', #5830, #1818 ) ;
#5034 = VECTOR ( 'NONE', #7720, 1000.000000000000000 ) ;
#5035 = PLANE ( 'NONE',  #5078 ) ;
#5036 = CARTESIAN_POINT ( 'NONE',  ( -45.00000000000000711, 21.77447615628465272, 10.72462220366569063 ) ) ;
#5037 = ORIENTED_EDGE ( 'NONE', *, *, #6610, .F. ) ;
#5038 = DIRECTION ( 'NONE',  ( 0.000000000000000000, 0.5000000000000002220, 0.8660254037844384856 ) ) ;
#5039 = EDGE_CURVE ( 'NONE', #8995, #6271, #5971, .T. ) ;
#5040 = VERTEX_POINT ( 'NONE', #8206 ) ;
#5041 = FACE_OUTER_BOUND ( 'NONE', #5100, .T. ) ;
#5042 = PLANE ( 'NONE',  #5048 ) ;
#5043 = ORIENTED_EDGE ( 'NONE', *, *, #5188, .T. ) ;
#5044 = ORIENTED_EDGE ( 'NONE', *, *, #3694, .T. ) ;
#5045 = CARTESIAN_POINT ( 'NONE',  ( -45.00000000000000711, 13.11422211844027252, 37.17386661099704526 ) ) ;
#5046 = VECTOR ( 'NONE', #9830, 1000.000000000000000 ) ;
#5047 = CARTESIAN_POINT ( 'NONE',  ( 40.59999999999999432, 4.999999999999997335, -40.59999999999999432 ) ) ;
#5048 = AXIS2_PLACEMENT_3D ( 'NONE', #8106, #5150, #5751 ) ;
#5049 = FACE_OUTER_BOUND ( 'NONE', #4625, .T. ) ;
#5050 = ADVANCED_FACE ( 'NONE', ( #5234 ), #6746, .F. ) ;
#5051 = CARTESIAN_POINT ( 'NONE',  ( 21.44924440733135640, 30.77350269189625820, -45.00000000000000000 ) ) ;
#5052 = PLANE ( 'NONE',  #12 ) ;
#5053 = DIRECTION ( 'NONE',  ( 0.8660254037844388186, -0.4999999999999997780, 0.000000000000000000 ) ) ;
#5054 = ORIENTED_EDGE ( 'NONE', *, *, #6973, .F. ) ;
#5055 = CARTESIAN_POINT ( 'NONE',  ( 32.17386661099703815, 21.77447615628469535, -45.00000000000000000 ) ) ;
#5056 = EDGE_CURVE ( 'NONE', #7564, #6899, #5145, .T. ) ;
#5057 = VECTOR ( 'NONE', #9988, 999.9999999999998863 ) ;
#5058 = ORIENTED_EDGE ( 'NONE', *, *, #4325, .T. ) ;
#5059 = VECTOR ( 'NONE', #7016, 1000.000000000000114 ) ;
#5060 = ORIENTED_EDGE ( 'NONE', *, *, #3934, .T. ) ;
#5061 = EDGE_LOOP ( 'NONE', ( #4984, #416, #1010, #3994 ) ) ;
#5062 = VERTEX_POINT ( 'NONE', #8955 ) ;
#5063 = ADVANCED_FACE ( 'NONE', ( #3609 ), #8350, .F. ) ;
#5064 = LINE ( 'NONE', #8129, #1651 ) ;
#5065 = VECTOR ( 'NONE', #6385, 1000.000000000000000 ) ;
#5066 = AXIS2_PLACEMENT_3D ( 'NONE', #4957, #3573, #5158 ) ;
#5067 = VECTOR ( 'NONE', #58, 999.9999999999998863 ) ;
#5068 = DIRECTION ( 'NONE',  ( -0.8660254037844387076, -0.4999999999999998890, 0.000000000000000000 ) ) ;
#5069 = AXIS2_PLACEMENT_3D ( 'NONE', #2867, #4399, #7616 ) ;
#5070 = EDGE_CURVE ( 'NONE', #4114, #8298, #6647, .T. ) ;
#5071 = LINE ( 'NONE', #8076, #1812 ) ;
#5072 = LINE ( 'NONE', #2105, #4908 ) ;
#5073 = EDGE_CURVE ( 'NONE', #1565, #6273, #8301, .T. ) ;
#5074 = EDGE_CURVE ( 'NONE', #1072, #3038, #7498, .T. ) ;
#5075 = EDGE_LOOP ( 'NONE', ( #5781, #1579, #813, #6598, #9502, #5525 ) ) ;
#5076 = ORIENTED_EDGE ( 'NONE', *, *, #6214, .T. ) ;
#5077 = VECTOR ( 'NONE', #3251, 1000.000000000000114 ) ;
#5078 = AXIS2_PLACEMENT_3D ( 'NONE', #4175, #8705, #6495 ) ;
#5079 = DIRECTION ( 'NONE',  ( 3.854941057726236618E-17, -0.8660254037844387076, 0.4999999999999998335 ) ) ;
#5080 = VECTOR ( 'NONE', #5175, 1000.000000000000114 ) ;
#5081 = VECTOR ( 'NONE', #8161, 1000.000000000000000 ) ;
#5082 = CARTESIAN_POINT ( 'NONE',  ( -45.00000000000000711, 27.88675134594808824, 16.44924440733135995 ) ) ;
#5083 = FACE_OUTER_BOUND ( 'NONE', #7407, .T. ) ;
#5084 = CARTESIAN_POINT ( 'NONE',  ( 40.59999999999999432, 49.09286572558531248, -15.14297210399124793 ) ) ;
#5085 = ADVANCED_FACE ( 'NONE', ( #5882 ), #7441, .F. ) ;
#5086 = DIRECTION ( 'NONE',  ( 0.000000000000000000, -0.5000000000000006661, 0.8660254037844382635 ) ) ;
#5087 = AXIS2_PLACEMENT_3D ( 'NONE', #6203, #3113, #3560 ) ;
#5088 = VERTEX_POINT ( 'NONE', #9000 ) ;
#5089 = ORIENTED_EDGE ( 'NONE', *, *, #5762, .T. ) ;
#5090 = VECTOR ( 'NONE', #7019, 1000.000000000000000 ) ;
#5091 = ORIENTED_EDGE ( 'NONE', *, *, #1772, .F. ) ;
#5092 = CARTESIAN_POINT ( 'NONE',  ( -45.00000000000000711, 27.88675134594809180, -16.44924440733134574 ) ) ;
#5093 = LINE ( 'NONE', #1123, #7472 ) ;
#5094 = DIRECTION ( 'NONE',  ( -0.000000000000000000, 1.000000000000000000, -0.000000000000000000 ) ) ;
#5095 = AXIS2_PLACEMENT_3D ( 'NONE', #5092, #405, #8204 ) ;
#5096 = EDGE_CURVE ( 'NONE', #2689, #4045, #9763, .T. ) ;
#5097 = CARTESIAN_POINT ( 'NONE',  ( 12.40845790524379488, 4.999999999999997335, -5.317910530818757309 ) ) ;
#5098 = EDGE_CURVE ( 'NONE', #4888, #1581, #5932, .T. ) ;
#5099 = LINE ( 'NONE', #2045, #5115 ) ;
#5100 = EDGE_LOOP ( 'NONE', ( #209, #1696, #4656, #7479 ) ) ;
#5101 = ORIENTED_EDGE ( 'NONE', *, *, #7331, .F. ) ;
#5102 = FACE_OUTER_BOUND ( 'NONE', #623, .T. ) ;
#5103 = LINE ( 'NONE', #3525, #1314 ) ;
#5104 = ORIENTED_EDGE ( 'NONE', *, *, #3182, .F. ) ;
#5105 = ORIENTED_EDGE ( 'NONE', *, *, #1205, .F. ) ;
#5106 = PLANE ( 'NONE',  #4543 ) ;
#5107 = DIRECTION ( 'NONE',  ( 0.000000000000000000, -0.5000000000000002220, -0.8660254037844384856 ) ) ;
#5108 = AXIS2_PLACEMENT_3D ( 'NONE', #4361, #4976, #4314 ) ;
#5109 = CARTESIAN_POINT ( 'NONE',  ( -5.317910530818767967, 4.999999999999997335, 12.40845790524379133 ) ) ;
#5110 = FACE_OUTER_BOUND ( 'NONE', #1885, .T. ) ;
#5111 = CARTESIAN_POINT ( 'NONE',  ( -45.00000000000000711, 27.88675134594809180, 26.44924440733136350 ) ) ;
#5112 = ORIENTED_EDGE ( 'NONE', *, *, #9028, .T. ) ;
#5113 = LINE ( 'NONE', #8179, #3430 ) ;
#5114 = VECTOR ( 'NONE', #112, 1000.000000000000000 ) ;
#5115 = VECTOR ( 'NONE', #9662, 1000.000000000000000 ) ;
#5116 = ORIENTED_EDGE ( 'NONE', *, *, #3567, .T. ) ;
#5117 = ORIENTED_EDGE ( 'NONE', *, *, #1156, .T. ) ;
#5118 = ORIENTED_EDGE ( 'NONE', *, *, #7701, .T. ) ;
#5119 = ORIENTED_EDGE ( 'NONE', *, *, #6044, .F. ) ;
#5120 = ADVANCED_FACE ( 'NONE', ( #3810 ), #5473, .F. ) ;
#5121 = LINE ( 'NONE', #9786, #5281 ) ;
#5122 = VECTOR ( 'NONE', #9706, 1000.000000000000000 ) ;
#5123 = LINE ( 'NONE', #9935, #2762 ) ;
#5124 = DIRECTION ( 'NONE',  ( 0.000000000000000000, -0.5000000000000007772, 0.8660254037844382635 ) ) ;
#5125 = DIRECTION ( 'NONE',  ( -0.8660254037844388186, 0.4999999999999997780, 0.000000000000000000 ) ) ;
#5126 = ORIENTED_EDGE ( 'NONE', *, *, #7634, .T. ) ;
#5127 = VERTEX_POINT ( 'NONE', #6939 ) ;
#5128 = VECTOR ( 'NONE', #8034, 1000.000000000000000 ) ;
#5129 = EDGE_CURVE ( 'NONE', #411, #3345, #6841, .T. ) ;
#5130 = DIRECTION ( 'NONE',  ( -0.8660254037844387076, -0.4999999999999998890, 0.000000000000000000 ) ) ;
#5131 = EDGE_CURVE ( 'NONE', #5040, #267, #1524, .T. ) ;
#5132 = VECTOR ( 'NONE', #9737, 1000.000000000000000 ) ;
#5133 = EDGE_CURVE ( 'NONE', #614, #4771, #4775, .T. ) ;
#5134 = DIRECTION ( 'NONE',  ( 1.000000000000000000, -0.000000000000000000, -7.709882115452476934E-17 ) ) ;
#5135 = DIRECTION ( 'NONE',  ( 1.000000000000000000, -0.000000000000000000, -7.709882115452476934E-17 ) ) ;
#5136 = CARTESIAN_POINT ( 'NONE',  ( -10.72462220366567820, 21.77447615628468114, -45.00000000000000000 ) ) ;
#5137 = DIRECTION ( 'NONE',  ( 0.000000000000000000, -0.4999999999999998335, -0.8660254037844387076 ) ) ;
#5138 = CARTESIAN_POINT ( 'NONE',  ( -45.00000000000000711, 31.11227518966341066, -37.17386661099701683 ) ) ;
#5139 = ORIENTED_EDGE ( 'NONE', *, *, #8650, .T. ) ;
#5140 = EDGE_LOOP ( 'NONE', ( #2536, #5546, #8817, #8675, #4693 ) ) ;
#5141 = ORIENTED_EDGE ( 'NONE', *, *, #9010, .F. ) ;
#5142 = CARTESIAN_POINT ( 'NONE',  ( -45.00000000000000711, 22.11324865405184426, 16.44924440733135640 ) ) ;
#5143 = EDGE_CURVE ( 'NONE', #9119, #3996, #10002, .T. ) ;
#5144 = DIRECTION ( 'NONE',  ( 0.000000000000000000, 1.000000000000000000, 1.502314598737162729E-16 ) ) ;
#5145 = LINE ( 'NONE', #9810, #4461 ) ;
#5146 = DIRECTION ( 'NONE',  ( -0.000000000000000000, -0.000000000000000000, 1.000000000000000000 ) ) ;
#5147 = DIRECTION ( 'NONE',  ( 0.000000000000000000, 1.000000000000000000, 0.000000000000000000 ) ) ;
#5148 = EDGE_LOOP ( 'NONE', ( #1513, #4335, #326, #5116 ) ) ;
#5149 = ORIENTED_EDGE ( 'NONE', *, *, #9433, .F. ) ;
#5150 = DIRECTION ( 'NONE',  ( -1.000000000000000000, 0.000000000000000000, 0.000000000000000000 ) ) ;
#5151 = ORIENTED_EDGE ( 'NONE', *, *, #8419, .T. ) ;
#5152 = ORIENTED_EDGE ( 'NONE', *, *, #8438, .T. ) ;
#5153 = CARTESIAN_POINT ( 'NONE',  ( -29.65205706398846175, 23.96239340353679026, -40.59999999999999432 ) ) ;
#5154 = ADVANCED_FACE ( 'NONE', ( #9189 ), #7793, .F. ) ;
#5155 = DIRECTION ( 'NONE',  ( 0.8660254037844384856, 0.5000000000000004441, 0.000000000000000000 ) ) ;
#5156 = EDGE_CURVE ( 'NONE', #3578, #5948, #9146, .T. ) ;
#5157 = DIRECTION ( 'NONE',  ( 7.709882115452476934E-17, -3.004629197474320528E-16, 1.000000000000000000 ) ) ;
#5158 = DIRECTION ( 'NONE',  ( -0.7071067811865477948, 0.000000000000000000, 0.7071067811865473507 ) ) ;
#5159 = DIRECTION ( 'NONE',  ( 0.8660254037844388186, -0.4999999999999997780, 0.000000000000000000 ) ) ;
#5160 = CARTESIAN_POINT ( 'NONE',  ( -32.17386661099703105, 10.22747077249217362, -45.00000000000000000 ) ) ;
#5161 = ORIENTED_EDGE ( 'NONE', *, *, #1091, .F. ) ;
#5162 = LINE ( 'NONE', #1300, #5722 ) ;
#5163 = ORIENTED_EDGE ( 'NONE', *, *, #4151, .T. ) ;
#5164 = ORIENTED_EDGE ( 'NONE', *, *, #2670, .F. ) ;
#5165 = VERTEX_POINT ( 'NONE', #8593 ) ;
#5166 = VERTEX_POINT ( 'NONE', #7691 ) ;
#5167 = FACE_OUTER_BOUND ( 'NONE', #688, .T. ) ;
#5168 = DIRECTION ( 'NONE',  ( -0.8660254037844387076, 0.4999999999999998890, -0.000000000000000000 ) ) ;
#5169 = CARTESIAN_POINT ( 'NONE',  ( -45.00000000000000711, 22.11324865405185491, 5.000000000000009770 ) ) ;
#5170 = ADVANCED_FACE ( 'NONE', ( #6996 ), #1575, .F. ) ;
#5171 = EDGE_LOOP ( 'NONE', ( #6483, #253, #3130, #4426 ) ) ;
#5172 = ORIENTED_EDGE ( 'NONE', *, *, #390, .F. ) ;
#5173 = CARTESIAN_POINT ( 'NONE',  ( -45.00000000000000711, 39.77252922750778907, -32.17386661099700973 ) ) ;
#5174 = PLANE ( 'NONE',  #9393 ) ;
#5175 = DIRECTION ( 'NONE',  ( 0.8660254037844387076, 0.4999999999999998890, 0.000000000000000000 ) ) ;
#5176 = ADVANCED_FACE ( 'NONE', ( #4713 ), #5426, .F. ) ;
#5177 = CARTESIAN_POINT ( 'NONE',  ( -36.17239700032502725, 0.000000000000000000, 17.08051390828824978 ) ) ;
#5178 = EDGE_LOOP ( 'NONE', ( #7562, #3677, #740, #6707 ) ) ;
#5179 = ORIENTED_EDGE ( 'NONE', *, *, #2822, .F. ) ;
#5180 = ORIENTED_EDGE ( 'NONE', *, *, #7021, .T. ) ;
#5181 = EDGE_CURVE ( 'NONE', #7436, #1303, #39, .T. ) ;
#5182 = CARTESIAN_POINT ( 'NONE',  ( 0.000000000000000000, 0.000000000000000000, 0.000000000000000000 ) ) ;
#5183 = DIRECTION ( 'NONE',  ( -0.8660254037844387076, -0.4999999999999998890, 0.000000000000000000 ) ) ;
#5184 = EDGE_CURVE ( 'NONE', #9006, #3457, #2375, .T. ) ;
#5185 = CARTESIAN_POINT ( 'NONE',  ( -4.336808689942017736E-16, 30.77350269189625109, 45.00000000000000000 ) ) ;
#5186 = DIRECTION ( 'NONE',  ( -0.8660254037844387076, 0.4999999999999998890, 0.000000000000000000 ) ) ;
#5187 = ORIENTED_EDGE ( 'NONE', *, *, #2204, .F. ) ;
#5188 = EDGE_CURVE ( 'NONE', #8531, #9784, #746, .T. ) ;
#5189 = EDGE_CURVE ( 'NONE', #8984, #3171, #3760, .T. ) ;
#5190 = EDGE_LOOP ( 'NONE', ( #8164, #4807, #379, #8028 ) ) ;
#5191 = CARTESIAN_POINT ( 'NONE',  ( 10.72462220366567820, 10.22747077249218073, 45.00000000000000000 ) ) ;
#5192 = ORIENTED_EDGE ( 'NONE', *, *, #1286, .F. ) ;
#5193 = VERTEX_POINT ( 'NONE', #2230 ) ;
#5194 = CARTESIAN_POINT ( 'NONE',  ( -40.60000000000000142, 33.25018867790190313, -24.28974596215558890 ) ) ;
#5195 = DIRECTION ( 'NONE',  ( 0.3939192985791676871, -0.000000000000000000, 0.9191450300180578070 ) ) ;
#5196 = CARTESIAN_POINT ( 'NONE',  ( -45.00000000000000711, 30.77350269189621557, 21.44924440733137061 ) ) ;
#5197 = FACE_OUTER_BOUND ( 'NONE', #4930, .T. ) ;
#5198 = CARTESIAN_POINT ( 'NONE',  ( -24.28974596215562798, 33.25018867790191734, 40.59999999999999432 ) ) ;
#5199 = EDGE_LOOP ( 'NONE', ( #5301, #7989, #300, #8508 ) ) ;
#5200 = CARTESIAN_POINT ( 'NONE',  ( 4.999999999999999112, 22.11324865405187268, -45.00000000000000000 ) ) ;
#5201 = EDGE_CURVE ( 'NONE', #9984, #3579, #8491, .T. ) ;
#5202 = EDGE_LOOP ( 'NONE', ( #10005, #612, #6576, #2368, #2460, #3286 ) ) ;
#5203 = CARTESIAN_POINT ( 'NONE',  ( -45.00000000000000711, 27.88675134594808824, -26.44924440733134929 ) ) ;
#5204 = VERTEX_POINT ( 'NONE', #695 ) ;
#5205 = MECHANICAL_DESIGN_GEOMETRIC_PRESENTATION_REPRESENTATION (  '', ( #3581 ), #1796 ) ;
#5206 = ORIENTED_EDGE ( 'NONE', *, *, #4151, .F. ) ;
#5207 = DIRECTION ( 'NONE',  ( -0.000000000000000000, -0.000000000000000000, 1.000000000000000000 ) ) ;
#5208 = VECTOR ( 'NONE', #3044, 1000.000000000000000 ) ;
#5209 = PLANE ( 'NONE',  #7316 ) ;
#5210 = DIRECTION ( 'NONE',  ( -0.8660254037844387076, 0.4999999999999998890, 0.000000000000000000 ) ) ;
#5211 = VERTEX_POINT ( 'NONE', #6174 ) ;
#5212 = ORIENTED_EDGE ( 'NONE', *, *, #6987, .F. ) ;
#5213 = VECTOR ( 'NONE', #9049, 1000.000000000000227 ) ;
#5214 = VECTOR ( 'NONE', #9747, 1000.000000000000114 ) ;
#5215 = AXIS2_PLACEMENT_3D ( 'NONE', #5543, #9261, #2392 ) ;
#5216 = CARTESIAN_POINT ( 'NONE',  ( -45.00000000000000711, 19.22649730810370627, 21.44924440733136350 ) ) ;
#5217 = AXIS2_PLACEMENT_3D ( 'NONE', #3332, #1153, #9488 ) ;
#5218 = DIRECTION ( 'NONE',  ( 0.000000000000000000, 1.000000000000000000, 0.000000000000000000 ) ) ;
#5219 = CARTESIAN_POINT ( 'NONE',  ( 15.72462220366567465, 13.11422211844031160, -45.00000000000000000 ) ) ;
#5220 = CARTESIAN_POINT ( 'NONE',  ( 15.72462220366567465, 4.999999999999997335, -40.59999999999999432 ) ) ;
#5221 = VECTOR ( 'NONE', #7301, 1000.000000000000114 ) ;
#5222 = CARTESIAN_POINT ( 'NONE',  ( 15.72462220366567465, 36.88577788155969728, -45.00000000000000000 ) ) ;
#5223 = VECTOR ( 'NONE', #9470, 999.9999999999998863 ) ;
#5224 = VECTOR ( 'NONE', #4221, 1000.000000000000114 ) ;
#5225 = EDGE_LOOP ( 'NONE', ( #2811, #2572, #4903, #7340 ) ) ;
#5226 = ORIENTED_EDGE ( 'NONE', *, *, #6240, .F. ) ;
#5227 = ORIENTED_EDGE ( 'NONE', *, *, #5856, .T. ) ;
#5228 = VECTOR ( 'NONE', #8541, 1000.000000000000000 ) ;
#5229 = CARTESIAN_POINT ( 'NONE',  ( -45.00000000000000711, 18.88772481033652539, 27.17386661099704170 ) ) ;
#5230 = EDGE_CURVE ( 'NONE', #6283, #6167, #3139, .T. ) ;
#5231 = VECTOR ( 'NONE', #5823, 1000.000000000000000 ) ;
#5232 = VECTOR ( 'NONE', #2231, 1000.000000000000000 ) ;
#5233 = DIRECTION ( 'NONE',  ( -0.000000000000000000, -0.000000000000000000, 1.000000000000000000 ) ) ;
#5234 = FACE_OUTER_BOUND ( 'NONE', #4020, .T. ) ;
#5235 = VECTOR ( 'NONE', #5307, 1000.000000000000000 ) ;
#5236 = CARTESIAN_POINT ( 'NONE',  ( -16.01985373650842703, 10.00000000000000000, 32.28330970379901999 ) ) ;
#5237 = CARTESIAN_POINT ( 'NONE',  ( -21.44924440733135640, 30.77350269189625465, 40.59999999999999432 ) ) ;
#5238 = CIRCLE ( 'NONE', #7647, 2.000000000000001776 ) ;
#5239 = EDGE_LOOP ( 'NONE', ( #1756, #4285, #7524, #729 ) ) ;
#5240 = DIRECTION ( 'NONE',  ( 0.000000000000000000, -1.000000000000000000, 0.000000000000000000 ) ) ;
#5241 = VECTOR ( 'NONE', #2665, 1000.000000000000114 ) ;
#5242 = VERTEX_POINT ( 'NONE', #1467 ) ;
#5243 = ORIENTED_EDGE ( 'NONE', *, *, #9634, .T. ) ;
#5244 = CARTESIAN_POINT ( 'NONE',  ( 0.000000000000000000, 19.22649730810374180, -45.00000000000000000 ) ) ;
#5245 = EDGE_CURVE ( 'NONE', #4504, #2224, #6230, .T. ) ;
#5246 = CARTESIAN_POINT ( 'NONE',  ( 27.17386661099703460, 13.11422211844030450, 45.00000000000000000 ) ) ;
#5247 = EDGE_CURVE ( 'NONE', #6615, #9926, #3034, .T. ) ;
#5248 = VECTOR ( 'NONE', #8154, 1000.000000000000114 ) ;
#5249 = ADVANCED_FACE ( 'NONE', ( #6325 ), #6429, .F. ) ;
#5250 = CARTESIAN_POINT ( 'NONE',  ( 40.59999999999999432, -4.643356216793190328, -35.03240569234299784 ) ) ;
#5251 = CARTESIAN_POINT ( 'NONE',  ( -45.00000000000000711, 28.22552384371527623, 32.17386661099703815 ) ) ;
#5252 = PLANE ( 'NONE',  #3492 ) ;
#5253 = CARTESIAN_POINT ( 'NONE',  ( -45.00000000000000711, 10.22747077249213810, 10.72462220366568353 ) ) ;
#5254 = EDGE_LOOP ( 'NONE', ( #1337, #5967, #9962, #3477 ) ) ;
#5255 = LINE ( 'NONE', #2058, #7012 ) ;
#5256 = ORIENTED_EDGE ( 'NONE', *, *, #9289, .T. ) ;
#5257 = PLANE ( 'NONE',  #8415 ) ;
#5258 = VECTOR ( 'NONE', #2507, 1000.000000000000114 ) ;
#5259 = EDGE_LOOP ( 'NONE', ( #85, #8760, #303, #2413, #7865, #5819 ) ) ;
#5260 = VERTEX_POINT ( 'NONE', #7138 ) ;
#5261 = EDGE_CURVE ( 'NONE', #8763, #3375, #5729, .T. ) ;
#5262 = FACE_OUTER_BOUND ( 'NONE', #9329, .T. ) ;
#5263 = AXIS2_PLACEMENT_3D ( 'NONE', #592, #8240, #448 ) ;
#5264 = FACE_OUTER_BOUND ( 'NONE', #6423, .T. ) ;
#5265 = DIRECTION ( 'NONE',  ( -0.8660254037844387076, 0.4999999999999998890, 0.000000000000000000 ) ) ;
#5266 = ORIENTED_EDGE ( 'NONE', *, *, #7999, .F. ) ;
#5267 = VERTEX_POINT ( 'NONE', #1112 ) ;
#5268 = VECTOR ( 'NONE', #1482, 1000.000000000000000 ) ;
#5269 = CARTESIAN_POINT ( 'NONE',  ( -26.44924440733133864, 5.000000000000006217, 40.59999999999999432 ) ) ;
#5270 = EDGE_CURVE ( 'NONE', #3618, #5691, #952, .T. ) ;
#5271 = DIRECTION ( 'NONE',  ( 1.000000000000000000, -0.000000000000000000, -7.709882115452476934E-17 ) ) ;
#5272 = FACE_OUTER_BOUND ( 'NONE', #7107, .T. ) ;
#5273 = LINE ( 'NONE', #2979, #7002 ) ;
#5274 = CARTESIAN_POINT ( 'NONE',  ( -37.17386661099703105, 31.11227518966343553, -45.00000000000000000 ) ) ;
#5275 = AXIS2_PLACEMENT_3D ( 'NONE', #4857, #4099, #4765 ) ;
#5276 = CARTESIAN_POINT ( 'NONE',  ( 26.44924440733135995, 27.88675134594813088, 45.00000000000000000 ) ) ;
#5277 = ORIENTED_EDGE ( 'NONE', *, *, #1342, .T. ) ;
#5278 = ORIENTED_EDGE ( 'NONE', *, *, #5446, .T. ) ;
#5279 = ORIENTED_EDGE ( 'NONE', *, *, #2193, .F. ) ;
#5280 = CARTESIAN_POINT ( 'NONE',  ( -45.00000000000000711, 36.88577788155965465, -15.72462220366567109 ) ) ;
#5281 = VECTOR ( 'NONE', #5951, 1000.000000000000000 ) ;
#5282 = LINE ( 'NONE', #7546, #8275 ) ;
#5283 = CARTESIAN_POINT ( 'NONE',  ( 40.59999999999999432, 4.999999999999986677, 27.17386661099703460 ) ) ;
#5284 = LINE ( 'NONE', #9048, #3111 ) ;
#5285 = CARTESIAN_POINT ( 'NONE',  ( -21.44924440733135640, 30.77350269189625109, -45.00000000000000000 ) ) ;
#5286 = VERTEX_POINT ( 'NONE', #334 ) ;
#5287 = DIRECTION ( 'NONE',  ( 0.000000000000000000, -0.5000000000000007772, 0.8660254037844382635 ) ) ;
#5288 = VERTEX_POINT ( 'NONE', #3450 ) ;
#5289 = ORIENTED_EDGE ( 'NONE', *, *, #9167, .T. ) ;
#5290 = DIRECTION ( 'NONE',  ( 1.000000000000000000, -0.000000000000000000, -7.709882115452476934E-17 ) ) ;
#5291 = LINE ( 'NONE', #8359, #2028 ) ;
#5292 = CARTESIAN_POINT ( 'NONE',  ( 27.17386661099703460, 13.11422211844030450, -45.00000000000000000 ) ) ;
#5293 = DIRECTION ( 'NONE',  ( 1.000000000000000000, -0.000000000000000000, -7.709882115452476934E-17 ) ) ;
#5294 = DIRECTION ( 'NONE',  ( -0.4999999999999998890, 0.8660254037844387076, 0.000000000000000000 ) ) ;
#5295 = ADVANCED_FACE ( 'NONE', ( #7393 ), #5924, .F. ) ;
#5296 = ORIENTED_EDGE ( 'NONE', *, *, #3592, .T. ) ;
#5297 = CARTESIAN_POINT ( 'NONE',  ( 26.44924440733135285, 4.999999999999997335, -40.59999999999999432 ) ) ;
#5298 = ORIENTED_EDGE ( 'NONE', *, *, #2874, .F. ) ;
#5299 = DIRECTION ( 'NONE',  ( 0.000000000000000000, 0.5000000000000002220, 0.8660254037844384856 ) ) ;
#5300 = EDGE_CURVE ( 'NONE', #6074, #3601, #8195, .T. ) ;
#5301 = ORIENTED_EDGE ( 'NONE', *, *, #1267, .F. ) ;
#5302 = ORIENTED_EDGE ( 'NONE', *, *, #9499, .T. ) ;
#5303 = PLANE ( 'NONE',  #8137 ) ;
#5304 = EDGE_CURVE ( 'NONE', #6272, #3546, #5872, .T. ) ;
#5305 = CARTESIAN_POINT ( 'NONE',  ( 21.67670798600080317, 1.999999999999988010, -5.413252018710219993 ) ) ;
#5306 = LINE ( 'NONE', #2211, #6507 ) ;
#5307 = DIRECTION ( 'NONE',  ( 0.000000000000000000, 0.5000000000000002220, 0.8660254037844384856 ) ) ;
#5308 = DIRECTION ( 'NONE',  ( 0.000000000000000000, 1.000000000000000000, 0.000000000000000000 ) ) ;
#5309 = ORIENTED_EDGE ( 'NONE', *, *, #6673, .F. ) ;
#5310 = CARTESIAN_POINT ( 'NONE',  ( 45.00000000000000711, 31.11227518966340355, -5.724622203665678200 ) ) ;
#5311 = EDGE_LOOP ( 'NONE', ( #2095, #1605, #3859, #8511 ) ) ;
#5312 = EDGE_CURVE ( 'NONE', #3565, #5211, #4410, .T. ) ;
#5313 = FACE_OUTER_BOUND ( 'NONE', #983, .T. ) ;
#5314 = DIRECTION ( 'NONE',  ( -0.7071067811865477948, 0.000000000000000000, -0.7071067811865473507 ) ) ;
#5315 = PLANE ( 'NONE',  #2606 ) ;
#5316 = LINE ( 'NONE', #9899, #6359 ) ;
#5317 = DIRECTION ( 'NONE',  ( 0.000000000000000000, -0.5000000000000006661, 0.8660254037844382635 ) ) ;
#5318 = LINE ( 'NONE', #9180, #5557 ) ;
#5319 = EDGE_CURVE ( 'NONE', #7313, #2061, #6737, .T. ) ;
#5320 = ORIENTED_EDGE ( 'NONE', *, *, #5358, .F. ) ;
#5321 = ADVANCED_FACE ( 'NONE', ( #3648 ), #4266, .F. ) ;
#5322 = ORIENTED_EDGE ( 'NONE', *, *, #3187, .F. ) ;
#5323 = ORIENTED_EDGE ( 'NONE', *, *, #1585, .F. ) ;
#5324 = DIRECTION ( 'NONE',  ( -0.4999999999999997780, -0.8660254037844388186, 0.000000000000000000 ) ) ;
#5325 = CARTESIAN_POINT ( 'NONE',  ( -37.17386661099703105, 18.88772481033655382, -45.00000000000000000 ) ) ;
#5326 = DIRECTION ( 'NONE',  ( 0.000000000000000000, -0.5000000000000006661, 0.8660254037844382635 ) ) ;
#5327 = CARTESIAN_POINT ( 'NONE',  ( -40.60000000000000142, 27.88675134594810956, -4.999999999999997335 ) ) ;
#5328 = ORIENTED_EDGE ( 'NONE', *, *, #8860, .F. ) ;
#5329 = CARTESIAN_POINT ( 'NONE',  ( 40.59999999999997300, 18.88772481033652184, -5.724622203665676423 ) ) ;
#5330 = VERTEX_POINT ( 'NONE', #445 ) ;
#5331 = VERTEX_POINT ( 'NONE', #9034 ) ;
#5332 = SPHERICAL_SURFACE ( 'NONE', #8609, 2.000000000000000000 ) ;
#5333 = LINE ( 'NONE', #6906, #8312 ) ;
#5334 = CARTESIAN_POINT ( 'NONE',  ( 1.103125484187126082, 10.00000000000000000, 15.16033048310345954 ) ) ;
#5335 = LINE ( 'NONE', #7807, #5591 ) ;
#5336 = DIRECTION ( 'NONE',  ( -0.000000000000000000, -0.000000000000000000, 1.000000000000000000 ) ) ;
#5337 = VERTEX_POINT ( 'NONE', #489 ) ;
#5338 = PLANE ( 'NONE',  #3460 ) ;
#5339 = ORIENTED_EDGE ( 'NONE', *, *, #721, .T. ) ;
#5340 = DIRECTION ( 'NONE',  ( 0.000000000000000000, 1.000000000000000000, 0.000000000000000000 ) ) ;
#5341 = VERTEX_POINT ( 'NONE', #1370 ) ;
#5342 = EDGE_LOOP ( 'NONE', ( #5837, #8694, #5572, #6251 ) ) ;
#5343 = CARTESIAN_POINT ( 'NONE',  ( 40.59999999999997300, 10.22747077249213810, -32.17386661099703105 ) ) ;
#5344 = EDGE_CURVE ( 'NONE', #6273, #5267, #2116, .T. ) ;
#5345 = LINE ( 'NONE', #118, #5991 ) ;
#5346 = EDGE_CURVE ( 'NONE', #7042, #8078, #8085, .T. ) ;
#5347 = CARTESIAN_POINT ( 'NONE',  ( -45.00000000000000711, 36.88577788155965465, -37.17386661099701683 ) ) ;
#5348 = CARTESIAN_POINT ( 'NONE',  ( -45.00000000000000711, 36.88577788155965465, 5.724622203665682640 ) ) ;
#5349 = DIRECTION ( 'NONE',  ( 0.000000000000000000, -0.5000000000000006661, 0.8660254037844381525 ) ) ;
#5350 = VECTOR ( 'NONE', #2672, 1000.000000000000114 ) ;
#5351 = EDGE_LOOP ( 'NONE', ( #109, #6913, #5623, #5955 ) ) ;
#5352 = EDGE_LOOP ( 'NONE', ( #9302, #3576, #2794, #6118 ) ) ;
#5353 = LINE ( 'NONE', #2872, #696 ) ;
#5354 = ADVANCED_FACE ( 'NONE', ( #9749 ), #2829, .F. ) ;
#5355 = AXIS2_PLACEMENT_3D ( 'NONE', #8574, #840, #2465 ) ;
#5356 = CARTESIAN_POINT ( 'NONE',  ( -16.44924440733135640, 22.11324865405187268, 45.00000000000000000 ) ) ;
#5357 = EDGE_CURVE ( 'NONE', #366, #3262, #590, .T. ) ;
#5358 = EDGE_CURVE ( 'NONE', #8951, #996, #393, .T. ) ;
#5359 = DIRECTION ( 'NONE',  ( 0.000000000000000000, 0.5000000000000007772, -0.8660254037844382635 ) ) ;
#5360 = FACE_BOUND ( 'NONE', #6641, .T. ) ;
#5361 = PLANE ( 'NONE',  #3656 ) ;
#5362 = CARTESIAN_POINT ( 'NONE',  ( 10.04494211376878354, 0.000000000000000000, -10.83278071092713013 ) ) ;
#5363 = FACE_OUTER_BOUND ( 'NONE', #6450, .T. ) ;
#5364 = VERTEX_POINT ( 'NONE', #9843 ) ;
#5365 = VECTOR ( 'NONE', #8250, 1000.000000000000000 ) ;
#5366 = ORIENTED_EDGE ( 'NONE', *, *, #5575, .T. ) ;
#5367 = ORIENTED_EDGE ( 'NONE', *, *, #5783, .F. ) ;
#5368 = ORIENTED_EDGE ( 'NONE', *, *, #7867, .T. ) ;
#5369 = LINE ( 'NONE', #3752, #1034 ) ;
#5370 = VECTOR ( 'NONE', #2839, 1000.000000000000000 ) ;
#5371 = VECTOR ( 'NONE', #5568, 1000.000000000000114 ) ;
#5372 = CARTESIAN_POINT ( 'NONE',  ( -40.60000000000000142, 4.999999999999988454, 16.44924440733135640 ) ) ;
#5373 = DIRECTION ( 'NONE',  ( 0.8164965809277268116, 0.5773502691896246208, 5.808949781783693486E-16 ) ) ;
#5374 = LINE ( 'NONE', #7736, #4420 ) ;
#5375 = DIRECTION ( 'NONE',  ( 0.000000000000000000, -1.000000000000000000, -1.502314598737162976E-16 ) ) ;
#5376 = VERTEX_POINT ( 'NONE', #6014 ) ;
#5377 = CARTESIAN_POINT ( 'NONE',  ( -45.00000000000000711, 28.22552384371527623, -32.17386661099701683 ) ) ;
#5378 = VERTEX_POINT ( 'NONE', #8888 ) ;
#5379 = VECTOR ( 'NONE', #1992, 1000.000000000000227 ) ;
#5380 = ORIENTED_EDGE ( 'NONE', *, *, #6816, .T. ) ;
#5381 = VECTOR ( 'NONE', #761, 1000.000000000000000 ) ;
#5382 = LINE ( 'NONE', #3819, #2308 ) ;
#5383 = FACE_BOUND ( 'NONE', #5008, .T. ) ;
#5384 = ADVANCED_FACE ( 'NONE', ( #9091 ), #3505, .F. ) ;
#5385 = DIRECTION ( 'NONE',  ( -1.000000000000000000, -6.009258394948641055E-16, 0.000000000000000000 ) ) ;
#5386 = LINE ( 'NONE', #4630, #6879 ) ;
#5387 = DIRECTION ( 'NONE',  ( 0.000000000000000000, 0.5000000000000002220, 0.8660254037844384856 ) ) ;
#5388 = VECTOR ( 'NONE', #7287, 1000.000000000000000 ) ;
#5389 = ORIENTED_EDGE ( 'NONE', *, *, #1069, .F. ) ;
#5390 = CARTESIAN_POINT ( 'NONE',  ( -40.60000000000000142, 36.88577788155965465, -15.72462220366567465 ) ) ;
#5391 = EDGE_LOOP ( 'NONE', ( #7112, #1175, #6233, #1604 ) ) ;
#5392 = DIRECTION ( 'NONE',  ( 3.854941057726244014E-17, 0.8660254037844382635, 0.5000000000000007772 ) ) ;
#5393 = VERTEX_POINT ( 'NONE', #1976 ) ;
#5394 = ORIENTED_EDGE ( 'NONE', *, *, #8313, .T. ) ;
#5395 = CARTESIAN_POINT ( 'NONE',  ( -46.97256513967722924, 16.03760659646320974, 40.59999999999999432 ) ) ;
#5396 = VECTOR ( 'NONE', #2090, 1000.000000000000114 ) ;
#5397 = ADVANCED_FACE ( 'NONE', ( #5083 ), #5361, .F. ) ;
#5398 = LINE ( 'NONE', #722, #321 ) ;
#5399 = DIRECTION ( 'NONE',  ( 0.4999999999999998890, 0.8660254037844387076, 0.000000000000000000 ) ) ;
#5400 = DIRECTION ( 'NONE',  ( 0.000000000000000000, -0.4999999999999998335, -0.8660254037844387076 ) ) ;
#5401 = FACE_OUTER_BOUND ( 'NONE', #3958, .T. ) ;
#5402 = VECTOR ( 'NONE', #8141, 1000.000000000000000 ) ;
#5403 = ORIENTED_EDGE ( 'NONE', *, *, #7884, .T. ) ;
#5404 = ORIENTED_EDGE ( 'NONE', *, *, #1275, .T. ) ;
#5405 = ADVANCED_FACE ( 'NONE', ( #6884 ), #8526, .F. ) ;
#5406 = VECTOR ( 'NONE', #6509, 1000.000000000000000 ) ;
#5407 = FACE_OUTER_BOUND ( 'NONE', #5352, .T. ) ;
#5408 = DIRECTION ( 'NONE',  ( 0.000000000000000000, 0.5000000000000002220, 0.8660254037844384856 ) ) ;
#5409 = PLANE ( 'NONE',  #7640 ) ;
#5410 = DIRECTION ( 'NONE',  ( 0.000000000000000000, 0.5000000000000005551, -0.8660254037844382635 ) ) ;
#5411 = DIRECTION ( 'NONE',  ( 0.000000000000000000, -1.000000000000000000, 0.000000000000000000 ) ) ;
#5412 = LINE ( 'NONE', #9286, #3644 ) ;
#5413 = ORIENTED_EDGE ( 'NONE', *, *, #7151, .T. ) ;
#5414 = EDGE_CURVE ( 'NONE', #9366, #6754, #8477, .T. ) ;
#5415 = VECTOR ( 'NONE', #6949, 1000.000000000000114 ) ;
#5416 = EDGE_CURVE ( 'NONE', #6934, #8270, #6267, .T. ) ;
#5417 = ORIENTED_EDGE ( 'NONE', *, *, #4645, .T. ) ;
#5418 = ORIENTED_EDGE ( 'NONE', *, *, #1515, .T. ) ;
#5419 = ORIENTED_EDGE ( 'NONE', *, *, #4251, .T. ) ;
#5420 = FACE_OUTER_BOUND ( 'NONE', #4148, .T. ) ;
#5421 = CARTESIAN_POINT ( 'NONE',  ( -45.00000000000000711, 22.11324865405183715, -16.44924440733134929 ) ) ;
#5422 = EDGE_CURVE ( 'NONE', #7212, #5610, #1561, .T. ) ;
#5423 = CARTESIAN_POINT ( 'NONE',  ( 45.00000000000001421, 45.00000000000000000, 42.99999999999998579 ) ) ;
#5424 = VECTOR ( 'NONE', #5806, 1000.000000000000000 ) ;
#5425 = CARTESIAN_POINT ( 'NONE',  ( -5.724622203665678200, 18.88772481033655382, 40.59999999999996589 ) ) ;
#5426 = PLANE ( 'NONE',  #5431 ) ;
#5427 = FACE_OUTER_BOUND ( 'NONE', #2101, .T. ) ;
#5428 = CARTESIAN_POINT ( 'NONE',  ( 40.59999999999997300, 22.11324865405184426, 16.44924440733134929 ) ) ;
#5429 = ORIENTED_EDGE ( 'NONE', *, *, #9347, .F. ) ;
#5430 = DIRECTION ( 'NONE',  ( 0.8660254037844383745, 0.5000000000000003331, 0.000000000000000000 ) ) ;
#5431 = AXIS2_PLACEMENT_3D ( 'NONE', #641, #9244, #1621 ) ;
#5432 = ORIENTED_EDGE ( 'NONE', *, *, #2942, .F. ) ;
#5433 = ORIENTED_EDGE ( 'NONE', *, *, #2074, .F. ) ;
#5434 = CARTESIAN_POINT ( 'NONE',  ( -43.00000000000000000, 0.000000000000000000, -43.00000000000000000 ) ) ;
#5435 = DIRECTION ( 'NONE',  ( -0.000000000000000000, -0.000000000000000000, 1.000000000000000000 ) ) ;
#5436 = DIRECTION ( 'NONE',  ( 0.000000000000000000, -0.4999999999999998335, -0.8660254037844387076 ) ) ;
#5437 = DIRECTION ( 'NONE',  ( 0.000000000000000000, 1.000000000000000000, 1.502314598737162976E-16 ) ) ;
#5438 = DIRECTION ( 'NONE',  ( 1.000000000000000000, -0.000000000000000000, -7.709882115452476934E-17 ) ) ;
#5439 = AXIS2_PLACEMENT_3D ( 'NONE', #2303, #2910, #6001 ) ;
#5440 = LINE ( 'NONE', #10017, #1340 ) ;
#5441 = ORIENTED_EDGE ( 'NONE', *, *, #271, .T. ) ;
#5442 = DIRECTION ( 'NONE',  ( 0.8660254037844384856, 0.5000000000000004441, 0.000000000000000000 ) ) ;
#5443 = VERTEX_POINT ( 'NONE', #7679 ) ;
#5444 = DIRECTION ( 'NONE',  ( 0.000000000000000000, 1.000000000000000000, 1.502314598737162976E-16 ) ) ;
#5445 = ORIENTED_EDGE ( 'NONE', *, *, #920, .T. ) ;
#5446 = EDGE_CURVE ( 'NONE', #5331, #8078, #4511, .T. ) ;
#5447 = ORIENTED_EDGE ( 'NONE', *, *, #9115, .T. ) ;
#5448 = EDGE_CURVE ( 'NONE', #2360, #6564, #3179, .T. ) ;
#5449 = FACE_OUTER_BOUND ( 'NONE', #8409, .T. ) ;
#5450 = DIRECTION ( 'NONE',  ( 0.000000000000000000, 0.5000000000000002220, 0.8660254037844384856 ) ) ;
#5451 = FACE_OUTER_BOUND ( 'NONE', #4680, .T. ) ;
#5452 = CARTESIAN_POINT ( 'NONE',  ( -45.00000000000000711, 31.11227518966340355, -27.17386661099701328 ) ) ;
#5453 = DIRECTION ( 'NONE',  ( -0.9191450300180579180, 0.000000000000000000, -0.3939192985791676871 ) ) ;
#5454 = ORIENTED_EDGE ( 'NONE', *, *, #8438, .F. ) ;
#5455 = EDGE_LOOP ( 'NONE', ( #6497, #7960, #7397, #5466, #2062, #9862 ) ) ;
#5456 = ORIENTED_EDGE ( 'NONE', *, *, #9736, .F. ) ;
#5457 = PLANE ( 'NONE',  #3823 ) ;
#5458 = LINE ( 'NONE', #7877, #6312 ) ;
#5459 = EDGE_CURVE ( 'NONE', #9425, #4621, #3027, .T. ) ;
#5460 = PLANE ( 'NONE',  #5869 ) ;
#5461 = CARTESIAN_POINT ( 'NONE',  ( -45.00000000000000711, 13.11422211844026720, -5.724622203665671094 ) ) ;
#5462 = DIRECTION ( 'NONE',  ( 0.8660254037844387076, 0.4999999999999998890, 0.000000000000000000 ) ) ;
#5463 = ORIENTED_EDGE ( 'NONE', *, *, #516, .F. ) ;
#5464 = VERTEX_POINT ( 'NONE', #9139 ) ;
#5465 = ORIENTED_EDGE ( 'NONE', *, *, #2723, .T. ) ;
#5466 = ORIENTED_EDGE ( 'NONE', *, *, #5018, .T. ) ;
#5467 = UNCERTAINTY_MEASURE_WITH_UNIT (LENGTH_MEASURE( 1.000000000000000082E-05 ), #1163, 'distance_accuracy_value', 'NONE');
#5468 = LINE ( 'NONE', #5624, #7654 ) ;
#5469 = LINE ( 'NONE', #6169, #6675 ) ;
#5470 = ADVANCED_FACE ( 'NONE', ( #2221 ), #3843, .F. ) ;
#5471 = EDGE_CURVE ( 'NONE', #7123, #3077, #2175, .T. ) ;
#5472 = CARTESIAN_POINT ( 'NONE',  ( -45.75702789600870091, 13.93223433193709404, 40.59999999999999432 ) ) ;
#5473 = PLANE ( 'NONE',  #6563 ) ;
#5474 = EDGE_CURVE ( 'NONE', #622, #2580, #3127, .T. ) ;
#5475 = LINE ( 'NONE', #2376, #6523 ) ;
#5476 = CARTESIAN_POINT ( 'NONE',  ( 40.59999999999999432, 53.30361025463751190, -12.71189761665421081 ) ) ;
#5477 = ADVANCED_FACE ( 'NONE', ( #4651 ), #2365, .F. ) ;
#5478 = ORIENTED_EDGE ( 'NONE', *, *, #4760, .T. ) ;
#5479 = LINE ( 'NONE', #6387, #5228 ) ;
#5480 = EDGE_LOOP ( 'NONE', ( #9782, #1987, #3892, #9541 ) ) ;
#5481 = ORIENTED_EDGE ( 'NONE', *, *, #5312, .F. ) ;
#5482 = CARTESIAN_POINT ( 'NONE',  ( -32.17386661099703105, 21.77447615628468114, -45.00000000000000000 ) ) ;
#5483 = CARTESIAN_POINT ( 'NONE',  ( -45.00000000000000711, 39.77252922750778907, -10.72462220366566577 ) ) ;
#5484 = EDGE_CURVE ( 'NONE', #3846, #5286, #6826, .T. ) ;
#5485 = LINE ( 'NONE', #7804, #6810 ) ;
#5486 = LINE ( 'NONE', #6343, #3275 ) ;
#5487 = CARTESIAN_POINT ( 'NONE',  ( -5.724622203665679976, 18.88772481033655382, 45.00000000000000000 ) ) ;
#5488 = ADVANCED_FACE ( 'NONE', ( #6930 ), #81, .F. ) ;
#5489 = EDGE_CURVE ( 'NONE', #6307, #2513, #6112, .T. ) ;
#5490 = CARTESIAN_POINT ( 'NONE',  ( 27.17386661099703460, 31.11227518966344263, -45.00000000000000000 ) ) ;
#5491 = VERTEX_POINT ( 'NONE', #684 ) ;
#5492 = DIRECTION ( 'NONE',  ( 7.709882115452476934E-17, -3.004629197474320528E-16, 1.000000000000000000 ) ) ;
#5493 = ORIENTED_EDGE ( 'NONE', *, *, #6346, .F. ) ;
#5494 = DIRECTION ( 'NONE',  ( 0.000000000000000000, 1.000000000000000000, 3.004629197474320528E-16 ) ) ;
#5495 = ORIENTED_EDGE ( 'NONE', *, *, #6152, .F. ) ;
#5496 = ORIENTED_EDGE ( 'NONE', *, *, #7273, .T. ) ;
#5497 = PLANE ( 'NONE',  #2006 ) ;
#5498 = FACE_OUTER_BOUND ( 'NONE', #7306, .T. ) ;
#5499 = DIRECTION ( 'NONE',  ( -0.8660254037844384856, -0.5000000000000004441, 0.000000000000000000 ) ) ;
#5500 = EDGE_CURVE ( 'NONE', #267, #2139, #3800, .T. ) ;
#5501 = DIRECTION ( 'NONE',  ( -0.8660254037844387076, 0.4999999999999998890, 0.000000000000000000 ) ) ;
#5502 = CARTESIAN_POINT ( 'NONE',  ( 21.44924440733135640, 19.22649730810374891, 45.00000000000000000 ) ) ;
#5503 = ORIENTED_EDGE ( 'NONE', *, *, #9977, .T. ) ;
#5504 = VERTEX_POINT ( 'NONE', #1511 ) ;
#5505 = ORIENTED_EDGE ( 'NONE', *, *, #4816, .T. ) ;
#5506 = LINE ( 'NONE', #7080, #1168 ) ;
#5507 = VECTOR ( 'NONE', #2112, 1000.000000000000114 ) ;
#5508 = EDGE_CURVE ( 'NONE', #3272, #5127, #4605, .T. ) ;
#5509 = DIRECTION ( 'NONE',  ( 0.000000000000000000, 0.5000000000000002220, 0.8660254037844384856 ) ) ;
#5510 = DIRECTION ( 'NONE',  ( 0.000000000000000000, 1.000000000000000000, 1.502314598737162976E-16 ) ) ;
#5511 = LINE ( 'NONE', #8783, #5128 ) ;
#5512 = EDGE_LOOP ( 'NONE', ( #1530, #2514, #595, #1640 ) ) ;
#5513 = ORIENTED_EDGE ( 'NONE', *, *, #5966, .F. ) ;
#5514 = ORIENTED_EDGE ( 'NONE', *, *, #1050, .F. ) ;
#5515 = VECTOR ( 'NONE', #7567, 1000.000000000000000 ) ;
#5516 = ORIENTED_EDGE ( 'NONE', *, *, #7847, .F. ) ;
#5517 = AXIS2_PLACEMENT_3D ( 'NONE', #5937, #2087, #1336 ) ;
#5518 = FACE_OUTER_BOUND ( 'NONE', #9859, .T. ) ;
#5519 = DIRECTION ( 'NONE',  ( 1.000000000000000000, 0.000000000000000000, -0.000000000000000000 ) ) ;
#5520 = DIRECTION ( 'NONE',  ( 0.000000000000000000, 0.4999999999999998335, 0.8660254037844387076 ) ) ;
#5521 = CARTESIAN_POINT ( 'NONE',  ( -12.34958651482142855, 53.93115149115828189, -40.59999999999999432 ) ) ;
#5522 = AXIS2_PLACEMENT_3D ( 'NONE', #6823, #4465, #9137 ) ;
#5523 = DIRECTION ( 'NONE',  ( 1.000000000000000000, -0.000000000000000000, -7.709882115452476934E-17 ) ) ;
#5524 = CARTESIAN_POINT ( 'NONE',  ( 45.00000000000000711, 13.11422211844027963, 27.17386661099703460 ) ) ;
#5525 = ORIENTED_EDGE ( 'NONE', *, *, #3222, .T. ) ;
#5526 = DIRECTION ( 'NONE',  ( 0.000000000000000000, -1.000000000000000000, -3.004629197474320528E-16 ) ) ;
#5527 = DIRECTION ( 'NONE',  ( -0.000000000000000000, -0.000000000000000000, 1.000000000000000000 ) ) ;
#5528 = ADVANCED_FACE ( 'NONE', ( #4914 ), #5661, .F. ) ;
#5529 = EDGE_LOOP ( 'NONE', ( #1068, #2864, #7552, #3219, #8126, #5900 ) ) ;
#5530 = ORIENTED_EDGE ( 'NONE', *, *, #2803, .T. ) ;
#5531 = FACE_OUTER_BOUND ( 'NONE', #4134, .T. ) ;
#5532 = EDGE_CURVE ( 'NONE', #942, #3579, #1719, .T. ) ;
#5533 = AXIS2_PLACEMENT_3D ( 'NONE', #4667, #9300, #748 ) ;
#5534 = CARTESIAN_POINT ( 'NONE',  ( -10.72462220366567820, 28.22552384371531886, -45.00000000000000000 ) ) ;
#5535 = VECTOR ( 'NONE', #9330, 1000.000000000000000 ) ;
#5536 = VECTOR ( 'NONE', #5810, 1000.000000000000000 ) ;
#5537 = VECTOR ( 'NONE', #8331, 1000.000000000000000 ) ;
#5538 = LINE ( 'NONE', #3153, #1805 ) ;
#5539 = DIRECTION ( 'NONE',  ( 0.000000000000000000, -0.5000000000000002220, -0.8660254037844384856 ) ) ;
#5540 = CARTESIAN_POINT ( 'NONE',  ( -40.60000000000000142, 31.14481641337578210, -25.50528320582411723 ) ) ;
#5541 = CARTESIAN_POINT ( 'NONE',  ( 45.00000000000000711, 31.11227518966341066, -15.72462220366568175 ) ) ;
#5542 = ORIENTED_EDGE ( 'NONE', *, *, #8519, .T. ) ;
#5543 = CARTESIAN_POINT ( 'NONE',  ( 5.724622203665678200, 36.88577788155969728, -45.00000000000000000 ) ) ;
#5544 = VECTOR ( 'NONE', #4123, 1000.000000000000114 ) ;
#5545 = VECTOR ( 'NONE', #7206, 1000.000000000000000 ) ;
#5546 = ORIENTED_EDGE ( 'NONE', *, *, #5261, .F. ) ;
#5547 = DIRECTION ( 'NONE',  ( 1.000000000000000000, -0.000000000000000000, -7.709882115452476934E-17 ) ) ;
#5548 = VECTOR ( 'NONE', #2083, 1000.000000000000000 ) ;
#5549 = EDGE_CURVE ( 'NONE', #6771, #8996, #9335, .T. ) ;
#5550 = EDGE_LOOP ( 'NONE', ( #4350, #451, #5309, #6672 ) ) ;
#5551 = VERTEX_POINT ( 'NONE', #899 ) ;
#5552 = FACE_OUTER_BOUND ( 'NONE', #4183, .T. ) ;
#5553 = DIRECTION ( 'NONE',  ( 0.000000000000000000, -0.4999999999999998335, -0.8660254037844387076 ) ) ;
#5554 = VECTOR ( 'NONE', #1369, 1000.000000000000000 ) ;
#5555 = EDGE_CURVE ( 'NONE', #528, #5852, #4313, .T. ) ;
#5556 = PLANE ( 'NONE',  #8891 ) ;
#5557 = VECTOR ( 'NONE', #8479, 1000.000000000000000 ) ;
#5558 = CARTESIAN_POINT ( 'NONE',  ( 45.00000000000000711, 27.88675134594811311, 5.000000000000004441 ) ) ;
#5559 = LINE ( 'NONE', #5885, #3092 ) ;
#5560 = CARTESIAN_POINT ( 'NONE',  ( -37.17386661099703105, 31.11227518966343553, -45.00000000000000000 ) ) ;
#5561 = VERTEX_POINT ( 'NONE', #4051 ) ;
#5562 = EDGE_LOOP ( 'NONE', ( #6094, #8234, #2797, #8638 ) ) ;
#5563 = ORIENTED_EDGE ( 'NONE', *, *, #4983, .F. ) ;
#5564 = VECTOR ( 'NONE', #4341, 1000.000000000000000 ) ;
#5565 = VECTOR ( 'NONE', #7812, 999.9999999999998863 ) ;
#5566 = PLANE ( 'NONE',  #6005 ) ;
#5567 = AXIS2_PLACEMENT_3D ( 'NONE', #7297, #346, #496 ) ;
#5568 = DIRECTION ( 'NONE',  ( 0.000000000000000000, 0.5000000000000002220, 0.8660254037844384856 ) ) ;
#5569 = LINE ( 'NONE', #1510, #6687 ) ;
#5570 = LINE ( 'NONE', #1763, #720 ) ;
#5571 = ORIENTED_EDGE ( 'NONE', *, *, #7826, .F. ) ;
#5572 = ORIENTED_EDGE ( 'NONE', *, *, #5133, .T. ) ;
#5573 = VERTEX_POINT ( 'NONE', #3435 ) ;
#5574 = VECTOR ( 'NONE', #7167, 1000.000000000000114 ) ;
#5575 = EDGE_CURVE ( 'NONE', #3970, #955, #1104, .T. ) ;
#5576 = EDGE_LOOP ( 'NONE', ( #1176, #2414, #946, #6208, #5841, #8686 ) ) ;
#5577 = EDGE_CURVE ( 'NONE', #2088, #6424, #7128, .T. ) ;
#5578 = DIRECTION ( 'NONE',  ( 0.000000000000000000, 1.000000000000000000, 1.502314598737162976E-16 ) ) ;
#5579 = LINE ( 'NONE', #5421, #6581 ) ;
#5580 = CARTESIAN_POINT ( 'NONE',  ( 37.17386661099703105, 18.88772481033656092, -45.00000000000000000 ) ) ;
#5581 = DIRECTION ( 'NONE',  ( 1.000000000000000000, -0.000000000000000000, -7.709882115452476934E-17 ) ) ;
#5582 = DIRECTION ( 'NONE',  ( 0.000000000000000000, -1.000000000000000000, -3.004629197474320528E-16 ) ) ;
#5583 = VECTOR ( 'NONE', #3129, 1000.000000000000000 ) ;
#5584 = DIRECTION ( 'NONE',  ( 1.000000000000000000, -0.000000000000000000, 0.000000000000000000 ) ) ;
#5585 = FACE_OUTER_BOUND ( 'NONE', #2282, .T. ) ;
#5586 = ORIENTED_EDGE ( 'NONE', *, *, #402, .T. ) ;
#5587 = DIRECTION ( 'NONE',  ( 7.709882115452476934E-17, -3.004629197474320528E-16, 1.000000000000000000 ) ) ;
#5588 = ORIENTED_EDGE ( 'NONE', *, *, #920, .F. ) ;
#5589 = ORIENTED_EDGE ( 'NONE', *, *, #3745, .T. ) ;
#5590 = CARTESIAN_POINT ( 'NONE',  ( -45.00000000000000711, 36.88577788155966175, -27.17386661099701328 ) ) ;
#5591 = VECTOR ( 'NONE', #870, 1000.000000000000000 ) ;
#5592 = CARTESIAN_POINT ( 'NONE',  ( -45.00000000000000711, 22.11324865405183715, -16.44924440733134929 ) ) ;
#5593 = CARTESIAN_POINT ( 'NONE',  ( -45.00000000000000711, 13.11422211844027252, -15.72462220366567465 ) ) ;
#5594 = DIRECTION ( 'NONE',  ( 0.000000000000000000, 0.5000000000000007772, -0.8660254037844382635 ) ) ;
#5595 = LINE ( 'NONE', #2648, #9233 ) ;
#5596 = EDGE_LOOP ( 'NONE', ( #2027, #6671, #5612, #6578 ) ) ;
#5597 = DIRECTION ( 'NONE',  ( 1.000000000000000000, -0.000000000000000000, -7.709882115452476934E-17 ) ) ;
#5598 = VECTOR ( 'NONE', #276, 999.9999999999998863 ) ;
#5599 = ORIENTED_EDGE ( 'NONE', *, *, #1514, .T. ) ;
#5600 = PLANE ( 'NONE',  #1321 ) ;
#5601 = ORIENTED_EDGE ( 'NONE', *, *, #5073, .T. ) ;
#5602 = EDGE_LOOP ( 'NONE', ( #6139, #1667, #5601, #6072 ) ) ;
#5603 = CARTESIAN_POINT ( 'NONE',  ( -27.17386661099703460, 31.11227518966344263, -40.59999999999999432 ) ) ;
#5604 = LINE ( 'NONE', #9626, #6709 ) ;
#5605 = VECTOR ( 'NONE', #3730, 1000.000000000000000 ) ;
#5606 = CARTESIAN_POINT ( 'NONE',  ( 40.59999999999997300, 27.88675134594808824, 16.44924440733135285 ) ) ;
#5607 = EDGE_CURVE ( 'NONE', #2472, #5337, #2411, .T. ) ;
#5608 = DIRECTION ( 'NONE',  ( -3.854941057726239700E-17, 0.8660254037844385966, -0.5000000000000003331 ) ) ;
#5609 = CARTESIAN_POINT ( 'NONE',  ( -40.60000000000000142, 27.88675134594808469, 16.44924440733135640 ) ) ;
#5610 = VERTEX_POINT ( 'NONE', #2523 ) ;
#5611 = EDGE_CURVE ( 'NONE', #365, #4116, #5618, .T. ) ;
#5612 = ORIENTED_EDGE ( 'NONE', *, *, #6025, .F. ) ;
#5613 = EDGE_LOOP ( 'NONE', ( #6115, #1098, #145, #8631 ) ) ;
#5614 = EDGE_CURVE ( 'NONE', #243, #2608, #5511, .T. ) ;
#5615 = DIRECTION ( 'NONE',  ( 0.000000000000000000, 1.000000000000000000, 0.000000000000000000 ) ) ;
#5616 = CARTESIAN_POINT ( 'NONE',  ( 40.59999999999997300, 13.11422211844026720, 15.72462220366567465 ) ) ;
#5617 = LINE ( 'NONE', #178, #8437 ) ;
#5618 = LINE ( 'NONE', #6468, #2518 ) ;
#5619 = EDGE_CURVE ( 'NONE', #1520, #3678, #4201, .T. ) ;
#5620 = ORIENTED_EDGE ( 'NONE', *, *, #8700, .T. ) ;
#5621 = ORIENTED_EDGE ( 'NONE', *, *, #8419, .F. ) ;
#5622 = ORIENTED_EDGE ( 'NONE', *, *, #7227, .T. ) ;
#5623 = ORIENTED_EDGE ( 'NONE', *, *, #972, .T. ) ;
#5624 = CARTESIAN_POINT ( 'NONE',  ( -45.00000000000000711, 10.22747077249213810, -32.17386661099702394 ) ) ;
#5625 = CARTESIAN_POINT ( 'NONE',  ( -7.349586514821433880, 62.59140552900264964, -40.59999999999999432 ) ) ;
#5626 = FACE_OUTER_BOUND ( 'NONE', #167, .T. ) ;
#5627 = CARTESIAN_POINT ( 'NONE',  ( 44.99999999999999289, 36.88577788155965465, -37.17386661099702394 ) ) ;
#5628 = EDGE_CURVE ( 'NONE', #8643, #2667, #4814, .T. ) ;
#5629 = PLANE ( 'NONE',  #8579 ) ;
#5630 = ORIENTED_EDGE ( 'NONE', *, *, #2432, .T. ) ;
#5631 = CARTESIAN_POINT ( 'NONE',  ( -15.14297210399131366, 49.09286572558529826, -40.59999999999999432 ) ) ;
#5632 = VERTEX_POINT ( 'NONE', #6315 ) ;
#5633 = EDGE_LOOP ( 'NONE', ( #5323, #8109, #9651, #9315 ) ) ;
#5634 = DIRECTION ( 'NONE',  ( 0.8660254037844383745, 0.5000000000000003331, 0.000000000000000000 ) ) ;
#5635 = LINE ( 'NONE', #9558, #6871 ) ;
#5636 = DIRECTION ( 'NONE',  ( 0.000000000000000000, -1.000000000000000000, -1.502314598737162976E-16 ) ) ;
#5637 = CARTESIAN_POINT ( 'NONE',  ( 25.56579528252677491, 7.499999999999973355, -17.08051390828826754 ) ) ;
#5638 = CARTESIAN_POINT ( 'NONE',  ( -45.00000000000000711, 18.88772481033652895, 37.17386661099704526 ) ) ;
#5639 = DIRECTION ( 'NONE',  ( 0.000000000000000000, 0.5000000000000002220, 0.8660254037844384856 ) ) ;
#5640 = ORIENTED_EDGE ( 'NONE', *, *, #6541, .T. ) ;
#5641 = DIRECTION ( 'NONE',  ( 0.000000000000000000, 1.000000000000000000, 1.502314598737162976E-16 ) ) ;
#5642 = ORIENTED_EDGE ( 'NONE', *, *, #3784, .F. ) ;
#5643 = LINE ( 'NONE', #3161, #4948 ) ;
#5644 = DIRECTION ( 'NONE',  ( 0.8660254037844383745, 0.5000000000000004441, 0.000000000000000000 ) ) ;
#5645 = VERTEX_POINT ( 'NONE', #9389 ) ;
#5646 = ORIENTED_EDGE ( 'NONE', *, *, #1627, .T. ) ;
#5647 = CARTESIAN_POINT ( 'NONE',  ( -10.72462220366567820, 10.22747077249217362, -45.00000000000000000 ) ) ;
#5648 = CARTESIAN_POINT ( 'NONE',  ( -45.00000000000000711, 21.77447615628465982, 32.17386661099704526 ) ) ;
#5649 = LINE ( 'NONE', #1092, #3738 ) ;
#5650 = PLANE ( 'NONE',  #6166 ) ;
#5651 = LINE ( 'NONE', #9378, #9132 ) ;
#5652 = ORIENTED_EDGE ( 'NONE', *, *, #7787, .F. ) ;
#5653 = FACE_BOUND ( 'NONE', #6901, .T. ) ;
#5654 = ORIENTED_EDGE ( 'NONE', *, *, #9012, .F. ) ;
#5655 = VERTEX_POINT ( 'NONE', #2467 ) ;
#5656 = EDGE_CURVE ( 'NONE', #1213, #585, #5570, .T. ) ;
#5657 = ADVANCED_FACE ( 'NONE', ( #992 ), #7182, .F. ) ;
#5658 = LINE ( 'NONE', #4967, #7284 ) ;
#5659 = CARTESIAN_POINT ( 'NONE',  ( -45.00000000000000711, 30.77350269189622267, 21.44924440733137061 ) ) ;
#5660 = LINE ( 'NONE', #9641, #8600 ) ;
#5661 = PLANE ( 'NONE',  #5275 ) ;
#5662 = VERTEX_POINT ( 'NONE', #1447 ) ;
#5663 = ORIENTED_EDGE ( 'NONE', *, *, #5801, .T. ) ;
#5664 = ORIENTED_EDGE ( 'NONE', *, *, #721, .F. ) ;
#5665 = EDGE_CURVE ( 'NONE', #4818, #231, #9939, .T. ) ;
#5666 = ORIENTED_EDGE ( 'NONE', *, *, #3441, .T. ) ;
#5667 = DIRECTION ( 'NONE',  ( 1.000000000000000000, -0.000000000000000000, -7.709882115452476934E-17 ) ) ;
#5668 = EDGE_CURVE ( 'NONE', #9068, #2428, #3018, .T. ) ;
#5669 = CARTESIAN_POINT ( 'NONE',  ( -45.00000000000000711, 31.11227518966341066, 27.17386661099704170 ) ) ;
#5670 = CARTESIAN_POINT ( 'NONE',  ( -40.60000000000000142, 13.11422211844027963, 27.17386661099704170 ) ) ;
#5671 = CARTESIAN_POINT ( 'NONE',  ( -36.24794293601156170, -2.537983952267031551, -40.59999999999999432 ) ) ;
#5672 = CIRCLE ( 'NONE', #642, 2.000000000000001776 ) ;
#5673 = ORIENTED_EDGE ( 'NONE', *, *, #727, .F. ) ;
#5674 = ADVANCED_FACE ( 'NONE', ( #774 ), #1554, .T. ) ;
#5675 = VECTOR ( 'NONE', #98, 1000.000000000000227 ) ;
#5676 = ORIENTED_EDGE ( 'NONE', *, *, #6946, .F. ) ;
#5677 = ORIENTED_EDGE ( 'NONE', *, *, #4893, .F. ) ;
#5678 = ORIENTED_EDGE ( 'NONE', *, *, #7322, .F. ) ;
#5679 = CARTESIAN_POINT ( 'NONE',  ( 45.00000000000000711, 18.88772481033650763, 5.724622203665676423 ) ) ;
#5680 = EDGE_CURVE ( 'NONE', #8928, #1115, #1498, .T. ) ;
#5681 = CARTESIAN_POINT ( 'NONE',  ( -45.00000000000000711, 27.88675134594810956, -4.999999999999991118 ) ) ;
#5682 = AXIS2_PLACEMENT_3D ( 'NONE', #10013, #1634, #6292 ) ;
#5683 = AXIS2_PLACEMENT_3D ( 'NONE', #7711, #1352, #9876 ) ;
#5684 = CARTESIAN_POINT ( 'NONE',  ( -45.00000000000000711, 13.11422211844027252, 5.724622203665681752 ) ) ;
#5685 = CARTESIAN_POINT ( 'NONE',  ( -45.00000000000000711, 10.22747077249213810, 10.72462220366568353 ) ) ;
#5686 = CARTESIAN_POINT ( 'NONE',  ( 27.17386661099703460, 36.88577788155969728, -45.00000000000000000 ) ) ;
#5687 = PLANE ( 'NONE',  #9884 ) ;
#5688 = CARTESIAN_POINT ( 'NONE',  ( 45.00000000000000711, 22.11324865405185491, 5.000000000000002665 ) ) ;
#5689 = ORIENTED_EDGE ( 'NONE', *, *, #9868, .F. ) ;
#5690 = DIRECTION ( 'NONE',  ( 0.8660254037844383745, 0.5000000000000003331, 0.000000000000000000 ) ) ;
#5691 = VERTEX_POINT ( 'NONE', #7719 ) ;
#5692 = FACE_BOUND ( 'NONE', #7069, .T. ) ;
#5693 = ORIENTED_EDGE ( 'NONE', *, *, #5181, .F. ) ;
#5694 = VECTOR ( 'NONE', #7305, 1000.000000000000000 ) ;
#5695 = ORIENTED_EDGE ( 'NONE', *, *, #8226, .T. ) ;
#5696 = VECTOR ( 'NONE', #6773, 1000.000000000000000 ) ;
#5697 = VECTOR ( 'NONE', #3586, 1000.000000000000000 ) ;
#5698 = LINE ( 'NONE', #161, #6528 ) ;
#5699 = EDGE_CURVE ( 'NONE', #1859, #5491, #6813, .T. ) ;
#5700 = DIRECTION ( 'NONE',  ( 0.000000000000000000, -0.4999999999999998335, -0.8660254037844387076 ) ) ;
#5701 = ADVANCED_FACE ( 'NONE', ( #9215 ), #9887, .F. ) ;
#5702 = CARTESIAN_POINT ( 'NONE',  ( 45.00000000000000711, 19.22649730810370627, 21.44924440733135640 ) ) ;
#5703 = VECTOR ( 'NONE', #4373, 1000.000000000000000 ) ;
#5704 = CARTESIAN_POINT ( 'NONE',  ( -45.00000000000000711, 22.11324865405183715, -16.44924440733134929 ) ) ;
#5705 = PRODUCT_DEFINITION_FORMATION_WITH_SPECIFIED_SOURCE ( 'ANY', '', #2853, .NOT_KNOWN. ) ;
#5706 = VECTOR ( 'NONE', #5336, 1000.000000000000000 ) ;
#5707 = FACE_OUTER_BOUND ( 'NONE', #329, .T. ) ;
#5708 = ORIENTED_EDGE ( 'NONE', *, *, #7635, .F. ) ;
#5709 = LINE ( 'NONE', #8774, #2159 ) ;
#5710 = ORIENTED_EDGE ( 'NONE', *, *, #5815, .F. ) ;
#5711 = ORIENTED_EDGE ( 'NONE', *, *, #2068, .T. ) ;
#5712 = ORIENTED_EDGE ( 'NONE', *, *, #8790, .F. ) ;
#5713 = AXIS2_PLACEMENT_3D ( 'NONE', #941, #275, #6421 ) ;
#5714 = VECTOR ( 'NONE', #8086, 999.9999999999998863 ) ;
#5715 = CARTESIAN_POINT ( 'NONE',  ( -45.00000000000000711, 18.88772481033652184, 15.72462220366568530 ) ) ;
#5716 = CARTESIAN_POINT ( 'NONE',  ( 5.724622203665681752, 13.11422211844030450, -45.00000000000000000 ) ) ;
#5717 = PLANE ( 'NONE',  #5713 ) ;
#5718 = ADVANCED_FACE ( 'NONE', ( #5401 ), #2165, .F. ) ;
#5719 = AXIS2_PLACEMENT_3D ( 'NONE', #819, #719, #9124 ) ;
#5720 = VERTEX_POINT ( 'NONE', #672 ) ;
#5721 = VERTEX_POINT ( 'NONE', #4691 ) ;
#5722 = VECTOR ( 'NONE', #2152, 999.9999999999998863 ) ;
#5723 = ADVANCED_FACE ( 'NONE', ( #4644 ), #3880, .F. ) ;
#5724 = ORIENTED_EDGE ( 'NONE', *, *, #418, .T. ) ;
#5725 = CARTESIAN_POINT ( 'NONE',  ( 45.00000000000000711, 22.11324865405186202, -4.999999999999999112 ) ) ;
#5726 = AXIS2_PLACEMENT_3D ( 'NONE', #5229, #1569, #7732 ) ;
#5727 = DIRECTION ( 'NONE',  ( -0.000000000000000000, -0.000000000000000000, 1.000000000000000000 ) ) ;
#5728 = EDGE_CURVE ( 'NONE', #3858, #505, #2357, .T. ) ;
#5729 = LINE ( 'NONE', #4824, #570 ) ;
#5730 = CARTESIAN_POINT ( 'NONE',  ( -45.00000000000000711, 10.22747077249213810, -10.72462220366567287 ) ) ;
#5731 = LINE ( 'NONE', #8149, #181 ) ;
#5732 = AXIS2_PLACEMENT_3D ( 'NONE', #1293, #4484, #9719 ) ;
#5733 = EDGE_CURVE ( 'NONE', #459, #9287, #4802, .T. ) ;
#5734 = ORIENTED_EDGE ( 'NONE', *, *, #3944, .T. ) ;
#5735 = ORIENTED_EDGE ( 'NONE', *, *, #7439, .T. ) ;
#5736 = ORIENTED_EDGE ( 'NONE', *, *, #9656, .F. ) ;
#5737 = ADVANCED_FACE ( 'NONE', ( #6146 ), #9833, .F. ) ;
#5738 = CARTESIAN_POINT ( 'NONE',  ( -26.44924440733133864, 5.000000000000006217, -40.59999999999999432 ) ) ;
#5739 = PLANE ( 'NONE',  #8466 ) ;
#5740 = VECTOR ( 'NONE', #6500, 1000.000000000000000 ) ;
#5741 = DIRECTION ( 'NONE',  ( 0.000000000000000000, -1.000000000000000000, 0.000000000000000000 ) ) ;
#5742 = DIRECTION ( 'NONE',  ( -0.000000000000000000, -0.000000000000000000, 1.000000000000000000 ) ) ;
#5743 = CARTESIAN_POINT ( 'NONE',  ( 17.08051390828823912, 1.999999999999988010, -33.34396987557885694 ) ) ;
#5744 = DIRECTION ( 'NONE',  ( -0.8660254037844387076, 0.4999999999999998890, 0.000000000000000000 ) ) ;
#5745 = DIRECTION ( 'NONE',  ( 0.000000000000000000, 1.000000000000000000, 1.502314598737162729E-16 ) ) ;
#5746 = ORIENTED_EDGE ( 'NONE', *, *, #754, .F. ) ;
#5747 = DIRECTION ( 'NONE',  ( 0.000000000000000000, 1.000000000000000000, 0.000000000000000000 ) ) ;
#5748 = EDGE_CURVE ( 'NONE', #6750, #1864, #9078, .T. ) ;
#5749 = ORIENTED_EDGE ( 'NONE', *, *, #6547, .F. ) ;
#5750 = DIRECTION ( 'NONE',  ( -1.000000000000000000, -6.009258394948641055E-16, 0.000000000000000000 ) ) ;
#5751 = DIRECTION ( 'NONE',  ( 0.000000000000000000, 0.000000000000000000, 1.000000000000000000 ) ) ;
#5752 = VECTOR ( 'NONE', #9157, 999.9999999999998863 ) ;
#5753 = ORIENTED_EDGE ( 'NONE', *, *, #1887, .T. ) ;
#5754 = ORIENTED_EDGE ( 'NONE', *, *, #1454, .T. ) ;
#5755 = CARTESIAN_POINT ( 'NONE',  ( -45.00000000000000711, 27.88675134594809180, -16.44924440733134574 ) ) ;
#5756 = CARTESIAN_POINT ( 'NONE',  ( 45.00000000000000711, 31.11227518966340355, -27.17386661099702039 ) ) ;
#5757 = DIRECTION ( 'NONE',  ( -7.709882115452476934E-17, 1.502314598737162976E-16, -1.000000000000000000 ) ) ;
#5758 = AXIS2_PLACEMENT_3D ( 'NONE', #6980, #2316, #3743 ) ;
#5759 = CARTESIAN_POINT ( 'NONE',  ( -32.17386661099703105, 28.22552384371531176, -45.00000000000000000 ) ) ;
#5760 = EDGE_LOOP ( 'NONE', ( #2446, #2, #2279, #6195 ) ) ;
#5761 = FACE_OUTER_BOUND ( 'NONE', #8542, .T. ) ;
#5762 = EDGE_CURVE ( 'NONE', #2581, #1044, #2558, .T. ) ;
#5763 = EDGE_CURVE ( 'NONE', #6318, #7266, #5651, .T. ) ;
#5764 = ORIENTED_EDGE ( 'NONE', *, *, #6847, .T. ) ;
#5765 = VERTEX_POINT ( 'NONE', #4750 ) ;
#5766 = VERTEX_POINT ( 'NONE', #4805 ) ;
#5767 = VECTOR ( 'NONE', #3686, 1000.000000000000114 ) ;
#5768 = DIRECTION ( 'NONE',  ( 0.5000000000000004441, -0.8660254037844384856, 0.000000000000000000 ) ) ;
#5769 = CARTESIAN_POINT ( 'NONE',  ( 45.00000000000000711, 10.22747077249213810, -32.17386661099703105 ) ) ;
#5770 = DIRECTION ( 'NONE',  ( 0.4999999999999998890, 0.8660254037844387076, 0.000000000000000000 ) ) ;
#5771 = ORIENTED_EDGE ( 'NONE', *, *, #1642, .T. ) ;
#5772 = ORIENTED_EDGE ( 'NONE', *, *, #4619, .T. ) ;
#5773 = CARTESIAN_POINT ( 'NONE',  ( 32.17386661099703105, 28.22552384371531886, -40.59999999999999432 ) ) ;
#5774 = DIRECTION ( 'NONE',  ( 0.5000000000000004441, -0.8660254037844384856, 0.000000000000000000 ) ) ;
#5775 = CARTESIAN_POINT ( 'NONE',  ( -27.17386661099703460, 18.88772481033655026, -40.59999999999999432 ) ) ;
#5776 = FACE_BOUND ( 'NONE', #4742, .T. ) ;
#5777 = LINE ( 'NONE', #5825, #987 ) ;
#5778 = ORIENTED_EDGE ( 'NONE', *, *, #7331, .T. ) ;
#5779 = ORIENTED_EDGE ( 'NONE', *, *, #8253, .F. ) ;
#5780 = ORIENTED_EDGE ( 'NONE', *, *, #6946, .T. ) ;
#5781 = ORIENTED_EDGE ( 'NONE', *, *, #9846, .T. ) ;
#5782 = CARTESIAN_POINT ( 'NONE',  ( -17.71189761665426232, 44.64335621679315835, 40.59999999999999432 ) ) ;
#5783 = EDGE_CURVE ( 'NONE', #8764, #6544, #221, .T. ) ;
#5784 = ADVANCED_FACE ( 'NONE', ( #7172 ), #2511, .F. ) ;
#5785 = CARTESIAN_POINT ( 'NONE',  ( 3.083024471509450581, 0.000000000000000000, 16.00885862052730957 ) ) ;
#5786 = EDGE_CURVE ( 'NONE', #5561, #8745, #69, .T. ) ;
#5787 = LINE ( 'NONE', #8003, #5997 ) ;
#5788 = CARTESIAN_POINT ( 'NONE',  ( -10.72462220366567820, 28.22552384371531886, -45.00000000000000000 ) ) ;
#5789 = FACE_OUTER_BOUND ( 'NONE', #6762, .T. ) ;
#5790 = LINE ( 'NONE', #3404, #3104 ) ;
#5791 = EDGE_CURVE ( 'NONE', #411, #902, #2603, .T. ) ;
#5792 = DIRECTION ( 'NONE',  ( 0.000000000000000000, 1.000000000000000000, 1.502314598737162729E-16 ) ) ;
#5793 = ORIENTED_EDGE ( 'NONE', *, *, #7826, .T. ) ;
#5794 = CARTESIAN_POINT ( 'NONE',  ( 45.00000000000000711, 27.88675134594808824, 16.44924440733135285 ) ) ;
#5795 = ORIENTED_EDGE ( 'NONE', *, *, #5532, .T. ) ;
#5796 = DIRECTION ( 'NONE',  ( 0.000000000000000000, 0.5000000000000005551, -0.8660254037844382635 ) ) ;
#5797 = FACE_OUTER_BOUND ( 'NONE', #1461, .T. ) ;
#5798 = VERTEX_POINT ( 'NONE', #1709 ) ;
#5799 = ORIENTED_EDGE ( 'NONE', *, *, #8315, .F. ) ;
#5800 = DIRECTION ( 'NONE',  ( 0.000000000000000000, -0.5000000000000006661, 0.8660254037844383745 ) ) ;
#5801 = EDGE_CURVE ( 'NONE', #947, #2640, #8626, .T. ) ;
#5802 = DIRECTION ( 'NONE',  ( 1.000000000000000000, -0.000000000000000000, -7.709882115452476934E-17 ) ) ;
#5803 = ADVANCED_FACE ( 'NONE', ( #5707 ), #1858, .F. ) ;
#5804 = EDGE_CURVE ( 'NONE', #7379, #6790, #4144, .T. ) ;
#5805 = DIRECTION ( 'NONE',  ( 1.000000000000000000, -0.000000000000000000, -7.709882115452476934E-17 ) ) ;
#5806 = DIRECTION ( 'NONE',  ( -0.000000000000000000, -0.000000000000000000, 1.000000000000000000 ) ) ;
#5807 = CARTESIAN_POINT ( 'NONE',  ( 40.59999999999999432, 6.749811322098064004, -41.61025403784437060 ) ) ;
#5808 = CARTESIAN_POINT ( 'NONE',  ( -36.22990540948982385, 12.56922586464554925, 40.59999999999999432 ) ) ;
#5809 = VERTEX_POINT ( 'NONE', #166 ) ;
#5810 = DIRECTION ( 'NONE',  ( 0.000000000000000000, 1.000000000000000000, 1.502314598737162729E-16 ) ) ;
#5811 = ORIENTED_EDGE ( 'NONE', *, *, #5344, .T. ) ;
#5812 = VERTEX_POINT ( 'NONE', #8566 ) ;
#5813 = ORIENTED_EDGE ( 'NONE', *, *, #4190, .T. ) ;
#5814 = CARTESIAN_POINT ( 'NONE',  ( -32.17386661099703105, 10.22747077249217362, -45.00000000000000000 ) ) ;
#5815 = EDGE_CURVE ( 'NONE', #6424, #712, #3271, .T. ) ;
#5816 = CARTESIAN_POINT ( 'NONE',  ( 45.00000000000000711, 31.11227518966341066, -37.17386661099702394 ) ) ;
#5817 = DIRECTION ( 'NONE',  ( 0.000000000000000000, 1.000000000000000000, 1.502314598737162729E-16 ) ) ;
#5818 = CARTESIAN_POINT ( 'NONE',  ( 5.413252018710207558, 1.999999999999988010, -21.67670798600081739 ) ) ;
#5819 = ORIENTED_EDGE ( 'NONE', *, *, #6744, .T. ) ;
#5820 = ORIENTED_EDGE ( 'NONE', *, *, #8089, .T. ) ;
#5821 = DIRECTION ( 'NONE',  ( 0.000000000000000000, -1.000000000000000000, 0.000000000000000000 ) ) ;
#5822 = EDGE_CURVE ( 'NONE', #4998, #3846, #7075, .T. ) ;
#5823 = DIRECTION ( 'NONE',  ( 1.000000000000000000, -0.000000000000000000, -7.709882115452476934E-17 ) ) ;
#5824 = PLANE ( 'NONE',  #3933 ) ;
#5825 = CARTESIAN_POINT ( 'NONE',  ( -45.00000000000000711, 28.22552384371527623, -32.17386661099701683 ) ) ;
#5826 = ORIENTED_EDGE ( 'NONE', *, *, #3782, .F. ) ;
#5827 = VERTEX_POINT ( 'NONE', #5609 ) ;
#5828 = EDGE_LOOP ( 'NONE', ( #5939, #936, #3489, #4769, #5441, #1755 ) ) ;
#5829 = CARTESIAN_POINT ( 'NONE',  ( 40.59999999999999432, 4.999999999999980460, 15.72462220366567465 ) ) ;
#5830 = CARTESIAN_POINT ( 'NONE',  ( 37.17386661099703105, 36.88577788155969728, -45.00000000000000000 ) ) ;
#5831 = DIRECTION ( 'NONE',  ( 0.000000000000000000, -0.5000000000000006661, 0.8660254037844381525 ) ) ;
#5832 = VECTOR ( 'NONE', #2160, 1000.000000000000000 ) ;
#5833 = DIRECTION ( 'NONE',  ( 0.8660254037844388186, -0.4999999999999997224, 0.000000000000000000 ) ) ;
#5834 = CARTESIAN_POINT ( 'NONE',  ( -45.00000000000000711, 13.11422211844026720, 15.72462220366568175 ) ) ;
#5835 = ADVANCED_FACE ( 'NONE', ( #265 ), #9523, .F. ) ;
#5836 = VERTEX_POINT ( 'NONE', #1754 ) ;
#5837 = ORIENTED_EDGE ( 'NONE', *, *, #6925, .F. ) ;
#5838 = CARTESIAN_POINT ( 'NONE',  ( -10.72462220366567820, 21.77447615628467759, -45.00000000000000000 ) ) ;
#5839 = FACE_BOUND ( 'NONE', #4055, .T. ) ;
#5840 = ORIENTED_EDGE ( 'NONE', *, *, #3698, .F. ) ;
#5841 = ORIENTED_EDGE ( 'NONE', *, *, #3279, .F. ) ;
#5842 = FACE_OUTER_BOUND ( 'NONE', #9679, .T. ) ;
#5843 = AXIS2_PLACEMENT_3D ( 'NONE', #2966, #2063, #9023 ) ;
#5844 = CARTESIAN_POINT ( 'NONE',  ( -45.00000000000000711, 31.11227518966340355, 37.17386661099704526 ) ) ;
#5845 = VECTOR ( 'NONE', #1193, 1000.000000000000114 ) ;
#5846 = CARTESIAN_POINT ( 'NONE',  ( -45.00000000000000711, 36.88577788155966175, -27.17386661099701328 ) ) ;
#5847 = LINE ( 'NONE', #5807, #3277 ) ;
#5848 = EDGE_CURVE ( 'NONE', #4907, #5720, #7915, .T. ) ;
#5849 = ORIENTED_EDGE ( 'NONE', *, *, #1344, .F. ) ;
#5850 = FACE_BOUND ( 'NONE', #2168, .T. ) ;
#5851 = AXIS2_PLACEMENT_3D ( 'NONE', #5684, #1019, #1891 ) ;
#5852 = VERTEX_POINT ( 'NONE', #982 ) ;
#5853 = ORIENTED_EDGE ( 'NONE', *, *, #1589, .T. ) ;
#5854 = ORIENTED_EDGE ( 'NONE', *, *, #1006, .T. ) ;
#5855 = ORIENTED_EDGE ( 'NONE', *, *, #2258, .F. ) ;
#5856 = EDGE_CURVE ( 'NONE', #712, #9730, #1802, .T. ) ;
#5857 = DIRECTION ( 'NONE',  ( 0.2886751345948136427, -0.6804138174397681427, 0.6735753140545666096 ) ) ;
#5858 = CIRCLE ( 'NONE', #4080, 2.000000000000001776 ) ;
#5859 = PLANE ( 'NONE',  #7291 ) ;
#5860 = VECTOR ( 'NONE', #1761, 1000.000000000000000 ) ;
#5861 = LINE ( 'NONE', #8187, #9717 ) ;
#5862 = CARTESIAN_POINT ( 'NONE',  ( -48.18810238334575757, 18.14297886098933077, -40.59999999999999432 ) ) ;
#5863 = ORIENTED_EDGE ( 'NONE', *, *, #5786, .F. ) ;
#5864 = ORIENTED_EDGE ( 'NONE', *, *, #9035, .T. ) ;
#5865 = VECTOR ( 'NONE', #5931, 1000.000000000000114 ) ;
#5866 = VECTOR ( 'NONE', #9582, 1000.000000000000114 ) ;
#5867 = DIRECTION ( 'NONE',  ( 0.000000000000000000, -0.4999999999999998335, -0.8660254037844387076 ) ) ;
#5868 = CARTESIAN_POINT ( 'NONE',  ( -36.61025403784437771, -1.910442715746314635, -40.59999999999999432 ) ) ;
#5869 = AXIS2_PLACEMENT_3D ( 'NONE', #3886, #1664, #6158 ) ;
#5870 = VECTOR ( 'NONE', #4979, 1000.000000000000000 ) ;
#5871 = CARTESIAN_POINT ( 'NONE',  ( -45.00000000000000711, 36.88577788155965465, -15.72462220366567109 ) ) ;
#5872 = LINE ( 'NONE', #8993, #6235 ) ;
#5873 = LINE ( 'NONE', #5962, #2629 ) ;
#5874 = DIRECTION ( 'NONE',  ( -0.8660254037844387076, 0.4999999999999998890, 0.000000000000000000 ) ) ;
#5875 = ORIENTED_EDGE ( 'NONE', *, *, #9045, .T. ) ;
#5876 = EDGE_CURVE ( 'NONE', #5645, #8628, #7026, .T. ) ;
#5877 = ORIENTED_EDGE ( 'NONE', *, *, #3122, .F. ) ;
#5878 = VECTOR ( 'NONE', #4382, 1000.000000000000000 ) ;
#5879 = ORIENTED_EDGE ( 'NONE', *, *, #9386, .T. ) ;
#5880 = LINE ( 'NONE', #5782, #689 ) ;
#5881 = CARTESIAN_POINT ( 'NONE',  ( 40.59999999999999432, 4.999999999999995559, -26.44924440733135995 ) ) ;
#5882 = FACE_OUTER_BOUND ( 'NONE', #9493, .T. ) ;
#5883 = VECTOR ( 'NONE', #6644, 1000.000000000000000 ) ;
#5884 = LINE ( 'NONE', #2741, #3776 ) ;
#5885 = CARTESIAN_POINT ( 'NONE',  ( -45.00000000000000711, 22.11324865405184426, 16.44924440733135640 ) ) ;
#5886 = ORIENTED_EDGE ( 'NONE', *, *, #5001, .T. ) ;
#5887 = ORIENTED_EDGE ( 'NONE', *, *, #6418, .T. ) ;
#5888 = FACE_BOUND ( 'NONE', #7987, .T. ) ;
#5889 = VERTEX_POINT ( 'NONE', #4959 ) ;
#5890 = VERTEX_POINT ( 'NONE', #828 ) ;
#5891 = CARTESIAN_POINT ( 'NONE',  ( -32.17386661099703105, 10.22747077249217362, 40.59999999999996589 ) ) ;
#5892 = AXIS2_PLACEMENT_3D ( 'NONE', #9943, #2915, #3021 ) ;
#5893 = CARTESIAN_POINT ( 'NONE',  ( -32.17386661099703105, 21.77447615628467759, 40.59999999999999432 ) ) ;
#5894 = CARTESIAN_POINT ( 'NONE',  ( -14.28758280088807098, 10.00000000000000000, 0.9332857743154497898 ) ) ;
#5895 = CARTESIAN_POINT ( 'NONE',  ( 37.17386661099703105, 36.88577788155969728, 45.00000000000000000 ) ) ;
#5896 = EDGE_CURVE ( 'NONE', #5809, #3896, #2403, .T. ) ;
#5897 = LINE ( 'NONE', #4345, #6184 ) ;
#5898 = VECTOR ( 'NONE', #5125, 1000.000000000000114 ) ;
#5899 = DIRECTION ( 'NONE',  ( 7.709882115452476934E-17, -3.004629197474320528E-16, 1.000000000000000000 ) ) ;
#5900 = ORIENTED_EDGE ( 'NONE', *, *, #5922, .T. ) ;
#5901 = LINE ( 'NONE', #5297, #7623 ) ;
#5902 = AXIS2_PLACEMENT_3D ( 'NONE', #9845, #903, #4557 ) ;
#5903 = ORIENTED_EDGE ( 'NONE', *, *, #2225, .T. ) ;
#5904 = ORIENTED_EDGE ( 'NONE', *, *, #454, .T. ) ;
#5905 = VERTEX_POINT ( 'NONE', #7417 ) ;
#5906 = ORIENTED_EDGE ( 'NONE', *, *, #6673, .T. ) ;
#5907 = ADVANCED_FACE ( 'NONE', ( #2663 ), #424, .F. ) ;
#5908 = VECTOR ( 'NONE', #6555, 1000.000000000000000 ) ;
#5909 = CARTESIAN_POINT ( 'NONE',  ( -45.00000000000000711, 31.11227518966341066, -15.72462220366567465 ) ) ;
#5910 = EDGE_CURVE ( 'NONE', #3105, #8069, #1094, .T. ) ;
#5911 = CARTESIAN_POINT ( 'NONE',  ( -7.349586514821433880, 62.59140552900264964, 40.59999999999999432 ) ) ;
#5912 = LINE ( 'NONE', #5169, #3643 ) ;
#5913 = EDGE_CURVE ( 'NONE', #585, #4585, #2756, .T. ) ;
#5914 = EDGE_LOOP ( 'NONE', ( #7506, #7686, #1173, #6529, #7840 ) ) ;
#5915 = VERTEX_POINT ( 'NONE', #3575 ) ;
#5916 = VECTOR ( 'NONE', #6780, 1000.000000000000227 ) ;
#5917 = CARTESIAN_POINT ( 'NONE',  ( -40.60000000000000142, -13.93115149115832097, -29.67009459051014986 ) ) ;
#5918 = EDGE_CURVE ( 'NONE', #8688, #9201, #8922, .T. ) ;
#5919 = CARTESIAN_POINT ( 'NONE',  ( -37.17386661099703105, 13.11422211844029739, -40.59999999999999432 ) ) ;
#5920 = AXIS2_PLACEMENT_3D ( 'NONE', #9983, #7670, #6204 ) ;
#5921 = EDGE_CURVE ( 'NONE', #847, #1567, #1911, .T. ) ;
#5922 = EDGE_CURVE ( 'NONE', #2667, #2759, #2011, .T. ) ;
#5923 = LINE ( 'NONE', #8238, #2148 ) ;
#5924 = PLANE ( 'NONE',  #9934 ) ;
#5925 = FACE_OUTER_BOUND ( 'NONE', #134, .T. ) ;
#5926 = ORIENTED_EDGE ( 'NONE', *, *, #5201, .F. ) ;
#5927 = ORIENTED_EDGE ( 'NONE', *, *, #7838, .T. ) ;
#5928 = ORIENTED_EDGE ( 'NONE', *, *, #4968, .F. ) ;
#5929 = LINE ( 'NONE', #452, #5248 ) ;
#5930 = ADVANCED_FACE ( 'NONE', ( #9016 ), #6516, .F. ) ;
#5931 = DIRECTION ( 'NONE',  ( -0.8660254037844387076, 0.4999999999999998890, 0.000000000000000000 ) ) ;
#5932 = LINE ( 'NONE', #1331, #883 ) ;
#5933 = CARTESIAN_POINT ( 'NONE',  ( -10.28129369291628592, 4.999999999999997335, 10.28129369291628237 ) ) ;
#5934 = LINE ( 'NONE', #9002, #9 ) ;
#5935 = ORIENTED_EDGE ( 'NONE', *, *, #8237, .T. ) ;
#5936 = ORIENTED_EDGE ( 'NONE', *, *, #9702, .F. ) ;
#5937 = CARTESIAN_POINT ( 'NONE',  ( 5.724622203665681752, 31.11227518966344263, -45.00000000000000000 ) ) ;
#5938 = VERTEX_POINT ( 'NONE', #8177 ) ;
#5939 = ORIENTED_EDGE ( 'NONE', *, *, #5607, .T. ) ;
#5940 = LINE ( 'NONE', #5153, #3458 ) ;
#5941 = DIRECTION ( 'NONE',  ( 0.000000000000000000, -1.000000000000000000, -3.004629197474320035E-16 ) ) ;
#5942 = LINE ( 'NONE', #469, #7527 ) ;
#5943 = PLANE ( 'NONE',  #4576 ) ;
#5944 = CARTESIAN_POINT ( 'NONE',  ( -37.17386661099703105, 18.88772481033655382, -45.00000000000000000 ) ) ;
#5945 = ORIENTED_EDGE ( 'NONE', *, *, #7273, .F. ) ;
#5946 = FACE_OUTER_BOUND ( 'NONE', #605, .T. ) ;
#5947 = ORIENTED_EDGE ( 'NONE', *, *, #3652, .T. ) ;
#5948 = VERTEX_POINT ( 'NONE', #8972 ) ;
#5949 = ORIENTED_EDGE ( 'NONE', *, *, #1455, .F. ) ;
#5950 = ORIENTED_EDGE ( 'NONE', *, *, #8327, .F. ) ;
#5951 = DIRECTION ( 'NONE',  ( -0.000000000000000000, -0.000000000000000000, 1.000000000000000000 ) ) ;
#5952 = LINE ( 'NONE', #3877, #4062 ) ;
#5953 = LINE ( 'NONE', #9831, #5697 ) ;
#5954 = LINE ( 'NONE', #2909, #4424 ) ;
#5955 = ORIENTED_EDGE ( 'NONE', *, *, #5184, .F. ) ;
#5956 = ORIENTED_EDGE ( 'NONE', *, *, #8920, .F. ) ;
#5957 = EDGE_CURVE ( 'NONE', #2759, #7157, #2056, .T. ) ;
#5958 = LINE ( 'NONE', #7575, #8948 ) ;
#5959 = DIRECTION ( 'NONE',  ( -0.4999999999999998890, 0.8660254037844387076, 0.000000000000000000 ) ) ;
#5960 = LINE ( 'NONE', #1181, #3585 ) ;
#5961 = DIRECTION ( 'NONE',  ( 0.000000000000000000, 0.5000000000000002220, 0.8660254037844384856 ) ) ;
#5962 = CARTESIAN_POINT ( 'NONE',  ( 45.00000000000000711, 13.11422211844027252, -15.72462220366568175 ) ) ;
#5963 = EDGE_CURVE ( 'NONE', #3941, #1744, #1298, .T. ) ;
#5964 = ORIENTED_EDGE ( 'NONE', *, *, #1837, .T. ) ;
#5965 = ORIENTED_EDGE ( 'NONE', *, *, #6117, .T. ) ;
#5966 = EDGE_CURVE ( 'NONE', #4888, #5062, #3626, .T. ) ;
#5967 = ORIENTED_EDGE ( 'NONE', *, *, #7263, .F. ) ;
#5968 = UNCERTAINTY_MEASURE_WITH_UNIT (LENGTH_MEASURE( 1.000000000000000082E-05 ), #567, 'distance_accuracy_value', 'NONE');
#5969 = LINE ( 'NONE', #2124, #7020 ) ;
#5970 = CARTESIAN_POINT ( 'NONE',  ( 5.724622203665678200, 36.88577788155969728, 40.59999999999996589 ) ) ;
#5971 = LINE ( 'NONE', #3558, #1542 ) ;
#5972 = LINE ( 'NONE', #1283, #6688 ) ;
#5973 = EDGE_CURVE ( 'NONE', #8643, #1836, #2858, .T. ) ;
#5974 = DIRECTION ( 'NONE',  ( 0.000000000000000000, 0.5000000000000002220, 0.8660254037844384856 ) ) ;
#5975 = VERTEX_POINT ( 'NONE', #2094 ) ;
#5976 = ORIENTED_EDGE ( 'NONE', *, *, #9656, .T. ) ;
#5977 = FACE_OUTER_BOUND ( 'NONE', #9958, .T. ) ;
#5978 = ORIENTED_EDGE ( 'NONE', *, *, #3870, .T. ) ;
#5979 = ORIENTED_EDGE ( 'NONE', *, *, #6049, .T. ) ;
#5980 = DIRECTION ( 'NONE',  ( 0.000000000000000000, -0.4999999999999998335, -0.8660254037844387076 ) ) ;
#5981 = DIRECTION ( 'NONE',  ( 0.000000000000000000, 1.000000000000000000, 0.000000000000000000 ) ) ;
#5982 = FACE_OUTER_BOUND ( 'NONE', #57, .T. ) ;
#5983 = LINE ( 'NONE', #6857, #2988 ) ;
#5984 = ADVANCED_FACE ( 'NONE', ( #8024 ), #4189, .F. ) ;
#5985 = LINE ( 'NONE', #5198, #4259 ) ;
#5986 = VERTEX_POINT ( 'NONE', #7095 ) ;
#5987 = DIRECTION ( 'NONE',  ( 0.8660254037844388186, -0.4999999999999997780, 0.000000000000000000 ) ) ;
#5988 = ORIENTED_EDGE ( 'NONE', *, *, #5422, .F. ) ;
#5989 = DIRECTION ( 'NONE',  ( 0.7071067811865477948, 0.000000000000000000, -0.7071067811865473507 ) ) ;
#5990 = ORIENTED_EDGE ( 'NONE', *, *, #5096, .T. ) ;
#5991 = VECTOR ( 'NONE', #4688, 1000.000000000000114 ) ;
#5992 = ADVANCED_FACE ( 'NONE', ( #3120 ), #5457, .F. ) ;
#5993 = EDGE_LOOP ( 'NONE', ( #8799, #6193, #8459, #2427, #7187, #3361 ) ) ;
#5994 = DIRECTION ( 'NONE',  ( 0.000000000000000000, -0.5000000000000006661, 0.8660254037844381525 ) ) ;
#5995 = AXIS2_PLACEMENT_3D ( 'NONE', #7850, #3240, #10006 ) ;
#5996 = CARTESIAN_POINT ( 'NONE',  ( -15.72462220366567465, 31.11227518966344263, 40.59999999999996589 ) ) ;
#5997 = VECTOR ( 'NONE', #3399, 1000.000000000000114 ) ;
#5998 = CARTESIAN_POINT ( 'NONE',  ( -27.17386661099703460, 18.88772481033655382, -45.00000000000000000 ) ) ;
#5999 = VECTOR ( 'NONE', #9163, 1000.000000000000000 ) ;
#6000 = LINE ( 'NONE', #6769, #2474 ) ;
#6001 = DIRECTION ( 'NONE',  ( 6.009258394948641055E-16, -1.000000000000000000, 0.000000000000000000 ) ) ;
#6002 = EDGE_LOOP ( 'NONE', ( #6389, #4105, #9586, #7029 ) ) ;
#6003 = VERTEX_POINT ( 'NONE', #2476 ) ;
#6004 = VECTOR ( 'NONE', #8890, 1000.000000000000114 ) ;
#6005 = AXIS2_PLACEMENT_3D ( 'NONE', #1716, #8473, #7723 ) ;
#6006 = VECTOR ( 'NONE', #6828, 1000.000000000000000 ) ;
#6007 = DIRECTION ( 'NONE',  ( 0.000000000000000000, 0.5000000000000005551, -0.8660254037844382635 ) ) ;
#6008 = VECTOR ( 'NONE', #9533, 1000.000000000000000 ) ;
#6009 = DIRECTION ( 'NONE',  ( -0.8660254037844387076, -0.4999999999999998890, 0.000000000000000000 ) ) ;
#6010 = EDGE_CURVE ( 'NONE', #3588, #7194, #5579, .T. ) ;
#6011 = FACE_OUTER_BOUND ( 'NONE', #4945, .T. ) ;
#6012 = CARTESIAN_POINT ( 'NONE',  ( -45.00000000000000711, 39.77252922750778197, 10.72462220366568886 ) ) ;
#6013 = CARTESIAN_POINT ( 'NONE',  ( 37.17386661099703105, 31.11227518966344974, -40.59999999999999432 ) ) ;
#6014 = CARTESIAN_POINT ( 'NONE',  ( -40.60000000000000142, 21.77447615628465982, 32.17386661099704526 ) ) ;
#6015 = VECTOR ( 'NONE', #2081, 1000.000000000000000 ) ;
#6016 = ADVANCED_FACE ( 'NONE', ( #4660 ), #790, .F. ) ;
#6017 = DIRECTION ( 'NONE',  ( 1.000000000000000000, -0.000000000000000000, -7.709882115452476934E-17 ) ) ;
#6018 = VECTOR ( 'NONE', #7809, 1000.000000000000000 ) ;
#6019 = ORIENTED_EDGE ( 'NONE', *, *, #4696, .T. ) ;
#6020 = ORIENTED_EDGE ( 'NONE', *, *, #881, .T. ) ;
#6021 = ORIENTED_EDGE ( 'NONE', *, *, #9305, .F. ) ;
#6022 = FACE_OUTER_BOUND ( 'NONE', #845, .T. ) ;
#6023 = VECTOR ( 'NONE', #5961, 1000.000000000000114 ) ;
#6024 = VECTOR ( 'NONE', #6017, 1000.000000000000000 ) ;
#6025 = EDGE_CURVE ( 'NONE', #8483, #366, #5121, .T. ) ;
#6026 = EDGE_CURVE ( 'NONE', #4369, #7928, #2102, .T. ) ;
#6027 = LINE ( 'NONE', #554, #5703 ) ;
#6028 = DIRECTION ( 'NONE',  ( 0.000000000000000000, 0.000000000000000000, -1.000000000000000000 ) ) ;
#6029 = ADVANCED_FACE ( 'NONE', ( #478 ), #8185, .F. ) ;
#6030 = DIRECTION ( 'NONE',  ( -7.709882115452476934E-17, 1.502314598737162976E-16, -1.000000000000000000 ) ) ;
#6031 = LINE ( 'NONE', #5285, #7622 ) ;
#6032 = VECTOR ( 'NONE', #3413, 1000.000000000000000 ) ;
#6033 = ADVANCED_FACE ( 'NONE', ( #1262 ), #3491, .F. ) ;
#6034 = ORIENTED_EDGE ( 'NONE', *, *, #3047, .F. ) ;
#6035 = PLANE ( 'NONE',  #978 ) ;
#6036 = VECTOR ( 'NONE', #784, 1000.000000000000000 ) ;
#6037 = EDGE_LOOP ( 'NONE', ( #8719, #2882, #2002, #4213, #5152, #9536, #7466, #5813 ) ) ;
#6038 = ORIENTED_EDGE ( 'NONE', *, *, #514, .T. ) ;
#6039 = DIRECTION ( 'NONE',  ( 0.000000000000000000, 0.000000000000000000, 1.000000000000000000 ) ) ;
#6040 = CARTESIAN_POINT ( 'NONE',  ( -27.17386661099703460, 13.11422211844030450, 45.00000000000000000 ) ) ;
#6041 = AXIS2_PLACEMENT_3D ( 'NONE', #5280, #2986, #2228 ) ;
#6042 = DIRECTION ( 'NONE',  ( 0.000000000000000000, 0.000000000000000000, -1.000000000000000000 ) ) ;
#6043 = DIRECTION ( 'NONE',  ( 0.4999999999999998890, 0.8660254037844387076, 0.000000000000000000 ) ) ;
#6044 = EDGE_CURVE ( 'NONE', #7671, #5331, #7526, .T. ) ;
#6045 = FACE_OUTER_BOUND ( 'NONE', #7508, .T. ) ;
#6046 = ORIENTED_EDGE ( 'NONE', *, *, #10009, .T. ) ;
#6047 = DIRECTION ( 'NONE',  ( -0.8660254037844387076, -0.4999999999999998890, 0.000000000000000000 ) ) ;
#6048 = VERTEX_POINT ( 'NONE', #433 ) ;
#6049 = EDGE_CURVE ( 'NONE', #8025, #1846, #4354, .T. ) ;
#6050 = CARTESIAN_POINT ( 'NONE',  ( -45.00000000000000711, 2.000000000000001776, -43.00000000000000000 ) ) ;
#6051 = VECTOR ( 'NONE', #9029, 1000.000000000000000 ) ;
#6052 = ORIENTED_EDGE ( 'NONE', *, *, #700, .T. ) ;
#6053 = ORIENTED_EDGE ( 'NONE', *, *, #2227, .T. ) ;
#6054 = DIRECTION ( 'NONE',  ( 0.000000000000000000, 1.000000000000000000, 3.004629197474320528E-16 ) ) ;
#6055 = CARTESIAN_POINT ( 'NONE',  ( -45.00000000000000711, 18.88772481033651829, -37.17386661099702394 ) ) ;
#6056 = AXIS2_PLACEMENT_3D ( 'NONE', #3001, #3820, #2238 ) ;
#6057 = CARTESIAN_POINT ( 'NONE',  ( 26.44924440733135285, 27.88675134594812732, -45.00000000000000000 ) ) ;
#6058 = EDGE_CURVE ( 'NONE', #5573, #214, #6628, .T. ) ;
#6059 = DIRECTION ( 'NONE',  ( 3.854941057726236618E-17, -0.8660254037844387076, 0.4999999999999998335 ) ) ;
#6060 = CARTESIAN_POINT ( 'NONE',  ( -25.50528320582414921, 31.14481641337579632, 40.59999999999999432 ) ) ;
#6061 = ORIENTED_EDGE ( 'NONE', *, *, #6346, .T. ) ;
#6062 = ORIENTED_EDGE ( 'NONE', *, *, #218, .F. ) ;
#6063 = VECTOR ( 'NONE', #9332, 1000.000000000000000 ) ;
#6064 = LINE ( 'NONE', #626, #223 ) ;
#6065 = DIRECTION ( 'NONE',  ( 0.000000000000000000, 0.000000000000000000, 1.000000000000000000 ) ) ;
#6066 = DIRECTION ( 'NONE',  ( 0.8660254037844383745, 0.5000000000000003331, 0.000000000000000000 ) ) ;
#6067 = CARTESIAN_POINT ( 'NONE',  ( -45.00000000000000711, 18.88772481033651829, -15.72462220366567109 ) ) ;
#6068 = LINE ( 'NONE', #589, #9412 ) ;
#6069 = CARTESIAN_POINT ( 'NONE',  ( -45.00000000000000711, 27.88675134594808824, 16.44924440733135995 ) ) ;
#6070 = VECTOR ( 'NONE', #8146, 1000.000000000000114 ) ;
#6071 = LINE ( 'NONE', #8384, #6036 ) ;
#6072 = ORIENTED_EDGE ( 'NONE', *, *, #7576, .F. ) ;
#6073 = EDGE_LOOP ( 'NONE', ( #7282, #7504, #2267, #2306 ) ) ;
#6074 = VERTEX_POINT ( 'NONE', #2906 ) ;
#6075 = LINE ( 'NONE', #3703, #2016 ) ;
#6076 = VECTOR ( 'NONE', #311, 1000.000000000000000 ) ;
#6077 = DIRECTION ( 'NONE',  ( -0.000000000000000000, -0.000000000000000000, 1.000000000000000000 ) ) ;
#6078 = CARTESIAN_POINT ( 'NONE',  ( -24.67009459051016407, -22.59140552900268162, -40.59999999999999432 ) ) ;
#6079 = CARTESIAN_POINT ( 'NONE',  ( -37.17386661099703105, 13.11422211844029739, 45.00000000000000000 ) ) ;
#6080 = DIRECTION ( 'NONE',  ( 0.000000000000000000, -0.5000000000000006661, 0.8660254037844381525 ) ) ;
#6081 = ORIENTED_EDGE ( 'NONE', *, *, #3951, .T. ) ;
#6082 = CARTESIAN_POINT ( 'NONE',  ( -40.60000000000000142, 21.85702113901065502, -30.86759430765696877 ) ) ;
#6083 = ADVANCED_FACE ( 'NONE', ( #2720 ), #8875, .F. ) ;
#6084 = EDGE_LOOP ( 'NONE', ( #5666, #5879, #3099, #8014, #5044, #7907 ) ) ;
#6085 = ORIENTED_EDGE ( 'NONE', *, *, #5733, .F. ) ;
#6086 = CARTESIAN_POINT ( 'NONE',  ( 4.999999999999997335, 27.88675134594812732, -40.59999999999999432 ) ) ;
#6087 = FACE_OUTER_BOUND ( 'NONE', #279, .T. ) ;
#6088 = EDGE_CURVE ( 'NONE', #9428, #1684, #9638, .T. ) ;
#6089 = DIRECTION ( 'NONE',  ( -0.000000000000000000, 1.000000000000000000, -0.000000000000000000 ) ) ;
#6090 = DIRECTION ( 'NONE',  ( -0.4999999999999984457, 0.7071067811865499042, -0.4999999999999982792 ) ) ;
#6091 = DIRECTION ( 'NONE',  ( 0.000000000000000000, 1.000000000000000000, 1.502314598737162976E-16 ) ) ;
#6092 = ORIENTED_EDGE ( 'NONE', *, *, #6088, .T. ) ;
#6093 = LINE ( 'NONE', #8364, #338 ) ;
#6094 = ORIENTED_EDGE ( 'NONE', *, *, #5143, .T. ) ;
#6095 = DIRECTION ( 'NONE',  ( -0.8660254037844387076, -0.4999999999999998890, 0.000000000000000000 ) ) ;
#6096 = EDGE_CURVE ( 'NONE', #4445, #6615, #5064, .T. ) ;
#6097 = VERTEX_POINT ( 'NONE', #4931 ) ;
#6098 = ORIENTED_EDGE ( 'NONE', *, *, #2958, .T. ) ;
#6099 = DIRECTION ( 'NONE',  ( -0.8660254037844387076, -0.4999999999999998890, 0.000000000000000000 ) ) ;
#6100 = EDGE_CURVE ( 'NONE', #9116, #3562, #4873, .T. ) ;
#6101 = EDGE_CURVE ( 'NONE', #4416, #6301, #9503, .T. ) ;
#6102 = DIRECTION ( 'NONE',  ( 0.7071067811865474617, 0.000000000000000000, 0.7071067811865474617 ) ) ;
#6103 = PLANE ( 'NONE',  #499 ) ;
#6104 = DIRECTION ( 'NONE',  ( 1.000000000000000000, -0.000000000000000000, -7.709882115452476934E-17 ) ) ;
#6105 = CARTESIAN_POINT ( 'NONE',  ( -43.00000000000000000, 45.00000000000000000, -43.00000000000000000 ) ) ;
#6106 = ORIENTED_EDGE ( 'NONE', *, *, #9756, .T. ) ;
#6107 = EDGE_LOOP ( 'NONE', ( #8720, #5964, #4705, #3239 ) ) ;
#6108 = DIRECTION ( 'NONE',  ( 0.000000000000000000, -1.000000000000000000, -3.004629197474320528E-16 ) ) ;
#6109 = CARTESIAN_POINT ( 'NONE',  ( -45.00000000000000711, 39.77252922750778907, -32.17386661099700973 ) ) ;
#6110 = CARTESIAN_POINT ( 'NONE',  ( 10.04494211376878354, 10.00000000000000000, -10.83278071092713013 ) ) ;
#6111 = CARTESIAN_POINT ( 'NONE',  ( 15.72462220366567465, 31.11227518966344974, 45.00000000000000000 ) ) ;
#6112 = LINE ( 'NONE', #1458, #8174 ) ;
#6113 = CARTESIAN_POINT ( 'NONE',  ( -32.17386661099703105, 21.77447615628468114, -45.00000000000000000 ) ) ;
#6114 = LINE ( 'NONE', #738, #2177 ) ;
#6115 = ORIENTED_EDGE ( 'NONE', *, *, #2068, .F. ) ;
#6116 = ORIENTED_EDGE ( 'NONE', *, *, #4579, .T. ) ;
#6117 = EDGE_CURVE ( 'NONE', #8242, #1420, #3241, .T. ) ;
#6118 = ORIENTED_EDGE ( 'NONE', *, *, #8476, .F. ) ;
#6119 = ADVANCED_FACE ( 'NONE', ( #288 ), #4018, .F. ) ;
#6120 = DIRECTION ( 'NONE',  ( -6.009258394948641055E-16, 1.000000000000000000, 0.000000000000000000 ) ) ;
#6121 = CARTESIAN_POINT ( 'NONE',  ( -27.17386661099703460, 36.88577788155969728, -45.00000000000000000 ) ) ;
#6122 = DIRECTION ( 'NONE',  ( 1.000000000000000000, -0.000000000000000000, 0.000000000000000000 ) ) ;
#6123 = CARTESIAN_POINT ( 'NONE',  ( -45.00000000000000711, 13.11422211844026720, -5.724622203665671094 ) ) ;
#6124 = LINE ( 'NONE', #2939, #6336 ) ;
#6125 = ORIENTED_EDGE ( 'NONE', *, *, #8722, .T. ) ;
#6126 = LINE ( 'NONE', #7649, #7293 ) ;
#6127 = ORIENTED_EDGE ( 'NONE', *, *, #7641, .F. ) ;
#6128 = ORIENTED_EDGE ( 'NONE', *, *, #8280, .F. ) ;
#6129 = DIRECTION ( 'NONE',  ( -0.000000000000000000, -0.000000000000000000, 1.000000000000000000 ) ) ;
#6130 = LINE ( 'NONE', #8450, #1699 ) ;
#6131 = FACE_OUTER_BOUND ( 'NONE', #4877, .T. ) ;
#6132 = EDGE_CURVE ( 'NONE', #1520, #8757, #6331, .T. ) ;
#6133 = LINE ( 'NONE', #2287, #4786 ) ;
#6134 = CARTESIAN_POINT ( 'NONE',  ( 10.72462220366567820, 39.77252922750782460, -40.59999999999999432 ) ) ;
#6135 = ORIENTED_EDGE ( 'NONE', *, *, #7115, .T. ) ;
#6136 = PLANE ( 'NONE',  #9549 ) ;
#6137 = VERTEX_POINT ( 'NONE', #2381 ) ;
#6138 = PLANE ( 'NONE',  #7933 ) ;
#6139 = ORIENTED_EDGE ( 'NONE', *, *, #7059, .F. ) ;
#6140 = VERTEX_POINT ( 'NONE', #3195 ) ;
#6141 = LINE ( 'NONE', #2297, #35 ) ;
#6142 = DIRECTION ( 'NONE',  ( 0.000000000000000000, -1.000000000000000000, 0.000000000000000000 ) ) ;
#6143 = EDGE_CURVE ( 'NONE', #257, #9096, #6285, .T. ) ;
#6144 = LINE ( 'NONE', #6305, #7951 ) ;
#6145 = DIRECTION ( 'NONE',  ( -0.000000000000000000, -0.000000000000000000, 1.000000000000000000 ) ) ;
#6146 = FACE_OUTER_BOUND ( 'NONE', #3181, .T. ) ;
#6147 = CARTESIAN_POINT ( 'NONE',  ( 40.59999999999997300, 13.11422211844027252, -15.72462220366568175 ) ) ;
#6148 = VECTOR ( 'NONE', #3932, 1000.000000000000114 ) ;
#6149 = ORIENTED_EDGE ( 'NONE', *, *, #1515, .F. ) ;
#6150 = VECTOR ( 'NONE', #6562, 1000.000000000000000 ) ;
#6151 = ORIENTED_EDGE ( 'NONE', *, *, #7705, .T. ) ;
#6152 = EDGE_CURVE ( 'NONE', #6283, #3048, #8598, .T. ) ;
#6153 = DIRECTION ( 'NONE',  ( 0.000000000000000000, 0.000000000000000000, 1.000000000000000000 ) ) ;
#6154 = AXIS2_PLACEMENT_3D ( 'NONE', #2854, #8360, #4439 ) ;
#6155 = VECTOR ( 'NONE', #6763, 1000.000000000000000 ) ;
#6156 = CARTESIAN_POINT ( 'NONE',  ( -40.60000000000000142, 27.88675134594811311, 5.000000000000011546 ) ) ;
#6157 = DIRECTION ( 'NONE',  ( 6.009258394948641055E-16, -1.000000000000000000, 0.000000000000000000 ) ) ;
#6158 = DIRECTION ( 'NONE',  ( -0.8660254037844387076, -0.4999999999999998890, 0.000000000000000000 ) ) ;
#6159 = DIRECTION ( 'NONE',  ( -3.854941057726242781E-17, -0.8660254037844383745, -0.5000000000000006661 ) ) ;
#6160 = LINE ( 'NONE', #27, #9580 ) ;
#6161 = DIRECTION ( 'NONE',  ( 1.000000000000000000, -0.000000000000000000, 0.000000000000000000 ) ) ;
#6162 = ORIENTED_EDGE ( 'NONE', *, *, #8, .T. ) ;
#6163 = VECTOR ( 'NONE', #9751, 1000.000000000000114 ) ;
#6164 = ORIENTED_EDGE ( 'NONE', *, *, #5074, .F. ) ;
#6165 = ORIENTED_EDGE ( 'NONE', *, *, #9268, .T. ) ;
#6166 = AXIS2_PLACEMENT_3D ( 'NONE', #6572, #2557, #310 ) ;
#6167 = VERTEX_POINT ( 'NONE', #9837 ) ;
#6168 = DIRECTION ( 'NONE',  ( -0.8660254037844387076, -0.4999999999999998890, 0.000000000000000000 ) ) ;
#6169 = CARTESIAN_POINT ( 'NONE',  ( 45.00000000000000711, 30.77350269189622267, -21.44924440733134929 ) ) ;
#6170 = VECTOR ( 'NONE', #5594, 999.9999999999998863 ) ;
#6171 = VECTOR ( 'NONE', #1060, 999.9999999999998863 ) ;
#6172 = VECTOR ( 'NONE', #6244, 999.9999999999998863 ) ;
#6173 = FACE_BOUND ( 'NONE', #1645, .T. ) ;
#6174 = CARTESIAN_POINT ( 'NONE',  ( 45.00000000000000711, 19.22649730810370627, 21.44924440733135640 ) ) ;
#6175 = ADVANCED_FACE ( 'NONE', ( #47 ), #8175, .F. ) ;
#6176 = LINE ( 'NONE', #4569, #846 ) ;
#6177 = ADVANCED_FACE ( 'NONE', ( #3368 ), #261, .F. ) ;
#6178 = CARTESIAN_POINT ( 'NONE',  ( -27.17386661099703460, 13.11422211844030450, -45.00000000000000000 ) ) ;
#6179 = ORIENTED_EDGE ( 'NONE', *, *, #3537, .F. ) ;
#6180 = DIRECTION ( 'NONE',  ( 0.000000000000000000, 0.000000000000000000, 1.000000000000000000 ) ) ;
#6181 = VERTEX_POINT ( 'NONE', #6147 ) ;
#6182 = AXIS2_PLACEMENT_3D ( 'NONE', #7488, #444, #8292 ) ;
#6183 = VERTEX_POINT ( 'NONE', #9216 ) ;
#6184 = VECTOR ( 'NONE', #2954, 1000.000000000000000 ) ;
#6185 = DIRECTION ( 'NONE',  ( 0.000000000000000000, 1.000000000000000000, 0.000000000000000000 ) ) ;
#6186 = LINE ( 'NONE', #9155, #7667 ) ;
#6187 = LINE ( 'NONE', #2341, #3422 ) ;
#6188 = LINE ( 'NONE', #9257, #6827 ) ;
#6189 = CARTESIAN_POINT ( 'NONE',  ( 27.17386661099705591, 5.000000000000038192, 40.59999999999999432 ) ) ;
#6190 = VECTOR ( 'NONE', #6, 999.9999999999998863 ) ;
#6191 = CARTESIAN_POINT ( 'NONE',  ( -45.00000000000000711, 27.88675134594811311, 5.000000000000011546 ) ) ;
#6192 = VECTOR ( 'NONE', #6781, 1000.000000000000000 ) ;
#6193 = ORIENTED_EDGE ( 'NONE', *, *, #896, .F. ) ;
#6194 = FACE_OUTER_BOUND ( 'NONE', #2336, .T. ) ;
#6195 = ORIENTED_EDGE ( 'NONE', *, *, #6874, .F. ) ;
#6196 = DIRECTION ( 'NONE',  ( 6.009258394948641055E-16, -1.000000000000000000, 0.000000000000000000 ) ) ;
#6197 = ORIENTED_EDGE ( 'NONE', *, *, #9607, .T. ) ;
#6198 = VERTEX_POINT ( 'NONE', #6206 ) ;
#6199 = LINE ( 'NONE', #5395, #9578 ) ;
#6200 = VECTOR ( 'NONE', #6120, 1000.000000000000000 ) ;
#6201 = CARTESIAN_POINT ( 'NONE',  ( -26.62645545430663674, 0.000000000000000000, 26.62645545430663674 ) ) ;
#6202 = LINE ( 'NONE', #7870, #8912 ) ;
#6203 = CARTESIAN_POINT ( 'NONE',  ( -45.00000000000000711, 10.22747077249214520, 32.17386661099703815 ) ) ;
#6204 = DIRECTION ( 'NONE',  ( 0.000000000000000000, 0.000000000000000000, -1.000000000000000000 ) ) ;
#6205 = ORIENTED_EDGE ( 'NONE', *, *, #3895, .T. ) ;
#6206 = CARTESIAN_POINT ( 'NONE',  ( -40.60000000000000142, 19.22649730810370627, 21.44924440733136350 ) ) ;
#6207 = VECTOR ( 'NONE', #8314, 1000.000000000000000 ) ;
#6208 = ORIENTED_EDGE ( 'NONE', *, *, #2025, .F. ) ;
#6209 = ORIENTED_EDGE ( 'NONE', *, *, #833, .F. ) ;
#6210 = EDGE_CURVE ( 'NONE', #5393, #2351, #2304, .T. ) ;
#6211 = ADVANCED_FACE ( 'NONE', ( #775 ), #3881, .T. ) ;
#6212 = VECTOR ( 'NONE', #4077, 999.9999999999998863 ) ;
#6213 = PLANE ( 'NONE',  #8268 ) ;
#6214 = EDGE_CURVE ( 'NONE', #316, #4820, #1940, .T. ) ;
#6215 = CARTESIAN_POINT ( 'NONE',  ( -40.60000000000000142, 10.22747077249213810, 10.72462220366568353 ) ) ;
#6216 = FACE_OUTER_BOUND ( 'NONE', #1395, .T. ) ;
#6217 = DIRECTION ( 'NONE',  ( 1.000000000000000000, -0.000000000000000000, -7.709882115452476934E-17 ) ) ;
#6218 = LINE ( 'NONE', #2981, #4248 ) ;
#6219 = EDGE_LOOP ( 'NONE', ( #8344, #2715, #1339, #1026 ) ) ;
#6220 = AXIS2_PLACEMENT_3D ( 'NONE', #5483, #1584, #4674 ) ;
#6221 = ORIENTED_EDGE ( 'NONE', *, *, #6630, .T. ) ;
#6222 = EDGE_LOOP ( 'NONE', ( #9107, #6805, #4708, #6209 ) ) ;
#6223 = EDGE_CURVE ( 'NONE', #3262, #2619, #7902, .T. ) ;
#6224 = VERTEX_POINT ( 'NONE', #3668 ) ;
#6225 = CARTESIAN_POINT ( 'NONE',  ( -32.17386661099703105, 39.77252922750781750, -45.00000000000000000 ) ) ;
#6226 = EDGE_CURVE ( 'NONE', #7123, #7380, #2145, .T. ) ;
#6227 = CARTESIAN_POINT ( 'NONE',  ( -5.724622203665678200, 31.11227518966344974, -45.00000000000000000 ) ) ;
#6228 = VECTOR ( 'NONE', #6344, 999.9999999999998863 ) ;
#6229 = CARTESIAN_POINT ( 'NONE',  ( -45.00000000000000711, 13.11422211844026720, 15.72462220366568175 ) ) ;
#6230 = LINE ( 'NONE', #4568, #237 ) ;
#6231 = CARTESIAN_POINT ( 'NONE',  ( 4.999999999999997335, 27.88675134594812377, 45.00000000000000000 ) ) ;
#6232 = PLANE ( 'NONE',  #6817 ) ;
#6233 = ORIENTED_EDGE ( 'NONE', *, *, #6786, .T. ) ;
#6234 = CARTESIAN_POINT ( 'NONE',  ( -45.00000000000000711, 36.88577788155966175, -5.724622203665670206 ) ) ;
#6235 = VECTOR ( 'NONE', #8945, 1000.000000000000000 ) ;
#6236 = VERTEX_POINT ( 'NONE', #9328 ) ;
#6237 = VERTEX_POINT ( 'NONE', #5310 ) ;
#6238 = CARTESIAN_POINT ( 'NONE',  ( 5.724622203665678200, 18.88772481033656092, 45.00000000000000000 ) ) ;
#6239 = LINE ( 'NONE', #7006, #4299 ) ;
#6240 = EDGE_CURVE ( 'NONE', #7593, #1565, #674, .T. ) ;
#6241 = FACE_OUTER_BOUND ( 'NONE', #8463, .T. ) ;
#6242 = LINE ( 'NONE', #9310, #4574 ) ;
#6243 = DIRECTION ( 'NONE',  ( -0.8660254037844387076, -0.4999999999999998890, 0.000000000000000000 ) ) ;
#6244 = DIRECTION ( 'NONE',  ( 0.000000000000000000, -0.5000000000000007772, 0.8660254037844382635 ) ) ;
#6245 = ORIENTED_EDGE ( 'NONE', *, *, #7706, .F. ) ;
#6246 = CARTESIAN_POINT ( 'NONE',  ( -40.60000000000000142, 31.11227518966341066, 5.724622203665681752 ) ) ;
#6247 = ORIENTED_EDGE ( 'NONE', *, *, #4363, .T. ) ;
#6248 = DIRECTION ( 'NONE',  ( -0.6735753140545638340, 0.6804138174397710292, -0.2886751345948130321 ) ) ;
#6249 = FACE_OUTER_BOUND ( 'NONE', #7421, .T. ) ;
#6250 = ORIENTED_EDGE ( 'NONE', *, *, #7664, .T. ) ;
#6251 = ORIENTED_EDGE ( 'NONE', *, *, #2253, .F. ) ;
#6252 = CARTESIAN_POINT ( 'NONE',  ( -40.60000000000000142, 4.999999999999990230, -16.44924440733135285 ) ) ;
#6253 = ADVANCED_FACE ( 'NONE', ( #9008 ), #5106, .F. ) ;
#6254 = DIRECTION ( 'NONE',  ( 0.000000000000000000, 1.000000000000000000, 1.502314598737162976E-16 ) ) ;
#6255 = LINE ( 'NONE', #1707, #9221 ) ;
#6256 = CARTESIAN_POINT ( 'NONE',  ( 4.999999999999999112, 22.11324865405187268, -40.59999999999999432 ) ) ;
#6257 = DIRECTION ( 'NONE',  ( -0.8660254037844387076, -0.4999999999999998890, 0.000000000000000000 ) ) ;
#6258 = ORIENTED_EDGE ( 'NONE', *, *, #1963, .T. ) ;
#6259 = ORIENTED_EDGE ( 'NONE', *, *, #8632, .F. ) ;
#6260 = DIRECTION ( 'NONE',  ( 0.000000000000000000, 0.5000000000000002220, 0.8660254037844384856 ) ) ;
#6261 = VERTEX_POINT ( 'NONE', #6484 ) ;
#6262 = LINE ( 'NONE', #6370, #5535 ) ;
#6263 = CARTESIAN_POINT ( 'NONE',  ( 15.72462220366567465, 31.11227518966344974, -45.00000000000000000 ) ) ;
#6264 = CARTESIAN_POINT ( 'NONE',  ( -45.00000000000000711, 19.22649730810372759, 9.492209656258231307E-15 ) ) ;
#6265 = CARTESIAN_POINT ( 'NONE',  ( -35.39471679417585648, -4.015814980272425672, -40.59999999999999432 ) ) ;
#6266 = ADVANCED_FACE ( 'NONE', ( #6378 ), #3791, .F. ) ;
#6267 = LINE ( 'NONE', #6069, #1236 ) ;
#6268 = CARTESIAN_POINT ( 'NONE',  ( -45.00000000000000711, 31.11227518966341066, -15.72462220366567465 ) ) ;
#6269 = LINE ( 'NONE', #8577, #5583 ) ;
#6270 = VERTEX_POINT ( 'NONE', #1367 ) ;
#6271 = VERTEX_POINT ( 'NONE', #7535 ) ;
#6272 = VERTEX_POINT ( 'NONE', #8423 ) ;
#6273 = VERTEX_POINT ( 'NONE', #3593 ) ;
#6274 = CARTESIAN_POINT ( 'NONE',  ( -45.00000000000000711, 18.88772481033652184, 15.72462220366568530 ) ) ;
#6275 = FACE_OUTER_BOUND ( 'NONE', #1428, .T. ) ;
#6276 = DIRECTION ( 'NONE',  ( 0.8660254037844387076, 0.4999999999999998890, 0.000000000000000000 ) ) ;
#6277 = EDGE_CURVE ( 'NONE', #1196, #9604, #4362, .T. ) ;
#6278 = CARTESIAN_POINT ( 'NONE',  ( -45.00000000000000711, 18.88772481033652184, -5.724622203665670206 ) ) ;
#6279 = PLANE ( 'NONE',  #3285 ) ;
#6280 = CARTESIAN_POINT ( 'NONE',  ( -45.00000000000000711, 36.88577788155965465, 5.724622203665682640 ) ) ;
#6281 = DIRECTION ( 'NONE',  ( 0.8660254037844383745, 0.5000000000000003331, 0.000000000000000000 ) ) ;
#6282 = EDGE_CURVE ( 'NONE', #1130, #9440, #4220, .T. ) ;
#6283 = VERTEX_POINT ( 'NONE', #9136 ) ;
#6284 = CARTESIAN_POINT ( 'NONE',  ( -45.00000000000000711, 19.22649730810372759, 9.492209656258231307E-15 ) ) ;
#6285 = LINE ( 'NONE', #9353, #8081 ) ;
#6286 = VERTEX_POINT ( 'NONE', #3646 ) ;
#6287 = EDGE_LOOP ( 'NONE', ( #7608, #2122, #5795, #5926 ) ) ;
#6288 = ADVANCED_FACE ( 'NONE', ( #4508 ), #8338, .F. ) ;
#6289 = LINE ( 'NONE', #3349, #7494 ) ;
#6290 = DIRECTION ( 'NONE',  ( -0.4999999999999998890, 0.8660254037844387076, 0.000000000000000000 ) ) ;
#6291 = ADVANCED_FACE ( 'NONE', ( #3692 ), #5174, .F. ) ;
#6292 = DIRECTION ( 'NONE',  ( 0.000000000000000000, 0.5000000000000005551, -0.8660254037844382635 ) ) ;
#6293 = PLANE ( 'NONE',  #667 ) ;
#6294 = DIRECTION ( 'NONE',  ( -0.3939192985791680202, 0.000000000000000000, 0.9191450300180578070 ) ) ;
#6295 = DIRECTION ( 'NONE',  ( 0.000000000000000000, 0.000000000000000000, -1.000000000000000000 ) ) ;
#6296 = ORIENTED_EDGE ( 'NONE', *, *, #3480, .T. ) ;
#6297 = LINE ( 'NONE', #7108, #7315 ) ;
#6298 = EDGE_LOOP ( 'NONE', ( #3115, #6517, #4611, #2206 ) ) ;
#6299 = LINE ( 'NONE', #9367, #7510 ) ;
#6300 = PLANE ( 'NONE',  #4082 ) ;
#6301 = VERTEX_POINT ( 'NONE', #5356 ) ;
#6302 = ORIENTED_EDGE ( 'NONE', *, *, #2327, .F. ) ;
#6303 = DIRECTION ( 'NONE',  ( 0.000000000000000000, 1.000000000000000000, 1.502314598737162976E-16 ) ) ;
#6304 = LINE ( 'NONE', #2400, #1468 ) ;
#6305 = CARTESIAN_POINT ( 'NONE',  ( 15.72462220366567465, 4.999999999999997335, 40.59999999999999432 ) ) ;
#6306 = LINE ( 'NONE', #1284, #529 ) ;
#6307 = VERTEX_POINT ( 'NONE', #2917 ) ;
#6308 = ADVANCED_FACE ( 'NONE', ( #1453 ), #7485, .F. ) ;
#6309 = ORIENTED_EDGE ( 'NONE', *, *, #3320, .T. ) ;
#6310 = ORIENTED_EDGE ( 'NONE', *, *, #2622, .T. ) ;
#6311 = CARTESIAN_POINT ( 'NONE',  ( -43.00000000000000000, 45.00000000000000000, -43.00000000000000000 ) ) ;
#6312 = VECTOR ( 'NONE', #4648, 1000.000000000000000 ) ;
#6313 = FACE_OUTER_BOUND ( 'NONE', #7079, .T. ) ;
#6314 = CARTESIAN_POINT ( 'NONE',  ( -23.07420871848709965, 35.35556094242803482, -40.59999999999999432 ) ) ;
#6315 = CARTESIAN_POINT ( 'NONE',  ( 32.17386661099703105, 21.77447615628468824, -40.59999999999999432 ) ) ;
#6316 = ORIENTED_EDGE ( 'NONE', *, *, #5011, .F. ) ;
#6317 = ORIENTED_EDGE ( 'NONE', *, *, #514, .F. ) ;
#6318 = VERTEX_POINT ( 'NONE', #8380 ) ;
#6319 = VECTOR ( 'NONE', #3323, 1000.000000000000227 ) ;
#6320 = EDGE_LOOP ( 'NONE', ( #9094, #9108, #33, #6481 ) ) ;
#6321 = VECTOR ( 'NONE', #2944, 1000.000000000000114 ) ;
#6322 = CARTESIAN_POINT ( 'NONE',  ( -45.00000000000000711, 19.22649730810372759, 9.492209656258231307E-15 ) ) ;
#6323 = CARTESIAN_POINT ( 'NONE',  ( -45.00000000000000711, 45.00000000000000000, -45.00000000000000000 ) ) ;
#6324 = FACE_BOUND ( 'NONE', #8457, .T. ) ;
#6325 = FACE_OUTER_BOUND ( 'NONE', #5602, .T. ) ;
#6326 = VECTOR ( 'NONE', #5636, 1000.000000000000000 ) ;
#6327 = LINE ( 'NONE', #8042, #5388 ) ;
#6328 = DIRECTION ( 'NONE',  ( 0.8660254037844383745, 0.5000000000000004441, 0.000000000000000000 ) ) ;
#6329 = ORIENTED_EDGE ( 'NONE', *, *, #4244, .F. ) ;
#6330 = CARTESIAN_POINT ( 'NONE',  ( -45.00000000000000711, 36.88577788155965465, -15.72462220366567109 ) ) ;
#6331 = LINE ( 'NONE', #6388, #7599 ) ;
#6332 = ORIENTED_EDGE ( 'NONE', *, *, #6632, .T. ) ;
#6333 = ORIENTED_EDGE ( 'NONE', *, *, #8722, .F. ) ;
#6334 = FACE_OUTER_BOUND ( 'NONE', #2473, .T. ) ;
#6335 = EDGE_CURVE ( 'NONE', #231, #6574, #1411, .T. ) ;
#6336 = VECTOR ( 'NONE', #1470, 1000.000000000000114 ) ;
#6337 = CARTESIAN_POINT ( 'NONE',  ( 15.72462220366567465, 31.11227518966344974, -45.00000000000000000 ) ) ;
#6338 = VECTOR ( 'NONE', #273, 1000.000000000000114 ) ;
#6339 = VECTOR ( 'NONE', #6348, 1000.000000000000000 ) ;
#6340 = AXIS2_PLACEMENT_3D ( 'NONE', #9640, #7426, #7983 ) ;
#6341 = EDGE_CURVE ( 'NONE', #2783, #5573, #2976, .T. ) ;
#6342 = DIRECTION ( 'NONE',  ( -0.8660254037844387076, 0.4999999999999998890, -0.000000000000000000 ) ) ;
#6343 = CARTESIAN_POINT ( 'NONE',  ( 45.00000000000000711, 36.88577788155965465, 27.17386661099703460 ) ) ;
#6344 = DIRECTION ( 'NONE',  ( 0.000000000000000000, 0.5000000000000006661, -0.8660254037844383745 ) ) ;
#6345 = CARTESIAN_POINT ( 'NONE',  ( -9.545941546018401169, 0.000000000000000000, -9.545941546018395840 ) ) ;
#6346 = EDGE_CURVE ( 'NONE', #4929, #8687, #7431, .T. ) ;
#6347 = ORIENTED_EDGE ( 'NONE', *, *, #1815, .T. ) ;
#6348 = DIRECTION ( 'NONE',  ( 0.000000000000000000, 1.000000000000000000, 1.502314598737162976E-16 ) ) ;
#6349 = VECTOR ( 'NONE', #2492, 1000.000000000000000 ) ;
#6350 = VECTOR ( 'NONE', #7935, 999.9999999999998863 ) ;
#6351 = ORIENTED_EDGE ( 'NONE', *, *, #7641, .T. ) ;
#6352 = DIRECTION ( 'NONE',  ( -6.009258394948641055E-16, 1.000000000000000000, 0.000000000000000000 ) ) ;
#6353 = LINE ( 'NONE', #9263, #2278 ) ;
#6354 = VECTOR ( 'NONE', #8119, 1000.000000000000000 ) ;
#6355 = VERTEX_POINT ( 'NONE', #8288 ) ;
#6356 = EDGE_LOOP ( 'NONE', ( #2983, #3310, #6599, #1615 ) ) ;
#6357 = CARTESIAN_POINT ( 'NONE',  ( 5.724622203665678200, 36.88577788155969728, -45.00000000000000000 ) ) ;
#6358 = CARTESIAN_POINT ( 'NONE',  ( -45.00000000000000711, 22.11324865405183715, 26.44924440733135995 ) ) ;
#6359 = VECTOR ( 'NONE', #2877, 1000.000000000000114 ) ;
#6360 = ADVANCED_FACE ( 'NONE', ( #545 ), #3796, .F. ) ;
#6361 = FILL_AREA_STYLE_COLOUR ( '', #7921 ) ;
#6362 = VECTOR ( 'NONE', #2631, 1000.000000000000114 ) ;
#6363 = CARTESIAN_POINT ( 'NONE',  ( -40.60000000000000142, 10.22747077249213810, -32.17386661099702394 ) ) ;
#6364 = DIRECTION ( 'NONE',  ( -0.8660254037844387076, 0.4999999999999998890, 0.000000000000000000 ) ) ;
#6365 = ORIENTED_EDGE ( 'NONE', *, *, #117, .T. ) ;
#6366 = VERTEX_POINT ( 'NONE', #6881 ) ;
#6367 = ORIENTED_EDGE ( 'NONE', *, *, #8424, .F. ) ;
#6368 = VECTOR ( 'NONE', #3832, 1000.000000000000000 ) ;
#6369 = EDGE_CURVE ( 'NONE', #6959, #6286, #2171, .T. ) ;
#6370 = CARTESIAN_POINT ( 'NONE',  ( 37.17386661099703105, 36.88577788155969728, -45.00000000000000000 ) ) ;
#6371 = AXIS2_PLACEMENT_3D ( 'NONE', #4276, #5029, #3515 ) ;
#6372 = DIRECTION ( 'NONE',  ( -0.8660254037844388186, 0.4999999999999997780, 0.000000000000000000 ) ) ;
#6373 = CARTESIAN_POINT ( 'NONE',  ( -15.72462220366567465, 31.11227518966344263, -45.00000000000000000 ) ) ;
#6374 = ORIENTED_EDGE ( 'NONE', *, *, #5876, .F. ) ;
#6375 = ORIENTED_EDGE ( 'NONE', *, *, #4326, .F. ) ;
#6376 = VECTOR ( 'NONE', #9644, 1000.000000000000000 ) ;
#6377 = ORIENTED_EDGE ( 'NONE', *, *, #5416, .F. ) ;
#6378 = FACE_OUTER_BOUND ( 'NONE', #400, .T. ) ;
#6379 = DIRECTION ( 'NONE',  ( 0.000000000000000000, -1.000000000000000000, -1.502314598737162976E-16 ) ) ;
#6380 = PLANE ( 'NONE',  #7473 ) ;
#6381 = CARTESIAN_POINT ( 'NONE',  ( 40.59999999999999432, 4.999999999999974243, 37.17386661099703105 ) ) ;
#6382 = CARTESIAN_POINT ( 'NONE',  ( 8.131727983645291147, 4.999999999999997335, 8.131727983645285818 ) ) ;
#6383 = AXIS2_PLACEMENT_3D ( 'NONE', #2172, #2977, #6066 ) ;
#6384 = DIRECTION ( 'NONE',  ( -0.000000000000000000, 0.000000000000000000, 1.000000000000000000 ) ) ;
#6385 = DIRECTION ( 'NONE',  ( 1.000000000000000000, -0.000000000000000000, -7.709882115452476934E-17 ) ) ;
#6386 = VERTEX_POINT ( 'NONE', #6776 ) ;
#6387 = CARTESIAN_POINT ( 'NONE',  ( -40.60000000000000142, 4.999999999999990230, 5.724622203665679976 ) ) ;
#6388 = CARTESIAN_POINT ( 'NONE',  ( -10.72462220366567820, 39.77252922750782460, -45.00000000000000000 ) ) ;
#6389 = ORIENTED_EDGE ( 'NONE', *, *, #8601, .F. ) ;
#6390 = ORIENTED_EDGE ( 'NONE', *, *, #8144, .T. ) ;
#6391 = CARTESIAN_POINT ( 'NONE',  ( -40.60000000000000142, 13.11422211844027252, -37.17386661099702394 ) ) ;
#6392 = VECTOR ( 'NONE', #309, 1000.000000000000000 ) ;
#6393 = CARTESIAN_POINT ( 'NONE',  ( -45.00000000000000711, 36.88577788155966175, -5.724622203665670206 ) ) ;
#6394 = LINE ( 'NONE', #4122, #1319 ) ;
#6395 = DIRECTION ( 'NONE',  ( 0.000000000000000000, -1.000000000000000000, -3.004629197474320528E-16 ) ) ;
#6396 = LINE ( 'NONE', #7360, #6228 ) ;
#6397 = LINE ( 'NONE', #6345, #2623 ) ;
#6398 = EDGE_CURVE ( 'NONE', #4633, #1833, #3024, .T. ) ;
#6399 = ORIENTED_EDGE ( 'NONE', *, *, #2438, .F. ) ;
#6400 = CARTESIAN_POINT ( 'NONE',  ( -37.82579128151289893, 0.1949295487797993165, 40.59999999999999432 ) ) ;
#6401 = VECTOR ( 'NONE', #7232, 1000.000000000000000 ) ;
#6402 = ORIENTED_EDGE ( 'NONE', *, *, #8377, .T. ) ;
#6403 = DIRECTION ( 'NONE',  ( 0.6735753140545653883, 0.6804138174397692529, 0.2886751345948140313 ) ) ;
#6404 = ORIENTED_EDGE ( 'NONE', *, *, #683, .T. ) ;
#6405 = ORIENTED_EDGE ( 'NONE', *, *, #4673, .T. ) ;
#6406 = FACE_OUTER_BOUND ( 'NONE', #549, .T. ) ;
#6407 = CARTESIAN_POINT ( 'NONE',  ( -45.00000000000000711, 10.22747077249213810, 10.72462220366568353 ) ) ;
#6408 = VECTOR ( 'NONE', #9481, 1000.000000000000114 ) ;
#6409 = CARTESIAN_POINT ( 'NONE',  ( -45.00000000000000711, 22.11324865405185491, 5.000000000000009770 ) ) ;
#6410 = FACE_OUTER_BOUND ( 'NONE', #9699, .T. ) ;
#6411 = DIRECTION ( 'NONE',  ( -0.000000000000000000, 1.000000000000000000, -0.000000000000000000 ) ) ;
#6412 = EDGE_CURVE ( 'NONE', #6754, #2269, #9176, .T. ) ;
#6413 = ORIENTED_EDGE ( 'NONE', *, *, #1963, .F. ) ;
#6414 = VERTEX_POINT ( 'NONE', #5919 ) ;
#6415 = EDGE_LOOP ( 'NONE', ( #2048, #6116, #472, #1912, #9585, #4481 ) ) ;
#6416 = ADVANCED_FACE ( 'NONE', ( #8989 ), #7577, .F. ) ;
#6417 = ADVANCED_FACE ( 'NONE', ( #2520 ), #9987, .F. ) ;
#6418 = EDGE_CURVE ( 'NONE', #4271, #3619, #1661, .T. ) ;
#6419 = LINE ( 'NONE', #1760, #6338 ) ;
#6420 = DIRECTION ( 'NONE',  ( 0.000000000000000000, 1.000000000000000000, 0.000000000000000000 ) ) ;
#6421 = DIRECTION ( 'NONE',  ( 2.312964634635743450E-16, 0.000000000000000000, 1.000000000000000000 ) ) ;
#6422 = ORIENTED_EDGE ( 'NONE', *, *, #7218, .T. ) ;
#6423 = EDGE_LOOP ( 'NONE', ( #8213, #9381, #6351, #4692 ) ) ;
#6424 = VERTEX_POINT ( 'NONE', #2361 ) ;
#6425 = EDGE_LOOP ( 'NONE', ( #8852, #1712, #7917, #4817 ) ) ;
#6426 = DIRECTION ( 'NONE',  ( -0.8660254037844387076, -0.4999999999999998890, 0.000000000000000000 ) ) ;
#6427 = DIRECTION ( 'NONE',  ( 0.8660254037844388186, -0.4999999999999997780, 0.000000000000000000 ) ) ;
#6428 = DIRECTION ( 'NONE',  ( 0.5000000000000004441, -0.8660254037844384856, 0.000000000000000000 ) ) ;
#6429 = PLANE ( 'NONE',  #8011 ) ;
#6430 = LINE ( 'NONE', #6477, #1014 ) ;
#6431 = FACE_OUTER_BOUND ( 'NONE', #1949, .T. ) ;
#6432 = EDGE_CURVE ( 'NONE', #8298, #1305, #1148, .T. ) ;
#6433 = VERTEX_POINT ( 'NONE', #9223 ) ;
#6434 = EDGE_CURVE ( 'NONE', #5491, #8530, #7675, .T. ) ;
#6435 = ORIENTED_EDGE ( 'NONE', *, *, #4433, .T. ) ;
#6436 = DIRECTION ( 'NONE',  ( -0.8660254037844387076, 0.4999999999999998890, -0.000000000000000000 ) ) ;
#6437 = EDGE_LOOP ( 'NONE', ( #9793, #9816, #850, #3436 ) ) ;
#6438 = ORIENTED_EDGE ( 'NONE', *, *, #460, .T. ) ;
#6439 = LINE ( 'NONE', #3397, #2323 ) ;
#6440 = PLANE ( 'NONE',  #9761 ) ;
#6441 = FACE_OUTER_BOUND ( 'NONE', #2415, .T. ) ;
#6442 = DIRECTION ( 'NONE',  ( -0.000000000000000000, -0.000000000000000000, 1.000000000000000000 ) ) ;
#6443 = CARTESIAN_POINT ( 'NONE',  ( -45.00000000000000711, 13.11422211844026720, 15.72462220366568175 ) ) ;
#6444 = ORIENTED_EDGE ( 'NONE', *, *, #8138, .F. ) ;
#6445 = CARTESIAN_POINT ( 'NONE',  ( -45.00000000000000711, 36.88577788155965465, 5.724622203665682640 ) ) ;
#6446 = ORIENTED_EDGE ( 'NONE', *, *, #6601, .F. ) ;
#6447 = LINE ( 'NONE', #1791, #5114 ) ;
#6448 = CARTESIAN_POINT ( 'NONE',  ( -40.60000000000000142, 4.999999999999997335, -40.59999999999999432 ) ) ;
#6449 = VERTEX_POINT ( 'NONE', #4811 ) ;
#6450 = EDGE_LOOP ( 'NONE', ( #5542, #4444, #508, #4272 ) ) ;
#6451 = PLANE ( 'NONE',  #3289 ) ;
#6452 = DIRECTION ( 'NONE',  ( -0.8660254037844387076, 0.4999999999999998890, 0.000000000000000000 ) ) ;
#6453 = EDGE_CURVE ( 'NONE', #3423, #2470, #22, .T. ) ;
#6454 = DIRECTION ( 'NONE',  ( -0.4999999999999997780, -0.8660254037844388186, 0.000000000000000000 ) ) ;
#6455 = CARTESIAN_POINT ( 'NONE',  ( -21.44924440733135640, 30.77350269189625109, -40.59999999999999432 ) ) ;
#6456 = CARTESIAN_POINT ( 'NONE',  ( -45.00000000000000711, 13.11422211844026720, -5.724622203665671094 ) ) ;
#6457 = CARTESIAN_POINT ( 'NONE',  ( 26.44924440733135285, 27.88675134594812732, -45.00000000000000000 ) ) ;
#6458 = EDGE_LOOP ( 'NONE', ( #2676, #8272, #194, #5212 ) ) ;
#6459 = CARTESIAN_POINT ( 'NONE',  ( 37.17386661099703105, 13.11422211844031160, 45.00000000000000000 ) ) ;
#6460 = VERTEX_POINT ( 'NONE', #8635 ) ;
#6461 = EDGE_LOOP ( 'NONE', ( #8256, #3090, #5101, #1191 ) ) ;
#6462 = ORIENTED_EDGE ( 'NONE', *, *, #6743, .T. ) ;
#6463 = EDGE_CURVE ( 'NONE', #9680, #8072, #5458, .T. ) ;
#6464 = EDGE_CURVE ( 'NONE', #211, #8665, #6927, .T. ) ;
#6465 = PLANE ( 'NONE',  #7314 ) ;
#6466 = PLANE ( 'NONE',  #5217 ) ;
#6467 = CARTESIAN_POINT ( 'NONE',  ( 37.17386661099702394, 4.999999999999997335, -40.59999999999999432 ) ) ;
#6468 = CARTESIAN_POINT ( 'NONE',  ( -16.44924440733135640, 22.11324865405187268, -45.00000000000000000 ) ) ;
#6469 = EDGE_CURVE ( 'NONE', #7418, #4347, #4601, .T. ) ;
#6470 = ORIENTED_EDGE ( 'NONE', *, *, #9450, .F. ) ;
#6471 = ORIENTED_EDGE ( 'NONE', *, *, #6369, .F. ) ;
#6472 = VERTEX_POINT ( 'NONE', #9280 ) ;
#6473 = CARTESIAN_POINT ( 'NONE',  ( -17.08051390828824978, 4.999999999999997335, 33.34396987557884984 ) ) ;
#6474 = SHAPE_DEFINITION_REPRESENTATION ( #9627, #2774 ) ;
#6475 = ADVANCED_FACE ( 'NONE', ( #3884 ), #2464, .F. ) ;
#6476 = DIRECTION ( 'NONE',  ( 0.000000000000000000, -0.5000000000000006661, 0.8660254037844381525 ) ) ;
#6477 = CARTESIAN_POINT ( 'NONE',  ( -45.00000000000000711, 28.22552384371527623, -10.72462220366567287 ) ) ;
#6478 = CARTESIAN_POINT ( 'NONE',  ( 42.99999999999997868, 2.000000000000001776, -43.00000000000000000 ) ) ;
#6479 = PLANE ( 'NONE',  #7032 ) ;
#6480 = VECTOR ( 'NONE', #1263, 1000.000000000000000 ) ;
#6481 = ORIENTED_EDGE ( 'NONE', *, *, #778, .F. ) ;
#6482 = VECTOR ( 'NONE', #3908, 1000.000000000000000 ) ;
#6483 = ORIENTED_EDGE ( 'NONE', *, *, #2517, .T. ) ;
#6484 = CARTESIAN_POINT ( 'NONE',  ( 0.000000000000000000, 19.22649730810374180, -45.00000000000000000 ) ) ;
#6485 = ORIENTED_EDGE ( 'NONE', *, *, #6786, .F. ) ;
#6486 = ORIENTED_EDGE ( 'NONE', *, *, #3061, .T. ) ;
#6487 = PLANE ( 'NONE',  #2166 ) ;
#6488 = CARTESIAN_POINT ( 'NONE',  ( 40.59999999999999432, 40.43261168774092340, -20.14297210399126214 ) ) ;
#6489 = VECTOR ( 'NONE', #7655, 1000.000000000000227 ) ;
#6490 = ADVANCED_FACE ( 'NONE', ( #5407 ), #6213, .F. ) ;
#6491 = EDGE_CURVE ( 'NONE', #6048, #1930, #1607, .T. ) ;
#6492 = CARTESIAN_POINT ( 'NONE',  ( 15.72462220366567465, 13.11422211844031160, 45.00000000000000000 ) ) ;
#6493 = PLANE ( 'NONE',  #7630 ) ;
#6494 = PLANE ( 'NONE',  #2509 ) ;
#6495 = DIRECTION ( 'NONE',  ( 0.000000000000000000, -1.000000000000000000, -3.004629197474320528E-16 ) ) ;
#6496 = CARTESIAN_POINT ( 'NONE',  ( -48.55041348517859490, 18.77052009751005457, 40.59999999999999432 ) ) ;
#6497 = ORIENTED_EDGE ( 'NONE', *, *, #2816, .T. ) ;
#6498 = DIRECTION ( 'NONE',  ( -3.854941057726239700E-17, 0.8660254037844385966, -0.5000000000000003331 ) ) ;
#6499 = ORIENTED_EDGE ( 'NONE', *, *, #227, .F. ) ;
#6500 = DIRECTION ( 'NONE',  ( 1.000000000000000000, -0.000000000000000000, -7.709882115452476934E-17 ) ) ;
#6501 = DIRECTION ( 'NONE',  ( -0.000000000000000000, -0.000000000000000000, 1.000000000000000000 ) ) ;
#6502 = EDGE_LOOP ( 'NONE', ( #3848, #8844, #6329, #5736 ) ) ;
#6503 = AXIS2_PLACEMENT_3D ( 'NONE', #5036, #4284, #6080 ) ;
#6504 = ORIENTED_EDGE ( 'NONE', *, *, #9895, .T. ) ;
#6505 = VECTOR ( 'NONE', #8214, 1000.000000000000000 ) ;
#6506 = AXIS2_PLACEMENT_3D ( 'NONE', #4298, #8026, #9525 ) ;
#6507 = VECTOR ( 'NONE', #1359, 1000.000000000000000 ) ;
#6508 = DIRECTION ( 'NONE',  ( -1.000000000000000000, -6.009258394948641055E-16, 0.000000000000000000 ) ) ;
#6509 = DIRECTION ( 'NONE',  ( 0.000000000000000000, -1.000000000000000000, -3.004629197474320035E-16 ) ) ;
#6510 = CARTESIAN_POINT ( 'NONE',  ( -9.545941546018399393, 0.000000000000000000, -9.545941546018395840 ) ) ;
#6511 = CARTESIAN_POINT ( 'NONE',  ( 40.59999999999999432, 39.77252922750778907, -32.17386661099700973 ) ) ;
#6512 = AXIS2_PLACEMENT_3D ( 'NONE', #152, #2435, #54 ) ;
#6513 = CARTESIAN_POINT ( 'NONE',  ( -15.72462220366567465, 13.11422211844029739, -45.00000000000000000 ) ) ;
#6514 = AXIS2_PLACEMENT_3D ( 'NONE', #2030, #5774, #9691 ) ;
#6515 = VECTOR ( 'NONE', #4488, 1000.000000000000000 ) ;
#6516 = PLANE ( 'NONE',  #3988 ) ;
#6517 = ORIENTED_EDGE ( 'NONE', *, *, #9490, .F. ) ;
#6518 = FACE_BOUND ( 'NONE', #7017, .T. ) ;
#6519 = EDGE_LOOP ( 'NONE', ( #1594, #7078, #7352, #8355 ) ) ;
#6520 = ORIENTED_EDGE ( 'NONE', *, *, #8732, .F. ) ;
#6521 = ORIENTED_EDGE ( 'NONE', *, *, #1089, .T. ) ;
#6522 = VECTOR ( 'NONE', #6689, 999.9999999999998863 ) ;
#6523 = VECTOR ( 'NONE', #1526, 1000.000000000000000 ) ;
#6524 = VECTOR ( 'NONE', #120, 1000.000000000000000 ) ;
#6525 = DIRECTION ( 'NONE',  ( 1.000000000000000000, -0.000000000000000000, 0.000000000000000000 ) ) ;
#6526 = PLANE ( 'NONE',  #6340 ) ;
#6527 = LINE ( 'NONE', #2674, #9229 ) ;
#6528 = VECTOR ( 'NONE', #2505, 1000.000000000000000 ) ;
#6529 = ORIENTED_EDGE ( 'NONE', *, *, #6974, .T. ) ;
#6530 = VERTEX_POINT ( 'NONE', #6156 ) ;
#6531 = ADVANCED_FACE ( 'NONE', ( #3946 ), #5566, .F. ) ;
#6532 = EDGE_CURVE ( 'NONE', #6694, #7330, #7033, .T. ) ;
#6533 = EDGE_CURVE ( 'NONE', #4347, #6460, #4047, .T. ) ;
#6534 = VERTEX_POINT ( 'NONE', #6977 ) ;
#6535 = CARTESIAN_POINT ( 'NONE',  ( 40.59999999999997300, 19.22649730810370627, 21.44924440733135640 ) ) ;
#6536 = VECTOR ( 'NONE', #3079, 999.9999999999998863 ) ;
#6537 = EDGE_CURVE ( 'NONE', #4754, #3053, #6262, .T. ) ;
#6538 = PLANE ( 'NONE',  #2298 ) ;
#6539 = CARTESIAN_POINT ( 'NONE',  ( 45.00000000000000711, 18.88772481033652184, -27.17386661099702749 ) ) ;
#6540 = CARTESIAN_POINT ( 'NONE',  ( 27.17386661099703460, 13.11422211844030450, -45.00000000000000000 ) ) ;
#6541 = EDGE_CURVE ( 'NONE', #7738, #4573, #5506, .T. ) ;
#6542 = VECTOR ( 'NONE', #4896, 1000.000000000000000 ) ;
#6543 = EDGE_LOOP ( 'NONE', ( #9423, #9234, #9624, #7279 ) ) ;
#6544 = VERTEX_POINT ( 'NONE', #9639 ) ;
#6545 = EDGE_CURVE ( 'NONE', #3375, #3618, #7384, .T. ) ;
#6546 = ORIENTED_EDGE ( 'NONE', *, *, #6645, .T. ) ;
#6547 = EDGE_CURVE ( 'NONE', #9573, #8997, #7229, .T. ) ;
#6548 = ADVANCED_FACE ( 'NONE', ( #4307 ), #6465, .F. ) ;
#6549 = VERTEX_POINT ( 'NONE', #381 ) ;
#6550 = DIRECTION ( 'NONE',  ( 1.000000000000000000, -0.000000000000000000, 0.000000000000000000 ) ) ;
#6551 = LINE ( 'NONE', #7356, #7959 ) ;
#6552 = VECTOR ( 'NONE', #3409, 999.9999999999998863 ) ;
#6553 = DIRECTION ( 'NONE',  ( -0.000000000000000000, -0.000000000000000000, 1.000000000000000000 ) ) ;
#6554 = LINE ( 'NONE', #1238, #9714 ) ;
#6555 = DIRECTION ( 'NONE',  ( 0.000000000000000000, -1.000000000000000000, 0.000000000000000000 ) ) ;
#6556 = LINE ( 'NONE', #4838, #6994 ) ;
#6557 = DIRECTION ( 'NONE',  ( 1.000000000000000000, -0.000000000000000000, -7.709882115452476934E-17 ) ) ;
#6558 = VERTEX_POINT ( 'NONE', #8031 ) ;
#6559 = CARTESIAN_POINT ( 'NONE',  ( -32.17386661099703105, 28.22552384371531176, -45.00000000000000000 ) ) ;
#6560 = ORIENTED_EDGE ( 'NONE', *, *, #387, .T. ) ;
#6561 = DIRECTION ( 'NONE',  ( 6.009258394948641055E-16, -1.000000000000000000, 0.000000000000000000 ) ) ;
#6562 = DIRECTION ( 'NONE',  ( 6.009258394948640069E-16, -1.000000000000000000, 0.000000000000000000 ) ) ;
#6563 = AXIS2_PLACEMENT_3D ( 'NONE', #9298, #6896, #3852 ) ;
#6564 = VERTEX_POINT ( 'NONE', #6583 ) ;
#6565 = ORIENTED_EDGE ( 'NONE', *, *, #1286, .T. ) ;
#6566 = EDGE_CURVE ( 'NONE', #1290, #8976, #6419, .T. ) ;
#6567 = CARTESIAN_POINT ( 'NONE',  ( -16.44924440733135640, 22.11324865405187268, -45.00000000000000000 ) ) ;
#6568 = DIRECTION ( 'NONE',  ( 1.000000000000000000, -0.000000000000000000, -7.709882115452476934E-17 ) ) ;
#6569 = DIRECTION ( 'NONE',  ( 0.8660254037844388186, -0.4999999999999997224, 0.000000000000000000 ) ) ;
#6570 = CARTESIAN_POINT ( 'NONE',  ( -45.00000000000000711, 31.11227518966341066, -15.72462220366567465 ) ) ;
#6571 = VECTOR ( 'NONE', #1414, 1000.000000000000000 ) ;
#6572 = CARTESIAN_POINT ( 'NONE',  ( 5.724622203665681752, 13.11422211844030450, -45.00000000000000000 ) ) ;
#6573 = CARTESIAN_POINT ( 'NONE',  ( -45.00000000000000711, 31.11227518966340355, 15.72462220366568175 ) ) ;
#6574 = VERTEX_POINT ( 'NONE', #9486 ) ;
#6575 = DIRECTION ( 'NONE',  ( -0.4999999999999998890, 0.8660254037844387076, 0.000000000000000000 ) ) ;
#6576 = ORIENTED_EDGE ( 'NONE', *, *, #6825, .T. ) ;
#6577 = ORIENTED_EDGE ( 'NONE', *, *, #8627, .T. ) ;
#6578 = ORIENTED_EDGE ( 'NONE', *, *, #4195, .F. ) ;
#6579 = ADVANCED_FACE ( 'NONE', ( #7981 ), #1965, .F. ) ;
#6580 = ADVANCED_FACE ( 'NONE', ( #3431 ), #9531, .F. ) ;
#6581 = VECTOR ( 'NONE', #1570, 1000.000000000000114 ) ;
#6582 = DIRECTION ( 'NONE',  ( 0.7071067811865480168, -0.000000000000000000, 0.7071067811865470176 ) ) ;
#6583 = CARTESIAN_POINT ( 'NONE',  ( 45.00000000000000711, 28.22552384371527623, 32.17386661099703105 ) ) ;
#6584 = FACE_OUTER_BOUND ( 'NONE', #6320, .T. ) ;
#6585 = LINE ( 'NONE', #7231, #7168 ) ;
#6586 = ORIENTED_EDGE ( 'NONE', *, *, #5611, .T. ) ;
#6587 = ORIENTED_EDGE ( 'NONE', *, *, #2399, .F. ) ;
#6588 = EDGE_CURVE ( 'NONE', #6936, #3262, #1216, .T. ) ;
#6589 = CARTESIAN_POINT ( 'NONE',  ( -40.60000000000000142, 27.88675134594808469, -26.44924440733135640 ) ) ;
#6590 = PLANE ( 'NONE',  #6514 ) ;
#6591 = EDGE_CURVE ( 'NONE', #2985, #5610, #8830, .T. ) ;
#6592 = LINE ( 'NONE', #191, #4909 ) ;
#6593 = CARTESIAN_POINT ( 'NONE',  ( -21.44924440733135640, 19.22649730810374180, -45.00000000000000000 ) ) ;
#6594 = DIRECTION ( 'NONE',  ( -7.709882115452476934E-17, 1.502314598737162976E-16, -1.000000000000000000 ) ) ;
#6595 = CARTESIAN_POINT ( 'NONE',  ( -43.00000000000000000, 2.000000000000001776, -45.00000000000000000 ) ) ;
#6596 = EDGE_LOOP ( 'NONE', ( #576, #6038, #7450, #9276 ) ) ;
#6597 = ORIENTED_EDGE ( 'NONE', *, *, #6434, .T. ) ;
#6598 = ORIENTED_EDGE ( 'NONE', *, *, #884, .T. ) ;
#6599 = ORIENTED_EDGE ( 'NONE', *, *, #1301, .T. ) ;
#6600 = CARTESIAN_POINT ( 'NONE',  ( -40.60000000000000142, 22.11324865405184426, -26.44924440733135285 ) ) ;
#6601 = EDGE_CURVE ( 'NONE', #3830, #4432, #5658, .T. ) ;
#6602 = ADVANCED_FACE ( 'NONE', ( #1918 ), #1101, .F. ) ;
#6603 = CARTESIAN_POINT ( 'NONE',  ( -45.00000000000000711, 18.88772481033652184, 15.72462220366568530 ) ) ;
#6604 = LINE ( 'NONE', #8900, #2621 ) ;
#6605 = EDGE_CURVE ( 'NONE', #6003, #2912, #7272, .T. ) ;
#6606 = CARTESIAN_POINT ( 'NONE',  ( 37.17386661099703105, 13.11422211844031160, -45.00000000000000000 ) ) ;
#6607 = DIRECTION ( 'NONE',  ( 0.000000000000000000, -0.4999999999999998335, -0.8660254037844387076 ) ) ;
#6608 = LINE ( 'NONE', #4176, #3936 ) ;
#6609 = ORIENTED_EDGE ( 'NONE', *, *, #6491, .T. ) ;
#6610 = EDGE_CURVE ( 'NONE', #2619, #8879, #1811, .T. ) ;
#6611 = ADVANCED_FACE ( 'NONE', ( #9683 ), #2564, .F. ) ;
#6612 = ORIENTED_EDGE ( 'NONE', *, *, #2498, .F. ) ;
#6613 = DIRECTION ( 'NONE',  ( 0.8660254037844383745, 0.5000000000000004441, 0.000000000000000000 ) ) ;
#6614 = CARTESIAN_POINT ( 'NONE',  ( -45.00000000000000711, 13.11422211844027252, -15.72462220366567465 ) ) ;
#6615 = VERTEX_POINT ( 'NONE', #4854 ) ;
#6616 = ORIENTED_EDGE ( 'NONE', *, *, #1085, .T. ) ;
#6617 = FACE_OUTER_BOUND ( 'NONE', #3804, .T. ) ;
#6618 = CARTESIAN_POINT ( 'NONE',  ( 32.17386661099703105, 39.77252922750782460, -45.00000000000000000 ) ) ;
#6619 =( NAMED_UNIT ( * ) PLANE_ANGLE_UNIT ( ) SI_UNIT ( $, .RADIAN. ) );
#6620 = CARTESIAN_POINT ( 'NONE',  ( -40.60000000000000142, 18.88772481033652895, 37.17386661099704526 ) ) ;
#6621 = PLANE ( 'NONE',  #4739 ) ;
#6622 = ORIENTED_EDGE ( 'NONE', *, *, #2438, .T. ) ;
#6623 = FACE_BOUND ( 'NONE', #4376, .T. ) ;
#6624 = ORIENTED_EDGE ( 'NONE', *, *, #2074, .T. ) ;
#6625 = ORIENTED_EDGE ( 'NONE', *, *, #8513, .T. ) ;
#6626 = ORIENTED_EDGE ( 'NONE', *, *, #9042, .F. ) ;
#6627 = ORIENTED_EDGE ( 'NONE', *, *, #2914, .F. ) ;
#6628 = LINE ( 'NONE', #4395, #900 ) ;
#6629 = CARTESIAN_POINT ( 'NONE',  ( 4.999999999999999112, 22.11324865405187268, 45.00000000000000000 ) ) ;
#6630 = EDGE_CURVE ( 'NONE', #6877, #6784, #320, .T. ) ;
#6631 = LINE ( 'NONE', #274, #7150 ) ;
#6632 = EDGE_CURVE ( 'NONE', #1864, #312, #989, .T. ) ;
#6633 = CARTESIAN_POINT ( 'NONE',  ( 45.00000000000000711, 21.77447615628465272, -32.17386661099702394 ) ) ;
#6634 = VERTEX_POINT ( 'NONE', #3331 ) ;
#6635 = ORIENTED_EDGE ( 'NONE', *, *, #5549, .F. ) ;
#6636 = LINE ( 'NONE', #7283, #9438 ) ;
#6637 = FACE_OUTER_BOUND ( 'NONE', #2594, .T. ) ;
#6638 = LINE ( 'NONE', #4409, #3446 ) ;
#6639 = LINE ( 'NONE', #5084, #8603 ) ;
#6640 = CARTESIAN_POINT ( 'NONE',  ( 21.44924440733135640, 30.77350269189625820, -45.00000000000000000 ) ) ;
#6641 = EDGE_LOOP ( 'NONE', ( #5677, #7013, #4571, #5172, #9538, #5988 ) ) ;
#6642 = DIRECTION ( 'NONE',  ( 1.000000000000000000, -0.000000000000000000, 0.000000000000000000 ) ) ;
#6643 = ORIENTED_EDGE ( 'NONE', *, *, #2326, .F. ) ;
#6644 = DIRECTION ( 'NONE',  ( -0.000000000000000000, -0.000000000000000000, 1.000000000000000000 ) ) ;
#6645 = EDGE_CURVE ( 'NONE', #257, #5166, #8723, .T. ) ;
#6646 = LINE ( 'NONE', #250, #8918 ) ;
#6647 = LINE ( 'NONE', #1379, #1377 ) ;
#6648 = VECTOR ( 'NONE', #6102, 1000.000000000000114 ) ;
#6649 = LINE ( 'NONE', #9764, #677 ) ;
#6650 = DIRECTION ( 'NONE',  ( 0.000000000000000000, 1.000000000000000000, 1.502314598737162976E-16 ) ) ;
#6651 = ORIENTED_EDGE ( 'NONE', *, *, #5577, .F. ) ;
#6652 = EDGE_LOOP ( 'NONE', ( #7339, #7916, #7354, #7143, #8662, #5780 ) ) ;
#6653 = FACE_BOUND ( 'NONE', #905, .T. ) ;
#6654 = ADVANCED_FACE ( 'NONE', ( #5262 ), #5859, .F. ) ;
#6655 = EDGE_LOOP ( 'NONE', ( #8257, #3356, #9603, #6587 ) ) ;
#6656 = EDGE_LOOP ( 'NONE', ( #6085, #8959, #9847, #3749 ) ) ;
#6657 = CARTESIAN_POINT ( 'NONE',  ( -45.00000000000000711, 39.77252922750778907, -32.17386661099700973 ) ) ;
#6658 = FACE_OUTER_BOUND ( 'NONE', #1685, .T. ) ;
#6659 = VECTOR ( 'NONE', #654, 1000.000000000000114 ) ;
#6660 = LINE ( 'NONE', #8966, #6207 ) ;
#6661 = VECTOR ( 'NONE', #5340, 1000.000000000000000 ) ;
#6662 = EDGE_CURVE ( 'NONE', #2667, #8854, #8230, .T. ) ;
#6663 = PLANE ( 'NONE',  #2119 ) ;
#6664 = FACE_OUTER_BOUND ( 'NONE', #818, .T. ) ;
#6665 = DIRECTION ( 'NONE',  ( -0.4999999999999997780, -0.8660254037844388186, 0.000000000000000000 ) ) ;
#6666 = ORIENTED_EDGE ( 'NONE', *, *, #285, .T. ) ;
#6667 = CARTESIAN_POINT ( 'NONE',  ( -15.72462220366567465, 13.11422211844029739, -45.00000000000000000 ) ) ;
#6668 = VECTOR ( 'NONE', #7444, 1000.000000000000114 ) ;
#6669 = EDGE_LOOP ( 'NONE', ( #2573, #4646, #8310, #3982 ) ) ;
#6670 = ORIENTED_EDGE ( 'NONE', *, *, #7912, .T. ) ;
#6671 = ORIENTED_EDGE ( 'NONE', *, *, #2512, .T. ) ;
#6672 = ORIENTED_EDGE ( 'NONE', *, *, #8030, .F. ) ;
#6673 = EDGE_CURVE ( 'NONE', #9116, #6224, #4497, .T. ) ;
#6674 = VECTOR ( 'NONE', #3608, 1000.000000000000000 ) ;
#6675 = VECTOR ( 'NONE', #2328, 1000.000000000000000 ) ;
#6676 = DIRECTION ( 'NONE',  ( 0.000000000000000000, 1.000000000000000000, 3.004629197474320528E-16 ) ) ;
#6677 = VECTOR ( 'NONE', #6978, 1000.000000000000000 ) ;
#6678 = LINE ( 'NONE', #8231, #7625 ) ;
#6679 = DIRECTION ( 'NONE',  ( 0.000000000000000000, 0.5000000000000005551, -0.8660254037844382635 ) ) ;
#6680 = ORIENTED_EDGE ( 'NONE', *, *, #8650, .F. ) ;
#6681 = ORIENTED_EDGE ( 'NONE', *, *, #1100, .F. ) ;
#6682 = AXIS2_PLACEMENT_3D ( 'NONE', #5030, #4277, #8095 ) ;
#6683 = VECTOR ( 'NONE', #8404, 1000.000000000000000 ) ;
#6684 = EDGE_CURVE ( 'NONE', #3582, #5573, #1358, .T. ) ;
#6685 = DIRECTION ( 'NONE',  ( 1.000000000000000000, -0.000000000000000000, -7.709882115452476934E-17 ) ) ;
#6686 = DIRECTION ( 'NONE',  ( -0.7071067811865473507, 0.000000000000000000, 0.7071067811865477948 ) ) ;
#6687 = VECTOR ( 'NONE', #3949, 1000.000000000000114 ) ;
#6688 = VECTOR ( 'NONE', #7443, 1000.000000000000114 ) ;
#6689 = DIRECTION ( 'NONE',  ( 0.000000000000000000, 0.5000000000000007772, -0.8660254037844382635 ) ) ;
#6690 = CARTESIAN_POINT ( 'NONE',  ( -45.00000000000000711, 27.88675134594811311, 5.000000000000011546 ) ) ;
#6691 = CARTESIAN_POINT ( 'NONE',  ( -32.17386661099703105, 39.77252922750782460, 40.59999999999999432 ) ) ;
#6692 = LINE ( 'NONE', #491, #4891 ) ;
#6693 = ORIENTED_EDGE ( 'NONE', *, *, #8933, .T. ) ;
#6694 = VERTEX_POINT ( 'NONE', #4355 ) ;
#6695 = VECTOR ( 'NONE', #9964, 1000.000000000000227 ) ;
#6696 = VERTEX_POINT ( 'NONE', #8932 ) ;
#6697 = CARTESIAN_POINT ( 'NONE',  ( -45.00000000000000711, 13.11422211844026720, 15.72462220366568175 ) ) ;
#6698 = CARTESIAN_POINT ( 'NONE',  ( -21.44924440733135640, 19.22649730810374180, -45.00000000000000000 ) ) ;
#6699 = DIRECTION ( 'NONE',  ( 6.009258394948641055E-16, -1.000000000000000000, 0.000000000000000000 ) ) ;
#6700 = VECTOR ( 'NONE', #6794, 1000.000000000000000 ) ;
#6701 = FACE_OUTER_BOUND ( 'NONE', #4358, .T. ) ;
#6702 = CARTESIAN_POINT ( 'NONE',  ( 27.17386661099703460, 18.88772481033656092, -45.00000000000000000 ) ) ;
#6703 = ORIENTED_EDGE ( 'NONE', *, *, #8747, .T. ) ;
#6704 = ORIENTED_EDGE ( 'NONE', *, *, #726, .T. ) ;
#6705 = CARTESIAN_POINT ( 'NONE',  ( 45.00000000000000711, 18.88772481033652895, 37.17386661099703815 ) ) ;
#6706 = ORIENTED_EDGE ( 'NONE', *, *, #4862, .F. ) ;
#6707 = ORIENTED_EDGE ( 'NONE', *, *, #1382, .F. ) ;
#6708 = CARTESIAN_POINT ( 'NONE',  ( -45.00000000000000711, 36.88577788155965465, -37.17386661099701683 ) ) ;
#6709 = VECTOR ( 'NONE', #260, 1000.000000000000114 ) ;
#6710 = DIRECTION ( 'NONE',  ( -0.4999999999999998890, 0.8660254037844387076, 0.000000000000000000 ) ) ;
#6711 = EDGE_CURVE ( 'NONE', #3996, #6097, #7528, .T. ) ;
#6712 = CARTESIAN_POINT ( 'NONE',  ( -5.724622203665678200, 36.88577788155969728, -45.00000000000000000 ) ) ;
#6713 = DIRECTION ( 'NONE',  ( 1.000000000000000000, -0.000000000000000000, -7.709882115452476934E-17 ) ) ;
#6714 = VECTOR ( 'NONE', #9741, 1000.000000000000000 ) ;
#6715 = CARTESIAN_POINT ( 'NONE',  ( 40.59999999999999432, 4.644439057571936758, -40.39471679417584227 ) ) ;
#6716 = ORIENTED_EDGE ( 'NONE', *, *, #3606, .T. ) ;
#6717 = FACE_OUTER_BOUND ( 'NONE', #5311, .T. ) ;
#6718 = AXIS2_PLACEMENT_3D ( 'NONE', #7038, #4654, #3845 ) ;
#6719 = ORIENTED_EDGE ( 'NONE', *, *, #7288, .F. ) ;
#6720 = ORIENTED_EDGE ( 'NONE', *, *, #6398, .F. ) ;
#6721 = ORIENTED_EDGE ( 'NONE', *, *, #2555, .F. ) ;
#6722 = ORIENTED_EDGE ( 'NONE', *, *, #8118, .T. ) ;
#6723 = VECTOR ( 'NONE', #7602, 1000.000000000000114 ) ;
#6724 = CARTESIAN_POINT ( 'NONE',  ( 40.59999999999999432, -13.30361025463755809, -30.03240569234301560 ) ) ;
#6725 = EDGE_CURVE ( 'NONE', #9351, #8543, #8277, .T. ) ;
#6726 = FACE_OUTER_BOUND ( 'NONE', #637, .T. ) ;
#6727 = CARTESIAN_POINT ( 'NONE',  ( -10.72462220366567820, 39.77252922750782460, -45.00000000000000000 ) ) ;
#6728 = EDGE_CURVE ( 'NONE', #9251, #5551, #1444, .T. ) ;
#6729 = EDGE_LOOP ( 'NONE', ( #4449, #3412, #9528, #1105 ) ) ;
#6730 = ORIENTED_EDGE ( 'NONE', *, *, #6469, .F. ) ;
#6731 = VECTOR ( 'NONE', #3082, 1000.000000000000114 ) ;
#6732 = LINE ( 'NONE', #9795, #6051 ) ;
#6733 = EDGE_CURVE ( 'NONE', #9697, #4575, #6870, .T. ) ;
#6734 = CARTESIAN_POINT ( 'NONE',  ( 10.28129369291628592, 10.00000000000000000, -10.28129369291629303 ) ) ;
#6735 = VECTOR ( 'NONE', #7872, 999.9999999999998863 ) ;
#6736 = DIRECTION ( 'NONE',  ( 0.000000000000000000, 1.000000000000000000, 0.000000000000000000 ) ) ;
#6737 = LINE ( 'NONE', #8293, #8478 ) ;
#6738 = DIRECTION ( 'NONE',  ( 0.000000000000000000, -0.5000000000000007772, 0.8660254037844382635 ) ) ;
#6739 = ORIENTED_EDGE ( 'NONE', *, *, #5312, .T. ) ;
#6740 = ORIENTED_EDGE ( 'NONE', *, *, #4037, .F. ) ;
#6741 = EDGE_LOOP ( 'NONE', ( #1592, #3008, #5432, #1349 ) ) ;
#6742 = CARTESIAN_POINT ( 'NONE',  ( 32.17386661099703105, 21.77447615628468114, 40.59999999999999432 ) ) ;
#6743 = EDGE_CURVE ( 'NONE', #5662, #5260, #3637, .T. ) ;
#6744 = EDGE_CURVE ( 'NONE', #7636, #7710, #4539, .T. ) ;
#6745 = CARTESIAN_POINT ( 'NONE',  ( 37.17386661099703105, 36.88577788155969728, -45.00000000000000000 ) ) ;
#6746 = PLANE ( 'NONE',  #8793 ) ;
#6747 = EDGE_CURVE ( 'NONE', #8025, #1086, #8982, .T. ) ;
#6748 = PLANE ( 'NONE',  #535 ) ;
#6749 = CARTESIAN_POINT ( 'NONE',  ( -21.44924440733135640, 19.22649730810374180, -40.59999999999999432 ) ) ;
#6750 = VERTEX_POINT ( 'NONE', #7425 ) ;
#6751 = VERTEX_POINT ( 'NONE', #1307 ) ;
#6752 = DIRECTION ( 'NONE',  ( -0.7071067811865474617, 0.000000000000000000, -0.7071067811865474617 ) ) ;
#6753 = VERTEX_POINT ( 'NONE', #3727 ) ;
#6754 = VERTEX_POINT ( 'NONE', #2103 ) ;
#6755 = CARTESIAN_POINT ( 'NONE',  ( 16.44924440733135640, 22.11324865405187268, -45.00000000000000000 ) ) ;
#6756 = CARTESIAN_POINT ( 'NONE',  ( -10.72462220366567820, 28.22552384371531886, 45.00000000000000000 ) ) ;
#6757 =( NAMED_UNIT ( * ) SI_UNIT ( $, .STERADIAN. ) SOLID_ANGLE_UNIT ( ) );
#6758 = PLANE ( 'NONE',  #3973 ) ;
#6759 = CARTESIAN_POINT ( 'NONE',  ( 27.17386661099703460, 31.11227518966344263, -45.00000000000000000 ) ) ;
#6760 = EDGE_LOOP ( 'NONE', ( #1724, #7930, #475, #7550 ) ) ;
#6761 = CARTESIAN_POINT ( 'NONE',  ( -40.60000000000000142, 16.03760659646317421, -46.97256513967720792 ) ) ;
#6762 = EDGE_LOOP ( 'NONE', ( #5404, #6622, #6470, #143 ) ) ;
#6763 = DIRECTION ( 'NONE',  ( -0.000000000000000000, -0.000000000000000000, 1.000000000000000000 ) ) ;
#6764 = ORIENTED_EDGE ( 'NONE', *, *, #2871, .T. ) ;
#6765 = VERTEX_POINT ( 'NONE', #668 ) ;
#6766 = EDGE_CURVE ( 'NONE', #9428, #9583, #7474, .T. ) ;
#6767 = DIRECTION ( 'NONE',  ( 0.000000000000000000, -0.4999999999999998335, -0.8660254037844387076 ) ) ;
#6768 = CARTESIAN_POINT ( 'NONE',  ( 45.00000000000000711, 18.88772481033652184, 27.17386661099702749 ) ) ;
#6769 = CARTESIAN_POINT ( 'NONE',  ( 27.17386661099703460, 18.88772481033656092, 45.00000000000000000 ) ) ;
#6770 = CARTESIAN_POINT ( 'NONE',  ( -45.00000000000000711, 31.11227518966340355, -5.724622203665671094 ) ) ;
#6771 = VERTEX_POINT ( 'NONE', #2866 ) ;
#6772 = ORIENTED_EDGE ( 'NONE', *, *, #2251, .T. ) ;
#6773 = DIRECTION ( 'NONE',  ( -0.000000000000000000, -0.000000000000000000, 1.000000000000000000 ) ) ;
#6774 = ADVANCED_FACE ( 'NONE', ( #5167 ), #9883, .F. ) ;
#6775 = DIRECTION ( 'NONE',  ( 0.000000000000000000, -0.5000000000000002220, -0.8660254037844384856 ) ) ;
#6776 = CARTESIAN_POINT ( 'NONE',  ( 5.724622203665681752, 31.11227518966344263, -45.00000000000000000 ) ) ;
#6777 = EDGE_CURVE ( 'NONE', #2625, #9767, #5123, .T. ) ;
#6778 = LINE ( 'NONE', #1509, #4558 ) ;
#6779 = DIRECTION ( 'NONE',  ( -0.8660254037844388186, 0.4999999999999997780, 0.000000000000000000 ) ) ;
#6780 = DIRECTION ( 'NONE',  ( 0.000000000000000000, 0.5000000000000005551, -0.8660254037844382635 ) ) ;
#6781 = DIRECTION ( 'NONE',  ( 0.000000000000000000, -1.000000000000000000, -1.502314598737162976E-16 ) ) ;
#6782 = VERTEX_POINT ( 'NONE', #5996 ) ;
#6783 = ORIENTED_EDGE ( 'NONE', *, *, #597, .F. ) ;
#6784 = VERTEX_POINT ( 'NONE', #2020 ) ;
#6785 = CARTESIAN_POINT ( 'NONE',  ( 5.724622203665687081, 5.000000000000024869, -40.59999999999999432 ) ) ;
#6786 = EDGE_CURVE ( 'NONE', #213, #3882, #8186, .T. ) ;
#6787 = DIRECTION ( 'NONE',  ( -0.8660254037844384856, -0.5000000000000004441, 0.000000000000000000 ) ) ;
#6788 = CARTESIAN_POINT ( 'NONE',  ( -15.16033048310346487, 4.999999999999997335, -1.103125484187135186 ) ) ;
#6789 = LINE ( 'NONE', #2084, #9872 ) ;
#6790 = VERTEX_POINT ( 'NONE', #3584 ) ;
#6791 = DIRECTION ( 'NONE',  ( 0.8660254037844387076, 0.4999999999999998890, 0.000000000000000000 ) ) ;
#6792 = VERTEX_POINT ( 'NONE', #9739 ) ;
#6793 = VERTEX_POINT ( 'NONE', #2815 ) ;
#6794 = DIRECTION ( 'NONE',  ( 1.000000000000000000, -0.000000000000000000, -7.709882115452476934E-17 ) ) ;
#6795 = PLANE ( 'NONE',  #382 ) ;
#6796 = EDGE_CURVE ( 'NONE', #712, #675, #5952, .T. ) ;
#6797 = AXIS2_PLACEMENT_3D ( 'NONE', #587, #4551, #9030 ) ;
#6798 = LINE ( 'NONE', #7414, #1160 ) ;
#6799 = CARTESIAN_POINT ( 'NONE',  ( -27.17386661099703460, 36.88577788155969728, -45.00000000000000000 ) ) ;
#6800 = PLANE ( 'NONE',  #3607 ) ;
#6801 = ORIENTED_EDGE ( 'NONE', *, *, #1416, .F. ) ;
#6802 = LINE ( 'NONE', #1485, #4565 ) ;
#6803 = ORIENTED_EDGE ( 'NONE', *, *, #9485, .F. ) ;
#6804 = LINE ( 'NONE', #9972, #2926 ) ;
#6805 = ORIENTED_EDGE ( 'NONE', *, *, #3509, .T. ) ;
#6806 = VECTOR ( 'NONE', #4040, 1000.000000000000000 ) ;
#6807 = VERTEX_POINT ( 'NONE', #7819 ) ;
#6808 = VECTOR ( 'NONE', #1682, 999.9999999999998863 ) ;
#6809 = CARTESIAN_POINT ( 'NONE',  ( -21.67670798600081028, 1.999999999999986233, 5.413252018710212887 ) ) ;
#6810 = VECTOR ( 'NONE', #1535, 1000.000000000000000 ) ;
#6811 = DIRECTION ( 'NONE',  ( -0.8660254037844387076, 0.4999999999999998890, 0.000000000000000000 ) ) ;
#6812 = CARTESIAN_POINT ( 'NONE',  ( -32.46348017968006161, -9.092865725585328462, -40.59999999999999432 ) ) ;
#6813 = LINE ( 'NONE', #6770, #1557 ) ;
#6814 = ORIENTED_EDGE ( 'NONE', *, *, #7681, .T. ) ;
#6815 = ORIENTED_EDGE ( 'NONE', *, *, #3056, .T. ) ;
#6816 = EDGE_CURVE ( 'NONE', #9119, #6307, #8465, .T. ) ;
#6817 = AXIS2_PLACEMENT_3D ( 'NONE', #6178, #7848, #954 ) ;
#6818 = VECTOR ( 'NONE', #6436, 1000.000000000000114 ) ;
#6819 = AXIS2_PLACEMENT_3D ( 'NONE', #2716, #6575, #1804 ) ;
#6820 = CARTESIAN_POINT ( 'NONE',  ( -5.724622203665679976, 36.88577788155969728, 45.00000000000000000 ) ) ;
#6821 = VECTOR ( 'NONE', #8673, 1000.000000000000000 ) ;
#6822 = CARTESIAN_POINT ( 'NONE',  ( -21.67670798600081028, 10.00000000000000000, 5.413252018710212887 ) ) ;
#6823 = CARTESIAN_POINT ( 'NONE',  ( 37.17386661099703105, 13.11422211844031160, -45.00000000000000000 ) ) ;
#6824 = LINE ( 'NONE', #9090, #4419 ) ;
#6825 = EDGE_CURVE ( 'NONE', #9217, #3312, #7118, .T. ) ;
#6826 = LINE ( 'NONE', #842, #9776 ) ;
#6827 = VECTOR ( 'NONE', #2342, 1000.000000000000000 ) ;
#6828 = DIRECTION ( 'NONE',  ( 1.000000000000000000, -0.000000000000000000, -7.709882115452476934E-17 ) ) ;
#6829 = EDGE_CURVE ( 'NONE', #6792, #4004, #3990, .T. ) ;
#6830 = VECTOR ( 'NONE', #3658, 999.9999999999998863 ) ;
#6831 = EDGE_CURVE ( 'NONE', #1305, #459, #9168, .T. ) ;
#6832 = EDGE_LOOP ( 'NONE', ( #4212, #6259, #123, #5779 ) ) ;
#6833 = ORIENTED_EDGE ( 'NONE', *, *, #3705, .T. ) ;
#6834 = ORIENTED_EDGE ( 'NONE', *, *, #3320, .F. ) ;
#6835 = EDGE_CURVE ( 'NONE', #8757, #2089, #4593, .T. ) ;
#6836 = DIRECTION ( 'NONE',  ( 0.000000000000000000, -1.000000000000000000, -3.004629197474320035E-16 ) ) ;
#6837 = VECTOR ( 'NONE', #3342, 1000.000000000000114 ) ;
#6838 = VECTOR ( 'NONE', #2887, 1000.000000000000114 ) ;
#6839 = LINE ( 'NONE', #5881, #6015 ) ;
#6840 = EDGE_CURVE ( 'NONE', #6534, #4863, #5672, .T. ) ;
#6841 = LINE ( 'NONE', #6278, #2040 ) ;
#6842 = LINE ( 'NONE', #8442, #7333 ) ;
#6843 = LINE ( 'NONE', #4425, #6984 ) ;
#6844 = ADVANCED_FACE ( 'NONE', ( #3015 ), #7869, .F. ) ;
#6845 = VECTOR ( 'NONE', #8818, 1000.000000000000114 ) ;
#6846 = EDGE_CURVE ( 'NONE', #4369, #4818, #9980, .T. ) ;
#6847 = EDGE_CURVE ( 'NONE', #3942, #9491, #5345, .T. ) ;
#6848 = ORIENTED_EDGE ( 'NONE', *, *, #916, .F. ) ;
#6849 = DIRECTION ( 'NONE',  ( 0.000000000000000000, -1.000000000000000000, -3.004629197474320035E-16 ) ) ;
#6850 = VECTOR ( 'NONE', #8266, 1000.000000000000000 ) ;
#6851 = ORIENTED_EDGE ( 'NONE', *, *, #5133, .F. ) ;
#6852 = ORIENTED_EDGE ( 'NONE', *, *, #1984, .T. ) ;
#6853 = CARTESIAN_POINT ( 'NONE',  ( -43.00000000000000000, 2.000000000000001776, -43.00000000000000000 ) ) ;
#6854 = CARTESIAN_POINT ( 'NONE',  ( 10.72462220366567820, 39.77252922750782460, -45.00000000000000000 ) ) ;
#6855 = VECTOR ( 'NONE', #1739, 1000.000000000000114 ) ;
#6856 = CARTESIAN_POINT ( 'NONE',  ( 40.59999999999999432, 9.482724823144923931, -43.18810238334573626 ) ) ;
#6857 = CARTESIAN_POINT ( 'NONE',  ( 40.59999999999999432, 4.999999999999992895, -27.17386661099703105 ) ) ;
#6858 = CARTESIAN_POINT ( 'NONE',  ( -45.00000000000000711, 31.11227518966340355, 37.17386661099704526 ) ) ;
#6859 = EDGE_LOOP ( 'NONE', ( #6803, #9994, #198, #2706 ) ) ;
#6860 = CARTESIAN_POINT ( 'NONE',  ( -40.60000000000000142, 4.999999999999997335, -40.59999999999999432 ) ) ;
#6861 = EDGE_CURVE ( 'NONE', #3183, #8169, #9211, .T. ) ;
#6862 = EDGE_LOOP ( 'NONE', ( #1067, #8923, #4682, #717 ) ) ;
#6863 = CARTESIAN_POINT ( 'NONE',  ( -45.00000000000000711, 10.22747077249214520, 32.17386661099703815 ) ) ;
#6864 = AXIS2_PLACEMENT_3D ( 'NONE', #1136, #932, #2554 ) ;
#6865 = ORIENTED_EDGE ( 'NONE', *, *, #3383, .T. ) ;
#6866 = ORIENTED_EDGE ( 'NONE', *, *, #201, .T. ) ;
#6867 = LINE ( 'NONE', #2398, #9240 ) ;
#6868 = EDGE_CURVE ( 'NONE', #4211, #4585, #4746, .T. ) ;
#6869 = VECTOR ( 'NONE', #7427, 1000.000000000000000 ) ;
#6870 = LINE ( 'NONE', #2210, #1632 ) ;
#6871 = VECTOR ( 'NONE', #1687, 1000.000000000000000 ) ;
#6872 = CARTESIAN_POINT ( 'NONE',  ( -45.00000000000000711, 22.11324865405184426, 16.44924440733135640 ) ) ;
#6873 = CARTESIAN_POINT ( 'NONE',  ( -45.00000000000000711, 39.77252922750778907, 10.72462220366569063 ) ) ;
#6874 = EDGE_CURVE ( 'NONE', #4561, #7123, #6304, .T. ) ;
#6875 = EDGE_CURVE ( 'NONE', #6048, #3272, #1648, .T. ) ;
#6876 = ORIENTED_EDGE ( 'NONE', *, *, #9279, .F. ) ;
#6877 = VERTEX_POINT ( 'NONE', #3833 ) ;
#6878 = VECTOR ( 'NONE', #68, 1000.000000000000114 ) ;
#6879 = VECTOR ( 'NONE', #7704, 1000.000000000000114 ) ;
#6880 = CARTESIAN_POINT ( 'NONE',  ( -45.00000000000000711, 22.11324865405184426, 16.44924440733135640 ) ) ;
#6881 = CARTESIAN_POINT ( 'NONE',  ( 40.59999999999997300, 31.11227518966340355, 15.72462220366567465 ) ) ;
#6882 = CARTESIAN_POINT ( 'NONE',  ( 40.59999999999999432, 44.01581498027237416, -18.07420871848706412 ) ) ;
#6883 = FACE_BOUND ( 'NONE', #5576, .T. ) ;
#6884 = FACE_OUTER_BOUND ( 'NONE', #7712, .T. ) ;
#6885 = VECTOR ( 'NONE', #9445, 1000.000000000000000 ) ;
#6886 = LINE ( 'NONE', #633, #7004 ) ;
#6887 = ADVANCED_FACE ( 'NONE', ( #5498 ), #3057, .F. ) ;
#6888 = CARTESIAN_POINT ( 'NONE',  ( -45.00000000000000711, 39.77252922750778197, -10.72462220366566754 ) ) ;
#6889 = ORIENTED_EDGE ( 'NONE', *, *, #4431, .T. ) ;
#6890 = EDGE_LOOP ( 'NONE', ( #1726, #8199, #4117, #6983, #9081, #4157 ) ) ;
#6891 = ORIENTED_EDGE ( 'NONE', *, *, #8642, .F. ) ;
#6892 = LINE ( 'NONE', #6785, #6200 ) ;
#6893 = EDGE_CURVE ( 'NONE', #5062, #411, #5398, .T. ) ;
#6894 = VECTOR ( 'NONE', #3533, 1000.000000000000000 ) ;
#6895 = CARTESIAN_POINT ( 'NONE',  ( 15.72462220366567465, 36.88577788155969728, -45.00000000000000000 ) ) ;
#6896 = DIRECTION ( 'NONE',  ( -0.4999999999999993339, 0.7071067811865484609, 0.4999999999999993339 ) ) ;
#6897 = CARTESIAN_POINT ( 'NONE',  ( -45.00000000000000711, 36.88577788155966175, -5.724622203665670206 ) ) ;
#6898 = CARTESIAN_POINT ( 'NONE',  ( -27.17386661099703460, 18.88772481033655382, -45.00000000000000000 ) ) ;
#6899 = VERTEX_POINT ( 'NONE', #1551 ) ;
#6900 = DIRECTION ( 'NONE',  ( 1.000000000000000000, 0.000000000000000000, 0.000000000000000000 ) ) ;
#6901 = EDGE_LOOP ( 'NONE', ( #4393, #8046, #2870, #2057, #2824, #5493 ) ) ;
#6902 = EDGE_LOOP ( 'NONE', ( #10007, #9902, #6833, #2902 ) ) ;
#6903 = CARTESIAN_POINT ( 'NONE',  ( 5.724622203665678200, 36.88577788155969728, 45.00000000000000000 ) ) ;
#6904 = ADVANCED_FACE ( 'NONE', ( #4640 ), #5556, .F. ) ;
#6905 = EDGE_CURVE ( 'NONE', #4029, #9459, #770, .T. ) ;
#6906 = CARTESIAN_POINT ( 'NONE',  ( -27.17386661099703460, 4.999999999999997335, 40.59999999999999432 ) ) ;
#6907 = DIRECTION ( 'NONE',  ( 1.000000000000000000, -0.000000000000000000, -7.709882115452476934E-17 ) ) ;
#6908 = CARTESIAN_POINT ( 'NONE',  ( -27.17386661099703460, 18.88772481033655382, -45.00000000000000000 ) ) ;
#6909 = CARTESIAN_POINT ( 'NONE',  ( -21.67670798600081028, 1.999999999999988010, 5.413252018710212887 ) ) ;
#6910 = EDGE_CURVE ( 'NONE', #8688, #4917, #3110, .T. ) ;
#6911 = VERTEX_POINT ( 'NONE', #7969 ) ;
#6912 = DIRECTION ( 'NONE',  ( 0.000000000000000000, 0.5000000000000005551, -0.8660254037844382635 ) ) ;
#6913 = ORIENTED_EDGE ( 'NONE', *, *, #76, .F. ) ;
#6914 = CARTESIAN_POINT ( 'NONE',  ( -15.72462220366567465, 36.88577788155969728, -45.00000000000000000 ) ) ;
#6915 = ORIENTED_EDGE ( 'NONE', *, *, #7568, .F. ) ;
#6916 = ORIENTED_EDGE ( 'NONE', *, *, #8534, .T. ) ;
#6917 = CARTESIAN_POINT ( 'NONE',  ( -5.724622203665678200, 13.11422211844030450, -45.00000000000000000 ) ) ;
#6918 = EDGE_CURVE ( 'NONE', #751, #9505, #8672, .T. ) ;
#6919 = CARTESIAN_POINT ( 'NONE',  ( -29.67009459051019604, -13.93115149115827300, 40.59999999999999432 ) ) ;
#6920 = PLANE ( 'NONE',  #184 ) ;
#6921 = LINE ( 'NONE', #2356, #891 ) ;
#6922 = ORIENTED_EDGE ( 'NONE', *, *, #4446, .T. ) ;
#6923 = ORIENTED_EDGE ( 'NONE', *, *, #7568, .T. ) ;
#6924 = DIRECTION ( 'NONE',  ( 0.000000000000000000, -0.4999999999999998335, -0.8660254037844387076 ) ) ;
#6925 = EDGE_CURVE ( 'NONE', #3373, #1288, #7261, .T. ) ;
#6926 = ADVANCED_FACE ( 'NONE', ( #1952 ), #1202, .F. ) ;
#6927 = LINE ( 'NONE', #939, #2612 ) ;
#6928 = LINE ( 'NONE', #9443, #2771 ) ;
#6929 = CARTESIAN_POINT ( 'NONE',  ( -24.65205706398846175, 32.62264744138117578, 40.59999999999999432 ) ) ;
#6930 = FACE_OUTER_BOUND ( 'NONE', #6988, .T. ) ;
#6931 = CARTESIAN_POINT ( 'NONE',  ( 10.72462220366567820, 28.22552384371531886, -45.00000000000000000 ) ) ;
#6932 = LINE ( 'NONE', #9992, #8787 ) ;
#6933 = ORIENTED_EDGE ( 'NONE', *, *, #8336, .F. ) ;
#6934 = VERTEX_POINT ( 'NONE', #5606 ) ;
#6935 = ORIENTED_EDGE ( 'NONE', *, *, #7322, .T. ) ;
#6936 = VERTEX_POINT ( 'NONE', #8820 ) ;
#6937 = PLANE ( 'NONE',  #5726 ) ;
#6938 = DIRECTION ( 'NONE',  ( 3.854941057726236618E-17, -0.8660254037844387076, 0.4999999999999998335 ) ) ;
#6939 = CARTESIAN_POINT ( 'NONE',  ( -45.00000000000000711, 18.88772481033652184, 15.72462220366568530 ) ) ;
#6940 = LINE ( 'NONE', #10003, #5232 ) ;
#6941 = CARTESIAN_POINT ( 'NONE',  ( 40.59999999999997300, 28.22552384371527623, 10.72462220366567642 ) ) ;
#6942 = EDGE_CURVE ( 'NONE', #5211, #8522, #1037, .T. ) ;
#6943 = ORIENTED_EDGE ( 'NONE', *, *, #3705, .F. ) ;
#6944 = CARTESIAN_POINT ( 'NONE',  ( 27.17386661099703460, 31.11227518966344263, 45.00000000000000000 ) ) ;
#6945 = EDGE_LOOP ( 'NONE', ( #7728, #3631, #8448, #9917, #2324, #9642 ) ) ;
#6946 = EDGE_CURVE ( 'NONE', #1566, #8529, #4954, .T. ) ;
#6947 = ORIENTED_EDGE ( 'NONE', *, *, #5532, .F. ) ;
#6948 = FACE_OUTER_BOUND ( 'NONE', #2726, .T. ) ;
#6949 = DIRECTION ( 'NONE',  ( -0.8660254037844387076, -0.4999999999999998890, 0.000000000000000000 ) ) ;
#6950 = DIRECTION ( 'NONE',  ( 0.000000000000000000, -1.000000000000000000, -3.004629197474320528E-16 ) ) ;
#6951 = CARTESIAN_POINT ( 'NONE',  ( 15.72462220366567465, 13.11422211844031160, -45.00000000000000000 ) ) ;
#6952 = DIRECTION ( 'NONE',  ( 0.000000000000000000, 1.000000000000000000, 0.000000000000000000 ) ) ;
#6953 = LINE ( 'NONE', #9968, #9559 ) ;
#6954 = EDGE_CURVE ( 'NONE', #1681, #2635, #4234, .T. ) ;
#6955 = EDGE_LOOP ( 'NONE', ( #3939, #2348, #2571, #849 ) ) ;
#6956 = PLANE ( 'NONE',  #5215 ) ;
#6957 = EDGE_LOOP ( 'NONE', ( #7973, #5027, #1694, #6546, #3218, #2735 ) ) ;
#6958 = DIRECTION ( 'NONE',  ( 0.8660254037844388186, -0.4999999999999997780, 0.000000000000000000 ) ) ;
#6959 = VERTEX_POINT ( 'NONE', #8769 ) ;
#6960 = ORIENTED_EDGE ( 'NONE', *, *, #2723, .F. ) ;
#6961 = ORIENTED_EDGE ( 'NONE', *, *, #2584, .F. ) ;
#6962 = CARTESIAN_POINT ( 'NONE',  ( 40.59999999999999432, 21.22947990248990280, -31.22990540948981320 ) ) ;
#6963 = EDGE_CURVE ( 'NONE', #3063, #1399, #9478, .T. ) ;
#6964 = CARTESIAN_POINT ( 'NONE',  ( -10.72462220366567820, 21.77447615628468114, 45.00000000000000000 ) ) ;
#6965 = DIRECTION ( 'NONE',  ( 0.000000000000000000, -0.000000000000000000, 1.000000000000000000 ) ) ;
#6966 = FACE_OUTER_BOUND ( 'NONE', #5391, .T. ) ;
#6967 = DIRECTION ( 'NONE',  ( 3.854941057726244014E-17, 0.8660254037844382635, 0.5000000000000007772 ) ) ;
#6968 = EDGE_CURVE ( 'NONE', #7042, #9131, #7219, .T. ) ;
#6969 = AXIS2_PLACEMENT_3D ( 'NONE', #2710, #6454, #219 ) ;
#6970 = ORIENTED_EDGE ( 'NONE', *, *, #901, .F. ) ;
#6971 = VECTOR ( 'NONE', #8597, 1000.000000000000227 ) ;
#6972 = ORIENTED_EDGE ( 'NONE', *, *, #1862, .T. ) ;
#6973 = EDGE_CURVE ( 'NONE', #1859, #111, #2661, .T. ) ;
#6974 = EDGE_CURVE ( 'NONE', #8209, #6472, #2556, .T. ) ;
#6975 = VECTOR ( 'NONE', #3717, 1000.000000000000000 ) ;
#6976 = AXIS2_PLACEMENT_3D ( 'NONE', #4843, #2550, #8709 ) ;
#6977 = CARTESIAN_POINT ( 'NONE',  ( 45.00000000000001421, 2.000000000000001776, 42.99999999999998579 ) ) ;
#6978 = DIRECTION ( 'NONE',  ( 1.000000000000000000, -0.000000000000000000, -7.709882115452476934E-17 ) ) ;
#6979 = DIRECTION ( 'NONE',  ( -3.854941057726242781E-17, -0.8660254037844383745, -0.5000000000000006661 ) ) ;
#6980 = CARTESIAN_POINT ( 'NONE',  ( -45.00000000000000711, 13.11422211844027252, -15.72462220366567465 ) ) ;
#6981 = LINE ( 'NONE', #7631, #9089 ) ;
#6982 = PLANE ( 'NONE',  #6718 ) ;
#6983 = ORIENTED_EDGE ( 'NONE', *, *, #9490, .T. ) ;
#6984 = VECTOR ( 'NONE', #5974, 1000.000000000000114 ) ;
#6985 = ORIENTED_EDGE ( 'NONE', *, *, #2772, .T. ) ;
#6986 = VECTOR ( 'NONE', #7124, 1000.000000000000000 ) ;
#6987 = EDGE_CURVE ( 'NONE', #3328, #9291, #5649, .T. ) ;
#6988 = EDGE_LOOP ( 'NONE', ( #1638, #3866, #1931, #3732 ) ) ;
#6989 = VECTOR ( 'NONE', #8372, 1000.000000000000000 ) ;
#6990 = ORIENTED_EDGE ( 'NONE', *, *, #6591, .F. ) ;
#6991 = CARTESIAN_POINT ( 'NONE',  ( -45.00000000000000711, 22.11324865405183715, -16.44924440733134929 ) ) ;
#6992 = DIRECTION ( 'NONE',  ( 1.000000000000000000, -0.000000000000000000, -7.709882115452476934E-17 ) ) ;
#6993 = VECTOR ( 'NONE', #3154, 1000.000000000000000 ) ;
#6994 = VECTOR ( 'NONE', #251, 1000.000000000000000 ) ;
#6995 = FACE_BOUND ( 'NONE', #7683, .T. ) ;
#6996 = FACE_OUTER_BOUND ( 'NONE', #9461, .T. ) ;
#6997 = DIRECTION ( 'NONE',  ( 0.000000000000000000, -1.000000000000000000, -3.004629197474320035E-16 ) ) ;
#6998 = DIRECTION ( 'NONE',  ( 0.8660254037844387076, -0.4999999999999998890, 0.000000000000000000 ) ) ;
#6999 = VERTEX_POINT ( 'NONE', #8714 ) ;
#7000 = LINE ( 'NONE', #2426, #3736 ) ;
#7001 = ORIENTED_EDGE ( 'NONE', *, *, #9288, .T. ) ;
#7002 = VECTOR ( 'NONE', #1413, 1000.000000000000000 ) ;
#7003 = ORIENTED_EDGE ( 'NONE', *, *, #5039, .F. ) ;
#7004 = VECTOR ( 'NONE', #2317, 1000.000000000000000 ) ;
#7005 = DIRECTION ( 'NONE',  ( 0.000000000000000000, 0.5000000000000005551, -0.8660254037844382635 ) ) ;
#7006 = CARTESIAN_POINT ( 'NONE',  ( -40.60000000000000142, 41.91044271574629221, -19.28974596215557114 ) ) ;
#7007 = LINE ( 'NONE', #53, #1476 ) ;
#7008 = CARTESIAN_POINT ( 'NONE',  ( 0.000000000000000000, 0.000000000000000000, -43.00000000000000000 ) ) ;
#7009 = CARTESIAN_POINT ( 'NONE',  ( 40.59999999999999432, 4.999999999999986677, -5.724622203665679976 ) ) ;
#7010 = AXIS2_PLACEMENT_3D ( 'NONE', #6917, #3055, #1442 ) ;
#7011 = DIRECTION ( 'NONE',  ( -0.000000000000000000, -0.000000000000000000, 1.000000000000000000 ) ) ;
#7012 = VECTOR ( 'NONE', #3778, 1000.000000000000000 ) ;
#7013 = ORIENTED_EDGE ( 'NONE', *, *, #2322, .F. ) ;
#7014 = CARTESIAN_POINT ( 'NONE',  ( -45.00000000000000711, 27.88675134594808824, 16.44924440733135995 ) ) ;
#7015 = ORIENTED_EDGE ( 'NONE', *, *, #8641, .F. ) ;
#7016 = DIRECTION ( 'NONE',  ( 0.8660254037844383745, 0.5000000000000004441, 0.000000000000000000 ) ) ;
#7017 = EDGE_LOOP ( 'NONE', ( #476, #5654, #7193, #7311, #4291, #927 ) ) ;
#7018 = ORIENTED_EDGE ( 'NONE', *, *, #3064, .T. ) ;
#7019 = DIRECTION ( 'NONE',  ( 1.000000000000000000, -0.000000000000000000, -7.709882115452476934E-17 ) ) ;
#7020 = VECTOR ( 'NONE', #8299, 1000.000000000000114 ) ;
#7021 = EDGE_CURVE ( 'NONE', #2359, #816, #1800, .T. ) ;
#7022 = CARTESIAN_POINT ( 'NONE',  ( -45.00000000000000711, 13.11422211844027252, 37.17386661099704526 ) ) ;
#7023 = ADVANCED_FACE ( 'NONE', ( #4897 ), #7319, .F. ) ;
#7024 = LINE ( 'NONE', #1600, #2782 ) ;
#7025 = LINE ( 'NONE', #13, #5235 ) ;
#7026 = LINE ( 'NONE', #1040, #8654 ) ;
#7027 = EDGE_LOOP ( 'NONE', ( #9974, #7852, #5139, #3228 ) ) ;
#7028 = VECTOR ( 'NONE', #1631, 1000.000000000000000 ) ;
#7029 = ORIENTED_EDGE ( 'NONE', *, *, #4537, .F. ) ;
#7030 = EDGE_LOOP ( 'NONE', ( #1808, #3242, #2504, #831 ) ) ;
#7031 = ADVANCED_FACE ( 'NONE', ( #5049 ), #5004, .F. ) ;
#7032 = AXIS2_PLACEMENT_3D ( 'NONE', #8044, #7290, #3508 ) ;
#7033 = LINE ( 'NONE', #780, #9873 ) ;
#7034 = DIRECTION ( 'NONE',  ( -0.8660254037844387076, -0.4999999999999998890, 0.000000000000000000 ) ) ;
#7035 = FACE_OUTER_BOUND ( 'NONE', #4733, .T. ) ;
#7036 = CARTESIAN_POINT ( 'NONE',  ( -41.97256513967722213, 7.377352558618816225, 40.59999999999999432 ) ) ;
#7037 = LINE ( 'NONE', #2222, #9874 ) ;
#7038 = CARTESIAN_POINT ( 'NONE',  ( -37.17386661099703105, 36.88577788155969728, -45.00000000000000000 ) ) ;
#7039 = ORIENTED_EDGE ( 'NONE', *, *, #5070, .F. ) ;
#7040 = VECTOR ( 'NONE', #4219, 1000.000000000000114 ) ;
#7041 = ORIENTED_EDGE ( 'NONE', *, *, #1023, .F. ) ;
#7042 = VERTEX_POINT ( 'NONE', #1137 ) ;
#7043 = ORIENTED_EDGE ( 'NONE', *, *, #1888, .T. ) ;
#7044 = CARTESIAN_POINT ( 'NONE',  ( -17.71189761665426232, 44.64335621679315835, -40.59999999999999432 ) ) ;
#7045 = FACE_BOUND ( 'NONE', #1258, .T. ) ;
#7046 = VECTOR ( 'NONE', #2990, 999.9999999999998863 ) ;
#7047 = CARTESIAN_POINT ( 'NONE',  ( -42.82579128151292025, 8.855183586624207237, -40.59999999999999432 ) ) ;
#7048 = CARTESIAN_POINT ( 'NONE',  ( 32.17386661099703105, 28.22552384371531886, -45.00000000000000000 ) ) ;
#7049 = CARTESIAN_POINT ( 'NONE',  ( 40.59999999999999432, 21.85702113901065147, -30.86759430765697232 ) ) ;
#7050 = DIRECTION ( 'NONE',  ( 0.000000000000000000, -0.5000000000000007772, 0.8660254037844382635 ) ) ;
#7051 = ORIENTED_EDGE ( 'NONE', *, *, #3997, .T. ) ;
#7052 = CARTESIAN_POINT ( 'NONE',  ( -45.00000000000000711, 10.22747077249213810, -32.17386661099702394 ) ) ;
#7053 = DIRECTION ( 'NONE',  ( -0.000000000000000000, -0.000000000000000000, 1.000000000000000000 ) ) ;
#7054 = VECTOR ( 'NONE', #8716, 1000.000000000000000 ) ;
#7055 = ORIENTED_EDGE ( 'NONE', *, *, #3683, .F. ) ;
#7056 = EDGE_LOOP ( 'NONE', ( #427, #3485, #3872, #7378 ) ) ;
#7057 = DIRECTION ( 'NONE',  ( 0.000000000000000000, 0.5000000000000005551, -0.8660254037844382635 ) ) ;
#7058 = FACE_OUTER_BOUND ( 'NONE', #6425, .T. ) ;
#7059 = EDGE_CURVE ( 'NONE', #1032, #5655, #9434, .T. ) ;
#7060 = PLANE ( 'NONE',  #3083 ) ;
#7061 = FACE_OUTER_BOUND ( 'NONE', #7030, .T. ) ;
#7062 = PLANE ( 'NONE',  #561 ) ;
#7063 = CARTESIAN_POINT ( 'NONE',  ( -45.00000000000000711, 10.22747077249214520, 32.17386661099703815 ) ) ;
#7064 = ORIENTED_EDGE ( 'NONE', *, *, #3037, .F. ) ;
#7065 = DIRECTION ( 'NONE',  ( -0.000000000000000000, -0.000000000000000000, 1.000000000000000000 ) ) ;
#7066 = ORIENTED_EDGE ( 'NONE', *, *, #7910, .T. ) ;
#7067 = CARTESIAN_POINT ( 'NONE',  ( 45.00000000000000711, 13.11422211844026720, 15.72462220366567465 ) ) ;
#7068 = CARTESIAN_POINT ( 'NONE',  ( -45.00000000000000711, 30.77350269189624399, 1.593059013371397998E-14 ) ) ;
#7069 = EDGE_LOOP ( 'NONE', ( #1407, #6404, #9370, #7903, #235, #3968 ) ) ;
#7070 = ORIENTED_EDGE ( 'NONE', *, *, #6545, .T. ) ;
#7071 = DIRECTION ( 'NONE',  ( 6.009258394948641055E-16, -1.000000000000000000, 0.000000000000000000 ) ) ;
#7072 = DIRECTION ( 'NONE',  ( 0.000000000000000000, 0.5000000000000002220, 0.8660254037844384856 ) ) ;
#7073 = DIRECTION ( 'NONE',  ( 7.709882115452476934E-17, -3.004629197474320528E-16, 1.000000000000000000 ) ) ;
#7074 = DIRECTION ( 'NONE',  ( -7.709882115452476934E-17, 1.502314598737162976E-16, -1.000000000000000000 ) ) ;
#7075 = LINE ( 'NONE', #9436, #244 ) ;
#7076 = VERTEX_POINT ( 'NONE', #8865 ) ;
#7077 = MANIFOLD_SOLID_BREP ( 'Chafl\X2\00e1\X0\n1', #988 ) ;
#7078 = ORIENTED_EDGE ( 'NONE', *, *, #2327, .T. ) ;
#7079 = EDGE_LOOP ( 'NONE', ( #4203, #7257, #9007, #495 ) ) ;
#7080 = CARTESIAN_POINT ( 'NONE',  ( -40.60000000000000142, 4.999999999999974243, 37.17386661099704526 ) ) ;
#7081 = CARTESIAN_POINT ( 'NONE',  ( -10.72462220366567820, 21.77447615628468114, -45.00000000000000000 ) ) ;
#7082 = CARTESIAN_POINT ( 'NONE',  ( 45.00000000000000711, 31.11227518966340355, 37.17386661099703815 ) ) ;
#7083 = DIRECTION ( 'NONE',  ( -0.8660254037844387076, -0.4999999999999998890, 0.000000000000000000 ) ) ;
#7084 = ORIENTED_EDGE ( 'NONE', *, *, #8821, .F. ) ;
#7085 = EDGE_LOOP ( 'NONE', ( #3765, #2370, #1108, #8521 ) ) ;
#7086 = ADVANCED_FACE ( 'NONE', ( #9013 ), #4295, .F. ) ;
#7087 = ORIENTED_EDGE ( 'NONE', *, *, #8361, .F. ) ;
#7088 = ORIENTED_EDGE ( 'NONE', *, *, #4893, .T. ) ;
#7089 = FACE_OUTER_BOUND ( 'NONE', #2255, .T. ) ;
#7090 = EDGE_CURVE ( 'NONE', #5166, #9985, #4343, .T. ) ;
#7091 = DIRECTION ( 'NONE',  ( 0.000000000000000000, 0.000000000000000000, 1.000000000000000000 ) ) ;
#7092 = LINE ( 'NONE', #93, #8117 ) ;
#7093 = CARTESIAN_POINT ( 'NONE',  ( 16.44924440733137061, 5.000000000000031974, 40.59999999999999432 ) ) ;
#7094 = PLANE ( 'NONE',  #9546 ) ;
#7095 = CARTESIAN_POINT ( 'NONE',  ( 37.17386661099703105, 36.88577788155969728, -45.00000000000000000 ) ) ;
#7096 = ORIENTED_EDGE ( 'NONE', *, *, #6464, .F. ) ;
#7097 = DIRECTION ( 'NONE',  ( 0.8660254037844387076, -0.4999999999999998890, 0.000000000000000000 ) ) ;
#7098 = VERTEX_POINT ( 'NONE', #5196 ) ;
#7099 = EDGE_CURVE ( 'NONE', #4950, #3582, #6798, .T. ) ;
#7100 = ORIENTED_EDGE ( 'NONE', *, *, #7929, .F. ) ;
#7101 = PLANE ( 'NONE',  #6371 ) ;
#7102 = CARTESIAN_POINT ( 'NONE',  ( -45.00000000000000711, 27.88675134594809180, 26.44924440733136350 ) ) ;
#7103 = CARTESIAN_POINT ( 'NONE',  ( 45.00000000000000711, 39.77252922750778907, 10.72462220366568353 ) ) ;
#7104 = DIRECTION ( 'NONE',  ( -7.709882115452476934E-17, 1.502314598737162976E-16, -1.000000000000000000 ) ) ;
#7105 = DIRECTION ( 'NONE',  ( 0.4999999999999998890, 0.8660254037844387076, 0.000000000000000000 ) ) ;
#7106 = LINE ( 'NONE', #2390, #7163 ) ;
#7107 = EDGE_LOOP ( 'NONE', ( #7399, #7684, #4159, #6165, #6471 ) ) ;
#7108 = CARTESIAN_POINT ( 'NONE',  ( -40.75702789600870801, 5.271980294092706743, 40.59999999999999432 ) ) ;
#7109 = ORIENTED_EDGE ( 'NONE', *, *, #1585, .T. ) ;
#7110 = CARTESIAN_POINT ( 'NONE',  ( 16.44924440733135640, 27.88675134594812732, -45.00000000000000000 ) ) ;
#7111 = CARTESIAN_POINT ( 'NONE',  ( -15.72462220366566754, 5.000000000000012434, 40.59999999999999432 ) ) ;
#7112 = ORIENTED_EDGE ( 'NONE', *, *, #9895, .F. ) ;
#7113 = ADVANCED_FACE ( 'NONE', ( #5982 ), #7373, .F. ) ;
#7114 = ORIENTED_EDGE ( 'NONE', *, *, #5416, .T. ) ;
#7115 = EDGE_CURVE ( 'NONE', #1565, #1032, #609, .T. ) ;
#7116 = CARTESIAN_POINT ( 'NONE',  ( -5.724622203665678200, 31.11227518966344974, 40.59999999999996589 ) ) ;
#7117 = CARTESIAN_POINT ( 'NONE',  ( -40.60000000000000142, 19.22649730810372759, 9.152974843178320611E-15 ) ) ;
#7118 = LINE ( 'NONE', #1494, #4707 ) ;
#7119 = CARTESIAN_POINT ( 'NONE',  ( -45.00000000000000711, 13.11422211844027963, 27.17386661099704170 ) ) ;
#7120 = DIRECTION ( 'NONE',  ( 0.000000000000000000, 0.000000000000000000, -1.000000000000000000 ) ) ;
#7121 = ORIENTED_EDGE ( 'NONE', *, *, #252, .T. ) ;
#7122 = ORIENTED_EDGE ( 'NONE', *, *, #8572, .T. ) ;
#7123 = VERTEX_POINT ( 'NONE', #7556 ) ;
#7124 = DIRECTION ( 'NONE',  ( 0.000000000000000000, -0.5000000000000002220, -0.8660254037844384856 ) ) ;
#7125 = VECTOR ( 'NONE', #164, 1000.000000000000000 ) ;
#7126 = DIRECTION ( 'NONE',  ( -0.000000000000000000, -0.000000000000000000, 1.000000000000000000 ) ) ;
#7127 = CARTESIAN_POINT ( 'NONE',  ( 15.72462220366567465, 18.88772481033656092, -45.00000000000000000 ) ) ;
#7128 = LINE ( 'NONE', #4971, #6885 ) ;
#7129 = EDGE_LOOP ( 'NONE', ( #6034, #6399, #5298, #7553, #1547, #255 ) ) ;
#7130 = ORIENTED_EDGE ( 'NONE', *, *, #6541, .F. ) ;
#7131 = EDGE_LOOP ( 'NONE', ( #3781, #2416, #2859, #4241 ) ) ;
#7132 = VECTOR ( 'NONE', #407, 1000.000000000000000 ) ;
#7133 = VERTEX_POINT ( 'NONE', #2146 ) ;
#7134 = DIRECTION ( 'NONE',  ( -6.009258394948641055E-16, 1.000000000000000000, 0.000000000000000000 ) ) ;
#7135 = CARTESIAN_POINT ( 'NONE',  ( 5.413252018710207558, 10.00000000000000000, -21.67670798600081739 ) ) ;
#7136 = EDGE_CURVE ( 'NONE', #646, #6261, #4485, .T. ) ;
#7137 = LINE ( 'NONE', #8691, #843 ) ;
#7138 = CARTESIAN_POINT ( 'NONE',  ( 10.72462220366567820, 10.22747077249218073, -40.59999999999999432 ) ) ;
#7139 = ADVANCED_FACE ( 'NONE', ( #3530 ), #8261, .F. ) ;
#7140 = AXIS2_PLACEMENT_3D ( 'NONE', #7081, #990, #7034 ) ;
#7141 = FACE_BOUND ( 'NONE', #2407, .T. ) ;
#7142 = CARTESIAN_POINT ( 'NONE',  ( 40.59999999999997300, 18.88772481033652895, 37.17386661099703815 ) ) ;
#7143 = ORIENTED_EDGE ( 'NONE', *, *, #2161, .T. ) ;
#7144 = CARTESIAN_POINT ( 'NONE',  ( -40.60000000000000142, 13.11422211844026720, -27.17386661099702039 ) ) ;
#7145 = ORIENTED_EDGE ( 'NONE', *, *, #6662, .T. ) ;
#7146 = ORIENTED_EDGE ( 'NONE', *, *, #1149, .T. ) ;
#7147 = DIRECTION ( 'NONE',  ( 7.709882115452476934E-17, -3.004629197474320528E-16, 1.000000000000000000 ) ) ;
#7148 = VECTOR ( 'NONE', #3507, 1000.000000000000000 ) ;
#7149 = LINE ( 'NONE', #6488, #2982 ) ;
#7150 = VECTOR ( 'NONE', #4153, 1000.000000000000000 ) ;
#7151 = EDGE_CURVE ( 'NONE', #1399, #1872, #8915, .T. ) ;
#7152 = FACE_OUTER_BOUND ( 'NONE', #6655, .T. ) ;
#7153 = CARTESIAN_POINT ( 'NONE',  ( -45.00000000000000711, 18.88772481033652895, 37.17386661099704526 ) ) ;
#7154 = LINE ( 'NONE', #7302, #3808 ) ;
#7155 = EDGE_CURVE ( 'NONE', #2089, #4610, #8967, .T. ) ;
#7156 = LINE ( 'NONE', #1743, #7475 ) ;
#7157 = VERTEX_POINT ( 'NONE', #2754 ) ;
#7158 = CARTESIAN_POINT ( 'NONE',  ( 10.72462220366567820, 28.22552384371531886, -45.00000000000000000 ) ) ;
#7159 = VECTOR ( 'NONE', #5581, 1000.000000000000000 ) ;
#7160 = VERTEX_POINT ( 'NONE', #1295 ) ;
#7161 = LINE ( 'NONE', #3208, #1861 ) ;
#7162 = CARTESIAN_POINT ( 'NONE',  ( -45.00000000000000711, 18.88772481033651829, -37.17386661099702394 ) ) ;
#7163 = VECTOR ( 'NONE', #7707, 1000.000000000000114 ) ;
#7164 = ORIENTED_EDGE ( 'NONE', *, *, #6632, .F. ) ;
#7165 = VERTEX_POINT ( 'NONE', #2007 ) ;
#7166 = DIRECTION ( 'NONE',  ( -7.709882115452476934E-17, 1.502314598737162976E-16, -1.000000000000000000 ) ) ;
#7167 = DIRECTION ( 'NONE',  ( 0.000000000000000000, 0.4999999999999998335, 0.8660254037844387076 ) ) ;
#7168 = VECTOR ( 'NONE', #1920, 1000.000000000000000 ) ;
#7169 = CARTESIAN_POINT ( 'NONE',  ( -5.724622203665678200, 13.11422211844030450, -45.00000000000000000 ) ) ;
#7170 = VECTOR ( 'NONE', #9601, 1000.000000000000000 ) ;
#7171 = DIRECTION ( 'NONE',  ( 0.000000000000000000, 0.5000000000000002220, 0.8660254037844384856 ) ) ;
#7172 = FACE_OUTER_BOUND ( 'NONE', #3700, .T. ) ;
#7173 = ORIENTED_EDGE ( 'NONE', *, *, #3378, .F. ) ;
#7174 = ORIENTED_EDGE ( 'NONE', *, *, #2209, .T. ) ;
#7175 = ORIENTED_EDGE ( 'NONE', *, *, #18, .F. ) ;
#7176 = AXIS2_PLACEMENT_3D ( 'NONE', #7743, #3091, #802 ) ;
#7177 = DIRECTION ( 'NONE',  ( 0.000000000000000000, 1.000000000000000000, 0.000000000000000000 ) ) ;
#7178 = AXIS2_PLACEMENT_3D ( 'NONE', #9043, #7545, #6168 ) ;
#7179 = ADVANCED_FACE ( 'NONE', ( #1252 ), #6663, .F. ) ;
#7180 = DIRECTION ( 'NONE',  ( 1.000000000000000000, -0.000000000000000000, -7.709882115452476934E-17 ) ) ;
#7181 = DIRECTION ( 'NONE',  ( 1.000000000000000000, -0.000000000000000000, -7.709882115452476934E-17 ) ) ;
#7182 = PLANE ( 'NONE',  #3499 ) ;
#7183 = ORIENTED_EDGE ( 'NONE', *, *, #5414, .T. ) ;
#7184 = EDGE_LOOP ( 'NONE', ( #4737, #9232, #3818, #222 ) ) ;
#7185 = ORIENTED_EDGE ( 'NONE', *, *, #4865, .T. ) ;
#7186 = VECTOR ( 'NONE', #8235, 1000.000000000000000 ) ;
#7187 = ORIENTED_EDGE ( 'NONE', *, *, #5665, .F. ) ;
#7188 = LINE ( 'NONE', #3136, #3633 ) ;
#7189 = PLANE ( 'NONE',  #1002 ) ;
#7190 = VECTOR ( 'NONE', #1723, 1000.000000000000000 ) ;
#7191 = DIRECTION ( 'NONE',  ( 1.000000000000000000, 0.000000000000000000, 0.000000000000000000 ) ) ;
#7192 = DIRECTION ( 'NONE',  ( 1.000000000000000000, -0.000000000000000000, -7.709882115452476934E-17 ) ) ;
#7193 = ORIENTED_EDGE ( 'NONE', *, *, #1156, .F. ) ;
#7194 = VERTEX_POINT ( 'NONE', #2196 ) ;
#7195 = CARTESIAN_POINT ( 'NONE',  ( -20.50528320582414921, 39.80507045122018184, 40.59999999999999432 ) ) ;
#7196 = ADVANCED_FACE ( 'NONE', ( #1390 ), #2802, .F. ) ;
#7197 = ORIENTED_EDGE ( 'NONE', *, *, #9344, .F. ) ;
#7198 = ORIENTED_EDGE ( 'NONE', *, *, #7758, .T. ) ;
#7199 = DIRECTION ( 'NONE',  ( 1.000000000000000000, -0.000000000000000000, -7.709882115452476934E-17 ) ) ;
#7200 = VECTOR ( 'NONE', #9854, 1000.000000000000000 ) ;
#7201 = LINE ( 'NONE', #6393, #9920 ) ;
#7202 = CARTESIAN_POINT ( 'NONE',  ( 5.724622203665681752, 13.11422211844030450, -45.00000000000000000 ) ) ;
#7203 = DIRECTION ( 'NONE',  ( 0.000000000000000000, 0.4999999999999998335, 0.8660254037844387076 ) ) ;
#7204 = DIRECTION ( 'NONE',  ( -0.8660254037844387076, 0.4999999999999998890, -0.000000000000000000 ) ) ;
#7205 = ORIENTED_EDGE ( 'NONE', *, *, #3340, .F. ) ;
#7206 = DIRECTION ( 'NONE',  ( -0.000000000000000000, -0.000000000000000000, 1.000000000000000000 ) ) ;
#7207 = VECTOR ( 'NONE', #735, 1000.000000000000114 ) ;
#7208 = ORIENTED_EDGE ( 'NONE', *, *, #4815, .T. ) ;
#7209 = DIRECTION ( 'NONE',  ( 6.009258394948640069E-16, -1.000000000000000000, 0.000000000000000000 ) ) ;
#7210 = FACE_OUTER_BOUND ( 'NONE', #1780, .T. ) ;
#7211 = EDGE_CURVE ( 'NONE', #1011, #8178, #1432, .T. ) ;
#7212 = VERTEX_POINT ( 'NONE', #3862 ) ;
#7213 = ORIENTED_EDGE ( 'NONE', *, *, #6100, .F. ) ;
#7214 = CARTESIAN_POINT ( 'NONE',  ( 45.00000000000000711, 27.88675134594811311, 5.000000000000004441 ) ) ;
#7215 = ADVANCED_FACE ( 'NONE', ( #6241 ), #9256, .F. ) ;
#7216 = DIRECTION ( 'NONE',  ( 6.009258394948641055E-16, -1.000000000000000000, 0.000000000000000000 ) ) ;
#7217 = AXIS2_PLACEMENT_3D ( 'NONE', #1356, #1402, #5994 ) ;
#7218 = EDGE_CURVE ( 'NONE', #4575, #1816, #868, .T. ) ;
#7219 = LINE ( 'NONE', #8021, #4549 ) ;
#7220 = DIRECTION ( 'NONE',  ( -3.854941057726242781E-17, -0.8660254037844383745, -0.5000000000000006661 ) ) ;
#7221 = DIRECTION ( 'NONE',  ( -0.8660254037844388186, 0.4999999999999997780, 0.000000000000000000 ) ) ;
#7222 = ORIENTED_EDGE ( 'NONE', *, *, #4195, .T. ) ;
#7223 = CARTESIAN_POINT ( 'NONE',  ( -45.00000000000000711, 13.11422211844027252, -37.17386661099702394 ) ) ;
#7224 = ORIENTED_EDGE ( 'NONE', *, *, #1589, .F. ) ;
#7225 = ORIENTED_EDGE ( 'NONE', *, *, #3753, .F. ) ;
#7226 = ORIENTED_EDGE ( 'NONE', *, *, #6645, .F. ) ;
#7227 = EDGE_CURVE ( 'NONE', #7098, #8731, #9156, .T. ) ;
#7228 = EDGE_CURVE ( 'NONE', #2472, #9130, #5538, .T. ) ;
#7229 = LINE ( 'NONE', #5816, #824 ) ;
#7230 = DIRECTION ( 'NONE',  ( 1.000000000000000000, -0.000000000000000000, -7.709882115452476934E-17 ) ) ;
#7231 = CARTESIAN_POINT ( 'NONE',  ( -45.00000000000000711, 30.77350269189622267, -21.44924440733134219 ) ) ;
#7232 = DIRECTION ( 'NONE',  ( -0.000000000000000000, -0.000000000000000000, 1.000000000000000000 ) ) ;
#7233 = ORIENTED_EDGE ( 'NONE', *, *, #6610, .T. ) ;
#7234 = EDGE_LOOP ( 'NONE', ( #7595, #7731, #2382, #7493 ) ) ;
#7235 = EDGE_CURVE ( 'NONE', #8842, #6792, #9359, .T. ) ;
#7236 = VERTEX_POINT ( 'NONE', #7746 ) ;
#7237 = ADVANCED_FACE ( 'NONE', ( #6131 ), #4728, .F. ) ;
#7238 = LINE ( 'NONE', #7044, #1680 ) ;
#7239 = CARTESIAN_POINT ( 'NONE',  ( -45.00000000000000711, 21.77447615628465272, -32.17386661099701683 ) ) ;
#7240 = FACE_BOUND ( 'NONE', #5529, .T. ) ;
#7241 = CARTESIAN_POINT ( 'NONE',  ( 15.72462220366567465, 13.11422211844031160, -45.00000000000000000 ) ) ;
#7242 = ORIENTED_EDGE ( 'NONE', *, *, #5484, .T. ) ;
#7243 = DIRECTION ( 'NONE',  ( 0.8660254037844383745, 0.5000000000000003331, 0.000000000000000000 ) ) ;
#7244 = ORIENTED_EDGE ( 'NONE', *, *, #9115, .F. ) ;
#7245 = ORIENTED_EDGE ( 'NONE', *, *, #2584, .T. ) ;
#7246 = FACE_OUTER_BOUND ( 'NONE', #4827, .T. ) ;
#7247 = DIRECTION ( 'NONE',  ( 6.009258394948641055E-16, -1.000000000000000000, 0.000000000000000000 ) ) ;
#7248 = SPHERICAL_SURFACE ( 'NONE', #4240, 2.000000000000000000 ) ;
#7249 = PLANE ( 'NONE',  #7790 ) ;
#7250 = FACE_OUTER_BOUND ( 'NONE', #550, .T. ) ;
#7251 = DIRECTION ( 'NONE',  ( 0.8660254037844383745, 0.5000000000000004441, 0.000000000000000000 ) ) ;
#7252 = VERTEX_POINT ( 'NONE', #3095 ) ;
#7253 = PLANE ( 'NONE',  #2129 ) ;
#7254 = ORIENTED_EDGE ( 'NONE', *, *, #6049, .F. ) ;
#7255 = LINE ( 'NONE', #1900, #8155 ) ;
#7256 = LINE ( 'NONE', #6614, #3739 ) ;
#7257 = ORIENTED_EDGE ( 'NONE', *, *, #9879, .T. ) ;
#7258 = VERTEX_POINT ( 'NONE', #8402 ) ;
#7259 = DIRECTION ( 'NONE',  ( 0.000000000000000000, 0.5000000000000006661, -0.8660254037844383745 ) ) ;
#7260 = LINE ( 'NONE', #217, #5258 ) ;
#7261 = LINE ( 'NONE', #7169, #8568 ) ;
#7262 = ADVANCED_FACE ( 'NONE', ( #7702 ), #2239, .F. ) ;
#7263 = EDGE_CURVE ( 'NONE', #1484, #5443, #758, .T. ) ;
#7264 = CARTESIAN_POINT ( 'NONE',  ( -15.72462220366567465, 31.11227518966344263, -45.00000000000000000 ) ) ;
#7265 = DIRECTION ( 'NONE',  ( 0.000000000000000000, -1.000000000000000000, -3.004629197474320528E-16 ) ) ;
#7266 = VERTEX_POINT ( 'NONE', #8548 ) ;
#7267 = FACE_OUTER_BOUND ( 'NONE', #3386, .T. ) ;
#7268 = ORIENTED_EDGE ( 'NONE', *, *, #7820, .F. ) ;
#7269 = ORIENTED_EDGE ( 'NONE', *, *, #8933, .F. ) ;
#7270 = ORIENTED_EDGE ( 'NONE', *, *, #403, .T. ) ;
#7271 = EDGE_CURVE ( 'NONE', #3540, #7671, #2387, .T. ) ;
#7272 = LINE ( 'NONE', #7335, #2911 ) ;
#7273 = EDGE_CURVE ( 'NONE', #1567, #3660, #7007, .T. ) ;
#7274 = CARTESIAN_POINT ( 'NONE',  ( 40.59999999999999432, 32.62264744138114736, -24.65205706398843688 ) ) ;
#7275 = EDGE_CURVE ( 'NONE', #8825, #4359, #5485, .T. ) ;
#7276 = CARTESIAN_POINT ( 'NONE',  ( 40.59999999999997300, 22.11324865405184426, -26.44924440733135995 ) ) ;
#7277 = CARTESIAN_POINT ( 'NONE',  ( -32.17386661099703105, 21.77447615628468114, -45.00000000000000000 ) ) ;
#7278 = EDGE_CURVE ( 'NONE', #5691, #9355, #3201, .T. ) ;
#7279 = ORIENTED_EDGE ( 'NONE', *, *, #9599, .F. ) ;
#7280 = EDGE_LOOP ( 'NONE', ( #8558, #2996, #7997, #7003 ) ) ;
#7281 = ADVANCED_FACE ( 'NONE', ( #7601 ), #7060, .F. ) ;
#7282 = ORIENTED_EDGE ( 'NONE', *, *, #5056, .F. ) ;
#7283 = CARTESIAN_POINT ( 'NONE',  ( 42.99999999999997868, 45.00000000000000000, -45.00000000000000000 ) ) ;
#7284 = VECTOR ( 'NONE', #8779, 1000.000000000000114 ) ;
#7285 = PRODUCT_CONTEXT ( 'NONE', #8679, 'mechanical' ) ;
#7286 = DIRECTION ( 'NONE',  ( 0.000000000000000000, 1.000000000000000000, 1.502314598737162729E-16 ) ) ;
#7287 = DIRECTION ( 'NONE',  ( 0.000000000000000000, 1.000000000000000000, 0.000000000000000000 ) ) ;
#7288 = EDGE_CURVE ( 'NONE', #9449, #3063, #6187, .T. ) ;
#7289 = CARTESIAN_POINT ( 'NONE',  ( -5.724622203665678200, 36.88577788155969728, -45.00000000000000000 ) ) ;
#7290 = DIRECTION ( 'NONE',  ( -0.4999999999999998890, 0.8660254037844387076, 0.000000000000000000 ) ) ;
#7291 = AXIS2_PLACEMENT_3D ( 'NONE', #9074, #3787, #8370 ) ;
#7292 = ORIENTED_EDGE ( 'NONE', *, *, #2227, .F. ) ;
#7293 = VECTOR ( 'NONE', #9193, 1000.000000000000000 ) ;
#7294 = ORIENTED_EDGE ( 'NONE', *, *, #8393, .F. ) ;
#7295 = ORIENTED_EDGE ( 'NONE', *, *, #1480, .F. ) ;
#7296 = EDGE_LOOP ( 'NONE', ( #7721, #3564, #1291, #4390, #6985, #8816 ) ) ;
#7297 = CARTESIAN_POINT ( 'NONE',  ( -43.00000000000000000, 2.000000000000000000, -43.00000000000000000 ) ) ;
#7298 = CARTESIAN_POINT ( 'NONE',  ( -45.00000000000000711, 19.22649730810372759, 9.492209656258231307E-15 ) ) ;
#7299 = VECTOR ( 'NONE', #6907, 1000.000000000000000 ) ;
#7300 = CARTESIAN_POINT ( 'NONE',  ( 16.44924440733135640, 27.88675134594812732, -45.00000000000000000 ) ) ;
#7301 = DIRECTION ( 'NONE',  ( 0.8660254037844383745, 0.5000000000000004441, 0.000000000000000000 ) ) ;
#7302 = CARTESIAN_POINT ( 'NONE',  ( -10.72462220366567820, 28.22552384371531886, -45.00000000000000000 ) ) ;
#7303 = EDGE_CURVE ( 'NONE', #4, #562, #3772, .T. ) ;
#7304 = LINE ( 'NONE', #9468, #4910 ) ;
#7305 = DIRECTION ( 'NONE',  ( 1.000000000000000000, -0.000000000000000000, -7.709882115452476934E-17 ) ) ;
#7306 = EDGE_LOOP ( 'NONE', ( #4905, #6258, #5799, #6520 ) ) ;
#7307 = FACE_OUTER_BOUND ( 'NONE', #3814, .T. ) ;
#7308 = EDGE_LOOP ( 'NONE', ( #5979, #3116, #2863, #9122 ) ) ;
#7309 = LINE ( 'NONE', #414, #5740 ) ;
#7310 = CARTESIAN_POINT ( 'NONE',  ( 45.00000000000000711, 22.11324865405185491, 5.000000000000002665 ) ) ;
#7311 = ORIENTED_EDGE ( 'NONE', *, *, #8765, .F. ) ;
#7312 = VECTOR ( 'NONE', #5375, 1000.000000000000000 ) ;
#7313 = VERTEX_POINT ( 'NONE', #4580 ) ;
#7314 = AXIS2_PLACEMENT_3D ( 'NONE', #434, #1049, #8876 ) ;
#7315 = VECTOR ( 'NONE', #5442, 999.9999999999998863 ) ;
#7316 = AXIS2_PLACEMENT_3D ( 'NONE', #2162, #2252, #9076 ) ;
#7317 = CARTESIAN_POINT ( 'NONE',  ( -45.00000000000000711, 13.11422211844027252, 37.17386661099704526 ) ) ;
#7318 = PLANE ( 'NONE',  #3957 ) ;
#7319 = PLANE ( 'NONE',  #9689 ) ;
#7320 = CARTESIAN_POINT ( 'NONE',  ( 40.59999999999997300, 13.11422211844027252, 5.724622203665674647 ) ) ;
#7321 = VECTOR ( 'NONE', #855, 1000.000000000000000 ) ;
#7322 = EDGE_CURVE ( 'NONE', #9524, #2107, #9922, .T. ) ;
#7323 = DIRECTION ( 'NONE',  ( 1.000000000000000000, -0.000000000000000000, -7.709882115452476934E-17 ) ) ;
#7324 = VECTOR ( 'NONE', #3137, 1000.000000000000000 ) ;
#7325 = AXIS2_PLACEMENT_3D ( 'NONE', #6909, #9200, #9158 ) ;
#7326 = ORIENTED_EDGE ( 'NONE', *, *, #1905, .F. ) ;
#7327 = CARTESIAN_POINT ( 'NONE',  ( 40.59999999999997300, 13.11422211844026720, -27.17386661099702749 ) ) ;
#7328 = ORIENTED_EDGE ( 'NONE', *, *, #9479, .T. ) ;
#7329 = ORIENTED_EDGE ( 'NONE', *, *, #5230, .F. ) ;
#7330 = VERTEX_POINT ( 'NONE', #3306 ) ;
#7331 = EDGE_CURVE ( 'NONE', #4886, #4347, #6394, .T. ) ;
#7332 = VECTOR ( 'NONE', #898, 1000.000000000000114 ) ;
#7333 = VECTOR ( 'NONE', #7794, 1000.000000000000000 ) ;
#7334 = EDGE_CURVE ( 'NONE', #958, #2625, #3464, .T. ) ;
#7335 = CARTESIAN_POINT ( 'NONE',  ( 5.724622203665678200, 18.88772481033656092, -45.00000000000000000 ) ) ;
#7336 = DIRECTION ( 'NONE',  ( 0.000000000000000000, 0.000000000000000000, -1.000000000000000000 ) ) ;
#7337 = CARTESIAN_POINT ( 'NONE',  ( -45.00000000000000000, 2.000000000000001776, 43.00000000000000000 ) ) ;
#7338 = VECTOR ( 'NONE', #2950, 1000.000000000000000 ) ;
#7339 = ORIENTED_EDGE ( 'NONE', *, *, #534, .T. ) ;
#7340 = ORIENTED_EDGE ( 'NONE', *, *, #8678, .F. ) ;
#7341 = AXIS2_PLACEMENT_3D ( 'NONE', #6667, #573, #5987 ) ;
#7342 = ADVANCED_FACE ( 'NONE', ( #1841 ), #4988, .F. ) ;
#7343 = CARTESIAN_POINT ( 'NONE',  ( -45.00000000000000711, 31.11227518966341066, 27.17386661099704170 ) ) ;
#7344 = VECTOR ( 'NONE', #6426, 1000.000000000000114 ) ;
#7345 = ADVANCED_FACE ( 'NONE', ( #7952 ), #151, .F. ) ;
#7346 = CARTESIAN_POINT ( 'NONE',  ( 0.9332857743154542307, 0.000000000000000000, -14.28758280088808164 ) ) ;
#7347 = DIRECTION ( 'NONE',  ( 3.854941057726244014E-17, 0.8660254037844382635, 0.5000000000000007772 ) ) ;
#7348 = CARTESIAN_POINT ( 'NONE',  ( -40.60000000000000142, 4.999999999999995559, -26.44924440733135640 ) ) ;
#7349 = DIRECTION ( 'NONE',  ( 0.000000000000000000, 0.000000000000000000, -1.000000000000000000 ) ) ;
#7350 = VECTOR ( 'NONE', #6685, 1000.000000000000000 ) ;
#7351 = ORIENTED_EDGE ( 'NONE', *, *, #9838, .F. ) ;
#7352 = ORIENTED_EDGE ( 'NONE', *, *, #5762, .F. ) ;
#7353 = EDGE_LOOP ( 'NONE', ( #8656, #4378, #1701 ) ) ;
#7354 = ORIENTED_EDGE ( 'NONE', *, *, #7263, .T. ) ;
#7355 = FACE_OUTER_BOUND ( 'NONE', #8655, .T. ) ;
#7356 = CARTESIAN_POINT ( 'NONE',  ( 16.44924440733135640, 22.11324865405187268, -45.00000000000000000 ) ) ;
#7357 = AXIS2_PLACEMENT_3D ( 'NONE', #7949, #8050, #4879 ) ;
#7358 = DIRECTION ( 'NONE',  ( -3.854941057726239700E-17, 0.8660254037844385966, -0.5000000000000003331 ) ) ;
#7359 = LINE ( 'NONE', #1077, #4411 ) ;
#7360 = CARTESIAN_POINT ( 'NONE',  ( 40.59999999999999432, 44.64335621679312993, -17.71189761665422324 ) ) ;
#7361 = CARTESIAN_POINT ( 'NONE',  ( -40.60000000000000142, 19.22649730810370627, -21.44924440733134929 ) ) ;
#7362 = LINE ( 'NONE', #7404, #2153 ) ;
#7363 = ORIENTED_EDGE ( 'NONE', *, *, #1017, .F. ) ;
#7364 = ORIENTED_EDGE ( 'NONE', *, *, #2841, .T. ) ;
#7365 = LINE ( 'NONE', #8906, #6552 ) ;
#7366 = CARTESIAN_POINT ( 'NONE',  ( 15.72462220366567465, 13.11422211844031160, 40.59999999999996589 ) ) ;
#7367 = AXIS2_PLACEMENT_3D ( 'NONE', #610, #5157, #9721 ) ;
#7368 = ORIENTED_EDGE ( 'NONE', *, *, #7785, .T. ) ;
#7369 = ORIENTED_EDGE ( 'NONE', *, *, #893, .T. ) ;
#7370 = LINE ( 'NONE', #1248, #8768 ) ;
#7371 = EDGE_CURVE ( 'NONE', #7875, #2961, #921, .T. ) ;
#7372 = DIRECTION ( 'NONE',  ( -0.000000000000000000, -0.000000000000000000, 1.000000000000000000 ) ) ;
#7373 = PLANE ( 'NONE',  #8410 ) ;
#7374 = VECTOR ( 'NONE', #7735, 1000.000000000000000 ) ;
#7375 = CARTESIAN_POINT ( 'NONE',  ( -45.00000000000000711, 10.22747077249213810, -10.72462220366567287 ) ) ;
#7376 = ORIENTED_EDGE ( 'NONE', *, *, #7758, .F. ) ;
#7377 = DIRECTION ( 'NONE',  ( 0.000000000000000000, -1.000000000000000000, -3.004629197474320035E-16 ) ) ;
#7378 = ORIENTED_EDGE ( 'NONE', *, *, #2568, .F. ) ;
#7379 = VERTEX_POINT ( 'NONE', #9418 ) ;
#7380 = VERTEX_POINT ( 'NONE', #9611 ) ;
#7381 = ORIENTED_EDGE ( 'NONE', *, *, #1205, .T. ) ;
#7382 = VECTOR ( 'NONE', #2457, 1000.000000000000000 ) ;
#7383 = DIRECTION ( 'NONE',  ( 0.8660254037844388186, -0.4999999999999997780, 0.000000000000000000 ) ) ;
#7384 = LINE ( 'NONE', #4197, #1961 ) ;
#7385 = CARTESIAN_POINT ( 'NONE',  ( 4.999999999999999112, 22.11324865405187268, -45.00000000000000000 ) ) ;
#7386 = CARTESIAN_POINT ( 'NONE',  ( -10.72462220366567820, 28.22552384371531886, -40.59999999999999432 ) ) ;
#7387 = EDGE_CURVE ( 'NONE', #6782, #947, #5787, .T. ) ;
#7388 = ORIENTED_EDGE ( 'NONE', *, *, #3630, .T. ) ;
#7389 = VERTEX_POINT ( 'NONE', #6492 ) ;
#7390 = LINE ( 'NONE', #7343, #2975 ) ;
#7391 = DIRECTION ( 'NONE',  ( 0.000000000000000000, -0.5000000000000006661, 0.8660254037844382635 ) ) ;
#7392 = ADVANCED_FACE ( 'NONE', ( #6441 ), #2542, .F. ) ;
#7393 = FACE_OUTER_BOUND ( 'NONE', #3255, .T. ) ;
#7394 = FACE_OUTER_BOUND ( 'NONE', #2046, .T. ) ;
#7395 = EDGE_CURVE ( 'NONE', #958, #9141, #1121, .T. ) ;
#7396 = FACE_OUTER_BOUND ( 'NONE', #5178, .T. ) ;
#7397 = ORIENTED_EDGE ( 'NONE', *, *, #5910, .T. ) ;
#7398 = ORIENTED_EDGE ( 'NONE', *, *, #627, .F. ) ;
#7399 = ORIENTED_EDGE ( 'NONE', *, *, #8807, .T. ) ;
#7400 = EDGE_CURVE ( 'NONE', #404, #816, #1689, .T. ) ;
#7401 = FACE_OUTER_BOUND ( 'NONE', #9969, .T. ) ;
#7402 = LINE ( 'NONE', #3557, #8428 ) ;
#7403 = LINE ( 'NONE', #6606, #2309 ) ;
#7404 = CARTESIAN_POINT ( 'NONE',  ( 4.999999999999997335, 4.999999999999997335, 40.59999999999999432 ) ) ;
#7405 = VERTEX_POINT ( 'NONE', #249 ) ;
#7406 = EDGE_CURVE ( 'NONE', #3882, #3105, #2694, .T. ) ;
#7407 = EDGE_LOOP ( 'NONE', ( #5089, #7368, #5206, #7084 ) ) ;
#7408 = DIRECTION ( 'NONE',  ( 0.000000000000000000, -1.000000000000000000, -1.502314598737162976E-16 ) ) ;
#7409 = ORIENTED_EDGE ( 'NONE', *, *, #5189, .T. ) ;
#7410 = ORIENTED_EDGE ( 'NONE', *, *, #7613, .F. ) ;
#7411 = EDGE_CURVE ( 'NONE', #9730, #5975, #3352, .T. ) ;
#7412 = LINE ( 'NONE', #5045, #206 ) ;
#7413 = DIRECTION ( 'NONE',  ( -0.8660254037844387076, -0.4999999999999998890, 0.000000000000000000 ) ) ;
#7414 = CARTESIAN_POINT ( 'NONE',  ( 18.14117408006805832, 1.999999999999989564, -32.28330970379902709 ) ) ;
#7415 = DIRECTION ( 'NONE',  ( 0.000000000000000000, -1.000000000000000000, -3.004629197474320528E-16 ) ) ;
#7416 = LINE ( 'NONE', #9114, #190 ) ;
#7417 = CARTESIAN_POINT ( 'NONE',  ( -40.60000000000000142, 22.11324865405184426, 16.44924440733135640 ) ) ;
#7418 = VERTEX_POINT ( 'NONE', #1076 ) ;
#7419 = CARTESIAN_POINT ( 'NONE',  ( -15.72462220366567465, 18.88772481033655382, 45.00000000000000000 ) ) ;
#7420 = ADVANCED_FACE ( 'NONE', ( #9509 ), #7248, .T. ) ;
#7421 = EDGE_LOOP ( 'NONE', ( #1207, #9514, #327, #8009 ) ) ;
#7422 = ORIENTED_EDGE ( 'NONE', *, *, #8202, .T. ) ;
#7423 = ORIENTED_EDGE ( 'NONE', *, *, #4645, .F. ) ;
#7424 = VERTEX_POINT ( 'NONE', #4788 ) ;
#7425 = CARTESIAN_POINT ( 'NONE',  ( 5.724622203665681752, 13.11422211844030450, 40.59999999999996589 ) ) ;
#7426 = DIRECTION ( 'NONE',  ( -0.4999999999999998890, 0.8660254037844387076, 0.000000000000000000 ) ) ;
#7427 = DIRECTION ( 'NONE',  ( 1.000000000000000000, -0.000000000000000000, -7.709882115452476934E-17 ) ) ;
#7428 = ORIENTED_EDGE ( 'NONE', *, *, #7303, .T. ) ;
#7429 = VERTEX_POINT ( 'NONE', #4024 ) ;
#7430 = DIRECTION ( 'NONE',  ( 0.000000000000000000, -1.000000000000000000, 0.000000000000000000 ) ) ;
#7431 = LINE ( 'NONE', #679, #4698 ) ;
#7432 = CARTESIAN_POINT ( 'NONE',  ( 40.59999999999999432, 4.999999999999977796, 26.44924440733134574 ) ) ;
#7433 = CARTESIAN_POINT ( 'NONE',  ( -45.00000000000000711, 36.88577788155966175, -27.17386661099701328 ) ) ;
#7434 = LINE ( 'NONE', #8947, #6163 ) ;
#7435 = EDGE_LOOP ( 'NONE', ( #4090, #5429, #2560, #3476 ) ) ;
#7436 = VERTEX_POINT ( 'NONE', #1784 ) ;
#7437 = ORIENTED_EDGE ( 'NONE', *, *, #7540, .F. ) ;
#7438 = DIRECTION ( 'NONE',  ( 3.854941057726236618E-17, -0.8660254037844387076, 0.4999999999999998335 ) ) ;
#7439 = EDGE_CURVE ( 'NONE', #1744, #365, #203, .T. ) ;
#7440 = CARTESIAN_POINT ( 'NONE',  ( 45.00000000000000711, 36.88577788155965465, 5.724622203665675535 ) ) ;
#7441 = PLANE ( 'NONE',  #2671 ) ;
#7442 = VECTOR ( 'NONE', #5450, 1000.000000000000114 ) ;
#7443 = DIRECTION ( 'NONE',  ( 0.000000000000000000, 0.5000000000000002220, 0.8660254037844384856 ) ) ;
#7444 = DIRECTION ( 'NONE',  ( 0.000000000000000000, -0.4999999999999998335, -0.8660254037844387076 ) ) ;
#7445 = AXIS2_PLACEMENT_3D ( 'NONE', #3711, #506, #6900 ) ;
#7446 = VERTEX_POINT ( 'NONE', #7103 ) ;
#7447 = ORIENTED_EDGE ( 'NONE', *, *, #8790, .T. ) ;
#7448 = CARTESIAN_POINT ( 'NONE',  ( 27.17386661099703460, 36.88577788155969728, 45.00000000000000000 ) ) ;
#7449 = ORIENTED_EDGE ( 'NONE', *, *, #6963, .T. ) ;
#7450 = ORIENTED_EDGE ( 'NONE', *, *, #5459, .F. ) ;
#7451 = AXIS2_PLACEMENT_3D ( 'NONE', #3144, #956, #3299 ) ;
#7452 = DIRECTION ( 'NONE',  ( 0.5000000000000004441, -0.8660254037844384856, 0.000000000000000000 ) ) ;
#7453 = EDGE_CURVE ( 'NONE', #1914, #6449, #4835, .T. ) ;
#7454 = AXIS2_PLACEMENT_3D ( 'NONE', #1586, #2286, #1481 ) ;
#7455 = CARTESIAN_POINT ( 'NONE',  ( -23.43651982031993697, 34.72801970590729326, 40.59999999999999432 ) ) ;
#7456 = ADVANCED_FACE ( 'NONE', ( #963 ), #1936, .T. ) ;
#7457 = ADVANCED_FACE ( 'NONE', ( #7152 ), #5315, .F. ) ;
#7458 = DIRECTION ( 'NONE',  ( -0.000000000000000000, -0.000000000000000000, 1.000000000000000000 ) ) ;
#7459 = CARTESIAN_POINT ( 'NONE',  ( -45.00000000000000711, 13.11422211844027252, 37.17386661099704526 ) ) ;
#7460 = CARTESIAN_POINT ( 'NONE',  ( -45.00000000000000711, 31.11227518966341066, -37.17386661099701683 ) ) ;
#7461 = CARTESIAN_POINT ( 'NONE',  ( -26.44924440733135285, 22.11324865405186557, -45.00000000000000000 ) ) ;
#7462 = ORIENTED_EDGE ( 'NONE', *, *, #4663, .T. ) ;
#7463 = LINE ( 'NONE', #524, #8611 ) ;
#7464 = VECTOR ( 'NONE', #4367, 1000.000000000000000 ) ;
#7465 = ORIENTED_EDGE ( 'NONE', *, *, #4254, .F. ) ;
#7466 = ORIENTED_EDGE ( 'NONE', *, *, #812, .T. ) ;
#7467 = AXIS2_PLACEMENT_3D ( 'NONE', #5704, #8771, #2602 ) ;
#7468 = EDGE_LOOP ( 'NONE', ( #9564, #7270, #661, #7410 ) ) ;
#7469 = ORIENTED_EDGE ( 'NONE', *, *, #8671, .T. ) ;
#7470 = EDGE_CURVE ( 'NONE', #2608, #9130, #9841, .T. ) ;
#7471 = DIRECTION ( 'NONE',  ( -0.8660254037844387076, -0.4999999999999998890, 0.000000000000000000 ) ) ;
#7472 = VECTOR ( 'NONE', #353, 1000.000000000000000 ) ;
#7473 = AXIS2_PLACEMENT_3D ( 'NONE', #6323, #7091, #5519 ) ;
#7474 = LINE ( 'NONE', #8330, #3414 ) ;
#7475 = VECTOR ( 'NONE', #8053, 1000.000000000000000 ) ;
#7476 = PLANE ( 'NONE',  #997 ) ;
#7477 = DIRECTION ( 'NONE',  ( 6.009258394948641055E-16, -1.000000000000000000, 0.000000000000000000 ) ) ;
#7478 = ORIENTED_EDGE ( 'NONE', *, *, #2638, .T. ) ;
#7479 = ORIENTED_EDGE ( 'NONE', *, *, #5001, .F. ) ;
#7480 = VECTOR ( 'NONE', #682, 1000.000000000000000 ) ;
#7481 = VECTOR ( 'NONE', #1318, 1000.000000000000000 ) ;
#7482 = CARTESIAN_POINT ( 'NONE',  ( -40.60000000000000142, 18.14297886098928458, -48.18810238334572915 ) ) ;
#7483 = ADVANCED_FACE ( 'NONE', ( #7536 ), #9897, .F. ) ;
#7484 = EDGE_CURVE ( 'NONE', #9131, #9055, #7677, .T. ) ;
#7485 = PLANE ( 'NONE',  #9849 ) ;
#7486 = VECTOR ( 'NONE', #367, 1000.000000000000000 ) ;
#7487 = AXIS2_PLACEMENT_3D ( 'NONE', #3451, #8648, #4825 ) ;
#7488 = CARTESIAN_POINT ( 'NONE',  ( -45.00000000000000711, 18.88772481033652184, -27.17386661099702039 ) ) ;
#7489 = CARTESIAN_POINT ( 'NONE',  ( -45.00000000000000711, 19.22649730810370627, 21.44924440733136350 ) ) ;
#7490 = PLANE ( 'NONE',  #30 ) ;
#7491 = ADVANCED_FACE ( 'NONE', ( #3067 ), #733, .F. ) ;
#7492 = ORIENTED_EDGE ( 'NONE', *, *, #1326, .T. ) ;
#7493 = ORIENTED_EDGE ( 'NONE', *, *, #2841, .F. ) ;
#7494 = VECTOR ( 'NONE', #247, 1000.000000000000000 ) ;
#7495 = ORIENTED_EDGE ( 'NONE', *, *, #5018, .F. ) ;
#7496 = LINE ( 'NONE', #4562, #4596 ) ;
#7497 = CARTESIAN_POINT ( 'NONE',  ( -45.00000000000000711, 22.11324865405186202, -4.999999999999992006 ) ) ;
#7498 = LINE ( 'NONE', #5283, #714 ) ;
#7499 = VECTOR ( 'NONE', #7624, 1000.000000000000000 ) ;
#7500 = CARTESIAN_POINT ( 'NONE',  ( -40.60000000000000142, 22.11324865405186202, -4.999999999999992006 ) ) ;
#7501 = DIRECTION ( 'NONE',  ( -0.000000000000000000, -0.000000000000000000, 1.000000000000000000 ) ) ;
#7502 = EDGE_CURVE ( 'NONE', #6460, #4907, #5960, .T. ) ;
#7503 = ORIENTED_EDGE ( 'NONE', *, *, #4801, .F. ) ;
#7504 = ORIENTED_EDGE ( 'NONE', *, *, #3213, .F. ) ;
#7505 = DIRECTION ( 'NONE',  ( 1.000000000000000000, -0.000000000000000000, 0.000000000000000000 ) ) ;
#7506 = ORIENTED_EDGE ( 'NONE', *, *, #9268, .F. ) ;
#7507 = EDGE_CURVE ( 'NONE', #8825, #7755, #3798, .T. ) ;
#7508 = EDGE_LOOP ( 'NONE', ( #6128, #9711, #6609, #5149 ) ) ;
#7509 = DIRECTION ( 'NONE',  ( 0.000000000000000000, -1.000000000000000000, 0.000000000000000000 ) ) ;
#7510 = VECTOR ( 'NONE', #2442, 1000.000000000000000 ) ;
#7511 = LINE ( 'NONE', #4342, #4928 ) ;
#7512 = CARTESIAN_POINT ( 'NONE',  ( -4.999999999999995559, 22.11324865405186557, -45.00000000000000000 ) ) ;
#7513 = FACE_OUTER_BOUND ( 'NONE', #7648, .T. ) ;
#7514 = DIRECTION ( 'NONE',  ( -0.8660254037844387076, 0.4999999999999998890, -0.000000000000000000 ) ) ;
#7515 = AXIS2_PLACEMENT_3D ( 'NONE', #6727, #582, #3685 ) ;
#7516 = EDGE_CURVE ( 'NONE', #3838, #7918, #2114, .T. ) ;
#7517 = ORIENTED_EDGE ( 'NONE', *, *, #18, .T. ) ;
#7518 = CARTESIAN_POINT ( 'NONE',  ( -32.17386661099703105, 10.22747077249217362, -40.59999999999999432 ) ) ;
#7519 = VECTOR ( 'NONE', #3518, 1000.000000000000114 ) ;
#7520 = ADVANCED_FACE ( 'NONE', ( #8425 ), #8381, .F. ) ;
#7521 = ORIENTED_EDGE ( 'NONE', *, *, #974, .T. ) ;
#7522 = LINE ( 'NONE', #4533, #2775 ) ;
#7523 = ORIENTED_EDGE ( 'NONE', *, *, #4663, .F. ) ;
#7524 = ORIENTED_EDGE ( 'NONE', *, *, #762, .T. ) ;
#7525 = EDGE_CURVE ( 'NONE', #312, #7389, #8339, .T. ) ;
#7526 = LINE ( 'NONE', #1306, #4631 ) ;
#7527 = VECTOR ( 'NONE', #3773, 999.9999999999998863 ) ;
#7528 = LINE ( 'NONE', #6809, #168 ) ;
#7529 = DIRECTION ( 'NONE',  ( 0.000000000000000000, 0.4999999999999998335, 0.8660254037844387076 ) ) ;
#7530 = LINE ( 'NONE', #9025, #6869 ) ;
#7531 = EDGE_LOOP ( 'NONE', ( #2607, #8708, #1134, #5664 ) ) ;
#7532 = ORIENTED_EDGE ( 'NONE', *, *, #3687, .T. ) ;
#7533 = VECTOR ( 'NONE', #9535, 1000.000000000000000 ) ;
#7534 = DIRECTION ( 'NONE',  ( 0.000000000000000000, -1.000000000000000000, 0.000000000000000000 ) ) ;
#7535 = CARTESIAN_POINT ( 'NONE',  ( -40.60000000000000142, 28.22552384371527623, -32.17386661099701683 ) ) ;
#7536 = FACE_OUTER_BOUND ( 'NONE', #4494, .T. ) ;
#7537 = LINE ( 'NONE', #631, #8128 ) ;
#7538 = DIRECTION ( 'NONE',  ( 1.000000000000000000, -0.000000000000000000, 0.000000000000000000 ) ) ;
#7539 = DIRECTION ( 'NONE',  ( 0.000000000000000000, -0.5000000000000006661, 0.8660254037844382635 ) ) ;
#7540 = EDGE_CURVE ( 'NONE', #8843, #6899, #2261, .T. ) ;
#7541 = VERTEX_POINT ( 'NONE', #2876 ) ;
#7542 = ADVANCED_FACE ( 'NONE', ( #5272 ), #3695, .F. ) ;
#7543 = ORIENTED_EDGE ( 'NONE', *, *, #3671, .T. ) ;
#7544 = ORIENTED_EDGE ( 'NONE', *, *, #3998, .T. ) ;
#7545 = DIRECTION ( 'NONE',  ( -0.4999999999999998890, 0.8660254037844387076, 0.000000000000000000 ) ) ;
#7546 = CARTESIAN_POINT ( 'NONE',  ( 10.72462220366567820, 28.22552384371531886, -45.00000000000000000 ) ) ;
#7547 = LINE ( 'NONE', #599, #7519 ) ;
#7548 = DIRECTION ( 'NONE',  ( -0.8660254037844387076, -0.4999999999999998890, 0.000000000000000000 ) ) ;
#7549 = CARTESIAN_POINT ( 'NONE',  ( -5.724622203665678200, 31.11227518966344974, 45.00000000000000000 ) ) ;
#7550 = ORIENTED_EDGE ( 'NONE', *, *, #1862, .F. ) ;
#7551 = CARTESIAN_POINT ( 'NONE',  ( -32.28330970379901999, 1.999999999999988010, 18.14117408006807253 ) ) ;
#7552 = ORIENTED_EDGE ( 'NONE', *, *, #1416, .T. ) ;
#7553 = ORIENTED_EDGE ( 'NONE', *, *, #7470, .F. ) ;
#7554 = LINE ( 'NONE', #753, #4273 ) ;
#7555 = DIRECTION ( 'NONE',  ( 0.4999999999999998890, 0.8660254037844387076, 0.000000000000000000 ) ) ;
#7556 = CARTESIAN_POINT ( 'NONE',  ( 40.59999999999997300, 18.88772481033651829, 5.724622203665675535 ) ) ;
#7557 = CARTESIAN_POINT ( 'NONE',  ( 26.44924440733135285, 27.88675134594812732, -45.00000000000000000 ) ) ;
#7558 = CARTESIAN_POINT ( 'NONE',  ( 37.17386661099703105, 36.88577788155968307, -40.59999999999999432 ) ) ;
#7559 = ORIENTED_EDGE ( 'NONE', *, *, #5575, .F. ) ;
#7560 = DIRECTION ( 'NONE',  ( 0.000000000000000000, -1.000000000000000000, -3.004629197474320528E-16 ) ) ;
#7561 = ORIENTED_EDGE ( 'NONE', *, *, #8743, .T. ) ;
#7562 = ORIENTED_EDGE ( 'NONE', *, *, #7411, .F. ) ;
#7563 = EDGE_LOOP ( 'NONE', ( #8140, #2060, #810, #9339 ) ) ;
#7564 = VERTEX_POINT ( 'NONE', #6012 ) ;
#7565 = DIRECTION ( 'NONE',  ( 0.4999999999999978906, 0.7071067811865500152, -0.4999999999999985567 ) ) ;
#7566 = EDGE_CURVE ( 'NONE', #4752, #8775, #1456, .T. ) ;
#7567 = DIRECTION ( 'NONE',  ( 1.000000000000000000, -0.000000000000000000, -7.709882115452476934E-17 ) ) ;
#7568 = EDGE_CURVE ( 'NONE', #1872, #9019, #6778, .T. ) ;
#7569 = CARTESIAN_POINT ( 'NONE',  ( -40.60000000000000142, 7.377352558618803791, -41.97256513967720792 ) ) ;
#7570 = CARTESIAN_POINT ( 'NONE',  ( -45.00000000000000711, 30.77350269189622267, 21.44924440733137061 ) ) ;
#7571 = CARTESIAN_POINT ( 'NONE',  ( 45.00000000000000711, 27.88675134594809180, -16.44924440733135285 ) ) ;
#7572 = EDGE_CURVE ( 'NONE', #4633, #8061, #4509, .T. ) ;
#7573 = EDGE_LOOP ( 'NONE', ( #4841, #915, #3385, #3979, #3847, #2850 ) ) ;
#7574 = ORIENTED_EDGE ( 'NONE', *, *, #266, .T. ) ;
#7575 = CARTESIAN_POINT ( 'NONE',  ( -45.00000000000000711, 39.77252922750778907, 32.17386661099704526 ) ) ;
#7576 = EDGE_CURVE ( 'NONE', #5655, #6273, #3025, .T. ) ;
#7577 = PLANE ( 'NONE',  #659 ) ;
#7578 = EDGE_CURVE ( 'NONE', #3653, #7957, #6928, .T. ) ;
#7579 = ADVANCED_FACE ( 'NONE', ( #7832 ), #3280, .F. ) ;
#7580 = CARTESIAN_POINT ( 'NONE',  ( -45.00000000000000711, 22.11324865405186202, -4.999999999999992006 ) ) ;
#7581 = DIRECTION ( 'NONE',  ( 0.000000000000000000, -1.000000000000000000, -3.004629197474320528E-16 ) ) ;
#7582 = DIRECTION ( 'NONE',  ( 0.000000000000000000, -0.5000000000000006661, 0.8660254037844382635 ) ) ;
#7583 = FACE_BOUND ( 'NONE', #9293, .T. ) ;
#7584 = ORIENTED_EDGE ( 'NONE', *, *, #580, .F. ) ;
#7585 = EDGE_LOOP ( 'NONE', ( #4102, #3817, #6990, #648 ) ) ;
#7586 = ORIENTED_EDGE ( 'NONE', *, *, #1771, .F. ) ;
#7587 = CARTESIAN_POINT ( 'NONE',  ( 45.00000000000000711, 21.77447615628465272, -10.72462220366567287 ) ) ;
#7588 = EDGE_CURVE ( 'NONE', #6696, #2050, #9387, .T. ) ;
#7589 = DIRECTION ( 'NONE',  ( -0.4999999999999998890, 0.8660254037844387076, 0.000000000000000000 ) ) ;
#7590 = CARTESIAN_POINT ( 'NONE',  ( -45.00000000000000711, 39.77252922750778907, -32.17386661099700973 ) ) ;
#7591 = LINE ( 'NONE', #9856, #5548 ) ;
#7592 = LINE ( 'NONE', #6898, #1327 ) ;
#7593 = VERTEX_POINT ( 'NONE', #2409 ) ;
#7594 = LINE ( 'NONE', #2994, #645 ) ;
#7595 = ORIENTED_EDGE ( 'NONE', *, *, #2251, .F. ) ;
#7596 = ORIENTED_EDGE ( 'NONE', *, *, #9452, .T. ) ;
#7597 = PLANE ( 'NONE',  #7968 ) ;
#7598 = CARTESIAN_POINT ( 'NONE',  ( -45.00000000000000711, 22.11324865405184426, -26.44924440733135285 ) ) ;
#7599 = VECTOR ( 'NONE', #3394, 1000.000000000000000 ) ;
#7600 = ADVANCED_FACE ( 'NONE', ( #6313 ), #4763, .F. ) ;
#7601 = FACE_OUTER_BOUND ( 'NONE', #7563, .T. ) ;
#7602 = DIRECTION ( 'NONE',  ( 0.8660254037844387076, -0.4999999999999998890, 0.000000000000000000 ) ) ;
#7603 = CARTESIAN_POINT ( 'NONE',  ( -45.00000000000000711, 18.88772481033651829, 5.724622203665682640 ) ) ;
#7604 = ORIENTED_EDGE ( 'NONE', *, *, #2386, .F. ) ;
#7605 = DIRECTION ( 'NONE',  ( -0.000000000000000000, -0.000000000000000000, 1.000000000000000000 ) ) ;
#7606 = EDGE_LOOP ( 'NONE', ( #7146, #749, #8895, #4544, #5588 ) ) ;
#7607 = ORIENTED_EDGE ( 'NONE', *, *, #2940, .F. ) ;
#7608 = ORIENTED_EDGE ( 'NONE', *, *, #8747, .F. ) ;
#7609 = VECTOR ( 'NONE', #9269, 1000.000000000000000 ) ;
#7610 = ORIENTED_EDGE ( 'NONE', *, *, #8805, .F. ) ;
#7611 = VECTOR ( 'NONE', #5287, 999.9999999999998863 ) ;
#7612 = CARTESIAN_POINT ( 'NONE',  ( -16.44924440733135640, 22.11324865405187268, 40.59999999999996589 ) ) ;
#7613 = EDGE_CURVE ( 'NONE', #1196, #5938, #940, .T. ) ;
#7614 = DIRECTION ( 'NONE',  ( -0.7071067811865477948, 0.000000000000000000, 0.7071067811865473507 ) ) ;
#7615 = VECTOR ( 'NONE', #1741, 1000.000000000000114 ) ;
#7616 = DIRECTION ( 'NONE',  ( 0.000000000000000000, 0.000000000000000000, 1.000000000000000000 ) ) ;
#7617 = CARTESIAN_POINT ( 'NONE',  ( -45.00000000000000711, 31.11227518966341066, 5.724622203665681752 ) ) ;
#7618 = DIRECTION ( 'NONE',  ( 0.000000000000000000, -0.4999999999999998335, -0.8660254037844387076 ) ) ;
#7619 = ORIENTED_EDGE ( 'NONE', *, *, #2941, .F. ) ;
#7620 = ORIENTED_EDGE ( 'NONE', *, *, #7395, .F. ) ;
#7621 = ADVANCED_FACE ( 'NONE', ( #4048 ), #7922, .F. ) ;
#7622 = VECTOR ( 'NONE', #3036, 1000.000000000000114 ) ;
#7623 = VECTOR ( 'NONE', #1350, 1000.000000000000000 ) ;
#7624 = DIRECTION ( 'NONE',  ( 1.000000000000000000, -0.000000000000000000, -7.709882115452476934E-17 ) ) ;
#7625 = VECTOR ( 'NONE', #9740, 1000.000000000000000 ) ;
#7626 = CARTESIAN_POINT ( 'NONE',  ( 15.16033048310345244, 10.00000000000000000, 1.103125484187123417 ) ) ;
#7627 = CARTESIAN_POINT ( 'NONE',  ( 40.59999999999999432, 34.72801970590725062, -23.43651982031991565 ) ) ;
#7628 = FACE_BOUND ( 'NONE', #777, .T. ) ;
#7629 = DIRECTION ( 'NONE',  ( 0.000000000000000000, -0.4999999999999998335, -0.8660254037844387076 ) ) ;
#7630 = AXIS2_PLACEMENT_3D ( 'NONE', #5788, #1937, #3353 ) ;
#7631 = CARTESIAN_POINT ( 'NONE',  ( 40.59999999999999432, -4.015814980272433665, -35.39471679417584937 ) ) ;
#7632 = AXIS2_PLACEMENT_3D ( 'NONE', #1925, #4922, #4261 ) ;
#7633 = VECTOR ( 'NONE', #7323, 1000.000000000000000 ) ;
#7634 = EDGE_CURVE ( 'NONE', #3579, #1872, #4700, .T. ) ;
#7635 = EDGE_CURVE ( 'NONE', #7908, #462, #897, .T. ) ;
#7636 = VERTEX_POINT ( 'NONE', #5616 ) ;
#7637 = ORIENTED_EDGE ( 'NONE', *, *, #7694, .T. ) ;
#7638 = ORIENTED_EDGE ( 'NONE', *, *, #4246, .F. ) ;
#7639 = DIRECTION ( 'NONE',  ( 0.000000000000000000, 0.5000000000000005551, -0.8660254037844382635 ) ) ;
#7640 = AXIS2_PLACEMENT_3D ( 'NONE', #128, #3068, #5510 ) ;
#7641 = EDGE_CURVE ( 'NONE', #8529, #3828, #2362, .T. ) ;
#7642 = AXIS2_PLACEMENT_3D ( 'NONE', #8207, #457, #9811 ) ;
#7643 = LINE ( 'NONE', #2042, #5370 ) ;
#7644 = DIRECTION ( 'NONE',  ( -0.8660254037844387076, -0.4999999999999998890, 0.000000000000000000 ) ) ;
#7645 = CARTESIAN_POINT ( 'NONE',  ( -45.00000000000000711, 36.88577788155966175, -5.724622203665670206 ) ) ;
#7646 = LINE ( 'NONE', #644, #7312 ) ;
#7647 = AXIS2_PLACEMENT_3D ( 'NONE', #4230, #1852, #1702 ) ;
#7648 = EDGE_LOOP ( 'NONE', ( #1233, #8963, #4391, #7523 ) ) ;
#7649 = CARTESIAN_POINT ( 'NONE',  ( 15.72462220366567465, 13.11422211844031160, -45.00000000000000000 ) ) ;
#7650 = ORIENTED_EDGE ( 'NONE', *, *, #542, .F. ) ;
#7651 = EDGE_LOOP ( 'NONE', ( #4797, #7043, #290, #7087 ) ) ;
#7652 = FACE_OUTER_BOUND ( 'NONE', #7815, .T. ) ;
#7653 = CARTESIAN_POINT ( 'NONE',  ( 36.17239700032504857, 0.000000000000000000, -17.08051390828826044 ) ) ;
#7654 = VECTOR ( 'NONE', #9342, 1000.000000000000227 ) ;
#7655 = DIRECTION ( 'NONE',  ( 0.000000000000000000, 0.5000000000000005551, -0.8660254037844382635 ) ) ;
#7656 = DIRECTION ( 'NONE',  ( 0.000000000000000000, -0.5000000000000006661, 0.8660254037844383745 ) ) ;
#7657 = DIRECTION ( 'NONE',  ( 0.000000000000000000, -1.000000000000000000, 0.000000000000000000 ) ) ;
#7658 = LINE ( 'NONE', #6761, #2613 ) ;
#7659 = ORIENTED_EDGE ( 'NONE', *, *, #4537, .T. ) ;
#7660 = FACE_OUTER_BOUND ( 'NONE', #4671, .T. ) ;
#7661 = VECTOR ( 'NONE', #4463, 1000.000000000000000 ) ;
#7662 = EDGE_LOOP ( 'NONE', ( #664, #1516, #3303, #8939, #8570, #8012 ) ) ;
#7663 = EDGE_LOOP ( 'NONE', ( #70, #465, #1788, #4780 ) ) ;
#7664 = EDGE_CURVE ( 'NONE', #4387, #1387, #3885, .T. ) ;
#7665 = CARTESIAN_POINT ( 'NONE',  ( 40.59999999999997300, 27.88675134594809180, 26.44924440733135640 ) ) ;
#7666 = CARTESIAN_POINT ( 'NONE',  ( -45.00000000000000711, 31.11227518966341066, 5.724622203665681752 ) ) ;
#7667 = VECTOR ( 'NONE', #756, 1000.000000000000114 ) ;
#7668 = CARTESIAN_POINT ( 'NONE',  ( 32.17386661099703105, 10.22747077249218073, -45.00000000000000000 ) ) ;
#7669 = LINE ( 'NONE', #3017, #4269 ) ;
#7670 = DIRECTION ( 'NONE',  ( 1.000000000000000000, -0.000000000000000000, 0.000000000000000000 ) ) ;
#7671 = VERTEX_POINT ( 'NONE', #8636 ) ;
#7672 = ORIENTED_EDGE ( 'NONE', *, *, #5508, .T. ) ;
#7673 = AXIS2_PLACEMENT_3D ( 'NONE', #5686, #3354, #4837 ) ;
#7674 = DIRECTION ( 'NONE',  ( -3.854941057726242781E-17, -0.8660254037844383745, -0.5000000000000006661 ) ) ;
#7675 = LINE ( 'NONE', #1507, #317 ) ;
#7676 = PRODUCT_RELATED_PRODUCT_CATEGORY ( 'part', '', ( #2853 ) ) ;
#7677 = LINE ( 'NONE', #9657, #4881 ) ;
#7678 = FACE_BOUND ( 'NONE', #5993, .T. ) ;
#7679 = CARTESIAN_POINT ( 'NONE',  ( -45.00000000000000711, 30.77350269189623333, 1.734723475976807094E-14 ) ) ;
#7680 = VECTOR ( 'NONE', #6217, 1000.000000000000000 ) ;
#7681 = EDGE_CURVE ( 'NONE', #5938, #211, #1559, .T. ) ;
#7682 = CARTESIAN_POINT ( 'NONE',  ( -41.61025403784438481, 6.749811322098085320, -40.59999999999999432 ) ) ;
#7683 = EDGE_LOOP ( 'NONE', ( #1374, #3710, #4093, #9805, #973, #7428 ) ) ;
#7684 = ORIENTED_EDGE ( 'NONE', *, *, #6341, .T. ) ;
#7685 = ORIENTED_EDGE ( 'NONE', *, *, #5414, .F. ) ;
#7686 = ORIENTED_EDGE ( 'NONE', *, *, #73, .T. ) ;
#7687 = DIRECTION ( 'NONE',  ( 1.000000000000000000, -0.000000000000000000, -7.709882115452476934E-17 ) ) ;
#7688 = AXIS2_PLACEMENT_3D ( 'NONE', #7763, #8517, #2969 ) ;
#7689 = ADVANCED_FACE ( 'NONE', ( #4001 ), #8681, .T. ) ;
#7690 = FACE_BOUND ( 'NONE', #9038, .T. ) ;
#7691 = CARTESIAN_POINT ( 'NONE',  ( 27.17386661099703460, 36.88577788155969728, 40.59999999999996589 ) ) ;
#7692 = CARTESIAN_POINT ( 'NONE',  ( 40.59999999999997300, 10.22747077249214520, 32.17386661099703105 ) ) ;
#7693 = DIRECTION ( 'NONE',  ( -0.000000000000000000, -0.000000000000000000, 1.000000000000000000 ) ) ;
#7694 = EDGE_CURVE ( 'NONE', #6934, #6140, #3125, .T. ) ;
#7695 = EDGE_LOOP ( 'NONE', ( #4470, #9716, #1713, #2538, #1822, #6730 ) ) ;
#7696 = PLANE ( 'NONE',  #2111 ) ;
#7697 = ORIENTED_EDGE ( 'NONE', *, *, #6777, .F. ) ;
#7698 = ORIENTED_EDGE ( 'NONE', *, *, #9499, .F. ) ;
#7699 = LINE ( 'NONE', #3042, #2964 ) ;
#7700 = DIRECTION ( 'NONE',  ( -0.000000000000000000, -0.000000000000000000, 1.000000000000000000 ) ) ;
#7701 = EDGE_CURVE ( 'NONE', #3183, #2269, #2314, .T. ) ;
#7702 = FACE_OUTER_BOUND ( 'NONE', #131, .T. ) ;
#7703 = LINE ( 'NONE', #1691, #9722 ) ;
#7704 = DIRECTION ( 'NONE',  ( 0.000000000000000000, 0.5000000000000002220, 0.8660254037844384856 ) ) ;
#7705 = EDGE_CURVE ( 'NONE', #8975, #404, #8474, .T. ) ;
#7706 = EDGE_CURVE ( 'NONE', #5915, #7252, #1609, .T. ) ;
#7707 = DIRECTION ( 'NONE',  ( 0.8660254037844388186, -0.4999999999999997224, 0.000000000000000000 ) ) ;
#7708 = VERTEX_POINT ( 'NONE', #6215 ) ;
#7709 = PLANE ( 'NONE',  #1652 ) ;
#7710 = VERTEX_POINT ( 'NONE', #3948 ) ;
#7711 = CARTESIAN_POINT ( 'NONE',  ( -45.00000000000000711, 13.11422211844027252, -37.17386661099702394 ) ) ;
#7712 = EDGE_LOOP ( 'NONE', ( #2744, #4214, #2861, #32 ) ) ;
#7713 = ORIENTED_EDGE ( 'NONE', *, *, #6796, .F. ) ;
#7714 = FACE_OUTER_BOUND ( 'NONE', #9823, .T. ) ;
#7715 = DIRECTION ( 'NONE',  ( -7.709882115452476934E-17, 1.502314598737162976E-16, -1.000000000000000000 ) ) ;
#7716 = DIRECTION ( 'NONE',  ( -0.8660254037844388186, 0.4999999999999997780, 0.000000000000000000 ) ) ;
#7717 = EDGE_CURVE ( 'NONE', #213, #4339, #79, .T. ) ;
#7718 = CARTESIAN_POINT ( 'NONE',  ( -45.00000000000000711, 22.11324865405184426, -26.44924440733135285 ) ) ;
#7719 = CARTESIAN_POINT ( 'NONE',  ( 1.103125484187123195, 4.999999999999997335, 15.16033048310345777 ) ) ;
#7720 = DIRECTION ( 'NONE',  ( -0.000000000000000000, -0.000000000000000000, 1.000000000000000000 ) ) ;
#7721 = ORIENTED_EDGE ( 'NONE', *, *, #9174, .T. ) ;
#7722 = VERTEX_POINT ( 'NONE', #1868 ) ;
#7723 = DIRECTION ( 'NONE',  ( 0.8660254037844383745, 0.5000000000000003331, 0.000000000000000000 ) ) ;
#7724 = DIRECTION ( 'NONE',  ( 0.000000000000000000, 0.5000000000000005551, -0.8660254037844382635 ) ) ;
#7725 = LINE ( 'NONE', #6929, #26 ) ;
#7726 = DIRECTION ( 'NONE',  ( 3.854941057726236618E-17, -0.8660254037844387076, 0.4999999999999998335 ) ) ;
#7727 = DIRECTION ( 'NONE',  ( 0.000000000000000000, 1.000000000000000000, 1.502314598737162976E-16 ) ) ;
#7728 = ORIENTED_EDGE ( 'NONE', *, *, #2987, .T. ) ;
#7729 = ORIENTED_EDGE ( 'NONE', *, *, #3382, .T. ) ;
#7730 = ORIENTED_EDGE ( 'NONE', *, *, #2809, .T. ) ;
#7731 = ORIENTED_EDGE ( 'NONE', *, *, #5963, .F. ) ;
#7732 = DIRECTION ( 'NONE',  ( 0.000000000000000000, 0.5000000000000002220, 0.8660254037844384856 ) ) ;
#7733 = LINE ( 'NONE', #4773, #836 ) ;
#7734 = LINE ( 'NONE', #4712, #7321 ) ;
#7735 = DIRECTION ( 'NONE',  ( -0.000000000000000000, -0.000000000000000000, 1.000000000000000000 ) ) ;
#7736 = CARTESIAN_POINT ( 'NONE',  ( 10.72462220366567820, 39.77252922750782460, -45.00000000000000000 ) ) ;
#7737 = CARTESIAN_POINT ( 'NONE',  ( -25.86759430765698653, 30.51727517685505120, -40.59999999999999432 ) ) ;
#7738 = VERTEX_POINT ( 'NONE', #8781 ) ;
#7739 = CARTESIAN_POINT ( 'NONE',  ( -10.72462220366567820, 10.22747077249217362, -45.00000000000000000 ) ) ;
#7740 = EDGE_CURVE ( 'NONE', #3345, #2200, #1051, .T. ) ;
#7741 = EDGE_LOOP ( 'NONE', ( #3783, #7064, #6703, #9338 ) ) ;
#7742 = ORIENTED_EDGE ( 'NONE', *, *, #5039, .T. ) ;
#7743 = CARTESIAN_POINT ( 'NONE',  ( -4.336808689942017736E-16, 30.77350269189625109, -45.00000000000000000 ) ) ;
#7744 = EDGE_CURVE ( 'NONE', #1, #6911, #3544, .T. ) ;
#7745 = DIRECTION ( 'NONE',  ( 0.000000000000000000, 1.000000000000000000, 1.502314598737162976E-16 ) ) ;
#7746 = CARTESIAN_POINT ( 'NONE',  ( -45.00000000000000711, 31.11227518966341066, 5.724622203665681752 ) ) ;
#7747 = DIRECTION ( 'NONE',  ( 7.709882115452476934E-17, -3.004629197474320528E-16, 1.000000000000000000 ) ) ;
#7748 = LINE ( 'NONE', #7009, #2347 ) ;
#7749 = FACE_OUTER_BOUND ( 'NONE', #741, .T. ) ;
#7750 = ORIENTED_EDGE ( 'NONE', *, *, #1690, .F. ) ;
#7751 = LINE ( 'NONE', #10019, #9898 ) ;
#7752 = ORIENTED_EDGE ( 'NONE', *, *, #8315, .T. ) ;
#7753 = CARTESIAN_POINT ( 'NONE',  ( -32.17386661099703105, 28.22552384371531176, -45.00000000000000000 ) ) ;
#7754 = ADVANCED_FACE ( 'NONE', ( #1967 ), #4969, .F. ) ;
#7755 = VERTEX_POINT ( 'NONE', #8032 ) ;
#7756 = ORIENTED_EDGE ( 'NONE', *, *, #9358, .T. ) ;
#7757 = FACE_OUTER_BOUND ( 'NONE', #1099, .T. ) ;
#7758 = EDGE_CURVE ( 'NONE', #1086, #4369, #1102, .T. ) ;
#7759 = AXIS2_PLACEMENT_3D ( 'NONE', #8075, #2614, #8133 ) ;
#7760 = CARTESIAN_POINT ( 'NONE',  ( -45.00000000000000711, 18.88772481033651829, 5.724622203665682640 ) ) ;
#7761 = CARTESIAN_POINT ( 'NONE',  ( 10.72462220366567820, 28.22552384371531886, -45.00000000000000000 ) ) ;
#7762 = LINE ( 'NONE', #1654, #6878 ) ;
#7763 = CARTESIAN_POINT ( 'NONE',  ( -43.00000000000000000, 45.00000000000000000, 43.00000000000000000 ) ) ;
#7764 = ORIENTED_EDGE ( 'NONE', *, *, #2657, .F. ) ;
#7765 = VECTOR ( 'NONE', #3682, 999.9999999999998863 ) ;
#7767 = ORIENTED_EDGE ( 'NONE', *, *, #5098, .T. ) ;
#7766 = EDGE_CURVE ( 'NONE', #8326, #7708, #6631, .T. ) ;
#7768 = CIRCLE ( 'NONE', #5995, 2.000000000000001776 ) ;
#7769 = EDGE_LOOP ( 'NONE', ( #3542, #6916, #1556, #3663 ) ) ;
#7770 = VECTOR ( 'NONE', #3917, 1000.000000000000114 ) ;
#7771 = CARTESIAN_POINT ( 'NONE',  ( -45.00000000000000711, 18.88772481033651829, 5.724622203665682640 ) ) ;
#7772 = CARTESIAN_POINT ( 'NONE',  ( 40.59999999999999432, 4.999999999999980460, 15.72462220366567465 ) ) ;
#7773 = CARTESIAN_POINT ( 'NONE',  ( 40.59999999999999432, 4.999999999999974243, 37.17386661099703105 ) ) ;
#7774 = DIRECTION ( 'NONE',  ( -0.8660254037844387076, 0.4999999999999998890, -0.000000000000000000 ) ) ;
#7775 = DIRECTION ( 'NONE',  ( 0.000000000000000000, -1.000000000000000000, -3.004629197474320528E-16 ) ) ;
#7776 = LINE ( 'NONE', #1460, #9083 ) ;
#7777 = CARTESIAN_POINT ( 'NONE',  ( -45.00000000000000711, 21.77447615628464206, -32.17386661099701683 ) ) ;
#7778 = ORIENTED_EDGE ( 'NONE', *, *, #461, .F. ) ;
#7779 = VECTOR ( 'NONE', #9812, 1000.000000000000000 ) ;
#7780 = ORIENTED_EDGE ( 'NONE', *, *, #737, .F. ) ;
#7781 = VECTOR ( 'NONE', #566, 1000.000000000000114 ) ;
#7782 = VECTOR ( 'NONE', #1257, 1000.000000000000114 ) ;
#7783 = ORIENTED_EDGE ( 'NONE', *, *, #5032, .F. ) ;
#7784 = VECTOR ( 'NONE', #4356, 1000.000000000000227 ) ;
#7785 = EDGE_CURVE ( 'NONE', #1044, #1, #4198, .T. ) ;
#7786 = ORIENTED_EDGE ( 'NONE', *, *, #9729, .T. ) ;
#7787 = EDGE_CURVE ( 'NONE', #6183, #8069, #5071, .T. ) ;
#7788 = LINE ( 'NONE', #948, #9746 ) ;
#7789 = PLANE ( 'NONE',  #3598 ) ;
#7790 = AXIS2_PLACEMENT_3D ( 'NONE', #294, #408, #4280 ) ;
#7791 = VECTOR ( 'NONE', #6713, 1000.000000000000000 ) ;
#7792 = FACE_BOUND ( 'NONE', #2202, .T. ) ;
#7793 = PLANE ( 'NONE',  #4965 ) ;
#7794 = DIRECTION ( 'NONE',  ( 0.000000000000000000, 1.000000000000000000, 1.502314598737162729E-16 ) ) ;
#7795 = FACE_OUTER_BOUND ( 'NONE', #8343, .T. ) ;
#7796 = ORIENTED_EDGE ( 'NONE', *, *, #3875, .T. ) ;
#7797 = FACE_OUTER_BOUND ( 'NONE', #6002, .T. ) ;
#7798 = ORIENTED_EDGE ( 'NONE', *, *, #9210, .F. ) ;
#7799 = AXIS2_PLACEMENT_3D ( 'NONE', #8575, #6979, #4764 ) ;
#7800 = ORIENTED_EDGE ( 'NONE', *, *, #5973, .T. ) ;
#7801 = VECTOR ( 'NONE', #95, 999.9999999999998863 ) ;
#7802 = PLANE ( 'NONE',  #8942 ) ;
#7803 = PLANE ( 'NONE',  #6056 ) ;
#7804 = CARTESIAN_POINT ( 'NONE',  ( -45.00000000000000711, 21.77447615628465272, -10.72462220366566577 ) ) ;
#7805 = EDGE_CURVE ( 'NONE', #5337, #1914, #5861, .T. ) ;
#7806 = CARTESIAN_POINT ( 'NONE',  ( -45.00000000000000711, 31.11227518966341066, 5.724622203665681752 ) ) ;
#7807 = CARTESIAN_POINT ( 'NONE',  ( -45.00000000000000711, 28.22552384371527623, 32.17386661099703815 ) ) ;
#7808 = AXIS2_PLACEMENT_3D ( 'NONE', #3566, #1197, #9772 ) ;
#7809 = DIRECTION ( 'NONE',  ( -0.000000000000000000, -0.000000000000000000, 1.000000000000000000 ) ) ;
#7810 = VECTOR ( 'NONE', #9728, 1000.000000000000000 ) ;
#7811 = VERTEX_POINT ( 'NONE', #322 ) ;
#7812 = DIRECTION ( 'NONE',  ( 0.000000000000000000, 0.5000000000000007772, -0.8660254037844382635 ) ) ;
#7813 = ORIENTED_EDGE ( 'NONE', *, *, #453, .T. ) ;
#7814 = CARTESIAN_POINT ( 'NONE',  ( 45.00000000000000711, 27.88675134594808824, -26.44924440733135640 ) ) ;
#7815 = EDGE_LOOP ( 'NONE', ( #768, #6197, #3173, #4158 ) ) ;
#7816 = ORIENTED_EDGE ( 'NONE', *, *, #5056, .T. ) ;
#7817 = DIRECTION ( 'NONE',  ( -1.000000000000000000, -6.009258394948641055E-16, 0.000000000000000000 ) ) ;
#7818 = VECTOR ( 'NONE', #918, 1000.000000000000114 ) ;
#7819 = CARTESIAN_POINT ( 'NONE',  ( 44.99999999999999289, 45.00000000000000000, -43.00000000000000000 ) ) ;
#7820 = EDGE_CURVE ( 'NONE', #5010, #4573, #9684, .T. ) ;
#7821 = CARTESIAN_POINT ( 'NONE',  ( 40.59999999999997300, 36.88577788155966175, -27.17386661099702039 ) ) ;
#7822 = DIRECTION ( 'NONE',  ( 1.000000000000000000, -0.000000000000000000, -7.709882115452476934E-17 ) ) ;
#7823 = CARTESIAN_POINT ( 'NONE',  ( -10.28129369291628414, 10.00000000000000000, 10.28129369291628237 ) ) ;
#7824 = ORIENTED_EDGE ( 'NONE', *, *, #9237, .T. ) ;
#7825 = VECTOR ( 'NONE', #5553, 1000.000000000000114 ) ;
#7826 = EDGE_CURVE ( 'NONE', #3546, #5662, #8135, .T. ) ;
#7827 = ORIENTED_EDGE ( 'NONE', *, *, #3037, .T. ) ;
#7828 = ORIENTED_EDGE ( 'NONE', *, *, #3536, .F. ) ;
#7829 = ADVANCED_FACE ( 'NONE', ( #4308 ), #6526, .F. ) ;
#7830 = AXIS2_PLACEMENT_3D ( 'NONE', #1244, #4336, #8059 ) ;
#7831 = CARTESIAN_POINT ( 'NONE',  ( -32.17386661099703105, 39.77252922750781750, -45.00000000000000000 ) ) ;
#7832 = FACE_OUTER_BOUND ( 'NONE', #8667, .T. ) ;
#7833 = LINE ( 'NONE', #3126, #7332 ) ;
#7834 = ADVANCED_FACE ( 'NONE', ( #1919 ), #2767, .F. ) ;
#7835 = ORIENTED_EDGE ( 'NONE', *, *, #583, .F. ) ;
#7836 = ORIENTED_EDGE ( 'NONE', *, *, #2149, .F. ) ;
#7837 = VECTOR ( 'NONE', #422, 1000.000000000000000 ) ;
#7838 = EDGE_CURVE ( 'NONE', #5127, #88, #2673, .T. ) ;
#7839 = EDGE_LOOP ( 'NONE', ( #2012, #4473, #4559, #2997 ) ) ;
#7840 = ORIENTED_EDGE ( 'NONE', *, *, #1955, .F. ) ;
#7841 = CARTESIAN_POINT ( 'NONE',  ( -43.00000000000000000, 45.00000000000000000, 45.00000000000000000 ) ) ;
#7842 = FACE_BOUND ( 'NONE', #2036, .T. ) ;
#7843 = VECTOR ( 'NONE', #3225, 1000.000000000000000 ) ;
#7844 = DIRECTION ( 'NONE',  ( -0.8660254037844387076, -0.4999999999999998890, 0.000000000000000000 ) ) ;
#7845 = ADVANCED_FACE ( 'NONE', ( #6584 ), #6466, .F. ) ;
#7846 = FACE_BOUND ( 'NONE', #1426, .T. ) ;
#7847 = EDGE_CURVE ( 'NONE', #7098, #3336, #8877, .T. ) ;
#7848 = DIRECTION ( 'NONE',  ( 1.000000000000000000, -0.000000000000000000, 0.000000000000000000 ) ) ;
#7849 = ORIENTED_EDGE ( 'NONE', *, *, #8970, .T. ) ;
#7850 = CARTESIAN_POINT ( 'NONE',  ( 42.99999999999999289, 2.000000000000001776, -43.00000000000000000 ) ) ;
#7851 = VECTOR ( 'NONE', #6257, 1000.000000000000114 ) ;
#7852 = ORIENTED_EDGE ( 'NONE', *, *, #3807, .F. ) ;
#7853 = ORIENTED_EDGE ( 'NONE', *, *, #2125, .F. ) ;
#7854 = PLANE ( 'NONE',  #9587 ) ;
#7855 = DIRECTION ( 'NONE',  ( 0.000000000000000000, 1.000000000000000000, 1.502314598737162729E-16 ) ) ;
#7856 = DIRECTION ( 'NONE',  ( 0.8660254037844383745, 0.5000000000000004441, 0.000000000000000000 ) ) ;
#7857 = DIRECTION ( 'NONE',  ( 0.000000000000000000, 0.5000000000000002220, 0.8660254037844384856 ) ) ;
#7858 = CARTESIAN_POINT ( 'NONE',  ( 16.44924440733135640, 27.88675134594812732, 40.59999999999996589 ) ) ;
#7859 = LINE ( 'NONE', #808, #8432 ) ;
#7860 = ORIENTED_EDGE ( 'NONE', *, *, #8252, .F. ) ;
#7861 = DIRECTION ( 'NONE',  ( 0.000000000000000000, 0.5000000000000002220, 0.8660254037844384856 ) ) ;
#7862 = ORIENTED_EDGE ( 'NONE', *, *, #7876, .F. ) ;
#7863 = CARTESIAN_POINT ( 'NONE',  ( 37.17386661099703105, 31.11227518966344974, -45.00000000000000000 ) ) ;
#7864 = ORIENTED_EDGE ( 'NONE', *, *, #4199, .F. ) ;
#7865 = ORIENTED_EDGE ( 'NONE', *, *, #4615, .T. ) ;
#7866 = DIRECTION ( 'NONE',  ( -1.000000000000000000, -0.000000000000000000, -0.000000000000000000 ) ) ;
#7867 = EDGE_CURVE ( 'NONE', #4194, #6530, #4912, .T. ) ;
#7868 = CARTESIAN_POINT ( 'NONE',  ( -40.60000000000000142, 18.88772481033651474, -37.17386661099703105 ) ) ;
#7869 = PLANE ( 'NONE',  #9047 ) ;
#7870 = CARTESIAN_POINT ( 'NONE',  ( 45.00000000000000711, 19.22649730810372759, 2.553315752351000957E-15 ) ) ;
#7871 = VECTOR ( 'NONE', #2302, 1000.000000000000000 ) ;
#7872 = DIRECTION ( 'NONE',  ( 0.8660254037844384856, 0.5000000000000004441, 0.000000000000000000 ) ) ;
#7873 = ORIENTED_EDGE ( 'NONE', *, *, #2941, .T. ) ;
#7874 = ORIENTED_EDGE ( 'NONE', *, *, #1895, .F. ) ;
#7875 = VERTEX_POINT ( 'NONE', #5716 ) ;
#7876 = EDGE_CURVE ( 'NONE', #7236, #1212, #383, .T. ) ;
#7877 = CARTESIAN_POINT ( 'NONE',  ( -45.00000000000000711, 22.11324865405183715, 26.44924440733135995 ) ) ;
#7878 = EDGE_CURVE ( 'NONE', #7964, #3582, #5306, .T. ) ;
#7879 = CARTESIAN_POINT ( 'NONE',  ( 5.724622203665678200, 18.88772481033656092, -45.00000000000000000 ) ) ;
#7880 = FACE_BOUND ( 'NONE', #3777, .T. ) ;
#7881 = ORIENTED_EDGE ( 'NONE', *, *, #8552, .T. ) ;
#7882 = ORIENTED_EDGE ( 'NONE', *, *, #2624, .T. ) ;
#7883 = ORIENTED_EDGE ( 'NONE', *, *, #726, .F. ) ;
#7884 = EDGE_CURVE ( 'NONE', #2736, #3588, #9127, .T. ) ;
#7885 = ORIENTED_EDGE ( 'NONE', *, *, #4486, .F. ) ;
#7886 = LINE ( 'NONE', #7990, #4921 ) ;
#7887 = ADVANCED_FACE ( 'NONE', ( #620 ), #2908, .F. ) ;
#7888 = DIRECTION ( 'NONE',  ( 1.000000000000000000, -0.000000000000000000, -7.709882115452476934E-17 ) ) ;
#7889 = FACE_OUTER_BOUND ( 'NONE', #890, .T. ) ;
#7890 = FACE_BOUND ( 'NONE', #5828, .T. ) ;
#7891 = PLANE ( 'NONE',  #658 ) ;
#7892 = VERTEX_POINT ( 'NONE', #6872 ) ;
#7893 = PLANE ( 'NONE',  #7451 ) ;
#7894 = ORIENTED_EDGE ( 'NONE', *, *, #8627, .F. ) ;
#7895 = ORIENTED_EDGE ( 'NONE', *, *, #4757, .T. ) ;
#7896 = LINE ( 'NONE', #961, #1361 ) ;
#7897 = CARTESIAN_POINT ( 'NONE',  ( -45.00000000000000711, 30.77350269189621912, -21.44924440733134219 ) ) ;
#7898 = CARTESIAN_POINT ( 'NONE',  ( -25.86759430765698653, 30.51727517685505120, 40.59999999999999432 ) ) ;
#7899 = DIRECTION ( 'NONE',  ( 0.000000000000000000, 0.000000000000000000, -1.000000000000000000 ) ) ;
#7900 = DIRECTION ( 'NONE',  ( 1.000000000000000000, -0.000000000000000000, 0.000000000000000000 ) ) ;
#7901 = DIRECTION ( 'NONE',  ( 0.4999999999999998890, 0.8660254037844387076, 0.000000000000000000 ) ) ;
#7902 = LINE ( 'NONE', #1294, #7781 ) ;
#7903 = ORIENTED_EDGE ( 'NONE', *, *, #5804, .T. ) ;
#7904 = CARTESIAN_POINT ( 'NONE',  ( 40.59999999999999432, 4.999999999999996447, -37.17386661099703105 ) ) ;
#7905 = ORIENTED_EDGE ( 'NONE', *, *, #1100, .T. ) ;
#7906 = CARTESIAN_POINT ( 'NONE',  ( -32.17386661099703105, 28.22552384371531176, 40.59999999999996589 ) ) ;
#7907 = ORIENTED_EDGE ( 'NONE', *, *, #1036, .T. ) ;
#7908 = VERTEX_POINT ( 'NONE', #6768 ) ;
#7909 = LINE ( 'NONE', #7214, #532 ) ;
#7910 = EDGE_CURVE ( 'NONE', #8617, #4851, #8414, .T. ) ;
#7911 = CARTESIAN_POINT ( 'NONE',  ( 45.00000000000000000, 36.88577788155965465, -15.72462220366567820 ) ) ;
#7912 = EDGE_CURVE ( 'NONE', #4721, #2428, #5953, .T. ) ;
#7913 = CARTESIAN_POINT ( 'NONE',  ( -45.00000000000000711, 22.11324865405184426, 16.44924440733135640 ) ) ;
#7914 = DIRECTION ( 'NONE',  ( 0.000000000000000000, 0.5000000000000005551, -0.8660254037844382635 ) ) ;
#7915 = LINE ( 'NONE', #5502, #6408 ) ;
#7916 = ORIENTED_EDGE ( 'NONE', *, *, #1734, .T. ) ;
#7917 = ORIENTED_EDGE ( 'NONE', *, *, #1074, .F. ) ;
#7918 = VERTEX_POINT ( 'NONE', #9790 ) ;
#7919 = ADVANCED_FACE ( 'NONE', ( #2104 ), #5209, .F. ) ;
#7920 = DIRECTION ( 'NONE',  ( 1.000000000000000000, -0.000000000000000000, -7.709882115452476934E-17 ) ) ;
#7921 = COLOUR_RGB ( '',0.7921568627450980005, 0.8196078431372548767, 0.9333333333333333481 ) ;
#7922 = PLANE ( 'NONE',  #5355 ) ;
#7923 = CARTESIAN_POINT ( 'NONE',  ( -45.00000000000000711, 27.88675134594808824, 16.44924440733135995 ) ) ;
#7924 = EDGE_CURVE ( 'NONE', #7236, #9687, #9885, .T. ) ;
#7925 = DIRECTION ( 'NONE',  ( -0.000000000000000000, -0.000000000000000000, 1.000000000000000000 ) ) ;
#7926 = ORIENTED_EDGE ( 'NONE', *, *, #75, .T. ) ;
#7927 = CARTESIAN_POINT ( 'NONE',  ( 40.59999999999997300, 28.22552384371527623, -32.17386661099702394 ) ) ;
#7928 = VERTEX_POINT ( 'NONE', #3016 ) ;
#7929 = EDGE_CURVE ( 'NONE', #6424, #8729, #1445, .T. ) ;
#7930 = ORIENTED_EDGE ( 'NONE', *, *, #4091, .F. ) ;
#7931 = VECTOR ( 'NONE', #6372, 1000.000000000000114 ) ;
#7932 = ORIENTED_EDGE ( 'NONE', *, *, #9529, .F. ) ;
#7933 = AXIS2_PLACEMENT_3D ( 'NONE', #5203, #766, #5299 ) ;
#7934 = CARTESIAN_POINT ( 'NONE',  ( -26.44924440733135285, 27.88675134594812377, -45.00000000000000000 ) ) ;
#7935 = DIRECTION ( 'NONE',  ( 0.000000000000000000, -0.5000000000000007772, 0.8660254037844382635 ) ) ;
#7936 = DIRECTION ( 'NONE',  ( 0.000000000000000000, -1.000000000000000000, -3.004629197474320528E-16 ) ) ;
#7937 = EDGE_CURVE ( 'NONE', #1916, #8997, #4540, .T. ) ;
#7938 = VECTOR ( 'NONE', #7050, 999.9999999999998863 ) ;
#7939 = CARTESIAN_POINT ( 'NONE',  ( 37.17386661099703105, 31.11227518966344974, 45.00000000000000000 ) ) ;
#7940 = DIRECTION ( 'NONE',  ( 1.000000000000000000, -0.000000000000000000, -7.709882115452476934E-17 ) ) ;
#7941 = EDGE_CURVE ( 'NONE', #3539, #528, #9396, .T. ) ;
#7942 = VERTEX_POINT ( 'NONE', #4594 ) ;
#7943 = ORIENTED_EDGE ( 'NONE', *, *, #3870, .F. ) ;
#7944 = EDGE_LOOP ( 'NONE', ( #6947, #7610, #5413, #1220 ) ) ;
#7945 = VERTEX_POINT ( 'NONE', #8279 ) ;
#7946 = ADVANCED_FACE ( 'NONE', ( #3788 ), #670, .F. ) ;
#7947 = DIRECTION ( 'NONE',  ( 0.000000000000000000, -0.4999999999999998335, -0.8660254037844387076 ) ) ;
#7948 = VECTOR ( 'NONE', #9909, 1000.000000000000000 ) ;
#7949 = CARTESIAN_POINT ( 'NONE',  ( -45.00000000000000711, 27.88675134594809180, -16.44924440733134574 ) ) ;
#7950 = VECTOR ( 'NONE', #6427, 1000.000000000000114 ) ;
#7951 = VECTOR ( 'NONE', #8515, 1000.000000000000000 ) ;
#7952 = FACE_OUTER_BOUND ( 'NONE', #5760, .T. ) ;
#7953 = DIRECTION ( 'NONE',  ( 3.854941057726236618E-17, -0.8660254037844387076, 0.4999999999999998335 ) ) ;
#7954 = DIRECTION ( 'NONE',  ( 0.8660254037844387076, 0.4999999999999998890, 0.000000000000000000 ) ) ;
#7955 = DIRECTION ( 'NONE',  ( 0.000000000000000000, 1.000000000000000000, 3.004629197474320528E-16 ) ) ;
#7956 = VECTOR ( 'NONE', #2024, 999.9999999999998863 ) ;
#7957 = VERTEX_POINT ( 'NONE', #8983 ) ;
#7958 = CARTESIAN_POINT ( 'NONE',  ( 0.000000000000000000, 19.22649730810374180, -45.00000000000000000 ) ) ;
#7959 = VECTOR ( 'NONE', #9209, 1000.000000000000000 ) ;
#7960 = ORIENTED_EDGE ( 'NONE', *, *, #7406, .T. ) ;
#7961 = LINE ( 'NONE', #4842, #6212 ) ;
#7962 = LINE ( 'NONE', #8666, #5059 ) ;
#7963 = AXIS2_PLACEMENT_3D ( 'NONE', #8006, #2494, #5639 ) ;
#7964 = VERTEX_POINT ( 'NONE', #1308 ) ;
#7965 = ORIENTED_EDGE ( 'NONE', *, *, #7820, .T. ) ;
#7966 = LINE ( 'NONE', #9574, #3786 ) ;
#7967 = FACE_OUTER_BOUND ( 'NONE', #551, .T. ) ;
#7968 = AXIS2_PLACEMENT_3D ( 'NONE', #5482, #2283, #2998 ) ;
#7969 = CARTESIAN_POINT ( 'NONE',  ( 44.99999999999999289, 18.88772481033651118, -37.17386661099703105 ) ) ;
#7970 = VECTOR ( 'NONE', #9190, 999.9999999999998863 ) ;
#7971 = DIRECTION ( 'NONE',  ( 6.009258394948640069E-16, -1.000000000000000000, 0.000000000000000000 ) ) ;
#7972 = DIRECTION ( 'NONE',  ( -0.000000000000000000, -0.000000000000000000, 1.000000000000000000 ) ) ;
#7973 = ORIENTED_EDGE ( 'NONE', *, *, #4000, .T. ) ;
#7974 = DIRECTION ( 'NONE',  ( 0.000000000000000000, 0.5000000000000005551, -0.8660254037844382635 ) ) ;
#7975 = ADVANCED_FACE ( 'NONE', ( #5264 ), #6103, .F. ) ;
#7976 = EDGE_CURVE ( 'NONE', #5836, #3539, #2967, .T. ) ;
#7977 = ORIENTED_EDGE ( 'NONE', *, *, #9567, .T. ) ;
#7978 = EDGE_LOOP ( 'NONE', ( #8813, #6053, #3602, #6865, #3971, #6972 ) ) ;
#7979 = AXIS2_PLACEMENT_3D ( 'NONE', #6853, #3148, #2384 ) ;
#7980 = ORIENTED_EDGE ( 'NONE', *, *, #6605, .F. ) ;
#7981 = FACE_OUTER_BOUND ( 'NONE', #9319, .T. ) ;
#7982 = VECTOR ( 'NONE', #4170, 1000.000000000000114 ) ;
#7983 = DIRECTION ( 'NONE',  ( -0.8660254037844387076, -0.4999999999999998890, 0.000000000000000000 ) ) ;
#7984 = CARTESIAN_POINT ( 'NONE',  ( -15.72462220366567465, 36.88577788155969728, -45.00000000000000000 ) ) ;
#7985 = DIRECTION ( 'NONE',  ( 0.000000000000000000, -1.000000000000000000, 0.000000000000000000 ) ) ;
#7986 = ORIENTED_EDGE ( 'NONE', *, *, #1934, .F. ) ;
#7987 = EDGE_LOOP ( 'NONE', ( #739, #3526, #9568, #7066, #3030, #5978 ) ) ;
#7988 = AXIS2_PLACEMENT_3D ( 'NONE', #6407, #2660, #8767 ) ;
#7989 = ORIENTED_EDGE ( 'NONE', *, *, #4758, .F. ) ;
#7990 = CARTESIAN_POINT ( 'NONE',  ( -40.60000000000000142, 4.999999999999986677, 27.17386661099704881 ) ) ;
#7991 = DIRECTION ( 'NONE',  ( 0.000000000000000000, -0.4999999999999998335, -0.8660254037844387076 ) ) ;
#7992 = VECTOR ( 'NONE', #4070, 1000.000000000000000 ) ;
#7993 = CARTESIAN_POINT ( 'NONE',  ( -27.17386661099703460, 31.11227518966344263, -45.00000000000000000 ) ) ;
#7994 = DIRECTION ( 'NONE',  ( -0.4999999999999998890, 0.8660254037844387076, 0.000000000000000000 ) ) ;
#7995 = ORIENTED_EDGE ( 'NONE', *, *, #3232, .F. ) ;
#7996 = ORIENTED_EDGE ( 'NONE', *, *, #1149, .F. ) ;
#7997 = ORIENTED_EDGE ( 'NONE', *, *, #1267, .T. ) ;
#7998 = LINE ( 'NONE', #5738, #4282 ) ;
#7999 = EDGE_CURVE ( 'NONE', #9235, #2360, #6678, .T. ) ;
#8000 = VECTOR ( 'NONE', #6243, 1000.000000000000114 ) ;
#8001 = EDGE_CURVE ( 'NONE', #4754, #257, #2818, .T. ) ;
#8002 = FACE_OUTER_BOUND ( 'NONE', #4006, .T. ) ;
#8003 = CARTESIAN_POINT ( 'NONE',  ( -23.07420871848709965, 35.35556094242803482, 40.59999999999999432 ) ) ;
#8004 = DIRECTION ( 'NONE',  ( 0.8660254037844388186, -0.4999999999999997224, 0.000000000000000000 ) ) ;
#8005 = DIRECTION ( 'NONE',  ( 0.000000000000000000, 0.000000000000000000, -1.000000000000000000 ) ) ;
#8006 = CARTESIAN_POINT ( 'NONE',  ( -45.00000000000000711, 18.88772481033652539, 27.17386661099704170 ) ) ;
#8007 = ADVANCED_FACE ( 'NONE', ( #6726 ), #7476, .F. ) ;
#8008 = PLANE ( 'NONE',  #2838 ) ;
#8009 = ORIENTED_EDGE ( 'NONE', *, *, #6893, .F. ) ;
#8010 = LINE ( 'NONE', #7958, #4430 ) ;
#8011 = AXIS2_PLACEMENT_3D ( 'NONE', #282, #9405, #5582 ) ;
#8012 = ORIENTED_EDGE ( 'NONE', *, *, #7395, .T. ) ;
#8013 = DIRECTION ( 'NONE',  ( -1.000000000000000000, 0.000000000000000000, -0.000000000000000000 ) ) ;
#8014 = ORIENTED_EDGE ( 'NONE', *, *, #1249, .T. ) ;
#8015 = VERTEX_POINT ( 'NONE', #9271 ) ;
#8016 = FACE_OUTER_BOUND ( 'NONE', #3302, .T. ) ;
#8017 = EDGE_CURVE ( 'NONE', #7875, #1081, #2355, .T. ) ;
#8018 = PLANE ( 'NONE',  #9590 ) ;
#8019 = ADVANCED_FACE ( 'NONE', ( #3268, #1552 ), #2401, .T. ) ;
#8020 = ADVANCED_FACE ( 'NONE', ( #3058 ), #3991, .T. ) ;
#8021 = CARTESIAN_POINT ( 'NONE',  ( 40.59999999999999432, 4.999999999999984013, 4.999999999999997335 ) ) ;
#8022 = CARTESIAN_POINT ( 'NONE',  ( -45.00000000000000711, 28.22552384371527623, 32.17386661099703815 ) ) ;
#8023 = DIRECTION ( 'NONE',  ( -0.000000000000000000, -0.000000000000000000, 1.000000000000000000 ) ) ;
#8024 = FACE_OUTER_BOUND ( 'NONE', #225, .T. ) ;
#8025 = VERTEX_POINT ( 'NONE', #771 ) ;
#8026 = DIRECTION ( 'NONE',  ( 0.000000000000000000, 0.000000000000000000, -1.000000000000000000 ) ) ;
#8027 = ORIENTED_EDGE ( 'NONE', *, *, #8916, .T. ) ;
#8028 = ORIENTED_EDGE ( 'NONE', *, *, #6743, .F. ) ;
#8029 = ORIENTED_EDGE ( 'NONE', *, *, #5783, .T. ) ;
#8030 = EDGE_CURVE ( 'NONE', #312, #9116, #6144, .T. ) ;
#8031 = CARTESIAN_POINT ( 'NONE',  ( -45.00000000000000711, 13.11422211844027252, -37.17386661099702394 ) ) ;
#8032 = CARTESIAN_POINT ( 'NONE',  ( -40.60000000000000142, 21.77447615628465272, -10.72462220366566577 ) ) ;
#8033 = DIRECTION ( 'NONE',  ( 0.000000000000000000, 1.000000000000000000, 3.004629197474320528E-16 ) ) ;
#8034 = DIRECTION ( 'NONE',  ( -0.000000000000000000, -0.000000000000000000, 1.000000000000000000 ) ) ;
#8035 = ORIENTED_EDGE ( 'NONE', *, *, #3496, .F. ) ;
#8036 = ORIENTED_EDGE ( 'NONE', *, *, #2204, .T. ) ;
#8037 = EDGE_LOOP ( 'NONE', ( #2496, #1438, #1464, #7245, #2548, #9327 ) ) ;
#8038 = PLANE ( 'NONE',  #3133 ) ;
#8039 = EDGE_CURVE ( 'NONE', #5088, #5504, #2451, .T. ) ;
#8040 = CARTESIAN_POINT ( 'NONE',  ( -10.72462220366567820, 39.77252922750782460, -45.00000000000000000 ) ) ;
#8041 = DIRECTION ( 'NONE',  ( 0.8660254037844383745, 0.5000000000000003331, 0.000000000000000000 ) ) ;
#8042 = CARTESIAN_POINT ( 'NONE',  ( 15.72462220366567465, 13.11422211844031160, 45.00000000000000000 ) ) ;
#8043 = LINE ( 'NONE', #5671, #2284 ) ;
#8044 = CARTESIAN_POINT ( 'NONE',  ( 10.72462220366567820, 39.77252922750782460, -45.00000000000000000 ) ) ;
#8045 = ORIENTED_EDGE ( 'NONE', *, *, #3874, .F. ) ;
#8046 = ORIENTED_EDGE ( 'NONE', *, *, #5668, .F. ) ;
#8047 = ORIENTED_EDGE ( 'NONE', *, *, #4360, .F. ) ;
#8048 = ORIENTED_EDGE ( 'NONE', *, *, #597, .T. ) ;
#8049 = LINE ( 'NONE', #8244, #5883 ) ;
#8050 = DIRECTION ( 'NONE',  ( 7.709882115452476934E-17, -3.004629197474320528E-16, 1.000000000000000000 ) ) ;
#8051 = DIRECTION ( 'NONE',  ( 0.5000000000000004441, -0.8660254037844384856, 0.000000000000000000 ) ) ;
#8052 = CARTESIAN_POINT ( 'NONE',  ( -45.00000000000000711, 30.77350269189624399, 1.593059013371397998E-14 ) ) ;
#8053 = DIRECTION ( 'NONE',  ( -0.000000000000000000, -0.000000000000000000, 1.000000000000000000 ) ) ;
#8054 = CARTESIAN_POINT ( 'NONE',  ( -45.00000000000000711, 39.77252922750778907, -10.72462220366566577 ) ) ;
#8055 = ADVANCED_FACE ( 'NONE', ( #885 ), #3878, .F. ) ;
#8056 = ORIENTED_EDGE ( 'NONE', *, *, #3291, .F. ) ;
#8057 = CARTESIAN_POINT ( 'NONE',  ( -10.72462220366567820, 39.77252922750782460, -45.00000000000000000 ) ) ;
#8058 = EDGE_LOOP ( 'NONE', ( #2108, #7409, #3654, #1440, #3628, #4515 ) ) ;
#8059 = DIRECTION ( 'NONE',  ( 0.000000000000000000, 0.5000000000000002220, 0.8660254037844384856 ) ) ;
#8060 = FACE_BOUND ( 'NONE', #5455, .T. ) ;
#8061 = VERTEX_POINT ( 'NONE', #7821 ) ;
#8062 = ORIENTED_EDGE ( 'NONE', *, *, #1572, .F. ) ;
#8063 = CARTESIAN_POINT ( 'NONE',  ( 37.17386661099703105, 31.11227518966344974, 45.00000000000000000 ) ) ;
#8064 = CARTESIAN_POINT ( 'NONE',  ( 27.17386661099703460, 36.88577788155969728, -45.00000000000000000 ) ) ;
#8065 = DIRECTION ( 'NONE',  ( 0.000000000000000000, 1.000000000000000000, 1.502314598737162976E-16 ) ) ;
#8066 = DIRECTION ( 'NONE',  ( -0.000000000000000000, -0.000000000000000000, 1.000000000000000000 ) ) ;
#8067 = DIRECTION ( 'NONE',  ( -0.4999999999999997780, -0.8660254037844388186, 0.000000000000000000 ) ) ;
#8068 = ADVANCED_FACE ( 'NONE', ( #9213 ), #3112, .F. ) ;
#8069 = VERTEX_POINT ( 'NONE', #6363 ) ;
#8070 = PLANE ( 'NONE',  #6506 ) ;
#8071 = EDGE_LOOP ( 'NONE', ( #5652, #3909, #3260, #7495 ) ) ;
#8072 = VERTEX_POINT ( 'NONE', #8467 ) ;
#8073 = ORIENTED_EDGE ( 'NONE', *, *, #3753, .T. ) ;
#8074 = EDGE_CURVE ( 'NONE', #4820, #3540, #6202, .T. ) ;
#8075 = CARTESIAN_POINT ( 'NONE',  ( -45.00000000000000711, 21.77447615628465982, 32.17386661099704526 ) ) ;
#8076 = CARTESIAN_POINT ( 'NONE',  ( -45.00000000000000711, 10.22747077249213810, -32.17386661099702394 ) ) ;
#8077 = DIRECTION ( 'NONE',  ( 0.000000000000000000, -0.5000000000000002220, -0.8660254037844384856 ) ) ;
#8078 = VERTEX_POINT ( 'NONE', #5558 ) ;
#8079 = ORIENTED_EDGE ( 'NONE', *, *, #2871, .F. ) ;
#8080 = PLANE ( 'NONE',  #1844 ) ;
#8081 = VECTOR ( 'NONE', #5527, 1000.000000000000000 ) ;
#8082 = FACE_OUTER_BOUND ( 'NONE', #3661, .T. ) ;
#8083 = ADVANCED_FACE ( 'NONE', ( #5451 ), #6920, .F. ) ;
#8084 = FACE_OUTER_BOUND ( 'NONE', #9755, .T. ) ;
#8085 = LINE ( 'NONE', #6690, #8646 ) ;
#8086 = DIRECTION ( 'NONE',  ( 0.8660254037844384856, 0.5000000000000004441, 0.000000000000000000 ) ) ;
#8087 = LINE ( 'NONE', #2632, #335 ) ;
#8088 = VECTOR ( 'NONE', #3483, 1000.000000000000114 ) ;
#8089 = EDGE_CURVE ( 'NONE', #9583, #6414, #7024, .T. ) ;
#8090 = VERTEX_POINT ( 'NONE', #7761 ) ;
#8091 = ORIENTED_EDGE ( 'NONE', *, *, #5656, .F. ) ;
#8092 = VERTEX_POINT ( 'NONE', #7119 ) ;
#8093 = ORIENTED_EDGE ( 'NONE', *, *, #6101, .F. ) ;
#8094 = DIRECTION ( 'NONE',  ( 0.000000000000000000, -0.4999999999999998335, -0.8660254037844387076 ) ) ;
#8095 = DIRECTION ( 'NONE',  ( -0.8660254037844387076, 0.4999999999999998890, 0.000000000000000000 ) ) ;
#8096 = AXIS2_PLACEMENT_3D ( 'NONE', #2173, #630, #5031 ) ;
#8097 = CARTESIAN_POINT ( 'NONE',  ( -15.72462220366567465, 13.11422211844029739, 45.00000000000000000 ) ) ;
#8098 = DIRECTION ( 'NONE',  ( 0.000000000000000000, -0.4999999999999998335, -0.8660254037844387076 ) ) ;
#8099 = CARTESIAN_POINT ( 'NONE',  ( -12.71189761665426587, 53.30361025463752611, -40.59999999999999432 ) ) ;
#8100 = CARTESIAN_POINT ( 'NONE',  ( -40.60000000000000142, 28.22552384371527623, -10.72462220366567287 ) ) ;
#8101 = DIRECTION ( 'NONE',  ( -7.709882115452476934E-17, 1.502314598737162976E-16, -1.000000000000000000 ) ) ;
#8102 = VERTEX_POINT ( 'NONE', #9435 ) ;
#8103 = PLANE ( 'NONE',  #1203 ) ;
#8104 = ORIENTED_EDGE ( 'NONE', *, *, #884, .F. ) ;
#8105 = CARTESIAN_POINT ( 'NONE',  ( -32.17386661099703105, 28.22552384371531176, 45.00000000000000000 ) ) ;
#8106 = CARTESIAN_POINT ( 'NONE',  ( -40.60000000000000142, 4.999999999999997335, -40.59999999999999432 ) ) ;
#8107 = ORIENTED_EDGE ( 'NONE', *, *, #1815, .F. ) ;
#8108 = VECTOR ( 'NONE', #7693, 1000.000000000000000 ) ;
#8109 = ORIENTED_EDGE ( 'NONE', *, *, #9787, .F. ) ;
#8110 = VECTOR ( 'NONE', #1315, 1000.000000000000000 ) ;
#8111 = VECTOR ( 'NONE', #7974, 1000.000000000000227 ) ;
#8112 = VECTOR ( 'NONE', #4804, 1000.000000000000000 ) ;
#8113 = FACE_OUTER_BOUND ( 'NONE', #3442, .T. ) ;
#8114 = CARTESIAN_POINT ( 'NONE',  ( -16.44924440733135640, 27.88675134594812377, -45.00000000000000000 ) ) ;
#8115 = CARTESIAN_POINT ( 'NONE',  ( 5.724622203665681752, 31.11227518966344263, 45.00000000000000000 ) ) ;
#8116 = CARTESIAN_POINT ( 'NONE',  ( -5.724622203665678200, 31.11227518966344974, -45.00000000000000000 ) ) ;
#8117 = VECTOR ( 'NONE', #10001, 1000.000000000000114 ) ;
#8118 = EDGE_CURVE ( 'NONE', #6751, #6782, #3168, .T. ) ;
#8119 = DIRECTION ( 'NONE',  ( 0.000000000000000000, -0.5000000000000006661, 0.8660254037844382635 ) ) ;
#8120 = AXIS2_PLACEMENT_3D ( 'NONE', #6559, #2699, #5690 ) ;
#8121 = VECTOR ( 'NONE', #3775, 1000.000000000000114 ) ;
#8122 = ORIENTED_EDGE ( 'NONE', *, *, #6728, .F. ) ;
#8123 = LINE ( 'NONE', #1096, #1170 ) ;
#8124 = ORIENTED_EDGE ( 'NONE', *, *, #6963, .F. ) ;
#8125 = EDGE_LOOP ( 'NONE', ( #1540, #2487, #4704, #930 ) ) ;
#8126 = ORIENTED_EDGE ( 'NONE', *, *, #5628, .T. ) ;
#8127 = ORIENTED_EDGE ( 'NONE', *, *, #4244, .T. ) ;
#8128 = VECTOR ( 'NONE', #2174, 1000.000000000000000 ) ;
#8129 = CARTESIAN_POINT ( 'NONE',  ( -37.17386661099703105, 31.11227518966343553, -45.00000000000000000 ) ) ;
#8130 = VECTOR ( 'NONE', #8538, 1000.000000000000114 ) ;
#8131 = EDGE_CURVE ( 'NONE', #4610, #690, #6255, .T. ) ;
#8132 = ADVANCED_FACE ( 'NONE', ( #8564 ), #1650, .F. ) ;
#8133 = DIRECTION ( 'NONE',  ( 0.000000000000000000, -0.5000000000000006661, 0.8660254037844381525 ) ) ;
#8134 = VECTOR ( 'NONE', #9128, 1000.000000000000000 ) ;
#8135 = LINE ( 'NONE', #1218, #9551 ) ;
#8136 = CARTESIAN_POINT ( 'NONE',  ( -37.17386661099703105, 18.88772481033655382, -45.00000000000000000 ) ) ;
#8137 = AXIS2_PLACEMENT_3D ( 'NONE', #9933, #9267, #4591 ) ;
#8138 = EDGE_CURVE ( 'NONE', #1836, #8854, #9981, .T. ) ;
#8139 = EDGE_LOOP ( 'NONE', ( #9483, #7862, #526, #7363 ) ) ;
#8140 = ORIENTED_EDGE ( 'NONE', *, *, #5918, .F. ) ;
#8141 = DIRECTION ( 'NONE',  ( 1.000000000000000000, -0.000000000000000000, -7.709882115452476934E-17 ) ) ;
#8142 = VECTOR ( 'NONE', #9999, 1000.000000000000227 ) ;
#8143 = DIRECTION ( 'NONE',  ( 1.000000000000000000, 0.000000000000000000, 0.000000000000000000 ) ) ;
#8144 = EDGE_CURVE ( 'NONE', #4985, #4933, #3484, .T. ) ;
#8145 = LINE ( 'NONE', #3503, #2468 ) ;
#8146 = DIRECTION ( 'NONE',  ( 0.8660254037844388186, -0.4999999999999997224, 0.000000000000000000 ) ) ;
#8147 = DIRECTION ( 'NONE',  ( -0.000000000000000000, -0.000000000000000000, 1.000000000000000000 ) ) ;
#8148 = ADVANCED_FACE ( 'NONE', ( #4188 ), #5650, .F. ) ;
#8149 = CARTESIAN_POINT ( 'NONE',  ( -40.60000000000000142, 45.00000000000000000, -40.59999999999999432 ) ) ;
#8150 = VECTOR ( 'NONE', #2091, 1000.000000000000114 ) ;
#8151 = ORIENTED_EDGE ( 'NONE', *, *, #2627, .F. ) ;
#8152 = ORIENTED_EDGE ( 'NONE', *, *, #5357, .T. ) ;
#8153 = ORIENTED_EDGE ( 'NONE', *, *, #3556, .F. ) ;
#8154 = DIRECTION ( 'NONE',  ( 0.000000000000000000, 0.5000000000000002220, 0.8660254037844384856 ) ) ;
#8155 = VECTOR ( 'NONE', #1998, 1000.000000000000000 ) ;
#8156 = ADVANCED_FACE ( 'NONE', ( #6410 ), #3325, .F. ) ;
#8157 = ADVANCED_FACE ( 'NONE', ( #4958 ), #9676, .F. ) ;
#8158 = CARTESIAN_POINT ( 'NONE',  ( 45.00000000000000000, 18.88772481033650763, -15.72462220366568175 ) ) ;
#8159 = CARTESIAN_POINT ( 'NONE',  ( -45.00000000000000711, 36.88577788155966175, -27.17386661099701328 ) ) ;
#8160 = ADVANCED_FACE ( 'NONE', ( #3369 ), #5052, .F. ) ;
#8161 = DIRECTION ( 'NONE',  ( 7.709882115452476934E-17, -0.000000000000000000, 1.000000000000000000 ) ) ;
#8162 = DIRECTION ( 'NONE',  ( 0.8660254037844388186, -0.4999999999999997780, 0.000000000000000000 ) ) ;
#8163 = ORIENTED_EDGE ( 'NONE', *, *, #6566, .F. ) ;
#8164 = ORIENTED_EDGE ( 'NONE', *, *, #497, .F. ) ;
#8165 = PLANE ( 'NONE',  #7830 ) ;
#8166 = DIRECTION ( 'NONE',  ( 0.000000000000000000, 1.000000000000000000, 3.004629197474320528E-16 ) ) ;
#8167 = VECTOR ( 'NONE', #7656, 999.9999999999998863 ) ;
#8168 = ORIENTED_EDGE ( 'NONE', *, *, #9376, .F. ) ;
#8169 = VERTEX_POINT ( 'NONE', #980 ) ;
#8170 = CARTESIAN_POINT ( 'NONE',  ( 32.17386661099703105, 39.77252922750782460, 45.00000000000000000 ) ) ;
#8171 = CARTESIAN_POINT ( 'NONE',  ( -5.724622203665678200, 36.88577788155969728, -45.00000000000000000 ) ) ;
#8172 = DIRECTION ( 'NONE',  ( 0.9191450300180579180, 0.000000000000000000, -0.3939192985791677426 ) ) ;
#8173 = FACE_OUTER_BOUND ( 'NONE', #2123, .T. ) ;
#8174 = VECTOR ( 'NONE', #9900, 999.9999999999998863 ) ;
#8175 = PLANE ( 'NONE',  #5066 ) ;
#8176 = DIRECTION ( 'NONE',  ( 1.000000000000000000, -0.000000000000000000, -7.709882115452476934E-17 ) ) ;
#8177 = CARTESIAN_POINT ( 'NONE',  ( 40.59999999999997300, 13.11422211844027252, 37.17386661099703815 ) ) ;
#8178 = VERTEX_POINT ( 'NONE', #1801 ) ;
#8179 = CARTESIAN_POINT ( 'NONE',  ( -40.60000000000000142, 53.93115149115826057, -12.34958651482137171 ) ) ;
#8180 = ORIENTED_EDGE ( 'NONE', *, *, #3630, .F. ) ;
#8181 = VERTEX_POINT ( 'NONE', #264 ) ;
#8182 = VERTEX_POINT ( 'NONE', #9480 ) ;
#8183 = ORIENTED_EDGE ( 'NONE', *, *, #1828, .F. ) ;
#8184 = AXIS2_PLACEMENT_3D ( 'NONE', #3419, #9301, #6281 ) ;
#8185 = PLANE ( 'NONE',  #730 ) ;
#8186 = LINE ( 'NONE', #6055, #1152 ) ;
#8187 = CARTESIAN_POINT ( 'NONE',  ( -5.724622203665679976, 4.999999999999997335, 40.59999999999999432 ) ) ;
#8188 = CARTESIAN_POINT ( 'NONE',  ( -40.60000000000000142, 10.22747077249213810, -10.72462220366567287 ) ) ;
#8189 = ORIENTED_EDGE ( 'NONE', *, *, #4548, .F. ) ;
#8190 = ORIENTED_EDGE ( 'NONE', *, *, #8642, .T. ) ;
#8191 = EDGE_CURVE ( 'NONE', #6782, #7436, #1857, .T. ) ;
#8192 = CARTESIAN_POINT ( 'NONE',  ( 15.72462220366567465, 36.88577788155969017, -40.59999999999999432 ) ) ;
#8193 = APPLICATION_PROTOCOL_DEFINITION ( 'draft international standard', 'automotive_design', 1998, #1122 ) ;
#8194 = PLANE ( 'NONE',  #6182 ) ;
#8195 = LINE ( 'NONE', #1317, #8329 ) ;
#8196 = CARTESIAN_POINT ( 'NONE',  ( 40.59999999999997300, 19.22649730810372759, 2.892550565430912048E-15 ) ) ;
#8197 = LINE ( 'NONE', #1274, #7464 ) ;
#8198 = EDGE_CURVE ( 'NONE', #8182, #1803, #5847, .T. ) ;
#8199 = ORIENTED_EDGE ( 'NONE', *, *, #9787, .T. ) ;
#8200 = ORIENTED_EDGE ( 'NONE', *, *, #8956, .T. ) ;
#8201 = EDGE_CURVE ( 'NONE', #902, #2200, #4235, .T. ) ;
#8202 = EDGE_CURVE ( 'NONE', #1833, #7076, #423, .T. ) ;
#8203 = ORIENTED_EDGE ( 'NONE', *, *, #1819, .T. ) ;
#8204 = DIRECTION ( 'NONE',  ( 0.000000000000000000, -1.000000000000000000, -3.004629197474320528E-16 ) ) ;
#8205 = FACE_OUTER_BOUND ( 'NONE', #232, .T. ) ;
#8206 = CARTESIAN_POINT ( 'NONE',  ( 32.17386661099703105, 28.22552384371531886, -45.00000000000000000 ) ) ;
#8207 = CARTESIAN_POINT ( 'NONE',  ( -45.00000000000000711, 36.88577788155966175, 37.17386661099704526 ) ) ;
#8208 = CARTESIAN_POINT ( 'NONE',  ( -45.00000000000000711, 13.11422211844027963, 27.17386661099704170 ) ) ;
#8209 = VERTEX_POINT ( 'NONE', #1910 ) ;
#8210 = ORIENTED_EDGE ( 'NONE', *, *, #2562, .T. ) ;
#8211 = FACE_BOUND ( 'NONE', #7978, .T. ) ;
#8212 = ORIENTED_EDGE ( 'NONE', *, *, #4661, .T. ) ;
#8213 = ORIENTED_EDGE ( 'NONE', *, *, #7566, .F. ) ;
#8214 = DIRECTION ( 'NONE',  ( 0.000000000000000000, -0.5000000000000006661, 0.8660254037844382635 ) ) ;
#8215 = DIRECTION ( 'NONE',  ( 0.000000000000000000, 0.000000000000000000, -1.000000000000000000 ) ) ;
#8216 = CARTESIAN_POINT ( 'NONE',  ( -40.60000000000000142, 39.77252922750778907, -10.72462220366566577 ) ) ;
#8217 = DIRECTION ( 'NONE',  ( 0.000000000000000000, -1.000000000000000000, 0.000000000000000000 ) ) ;
#8218 = PLANE ( 'NONE',  #8472 ) ;
#8219 = DIRECTION ( 'NONE',  ( -0.4999999999999997780, -0.8660254037844388186, 0.000000000000000000 ) ) ;
#8220 = DIRECTION ( 'NONE',  ( -0.000000000000000000, -0.000000000000000000, 1.000000000000000000 ) ) ;
#8221 = ORIENTED_EDGE ( 'NONE', *, *, #7227, .F. ) ;
#8222 = PLANE ( 'NONE',  #8269 ) ;
#8223 = ORIENTED_EDGE ( 'NONE', *, *, #5973, .F. ) ;
#8224 = ORIENTED_EDGE ( 'NONE', *, *, #8201, .T. ) ;
#8225 = ORIENTED_EDGE ( 'NONE', *, *, #949, .T. ) ;
#8226 = EDGE_CURVE ( 'NONE', #5364, #6751, #1140, .T. ) ;
#8227 = ORIENTED_EDGE ( 'NONE', *, *, #639, .T. ) ;
#8228 = ADVANCED_FACE ( 'NONE', ( #1039 ), #6621, .F. ) ;
#8229 = CARTESIAN_POINT ( 'NONE',  ( 40.59999999999999432, 4.999999999999990230, -16.44924440733135995 ) ) ;
#8230 = LINE ( 'NONE', #4396, #2916 ) ;
#8231 = CARTESIAN_POINT ( 'NONE',  ( 45.00000000000000711, 36.88577788155966175, 37.17386661099703815 ) ) ;
#8232 = CARTESIAN_POINT ( 'NONE',  ( 45.00000000000000711, 28.22552384371527623, 10.72462220366567642 ) ) ;
#8233 = ORIENTED_EDGE ( 'NONE', *, *, #9358, .F. ) ;
#8234 = ORIENTED_EDGE ( 'NONE', *, *, #454, .F. ) ;
#8235 = DIRECTION ( 'NONE',  ( 0.000000000000000000, -0.5000000000000002220, -0.8660254037844384856 ) ) ;
#8236 = DIRECTION ( 'NONE',  ( -0.4999999999999998890, 0.8660254037844387076, 0.000000000000000000 ) ) ;
#8237 = EDGE_CURVE ( 'NONE', #1746, #4587, #2755, .T. ) ;
#8238 = CARTESIAN_POINT ( 'NONE',  ( -30.86759430765699008, 21.85702113901067278, -40.59999999999999432 ) ) ;
#8239 = CARTESIAN_POINT ( 'NONE',  ( -45.00000000000000711, 39.77252922750778907, -10.72462220366566577 ) ) ;
#8240 = DIRECTION ( 'NONE',  ( 3.854941057726244014E-17, 0.8660254037844382635, 0.5000000000000007772 ) ) ;
#8241 = ORIENTED_EDGE ( 'NONE', *, *, #4199, .T. ) ;
#8242 = VERTEX_POINT ( 'NONE', #5759 ) ;
#8243 = ORIENTED_EDGE ( 'NONE', *, *, #9846, .F. ) ;
#8244 = CARTESIAN_POINT ( 'NONE',  ( 21.44924440733135640, 19.22649730810374891, -45.00000000000000000 ) ) ;
#8245 = EDGE_CURVE ( 'NONE', #947, #1303, #5005, .T. ) ;
#8246 = EDGE_CURVE ( 'NONE', #8975, #718, #4087, .T. ) ;
#8247 = LINE ( 'NONE', #1330, #2461 ) ;
#8248 = VECTOR ( 'NONE', #262, 1000.000000000000114 ) ;
#8249 = LINE ( 'NONE', #9707, #6838 ) ;
#8250 = DIRECTION ( 'NONE',  ( -0.000000000000000000, -0.000000000000000000, 1.000000000000000000 ) ) ;
#8251 = ORIENTED_EDGE ( 'NONE', *, *, #90, .T. ) ;
#8252 = EDGE_CURVE ( 'NONE', #1581, #3346, #4849, .T. ) ;
#8253 = EDGE_CURVE ( 'NONE', #7708, #3274, #220, .T. ) ;
#8254 = ORIENTED_EDGE ( 'NONE', *, *, #1705, .F. ) ;
#8255 = DIRECTION ( 'NONE',  ( 0.000000000000000000, 1.000000000000000000, 3.004629197474320528E-16 ) ) ;
#8256 = ORIENTED_EDGE ( 'NONE', *, *, #4653, .T. ) ;
#8257 = ORIENTED_EDGE ( 'NONE', *, *, #1001, .F. ) ;
#8258 = PLANE ( 'NONE',  #4427 ) ;
#8259 = AXIS2_PLACEMENT_3D ( 'NONE', #6067, #7358, #3741 ) ;
#8260 = CARTESIAN_POINT ( 'NONE',  ( -40.60000000000000142, 4.999999999999974243, 37.17386661099703105 ) ) ;
#8261 = PLANE ( 'NONE',  #2445 ) ;
#8262 = CARTESIAN_POINT ( 'NONE',  ( -45.00000000000000711, 22.11324865405186202, -4.999999999999992006 ) ) ;
#8263 = ADVANCED_FACE ( 'NONE', ( #2199 ), #6800, .F. ) ;
#8264 = CARTESIAN_POINT ( 'NONE',  ( -17.08051390828824978, 2.499999999999988454, 32.63686309439229660 ) ) ;
#8265 = ORIENTED_EDGE ( 'NONE', *, *, #8821, .T. ) ;
#8266 = DIRECTION ( 'NONE',  ( -0.000000000000000000, -0.000000000000000000, 1.000000000000000000 ) ) ;
#8267 = VECTOR ( 'NONE', #1425, 1000.000000000000000 ) ;
#8268 = AXIS2_PLACEMENT_3D ( 'NONE', #8523, #894, #8573 ) ;
#8269 = AXIS2_PLACEMENT_3D ( 'NONE', #9161, #2244, #7560 ) ;
#8270 = VERTEX_POINT ( 'NONE', #1347 ) ;
#8271 = DIRECTION ( 'NONE',  ( 0.000000000000000000, -0.5000000000000006661, 0.8660254037844381525 ) ) ;
#8272 = ORIENTED_EDGE ( 'NONE', *, *, #5448, .T. ) ;
#8273 = VERTEX_POINT ( 'NONE', #9869 ) ;
#8274 = DIRECTION ( 'NONE',  ( -0.4999999999999998890, 0.8660254037844387076, 0.000000000000000000 ) ) ;
#8275 = VECTOR ( 'NONE', #5233, 1000.000000000000000 ) ;
#8276 =( GEOMETRIC_REPRESENTATION_CONTEXT ( 3 ) GLOBAL_UNCERTAINTY_ASSIGNED_CONTEXT ( ( #5467 ) ) GLOBAL_UNIT_ASSIGNED_CONTEXT ( ( #1163, #4977, #8886 ) ) REPRESENTATION_CONTEXT ( 'NONE', 'WORKASPACE' ) );
#8277 = LINE ( 'NONE', #9126, #6480 ) ;
#8278 = VECTOR ( 'NONE', #2545, 1000.000000000000000 ) ;
#8279 = CARTESIAN_POINT ( 'NONE',  ( -40.60000000000000142, 36.88577788155965465, -37.17386661099702394 ) ) ;
#8280 = EDGE_CURVE ( 'NONE', #3272, #2792, #611, .T. ) ;
#8281 = DIRECTION ( 'NONE',  ( 0.7071067811865474617, 0.000000000000000000, -0.7071067811865476838 ) ) ;
#8282 = CARTESIAN_POINT ( 'NONE',  ( -10.83278071092711947, 10.00000000000000000, 10.04494211376878177 ) ) ;
#8283 = ORIENTED_EDGE ( 'NONE', *, *, #1730, .F. ) ;
#8284 = ORIENTED_EDGE ( 'NONE', *, *, #5300, .T. ) ;
#8285 = VECTOR ( 'NONE', #8033, 1000.000000000000000 ) ;
#8286 = VECTOR ( 'NONE', #2922, 1000.000000000000000 ) ;
#8287 = CARTESIAN_POINT ( 'NONE',  ( -45.00000000000000711, 27.88675134594809180, 26.44924440733136350 ) ) ;
#8288 = CARTESIAN_POINT ( 'NONE',  ( -45.00000000000000711, 28.22552384371527623, 32.17386661099703815 ) ) ;
#8289 = VECTOR ( 'NONE', #2003, 1000.000000000000000 ) ;
#8290 = DIRECTION ( 'NONE',  ( 0.5000000000000004441, -0.8660254037844384856, 0.000000000000000000 ) ) ;
#8291 = VECTOR ( 'NONE', #3070, 1000.000000000000114 ) ;
#8292 = DIRECTION ( 'NONE',  ( 0.000000000000000000, -1.000000000000000000, -3.004629197474320528E-16 ) ) ;
#8293 = CARTESIAN_POINT ( 'NONE',  ( -4.336808689942017736E-16, 30.77350269189625109, -45.00000000000000000 ) ) ;
#8294 = LINE ( 'NONE', #3506, #2955 ) ;
#8295 = ORIENTED_EDGE ( 'NONE', *, *, #624, .T. ) ;
#8296 = ORIENTED_EDGE ( 'NONE', *, *, #600, .T. ) ;
#8297 = AXIS2_PLACEMENT_3D ( 'NONE', #7934, #1672, #3959 ) ;
#8298 = VERTEX_POINT ( 'NONE', #2805 ) ;
#8299 = DIRECTION ( 'NONE',  ( 0.8660254037844387076, -0.4999999999999998890, 0.000000000000000000 ) ) ;
#8300 = CARTESIAN_POINT ( 'NONE',  ( -37.17386661099703105, 18.88772481033655382, 45.00000000000000000 ) ) ;
#8301 = LINE ( 'NONE', #8159, #5122 ) ;
#8302 = VECTOR ( 'NONE', #5130, 1000.000000000000114 ) ;
#8303 = CARTESIAN_POINT ( 'NONE',  ( -19.28974596215562798, 41.91044271574629221, -40.59999999999999432 ) ) ;
#8304 = DIRECTION ( 'NONE',  ( 0.000000000000000000, 0.5000000000000007772, -0.8660254037844382635 ) ) ;
#8305 = EDGE_LOOP ( 'NONE', ( #7242, #7423, #3371, #9572 ) ) ;
#8306 = LINE ( 'NONE', #6082, #8893 ) ;
#8307 = ADVANCED_FACE ( 'NONE', ( #3719 ), #470, .F. ) ;
#8308 = VERTEX_POINT ( 'NONE', #520 ) ;
#8309 = EDGE_CURVE ( 'NONE', #8687, #6615, #5897, .T. ) ;
#8310 = ORIENTED_EDGE ( 'NONE', *, *, #9796, .T. ) ;
#8311 = DIRECTION ( 'NONE',  ( 1.000000000000000000, -0.000000000000000000, 0.000000000000000000 ) ) ;
#8312 = VECTOR ( 'NONE', #3043, 1000.000000000000000 ) ;
#8313 = EDGE_CURVE ( 'NONE', #3336, #9767, #8362, .T. ) ;
#8314 = DIRECTION ( 'NONE',  ( 0.000000000000000000, 1.000000000000000000, 1.502314598737162729E-16 ) ) ;
#8315 = EDGE_CURVE ( 'NONE', #594, #8333, #8318, .T. ) ;
#8316 = CARTESIAN_POINT ( 'NONE',  ( -5.724622203665679976, 4.999999999999997335, -40.59999999999999432 ) ) ;
#8317 = DIRECTION ( 'NONE',  ( 0.000000000000000000, -0.4999999999999998335, -0.8660254037844387076 ) ) ;
#8318 = LINE ( 'NONE', #9822, #350 ) ;
#8319 = ORIENTED_EDGE ( 'NONE', *, *, #4548, .T. ) ;
#8320 = CARTESIAN_POINT ( 'NONE',  ( 37.17386661099703105, 13.11422211844031160, 40.59999999999996589 ) ) ;
#8321 = VECTOR ( 'NONE', #4487, 1000.000000000000114 ) ;
#8322 = ORIENTED_EDGE ( 'NONE', *, *, #480, .T. ) ;
#8323 = DIRECTION ( 'NONE',  ( -0.4999999999999998890, 0.8660254037844387076, 0.000000000000000000 ) ) ;
#8324 = EDGE_CURVE ( 'NONE', #6307, #3327, #8971, .T. ) ;
#8325 = ORIENTED_EDGE ( 'NONE', *, *, #5786, .T. ) ;
#8326 = VERTEX_POINT ( 'NONE', #5253 ) ;
#8327 = EDGE_CURVE ( 'NONE', #462, #9604, #9015, .T. ) ;
#8328 = ADVANCED_FACE ( 'NONE', ( #9723 ), #5943, .F. ) ;
#8329 = VECTOR ( 'NONE', #1165, 1000.000000000000000 ) ;
#8330 = CARTESIAN_POINT ( 'NONE',  ( -32.17386661099703105, 10.22747077249217362, -45.00000000000000000 ) ) ;
#8331 = DIRECTION ( 'NONE',  ( 1.000000000000000000, -0.000000000000000000, -7.709882115452476934E-17 ) ) ;
#8332 = CARTESIAN_POINT ( 'NONE',  ( -45.00000000000000711, 39.77252922750778907, -10.72462220366566577 ) ) ;
#8333 = VERTEX_POINT ( 'NONE', #2093 ) ;
#8334 = ORIENTED_EDGE ( 'NONE', *, *, #6868, .F. ) ;
#8335 = VECTOR ( 'NONE', #2714, 1000.000000000000000 ) ;
#8336 = EDGE_CURVE ( 'NONE', #4403, #4063, #7416, .T. ) ;
#8337 = CARTESIAN_POINT ( 'NONE',  ( -40.60000000000000142, 36.88577788155966175, 37.17386661099704526 ) ) ;
#8338 = PLANE ( 'NONE',  #6797 ) ;
#8339 = LINE ( 'NONE', #5219, #7132 ) ;
#8340 = LINE ( 'NONE', #546, #4582 ) ;
#8341 = DIRECTION ( 'NONE',  ( -0.4999999999999997780, -0.8660254037844388186, 0.000000000000000000 ) ) ;
#8342 = CARTESIAN_POINT ( 'NONE',  ( -43.00000000000000000, 45.00000000000000000, 45.00000000000000000 ) ) ;
#8343 = EDGE_LOOP ( 'NONE', ( #7145, #593, #9185, #2702 ) ) ;
#8344 = ORIENTED_EDGE ( 'NONE', *, *, #9318, .T. ) ;
#8345 = EDGE_CURVE ( 'NONE', #3328, #2360, #4530, .T. ) ;
#8346 = ORIENTED_EDGE ( 'NONE', *, *, #8552, .F. ) ;
#8347 = ADVANCED_FACE ( 'NONE', ( #6045 ), #2899, .F. ) ;
#8348 = PLANE ( 'NONE',  #7178 ) ;
#8349 = CARTESIAN_POINT ( 'NONE',  ( -16.44924440733135640, 27.88675134594812732, -40.59999999999999432 ) ) ;
#8350 = PLANE ( 'NONE',  #66 ) ;
#8351 = DIRECTION ( 'NONE',  ( 0.000000000000000000, 0.5000000000000002220, 0.8660254037844384856 ) ) ;
#8352 = LINE ( 'NONE', #2992, #8909 ) ;
#8353 = ORIENTED_EDGE ( 'NONE', *, *, #4326, .T. ) ;
#8354 = DIRECTION ( 'NONE',  ( -3.854941057726242781E-17, -0.8660254037844383745, -0.5000000000000006661 ) ) ;
#8355 = ORIENTED_EDGE ( 'NONE', *, *, #4304, .F. ) ;
#8356 = ORIENTED_EDGE ( 'NONE', *, *, #1074, .T. ) ;
#8357 = EDGE_CURVE ( 'NONE', #8483, #6936, #5985, .T. ) ;
#8358 = CARTESIAN_POINT ( 'NONE',  ( 27.17386661099703460, 18.88772481033656092, 45.00000000000000000 ) ) ;
#8359 = CARTESIAN_POINT ( 'NONE',  ( -37.82579128151289893, 0.1949295487797993165, -40.59999999999999432 ) ) ;
#8360 = DIRECTION ( 'NONE',  ( 3.854941057726236618E-17, -0.8660254037844387076, 0.4999999999999998335 ) ) ;
#8361 = EDGE_CURVE ( 'NONE', #5088, #9217, #3574, .T. ) ;
#8362 = LINE ( 'NONE', #5111, #21 ) ;
#8363 = ORIENTED_EDGE ( 'NONE', *, *, #618, .F. ) ;
#8364 = CARTESIAN_POINT ( 'NONE',  ( 15.72462220366567465, 13.11422211844031160, -45.00000000000000000 ) ) ;
#8365 = VERTEX_POINT ( 'NONE', #7558 ) ;
#8366 = CARTESIAN_POINT ( 'NONE',  ( 32.17386661099703105, 39.77252922750782460, -45.00000000000000000 ) ) ;
#8367 = ORIENTED_EDGE ( 'NONE', *, *, #5791, .T. ) ;
#8368 = ORIENTED_EDGE ( 'NONE', *, *, #6026, .F. ) ;
#8369 = CARTESIAN_POINT ( 'NONE',  ( -40.60000000000000142, 36.88577788155965465, 5.724622203665679976 ) ) ;
#8370 = DIRECTION ( 'NONE',  ( -0.8660254037844387076, 0.4999999999999998890, 0.000000000000000000 ) ) ;
#8371 = ADVANCED_FACE ( 'NONE', ( #656 ), #9925, .F. ) ;
#8372 = DIRECTION ( 'NONE',  ( 1.000000000000000000, -0.000000000000000000, -7.709882115452476934E-17 ) ) ;
#8373 = EDGE_CURVE ( 'NONE', #5242, #559, #2288, .T. ) ;
#8374 = CARTESIAN_POINT ( 'NONE',  ( -40.60000000000000142, 13.11422211844027252, -15.72462220366567465 ) ) ;
#8375 = EDGE_LOOP ( 'NONE', ( #5445, #6052, #1882, #9165 ) ) ;
#8376 = ORIENTED_EDGE ( 'NONE', *, *, #9924, .T. ) ;
#8377 = EDGE_CURVE ( 'NONE', #5040, #3578, #2344, .T. ) ;
#8378 = ADVANCED_FACE ( 'NONE', ( #9363 ), #4791, .F. ) ;
#8379 = CARTESIAN_POINT ( 'NONE',  ( -45.00000000000000711, 28.22552384371527623, 32.17386661099703815 ) ) ;
#8380 = CARTESIAN_POINT ( 'NONE',  ( -26.44924440733135285, 27.88675134594812377, 40.59999999999996589 ) ) ;
#8381 = PLANE ( 'NONE',  #8259 ) ;
#8382 = PLANE ( 'NONE',  #3931 ) ;
#8383 = DIRECTION ( 'NONE',  ( 0.8660254037844388186, -0.4999999999999997780, 0.000000000000000000 ) ) ;
#8384 = CARTESIAN_POINT ( 'NONE',  ( -27.17386661099703460, 13.11422211844030450, -45.00000000000000000 ) ) ;
#8385 = ORIENTED_EDGE ( 'NONE', *, *, #8246, .F. ) ;
#8386 = ORIENTED_EDGE ( 'NONE', *, *, #8237, .F. ) ;
#8387 = ORIENTED_EDGE ( 'NONE', *, *, #8, .F. ) ;
#8388 = LINE ( 'NONE', #9144, #378 ) ;
#8389 = DIRECTION ( 'NONE',  ( 0.8660254037844388186, -0.4999999999999997780, 0.000000000000000000 ) ) ;
#8390 = DIRECTION ( 'NONE',  ( 6.009258394948640069E-16, -1.000000000000000000, 0.000000000000000000 ) ) ;
#8391 = ADVANCED_FACE ( 'NONE', ( #7749 ), #8456, .T. ) ;
#8392 = LINE ( 'NONE', #3761, #7970 ) ;
#8393 = EDGE_CURVE ( 'NONE', #1213, #8242, #7106, .T. ) ;
#8394 = CARTESIAN_POINT ( 'NONE',  ( 42.99999999999998579, 45.00000000000000000, 45.00000000000000000 ) ) ;
#8395 = ORIENTED_EDGE ( 'NONE', *, *, #4744, .T. ) ;
#8396 = CARTESIAN_POINT ( 'NONE',  ( -21.44924440733135640, 19.22649730810374180, -45.00000000000000000 ) ) ;
#8397 = ORIENTED_EDGE ( 'NONE', *, *, #6968, .F. ) ;
#8398 = ORIENTED_EDGE ( 'NONE', *, *, #9607, .F. ) ;
#8399 = DIRECTION ( 'NONE',  ( 0.000000000000000000, 1.000000000000000000, 1.502314598737162729E-16 ) ) ;
#8400 = FACE_BOUND ( 'NONE', #7662, .T. ) ;
#8401 = VECTOR ( 'NONE', #308, 1000.000000000000000 ) ;
#8402 = CARTESIAN_POINT ( 'NONE',  ( 45.00000000000000711, 28.22552384371527623, -10.72462220366567998 ) ) ;
#8403 = LINE ( 'NONE', #1692, #5752 ) ;
#8404 = DIRECTION ( 'NONE',  ( 0.000000000000000000, -1.000000000000000000, -1.502314598737162976E-16 ) ) ;
#8405 = EDGE_LOOP ( 'NONE', ( #5454, #7729, #6247, #8203 ) ) ;
#8406 = DIRECTION ( 'NONE',  ( 0.000000000000000000, 1.000000000000000000, 0.000000000000000000 ) ) ;
#8407 = ORIENTED_EDGE ( 'NONE', *, *, #8001, .F. ) ;
#8408 = LINE ( 'NONE', #662, #2121 ) ;
#8409 = EDGE_LOOP ( 'NONE', ( #1725, #5328, #929, #8506 ) ) ;
#8410 = AXIS2_PLACEMENT_3D ( 'NONE', #421, #9059, #6042 ) ;
#8411 = ORIENTED_EDGE ( 'NONE', *, *, #1326, .F. ) ;
#8412 = CARTESIAN_POINT ( 'NONE',  ( 21.44924440733135640, 19.22649730810374891, -45.00000000000000000 ) ) ;
#8413 = DIRECTION ( 'NONE',  ( -0.000000000000000000, -0.000000000000000000, 1.000000000000000000 ) ) ;
#8414 = LINE ( 'NONE', #7569, #4088 ) ;
#8415 = AXIS2_PLACEMENT_3D ( 'NONE', #8366, #8323, #8509 ) ;
#8416 = FACE_OUTER_BOUND ( 'NONE', #5351, .T. ) ;
#8417 = ORIENTED_EDGE ( 'NONE', *, *, #3061, .F. ) ;
#8418 = ORIENTED_EDGE ( 'NONE', *, *, #4278, .F. ) ;
#8419 = EDGE_CURVE ( 'NONE', #4193, #9734, #2437, .T. ) ;
#8420 = VECTOR ( 'NONE', #9615, 1000.000000000000000 ) ;
#8421 = CARTESIAN_POINT ( 'NONE',  ( -45.00000000000000711, 22.11324865405185491, 5.000000000000009770 ) ) ;
#8422 = VECTOR ( 'NONE', #8624, 1000.000000000000000 ) ;
#8423 = CARTESIAN_POINT ( 'NONE',  ( 15.72462220366567465, 18.88772481033656092, -45.00000000000000000 ) ) ;
#8424 = EDGE_CURVE ( 'NONE', #3619, #6549, #1693, .T. ) ;
#8425 = FACE_OUTER_BOUND ( 'NONE', #673, .T. ) ;
#8426 = FACE_BOUND ( 'NONE', #4535, .T. ) ;
#8427 = CARTESIAN_POINT ( 'NONE',  ( 45.00000000000000711, 21.77447615628465272, 10.72462220366568353 ) ) ;
#8428 = VECTOR ( 'NONE', #6787, 999.9999999999998863 ) ;
#8429 = DIRECTION ( 'NONE',  ( -0.3939192985791669654, 0.000000000000000000, -0.9191450300180581401 ) ) ;
#8430 = PLANE ( 'NONE',  #877 ) ;
#8431 = VERTEX_POINT ( 'NONE', #5541 ) ;
#8432 = VECTOR ( 'NONE', #8505, 1000.000000000000000 ) ;
#8433 = ORIENTED_EDGE ( 'NONE', *, *, #6840, .F. ) ;
#8434 = ORIENTED_EDGE ( 'NONE', *, *, #6152, .T. ) ;
#8435 = ORIENTED_EDGE ( 'NONE', *, *, #9288, .F. ) ;
#8436 = CARTESIAN_POINT ( 'NONE',  ( 40.59999999999999432, 39.77252922750779618, 32.17386661099706657 ) ) ;
#8437 = VECTOR ( 'NONE', #9489, 1000.000000000000114 ) ;
#8438 = EDGE_CURVE ( 'NONE', #9287, #1130, #871, .T. ) ;
#8439 = AXIS2_PLACEMENT_3D ( 'NONE', #9498, #6384, #7191 ) ;
#8440 = LINE ( 'NONE', #1676, #2786 ) ;
#8441 = DIRECTION ( 'NONE',  ( 0.8660254037844388186, -0.4999999999999997224, 0.000000000000000000 ) ) ;
#8442 = CARTESIAN_POINT ( 'NONE',  ( -45.00000000000000711, 31.11227518966341066, 27.17386661099704170 ) ) ;
#8443 = LINE ( 'NONE', #9957, #6668 ) ;
#8444 = VECTOR ( 'NONE', #1475, 1000.000000000000000 ) ;
#8445 = ORIENTED_EDGE ( 'NONE', *, *, #10009, .F. ) ;
#8446 = LINE ( 'NONE', #8396, #3583 ) ;
#8447 = ORIENTED_EDGE ( 'NONE', *, *, #4997, .T. ) ;
#8448 = ORIENTED_EDGE ( 'NONE', *, *, #3807, .T. ) ;
#8449 = FACE_OUTER_BOUND ( 'NONE', #3184, .T. ) ;
#8450 = CARTESIAN_POINT ( 'NONE',  ( 37.17386661099703105, 18.88772481033656092, -45.00000000000000000 ) ) ;
#8451 = ADVANCED_FACE ( 'NONE', ( #154 ), #4731, .F. ) ;
#8452 = VECTOR ( 'NONE', #7687, 1000.000000000000000 ) ;
#8453 = DIRECTION ( 'NONE',  ( 1.000000000000000000, -0.000000000000000000, -7.709882115452476934E-17 ) ) ;
#8454 = LINE ( 'NONE', #9467, #4094 ) ;
#8455 = CARTESIAN_POINT ( 'NONE',  ( 32.17386661099703105, 10.22747077249218073, 45.00000000000000000 ) ) ;
#8456 = CYLINDRICAL_SURFACE ( 'NONE', #9724, 2.000000000000001776 ) ;
#8457 = EDGE_LOOP ( 'NONE', ( #6693, #3229, #1158, #3720, #8367, #7001 ) ) ;
#8458 = LINE ( 'NONE', #7014, #3757 ) ;
#8459 = ORIENTED_EDGE ( 'NONE', *, *, #4452, .F. ) ;
#8460 = LINE ( 'NONE', #6914, #5 ) ;
#8461 = VECTOR ( 'NONE', #6452, 1000.000000000000114 ) ;
#8462 = ORIENTED_EDGE ( 'NONE', *, *, #3124, .T. ) ;
#8463 = EDGE_LOOP ( 'NONE', ( #6739, #2205, #5322, #6960 ) ) ;
#8464 = LINE ( 'NONE', #2249, #6190 ) ;
#8465 = LINE ( 'NONE', #6201, #6648 ) ;
#8466 = AXIS2_PLACEMENT_3D ( 'NONE', #1016, #6290, #9357 ) ;
#8467 = CARTESIAN_POINT ( 'NONE',  ( 45.00000000000000711, 22.11324865405183715, 26.44924440733135285 ) ) ;
#8468 = FACE_OUTER_BOUND ( 'NONE', #9779, .T. ) ;
#8469 = CARTESIAN_POINT ( 'NONE',  ( 15.72462220366567465, 31.11227518966344974, -45.00000000000000000 ) ) ;
#8470 = ORIENTED_EDGE ( 'NONE', *, *, #9037, .T. ) ;
#8471 = EDGE_LOOP ( 'NONE', ( #9951, #2880, #3763, #906 ) ) ;
#8472 = AXIS2_PLACEMENT_3D ( 'NONE', #6712, #2804, #9060 ) ;
#8473 = DIRECTION ( 'NONE',  ( 0.5000000000000004441, -0.8660254037844384856, 0.000000000000000000 ) ) ;
#8474 = LINE ( 'NONE', #4649, #8583 ) ;
#8475 = CARTESIAN_POINT ( 'NONE',  ( 45.00000000000000711, 13.11422211844027252, 5.724622203665674647 ) ) ;
#8476 = EDGE_CURVE ( 'NONE', #3473, #2066, #7859, .T. ) ;
#8477 = LINE ( 'NONE', #9947, #6571 ) ;
#8478 = VECTOR ( 'NONE', #1272, 1000.000000000000000 ) ;
#8479 = DIRECTION ( 'NONE',  ( -0.000000000000000000, -0.000000000000000000, 1.000000000000000000 ) ) ;
#8480 = DIRECTION ( 'NONE',  ( 0.000000000000000000, -0.5000000000000002220, -0.8660254037844384856 ) ) ;
#8481 = ORIENTED_EDGE ( 'NONE', *, *, #3998, .F. ) ;
#8482 = EDGE_CURVE ( 'NONE', #763, #9449, #6953, .T. ) ;
#8483 = VERTEX_POINT ( 'NONE', #3046 ) ;
#8484 = VERTEX_POINT ( 'NONE', #6134 ) ;
#8485 = ORIENTED_EDGE ( 'NONE', *, *, #1730, .T. ) ;
#8486 = CARTESIAN_POINT ( 'NONE',  ( -45.00000000000000711, 21.77447615628464206, 10.72462220366569241 ) ) ;
#8487 = VECTOR ( 'NONE', #1255, 1000.000000000000114 ) ;
#8488 = DIRECTION ( 'NONE',  ( 0.000000000000000000, 0.5000000000000002220, 0.8660254037844384856 ) ) ;
#8489 = CARTESIAN_POINT ( 'NONE',  ( 40.59999999999997300, 36.88577788155965465, -37.17386661099702394 ) ) ;
#8490 = EDGE_CURVE ( 'NONE', #4323, #8995, #5440, .T. ) ;
#8491 = LINE ( 'NONE', #6078, #7046 ) ;
#8492 = CARTESIAN_POINT ( 'NONE',  ( 26.44924440733135285, 22.11324865405187978, -40.59999999999999432 ) ) ;
#8493 = DIRECTION ( 'NONE',  ( 0.8660254037844388186, -0.4999999999999997780, 0.000000000000000000 ) ) ;
#8494 = EDGE_CURVE ( 'NONE', #3172, #8617, #4678, .T. ) ;
#8495 = ORIENTED_EDGE ( 'NONE', *, *, #5728, .T. ) ;
#8496 = CARTESIAN_POINT ( 'NONE',  ( -32.17386661099703105, 10.22747077249217362, -45.00000000000000000 ) ) ;
#8497 = ORIENTED_EDGE ( 'NONE', *, *, #8191, .F. ) ;
#8498 = VERTEX_POINT ( 'NONE', #7063 ) ;
#8499 = CARTESIAN_POINT ( 'NONE',  ( 5.724622203665678200, 18.88772481033656092, -45.00000000000000000 ) ) ;
#8500 = FACE_OUTER_BOUND ( 'NONE', #1956, .T. ) ;
#8501 = ADVANCED_FACE ( 'NONE', ( #1483 ), #710, .F. ) ;
#8502 = CARTESIAN_POINT ( 'NONE',  ( -45.00000000000000711, 36.88577788155966175, -5.724622203665670206 ) ) ;
#8503 = CARTESIAN_POINT ( 'NONE',  ( -40.60000000000000142, 51.19823799011141574, -13.92743486032272493 ) ) ;
#8504 = CARTESIAN_POINT ( 'NONE',  ( -40.60000000000000142, 22.11324865405183715, -16.44924440733134929 ) ) ;
#8505 = DIRECTION ( 'NONE',  ( 0.000000000000000000, 0.5000000000000002220, 0.8660254037844384856 ) ) ;
#8506 = ORIENTED_EDGE ( 'NONE', *, *, #3671, .F. ) ;
#8507 = DIRECTION ( 'NONE',  ( -1.000000000000000000, -6.009258394948641055E-16, 0.000000000000000000 ) ) ;
#8508 = ORIENTED_EDGE ( 'NONE', *, *, #8986, .F. ) ;
#8509 = DIRECTION ( 'NONE',  ( -0.8660254037844387076, -0.4999999999999998890, 0.000000000000000000 ) ) ;
#8510 = VERTEX_POINT ( 'NONE', #1538 ) ;
#8511 = ORIENTED_EDGE ( 'NONE', *, *, #2225, .F. ) ;
#8512 = DIRECTION ( 'NONE',  ( 0.000000000000000000, -0.5000000000000007772, 0.8660254037844382635 ) ) ;
#8513 = EDGE_CURVE ( 'NONE', #1305, #124, #4632, .T. ) ;
#8514 = DIRECTION ( 'NONE',  ( 0.000000000000000000, 1.000000000000000000, 1.502314598737162976E-16 ) ) ;
#8515 = DIRECTION ( 'NONE',  ( 0.000000000000000000, 1.000000000000000000, 0.000000000000000000 ) ) ;
#8516 = CARTESIAN_POINT ( 'NONE',  ( 44.99999999999999289, 45.00000000000000000, -45.00000000000000000 ) ) ;
#8517 = DIRECTION ( 'NONE',  ( 0.000000000000000000, 1.000000000000000000, 0.000000000000000000 ) ) ;
#8518 = ORIENTED_EDGE ( 'NONE', *, *, #4966, .F. ) ;
#8519 = EDGE_CURVE ( 'NONE', #7160, #8687, #3865, .T. ) ;
#8520 = EDGE_CURVE ( 'NONE', #6140, #2609, #56, .T. ) ;
#8521 = ORIENTED_EDGE ( 'NONE', *, *, #9673, .F. ) ;
#8522 = VERTEX_POINT ( 'NONE', #1939 ) ;
#8523 = CARTESIAN_POINT ( 'NONE',  ( -45.00000000000000711, 18.88772481033651829, -37.17386661099702394 ) ) ;
#8524 = DIRECTION ( 'NONE',  ( -0.000000000000000000, -0.000000000000000000, 1.000000000000000000 ) ) ;
#8525 = CARTESIAN_POINT ( 'NONE',  ( 21.44924440733135640, 19.22649730810374891, -40.59999999999999432 ) ) ;
#8526 = PLANE ( 'NONE',  #5758 ) ;
#8527 = CARTESIAN_POINT ( 'NONE',  ( 40.59999999999999432, 4.999999999999988454, 16.44924440733134929 ) ) ;
#8528 = DIRECTION ( 'NONE',  ( 3.854941057726236618E-17, -0.8660254037844387076, 0.4999999999999998335 ) ) ;
#8529 = VERTEX_POINT ( 'NONE', #207 ) ;
#8530 = VERTEX_POINT ( 'NONE', #8100 ) ;
#8531 = VERTEX_POINT ( 'NONE', #1079 ) ;
#8532 = ORIENTED_EDGE ( 'NONE', *, *, #8490, .T. ) ;
#8533 = CARTESIAN_POINT ( 'NONE',  ( -45.00000000000000711, 36.88577788155966175, 37.17386661099704526 ) ) ;
#8534 = EDGE_CURVE ( 'NONE', #9192, #7418, #4283, .T. ) ;
#8535 = DIRECTION ( 'NONE',  ( -0.7071067811865476838, 0.000000000000000000, -0.7071067811865474617 ) ) ;
#8536 = CARTESIAN_POINT ( 'NONE',  ( 27.17386661099703460, 13.11422211844030450, -40.59999999999999432 ) ) ;
#8537 = DIRECTION ( 'NONE',  ( 0.8660254037844388186, -0.4999999999999997780, 0.000000000000000000 ) ) ;
#8538 = DIRECTION ( 'NONE',  ( -0.8660254037844387076, 0.4999999999999998890, 0.000000000000000000 ) ) ;
#8539 = CARTESIAN_POINT ( 'NONE',  ( -45.00000000000000711, 19.22649730810370627, -21.44924440733134929 ) ) ;
#8540 = ORIENTED_EDGE ( 'NONE', *, *, #3704, .T. ) ;
#8541 = DIRECTION ( 'NONE',  ( 0.000000000000000000, -1.000000000000000000, -1.502314598737162976E-16 ) ) ;
#8542 = EDGE_LOOP ( 'NONE', ( #7051, #8926, #8048, #8786 ) ) ;
#8543 = VERTEX_POINT ( 'NONE', #4990 ) ;
#8544 = DIRECTION ( 'NONE',  ( 6.009258394948640069E-16, -1.000000000000000000, 0.000000000000000000 ) ) ;
#8545 = ADVANCED_FACE ( 'NONE', ( #3309 ), #9511, .F. ) ;
#8546 = EDGE_CURVE ( 'NONE', #2439, #797, #9422, .T. ) ;
#8547 = FACE_BOUND ( 'NONE', #2265, .T. ) ;
#8548 = CARTESIAN_POINT ( 'NONE',  ( -26.44924440733135285, 27.88675134594812377, 45.00000000000000000 ) ) ;
#8549 = PLANE ( 'NONE',  #509 ) ;
#8550 = DIRECTION ( 'NONE',  ( 1.000000000000000000, -0.000000000000000000, -7.709882115452476934E-17 ) ) ;
#8551 = DIRECTION ( 'NONE',  ( 7.709882115452476934E-17, -3.004629197474320528E-16, 1.000000000000000000 ) ) ;
#8552 = EDGE_CURVE ( 'NONE', #5812, #2137, #5595, .T. ) ;
#8553 = EDGE_LOOP ( 'NONE', ( #2037, #6716, #4829, #5126, #6923, #8295 ) ) ;
#8554 = LINE ( 'NONE', #1639, #660 ) ;
#8555 = ORIENTED_EDGE ( 'NONE', *, *, #6711, .F. ) ;
#8556 = LINE ( 'NONE', #4946, #9270 ) ;
#8557 = DIRECTION ( 'NONE',  ( -1.000000000000000000, -6.009258394948641055E-16, 0.000000000000000000 ) ) ;
#8558 = ORIENTED_EDGE ( 'NONE', *, *, #8490, .F. ) ;
#8559 = ORIENTED_EDGE ( 'NONE', *, *, #7155, .T. ) ;
#8560 = CARTESIAN_POINT ( 'NONE',  ( 40.59999999999999432, 18.14297886098928458, -48.18810238334572915 ) ) ;
#8561 = VECTOR ( 'NONE', #7177, 1000.000000000000000 ) ;
#8562 = ADVANCED_FACE ( 'NONE', ( #409 ), #5035, .F. ) ;
#8563 = DIRECTION ( 'NONE',  ( 0.000000000000000000, 0.000000000000000000, -1.000000000000000000 ) ) ;
#8564 = FACE_OUTER_BOUND ( 'NONE', #9814, .T. ) ;
#8565 = DIRECTION ( 'NONE',  ( 0.8660254037844388186, -0.4999999999999997780, 0.000000000000000000 ) ) ;
#8566 = CARTESIAN_POINT ( 'NONE',  ( 4.999999999999999112, 27.88675134594812377, 40.59999999999996589 ) ) ;
#8567 = ORIENTED_EDGE ( 'NONE', *, *, #1721, .F. ) ;
#8568 = VECTOR ( 'NONE', #1855, 1000.000000000000000 ) ;
#8569 = ORIENTED_EDGE ( 'NONE', *, *, #5098, .F. ) ;
#8570 = ORIENTED_EDGE ( 'NONE', *, *, #4263, .T. ) ;
#8571 = VECTOR ( 'NONE', #2491, 1000.000000000000000 ) ;
#8572 = EDGE_CURVE ( 'NONE', #9653, #9119, #6397, .T. ) ;
#8573 = DIRECTION ( 'NONE',  ( 0.000000000000000000, 0.5000000000000002220, 0.8660254037844384856 ) ) ;
#8574 = CARTESIAN_POINT ( 'NONE',  ( 15.72462220366567465, 36.88577788155969728, -45.00000000000000000 ) ) ;
#8575 = CARTESIAN_POINT ( 'NONE',  ( -45.00000000000000711, 28.22552384371527623, -10.72462220366567287 ) ) ;
#8576 = ORIENTED_EDGE ( 'NONE', *, *, #8671, .F. ) ;
#8577 = CARTESIAN_POINT ( 'NONE',  ( -27.17386661099703460, 18.88772481033655382, -45.00000000000000000 ) ) ;
#8578 = ORIENTED_EDGE ( 'NONE', *, *, #5074, .T. ) ;
#8579 = AXIS2_PLACEMENT_3D ( 'NONE', #3142, #9458, #1623 ) ;
#8580 = VECTOR ( 'NONE', #1964, 1000.000000000000114 ) ;
#8581 = VECTOR ( 'NONE', #5462, 1000.000000000000114 ) ;
#8582 = ORIENTED_EDGE ( 'NONE', *, *, #3281, .T. ) ;
#8583 = VECTOR ( 'NONE', #7724, 1000.000000000000227 ) ;
#8584 = ORIENTED_EDGE ( 'NONE', *, *, #1590, .T. ) ;
#8585 = PRODUCT_DEFINITION_CONTEXT ( 'detailed design', #1122, 'design' ) ;
#8586 = DIRECTION ( 'NONE',  ( -7.709882115452476934E-17, 1.502314598737162976E-16, -1.000000000000000000 ) ) ;
#8587 = CARTESIAN_POINT ( 'NONE',  ( -32.17386661099703105, 28.22552384371531176, 45.00000000000000000 ) ) ;
#8588 = VECTOR ( 'NONE', #9188, 1000.000000000000000 ) ;
#8589 = VECTOR ( 'NONE', #1571, 1000.000000000000000 ) ;
#8590 = VECTOR ( 'NONE', #6403, 1000.000000000000000 ) ;
#8591 = VECTOR ( 'NONE', #2589, 1000.000000000000114 ) ;
#8592 = LINE ( 'NONE', #792, #7159 ) ;
#8593 = CARTESIAN_POINT ( 'NONE',  ( -5.724622203665678200, 31.11227518966344974, -45.00000000000000000 ) ) ;
#8594 = DIRECTION ( 'NONE',  ( 0.000000000000000000, 1.000000000000000000, 0.000000000000000000 ) ) ;
#8595 = CARTESIAN_POINT ( 'NONE',  ( -37.17386661099703105, 31.11227518966343553, -45.00000000000000000 ) ) ;
#8596 = EDGE_LOOP ( 'NONE', ( #3459, #7329, #8434, #4532 ) ) ;
#8597 = DIRECTION ( 'NONE',  ( 0.000000000000000000, 0.5000000000000005551, -0.8660254037844382635 ) ) ;
#8598 = LINE ( 'NONE', #1683, #5696 ) ;
#8599 = ORIENTED_EDGE ( 'NONE', *, *, #9726, .F. ) ;
#8600 = VECTOR ( 'NONE', #991, 1000.000000000000114 ) ;
#8601 = EDGE_CURVE ( 'NONE', #1684, #5288, #7156, .T. ) ;
#8602 = ORIENTED_EDGE ( 'NONE', *, *, #7572, .T. ) ;
#8603 = VECTOR ( 'NONE', #6738, 999.9999999999998863 ) ;
#8604 = DIRECTION ( 'NONE',  ( 3.854941057726236618E-17, -0.8660254037844387076, 0.4999999999999998335 ) ) ;
#8605 = DIRECTION ( 'NONE',  ( -0.000000000000000000, -0.000000000000000000, 1.000000000000000000 ) ) ;
#8606 = DIRECTION ( 'NONE',  ( 0.000000000000000000, 1.000000000000000000, 1.502314598737162729E-16 ) ) ;
#8607 = LINE ( 'NONE', #2543, #6349 ) ;
#8608 = CARTESIAN_POINT ( 'NONE',  ( 45.00000000000000711, 19.22649730810372759, 2.553315752351000957E-15 ) ) ;
#8609 = AXIS2_PLACEMENT_3D ( 'NONE', #9863, #6039, #6185 ) ;
#8610 = CARTESIAN_POINT ( 'NONE',  ( -45.00000000000000000, 45.00000000000000000, 45.00000000000000000 ) ) ;
#8611 = VECTOR ( 'NONE', #2860, 1000.000000000000227 ) ;
#8612 = EDGE_CURVE ( 'NONE', #5720, #9192, #6556, .T. ) ;
#8613 = ORIENTED_EDGE ( 'NONE', *, *, #2117, .F. ) ;
#8614 = LINE ( 'NONE', #9202, #5565 ) ;
#8615 = ORIENTED_EDGE ( 'NONE', *, *, #9237, .F. ) ;
#8616 = CARTESIAN_POINT ( 'NONE',  ( 32.17386661099703105, 39.77252922750781039, 40.59999999999999432 ) ) ;
#8617 = VERTEX_POINT ( 'NONE', #7361 ) ;
#8618 = EDGE_LOOP ( 'NONE', ( #5179, #6333, #5711, #8180 ) ) ;
#8619 = LINE ( 'NONE', #1135, #6032 ) ;
#8620 = VECTOR ( 'NONE', #3604, 1000.000000000000000 ) ;
#8621 = ADVANCED_FACE ( 'NONE', ( #7250 ), #5687, .F. ) ;
#8622 = CARTESIAN_POINT ( 'NONE',  ( -16.44924440733135640, 27.88675134594812377, 40.59999999999996589 ) ) ;
#8623 = CARTESIAN_POINT ( 'NONE',  ( -45.00000000000000711, 13.11422211844027252, -37.17386661099702394 ) ) ;
#8624 = DIRECTION ( 'NONE',  ( 6.009258394948641055E-16, -1.000000000000000000, 0.000000000000000000 ) ) ;
#8625 = LINE ( 'NONE', #8903, #1237 ) ;
#8626 = LINE ( 'NONE', #4850, #6735 ) ;
#8627 = EDGE_CURVE ( 'NONE', #7165, #5010, #1185, .T. ) ;
#8628 = VERTEX_POINT ( 'NONE', #8808 ) ;
#8629 = VECTOR ( 'NONE', #1035, 1000.000000000000000 ) ;
#8630 = ORIENTED_EDGE ( 'NONE', *, *, #9133, .F. ) ;
#8631 = ORIENTED_EDGE ( 'NONE', *, *, #3504, .F. ) ;
#8632 = EDGE_CURVE ( 'NONE', #88, #8326, #1787, .T. ) ;
#8633 = EDGE_CURVE ( 'NONE', #9905, #4754, #7304, .T. ) ;
#8634 = VECTOR ( 'NONE', #4216, 1000.000000000000000 ) ;
#8635 = CARTESIAN_POINT ( 'NONE',  ( 16.44924440733135640, 22.11324865405187268, 45.00000000000000000 ) ) ;
#8636 = CARTESIAN_POINT ( 'NONE',  ( 45.00000000000000711, 27.88675134594810245, -5.000000000000000888 ) ) ;
#8637 = PLANE ( 'NONE',  #2628 ) ;
#8638 = ORIENTED_EDGE ( 'NONE', *, *, #6816, .F. ) ;
#8639 = EDGE_LOOP ( 'NONE', ( #8296, #314, #7584, #7798 ) ) ;
#8640 = VECTOR ( 'NONE', #3004, 1000.000000000000227 ) ;
#8641 = EDGE_CURVE ( 'NONE', #1009, #1209, #4885, .T. ) ;
#8642 = EDGE_CURVE ( 'NONE', #111, #6792, #1845, .T. ) ;
#8643 = VERTEX_POINT ( 'NONE', #8756 ) ;
#8644 = LINE ( 'NONE', #8533, #3622 ) ;
#8645 = LINE ( 'NONE', #950, #7950 ) ;
#8646 = VECTOR ( 'NONE', #4467, 1000.000000000000000 ) ;
#8647 = FACE_BOUND ( 'NONE', #5259, .T. ) ;
#8648 = DIRECTION ( 'NONE',  ( 1.000000000000000000, 0.000000000000000000, 0.000000000000000000 ) ) ;
#8649 = DIRECTION ( 'NONE',  ( -0.000000000000000000, -0.000000000000000000, 1.000000000000000000 ) ) ;
#8650 = EDGE_CURVE ( 'NONE', #1383, #3619, #4941, .T. ) ;
#8651 = ORIENTED_EDGE ( 'NONE', *, *, #3376, .T. ) ;
#8652 = CARTESIAN_POINT ( 'NONE',  ( 43.00000000000000711, 2.000000000000000000, 43.00000000000000000 ) ) ;
#8653 = CARTESIAN_POINT ( 'NONE',  ( 10.72462220366567820, 28.22552384371531886, -45.00000000000000000 ) ) ;
#8654 = VECTOR ( 'NONE', #8772, 1000.000000000000114 ) ;
#8655 = EDGE_LOOP ( 'NONE', ( #1778, #3160, #9022, #6721 ) ) ;
#8656 = ORIENTED_EDGE ( 'NONE', *, *, #3175, .T. ) ;
#8657 = CARTESIAN_POINT ( 'NONE',  ( 40.59999999999997300, 18.88772481033652539, 27.17386661099703460 ) ) ;
#8658 = DIRECTION ( 'NONE',  ( 0.000000000000000000, 1.000000000000000000, 0.000000000000000000 ) ) ;
#8659 = DIRECTION ( 'NONE',  ( 3.854941057726236618E-17, -0.8660254037844387076, 0.4999999999999998335 ) ) ;
#8660 = LINE ( 'NONE', #3863, #5077 ) ;
#8661 = DIRECTION ( 'NONE',  ( -0.7071067811865473507, 0.000000000000000000, 0.7071067811865477948 ) ) ;
#8662 = ORIENTED_EDGE ( 'NONE', *, *, #3301, .T. ) ;
#8663 = DIRECTION ( 'NONE',  ( 0.000000000000000000, -1.000000000000000000, -3.004629197474320528E-16 ) ) ;
#8664 = EDGE_CURVE ( 'NONE', #5561, #1681, #5790, .T. ) ;
#8665 = VERTEX_POINT ( 'NONE', #1894 ) ;
#8666 = CARTESIAN_POINT ( 'NONE',  ( -32.17386661099703105, 10.22747077249217362, 45.00000000000000000 ) ) ;
#8667 = EDGE_LOOP ( 'NONE', ( #8356, #4225, #7586, #3393 ) ) ;
#8668 = ORIENTED_EDGE ( 'NONE', *, *, #8198, .T. ) ;
#8669 = PLANE ( 'NONE',  #1200 ) ;
#8670 = DIRECTION ( 'NONE',  ( -1.000000000000000000, -6.009258394948641055E-16, 0.000000000000000000 ) ) ;
#8671 = EDGE_CURVE ( 'NONE', #6270, #5948, #8850, .T. ) ;
#8672 = LINE ( 'NONE', #8115, #9532 ) ;
#8673 = DIRECTION ( 'NONE',  ( -0.000000000000000000, -0.000000000000000000, 1.000000000000000000 ) ) ;
#8674 = DIRECTION ( 'NONE',  ( -0.4999999999999997780, -0.8660254037844388186, 0.000000000000000000 ) ) ;
#8675 = ORIENTED_EDGE ( 'NONE', *, *, #3964, .F. ) ;
#8676 = VERTEX_POINT ( 'NONE', #5185 ) ;
#8677 = EDGE_LOOP ( 'NONE', ( #6422, #1597, #2085, #7364, #8462, #9183 ) ) ;
#8678 = EDGE_CURVE ( 'NONE', #2061, #2925, #4423, .T. ) ;
#8679 = APPLICATION_CONTEXT ( 'automotive_design' ) ;
#8680 = CARTESIAN_POINT ( 'NONE',  ( -10.72462220366567820, 10.22747077249217362, -45.00000000000000000 ) ) ;
#8681 = SPHERICAL_SURFACE ( 'NONE', #4727, 2.000000000000000000 ) ;
#8682 = FACE_OUTER_BOUND ( 'NONE', #2059, .T. ) ;
#8683 = CARTESIAN_POINT ( 'NONE',  ( -10.72462220366567820, 39.77252922750782460, -45.00000000000000000 ) ) ;
#8684 = EDGE_CURVE ( 'NONE', #9595, #2664, #7591, .T. ) ;
#8685 = ORIENTED_EDGE ( 'NONE', *, *, #9433, .T. ) ;
#8686 = ORIENTED_EDGE ( 'NONE', *, *, #1837, .F. ) ;
#8687 = VERTEX_POINT ( 'NONE', #502 ) ;
#8688 = VERTEX_POINT ( 'NONE', #2842 ) ;
#8689 = LINE ( 'NONE', #2475, #3297 ) ;
#8690 = FACE_BOUND ( 'NONE', #6890, .T. ) ;
#8691 = CARTESIAN_POINT ( 'NONE',  ( -45.00000000000000711, 31.11227518966340355, 37.17386661099704526 ) ) ;
#8692 = LINE ( 'NONE', #4111, #9414 ) ;
#8693 = LINE ( 'NONE', #912, #2450 ) ;
#8694 = ORIENTED_EDGE ( 'NONE', *, *, #893, .F. ) ;
#8695 = LINE ( 'NONE', #2335, #4236 ) ;
#8696 = ORIENTED_EDGE ( 'NONE', *, *, #4810, .T. ) ;
#8697 = ORIENTED_EDGE ( 'NONE', *, *, #4860, .F. ) ;
#8698 = LINE ( 'NONE', #9556, #9254 ) ;
#8699 = PLANE ( 'NONE',  #3803 ) ;
#8700 = EDGE_CURVE ( 'NONE', #242, #2792, #3708, .T. ) ;
#8701 = ADVANCED_FACE ( 'NONE', ( #6701 ), #601, .F. ) ;
#8702 = CARTESIAN_POINT ( 'NONE',  ( -45.00000000000000711, 22.11324865405183715, 26.44924440733135995 ) ) ;
#8703 = FACE_OUTER_BOUND ( 'NONE', #3089, .T. ) ;
#8704 = LINE ( 'NONE', #1786, #9118 ) ;
#8705 = DIRECTION ( 'NONE',  ( 7.709882115452476934E-17, -3.004629197474320528E-16, 1.000000000000000000 ) ) ;
#8706 = ORIENTED_EDGE ( 'NONE', *, *, #7334, .T. ) ;
#8707 = PLANE ( 'NONE',  #8120 ) ;
#8708 = ORIENTED_EDGE ( 'NONE', *, *, #7371, .F. ) ;
#8709 = DIRECTION ( 'NONE',  ( 0.000000000000000000, -0.5000000000000006661, 0.8660254037844381525 ) ) ;
#8710 = EDGE_LOOP ( 'NONE', ( #360, #4349, #5112, #9889 ) ) ;
#8711 = ORIENTED_EDGE ( 'NONE', *, *, #4757, .F. ) ;
#8712 = DIRECTION ( 'NONE',  ( 0.5000000000000004441, -0.8660254037844384856, 0.000000000000000000 ) ) ;
#8713 = DIRECTION ( 'NONE',  ( 0.000000000000000000, 0.5000000000000007772, -0.8660254037844382635 ) ) ;
#8714 = CARTESIAN_POINT ( 'NONE',  ( 5.724622203665681752, 31.11227518966344263, -40.59999999999999432 ) ) ;
#8715 = CARTESIAN_POINT ( 'NONE',  ( -45.00000000000000711, 10.22747077249213810, -10.72462220366567287 ) ) ;
#8716 = DIRECTION ( 'NONE',  ( 0.000000000000000000, -1.000000000000000000, -3.004629197474320528E-16 ) ) ;
#8717 = ORIENTED_EDGE ( 'NONE', *, *, #4604, .F. ) ;
#8718 = FACE_BOUND ( 'NONE', #1266, .T. ) ;
#8719 = ORIENTED_EDGE ( 'NONE', *, *, #4450, .T. ) ;
#8720 = ORIENTED_EDGE ( 'NONE', *, *, #744, .T. ) ;
#8721 = EDGE_LOOP ( 'NONE', ( #4767, #2236, #5530, #4479, #8322, #1045 ) ) ;
#8722 = EDGE_CURVE ( 'NONE', #8308, #7165, #5972, .T. ) ;
#8723 = LINE ( 'NONE', #4911, #4392 ) ;
#8724 = VECTOR ( 'NONE', #7458, 1000.000000000000000 ) ;
#8725 = CARTESIAN_POINT ( 'NONE',  ( 45.00000000000000711, 13.11422211844027252, -37.17386661099703105 ) ) ;
#8726 = VECTOR ( 'NONE', #750, 1000.000000000000000 ) ;
#8727 = DIRECTION ( 'NONE',  ( -0.8660254037844387076, 0.4999999999999998890, 0.000000000000000000 ) ) ;
#8728 = DIRECTION ( 'NONE',  ( 1.000000000000000000, -0.000000000000000000, -7.709882115452476934E-17 ) ) ;
#8729 = VERTEX_POINT ( 'NONE', #556 ) ;
#8730 = CARTESIAN_POINT ( 'NONE',  ( -45.00000000000000711, 36.88577788155965465, 27.17386661099704170 ) ) ;
#8731 = VERTEX_POINT ( 'NONE', #2044 ) ;
#8732 = EDGE_CURVE ( 'NONE', #574, #594, #6649, .T. ) ;
#8733 = ORIENTED_EDGE ( 'NONE', *, *, #2819, .F. ) ;
#8734 = VECTOR ( 'NONE', #6089, 1000.000000000000000 ) ;
#8735 = ORIENTED_EDGE ( 'NONE', *, *, #600, .F. ) ;
#8736 = CARTESIAN_POINT ( 'NONE',  ( 40.59999999999997300, 18.88772481033651829, -37.17386661099703105 ) ) ;
#8737 = ADVANCED_FACE ( 'NONE', ( #4374 ), #4332, .F. ) ;
#8738 = CARTESIAN_POINT ( 'NONE',  ( 26.44924440733135285, 22.11324865405187978, -45.00000000000000000 ) ) ;
#8739 = VECTOR ( 'NONE', #9360, 1000.000000000000114 ) ;
#8740 = FACE_OUTER_BOUND ( 'NONE', #9172, .T. ) ;
#8741 = PLANE ( 'NONE',  #3590 ) ;
#8742 = VECTOR ( 'NONE', #4812, 999.9999999999998863 ) ;
#8743 = EDGE_CURVE ( 'NONE', #124, #5852, #1380, .T. ) ;
#8744 = ORIENTED_EDGE ( 'NONE', *, *, #271, .F. ) ;
#8745 = VERTEX_POINT ( 'NONE', #4477 ) ;
#8746 = ORIENTED_EDGE ( 'NONE', *, *, #945, .F. ) ;
#8747 = EDGE_CURVE ( 'NONE', #10021, #9984, #7403, .T. ) ;
#8748 = EDGE_LOOP ( 'NONE', ( #2483, #4657, #967, #5849 ) ) ;
#8749 = PLANE ( 'NONE',  #3790 ) ;
#8750 = AXIS2_PLACEMENT_3D ( 'NONE', #9705, #7953, #8098 ) ;
#8751 = CARTESIAN_POINT ( 'NONE',  ( -45.00000000000000711, 28.22552384371527623, -32.17386661099701683 ) ) ;
#8752 = VECTOR ( 'NONE', #4520, 1000.000000000000000 ) ;
#8753 = CARTESIAN_POINT ( 'NONE',  ( -40.60000000000000142, 4.999999999999996447, -37.17386661099702394 ) ) ;
#8754 = LINE ( 'NONE', #8052, #3924 ) ;
#8755 = CARTESIAN_POINT ( 'NONE',  ( -4.999999999999999112, 27.88675134594812377, -45.00000000000000000 ) ) ;
#8756 = CARTESIAN_POINT ( 'NONE',  ( -37.17386661099703105, 18.88772481033655382, 40.59999999999996589 ) ) ;
#8757 = VERTEX_POINT ( 'NONE', #3519 ) ;
#8758 = CARTESIAN_POINT ( 'NONE',  ( -40.60000000000000142, 27.88675134594809180, 26.44924440733136350 ) ) ;
#8759 = VECTOR ( 'NONE', #3549, 1000.000000000000000 ) ;
#8760 = ORIENTED_EDGE ( 'NONE', *, *, #6874, .T. ) ;
#8761 = FACE_BOUND ( 'NONE', #2823, .T. ) ;
#8762 = VECTOR ( 'NONE', #6997, 1000.000000000000000 ) ;
#8763 = VERTEX_POINT ( 'NONE', #6788 ) ;
#8764 = VERTEX_POINT ( 'NONE', #5933 ) ;
#8765 = EDGE_CURVE ( 'NONE', #1606, #485, #8249, .T. ) ;
#8766 = FACE_OUTER_BOUND ( 'NONE', #5596, .T. ) ;
#8767 = DIRECTION ( 'NONE',  ( 0.000000000000000000, 0.5000000000000005551, -0.8660254037844382635 ) ) ;
#8768 = VECTOR ( 'NONE', #2851, 1000.000000000000000 ) ;
#8769 = CARTESIAN_POINT ( 'NONE',  ( 10.28129369291628414, 4.999999999999997335, -10.28129369291629480 ) ) ;
#8770 = VECTOR ( 'NONE', #6912, 1000.000000000000227 ) ;
#8771 = DIRECTION ( 'NONE',  ( 3.854941057726236618E-17, -0.8660254037844387076, 0.4999999999999998335 ) ) ;
#8772 = DIRECTION ( 'NONE',  ( -0.8660254037844387076, -0.4999999999999998890, 0.000000000000000000 ) ) ;
#8773 = ORIENTED_EDGE ( 'NONE', *, *, #1085, .F. ) ;
#8774 = CARTESIAN_POINT ( 'NONE',  ( -45.00000000000000711, 36.88577788155965465, -37.17386661099701683 ) ) ;
#8775 = VERTEX_POINT ( 'NONE', #7500 ) ;
#8776 = ORIENTED_EDGE ( 'NONE', *, *, #2133, .F. ) ;
#8777 = VECTOR ( 'NONE', #9655, 1000.000000000000000 ) ;
#8778 = ORIENTED_EDGE ( 'NONE', *, *, #9715, .F. ) ;
#8779 = DIRECTION ( 'NONE',  ( 0.000000000000000000, 0.5000000000000002220, 0.8660254037844384856 ) ) ;
#8780 = VECTOR ( 'NONE', #3415, 1000.000000000000000 ) ;
#8781 = CARTESIAN_POINT ( 'NONE',  ( -40.60000000000000142, 13.11422211844027252, 37.17386661099704526 ) ) ;
#8782 = LINE ( 'NONE', #7984, #359 ) ;
#8783 = CARTESIAN_POINT ( 'NONE',  ( -15.72462220366567465, 13.11422211844029739, -45.00000000000000000 ) ) ;
#8784 = VERTEX_POINT ( 'NONE', #1332 ) ;
#8785 = DIRECTION ( 'NONE',  ( 0.000000000000000000, 0.5000000000000002220, 0.8660254037844384856 ) ) ;
#8786 = ORIENTED_EDGE ( 'NONE', *, *, #1732, .T. ) ;
#8787 = VECTOR ( 'NONE', #2318, 1000.000000000000000 ) ;
#8788 = EDGE_LOOP ( 'NONE', ( #425, #5180, #2215, #7756, #7574, #2592 ) ) ;
#8789 = PLANE ( 'NONE',  #5108 ) ;
#8790 = EDGE_CURVE ( 'NONE', #2269, #2893, #5284, .T. ) ;
#8791 = FACE_OUTER_BOUND ( 'NONE', #185, .T. ) ;
#8792 = DIRECTION ( 'NONE',  ( 0.7071067811865472397, 0.000000000000000000, -0.7071067811865479058 ) ) ;
#8793 = AXIS2_PLACEMENT_3D ( 'NONE', #3707, #2937, #6028 ) ;
#8794 = EDGE_CURVE ( 'NONE', #6074, #4193, #5884, .T. ) ;
#8795 = PLANE ( 'NONE',  #4918 ) ;
#8796 = DIRECTION ( 'NONE',  ( 0.000000000000000000, -1.000000000000000000, 0.000000000000000000 ) ) ;
#8797 = EDGE_LOOP ( 'NONE', ( #8470, #5586, #7224, #5104 ) ) ;
#8798 = ORIENTED_EDGE ( 'NONE', *, *, #3951, .F. ) ;
#8799 = ORIENTED_EDGE ( 'NONE', *, *, #142, .F. ) ;
#8800 = ORIENTED_EDGE ( 'NONE', *, *, #6341, .F. ) ;
#8801 = LINE ( 'NONE', #5142, #8620 ) ;
#8802 = VECTOR ( 'NONE', #139, 1000.000000000000114 ) ;
#8803 = CARTESIAN_POINT ( 'NONE',  ( 45.00000000000000711, 22.11324865405184426, 16.44924440733134929 ) ) ;
#8804 = ADVANCED_FACE ( 'NONE', ( #2938 ), #6748, .F. ) ;
#8805 = EDGE_CURVE ( 'NONE', #1399, #942, #9103, .T. ) ;
#8806 = LINE ( 'NONE', #1892, #835 ) ;
#8807 = EDGE_CURVE ( 'NONE', #6959, #2783, #8957, .T. ) ;
#8808 = CARTESIAN_POINT ( 'NONE',  ( 5.724622203665678200, 36.88577788155969728, 45.00000000000000000 ) ) ;
#8809 = DIRECTION ( 'NONE',  ( -0.4999999999999997780, -0.8660254037844388186, 0.000000000000000000 ) ) ;
#8810 = ORIENTED_EDGE ( 'NONE', *, *, #7566, .T. ) ;
#8811 = FACE_OUTER_BOUND ( 'NONE', #2650, .T. ) ;
#8812 = VECTOR ( 'NONE', #5135, 1000.000000000000000 ) ;
#8813 = ORIENTED_EDGE ( 'NONE', *, *, #4953, .T. ) ;
#8814 = CARTESIAN_POINT ( 'NONE',  ( -45.00000000000000711, 28.22552384371527623, 10.72462220366568353 ) ) ;
#8815 = CARTESIAN_POINT ( 'NONE',  ( 45.00000000000000711, 13.11422211844026720, 15.72462220366567465 ) ) ;
#8816 = ORIENTED_EDGE ( 'NONE', *, *, #2240, .T. ) ;
#8817 = ORIENTED_EDGE ( 'NONE', *, *, #2747, .F. ) ;
#8818 = DIRECTION ( 'NONE',  ( -0.3939192985791676871, 0.000000000000000000, -0.9191450300180578070 ) ) ;
#8819 = PLANE ( 'NONE',  #6864 ) ;
#8820 = CARTESIAN_POINT ( 'NONE',  ( 0.000000000000000000, 19.22649730810374180, 40.59999999999996589 ) ) ;
#8821 = EDGE_CURVE ( 'NONE', #2581, #5889, #8392, .T. ) ;
#8822 = CARTESIAN_POINT ( 'NONE',  ( 40.59999999999999432, 4.999999999999997335, 40.59999999999999432 ) ) ;
#8823 = CARTESIAN_POINT ( 'NONE',  ( -45.00000000000000711, 13.11422211844026720, -5.724622203665671094 ) ) ;
#8824 = DIRECTION ( 'NONE',  ( 0.8660254037844388186, -0.4999999999999997780, 0.000000000000000000 ) ) ;
#8825 = VERTEX_POINT ( 'NONE', #3905 ) ;
#8826 = PLANE ( 'NONE',  #4759 ) ;
#8827 = VERTEX_POINT ( 'NONE', #3035 ) ;
#8828 = ORIENTED_EDGE ( 'NONE', *, *, #5471, .T. ) ;
#8829 = ORIENTED_EDGE ( 'NONE', *, *, #1409, .F. ) ;
#8830 = LINE ( 'NONE', #5715, #9040 ) ;
#8831 = EDGE_CURVE ( 'NONE', #1247, #3396, #5475, .T. ) ;
#8832 = DIRECTION ( 'NONE',  ( 1.000000000000000000, -0.000000000000000000, -7.709882115452476934E-17 ) ) ;
#8833 = CARTESIAN_POINT ( 'NONE',  ( -40.60000000000000142, 4.644439057571934093, -40.39471679417584227 ) ) ;
#8834 = ORIENTED_EDGE ( 'NONE', *, *, #8874, .F. ) ;
#8835 = ORIENTED_EDGE ( 'NONE', *, *, #533, .T. ) ;
#8836 = CARTESIAN_POINT ( 'NONE',  ( -45.00000000000000711, 10.22747077249214520, 32.17386661099703815 ) ) ;
#8837 = FACE_OUTER_BOUND ( 'NONE', #2266, .T. ) ;
#8838 = CARTESIAN_POINT ( 'NONE',  ( 40.59999999999999432, 21.77447615628465272, -32.17386661099701683 ) ) ;
#8839 = LINE ( 'NONE', #1880, #199 ) ;
#8840 = DIRECTION ( 'NONE',  ( 7.709882115452476934E-17, -0.000000000000000000, 1.000000000000000000 ) ) ;
#8841 = ORIENTED_EDGE ( 'NONE', *, *, #9320, .F. ) ;
#8842 = VERTEX_POINT ( 'NONE', #7645 ) ;
#8843 = VERTEX_POINT ( 'NONE', #2275 ) ;
#8844 = ORIENTED_EDGE ( 'NONE', *, *, #7635, .T. ) ;
#8845 = FACE_OUTER_BOUND ( 'NONE', #2890, .T. ) ;
#8846 = EDGE_CURVE ( 'NONE', #4994, #8688, #3853, .T. ) ;
#8847 = CARTESIAN_POINT ( 'NONE',  ( -4.999999999999999112, 27.88675134594812377, 45.00000000000000000 ) ) ;
#8848 = DIRECTION ( 'NONE',  ( 0.000000000000000000, -1.000000000000000000, -3.004629197474320528E-16 ) ) ;
#8849 = DIRECTION ( 'NONE',  ( 0.000000000000000000, -0.5000000000000002220, -0.8660254037844384856 ) ) ;
#8850 = LINE ( 'NONE', #3559, #8752 ) ;
#8851 = PLANE ( 'NONE',  #6503 ) ;
#8852 = ORIENTED_EDGE ( 'NONE', *, *, #9450, .T. ) ;
#8853 = DIRECTION ( 'NONE',  ( -7.709882115452476934E-17, 1.502314598737162976E-16, -1.000000000000000000 ) ) ;
#8854 = VERTEX_POINT ( 'NONE', #6079 ) ;
#8855 = DIRECTION ( 'NONE',  ( -0.000000000000000000, -0.000000000000000000, 1.000000000000000000 ) ) ;
#8856 = CARTESIAN_POINT ( 'NONE',  ( -40.60000000000000142, 4.999999999999996447, -37.17386661099702394 ) ) ;
#8857 = EDGE_CURVE ( 'NONE', #4063, #5645, #5374, .T. ) ;
#8858 = ORIENTED_EDGE ( 'NONE', *, *, #6868, .T. ) ;
#8859 = VERTEX_POINT ( 'NONE', #8492 ) ;
#8860 = EDGE_CURVE ( 'NONE', #3373, #4795, #1469, .T. ) ;
#8861 = CARTESIAN_POINT ( 'NONE',  ( 45.00000000000000711, 27.88675134594809180, 26.44924440733135640 ) ) ;
#8862 = EDGE_CURVE ( 'NONE', #8102, #6807, #6940, .T. ) ;
#8863 = CARTESIAN_POINT ( 'NONE',  ( -10.83278071092711947, 0.000000000000000000, 10.04494211376878177 ) ) ;
#8864 = EDGE_CURVE ( 'NONE', #2635, #955, #4617, .T. ) ;
#8865 = CARTESIAN_POINT ( 'NONE',  ( 45.00000000000000711, 36.88577788155966175, -27.17386661099702039 ) ) ;
#8866 = LINE ( 'NONE', #8116, #7837 ) ;
#8867 = CARTESIAN_POINT ( 'NONE',  ( -45.00000000000000711, 10.22747077249213810, -10.72462220366567287 ) ) ;
#8868 = CARTESIAN_POINT ( 'NONE',  ( -45.00000000000000711, 36.88577788155966175, 15.72462220366568530 ) ) ;
#8869 = ORIENTED_EDGE ( 'NONE', *, *, #4604, .T. ) ;
#8870 = CARTESIAN_POINT ( 'NONE',  ( 43.00000000000000000, 0.000000000000000000, -9.945747928933695060E-15 ) ) ;
#8871 = ORIENTED_EDGE ( 'NONE', *, *, #8118, .F. ) ;
#8872 = ORIENTED_EDGE ( 'NONE', *, *, #78, .F. ) ;
#8873 = ORIENTED_EDGE ( 'NONE', *, *, #2772, .F. ) ;
#8874 = EDGE_CURVE ( 'NONE', #8015, #1383, #6842, .T. ) ;
#8875 = PLANE ( 'NONE',  #4405 ) ;
#8876 = DIRECTION ( 'NONE',  ( 6.009258394948641055E-16, -1.000000000000000000, 0.000000000000000000 ) ) ;
#8877 = LINE ( 'NONE', #5659, #6008 ) ;
#8878 = CARTESIAN_POINT ( 'NONE',  ( -25.50528320582414921, 31.14481641337579632, -40.59999999999999432 ) ) ;
#8879 = VERTEX_POINT ( 'NONE', #6231 ) ;
#8880 = VERTEX_POINT ( 'NONE', #7692 ) ;
#8881 = EDGE_CURVE ( 'NONE', #3406, #4434, #6176, .T. ) ;
#8882 = ADVANCED_FACE ( 'NONE', ( #5427 ), #1678, .F. ) ;
#8883 = FACE_OUTER_BOUND ( 'NONE', #3871, .T. ) ;
#8884 = VECTOR ( 'NONE', #6260, 1000.000000000000000 ) ;
#8885 = EDGE_CURVE ( 'NONE', #1115, #8775, #4666, .T. ) ;
#8886 =( NAMED_UNIT ( * ) SI_UNIT ( $, .STERADIAN. ) SOLID_ANGLE_UNIT ( ) );
#8887 = CARTESIAN_POINT ( 'NONE',  ( -4.336808689942017736E-16, 30.77350269189625109, -40.59999999999999432 ) ) ;
#8888 = CARTESIAN_POINT ( 'NONE',  ( -15.72462220366567465, 31.11227518966344263, -45.00000000000000000 ) ) ;
#8889 = CARTESIAN_POINT ( 'NONE',  ( 15.72462220366567465, 18.88772481033656092, 40.59999999999996589 ) ) ;
#8890 = DIRECTION ( 'NONE',  ( 0.8660254037844383745, 0.5000000000000004441, 0.000000000000000000 ) ) ;
#8891 = AXIS2_PLACEMENT_3D ( 'NONE', #8623, #7715, #8514 ) ;
#8892 = ORIENTED_EDGE ( 'NONE', *, *, #618, .T. ) ;
#8893 = VECTOR ( 'NONE', #1427, 999.9999999999998863 ) ;
#8894 = ORIENTED_EDGE ( 'NONE', *, *, #754, .T. ) ;
#8895 = ORIENTED_EDGE ( 'NONE', *, *, #1955, .T. ) ;
#8896 = ORIENTED_EDGE ( 'NONE', *, *, #9410, .T. ) ;
#8897 = DIRECTION ( 'NONE',  ( 0.000000000000000000, -1.000000000000000000, -3.004629197474320528E-16 ) ) ;
#8898 = VECTOR ( 'NONE', #9088, 1000.000000000000000 ) ;
#8899 = VECTOR ( 'NONE', #6095, 1000.000000000000114 ) ;
#8900 = CARTESIAN_POINT ( 'NONE',  ( 15.72462220366567465, 31.11227518966344974, -45.00000000000000000 ) ) ;
#8901 = CARTESIAN_POINT ( 'NONE',  ( -1.103125484187130745, 4.999999999999997335, -15.16033048310347553 ) ) ;
#8902 = CARTESIAN_POINT ( 'NONE',  ( -40.60000000000000142, 39.80507045122016763, -20.50528320582410302 ) ) ;
#8903 = CARTESIAN_POINT ( 'NONE',  ( -42.82579128151292025, 8.855183586624207237, 40.59999999999999432 ) ) ;
#8904 = ORIENTED_EDGE ( 'NONE', *, *, #9305, .T. ) ;
#8905 = ORIENTED_EDGE ( 'NONE', *, *, #9924, .F. ) ;
#8906 = CARTESIAN_POINT ( 'NONE',  ( -40.75702789600870801, 5.271980294092706743, -40.59999999999999432 ) ) ;
#8907 = DIRECTION ( 'NONE',  ( 0.000000000000000000, 0.000000000000000000, -1.000000000000000000 ) ) ;
#8908 = ORIENTED_EDGE ( 'NONE', *, *, #3918, .T. ) ;
#8909 = VECTOR ( 'NONE', #5186, 1000.000000000000114 ) ;
#8910 = ORIENTED_EDGE ( 'NONE', *, *, #4760, .F. ) ;
#8911 = VECTOR ( 'NONE', #7605, 1000.000000000000000 ) ;
#8912 = VECTOR ( 'NONE', #4642, 1000.000000000000227 ) ;
#8913 = CARTESIAN_POINT ( 'NONE',  ( -40.60000000000000142, 13.93223433193705851, -45.75702789600867959 ) ) ;
#8914 = DIRECTION ( 'NONE',  ( 3.854941057726236618E-17, -0.8660254037844387076, 0.4999999999999998335 ) ) ;
#8915 = LINE ( 'NONE', #5292, #817 ) ;
#8916 = EDGE_CURVE ( 'NONE', #7918, #7429, #794, .T. ) ;
#8917 = LINE ( 'NONE', #6570, #2182 ) ;
#8918 = VECTOR ( 'NONE', #7203, 1000.000000000000114 ) ;
#8919 = DIRECTION ( 'NONE',  ( 1.000000000000000000, -0.000000000000000000, -7.709882115452476934E-17 ) ) ;
#8920 = EDGE_CURVE ( 'NONE', #7194, #8617, #9299, .T. ) ;
#8921 = VECTOR ( 'NONE', #9777, 1000.000000000000000 ) ;
#8922 = LINE ( 'NONE', #6573, #8335 ) ;
#8923 = ORIENTED_EDGE ( 'NONE', *, *, #1627, .F. ) ;
#8924 = LINE ( 'NONE', #1208, #7782 ) ;
#8925 = ORIENTED_EDGE ( 'NONE', *, *, #4507, .F. ) ;
#8926 = ORIENTED_EDGE ( 'NONE', *, *, #2639, .T. ) ;
#8927 = ORIENTED_EDGE ( 'NONE', *, *, #5665, .T. ) ;
#8928 = VERTEX_POINT ( 'NONE', #9912 ) ;
#8929 = VECTOR ( 'NONE', #1457, 1000.000000000000000 ) ;
#8930 = VECTOR ( 'NONE', #4796, 1000.000000000000000 ) ;
#8931 = VECTOR ( 'NONE', #5833, 1000.000000000000114 ) ;
#8932 = CARTESIAN_POINT ( 'NONE',  ( -32.17386661099703105, 21.77447615628468114, -40.59999999999999432 ) ) ;
#8933 = EDGE_CURVE ( 'NONE', #474, #6181, #3965, .T. ) ;
#8934 = DIRECTION ( 'NONE',  ( 0.4999999999999998890, 0.8660254037844387076, 0.000000000000000000 ) ) ;
#8935 = DIRECTION ( 'NONE',  ( 1.000000000000000000, -0.000000000000000000, -7.709882115452476934E-17 ) ) ;
#8936 = VECTOR ( 'NONE', #7259, 999.9999999999998863 ) ;
#8937 = ADVANCED_FACE ( 'NONE', ( #3191 ), #6279, .F. ) ;
#8938 = EDGE_CURVE ( 'NONE', #7446, #1616, #643, .T. ) ;
#8939 = ORIENTED_EDGE ( 'NONE', *, *, #7847, .T. ) ;
#8940 = ORIENTED_EDGE ( 'NONE', *, *, #9960, .T. ) ;
#8941 = CARTESIAN_POINT ( 'NONE',  ( -40.60000000000000142, 36.88577788155964043, 27.17386661099701328 ) ) ;
#8942 = AXIS2_PLACEMENT_3D ( 'NONE', #3972, #4021, #7057 ) ;
#8943 = DIRECTION ( 'NONE',  ( -0.2886751345948134762, -0.6804138174397701411, -0.6735753140545646112 ) ) ;
#8944 = DIRECTION ( 'NONE',  ( 3.854941057726244014E-17, 0.8660254037844382635, 0.5000000000000007772 ) ) ;
#8945 = DIRECTION ( 'NONE',  ( -0.000000000000000000, -0.000000000000000000, 1.000000000000000000 ) ) ;
#8946 = FACE_OUTER_BOUND ( 'NONE', #3337, .T. ) ;
#8947 = CARTESIAN_POINT ( 'NONE',  ( -31.22990540948982741, 21.22947990248992767, 40.59999999999999432 ) ) ;
#8948 = VECTOR ( 'NONE', #2169, 1000.000000000000000 ) ;
#8949 = ORIENTED_EDGE ( 'NONE', *, *, #8632, .T. ) ;
#8950 = ORIENTED_EDGE ( 'NONE', *, *, #1572, .T. ) ;
#8951 = VERTEX_POINT ( 'NONE', #697 ) ;
#8952 = CARTESIAN_POINT ( 'NONE',  ( 5.724622203665681752, 31.11227518966344263, -45.00000000000000000 ) ) ;
#8953 = VECTOR ( 'NONE', #7247, 1000.000000000000000 ) ;
#8954 = CARTESIAN_POINT ( 'NONE',  ( 43.00000000000000711, 45.00000000000000000, 45.00000000000000000 ) ) ;
#8955 = CARTESIAN_POINT ( 'NONE',  ( 40.59999999999999432, 21.77447615628465627, -10.72462220366566399 ) ) ;
#8956 = EDGE_CURVE ( 'NONE', #1746, #8975, #9956, .T. ) ;
#8957 = LINE ( 'NONE', #5097, #4584 ) ;
#8958 = LINE ( 'NONE', #1080, #5694 ) ;
#8959 = ORIENTED_EDGE ( 'NONE', *, *, #8970, .F. ) ;
#8960 = VERTEX_POINT ( 'NONE', #4208 ) ;
#8961 = FACE_BOUND ( 'NONE', #4720, .T. ) ;
#8962 = VECTOR ( 'NONE', #5293, 1000.000000000000000 ) ;
#8963 = ORIENTED_EDGE ( 'NONE', *, *, #4736, .F. ) ;
#8964 = ORIENTED_EDGE ( 'NONE', *, *, #3122, .T. ) ;
#8965 = LINE ( 'NONE', #564, #7486 ) ;
#8966 = CARTESIAN_POINT ( 'NONE',  ( 45.00000000000000711, 31.11227518966341066, -15.72462220366568175 ) ) ;
#8967 = LINE ( 'NONE', #8316, #9057 ) ;
#8968 = PLANE ( 'NONE',  #2830 ) ;
#8969 = AXIS2_PLACEMENT_3D ( 'NONE', #3962, #6122, #1677 ) ;
#8970 = EDGE_CURVE ( 'NONE', #5852, #459, #2480, .T. ) ;
#8971 = LINE ( 'NONE', #8264, #8921 ) ;
#8972 = CARTESIAN_POINT ( 'NONE',  ( 27.17386661099703460, 31.11227518966344263, -40.59999999999999432 ) ) ;
#8973 = ORIENTED_EDGE ( 'NONE', *, *, #3250, .F. ) ;
#8974 = CARTESIAN_POINT ( 'NONE',  ( 27.17386661099703460, 36.88577788155969728, -45.00000000000000000 ) ) ;
#8975 = VERTEX_POINT ( 'NONE', #5730 ) ;
#8976 = VERTEX_POINT ( 'NONE', #7939 ) ;
#8977 = ORIENTED_EDGE ( 'NONE', *, *, #8857, .T. ) ;
#8978 = VERTEX_POINT ( 'NONE', #1829 ) ;
#8979 = ADVANCED_FACE ( 'NONE', ( #8740 ), #8795, .F. ) ;
#8980 = VECTOR ( 'NONE', #9778, 1000.000000000000000 ) ;
#8981 = DIRECTION ( 'NONE',  ( 0.000000000000000000, 0.5000000000000002220, 0.8660254037844384856 ) ) ;
#8982 = LINE ( 'NONE', #9789, #5832 ) ;
#8983 = CARTESIAN_POINT ( 'NONE',  ( -16.44924440733135640, 27.88675134594812732, 45.00000000000000000 ) ) ;
#8984 = VERTEX_POINT ( 'NONE', #7993 ) ;
#8985 = ORIENTED_EDGE ( 'NONE', *, *, #1797, .T. ) ;
#8986 = EDGE_CURVE ( 'NONE', #6271, #5655, #8692, .T. ) ;
#8987 = EDGE_CURVE ( 'NONE', #7964, #3143, #8839, .T. ) ;
#8988 = FACE_OUTER_BOUND ( 'NONE', #6543, .T. ) ;
#8989 = FACE_OUTER_BOUND ( 'NONE', #3641, .T. ) ;
#8990 = LINE ( 'NONE', #2683, #706 ) ;
#8991 = EDGE_CURVE ( 'NONE', #5286, #6433, #3235, .T. ) ;
#8992 = CARTESIAN_POINT ( 'NONE',  ( 45.00000000000000711, 21.77447615628465272, -32.17386661099702394 ) ) ;
#8993 = CARTESIAN_POINT ( 'NONE',  ( 15.72462220366567465, 18.88772481033656092, -45.00000000000000000 ) ) ;
#8994 = CARTESIAN_POINT ( 'NONE',  ( -24.67009459051016407, -22.59140552900268162, 40.59999999999999432 ) ) ;
#8995 = VERTEX_POINT ( 'NONE', #9406 ) ;
#8996 = VERTEX_POINT ( 'NONE', #6539 ) ;
#8997 = VERTEX_POINT ( 'NONE', #5627 ) ;
#8998 = LINE ( 'NONE', #1886, #8777 ) ;
#8999 = CARTESIAN_POINT ( 'NONE',  ( 40.59999999999999432, 30.77350269189625109, 1.387778780781445676E-14 ) ) ;
#9000 = CARTESIAN_POINT ( 'NONE',  ( 40.59999999999997300, 31.11227518966341066, 27.17386661099703460 ) ) ;
#9001 = DIRECTION ( 'NONE',  ( 0.7071067811865472397, 0.000000000000000000, -0.7071067811865479058 ) ) ;
#9002 = CARTESIAN_POINT ( 'NONE',  ( 45.00000000000000711, 31.11227518966340355, 15.72462220366567465 ) ) ;
#9003 = ORIENTED_EDGE ( 'NONE', *, *, #9646, .T. ) ;
#9004 = ORIENTED_EDGE ( 'NONE', *, *, #3444, .T. ) ;
#9005 = CARTESIAN_POINT ( 'NONE',  ( 45.00000000000000711, 31.11227518966341066, 5.724622203665674647 ) ) ;
#9006 = VERTEX_POINT ( 'NONE', #5670 ) ;
#9007 = ORIENTED_EDGE ( 'NONE', *, *, #1907, .F. ) ;
#9008 = FACE_OUTER_BOUND ( 'NONE', #1794, .T. ) ;
#9009 = LINE ( 'NONE', #9056, #5396 ) ;
#9010 = EDGE_CURVE ( 'NONE', #3143, #5028, #2533, .T. ) ;
#9011 = CARTESIAN_POINT ( 'NONE',  ( -26.44924440733135285, 22.11324865405186557, -45.00000000000000000 ) ) ;
#9012 = EDGE_CURVE ( 'NONE', #7389, #6224, #6327, .T. ) ;
#9013 = FACE_OUTER_BOUND ( 'NONE', #1046, .T. ) ;
#9014 = CARTESIAN_POINT ( 'NONE',  ( 45.00000000000000711, 39.77252922750778907, 32.17386661099703815 ) ) ;
#9015 = LINE ( 'NONE', #3625, #9075 ) ;
#9016 = FACE_OUTER_BOUND ( 'NONE', #8797, .T. ) ;
#9017 = ORIENTED_EDGE ( 'NONE', *, *, #6432, .F. ) ;
#9018 = FACE_OUTER_BOUND ( 'NONE', #1628, .T. ) ;
#9019 = VERTEX_POINT ( 'NONE', #336 ) ;
#9020 = LINE ( 'NONE', #3103, #6661 ) ;
#9021 = ORIENTED_EDGE ( 'NONE', *, *, #6829, .T. ) ;
#9022 = ORIENTED_EDGE ( 'NONE', *, *, #901, .T. ) ;
#9023 = DIRECTION ( 'NONE',  ( 6.009258394948641055E-16, -1.000000000000000000, 0.000000000000000000 ) ) ;
#9024 = CARTESIAN_POINT ( 'NONE',  ( -45.00000000000000711, 39.77252922750778907, 10.72462220366569063 ) ) ;
#9025 = CARTESIAN_POINT ( 'NONE',  ( -45.00000000000000711, 13.11422211844027252, -37.17386661099702394 ) ) ;
#9026 = ORIENTED_EDGE ( 'NONE', *, *, #2025, .T. ) ;
#9027 = ORIENTED_EDGE ( 'NONE', *, *, #5304, .F. ) ;
#9028 = EDGE_CURVE ( 'NONE', #2956, #4114, #4747, .T. ) ;
#9029 = DIRECTION ( 'NONE',  ( -7.709882115452476934E-17, 0.000000000000000000, -1.000000000000000000 ) ) ;
#9030 = DIRECTION ( 'NONE',  ( -0.8660254037844387076, 0.4999999999999998890, 0.000000000000000000 ) ) ;
#9031 = DIRECTION ( 'NONE',  ( 7.709882115452476934E-17, -3.004629197474320528E-16, 1.000000000000000000 ) ) ;
#9032 = CARTESIAN_POINT ( 'NONE',  ( -15.72462220366567465, 18.88772481033655382, -45.00000000000000000 ) ) ;
#9033 = ADVANCED_FACE ( 'NONE', ( #4163, #3294, #2685, #1731, #7890, #1775, #5776, #7846, #1927, #7240, #7141, #911 ), #4014, .F. ) ;
#9034 = CARTESIAN_POINT ( 'NONE',  ( 45.00000000000000711, 30.77350269189624399, 8.991696229806753179E-15 ) ) ;
#9035 = EDGE_CURVE ( 'NONE', #4886, #8978, #240, .T. ) ;
#9036 = DIRECTION ( 'NONE',  ( 0.000000000000000000, 1.000000000000000000, 1.502314598737162729E-16 ) ) ;
#9037 = EDGE_CURVE ( 'NONE', #6765, #1616, #192, .T. ) ;
#9038 = EDGE_LOOP ( 'NONE', ( #5465, #5256, #7637, #2869, #5903, #7786 ) ) ;
#9039 = ORIENTED_EDGE ( 'NONE', *, *, #6875, .T. ) ;
#9040 = VECTOR ( 'NONE', #7920, 1000.000000000000000 ) ;
#9041 = ORIENTED_EDGE ( 'NONE', *, *, #8572, .F. ) ;
#9042 = EDGE_CURVE ( 'NONE', #8997, #1833, #9457, .T. ) ;
#9043 = CARTESIAN_POINT ( 'NONE',  ( 32.17386661099703105, 21.77447615628468824, -45.00000000000000000 ) ) ;
#9044 = DIRECTION ( 'NONE',  ( 0.8660254037844388186, -0.4999999999999997780, 0.000000000000000000 ) ) ;
#9045 = EDGE_CURVE ( 'NONE', #562, #7258, #6430, .T. ) ;
#9046 = DIRECTION ( 'NONE',  ( -0.8660254037844387076, 0.4999999999999998890, 0.000000000000000000 ) ) ;
#9047 = AXIS2_PLACEMENT_3D ( 'NONE', #7022, #2299, #3167 ) ;
#9048 = CARTESIAN_POINT ( 'NONE',  ( 32.17386661099703105, 21.77447615628468824, 45.00000000000000000 ) ) ;
#9049 = DIRECTION ( 'NONE',  ( 0.000000000000000000, 0.5000000000000005551, -0.8660254037844382635 ) ) ;
#9050 = EDGE_CURVE ( 'NONE', #1243, #3540, #8294, .T. ) ;
#9051 = EDGE_CURVE ( 'NONE', #8061, #7076, #9694, .T. ) ;
#9052 = ORIENTED_EDGE ( 'NONE', *, *, #2568, .T. ) ;
#9053 = CARTESIAN_POINT ( 'NONE',  ( -30.86759430765699008, 21.85702113901067278, 40.59999999999999432 ) ) ;
#9054 = ORIENTED_EDGE ( 'NONE', *, *, #9567, .F. ) ;
#9055 = VERTEX_POINT ( 'NONE', #8196 ) ;
#9056 = CARTESIAN_POINT ( 'NONE',  ( -15.72462220366567465, 31.11227518966344263, -45.00000000000000000 ) ) ;
#9057 = VECTOR ( 'NONE', #8217, 1000.000000000000000 ) ;
#9058 = LINE ( 'NONE', #1951, #4937 ) ;
#9059 = DIRECTION ( 'NONE',  ( 1.000000000000000000, -0.000000000000000000, 0.000000000000000000 ) ) ;
#9060 = DIRECTION ( 'NONE',  ( -0.8660254037844387076, 0.4999999999999998890, 0.000000000000000000 ) ) ;
#9061 = DIRECTION ( 'NONE',  ( 0.8660254037844388186, -0.4999999999999997780, 0.000000000000000000 ) ) ;
#9062 = ORIENTED_EDGE ( 'NONE', *, *, #4834, .F. ) ;
#9063 = CARTESIAN_POINT ( 'NONE',  ( 45.00000000000000711, 18.88772481033652895, 37.17386661099703815 ) ) ;
#9064 = VECTOR ( 'NONE', #2333, 1000.000000000000000 ) ;
#9065 = AXIS2_PLACEMENT_3D ( 'NONE', #6311, #5615, #9442 ) ;
#9066 = EDGE_CURVE ( 'NONE', #5798, #9068, #3597, .T. ) ;
#9067 = VECTOR ( 'NONE', #8429, 1000.000000000000114 ) ;
#9068 = VERTEX_POINT ( 'NONE', #4366 ) ;
#9069 = CARTESIAN_POINT ( 'NONE',  ( -33.34396987557884273, 10.00000000000000000, 17.08051390828825333 ) ) ;
#9070 = VECTOR ( 'NONE', #5509, 1000.000000000000114 ) ;
#9071 = ORIENTED_EDGE ( 'NONE', *, *, #1401, .F. ) ;
#9072 = EDGE_LOOP ( 'NONE', ( #8584, #2834, #2833, #6162, #6098, #3054 ) ) ;
#9073 = VECTOR ( 'NONE', #7844, 1000.000000000000114 ) ;
#9074 = CARTESIAN_POINT ( 'NONE',  ( 37.17386661099703105, 18.88772481033656092, -45.00000000000000000 ) ) ;
#9075 = VECTOR ( 'NONE', #2055, 1000.000000000000000 ) ;
#9076 = DIRECTION ( 'NONE',  ( 0.000000000000000000, -0.4999999999999998335, -0.8660254037844387076 ) ) ;
#9077 = DIRECTION ( 'NONE',  ( 6.009258394948640069E-16, -1.000000000000000000, 0.000000000000000000 ) ) ;
#9078 = LINE ( 'NONE', #6060, #82 ) ;
#9079 = EDGE_CURVE ( 'NONE', #7266, #5341, #3650, .T. ) ;
#9080 = ORIENTED_EDGE ( 'NONE', *, *, #4505, .F. ) ;
#9081 = ORIENTED_EDGE ( 'NONE', *, *, #1023, .T. ) ;
#9082 = VECTOR ( 'NONE', #2466, 1000.000000000000114 ) ;
#9083 = VECTOR ( 'NONE', #9285, 1000.000000000000000 ) ;
#9084 = PLANE ( 'NONE',  #2817 ) ;
#9085 = CARTESIAN_POINT ( 'NONE',  ( -32.17386661099703105, 39.77252922750781750, -45.00000000000000000 ) ) ;
#9086 = VECTOR ( 'NONE', #666, 1000.000000000000114 ) ;
#9087 = PLANE ( 'NONE',  #6383 ) ;
#9088 = DIRECTION ( 'NONE',  ( 1.000000000000000000, -0.000000000000000000, -7.709882115452476934E-17 ) ) ;
#9089 = VECTOR ( 'NONE', #2366, 1000.000000000000114 ) ;
#9090 = CARTESIAN_POINT ( 'NONE',  ( 37.17386661099703105, 31.11227518966344974, -45.00000000000000000 ) ) ;
#9091 = FACE_OUTER_BOUND ( 'NONE', #376, .T. ) ;
#9092 = CARTESIAN_POINT ( 'NONE',  ( -26.44924440733135285, 27.88675134594812377, 45.00000000000000000 ) ) ;
#9093 = ORIENTED_EDGE ( 'NONE', *, *, #5344, .F. ) ;
#9094 = ORIENTED_EDGE ( 'NONE', *, *, #9914, .T. ) ;
#9095 = CIRCLE ( 'NONE', #5567, 2.000000000000001776 ) ;
#9096 = VERTEX_POINT ( 'NONE', #4267 ) ;
#9097 = PLANE ( 'NONE',  #6041 ) ;
#9098 = EDGE_CURVE ( 'NONE', #4403, #635, #4320, .T. ) ;
#9099 = EDGE_CURVE ( 'NONE', #3601, #3172, #1978, .T. ) ;
#9100 = PLANE ( 'NONE',  #995 ) ;
#9101 = CARTESIAN_POINT ( 'NONE',  ( -45.00000000000000711, 21.77447615628465272, -10.72462220366566577 ) ) ;
#9102 = VECTOR ( 'NONE', #7372, 1000.000000000000000 ) ;
#9103 = LINE ( 'NONE', #1424, #8931 ) ;
#9104 = CARTESIAN_POINT ( 'NONE',  ( -45.00000000000000711, 31.11227518966340355, -27.17386661099701328 ) ) ;
#9105 = ORIENTED_EDGE ( 'NONE', *, *, #3627, .F. ) ;
#9106 = LINE ( 'NONE', #7551, #1968 ) ;
#9107 = ORIENTED_EDGE ( 'NONE', *, *, #8373, .T. ) ;
#9108 = ORIENTED_EDGE ( 'NONE', *, *, #6412, .T. ) ;
#9109 = PLANE ( 'NONE',  #7176 ) ;
#9110 = ADVANCED_FACE ( 'NONE', ( #5925 ), #2879, .F. ) ;
#9111 = VECTOR ( 'NONE', #443, 1000.000000000000000 ) ;
#9112 = PLANE ( 'NONE',  #6220 ) ;
#9113 = CARTESIAN_POINT ( 'NONE',  ( -45.00000000000000711, 28.22552384371527623, 10.72462220366568353 ) ) ;
#9114 = CARTESIAN_POINT ( 'NONE',  ( -12.71189761665426587, 53.30361025463752611, 40.59999999999999432 ) ) ;
#9115 = EDGE_CURVE ( 'NONE', #9552, #1196, #6639, .T. ) ;
#9116 = VERTEX_POINT ( 'NONE', #8889 ) ;
#9117 = CARTESIAN_POINT ( 'NONE',  ( -40.60000000000000142, 31.11227518966340355, 37.17386661099704526 ) ) ;
#9118 = VECTOR ( 'NONE', #7954, 1000.000000000000114 ) ;
#9119 = VERTEX_POINT ( 'NONE', #5177 ) ;
#9120 = LINE ( 'NONE', #2903, #175 ) ;
#9121 = EDGE_LOOP ( 'NONE', ( #9781, #4524, #8896, #4853 ) ) ;
#9122 = ORIENTED_EDGE ( 'NONE', *, *, #6747, .F. ) ;
#9123 = EDGE_CURVE ( 'NONE', #996, #1581, #5873, .T. ) ;
#9124 = DIRECTION ( 'NONE',  ( 0.8660254037844383745, 0.5000000000000003331, 0.000000000000000000 ) ) ;
#9125 = VECTOR ( 'NONE', #2213, 1000.000000000000000 ) ;
#9126 = CARTESIAN_POINT ( 'NONE',  ( 40.59999999999999432, 4.999999999999993783, -15.72462220366568530 ) ) ;
#9127 = LINE ( 'NONE', #4456, #1653 ) ;
#9128 = DIRECTION ( 'NONE',  ( -2.312964634635742957E-16, -0.000000000000000000, -1.000000000000000000 ) ) ;
#9129 = DIRECTION ( 'NONE',  ( 0.8660254037844388186, -0.4999999999999997780, 0.000000000000000000 ) ) ;
#9130 = VERTEX_POINT ( 'NONE', #2118 ) ;
#9131 = VERTEX_POINT ( 'NONE', #1273 ) ;
#9132 = VECTOR ( 'NONE', #7972, 1000.000000000000000 ) ;
#9133 = EDGE_CURVE ( 'NONE', #4327, #8842, #395, .T. ) ;
#9134 = FACE_OUTER_BOUND ( 'NONE', #6437, .T. ) ;
#9135 = EDGE_CURVE ( 'NONE', #6003, #6750, #1230, .T. ) ;
#9136 = CARTESIAN_POINT ( 'NONE',  ( -37.17386661099703105, 18.88772481033655382, -45.00000000000000000 ) ) ;
#9137 = DIRECTION ( 'NONE',  ( 0.000000000000000000, 0.000000000000000000, -1.000000000000000000 ) ) ;
#9138 = CARTESIAN_POINT ( 'NONE',  ( 45.00000000000000711, 31.11227518966340355, 15.72462220366567465 ) ) ;
#9139 = CARTESIAN_POINT ( 'NONE',  ( -45.00000000000000711, 13.11422211844027252, 37.17386661099704526 ) ) ;
#9140 = DIRECTION ( 'NONE',  ( 0.000000000000000000, -1.000000000000000000, 0.000000000000000000 ) ) ;
#9141 = VERTEX_POINT ( 'NONE', #2831 ) ;
#9142 = ORIENTED_EDGE ( 'NONE', *, *, #2019, .T. ) ;
#9143 = ORIENTED_EDGE ( 'NONE', *, *, #5131, .F. ) ;
#9144 = CARTESIAN_POINT ( 'NONE',  ( -37.17386661099700973, 4.999999999999999112, 40.59999999999999432 ) ) ;
#9145 = DIRECTION ( 'NONE',  ( 0.7071067811865477948, 0.000000000000000000, -0.7071067811865473507 ) ) ;
#9146 = LINE ( 'NONE', #5521, #6731 ) ;
#9147 = DIRECTION ( 'NONE',  ( 0.000000000000000000, -0.5000000000000006661, 0.8660254037844381525 ) ) ;
#9148 = CARTESIAN_POINT ( 'NONE',  ( 27.17386661099703460, 36.88577788155969728, -45.00000000000000000 ) ) ;
#9149 = ADVANCED_FACE ( 'NONE', ( #7394 ), #2732, .F. ) ;
#9150 = ORIENTED_EDGE ( 'NONE', *, *, #5668, .T. ) ;
#9151 = CARTESIAN_POINT ( 'NONE',  ( 40.59999999999997300, 10.22747077249213810, -10.72462220366567998 ) ) ;
#9152 = ORIENTED_EDGE ( 'NONE', *, *, #8857, .F. ) ;
#9153 = VERTEX_POINT ( 'NONE', #6691 ) ;
#9154 = DIRECTION ( 'NONE',  ( 0.000000000000000000, 0.5000000000000006661, -0.8660254037844383745 ) ) ;
#9155 = CARTESIAN_POINT ( 'NONE',  ( 40.59999999999999432, 7.377352558618806455, -41.97256513967720792 ) ) ;
#9156 = LINE ( 'NONE', #3821, #7299 ) ;
#9157 = DIRECTION ( 'NONE',  ( -0.8660254037844384856, -0.5000000000000004441, 0.000000000000000000 ) ) ;
#9158 = DIRECTION ( 'NONE',  ( 0.7071067811865473507, 0.000000000000000000, -0.7071067811865477948 ) ) ;
#9159 = ADVANCED_FACE ( 'NONE', ( #8946 ), #7490, .F. ) ;
#9160 = ORIENTED_EDGE ( 'NONE', *, *, #4816, .F. ) ;
#9161 = CARTESIAN_POINT ( 'NONE',  ( -45.00000000000000711, 18.88772481033652184, 15.72462220366568530 ) ) ;
#9162 = ORIENTED_EDGE ( 'NONE', *, *, #1249, .F. ) ;
#9163 = DIRECTION ( 'NONE',  ( 0.000000000000000000, -1.000000000000000000, 0.000000000000000000 ) ) ;
#9164 = ORIENTED_EDGE ( 'NONE', *, *, #3340, .T. ) ;
#9165 = ORIENTED_EDGE ( 'NONE', *, *, #9010, .T. ) ;
#9166 = LINE ( 'NONE', #8412, #9086 ) ;
#9167 = EDGE_CURVE ( 'NONE', #2066, #634, #9844, .T. ) ;
#9168 = LINE ( 'NONE', #933, #7609 ) ;
#9169 = CARTESIAN_POINT ( 'NONE',  ( 0.000000000000000000, 0.000000000000000000, 43.00000000000000000 ) ) ;
#9170 = CARTESIAN_POINT ( 'NONE',  ( -45.00000000000000000, 39.77252922750779618, 32.17386661099705947 ) ) ;
#9171 = CARTESIAN_POINT ( 'NONE',  ( 45.00000000000000711, 31.11227518966340355, -27.17386661099702039 ) ) ;
#9172 = EDGE_LOOP ( 'NONE', ( #8376, #4598, #3724, #9071 ) ) ;
#9173 = ORIENTED_EDGE ( 'NONE', *, *, #6777, .T. ) ;
#9174 = EDGE_CURVE ( 'NONE', #8784, #9595, #5023, .T. ) ;
#9175 = LINE ( 'NONE', #9986, #3479 ) ;
#9176 = LINE ( 'NONE', #487, #5214 ) ;
#9177 = CARTESIAN_POINT ( 'NONE',  ( -40.60000000000000142, 4.999999999999992895, -27.17386661099702394 ) ) ;
#9178 = FACE_OUTER_BOUND ( 'NONE', #3210, .T. ) ;
#9179 = CARTESIAN_POINT ( 'NONE',  ( 37.17386661099703105, 31.11227518966344974, -45.00000000000000000 ) ) ;
#9180 = CARTESIAN_POINT ( 'NONE',  ( 10.72462220366567820, 21.77447615628468824, -45.00000000000000000 ) ) ;
#9181 = DIRECTION ( 'NONE',  ( -0.8660254037844387076, 0.4999999999999998890, 0.000000000000000000 ) ) ;
#9182 = ORIENTED_EDGE ( 'NONE', *, *, #1024, .F. ) ;
#9183 = ORIENTED_EDGE ( 'NONE', *, *, #461, .T. ) ;
#9184 = ADVANCED_FACE ( 'NONE', ( #1167 ), #5824, .F. ) ;
#9185 = ORIENTED_EDGE ( 'NONE', *, *, #5957, .F. ) ;
#9186 = ORIENTED_EDGE ( 'NONE', *, *, #5508, .F. ) ;
#9187 = LINE ( 'NONE', #2181, #4762 ) ;
#9188 = DIRECTION ( 'NONE',  ( 0.000000000000000000, 1.000000000000000000, 1.502314598737162729E-16 ) ) ;
#9189 = FACE_OUTER_BOUND ( 'NONE', #2984, .T. ) ;
#9190 = DIRECTION ( 'NONE',  ( 0.000000000000000000, 0.5000000000000006661, -0.8660254037844383745 ) ) ;
#9191 = LINE ( 'NONE', #8539, #5065 ) ;
#9192 = VERTEX_POINT ( 'NONE', #5276 ) ;
#9193 = DIRECTION ( 'NONE',  ( -0.000000000000000000, -0.000000000000000000, 1.000000000000000000 ) ) ;
#9194 = ORIENTED_EDGE ( 'NONE', *, *, #5822, .F. ) ;
#9195 = ORIENTED_EDGE ( 'NONE', *, *, #1548, .T. ) ;
#9196 = CARTESIAN_POINT ( 'NONE',  ( -45.00000000000000711, 31.11227518966340355, 37.17386661099704526 ) ) ;
#9197 = FACE_OUTER_BOUND ( 'NONE', #3613, .T. ) ;
#9198 = PRESENTATION_LAYER_ASSIGNMENT (  '', '', ( #3581 ) ) ;
#9199 = CARTESIAN_POINT ( 'NONE',  ( 5.724622203665678200, 36.88577788155969728, -45.00000000000000000 ) ) ;
#9200 = DIRECTION ( 'NONE',  ( -0.4999999999999991118, 0.7071067811865490160, -0.4999999999999988343 ) ) ;
#9201 = VERTEX_POINT ( 'NONE', #3844 ) ;
#9202 = CARTESIAN_POINT ( 'NONE',  ( -40.60000000000000142, 49.09286572558531248, -15.14297210399124438 ) ) ;
#9203 = ORIENTED_EDGE ( 'NONE', *, *, #2149, .T. ) ;
#9204 = CARTESIAN_POINT ( 'NONE',  ( 15.72462220366567465, 13.11422211844031160, -45.00000000000000000 ) ) ;
#9205 = ORIENTED_EDGE ( 'NONE', *, *, #7516, .F. ) ;
#9206 = VECTOR ( 'NONE', #3975, 1000.000000000000000 ) ;
#9207 = ORIENTED_EDGE ( 'NONE', *, *, #4023, .F. ) ;
#9208 = VECTOR ( 'NONE', #4078, 999.9999999999998863 ) ;
#9209 = DIRECTION ( 'NONE',  ( -0.000000000000000000, -0.000000000000000000, 1.000000000000000000 ) ) ;
#9210 = EDGE_CURVE ( 'NONE', #6534, #8102, #6886, .T. ) ;
#9211 = LINE ( 'NONE', #6919, #3247 ) ;
#9212 = VECTOR ( 'NONE', #2832, 1000.000000000000000 ) ;
#9213 = FACE_OUTER_BOUND ( 'NONE', #2369, .T. ) ;
#9214 = DIRECTION ( 'NONE',  ( -3.854941057726239700E-17, 0.8660254037844385966, -0.5000000000000003331 ) ) ;
#9215 = FACE_OUTER_BOUND ( 'NONE', #8748, .T. ) ;
#9216 = CARTESIAN_POINT ( 'NONE',  ( -45.00000000000000711, 10.22747077249213810, -32.17386661099702394 ) ) ;
#9217 = VERTEX_POINT ( 'NONE', #9230 ) ;
#9218 = ORIENTED_EDGE ( 'NONE', *, *, #2517, .F. ) ;
#9219 = VECTOR ( 'NONE', #6276, 1000.000000000000114 ) ;
#9220 = VECTOR ( 'NONE', #7888, 1000.000000000000000 ) ;
#9221 = VECTOR ( 'NONE', #5499, 999.9999999999998863 ) ;
#9222 = ADVANCED_FACE ( 'NONE', ( #3128 ), #3028, .F. ) ;
#9223 = CARTESIAN_POINT ( 'NONE',  ( 40.59999999999999432, 45.00000000000000000, -40.59999999999999432 ) ) ;
#9224 = EDGE_CURVE ( 'NONE', #4432, #7429, #7776, .T. ) ;
#9225 = EDGE_CURVE ( 'NONE', #3143, #4950, #1612, .T. ) ;
#9226 = CARTESIAN_POINT ( 'NONE',  ( 40.59999999999999432, -2.537983952267080845, -36.24794293601151907 ) ) ;
#9227 = LINE ( 'NONE', #9946, #8929 ) ;
#9228 = DIRECTION ( 'NONE',  ( 0.000000000000000000, -0.5000000000000006661, 0.8660254037844382635 ) ) ;
#9229 = VECTOR ( 'NONE', #7181, 1000.000000000000000 ) ;
#9230 = CARTESIAN_POINT ( 'NONE',  ( 40.59999999999997300, 36.88577788155965465, 27.17386661099703460 ) ) ;
#9231 = CARTESIAN_POINT ( 'NONE',  ( 40.59999999999997300, 27.88675134594809180, -16.44924440733135285 ) ) ;
#9232 = ORIENTED_EDGE ( 'NONE', *, *, #8074, .T. ) ;
#9233 = VECTOR ( 'NONE', #7204, 1000.000000000000114 ) ;
#9234 = ORIENTED_EDGE ( 'NONE', *, *, #3315, .T. ) ;
#9235 = VERTEX_POINT ( 'NONE', #3952 ) ;
#9236 = ORIENTED_EDGE ( 'NONE', *, *, #3056, .F. ) ;
#9237 = EDGE_CURVE ( 'NONE', #3562, #1276, #5318, .T. ) ;
#9238 = DIRECTION ( 'NONE',  ( 1.000000000000000000, -0.000000000000000000, -7.709882115452476934E-17 ) ) ;
#9239 = DIRECTION ( 'NONE',  ( 3.854941057726244014E-17, 0.8660254037844382635, 0.5000000000000007772 ) ) ;
#9240 = VECTOR ( 'NONE', #3785, 1000.000000000000000 ) ;
#9241 = FACE_OUTER_BOUND ( 'NONE', #8375, .T. ) ;
#9242 = VECTOR ( 'NONE', #4469, 1000.000000000000000 ) ;
#9243 = DIRECTION ( 'NONE',  ( -0.000000000000000000, 0.000000000000000000, -1.000000000000000000 ) ) ;
#9244 = DIRECTION ( 'NONE',  ( -7.709882115452476934E-17, 1.502314598737162976E-16, -1.000000000000000000 ) ) ;
#9245 = CARTESIAN_POINT ( 'NONE',  ( -5.724622203665678200, 13.11422211844030450, -45.00000000000000000 ) ) ;
#9246 = DIRECTION ( 'NONE',  ( 0.7071067811865474617, 0.000000000000000000, 0.7071067811865474617 ) ) ;
#9247 = AXIS2_PLACEMENT_3D ( 'NONE', #4009, #8586, #4106 ) ;
#9248 = ORIENTED_EDGE ( 'NONE', *, *, #1144, .F. ) ;
#9249 = DIRECTION ( 'NONE',  ( -6.938893903907221278E-15, -0.000000000000000000, -1.000000000000000000 ) ) ;
#9250 = ORIENTED_EDGE ( 'NONE', *, *, #7136, .T. ) ;
#9251 = VERTEX_POINT ( 'NONE', #2264 ) ;
#9252 = CARTESIAN_POINT ( 'NONE',  ( -45.00000000000000711, 10.22747077249213810, 10.72462220366568353 ) ) ;
#9253 = FACE_BOUND ( 'NONE', #6415, .T. ) ;
#9254 = VECTOR ( 'NONE', #7199, 1000.000000000000000 ) ;
#9255 = EDGE_CURVE ( 'NONE', #6414, #3048, #6218, .T. ) ;
#9256 = PLANE ( 'NONE',  #5682 ) ;
#9257 = CARTESIAN_POINT ( 'NONE',  ( 40.59999999999999432, 4.999999999999997335, -40.59999999999999432 ) ) ;
#9258 = CARTESIAN_POINT ( 'NONE',  ( -5.724622203665678200, 18.88772481033655382, -45.00000000000000000 ) ) ;
#9259 = CARTESIAN_POINT ( 'NONE',  ( -37.17386661099703105, 36.88577788155969728, -45.00000000000000000 ) ) ;
#9260 = ORIENTED_EDGE ( 'NONE', *, *, #1465, .F. ) ;
#9261 = DIRECTION ( 'NONE',  ( -1.000000000000000000, -6.009258394948641055E-16, 0.000000000000000000 ) ) ;
#9262 = ORIENTED_EDGE ( 'NONE', *, *, #266, .F. ) ;
#9263 = CARTESIAN_POINT ( 'NONE',  ( 32.17386661099703105, 10.22747077249218073, -45.00000000000000000 ) ) ;
#9264 = VECTOR ( 'NONE', #5981, 1000.000000000000000 ) ;
#9265 = EDGE_LOOP ( 'NONE', ( #9027, #1116, #2425, #5571 ) ) ;
#9266 = ORIENTED_EDGE ( 'NONE', *, *, #9977, .F. ) ;
#9267 = DIRECTION ( 'NONE',  ( -3.854941057726239700E-17, 0.8660254037844385966, -0.5000000000000003331 ) ) ;
#9268 = EDGE_CURVE ( 'NONE', #214, #6286, #3744, .T. ) ;
#9269 = DIRECTION ( 'NONE',  ( 7.709882115452476934E-17, 0.000000000000000000, 1.000000000000000000 ) ) ;
#9270 = VECTOR ( 'NONE', #6352, 1000.000000000000000 ) ;
#9271 = CARTESIAN_POINT ( 'NONE',  ( -45.00000000000000711, 31.11227518966341066, 27.17386661099704170 ) ) ;
#9272 = CARTESIAN_POINT ( 'NONE',  ( 37.17386661099703105, 18.88772481033656092, -45.00000000000000000 ) ) ;
#9273 = DIRECTION ( 'NONE',  ( 0.000000000000000000, 0.000000000000000000, -1.000000000000000000 ) ) ;
#9274 = ORIENTED_EDGE ( 'NONE', *, *, #9487, .F. ) ;
#9275 = ORIENTED_EDGE ( 'NONE', *, *, #2639, .F. ) ;
#9276 = ORIENTED_EDGE ( 'NONE', *, *, #4696, .F. ) ;
#9277 = ADVANCED_FACE ( 'NONE', ( #83 ), #9991, .T. ) ;
#9278 = VECTOR ( 'NONE', #518, 1000.000000000000114 ) ;
#9279 = EDGE_CURVE ( 'NONE', #2321, #2061, #4606, .T. ) ;
#9280 = CARTESIAN_POINT ( 'NONE',  ( -3.083024471509464348, 0.000000000000000000, -16.00885862052733444 ) ) ;
#9281 = DIRECTION ( 'NONE',  ( -1.000000000000000000, -6.009258394948641055E-16, 0.000000000000000000 ) ) ;
#9282 = LINE ( 'NONE', #6265, #2793 ) ;
#9283 = CARTESIAN_POINT ( 'NONE',  ( -45.00000000000000711, 18.88772481033652895, 37.17386661099704526 ) ) ;
#9284 = AXIS2_PLACEMENT_3D ( 'NONE', #9283, #3950, #7775 ) ;
#9285 = DIRECTION ( 'NONE',  ( 0.000000000000000000, -0.5000000000000006661, 0.8660254037844382635 ) ) ;
#9286 = CARTESIAN_POINT ( 'NONE',  ( -40.60000000000000142, 27.43077413535440456, -53.55041348517856648 ) ) ;
#9287 = VERTEX_POINT ( 'NONE', #8342 ) ;
#9288 = EDGE_CURVE ( 'NONE', #902, #474, #6981, .T. ) ;
#9289 = EDGE_CURVE ( 'NONE', #1260, #6934, #4652, .T. ) ;
#9290 = ORIENTED_EDGE ( 'NONE', *, *, #7785, .F. ) ;
#9291 = VERTEX_POINT ( 'NONE', #4703 ) ;
#9292 = EDGE_CURVE ( 'NONE', #8090, #4166, #736, .T. ) ;
#9293 = EDGE_LOOP ( 'NONE', ( #4806, #7685, #5514, #8746, #16, #5712 ) ) ;
#9294 = PLANE ( 'NONE',  #9247 ) ;
#9295 = EDGE_CURVE ( 'NONE', #1684, #2727, #6071, .T. ) ;
#9296 = PLANE ( 'NONE',  #3439 ) ;
#9297 = CARTESIAN_POINT ( 'NONE',  ( -40.60000000000000142, 18.88772481033651474, 5.724622203665679976 ) ) ;
#9298 = CARTESIAN_POINT ( 'NONE',  ( -32.28330970379901999, 1.999999999999988010, 18.14117408006807253 ) ) ;
#9299 = LINE ( 'NONE', #857, #1348 ) ;
#9300 = DIRECTION ( 'NONE',  ( 3.854941057726244014E-17, 0.8660254037844382635, 0.5000000000000007772 ) ) ;
#9301 = DIRECTION ( 'NONE',  ( 0.5000000000000004441, -0.8660254037844384856, 0.000000000000000000 ) ) ;
#9302 = ORIENTED_EDGE ( 'NONE', *, *, #3007, .T. ) ;
#9303 = DIRECTION ( 'NONE',  ( 0.000000000000000000, 0.5000000000000005551, -0.8660254037844382635 ) ) ;
#9304 = EDGE_LOOP ( 'NONE', ( #4522, #3545, #9306, #9062 ) ) ;
#9305 = EDGE_CURVE ( 'NONE', #9663, #5551, #6160, .T. ) ;
#9306 = ORIENTED_EDGE ( 'NONE', *, *, #4732, .F. ) ;
#9307 = LINE ( 'NONE', #9252, #4107 ) ;
#9308 = FACE_BOUND ( 'NONE', #6945, .T. ) ;
#9309 = CARTESIAN_POINT ( 'NONE',  ( 45.00000000000000711, 10.22747077249213810, 10.72462220366567642 ) ) ;
#9310 = CARTESIAN_POINT ( 'NONE',  ( 5.724622203665678200, 36.88577788155969728, -45.00000000000000000 ) ) ;
#9311 = LINE ( 'NONE', #3864, #5268 ) ;
#9312 = CARTESIAN_POINT ( 'NONE',  ( 32.17386661099703105, 28.22552384371531886, -45.00000000000000000 ) ) ;
#9313 = ORIENTED_EDGE ( 'NONE', *, *, #1109, .F. ) ;
#9314 = FACE_OUTER_BOUND ( 'NONE', #1419, .T. ) ;
#9315 = ORIENTED_EDGE ( 'NONE', *, *, #2418, .F. ) ;
#9316 = CARTESIAN_POINT ( 'NONE',  ( 16.00885862052730957, 0.000000000000000000, 3.083024471509459907 ) ) ;
#9317 = ORIENTED_EDGE ( 'NONE', *, *, #138, .F. ) ;
#9318 = EDGE_CURVE ( 'NONE', #9351, #8431, #844, .T. ) ;
#9319 = EDGE_LOOP ( 'NONE', ( #6560, #9494, #9850, #7326 ) ) ;
#9320 = EDGE_CURVE ( 'NONE', #9668, #3893, #7037, .T. ) ;
#9321 = CARTESIAN_POINT ( 'NONE',  ( -5.724622203665678200, 18.88772481033655382, -45.00000000000000000 ) ) ;
#9322 = DIRECTION ( 'NONE',  ( -0.8660254037844387076, -0.4999999999999998890, 0.000000000000000000 ) ) ;
#9323 = DIRECTION ( 'NONE',  ( -1.000000000000000000, 0.000000000000000000, 0.000000000000000000 ) ) ;
#9324 = PLANE ( 'NONE',  #4753 ) ;
#9325 = CARTESIAN_POINT ( 'NONE',  ( -24.28974596215562798, 33.25018867790191734, -40.59999999999999432 ) ) ;
#9326 = ORIENTED_EDGE ( 'NONE', *, *, #1109, .T. ) ;
#9327 = ORIENTED_EDGE ( 'NONE', *, *, #1828, .T. ) ;
#9328 = CARTESIAN_POINT ( 'NONE',  ( -26.44924440733135285, 22.11324865405186557, -40.59999999999999432 ) ) ;
#9329 = EDGE_LOOP ( 'NONE', ( #8973, #9677, #704, #5463 ) ) ;
#9330 = DIRECTION ( 'NONE',  ( -0.000000000000000000, -0.000000000000000000, 1.000000000000000000 ) ) ;
#9331 = ADVANCED_FACE ( 'NONE', ( #4512, #7583, #9901, #2412, #4192, #5850, #5653, #6518, #8718, #9633, #6623, #3486 ), #8070, .F. ) ;
#9332 = DIRECTION ( 'NONE',  ( 0.000000000000000000, 1.000000000000000000, 0.000000000000000000 ) ) ;
#9333 = CARTESIAN_POINT ( 'NONE',  ( -45.00000000000000711, 18.88772481033651829, -37.17386661099702394 ) ) ;
#9334 = CARTESIAN_POINT ( 'NONE',  ( 16.44924440733135640, 22.11324865405187268, -45.00000000000000000 ) ) ;
#9335 = LINE ( 'NONE', #324, #4475 ) ;
#9336 = FACE_BOUND ( 'NONE', #9354, .T. ) ;
#9337 = LINE ( 'NONE', #2367, #2338 ) ;
#9338 = ORIENTED_EDGE ( 'NONE', *, *, #3606, .F. ) ;
#9339 = ORIENTED_EDGE ( 'NONE', *, *, #252, .F. ) ;
#9340 = ORIENTED_EDGE ( 'NONE', *, *, #8030, .T. ) ;
#9341 = EDGE_LOOP ( 'NONE', ( #6866, #7827, #888, #3425, #7449, #9512 ) ) ;
#9342 = DIRECTION ( 'NONE',  ( 0.000000000000000000, 0.5000000000000005551, -0.8660254037844382635 ) ) ;
#9343 = LINE ( 'NONE', #6227, #182 ) ;
#9344 = EDGE_CURVE ( 'NONE', #5010, #5464, #1042, .T. ) ;
#9345 = CARTESIAN_POINT ( 'NONE',  ( 44.99999999999999289, 27.88675134594808469, -26.44924440733135640 ) ) ;
#9346 = CARTESIAN_POINT ( 'NONE',  ( 5.724622203665678200, 18.88772481033656092, -45.00000000000000000 ) ) ;
#9347 = EDGE_CURVE ( 'NONE', #7194, #9804, #473, .T. ) ;
#9348 = DIRECTION ( 'NONE',  ( 0.4999999999999998890, 0.8660254037844387076, 0.000000000000000000 ) ) ;
#9349 = CARTESIAN_POINT ( 'NONE',  ( -45.00000000000000711, 21.77447615628465272, -32.17386661099701683 ) ) ;
#9350 = ADVANCED_FACE ( 'NONE', ( #7267 ), #313, .F. ) ;
#9351 = VERTEX_POINT ( 'NONE', #3372 ) ;
#9352 = LINE ( 'NONE', #195, #6808 ) ;
#9353 = CARTESIAN_POINT ( 'NONE',  ( 32.17386661099703105, 39.77252922750782460, -45.00000000000000000 ) ) ;
#9354 = EDGE_LOOP ( 'NONE', ( #9516, #8107, #9606, #7996, #5141 ) ) ;
#9355 = VERTEX_POINT ( 'NONE', #2605 ) ;
#9356 = FACE_OUTER_BOUND ( 'NONE', #3284, .T. ) ;
#9357 = DIRECTION ( 'NONE',  ( -0.8660254037844387076, -0.4999999999999998890, 0.000000000000000000 ) ) ;
#9358 = EDGE_CURVE ( 'NONE', #718, #4587, #375, .T. ) ;
#9359 = LINE ( 'NONE', #8502, #5208 ) ;
#9360 = DIRECTION ( 'NONE',  ( -0.8660254037844387076, -0.4999999999999998890, 0.000000000000000000 ) ) ;
#9361 = DIRECTION ( 'NONE',  ( 0.9191450300180576960, 0.000000000000000000, 0.3939192985791679646 ) ) ;
#9362 = ADVANCED_FACE ( 'NONE', ( #1143, #9336, #5761 ), #8826, .T. ) ;
#9363 = FACE_OUTER_BOUND ( 'NONE', #9870, .T. ) ;
#9364 = ORIENTED_EDGE ( 'NONE', *, *, #9838, .T. ) ;
#9365 = CARTESIAN_POINT ( 'NONE',  ( 45.00000000000000711, 39.77252922750778907, 32.17386661099703815 ) ) ;
#9366 = VERTEX_POINT ( 'NONE', #6459 ) ;
#9367 = CARTESIAN_POINT ( 'NONE',  ( -37.17386661099703105, 36.88577788155969728, -45.00000000000000000 ) ) ;
#9368 = CARTESIAN_POINT ( 'NONE',  ( 45.00000000000000711, 13.11422211844027252, 37.17386661099703815 ) ) ;
#9369 = ORIENTED_EDGE ( 'NONE', *, *, #916, .T. ) ;
#9370 = ORIENTED_EDGE ( 'NONE', *, *, #9996, .T. ) ;
#9371 = DIRECTION ( 'NONE',  ( 6.009258394948641055E-16, -1.000000000000000000, 0.000000000000000000 ) ) ;
#9372 = AXIS2_PLACEMENT_3D ( 'NONE', #2827, #5218, #6065 ) ;
#9373 = LINE ( 'NONE', #6880, #4600 ) ;
#9374 = DIRECTION ( 'NONE',  ( -7.709882115452476934E-17, 1.502314598737162976E-16, -1.000000000000000000 ) ) ;
#9375 = CARTESIAN_POINT ( 'NONE',  ( -45.00000000000000711, 36.88577788155965465, -37.17386661099701683 ) ) ;
#9376 = EDGE_CURVE ( 'NONE', #4495, #6283, #8924, .T. ) ;
#9377 = LINE ( 'NONE', #8054, #822 ) ;
#9378 = CARTESIAN_POINT ( 'NONE',  ( -26.44924440733135285, 27.88675134594812377, -45.00000000000000000 ) ) ;
#9379 = ORIENTED_EDGE ( 'NONE', *, *, #7740, .F. ) ;
#9380 = VECTOR ( 'NONE', #3265, 1000.000000000000000 ) ;
#9381 = ORIENTED_EDGE ( 'NONE', *, *, #534, .F. ) ;
#9382 = ORIENTED_EDGE ( 'NONE', *, *, #7912, .F. ) ;
#9383 = AXIS2_PLACEMENT_3D ( 'NONE', #1368, #8290, #588 ) ;
#9384 = AXIS2_PLACEMENT_3D ( 'NONE', #2349, #2501, #5444 ) ;
#9385 = DIRECTION ( 'NONE',  ( -0.000000000000000000, -0.000000000000000000, 1.000000000000000000 ) ) ;
#9386 = EDGE_CURVE ( 'NONE', #6558, #213, #2758, .T. ) ;
#9387 = LINE ( 'NONE', #229, #492 ) ;
#9388 = CARTESIAN_POINT ( 'NONE',  ( -45.00000000000000711, 22.11324865405183715, -16.44924440733134929 ) ) ;
#9389 = CARTESIAN_POINT ( 'NONE',  ( 10.72462220366567820, 39.77252922750782460, 45.00000000000000000 ) ) ;
#9390 = ORIENTED_EDGE ( 'NONE', *, *, #3537, .T. ) ;
#9391 = EDGE_LOOP ( 'NONE', ( #7462, #8447, #1617, #8251, #1749, #925 ) ) ;
#9392 = AXIS2_PLACEMENT_3D ( 'NONE', #6640, #7994, #1065 ) ;
#9393 = AXIS2_PLACEMENT_3D ( 'NONE', #2218, #8236, #9840 ) ;
#9394 = VECTOR ( 'NONE', #2290, 1000.000000000000114 ) ;
#9395 = EDGE_LOOP ( 'NONE', ( #4196, #7783, #9369, #4870 ) ) ;
#9396 = CIRCLE ( 'NONE', #5069, 2.000000000000001776 ) ;
#9397 = EDGE_LOOP ( 'NONE', ( #5886, #4792, #4513, #863, #3826, #998 ) ) ;
#9398 = DIRECTION ( 'NONE',  ( 1.000000000000000000, -0.000000000000000000, 0.000000000000000000 ) ) ;
#9399 = DIRECTION ( 'NONE',  ( 0.000000000000000000, -0.5000000000000006661, 0.8660254037844381525 ) ) ;
#9400 = CARTESIAN_POINT ( 'NONE',  ( -45.00000000000000711, 28.22552384371527623, -32.17386661099701683 ) ) ;
#9401 = VECTOR ( 'NONE', #204, 1000.000000000000000 ) ;
#9402 = VECTOR ( 'NONE', #4822, 1000.000000000000114 ) ;
#9403 = AXIS2_PLACEMENT_3D ( 'NONE', #3204, #3825, #5387 ) ;
#9404 = FACE_BOUND ( 'NONE', #5202, .T. ) ;
#9405 = DIRECTION ( 'NONE',  ( 7.709882115452476934E-17, -3.004629197474320528E-16, 1.000000000000000000 ) ) ;
#9406 = CARTESIAN_POINT ( 'NONE',  ( -40.60000000000000142, 31.11227518966341066, -37.17386661099701683 ) ) ;
#9407 = CARTESIAN_POINT ( 'NONE',  ( -26.44924440733135285, 22.11324865405186557, -45.00000000000000000 ) ) ;
#9408 = ORIENTED_EDGE ( 'NONE', *, *, #7278, .T. ) ;
#9409 = DIRECTION ( 'NONE',  ( 0.5000000000000004441, -0.8660254037844384856, 0.000000000000000000 ) ) ;
#9410 = EDGE_CURVE ( 'NONE', #7133, #5836, #5007, .T. ) ;
#9411 = ORIENTED_EDGE ( 'NONE', *, *, #9736, .T. ) ;
#9412 = VECTOR ( 'NONE', #5134, 1000.000000000000000 ) ;
#9413 = ORIENTED_EDGE ( 'NONE', *, *, #8664, .F. ) ;
#9414 = VECTOR ( 'NONE', #9547, 1000.000000000000114 ) ;
#9415 = CARTESIAN_POINT ( 'NONE',  ( -45.00000000000000711, 31.11227518966340355, -5.724622203665671094 ) ) ;
#9416 = LINE ( 'NONE', #8803, #4608 ) ;
#9417 = VECTOR ( 'NONE', #4595, 1000.000000000000000 ) ;
#9418 = CARTESIAN_POINT ( 'NONE',  ( 0.000000000000000000, 19.22649730810374180, -40.59999999999999432 ) ) ;
#9419 = LINE ( 'NONE', #8503, #6170 ) ;
#9420 = PLANE ( 'NONE',  #9448 ) ;
#9421 = VECTOR ( 'NONE', #8512, 999.9999999999998863 ) ;
#9422 = LINE ( 'NONE', #4124, #2949 ) ;
#9423 = ORIENTED_EDGE ( 'NONE', *, *, #4620, .T. ) ;
#9424 = CARTESIAN_POINT ( 'NONE',  ( -40.60000000000000142, 30.77350269189622267, -21.44924440733134219 ) ) ;
#9425 = VERTEX_POINT ( 'NONE', #7327 ) ;
#9426 = FACE_OUTER_BOUND ( 'NONE', #1417, .T. ) ;
#9427 = EDGE_CURVE ( 'NONE', #2798, #7593, #5709, .T. ) ;
#9428 = VERTEX_POINT ( 'NONE', #426 ) ;
#9429 = EDGE_LOOP ( 'NONE', ( #147, #2076, #2900, #3534 ) ) ;
#9430 = LINE ( 'NONE', #975, #6845 ) ;
#9431 = VECTOR ( 'NONE', #8897, 1000.000000000000000 ) ;
#9432 = LINE ( 'NONE', #4137, #9753 ) ;
#9433 = EDGE_CURVE ( 'NONE', #2792, #1930, #1860, .T. ) ;
#9434 = LINE ( 'NONE', #9628, #2268 ) ;
#9435 = CARTESIAN_POINT ( 'NONE',  ( 44.99999999999999289, 2.000000000000001776, -43.00000000000000000 ) ) ;
#9436 = CARTESIAN_POINT ( 'NONE',  ( -40.60000000000000142, 4.999999999999997335, 40.59999999999999432 ) ) ;
#9437 = ORIENTED_EDGE ( 'NONE', *, *, #9577, .F. ) ;
#9438 = VECTOR ( 'NONE', #5821, 1000.000000000000000 ) ;
#9439 = ORIENTED_EDGE ( 'NONE', *, *, #4091, .T. ) ;
#9440 = VERTEX_POINT ( 'NONE', #4961 ) ;
#9441 = AXIS2_PLACEMENT_3D ( 'NONE', #8814, #9621, #5796 ) ;
#9442 = DIRECTION ( 'NONE',  ( 0.000000000000000000, 0.000000000000000000, 1.000000000000000000 ) ) ;
#9443 = CARTESIAN_POINT ( 'NONE',  ( -16.44924440733135640, 27.88675134594812377, -45.00000000000000000 ) ) ;
#9444 = FACE_OUTER_BOUND ( 'NONE', #1499, .T. ) ;
#9445 = DIRECTION ( 'NONE',  ( 0.000000000000000000, 1.000000000000000000, 0.000000000000000000 ) ) ;
#9446 = ORIENTED_EDGE ( 'NONE', *, *, #7484, .F. ) ;
#9447 = ORIENTED_EDGE ( 'NONE', *, *, #8327, .T. ) ;
#9448 = AXIS2_PLACEMENT_3D ( 'NONE', #2544, #2493, #205 ) ;
#9449 = VERTEX_POINT ( 'NONE', #5055 ) ;
#9450 = EDGE_CURVE ( 'NONE', #1914, #4808, #8123, .T. ) ;
#9451 = ORIENTED_EDGE ( 'NONE', *, *, #9452, .F. ) ;
#9452 = EDGE_CURVE ( 'NONE', #6549, #3942, #5113, .T. ) ;
#9453 = CARTESIAN_POINT ( 'NONE',  ( -27.17386661099703460, 31.11227518966344263, -45.00000000000000000 ) ) ;
#9454 = LINE ( 'NONE', #9400, #4258 ) ;
#9455 = VECTOR ( 'NONE', #9990, 999.9999999999998863 ) ;
#9456 = CARTESIAN_POINT ( 'NONE',  ( -45.00000000000000711, 18.88772481033652539, 27.17386661099704170 ) ) ;
#9457 = LINE ( 'NONE', #4868, #9738 ) ;
#9458 = DIRECTION ( 'NONE',  ( 0.4999999999999997780, 0.7071067811865483499, 0.4999999999999992784 ) ) ;
#9459 = VERTEX_POINT ( 'NONE', #7419 ) ;
#9460 = LINE ( 'NONE', #6330, #3901 ) ;
#9461 = EDGE_LOOP ( 'NONE', ( #5091, #8717, #1408, #7292 ) ) ;
#9462 = ORIENTED_EDGE ( 'NONE', *, *, #6662, .F. ) ;
#9463 = CARTESIAN_POINT ( 'NONE',  ( 21.67670798600080317, 10.00000000000000000, -5.413252018710219993 ) ) ;
#9464 = DIRECTION ( 'NONE',  ( 0.000000000000000000, -0.4999999999999998335, -0.8660254037844387076 ) ) ;
#9465 = DIRECTION ( 'NONE',  ( 0.8660254037844388186, -0.4999999999999997224, 0.000000000000000000 ) ) ;
#9466 = EDGE_CURVE ( 'NONE', #4193, #2736, #3577, .T. ) ;
#9467 = CARTESIAN_POINT ( 'NONE',  ( -45.00000000000000711, 27.88675134594808824, 16.44924440733135995 ) ) ;
#9468 = CARTESIAN_POINT ( 'NONE',  ( 37.17386661099702394, 4.999999999999997335, 40.59999999999999432 ) ) ;
#9469 = EDGE_LOOP ( 'NONE', ( #1962, #1943, #399, #1441 ) ) ;
#9470 = DIRECTION ( 'NONE',  ( 0.8660254037844384856, 0.5000000000000004441, 0.000000000000000000 ) ) ;
#9471 = ADVANCED_FACE ( 'NONE', ( #6717 ), #5338, .F. ) ;
#9472 = ORIENTED_EDGE ( 'NONE', *, *, #7099, .F. ) ;
#9473 = PLANE ( 'NONE',  #6976 ) ;
#9474 = EDGE_LOOP ( 'NONE', ( #1700, #4718, #3513, #7226 ) ) ;
#9475 = EDGE_LOOP ( 'NONE', ( #6245, #9162, #6504, #8872 ) ) ;
#9476 = DIRECTION ( 'NONE',  ( 0.000000000000000000, 0.5000000000000005551, -0.8660254037844382635 ) ) ;
#9477 = CARTESIAN_POINT ( 'NONE',  ( -15.72462220366567465, 36.88577788155969728, -45.00000000000000000 ) ) ;
#9478 = LINE ( 'NONE', #2600, #4231 ) ;
#9479 = EDGE_CURVE ( 'NONE', #675, #8729, #1396, .T. ) ;
#9480 = CARTESIAN_POINT ( 'NONE',  ( 40.59999999999997300, 27.88675134594810956, -4.999999999999998224 ) ) ;
#9481 = DIRECTION ( 'NONE',  ( 0.8660254037844383745, 0.5000000000000004441, 0.000000000000000000 ) ) ;
#9482 = ORIENTED_EDGE ( 'NONE', *, *, #1767, .T. ) ;
#9483 = ORIENTED_EDGE ( 'NONE', *, *, #848, .F. ) ;
#9484 = ORIENTED_EDGE ( 'NONE', *, *, #6463, .T. ) ;
#9485 = EDGE_CURVE ( 'NONE', #4045, #8484, #2901, .T. ) ;
#9486 = CARTESIAN_POINT ( 'NONE',  ( 45.00000000000000711, 19.22649730810370627, -21.44924440733135640 ) ) ;
#9487 = EDGE_CURVE ( 'NONE', #6793, #785, #4531, .T. ) ;
#9488 = DIRECTION ( 'NONE',  ( -0.8660254037844387076, 0.4999999999999998890, 0.000000000000000000 ) ) ;
#9489 = DIRECTION ( 'NONE',  ( -0.8660254037844387076, -0.4999999999999998890, 0.000000000000000000 ) ) ;
#9490 = EDGE_CURVE ( 'NONE', #2167, #1353, #2808, .T. ) ;
#9491 = VERTEX_POINT ( 'NONE', #9117 ) ;
#9492 = FACE_OUTER_BOUND ( 'NONE', #7027, .T. ) ;
#9493 = EDGE_LOOP ( 'NONE', ( #1790, #3455, #9501, #8744 ) ) ;
#9494 = ORIENTED_EDGE ( 'NONE', *, *, #3784, .T. ) ;
#9495 = ORIENTED_EDGE ( 'NONE', *, *, #1573, .F. ) ;
#9496 = DIRECTION ( 'NONE',  ( -0.8660254037844388186, 0.4999999999999997780, 0.000000000000000000 ) ) ;
#9497 = LINE ( 'NONE', #2575, #3283 ) ;
#9498 = CARTESIAN_POINT ( 'NONE',  ( -40.60000000000000142, 4.999999999999997335, 40.59999999999999432 ) ) ;
#9499 = EDGE_CURVE ( 'NONE', #9794, #2619, #5255, .T. ) ;
#9500 = CARTESIAN_POINT ( 'NONE',  ( 40.59999999999997300, 31.11227518966341066, -37.17386661099702394 ) ) ;
#9501 = ORIENTED_EDGE ( 'NONE', *, *, #5614, .F. ) ;
#9502 = ORIENTED_EDGE ( 'NONE', *, *, #9799, .T. ) ;
#9503 = LINE ( 'NONE', #3300, #2932 ) ;
#9504 = DIRECTION ( 'NONE',  ( 0.000000000000000000, 0.000000000000000000, -1.000000000000000000 ) ) ;
#9505 = VERTEX_POINT ( 'NONE', #2096 ) ;
#9506 = EDGE_LOOP ( 'NONE', ( #1500, #5516, #5622, #4310 ) ) ;
#9507 = DIRECTION ( 'NONE',  ( 0.5000000000000004441, -0.8660254037844384856, 0.000000000000000000 ) ) ;
#9508 = LINE ( 'NONE', #2643, #8953 ) ;
#9509 = FACE_OUTER_BOUND ( 'NONE', #7353, .T. ) ;
#9510 = CARTESIAN_POINT ( 'NONE',  ( -45.00000000000000711, 22.11324865405185491, 5.000000000000009770 ) ) ;
#9511 = PLANE ( 'NONE',  #7963 ) ;
#9512 = ORIENTED_EDGE ( 'NONE', *, *, #8805, .T. ) ;
#9513 = CARTESIAN_POINT ( 'NONE',  ( -45.00000000000000711, 22.11324865405184426, -26.44924440733135285 ) ) ;
#9514 = ORIENTED_EDGE ( 'NONE', *, *, #1271, .T. ) ;
#9515 = CARTESIAN_POINT ( 'NONE',  ( -16.44924440733135640, 22.11324865405187268, -45.00000000000000000 ) ) ;
#9516 = ORIENTED_EDGE ( 'NONE', *, *, #8987, .F. ) ;
#9517 = ORIENTED_EDGE ( 'NONE', *, *, #3291, .T. ) ;
#9518 = DIRECTION ( 'NONE',  ( 0.000000000000000000, -1.000000000000000000, -3.004629197474320035E-16 ) ) ;
#9519 = FACE_OUTER_BOUND ( 'NONE', #985, .T. ) ;
#9520 = CARTESIAN_POINT ( 'NONE',  ( -27.17386661099703460, 18.88772481033655382, -45.00000000000000000 ) ) ;
#9521 = LINE ( 'NONE', #6263, #6063 ) ;
#9522 = CARTESIAN_POINT ( 'NONE',  ( 45.00000000000000711, 39.77252922750778907, -32.17386661099701683 ) ) ;
#9523 = PLANE ( 'NONE',  #1392 ) ;
#9524 = VERTEX_POINT ( 'NONE', #6860 ) ;
#9525 = DIRECTION ( 'NONE',  ( -1.000000000000000000, 0.000000000000000000, -0.000000000000000000 ) ) ;
#9526 = ORIENTED_EDGE ( 'NONE', *, *, #5357, .F. ) ;
#9527 = ORIENTED_EDGE ( 'NONE', *, *, #2019, .F. ) ;
#9528 = ORIENTED_EDGE ( 'NONE', *, *, #7787, .T. ) ;
#9529 = EDGE_CURVE ( 'NONE', #8729, #8859, #5901, .T. ) ;
#9530 = EDGE_CURVE ( 'NONE', #101, #6272, #6093, .T. ) ;
#9531 = PLANE ( 'NONE',  #7759 ) ;
#9532 = VECTOR ( 'NONE', #6569, 1000.000000000000114 ) ;
#9533 = DIRECTION ( 'NONE',  ( 0.000000000000000000, -0.5000000000000006661, 0.8660254037844382635 ) ) ;
#9534 = DIRECTION ( 'NONE',  ( 0.8660254037844388186, -0.4999999999999997780, 0.000000000000000000 ) ) ;
#9535 = DIRECTION ( 'NONE',  ( -0.000000000000000000, -0.000000000000000000, 1.000000000000000000 ) ) ;
#9536 = ORIENTED_EDGE ( 'NONE', *, *, #6282, .T. ) ;
#9537 = DIRECTION ( 'NONE',  ( -3.854941057726239700E-17, 0.8660254037844385966, -0.5000000000000003331 ) ) ;
#9538 = ORIENTED_EDGE ( 'NONE', *, *, #881, .F. ) ;
#9539 = EDGE_CURVE ( 'NONE', #2167, #2097, #3721, .T. ) ;
#9540 = VECTOR ( 'NONE', #4217, 1000.000000000000000 ) ;
#9541 = ORIENTED_EDGE ( 'NONE', *, *, #5748, .F. ) ;
#9542 = LINE ( 'NONE', #1110, #2021 ) ;
#9543 = EDGE_CURVE ( 'NONE', #1353, #7942, #1437, .T. ) ;
#9544 = DIRECTION ( 'NONE',  ( 0.000000000000000000, 0.000000000000000000, 1.000000000000000000 ) ) ;
#9545 = CARTESIAN_POINT ( 'NONE',  ( -40.60000000000000142, 45.00000000000000000, -40.59999999999999432 ) ) ;
#9546 = AXIS2_PLACEMENT_3D ( 'NONE', #141, #193, #9246 ) ;
#9547 = DIRECTION ( 'NONE',  ( 0.000000000000000000, 0.4999999999999998335, 0.8660254037844387076 ) ) ;
#9548 = VECTOR ( 'NONE', #176, 1000.000000000000000 ) ;
#9549 = AXIS2_PLACEMENT_3D ( 'NONE', #3867, #8507, #1593 ) ;
#9550 = DIRECTION ( 'NONE',  ( 1.000000000000000000, -0.000000000000000000, 0.000000000000000000 ) ) ;
#9551 = VECTOR ( 'NONE', #3433, 1000.000000000000000 ) ;
#9552 = VERTEX_POINT ( 'NONE', #657 ) ;
#9553 = ORIENTED_EDGE ( 'NONE', *, *, #7572, .F. ) ;
#9554 = ORIENTED_EDGE ( 'NONE', *, *, #5304, .T. ) ;
#9555 = ORIENTED_EDGE ( 'NONE', *, *, #1434, .T. ) ;
#9556 = CARTESIAN_POINT ( 'NONE',  ( -45.00000000000000711, 22.11324865405185491, 5.000000000000009770 ) ) ;
#9557 = VECTOR ( 'NONE', #910, 1000.000000000000000 ) ;
#9558 = CARTESIAN_POINT ( 'NONE',  ( -45.00000000000000711, 13.11422211844027252, -37.17386661099702394 ) ) ;
#9559 = VECTOR ( 'NONE', #3978, 1000.000000000000114 ) ;
#9560 = CARTESIAN_POINT ( 'NONE',  ( -45.00000000000000711, 31.11227518966340355, 15.72462220366568175 ) ) ;
#9561 = CARTESIAN_POINT ( 'NONE',  ( 45.00000000000000711, 36.88577788155966175, 15.72462220366567820 ) ) ;
#9562 = DIRECTION ( 'NONE',  ( 0.000000000000000000, 1.000000000000000000, 0.000000000000000000 ) ) ;
#9563 = DIRECTION ( 'NONE',  ( 0.8660254037844384856, 0.5000000000000004441, 0.000000000000000000 ) ) ;
#9564 = ORIENTED_EDGE ( 'NONE', *, *, #6277, .T. ) ;
#9565 = LINE ( 'NONE', #2547, #37 ) ;
#9566 = VECTOR ( 'NONE', #9647, 1000.000000000000000 ) ;
#9567 = EDGE_CURVE ( 'NONE', #7405, #3941, #6802, .T. ) ;
#9568 = ORIENTED_EDGE ( 'NONE', *, *, #8494, .T. ) ;
#9569 = LINE ( 'NONE', #2653, #4454 ) ;
#9570 = FACE_BOUND ( 'NONE', #8553, .T. ) ;
#9571 = AXIS2_PLACEMENT_3D ( 'NONE', #6113, #9948, #3888 ) ;
#9572 = ORIENTED_EDGE ( 'NONE', *, *, #5822, .T. ) ;
#9573 = VERTEX_POINT ( 'NONE', #4490 ) ;
#9574 = CARTESIAN_POINT ( 'NONE',  ( -40.60000000000000142, 4.999999999999997335, -40.59999999999999432 ) ) ;
#9575 = ADVANCED_FACE ( 'NONE', ( #5946 ), #8222, .F. ) ;
#9576 = DIRECTION ( 'NONE',  ( 3.854941057726244014E-17, 0.8660254037844382635, 0.5000000000000007772 ) ) ;
#9577 = EDGE_CURVE ( 'NONE', #9734, #3601, #7658, .T. ) ;
#9578 = VECTOR ( 'NONE', #6099, 1000.000000000000114 ) ;
#9579 = DIRECTION ( 'NONE',  ( -0.8660254037844387076, 0.4999999999999998890, 0.000000000000000000 ) ) ;
#9580 = VECTOR ( 'NONE', #1415, 1000.000000000000000 ) ;
#9581 = LINE ( 'NONE', #8822, #9928 ) ;
#9582 = DIRECTION ( 'NONE',  ( -0.8660254037844387076, -0.4999999999999998890, 0.000000000000000000 ) ) ;
#9583 = VERTEX_POINT ( 'NONE', #7518 ) ;
#9584 = DIRECTION ( 'NONE',  ( 0.000000000000000000, -0.000000000000000000, 1.000000000000000000 ) ) ;
#9585 = ORIENTED_EDGE ( 'NONE', *, *, #4254, .T. ) ;
#9586 = ORIENTED_EDGE ( 'NONE', *, *, #6766, .T. ) ;
#9587 = AXIS2_PLACEMENT_3D ( 'NONE', #5590, #7147, #200 ) ;
#9588 = ORIENTED_EDGE ( 'NONE', *, *, #1129, .T. ) ;
#9589 = CARTESIAN_POINT ( 'NONE',  ( -13.92743486032278710, 51.19823799011141574, 40.59999999999999432 ) ) ;
#9590 = AXIS2_PLACEMENT_3D ( 'NONE', #6358, #368, #5700 ) ;
#9591 = DIRECTION ( 'NONE',  ( 0.000000000000000000, -1.000000000000000000, -3.004629197474320035E-16 ) ) ;
#9592 = DIRECTION ( 'NONE',  ( 0.000000000000000000, 1.000000000000000000, 0.000000000000000000 ) ) ;
#9593 = ADVANCED_FACE ( 'NONE', ( #9018 ), #713, .F. ) ;
#9594 = ORIENTED_EDGE ( 'NONE', *, *, #1069, .T. ) ;
#9595 = VERTEX_POINT ( 'NONE', #8320 ) ;
#9596 = AXIS2_PLACEMENT_3D ( 'NONE', #7598, #652, #7745 ) ;
#9597 = CARTESIAN_POINT ( 'NONE',  ( -45.00000000000000711, 22.11324865405183715, -16.44924440733134929 ) ) ;
#9598 = CARTESIAN_POINT ( 'NONE',  ( 15.72462220366567465, 18.88772481033656092, -45.00000000000000000 ) ) ;
#9599 = EDGE_CURVE ( 'NONE', #9291, #5088, #5162, .T. ) ;
#9600 = VECTOR ( 'NONE', #9046, 1000.000000000000114 ) ;
#9601 = DIRECTION ( 'NONE',  ( -0.000000000000000000, 1.000000000000000000, -0.000000000000000000 ) ) ;
#9602 = PLANE ( 'NONE',  #9392 ) ;
#9603 = ORIENTED_EDGE ( 'NONE', *, *, #3514, .T. ) ;
#9604 = VERTEX_POINT ( 'NONE', #9063 ) ;
#9605 = ORIENTED_EDGE ( 'NONE', *, *, #683, .F. ) ;
#9606 = ORIENTED_EDGE ( 'NONE', *, *, #8807, .F. ) ;
#9607 = EDGE_CURVE ( 'NONE', #505, #9573, #7463, .T. ) ;
#9608 = PLANE ( 'NONE',  #539 ) ;
#9609 = VECTOR ( 'NONE', #9955, 1000.000000000000114 ) ;
#9610 = DIRECTION ( 'NONE',  ( 0.000000000000000000, 0.000000000000000000, -1.000000000000000000 ) ) ;
#9611 = CARTESIAN_POINT ( 'NONE',  ( 40.59999999999999432, 21.77447615628465982, 10.72462220366569241 ) ) ;
#9612 = CARTESIAN_POINT ( 'NONE',  ( -45.00000000000000711, 36.88577788155966175, -27.17386661099701328 ) ) ;
#9613 = CARTESIAN_POINT ( 'NONE',  ( -40.60000000000000142, 4.999999999999997335, 40.59999999999999432 ) ) ;
#9614 = CARTESIAN_POINT ( 'NONE',  ( -40.60000000000000142, 4.999999999999986677, -5.724622203665672870 ) ) ;
#9615 = DIRECTION ( 'NONE',  ( 1.000000000000000000, -0.000000000000000000, -7.709882115452476934E-17 ) ) ;
#9616 = ORIENTED_EDGE ( 'NONE', *, *, #5474, .F. ) ;
#9617 = LINE ( 'NONE', #2651, #3768 ) ;
#9618 = AXIS2_PLACEMENT_3D ( 'NONE', #4043, #3993, #7120 ) ;
#9619 = EDGE_CURVE ( 'NONE', #2224, #4943, #3049, .T. ) ;
#9620 = ORIENTED_EDGE ( 'NONE', *, *, #1758, .F. ) ;
#9621 = DIRECTION ( 'NONE',  ( -3.854941057726242781E-17, -0.8660254037844383745, -0.5000000000000006661 ) ) ;
#9622 = PLANE ( 'NONE',  #3897 ) ;
#9623 = ORIENTED_EDGE ( 'NONE', *, *, #907, .F. ) ;
#9624 = ORIENTED_EDGE ( 'NONE', *, *, #8039, .F. ) ;
#9625 = CARTESIAN_POINT ( 'NONE',  ( -10.72462220366567820, 10.22747077249217362, 45.00000000000000000 ) ) ;
#9626 = CARTESIAN_POINT ( 'NONE',  ( -45.00000000000000711, 36.88577788155965465, 27.17386661099704170 ) ) ;
#9627 = PRODUCT_DEFINITION_SHAPE ( 'NONE', 'NONE',  #3667 ) ;
#9628 = CARTESIAN_POINT ( 'NONE',  ( -45.00000000000000711, 31.11227518966340355, -27.17386661099701328 ) ) ;
#9629 = LINE ( 'NONE', #8022, #6392 ) ;
#9630 = DIRECTION ( 'NONE',  ( 0.000000000000000000, 0.5000000000000005551, -0.8660254037844382635 ) ) ;
#9631 = CARTESIAN_POINT ( 'NONE',  ( -45.00000000000000711, 39.77252922750778907, 32.17386661099704526 ) ) ;
#9632 = VERTEX_POINT ( 'NONE', #9365 ) ;
#9633 = FACE_BOUND ( 'NONE', #3212, .T. ) ;
#9634 = EDGE_CURVE ( 'NONE', #2441, #5827, #8458, .T. ) ;
#9635 = ORIENTED_EDGE ( 'NONE', *, *, #744, .F. ) ;
#9636 = ORIENTED_EDGE ( 'NONE', *, *, #7744, .F. ) ;
#9637 = VERTEX_POINT ( 'NONE', #1695 ) ;
#9638 = LINE ( 'NONE', #5814, #8580 ) ;
#9639 = CARTESIAN_POINT ( 'NONE',  ( -10.28129369291628592, 0.000000000000000000, 10.28129369291628237 ) ) ;
#9640 = CARTESIAN_POINT ( 'NONE',  ( -32.17386661099703105, 39.77252922750781750, -45.00000000000000000 ) ) ;
#9641 = CARTESIAN_POINT ( 'NONE',  ( -32.17386661099703105, 21.77447615628468114, 45.00000000000000000 ) ) ;
#9642 = ORIENTED_EDGE ( 'NONE', *, *, #1479, .T. ) ;
#9643 = ORIENTED_EDGE ( 'NONE', *, *, #6533, .T. ) ;
#9644 = DIRECTION ( 'NONE',  ( 1.000000000000000000, -0.000000000000000000, -7.709882115452476934E-17 ) ) ;
#9645 = DIRECTION ( 'NONE',  ( 0.8660254037844383745, 0.5000000000000003331, 0.000000000000000000 ) ) ;
#9646 = EDGE_CURVE ( 'NONE', #6167, #9428, #4840, .T. ) ;
#9647 = DIRECTION ( 'NONE',  ( 0.000000000000000000, -1.000000000000000000, -3.004629197474320528E-16 ) ) ;
#9648 = DIRECTION ( 'NONE',  ( 0.8660254037844383745, 0.5000000000000003331, 0.000000000000000000 ) ) ;
#9649 = DIRECTION ( 'NONE',  ( 3.854941057726236618E-17, -0.8660254037844387076, 0.4999999999999998335 ) ) ;
#9650 = CARTESIAN_POINT ( 'NONE',  ( -45.00000000000000711, 36.88577788155965465, 27.17386661099704170 ) ) ;
#9651 = ORIENTED_EDGE ( 'NONE', *, *, #5500, .T. ) ;
#9652 = ORIENTED_EDGE ( 'NONE', *, *, #9914, .F. ) ;
#9653 = VERTEX_POINT ( 'NONE', #4734 ) ;
#9654 = EDGE_LOOP ( 'NONE', ( #523, #278, #8433, #4906 ) ) ;
#9655 = DIRECTION ( 'NONE',  ( -0.000000000000000000, -0.000000000000000000, 1.000000000000000000 ) ) ;
#9656 = EDGE_CURVE ( 'NONE', #3038, #9552, #3100, .T. ) ;
#9657 = CARTESIAN_POINT ( 'NONE',  ( 40.59999999999999432, -1.910442715746304199, -36.61025403784438481 ) ) ;
#9658 = DIRECTION ( 'NONE',  ( 1.000000000000000000, -0.000000000000000000, -7.709882115452476934E-17 ) ) ;
#9659 = CARTESIAN_POINT ( 'NONE',  ( -4.999999999999999112, 27.88675134594812377, -45.00000000000000000 ) ) ;
#9660 = DIRECTION ( 'NONE',  ( 0.000000000000000000, 1.000000000000000000, 1.502314598737162976E-16 ) ) ;
#9661 = ADVANCED_FACE ( 'NONE', ( #764 ), #6136, .F. ) ;
#9662 = DIRECTION ( 'NONE',  ( -0.000000000000000000, -0.000000000000000000, 1.000000000000000000 ) ) ;
#9663 = VERTEX_POINT ( 'NONE', #5390 ) ;
#9664 = EDGE_LOOP ( 'NONE', ( #8778, #7750, #246, #270, #7619, #6374 ) ) ;
#9665 = CARTESIAN_POINT ( 'NONE',  ( -37.17386661099703105, 36.88577788155969728, -45.00000000000000000 ) ) ;
#9666 = FACE_OUTER_BOUND ( 'NONE', #5190, .T. ) ;
#9667 = ORIENTED_EDGE ( 'NONE', *, *, #169, .F. ) ;
#9668 = VERTEX_POINT ( 'NONE', #4634 ) ;
#9669 = DIRECTION ( 'NONE',  ( 3.854941057726236618E-17, -0.8660254037844387076, 0.4999999999999998335 ) ) ;
#9670 = EDGE_CURVE ( 'NONE', #5551, #8530, #110, .T. ) ;
#9671 = DIRECTION ( 'NONE',  ( -0.8660254037844387076, 0.4999999999999998890, -0.000000000000000000 ) ) ;
#9672 = ADVANCED_FACE ( 'NONE', ( #6194 ), #7709, .F. ) ;
#9673 = EDGE_CURVE ( 'NONE', #1387, #1916, #7751, .T. ) ;
#9674 = DIRECTION ( 'NONE',  ( 0.000000000000000000, 0.5000000000000005551, -0.8660254037844382635 ) ) ;
#9675 = CARTESIAN_POINT ( 'NONE',  ( -23.43651982031993697, 34.72801970590729326, -40.59999999999999432 ) ) ;
#9676 = PLANE ( 'NONE',  #3094 ) ;
#9677 = ORIENTED_EDGE ( 'NONE', *, *, #8482, .F. ) ;
#9678 = CARTESIAN_POINT ( 'NONE',  ( 0.000000000000000000, 4.999999999999997335, 0.000000000000000000 ) ) ;
#9679 = EDGE_LOOP ( 'NONE', ( #4974, #1874, #7895, #9105 ) ) ;
#9680 = VERTEX_POINT ( 'NONE', #1745 ) ;
#9681 = ORIENTED_EDGE ( 'NONE', *, *, #5619, .T. ) ;
#9682 = ORIENTED_EDGE ( 'NONE', *, *, #4491, .F. ) ;
#9683 = FACE_OUTER_BOUND ( 'NONE', #5342, .T. ) ;
#9684 = LINE ( 'NONE', #2023, #3916 ) ;
#9685 = LINE ( 'NONE', #5818, #3802 ) ;
#9686 = ORIENTED_EDGE ( 'NONE', *, *, #4372, .T. ) ;
#9687 = VERTEX_POINT ( 'NONE', #6246 ) ;
#9688 = CARTESIAN_POINT ( 'NONE',  ( 16.44924440733135640, 22.11324865405187268, -40.59999999999999432 ) ) ;
#9689 = AXIS2_PLACEMENT_3D ( 'NONE', #4848, #3416, #9579 ) ;
#9690 = ADVANCED_FACE ( 'NONE', ( #9314 ), #6956, .F. ) ;
#9691 = DIRECTION ( 'NONE',  ( 0.8660254037844383745, 0.5000000000000003331, 0.000000000000000000 ) ) ;
#9692 = CARTESIAN_POINT ( 'NONE',  ( 37.17386661099703105, 13.11422211844031160, -45.00000000000000000 ) ) ;
#9693 = CARTESIAN_POINT ( 'NONE',  ( -45.00000000000000711, 36.88577788155965465, -37.17386661099701683 ) ) ;
#9694 = LINE ( 'NONE', #7433, #6024 ) ;
#9695 = CARTESIAN_POINT ( 'NONE',  ( -5.724622203665678200, 36.88577788155969728, 45.00000000000000000 ) ) ;
#9696 = VECTOR ( 'NONE', #781, 1000.000000000000000 ) ;
#9697 = VERTEX_POINT ( 'NONE', #4681 ) ;
#9698 = AXIS2_PLACEMENT_3D ( 'NONE', #5377, #8354, #4429 ) ;
#9699 = EDGE_LOOP ( 'NONE', ( #1375, #4052, #4128, #2578 ) ) ;
#9700 = ORIENTED_EDGE ( 'NONE', *, *, #6684, .T. ) ;
#9701 = PLANE ( 'NONE',  #4437 ) ;
#9702 = EDGE_CURVE ( 'NONE', #3941, #6236, #2346, .T. ) ;
#9703 = AXIS2_PLACEMENT_3D ( 'NONE', #6595, #8840, #396 ) ;
#9704 = VECTOR ( 'NONE', #1698, 1000.000000000000000 ) ;
#9705 = CARTESIAN_POINT ( 'NONE',  ( -45.00000000000000711, 13.11422211844026720, -27.17386661099702039 ) ) ;
#9706 = DIRECTION ( 'NONE',  ( 1.000000000000000000, -0.000000000000000000, -7.709882115452476934E-17 ) ) ;
#9707 = CARTESIAN_POINT ( 'NONE',  ( 5.724622203665681752, 13.11422211844030450, 45.00000000000000000 ) ) ;
#9708 = DIRECTION ( 'NONE',  ( 0.000000000000000000, -1.000000000000000000, 0.000000000000000000 ) ) ;
#9709 = EDGE_CURVE ( 'NONE', #2759, #5561, #6297, .T. ) ;
#9710 = ORIENTED_EDGE ( 'NONE', *, *, #7578, .T. ) ;
#9711 = ORIENTED_EDGE ( 'NONE', *, *, #6875, .F. ) ;
#9712 = FACE_OUTER_BOUND ( 'NONE', #1517, .T. ) ;
#9713 = ORIENTED_EDGE ( 'NONE', *, *, #1670, .F. ) ;
#9714 = VECTOR ( 'NONE', #4330, 1000.000000000000227 ) ;
#9715 = EDGE_CURVE ( 'NONE', #635, #5645, #8554, .T. ) ;
#9716 = ORIENTED_EDGE ( 'NONE', *, *, #8612, .F. ) ;
#9717 = VECTOR ( 'NONE', #6420, 1000.000000000000000 ) ;
#9718 = DIRECTION ( 'NONE',  ( -0.8660254037844388186, 0.4999999999999997780, 0.000000000000000000 ) ) ;
#9719 = DIRECTION ( 'NONE',  ( 0.000000000000000000, 0.5000000000000002220, 0.8660254037844384856 ) ) ;
#9720 = CARTESIAN_POINT ( 'NONE',  ( 26.44924440733135285, 27.88675134594812732, -45.00000000000000000 ) ) ;
#9721 = DIRECTION ( 'NONE',  ( 0.000000000000000000, -1.000000000000000000, -3.004629197474320528E-16 ) ) ;
#9722 = VECTOR ( 'NONE', #5539, 1000.000000000000000 ) ;
#9723 = FACE_OUTER_BOUND ( 'NONE', #6356, .T. ) ;
#9724 = AXIS2_PLACEMENT_3D ( 'NONE', #2242, #7657, #6295 ) ;
#9725 = CARTESIAN_POINT ( 'NONE',  ( -15.72462220366567465, 31.11227518966344263, -45.00000000000000000 ) ) ;
#9726 = EDGE_CURVE ( 'NONE', #4573, #5376, #8614, .T. ) ;
#9727 = ORIENTED_EDGE ( 'NONE', *, *, #9788, .F. ) ;
#9728 = DIRECTION ( 'NONE',  ( 0.000000000000000000, -0.5000000000000006661, 0.8660254037844382635 ) ) ;
#9729 = EDGE_CURVE ( 'NONE', #9680, #3565, #4030, .T. ) ;
#9730 = VERTEX_POINT ( 'NONE', #3256 ) ;
#9731 = EDGE_LOOP ( 'NONE', ( #6365, #4706, #245, #3362 ) ) ;
#9732 = EDGE_CURVE ( 'NONE', #5889, #3473, #9970, .T. ) ;
#9733 = ORIENTED_EDGE ( 'NONE', *, *, #6210, .T. ) ;
#9734 = VERTEX_POINT ( 'NONE', #9424 ) ;
#9735 = VECTOR ( 'NONE', #8077, 1000.000000000000000 ) ;
#9736 = EDGE_CURVE ( 'NONE', #8665, #904, #2497, .T. ) ;
#9737 = DIRECTION ( 'NONE',  ( 0.000000000000000000, -1.000000000000000000, -3.004629197474320528E-16 ) ) ;
#9738 = VECTOR ( 'NONE', #3343, 1000.000000000000114 ) ;
#9739 = CARTESIAN_POINT ( 'NONE',  ( -40.60000000000000142, 36.88577788155966175, -5.724622203665670206 ) ) ;
#9740 = DIRECTION ( 'NONE',  ( 0.000000000000000000, -1.000000000000000000, -3.004629197474320035E-16 ) ) ;
#9741 = DIRECTION ( 'NONE',  ( 1.000000000000000000, -0.000000000000000000, -7.709882115452476934E-17 ) ) ;
#9742 = VECTOR ( 'NONE', #8544, 1000.000000000000000 ) ;
#9743 = VERTEX_POINT ( 'NONE', #254 ) ;
#9744 = ORIENTED_EDGE ( 'NONE', *, *, #3934, .F. ) ;
#9745 = LINE ( 'NONE', #5917, #7186 ) ;
#9746 = VECTOR ( 'NONE', #851, 1000.000000000000114 ) ;
#9747 = DIRECTION ( 'NONE',  ( -0.8660254037844387076, 0.4999999999999998890, 0.000000000000000000 ) ) ;
#9748 = CARTESIAN_POINT ( 'NONE',  ( -37.46348017968008293, -0.4326116877409148520, -40.59999999999999432 ) ) ;
#9749 = FACE_OUTER_BOUND ( 'NONE', #5633, .T. ) ;
#9750 = CARTESIAN_POINT ( 'NONE',  ( -45.00000000000000711, 31.11227518966340355, 15.72462220366568175 ) ) ;
#9751 = DIRECTION ( 'NONE',  ( -0.8660254037844387076, 0.4999999999999998890, -0.000000000000000000 ) ) ;
#9752 = PLANE ( 'NONE',  #5263 ) ;
#9753 = VECTOR ( 'NONE', #6568, 1000.000000000000000 ) ;
#9754 = ADVANCED_FACE ( 'NONE', ( #1027 ), #8103, .F. ) ;
#9755 = EDGE_LOOP ( 'NONE', ( #4065, #1596, #8035, #2180 ) ) ;
#9756 = EDGE_CURVE ( 'NONE', #6261, #7379, #8010, .T. ) ;
#9757 = ORIENTED_EDGE ( 'NONE', *, *, #5628, .F. ) ;
#9758 = ORIENTED_EDGE ( 'NONE', *, *, #9292, .T. ) ;
#9759 = PLANE ( 'NONE',  #5095 ) ;
#9760 = VECTOR ( 'NONE', #8935, 1000.000000000000000 ) ;
#9761 = AXIS2_PLACEMENT_3D ( 'NONE', #3296, #1777, #397 ) ;
#9762 = LINE ( 'NONE', #6895, #3438 ) ;
#9763 = LINE ( 'NONE', #2840, #9600 ) ;
#9764 = CARTESIAN_POINT ( 'NONE',  ( 40.59999999999999432, 4.999999999999990230, 5.724622203665666653 ) ) ;
#9765 = CARTESIAN_POINT ( 'NONE',  ( -16.44924440733135640, 4.999999999999997335, -40.59999999999999432 ) ) ;
#9766 = EDGE_LOOP ( 'NONE', ( #8711, #7197, #7965, #7130 ) ) ;
#9767 = VERTEX_POINT ( 'NONE', #8758 ) ;
#9768 = CARTESIAN_POINT ( 'NONE',  ( -45.00000000000000000, 45.00000000000000000, 42.99999999999997158 ) ) ;
#9769 = VECTOR ( 'NONE', #2008, 1000.000000000000000 ) ;
#9770 = ORIENTED_EDGE ( 'NONE', *, *, #2188, .T. ) ;
#9771 = ORIENTED_EDGE ( 'NONE', *, *, #820, .F. ) ;
#9772 = DIRECTION ( 'NONE',  ( 0.8660254037844388186, -0.4999999999999997780, 0.000000000000000000 ) ) ;
#9773 = PLANE ( 'NONE',  #548 ) ;
#9774 = DIRECTION ( 'NONE',  ( -0.8660254037844387076, 0.4999999999999998890, 0.000000000000000000 ) ) ;
#9775 = DIRECTION ( 'NONE',  ( 0.000000000000000000, -0.5000000000000006661, 0.8660254037844382635 ) ) ;
#9776 = VECTOR ( 'NONE', #783, 1000.000000000000000 ) ;
#9777 = DIRECTION ( 'NONE',  ( 2.243456467447492845E-16, 0.5773502691896248429, -0.8164965809277267006 ) ) ;
#9778 = DIRECTION ( 'NONE',  ( 0.000000000000000000, 0.5000000000000002220, 0.8660254037844384856 ) ) ;
#9779 = EDGE_LOOP ( 'NONE', ( #9160, #4830, #8532, #2248 ) ) ;
#9780 = CARTESIAN_POINT ( 'NONE',  ( -45.00000000000000711, 27.88675134594809180, 26.44924440733136350 ) ) ;
#9781 = ORIENTED_EDGE ( 'NONE', *, *, #3735, .T. ) ;
#9782 = ORIENTED_EDGE ( 'NONE', *, *, #1907, .T. ) ;
#9783 = EDGE_LOOP ( 'NONE', ( #8224, #6486, #7780, #8435 ) ) ;
#9784 = VERTEX_POINT ( 'NONE', #4127 ) ;
#9785 = AXIS2_PLACEMENT_3D ( 'NONE', #1603, #3060, #14 ) ;
#9786 = CARTESIAN_POINT ( 'NONE',  ( -4.999999999999995559, 22.11324865405186557, -45.00000000000000000 ) ) ;
#9787 = EDGE_CURVE ( 'NONE', #267, #5986, #9565, .T. ) ;
#9788 = EDGE_CURVE ( 'NONE', #3603, #5975, #4179, .T. ) ;
#9789 = CARTESIAN_POINT ( 'NONE',  ( 40.59999999999999432, 16.03760659646317777, -46.97256513967720792 ) ) ;
#9790 = CARTESIAN_POINT ( 'NONE',  ( 40.59999999999997300, 36.88577788155966175, -5.724622203665676423 ) ) ;
#9791 = LINE ( 'NONE', #7570, #6714 ) ;
#9792 = ADVANCED_FACE ( 'NONE', ( #8811 ), #7253, .F. ) ;
#9793 = ORIENTED_EDGE ( 'NONE', *, *, #9225, .T. ) ;
#9794 = VERTEX_POINT ( 'NONE', #1847 ) ;
#9795 = CARTESIAN_POINT ( 'NONE',  ( -43.00000000000000000, 0.000000000000000000, 3.315249309644565020E-15 ) ) ;
#9796 = EDGE_CURVE ( 'NONE', #8090, #8510, #1898, .T. ) ;
#9797 = DIRECTION ( 'NONE',  ( -0.000000000000000000, -0.000000000000000000, 1.000000000000000000 ) ) ;
#9798 = CARTESIAN_POINT ( 'NONE',  ( -27.17386661099703460, 31.11227518966344263, -45.00000000000000000 ) ) ;
#9799 = EDGE_CURVE ( 'NONE', #1806, #159, #9617, .T. ) ;
#9800 = ADVANCED_FACE ( 'NONE', ( #7307 ), #4944, .F. ) ;
#9801 = CARTESIAN_POINT ( 'NONE',  ( 10.72462220366567820, 28.22552384371531886, 40.59999999999996589 ) ) ;
#9802 = DIRECTION ( 'NONE',  ( 0.000000000000000000, 0.5000000000000002220, 0.8660254037844384856 ) ) ;
#9803 = CARTESIAN_POINT ( 'NONE',  ( -27.17386661099703460, 31.11227518966344263, -45.00000000000000000 ) ) ;
#9804 = VERTEX_POINT ( 'NONE', #4993 ) ;
#9805 = ORIENTED_EDGE ( 'NONE', *, *, #7516, .T. ) ;
#9806 = ORIENTED_EDGE ( 'NONE', *, *, #442, .F. ) ;
#9807 = FACE_OUTER_BOUND ( 'NONE', #9304, .T. ) ;
#9808 = EDGE_CURVE ( 'NONE', #1864, #485, #1128, .T. ) ;
#9809 = DIRECTION ( 'NONE',  ( -0.8660254037844387076, 0.4999999999999998890, 0.000000000000000000 ) ) ;
#9810 = CARTESIAN_POINT ( 'NONE',  ( -45.00000000000000711, 39.77252922750778907, 10.72462220366569063 ) ) ;
#9811 = DIRECTION ( 'NONE',  ( 0.000000000000000000, -1.000000000000000000, -3.004629197474320528E-16 ) ) ;
#9812 = DIRECTION ( 'NONE',  ( 6.009258394948640069E-16, -1.000000000000000000, 0.000000000000000000 ) ) ;
#9813 = EDGE_LOOP ( 'NONE', ( #2223, #7225, #3020, #2652 ) ) ;
#9814 = EDGE_LOOP ( 'NONE', ( #100, #5117, #1041, #7164 ) ) ;
#9815 = CARTESIAN_POINT ( 'NONE',  ( 45.00000000000000711, 28.22552384371527623, -32.17386661099702394 ) ) ;
#9816 = ORIENTED_EDGE ( 'NONE', *, *, #7099, .T. ) ;
#9817 = ORIENTED_EDGE ( 'NONE', *, *, #2914, .T. ) ;
#9818 = LINE ( 'NONE', #9625, #369 ) ;
#9819 = DIRECTION ( 'NONE',  ( 0.000000000000000000, 1.000000000000000000, 3.004629197474320528E-16 ) ) ;
#9820 = ADVANCED_FACE ( 'NONE', ( #2591 ), #8707, .F. ) ;
#9821 = LINE ( 'NONE', #6799, #9278 ) ;
#9822 = CARTESIAN_POINT ( 'NONE',  ( -45.00000000000000711, 36.88577788155965465, 5.724622203665682640 ) ) ;
#9823 = EDGE_LOOP ( 'NONE', ( #2079, #173, #4180, #9941 ) ) ;
#9824 = CARTESIAN_POINT ( 'NONE',  ( -45.00000000000000711, 30.77350269189622267, -21.44924440733134219 ) ) ;
#9825 = EDGE_LOOP ( 'NONE', ( #6814, #31, #8153, #4301 ) ) ;
#9826 = CARTESIAN_POINT ( 'NONE',  ( -40.60000000000000142, 31.11227518966340355, -5.724622203665671094 ) ) ;
#9827 = ORIENTED_EDGE ( 'NONE', *, *, #1282, .T. ) ;
#9828 = EDGE_LOOP ( 'NONE', ( #1234, #9636, #9290, #6302, #6317, #3855 ) ) ;
#9829 = CARTESIAN_POINT ( 'NONE',  ( -26.44924440733135285, 22.11324865405186557, -45.00000000000000000 ) ) ;
#9830 = DIRECTION ( 'NONE',  ( -0.000000000000000000, -0.000000000000000000, 1.000000000000000000 ) ) ;
#9831 = CARTESIAN_POINT ( 'NONE',  ( -27.17386661099703460, 36.88577788155969728, -45.00000000000000000 ) ) ;
#9832 = PLANE ( 'NONE',  #531 ) ;
#9833 = PLANE ( 'NONE',  #5439 ) ;
#9834 = ORIENTED_EDGE ( 'NONE', *, *, #9289, .F. ) ;
#9835 = ORIENTED_EDGE ( 'NONE', *, *, #7334, .F. ) ;
#9836 = EDGE_CURVE ( 'NONE', #8270, #5890, #1944, .T. ) ;
#9837 = CARTESIAN_POINT ( 'NONE',  ( -37.17386661099703105, 13.11422211844029739, -45.00000000000000000 ) ) ;
#9838 = EDGE_CURVE ( 'NONE', #4950, #8209, #1189, .T. ) ;
#9839 = DIRECTION ( 'NONE',  ( 0.000000000000000000, 0.4999999999999998335, 0.8660254037844387076 ) ) ;
#9840 = DIRECTION ( 'NONE',  ( -0.8660254037844387076, -0.4999999999999998890, 0.000000000000000000 ) ) ;
#9841 = LINE ( 'NONE', #8097, #9864 ) ;
#9842 = LINE ( 'NONE', #5220, #5554 ) ;
#9843 = CARTESIAN_POINT ( 'NONE',  ( -10.72462220366567820, 39.77252922750781750, 40.59999999999999432 ) ) ;
#9844 = LINE ( 'NONE', #547, #8286 ) ;
#9845 = CARTESIAN_POINT ( 'NONE',  ( 43.00000000000000711, 2.000000000000001776, 43.00000000000000000 ) ) ;
#9846 = EDGE_CURVE ( 'NONE', #2214, #5393, #210, .T. ) ;
#9847 = ORIENTED_EDGE ( 'NONE', *, *, #5555, .F. ) ;
#9848 = VERTEX_POINT ( 'NONE', #1789 ) ;
#9849 = AXIS2_PLACEMENT_3D ( 'NONE', #6822, #5314, #6686 ) ;
#9850 = ORIENTED_EDGE ( 'NONE', *, *, #6532, .F. ) ;
#9851 = LINE ( 'NONE', #2930, #8452 ) ;
#9852 = EDGE_CURVE ( 'NONE', #8543, #3830, #4887, .T. ) ;
#9853 = LINE ( 'NONE', #2989, #1338 ) ;
#9854 = DIRECTION ( 'NONE',  ( 6.009258394948640069E-16, -1.000000000000000000, 0.000000000000000000 ) ) ;
#9855 = VECTOR ( 'NONE', #228, 999.9999999999998863 ) ;
#9856 = CARTESIAN_POINT ( 'NONE',  ( 37.17386661099702394, 4.999999999999997335, 40.59999999999999432 ) ) ;
#9857 = ADVANCED_FACE ( 'NONE', ( #6275 ), #9296, .F. ) ;
#9858 = LINE ( 'NONE', #7549, #8267 ) ;
#9859 = EDGE_LOOP ( 'NONE', ( #4238, #287, #3392, #1657 ) ) ;
#9860 = PLANE ( 'NONE',  #9698 ) ;
#9861 = ORIENTED_EDGE ( 'NONE', *, *, #8794, .T. ) ;
#9862 = ORIENTED_EDGE ( 'NONE', *, *, #78, .T. ) ;
#9863 = CARTESIAN_POINT ( 'NONE',  ( 42.99999999999999289, 2.000000000000000000, -43.00000000000000000 ) ) ;
#9864 = VECTOR ( 'NONE', #2219, 1000.000000000000114 ) ;
#9865 = DIRECTION ( 'NONE',  ( -0.000000000000000000, -0.000000000000000000, -1.000000000000000000 ) ) ;
#9866 = DIRECTION ( 'NONE',  ( -0.000000000000000000, -0.000000000000000000, 1.000000000000000000 ) ) ;
#9867 = DIRECTION ( 'NONE',  ( 1.000000000000000000, -0.000000000000000000, -7.709882115452476934E-17 ) ) ;
#9868 = EDGE_CURVE ( 'NONE', #4387, #505, #9454, .T. ) ;
#9869 = CARTESIAN_POINT ( 'NONE',  ( -15.72462220366567465, 36.88577788155969728, 45.00000000000000000 ) ) ;
#9870 = EDGE_LOOP ( 'NONE', ( #5746, #59, #5368, #3384 ) ) ;
#9871 = CARTESIAN_POINT ( 'NONE',  ( 32.17386661099703105, 39.77252922750782460, -45.00000000000000000 ) ) ;
#9872 = VECTOR ( 'NONE', #9913, 1000.000000000000114 ) ;
#9873 = VECTOR ( 'NONE', #3999, 1000.000000000000000 ) ;
#9874 = VECTOR ( 'NONE', #2176, 1000.000000000000000 ) ;
#9875 = ORIENTED_EDGE ( 'NONE', *, *, #3964, .T. ) ;
#9876 = DIRECTION ( 'NONE',  ( 0.000000000000000000, 1.000000000000000000, 1.502314598737162976E-16 ) ) ;
#9877 = VECTOR ( 'NONE', #5168, 1000.000000000000114 ) ;
#9878 = ORIENTED_EDGE ( 'NONE', *, *, #1514, .F. ) ;
#9879 = EDGE_CURVE ( 'NONE', #2912, #1606, #3290, .T. ) ;
#9880 = ORIENTED_EDGE ( 'NONE', *, *, #757, .T. ) ;
#9881 = AXIS2_PLACEMENT_3D ( 'NONE', #2183, #7589, #5183 ) ;
#9882 = VECTOR ( 'NONE', #8943, 1000.000000000000114 ) ;
#9883 = PLANE ( 'NONE',  #5843 ) ;
#9884 = AXIS2_PLACEMENT_3D ( 'NONE', #3355, #7901, #5744 ) ;
#9885 = LINE ( 'NONE', #3639, #6989 ) ;
#9886 = DIRECTION ( 'NONE',  ( -1.000000000000000000, -6.009258394948641055E-16, 0.000000000000000000 ) ) ;
#9887 = PLANE ( 'NONE',  #5920 ) ;
#9888 = ORIENTED_EDGE ( 'NONE', *, *, #8956, .F. ) ;
#9889 = ORIENTED_EDGE ( 'NONE', *, *, #4377, .F. ) ;
#9890 = AXIS2_PLACEMENT_3D ( 'NONE', #7337, #3495, #9610 ) ;
#9891 = VECTOR ( 'NONE', #3141, 1000.000000000000000 ) ;
#9892 = CARTESIAN_POINT ( 'NONE',  ( -45.00000000000000711, 2.000000000000001776, -43.00000000000000000 ) ) ;
#9893 = VECTOR ( 'NONE', #6104, 1000.000000000000000 ) ;
#9894 = CARTESIAN_POINT ( 'NONE',  ( 45.00000000000000711, 22.11324865405183715, -16.44924440733135640 ) ) ;
#9895 = EDGE_CURVE ( 'NONE', #4339, #765, #7733, .T. ) ;
#9896 = VECTOR ( 'NONE', #4951, 1000.000000000000000 ) ;
#9897 = PLANE ( 'NONE',  #9383 ) ;
#9898 = VECTOR ( 'NONE', #811, 1000.000000000000000 ) ;
#9899 = CARTESIAN_POINT ( 'NONE',  ( 4.999999999999999112, 27.88675134594812377, 45.00000000000000000 ) ) ;
#9900 = DIRECTION ( 'NONE',  ( 0.7071067811865472397, 0.000000000000000000, -0.7071067811865479058 ) ) ;
#9901 = FACE_BOUND ( 'NONE', #7695, .T. ) ;
#9902 = ORIENTED_EDGE ( 'NONE', *, *, #959, .F. ) ;
#9903 = EDGE_LOOP ( 'NONE', ( #6521, #2397, #3243, #2718, #6135, #4844 ) ) ;
#9904 = AXIS2_PLACEMENT_3D ( 'NONE', #5182, #4986, #2738 ) ;
#9905 = VERTEX_POINT ( 'NONE', #2372 ) ;
#9906 = CARTESIAN_POINT ( 'NONE',  ( -33.34396987557884273, 4.999999999999997335, 17.08051390828825333 ) ) ;
#9907 = ADVANCED_FACE ( 'NONE', ( #3080 ), #7789, .F. ) ;
#9908 = ADVANCED_FACE ( 'NONE', ( #9241 ), #1000, .F. ) ;
#9909 = DIRECTION ( 'NONE',  ( 1.000000000000000000, -0.000000000000000000, -7.709882115452476934E-17 ) ) ;
#9910 = DIRECTION ( 'NONE',  ( 0.000000000000000000, 1.000000000000000000, 0.000000000000000000 ) ) ;
#9911 = VECTOR ( 'NONE', #3591, 1000.000000000000114 ) ;
#9912 = CARTESIAN_POINT ( 'NONE',  ( -40.60000000000000142, 30.77350269189624399, 1.559135532063407244E-14 ) ) ;
#9913 = DIRECTION ( 'NONE',  ( 0.8660254037844388186, -0.4999999999999997224, 0.000000000000000000 ) ) ;
#9914 = EDGE_CURVE ( 'NONE', #2664, #6754, #36, .T. ) ;
#9915 = EDGE_LOOP ( 'NONE', ( #5771, #5278, #3986, #9266 ) ) ;
#9916 = CARTESIAN_POINT ( 'NONE',  ( 15.72462220366567465, 31.11227518966344974, -45.00000000000000000 ) ) ;
#9917 = ORIENTED_EDGE ( 'NONE', *, *, #5921, .T. ) ;
#9918 = ORIENTED_EDGE ( 'NONE', *, *, #1908, .T. ) ;
#9919 = LINE ( 'NONE', #10010, #2801 ) ;
#9920 = VECTOR ( 'NONE', #962, 1000.000000000000000 ) ;
#9921 = FACE_BOUND ( 'NONE', #6084, .T. ) ;
#9922 = LINE ( 'NONE', #3003, #8734 ) ;
#9923 = CARTESIAN_POINT ( 'NONE',  ( -45.00000000000000711, 27.88675134594810956, -4.999999999999991118 ) ) ;
#9924 = EDGE_CURVE ( 'NONE', #2640, #8960, #9343, .T. ) ;
#9925 = PLANE ( 'NONE',  #3769 ) ;
#9926 = VERTEX_POINT ( 'NONE', #8587 ) ;
#9927 = DIRECTION ( 'NONE',  ( 6.009258394948640069E-16, -1.000000000000000000, 0.000000000000000000 ) ) ;
#9928 = VECTOR ( 'NONE', #1204, 1000.000000000000000 ) ;
#9929 = ORIENTED_EDGE ( 'NONE', *, *, #9295, .F. ) ;
#9930 = FACE_OUTER_BOUND ( 'NONE', #7308, .T. ) ;
#9931 = ORIENTED_EDGE ( 'NONE', *, *, #9732, .T. ) ;
#9932 = ORIENTED_EDGE ( 'NONE', *, *, #8700, .F. ) ;
#9933 = CARTESIAN_POINT ( 'NONE',  ( -45.00000000000000711, 27.88675134594810956, -4.999999999999991118 ) ) ;
#9934 = AXIS2_PLACEMENT_3D ( 'NONE', #9693, #2778, #9802 ) ;
#9935 = CARTESIAN_POINT ( 'NONE',  ( -40.60000000000000142, 4.999999999999977796, 26.44924440733134574 ) ) ;
#9936 = EDGE_CURVE ( 'NONE', #2320, #4818, #5469, .T. ) ;
#9937 = DIRECTION ( 'NONE',  ( 3.854941057726244014E-17, 0.8660254037844382635, 0.5000000000000007772 ) ) ;
#9938 = PLANE ( 'NONE',  #3351 ) ;
#9939 = LINE ( 'NONE', #7571, #9125 ) ;
#9940 = ORIENTED_EDGE ( 'NONE', *, *, #3427, .F. ) ;
#9941 = ORIENTED_EDGE ( 'NONE', *, *, #4810, .F. ) ;
#9942 = VECTOR ( 'NONE', #471, 999.9999999999998863 ) ;
#9943 = CARTESIAN_POINT ( 'NONE',  ( 18.14117408006805832, 10.00000000000000000, -32.28330970379902709 ) ) ;
#9944 = DIRECTION ( 'NONE',  ( 0.000000000000000000, -1.000000000000000000, 0.000000000000000000 ) ) ;
#9945 = DIRECTION ( 'NONE',  ( 0.000000000000000000, -0.5000000000000007772, 0.8660254037844382635 ) ) ;
#9946 = CARTESIAN_POINT ( 'NONE',  ( -21.44924440733135640, 19.22649730810374180, -45.00000000000000000 ) ) ;
#9947 = CARTESIAN_POINT ( 'NONE',  ( 37.17386661099703105, 13.11422211844031160, 45.00000000000000000 ) ) ;
#9948 = DIRECTION ( 'NONE',  ( -0.4999999999999998890, 0.8660254037844387076, 0.000000000000000000 ) ) ;
#9949 = DIRECTION ( 'NONE',  ( 0.000000000000000000, -0.4999999999999998335, -0.8660254037844387076 ) ) ;
#9950 = ORIENTED_EDGE ( 'NONE', *, *, #4860, .T. ) ;
#9951 = ORIENTED_EDGE ( 'NONE', *, *, #7400, .F. ) ;
#9952 = EDGE_LOOP ( 'NONE', ( #1848, #9186, #3712, #9932 ) ) ;
#9953 = DIRECTION ( 'NONE',  ( 6.009258394948641055E-16, -1.000000000000000000, 0.000000000000000000 ) ) ;
#9954 = DIRECTION ( 'NONE',  ( 1.000000000000000000, 0.000000000000000000, -0.000000000000000000 ) ) ;
#9955 = DIRECTION ( 'NONE',  ( 0.8660254037844383745, 0.5000000000000004441, 0.000000000000000000 ) ) ;
#9956 = LINE ( 'NONE', #6123, #6362 ) ;
#9957 = CARTESIAN_POINT ( 'NONE',  ( -45.00000000000000711, 13.11422211844026720, -27.17386661099702039 ) ) ;
#9958 = EDGE_LOOP ( 'NONE', ( #5054, #7465, #1764, #6891 ) ) ;
#9959 = CARTESIAN_POINT ( 'NONE',  ( -40.60000000000000142, 4.999999999999984013, 5.000000000000004441 ) ) ;
#9960 = EDGE_CURVE ( 'NONE', #9440, #6534, #1619, .T. ) ;
#9961 = ORIENTED_EDGE ( 'NONE', *, *, #8862, .F. ) ;
#9962 = ORIENTED_EDGE ( 'NONE', *, *, #4768, .T. ) ;
#9963 = ADVANCED_FACE ( 'NONE', ( #4711, #1773, #7842, #2478, #7045, #1728, #3231, #3188, #8690, #2419, #4662, #791 ), #6380, .F. ) ;
#9964 = DIRECTION ( 'NONE',  ( 0.000000000000000000, 0.5000000000000005551, -0.8660254037844382635 ) ) ;
#9965 = CARTESIAN_POINT ( 'NONE',  ( 40.59999999999999432, 4.999999999999992006, -4.999999999999997335 ) ) ;
#9966 = DIRECTION ( 'NONE',  ( -0.000000000000000000, -0.000000000000000000, 1.000000000000000000 ) ) ;
#9967 = LINE ( 'NONE', #55, #4306 ) ;
#9968 = CARTESIAN_POINT ( 'NONE',  ( 37.17386661099703105, 18.88772481033656092, -45.00000000000000000 ) ) ;
#9969 = EDGE_LOOP ( 'NONE', ( #2017, #2698, #1159, #4872 ) ) ;
#9970 = LINE ( 'NONE', #7904, #6339 ) ;
#9971 = ORIENTED_EDGE ( 'NONE', *, *, #9673, .T. ) ;
#9972 = CARTESIAN_POINT ( 'NONE',  ( -40.60000000000000142, 21.22947990248990280, -31.22990540948981320 ) ) ;
#9973 = EDGE_CURVE ( 'NONE', #2097, #8365, #4057, .T. ) ;
#9974 = ORIENTED_EDGE ( 'NONE', *, *, #3835, .F. ) ;
#9975 = EDGE_LOOP ( 'NONE', ( #7114, #1334, #9635, #1834 ) ) ;
#9976 = LINE ( 'NONE', #6962, #9421 ) ;
#9977 = EDGE_CURVE ( 'NONE', #1803, #7042, #1674, .T. ) ;
#9978 = EDGE_CURVE ( 'NONE', #8978, #8827, #8645, .T. ) ;
#9979 = EDGE_CURVE ( 'NONE', #6097, #9653, #1824, .T. ) ;
#9980 = LINE ( 'NONE', #882, #6806 ) ;
#9981 = LINE ( 'NONE', #4143, #512 ) ;
#9982 = CARTESIAN_POINT ( 'NONE',  ( -40.60000000000000142, 21.77447615628465272, -32.17386661099701683 ) ) ;
#9983 = CARTESIAN_POINT ( 'NONE',  ( -16.44924440733135640, 22.11324865405187268, -45.00000000000000000 ) ) ;
#9984 = VERTEX_POINT ( 'NONE', #3501 ) ;
#9985 = VERTEX_POINT ( 'NONE', #3445 ) ;
#9986 = CARTESIAN_POINT ( 'NONE',  ( -5.724622203665679976, 4.999999999999997335, -40.59999999999999432 ) ) ;
#9987 = PLANE ( 'NONE',  #636 ) ;
#9988 = DIRECTION ( 'NONE',  ( 0.000000000000000000, -0.5000000000000007772, 0.8660254037844382635 ) ) ;
#9989 = DIRECTION ( 'NONE',  ( -0.8660254037844384856, -0.5000000000000004441, 0.000000000000000000 ) ) ;
#9990 = DIRECTION ( 'NONE',  ( 0.8660254037844384856, 0.5000000000000004441, 0.000000000000000000 ) ) ;
#9991 = CYLINDRICAL_SURFACE ( 'NONE', #3945, 2.000000000000001776 ) ;
#9992 = CARTESIAN_POINT ( 'NONE',  ( -45.00000000000000711, 13.11422211844027963, 27.17386661099704170 ) ) ;
#9993 = ORIENTED_EDGE ( 'NONE', *, *, #6861, .F. ) ;
#9994 = ORIENTED_EDGE ( 'NONE', *, *, #5096, .F. ) ;
#9995 = ORIENTED_EDGE ( 'NONE', *, *, #7876, .T. ) ;
#9996 = EDGE_CURVE ( 'NONE', #785, #7379, #3548, .T. ) ;
#9997 = EDGE_LOOP ( 'NONE', ( #8265, #9931, #3348, #6310, #6019, #1083 ) ) ;
#9998 = ADVANCED_FACE ( 'NONE', ( #8082 ), #1974, .F. ) ;
#9999 = DIRECTION ( 'NONE',  ( 0.000000000000000000, 0.5000000000000005551, -0.8660254037844382635 ) ) ;
#10000 = DIRECTION ( 'NONE',  ( -0.000000000000000000, -0.000000000000000000, 1.000000000000000000 ) ) ;
#10001 = DIRECTION ( 'NONE',  ( -0.8660254037844387076, -0.4999999999999998890, 0.000000000000000000 ) ) ;
#10002 = LINE ( 'NONE', #2273, #4150 ) ;
#10003 = CARTESIAN_POINT ( 'NONE',  ( 44.99999999999999289, 45.00000000000000000, -43.00000000000000000 ) ) ;
#10004 = LINE ( 'NONE', #4826, #1977 ) ;
#10005 = ORIENTED_EDGE ( 'NONE', *, *, #9599, .T. ) ;
#10006 = DIRECTION ( 'NONE',  ( -1.000000000000000000, 0.000000000000000000, 0.000000000000000000 ) ) ;
#10007 = ORIENTED_EDGE ( 'NONE', *, *, #9634, .F. ) ;
#10008 = EDGE_LOOP ( 'NONE', ( #1945, #9817, #1929, #1351, #4638, #9250 ) ) ;
#10009 = EDGE_CURVE ( 'NONE', #5364, #7541, #441, .T. ) ;
#10010 = CARTESIAN_POINT ( 'NONE',  ( 40.59999999999999432, 35.35556094242799929, -23.07420871848707478 ) ) ;
#10011 = DIRECTION ( 'NONE',  ( -1.000000000000000000, -6.009258394948641055E-16, 0.000000000000000000 ) ) ;
#10012 = VECTOR ( 'NONE', #6767, 1000.000000000000114 ) ;
#10013 = CARTESIAN_POINT ( 'NONE',  ( -45.00000000000000711, 19.22649730810370627, 21.44924440733136350 ) ) ;
#10014 = ADVANCED_FACE ( 'NONE', ( #6637 ), #6590, .F. ) ;
#10015 = LINE ( 'NONE', #4676, #3101 ) ;
#10016 = CARTESIAN_POINT ( 'NONE',  ( -45.00000000000000711, 28.22552384371527623, 10.72462220366568353 ) ) ;
#10017 = CARTESIAN_POINT ( 'NONE',  ( -45.00000000000000711, 31.11227518966341066, -37.17386661099701683 ) ) ;
#10018 = VERTEX_POINT ( 'NONE', #5020 ) ;
#10019 = CARTESIAN_POINT ( 'NONE',  ( 40.59999999999999432, 4.999999999999996447, -37.17386661099703105 ) ) ;
#10020 = ADVANCED_FACE ( 'NONE', ( #8837 ), #4316, .F. ) ;
#10021 = VERTEX_POINT ( 'NONE', #2729 ) ;
ENDSEC;
END-ISO-10303-21;
