ISO-10303-21;
HEADER;
FILE_DESCRIPTION (( 'STEP AP214' ),
    '1' );
FILE_NAME ('Palet_base_3x3.STEP',
    '2026-05-29T16:25:58',
    ( '' ),
    ( '' ),
    'SwSTEP 2.0',
    'SolidWorks 2025',
    '' );
FILE_SCHEMA (( 'AUTOMOTIVE_DESIGN' ));
ENDSEC;

DATA;
#1 = LINE ( 'NONE', #1133, #1396 ) ;
#2 = ADVANCED_FACE ( 'NONE', ( #1386 ), #676, .F. ) ;
#3 = ORIENTED_EDGE ( 'NONE', *, *, #169, .T. ) ;
#4 = CARTESIAN_POINT ( 'NONE',  ( 39.99999999999999289, 5.000000000000000000, -56.50000000000000000 ) ) ;
#5 = EDGE_LOOP ( 'NONE', ( #906, #518, #419, #236 ) ) ;
#6 = CARTESIAN_POINT ( 'NONE',  ( -63.00000000000000000, -3.000000000000000000, -63.00000000000000000 ) ) ;
#7 = CARTESIAN_POINT ( 'NONE',  ( 2.020667218593132706E-15, 0.000000000000000000, -16.49999999999998934 ) ) ;
#8 = ORIENTED_EDGE ( 'NONE', *, *, #868, .T. ) ;
#9 = EDGE_CURVE ( 'NONE', #341, #450, #909, .T. ) ;
#10 = CARTESIAN_POINT ( 'NONE',  ( -2.449293598294704146E-15, 0.000000000000000000, 40.00000000000000711 ) ) ;
#11 = VERTEX_POINT ( 'NONE', #740 ) ;
#12 = EDGE_CURVE ( 'NONE', #11, #656, #613, .T. ) ;
#13 = CYLINDRICAL_SURFACE ( 'NONE', #1468, 16.50000000000000000 ) ;
#14 = DIRECTION ( 'NONE',  ( 0.000000000000000000, 0.000000000000000000, 1.000000000000000000 ) ) ;
#15 = ORIENTED_EDGE ( 'NONE', *, *, #577, .F. ) ;
#16 = CARTESIAN_POINT ( 'NONE',  ( -65.00000000000000000, 0.000000000000000000, 63.00000000000000000 ) ) ;
#17 = EDGE_LOOP ( 'NONE', ( #524, #1008, #699, #990 ) ) ;
#18 = PRODUCT_DEFINITION ( 'UNKNOWN', '', #165, #317 ) ;
#19 = CARTESIAN_POINT ( 'NONE',  ( 39.99999999999999289, 0.000000000000000000, -56.50000000000000000 ) ) ;
#20 = LINE ( 'NONE', #361, #604 ) ;
#21 = CIRCLE ( 'NONE', #1447, 16.49999999999999645 ) ;
#22 = DIRECTION ( 'NONE',  ( -0.000000000000000000, 1.000000000000000000, -0.000000000000000000 ) ) ;
#23 = AXIS2_PLACEMENT_3D ( 'NONE', #10, #222, #1278 ) ;
#24 = AXIS2_PLACEMENT_3D ( 'NONE', #505, #1065, #32 ) ;
#25 = AXIS2_PLACEMENT_3D ( 'NONE', #891, #437, #1205 ) ;
#26 = CARTESIAN_POINT ( 'NONE',  ( -6.938893903907228378E-15, 5.000000000000000000, -40.00000000000000711 ) ) ;
#27 = ORIENTED_EDGE ( 'NONE', *, *, #175, .F. ) ;
#28 = LINE ( 'NONE', #959, #1407 ) ;
#29 = ADVANCED_FACE ( 'NONE', ( #597 ), #1181, .F. ) ;
#30 = CARTESIAN_POINT ( 'NONE',  ( 39.99999999999999289, 0.000000000000000000, -40.00000000000000000 ) ) ;
#31 = AXIS2_PLACEMENT_3D ( 'NONE', #88, #1222, #80 ) ;
#32 = DIRECTION ( 'NONE',  ( 0.000000000000000000, 0.000000000000000000, 1.000000000000000000 ) ) ;
#33 = PLANE ( 'NONE',  #184 ) ;
#34 = DIRECTION ( 'NONE',  ( 1.000000000000000000, -0.000000000000000000, 0.000000000000000000 ) ) ;
#35 = ORIENTED_EDGE ( 'NONE', *, *, #739, .F. ) ;
#36 = DIRECTION ( 'NONE',  ( 0.000000000000000000, 0.000000000000000000, 1.000000000000000000 ) ) ;
#37 = CIRCLE ( 'NONE', #228, 16.50000000000000000 ) ;
#38 = DIRECTION ( 'NONE',  ( -0.000000000000000000, 1.000000000000000000, -0.000000000000000000 ) ) ;
#39 = DIRECTION ( 'NONE',  ( -0.1908089953765448599, -0.9816271834476639757, 0.000000000000000000 ) ) ;
#40 = DIRECTION ( 'NONE',  ( 0.000000000000000000, 1.000000000000000000, -0.000000000000000000 ) ) ;
#41 = CARTESIAN_POINT ( 'NONE',  ( 63.00000000000002842, 0.000000000000000000, -63.00000000000000000 ) ) ;
#42 = ORIENTED_EDGE ( 'NONE', *, *, #480, .T. ) ;
#43 = EDGE_CURVE ( 'NONE', #274, #467, #1030, .T. ) ;
#44 = LINE ( 'NONE', #968, #1006 ) ;
#45 = AXIS2_PLACEMENT_3D ( 'NONE', #207, #658, #1248 ) ;
#46 = ORIENTED_EDGE ( 'NONE', *, *, #1025, .T. ) ;
#47 = CARTESIAN_POINT ( 'NONE',  ( 39.99999999999999289, 0.000000000000000000, -16.50000000000000000 ) ) ;
#48 = CARTESIAN_POINT ( 'NONE',  ( 60.00000000000000000, 0.000000000000000000, 0.000000000000000000 ) ) ;
#49 = CARTESIAN_POINT ( 'NONE',  ( -65.00000000000000000, -3.000000000000000000, -63.00000000000000000 ) ) ;
#50 = ADVANCED_FACE ( 'NONE', ( #370 ), #1055, .F. ) ;
#51 = PRODUCT_RELATED_PRODUCT_CATEGORY ( 'part', '', ( #764 ) ) ;
#52 = DIRECTION ( 'NONE',  ( -0.000000000000000000, -1.000000000000000000, -0.000000000000000000 ) ) ;
#53 = EDGE_LOOP ( 'NONE', ( #1286, #759 ) ) ;
#54 = CARTESIAN_POINT ( 'NONE',  ( -63.00000000000000000, 0.000000000000000000, -65.00000000000000000 ) ) ;
#55 = DIRECTION ( 'NONE',  ( 0.1874275599918959756, -0.9642312064598245192, -0.1874275599918959756 ) ) ;
#56 = PLANE ( 'NONE',  #99 ) ;
#57 = AXIS2_PLACEMENT_3D ( 'NONE', #250, #606, #966 ) ;
#58 = LINE ( 'NONE', #514, #905 ) ;
#59 = VERTEX_POINT ( 'NONE', #153 ) ;
#60 = CYLINDRICAL_SURFACE ( 'NONE', #887, 16.50000000000000000 ) ;
#61 = ORIENTED_EDGE ( 'NONE', *, *, #753, .F. ) ;
#62 = AXIS2_PLACEMENT_3D ( 'NONE', #355, #240, #589 ) ;
#63 = CARTESIAN_POINT ( 'NONE',  ( 0.000000000000000000, 0.000000000000000000, 16.50000000000000355 ) ) ;
#64 = DIRECTION ( 'NONE',  ( 0.000000000000000000, 0.000000000000000000, 1.000000000000000000 ) ) ;
#65 = EDGE_CURVE ( 'NONE', #542, #1446, #489, .T. ) ;
#66 = ADVANCED_FACE ( 'NONE', ( #964 ), #858, .F. ) ;
#67 = DIRECTION ( 'NONE',  ( 0.000000000000000000, 0.000000000000000000, 1.000000000000000000 ) ) ;
#68 = VERTEX_POINT ( 'NONE', #1075 ) ;
#69 = ORIENTED_EDGE ( 'NONE', *, *, #447, .F. ) ;
#70 = CARTESIAN_POINT ( 'NONE',  ( -40.00000000000000000, 5.000000000000000000, -56.50000000000000711 ) ) ;
#71 = CYLINDRICAL_SURFACE ( 'NONE', #1383, 16.49999999999999645 ) ;
#72 = PLANE ( 'NONE',  #558 ) ;
#73 = ORIENTED_EDGE ( 'NONE', *, *, #962, .T. ) ;
#74 = VECTOR ( 'NONE', #855, 1000.000000000000000 ) ;
#75 = CARTESIAN_POINT ( 'NONE',  ( 0.000000000000000000, 0.000000000000000000, 6.938893903907228378E-15 ) ) ;
#76 = EDGE_LOOP ( 'NONE', ( #283, #46, #444, #1225 ) ) ;
#77 = CIRCLE ( 'NONE', #920, 16.50000000000000000 ) ;
#78 = ADVANCED_FACE ( 'NONE', ( #833 ), #33, .T. ) ;
#79 = LINE ( 'NONE', #422, #543 ) ;
#80 = DIRECTION ( 'NONE',  ( 0.000000000000000000, 0.000000000000000000, 1.000000000000000000 ) ) ;
#81 = CARTESIAN_POINT ( 'NONE',  ( -63.00000000000000000, -3.000000000000000000, -65.00000000000000000 ) ) ;
#82 = ORIENTED_EDGE ( 'NONE', *, *, #1378, .F. ) ;
#83 = CIRCLE ( 'NONE', #584, 16.50000000000000000 ) ;
#84 = CARTESIAN_POINT ( 'NONE',  ( -40.00000000000000000, 0.000000000000000000, 56.50000000000000711 ) ) ;
#85 = ORIENTED_EDGE ( 'NONE', *, *, #328, .F. ) ;
#86 = DIRECTION ( 'NONE',  ( 0.000000000000000000, 1.000000000000000000, -0.000000000000000000 ) ) ;
#87 = AXIS2_PLACEMENT_3D ( 'NONE', #506, #40, #720 ) ;
#88 = CARTESIAN_POINT ( 'NONE',  ( -40.00000000000000000, 0.000000000000000000, -40.00000000000000000 ) ) ;
#89 = CARTESIAN_POINT ( 'NONE',  ( 0.000000000000000000, 0.000000000000000000, -60.00000000000000000 ) ) ;
#90 = ORIENTED_EDGE ( 'NONE', *, *, #1159, .F. ) ;
#91 = ORIENTED_EDGE ( 'NONE', *, *, #1287, .F. ) ;
#92 = DIRECTION ( 'NONE',  ( 1.000000000000000000, 0.000000000000000000, 0.000000000000000000 ) ) ;
#93 = DIRECTION ( 'NONE',  ( 0.000000000000000000, 1.000000000000000000, -0.000000000000000000 ) ) ;
#94 = ORIENTED_EDGE ( 'NONE', *, *, #1267, .F. ) ;
#95 = LINE ( 'NONE', #1105, #172 ) ;
#96 = EDGE_LOOP ( 'NONE', ( #1491, #201, #1136, #251, #8, #695, #1355, #1476 ) ) ;
#97 = VECTOR ( 'NONE', #1384, 1000.000000000000000 ) ;
#98 = VECTOR ( 'NONE', #932, 1000.000000000000000 ) ;
#99 = AXIS2_PLACEMENT_3D ( 'NONE', #1456, #86, #988 ) ;
#100 = AXIS2_PLACEMENT_3D ( 'NONE', #878, #1352, #67 ) ;
#101 = CARTESIAN_POINT ( 'NONE',  ( -2.449293598294704146E-15, 0.000000000000000000, 40.00000000000000711 ) ) ;
#102 = ADVANCED_FACE ( 'NONE', ( #1417 ), #393, .T. ) ;
#103 = LINE ( 'NONE', #320, #757 ) ;
#104 = CARTESIAN_POINT ( 'NONE',  ( -60.00000000000000000, 0.000000000000000000, 57.05511844965700874 ) ) ;
#105 = AXIS2_PLACEMENT_3D ( 'NONE', #653, #324, #1132 ) ;
#106 = ORIENTED_EDGE ( 'NONE', *, *, #65, .T. ) ;
#107 = LINE ( 'NONE', #901, #1401 ) ;
#108 = EDGE_CURVE ( 'NONE', #433, #128, #1083, .T. ) ;
#109 = CARTESIAN_POINT ( 'NONE',  ( 39.99999999999999289, 0.000000000000000000, 40.00000000000000711 ) ) ;
#110 = VERTEX_POINT ( 'NONE', #49 ) ;
#111 = AXIS2_PLACEMENT_3D ( 'NONE', #1114, #1334, #1466 ) ;
#112 = LINE ( 'NONE', #561, #1061 ) ;
#113 = ORIENTED_EDGE ( 'NONE', *, *, #1489, .T. ) ;
#114 = FACE_OUTER_BOUND ( 'NONE', #1148, .T. ) ;
#115 = DIRECTION ( 'NONE',  ( 0.000000000000000000, 1.000000000000000000, -0.000000000000000000 ) ) ;
#116 = ORIENTED_EDGE ( 'NONE', *, *, #1328, .T. ) ;
#117 = DIRECTION ( 'NONE',  ( 0.000000000000000000, 1.000000000000000000, -0.000000000000000000 ) ) ;
#118 = VERTEX_POINT ( 'NONE', #1410 ) ;
#119 = CIRCLE ( 'NONE', #872, 2.000000000000001776 ) ;
#120 = CARTESIAN_POINT ( 'NONE',  ( -63.00000000000000000, -3.000000000000000000, 63.00000000000000000 ) ) ;
#121 = CARTESIAN_POINT ( 'NONE',  ( -59.02809845431139024, 4.999999999999998224, -57.82104513169650772 ) ) ;
#122 = ORIENTED_EDGE ( 'NONE', *, *, #564, .T. ) ;
#123 = CARTESIAN_POINT ( 'NONE',  ( 0.000000000000000000, 5.000000000000000000, 59.02809845431140445 ) ) ;
#124 = ORIENTED_EDGE ( 'NONE', *, *, #367, .T. ) ;
#125 = VECTOR ( 'NONE', #797, 1000.000000000000000 ) ;
#126 = DIRECTION ( 'NONE',  ( 0.000000000000000000, 0.000000000000000000, 1.000000000000000000 ) ) ;
#127 = DIRECTION ( 'NONE',  ( -0.000000000000000000, -0.000000000000000000, 1.000000000000000000 ) ) ;
#128 = VERTEX_POINT ( 'NONE', #379 ) ;
#129 = AXIS2_PLACEMENT_3D ( 'NONE', #1292, #280, #481 ) ;
#130 = PLANE ( 'NONE',  #683 ) ;
#131 = ORIENTED_EDGE ( 'NONE', *, *, #842, .T. ) ;
#132 = DIRECTION ( 'NONE',  ( 0.000000000000000000, 0.000000000000000000, -1.000000000000000000 ) ) ;
#133 = CARTESIAN_POINT ( 'NONE',  ( 63.00000000000002842, -3.000000000000000000, -63.00000000000000000 ) ) ;
#134 = CARTESIAN_POINT ( 'NONE',  ( -40.00000000000000000, 0.000000000000000000, 23.50000000000000711 ) ) ;
#135 = CYLINDRICAL_SURFACE ( 'NONE', #635, 2.000000000000001776 ) ;
#136 = ADVANCED_FACE ( 'NONE', ( #1307 ), #748, .T. ) ;
#137 = EDGE_LOOP ( 'NONE', ( #671, #770 ) ) ;
#138 = DIRECTION ( 'NONE',  ( 0.000000000000000000, 1.000000000000000000, -0.000000000000000000 ) ) ;
#139 = DIRECTION ( 'NONE',  ( 0.000000000000000000, 1.000000000000000000, -0.000000000000000000 ) ) ;
#140 = DIRECTION ( 'NONE',  ( 0.9816271834476639757, 0.1908089953765448599, 0.000000000000000000 ) ) ;
#141 = VECTOR ( 'NONE', #38, 1000.000000000000000 ) ;
#142 = DIRECTION ( 'NONE',  ( 0.000000000000000000, 0.000000000000000000, -1.000000000000000000 ) ) ;
#143 = AXIS2_PLACEMENT_3D ( 'NONE', #1337, #645, #1343 ) ;
#144 = EDGE_CURVE ( 'NONE', #1365, #1412, #1215, .T. ) ;
#145 = CARTESIAN_POINT ( 'NONE',  ( -57.99570559507046141, 10.31120083006707056, -55.05082404472747015 ) ) ;
#146 = ORIENTED_EDGE ( 'NONE', *, *, #1026, .F. ) ;
#147 = CARTESIAN_POINT ( 'NONE',  ( -63.00000000000000000, -3.000000000000000000, -63.00000000000000000 ) ) ;
#148 = VERTEX_POINT ( 'NONE', #731 ) ;
#149 = LINE ( 'NONE', #874, #288 ) ;
#150 = VECTOR ( 'NONE', #1058, 1000.000000000000000 ) ;
#151 = CARTESIAN_POINT ( 'NONE',  ( -39.99999999999999289, 0.000000000000000000, 6.938893903907228378E-15 ) ) ;
#152 = EDGE_CURVE ( 'NONE', #1342, #293, #1237, .T. ) ;
#153 = CARTESIAN_POINT ( 'NONE',  ( -65.00000000000000000, 0.000000000000000000, -63.00000000000000000 ) ) ;
#154 = CARTESIAN_POINT ( 'NONE',  ( -63.00000000000000000, -3.000000000000000000, 0.000000000000000000 ) ) ;
#155 = ORIENTED_EDGE ( 'NONE', *, *, #426, .T. ) ;
#156 = CARTESIAN_POINT ( 'NONE',  ( -59.02809845431141156, 4.999999999999998224, 57.82104513169650772 ) ) ;
#157 = EDGE_LOOP ( 'NONE', ( #183, #1091 ) ) ;
#158 = FACE_OUTER_BOUND ( 'NONE', #1059, .T. ) ;
#159 = EDGE_CURVE ( 'NONE', #128, #1473, #58, .T. ) ;
#160 = CARTESIAN_POINT ( 'NONE',  ( 60.00000000000000000, 0.000000000000000000, 57.05511844965701584 ) ) ;
#161 = CARTESIAN_POINT ( 'NONE',  ( 63.00000000000002842, -3.000000000000000000, -63.00000000000000000 ) ) ;
#162 = CARTESIAN_POINT ( 'NONE',  ( -65.00000000000000000, -3.000000000000000000, 63.00000000000000000 ) ) ;
#163 = EDGE_LOOP ( 'NONE', ( #1121, #736, #1449, #1323 ) ) ;
#164 = DIRECTION ( 'NONE',  ( -0.000000000000000000, 1.000000000000000000, -0.000000000000000000 ) ) ;
#165 = PRODUCT_DEFINITION_FORMATION_WITH_SPECIFIED_SOURCE ( 'ANY', '', #764, .NOT_KNOWN. ) ;
#166 = ORIENTED_EDGE ( 'NONE', *, *, #593, .F. ) ;
#167 = DIRECTION ( 'NONE',  ( 0.000000000000000000, 0.000000000000000000, 1.000000000000000000 ) ) ;
#168 = FACE_BOUND ( 'NONE', #793, .T. ) ;
#169 = EDGE_CURVE ( 'NONE', #1488, #777, #982, .T. ) ;
#170 = CARTESIAN_POINT ( 'NONE',  ( -63.00000000000000000, -3.000000000000000000, 63.00000000000000000 ) ) ;
#171 = ORIENTED_EDGE ( 'NONE', *, *, #1374, .F. ) ;
#172 = VECTOR ( 'NONE', #642, 1000.000000000000000 ) ;
#173 = AXIS2_PLACEMENT_3D ( 'NONE', #1217, #93, #1231 ) ;
#174 = FACE_OUTER_BOUND ( 'NONE', #1261, .T. ) ;
#175 = EDGE_CURVE ( 'NONE', #1000, #508, #256, .T. ) ;
#176 = ADVANCED_FACE ( 'NONE', ( #528 ), #1097, .F. ) ;
#177 = DIRECTION ( 'NONE',  ( -0.000000000000000000, 1.000000000000000000, -0.000000000000000000 ) ) ;
#178 = DIRECTION ( 'NONE',  ( 0.000000000000000000, 1.000000000000000000, -0.000000000000000000 ) ) ;
#179 = AXIS2_PLACEMENT_3D ( 'NONE', #202, #1485, #1032 ) ;
#180 = DIRECTION ( 'NONE',  ( 1.000000000000000000, -0.000000000000000000, 0.000000000000000000 ) ) ;
#181 = VERTEX_POINT ( 'NONE', #204 ) ;
#182 = DIRECTION ( 'NONE',  ( -0.000000000000000000, 1.000000000000000000, -0.000000000000000000 ) ) ;
#183 = ORIENTED_EDGE ( 'NONE', *, *, #431, .F. ) ;
#184 = AXIS2_PLACEMENT_3D ( 'NONE', #1429, #1299, #955 ) ;
#185 = CARTESIAN_POINT ( 'NONE',  ( -40.00000000000000000, 0.000000000000000000, -56.50000000000000711 ) ) ;
#186 = FACE_OUTER_BOUND ( 'NONE', #923, .T. ) ;
#187 = PLANE ( 'NONE',  #1202 ) ;
#188 = ORIENTED_EDGE ( 'NONE', *, *, #1082, .F. ) ;
#189 = EDGE_CURVE ( 'NONE', #345, #395, #249, .T. ) ;
#190 = EDGE_LOOP ( 'NONE', ( #91, #1123, #835, #977 ) ) ;
#191 = CARTESIAN_POINT ( 'NONE',  ( -4.918226685314095278E-15, 5.000000000000000000, -56.50000000000000711 ) ) ;
#192 = CYLINDRICAL_SURFACE ( 'NONE', #105, 16.50000000000000355 ) ;
#193 = CARTESIAN_POINT ( 'NONE',  ( 65.00000000000002842, -3.000000000000000000, 65.00000000000000000 ) ) ;
#194 = ORIENTED_EDGE ( 'NONE', *, *, #1166, .F. ) ;
#195 = ORIENTED_EDGE ( 'NONE', *, *, #1288, .T. ) ;
#196 =( NAMED_UNIT ( * ) PLANE_ANGLE_UNIT ( ) SI_UNIT ( $, .RADIAN. ) );
#197 = DIRECTION ( 'NONE',  ( -0.000000000000000000, 1.000000000000000000, -0.000000000000000000 ) ) ;
#198 = CARTESIAN_POINT ( 'NONE',  ( -65.00000000000000000, -5.000000000000000000, -65.00000000000000000 ) ) ;
#199 = EDGE_CURVE ( 'NONE', #1104, #1269, #417, .T. ) ;
#200 = ORIENTED_EDGE ( 'NONE', *, *, #1111, .F. ) ;
#201 = ORIENTED_EDGE ( 'NONE', *, *, #410, .T. ) ;
#202 = CARTESIAN_POINT ( 'NONE',  ( 39.99999999999999289, 0.000000000000000000, 0.000000000000000000 ) ) ;
#203 = EDGE_CURVE ( 'NONE', #540, #1342, #1443, .T. ) ;
#204 = CARTESIAN_POINT ( 'NONE',  ( 63.00000000000002842, -3.000000000000000000, -65.00000000000000000 ) ) ;
#205 = ORIENTED_EDGE ( 'NONE', *, *, #144, .T. ) ;
#206 = ORIENTED_EDGE ( 'NONE', *, *, #410, .F. ) ;
#207 = CARTESIAN_POINT ( 'NONE',  ( 0.000000000000000000, 0.000000000000000000, 0.000000000000000000 ) ) ;
#208 = EDGE_CURVE ( 'NONE', #335, #825, #877, .T. ) ;
#209 = DIRECTION ( 'NONE',  ( 0.000000000000000000, 1.000000000000000000, -0.000000000000000000 ) ) ;
#210 = ORIENTED_EDGE ( 'NONE', *, *, #710, .T. ) ;
#211 = DIRECTION ( 'NONE',  ( -0.000000000000000000, 1.000000000000000000, -0.000000000000000000 ) ) ;
#212 = ORIENTED_EDGE ( 'NONE', *, *, #1484, .F. ) ;
#213 = AXIS2_PLACEMENT_3D ( 'NONE', #120, #1266, #1290 ) ;
#214 = EDGE_CURVE ( 'NONE', #777, #293, #424, .T. ) ;
#215 = ADVANCED_FACE ( 'NONE', ( #1459 ), #1103, .T. ) ;
#216 = AXIS2_PLACEMENT_3D ( 'NONE', #694, #211, #1256 ) ;
#217 = AXIS2_PLACEMENT_3D ( 'NONE', #889, #178, #763 ) ;
#218 = AXIS2_PLACEMENT_3D ( 'NONE', #89, #414, #1012 ) ;
#219 = FILL_AREA_STYLE_COLOUR ( '', #1258 ) ;
#220 = DIRECTION ( 'NONE',  ( 0.000000000000000000, 0.000000000000000000, 1.000000000000000000 ) ) ;
#221 = VERTEX_POINT ( 'NONE', #1331 ) ;
#222 = DIRECTION ( 'NONE',  ( 0.000000000000000000, 1.000000000000000000, -0.000000000000000000 ) ) ;
#223 = AXIS2_PLACEMENT_3D ( 'NONE', #1359, #700, #1149 ) ;
#224 = ORIENTED_EDGE ( 'NONE', *, *, #849, .T. ) ;
#225 = CYLINDRICAL_SURFACE ( 'NONE', #1131, 2.000000000000001776 ) ;
#226 = CARTESIAN_POINT ( 'NONE',  ( 57.82104513169650772, 4.999999999999998224, 59.02809845431141156 ) ) ;
#227 = EDGE_LOOP ( 'NONE', ( #155, #363 ) ) ;
#228 = AXIS2_PLACEMENT_3D ( 'NONE', #670, #541, #897 ) ;
#229 = DIRECTION ( 'NONE',  ( 0.000000000000000000, -1.000000000000000000, 0.000000000000000000 ) ) ;
#230 = ORIENTED_EDGE ( 'NONE', *, *, #12, .F. ) ;
#231 = ADVANCED_FACE ( 'NONE', ( #1110 ), #314, .F. ) ;
#232 = DIRECTION ( 'NONE',  ( -0.000000000000000000, -1.000000000000000000, 0.000000000000000000 ) ) ;
#233 = DIRECTION ( 'NONE',  ( 0.000000000000000000, 1.000000000000000000, -0.000000000000000000 ) ) ;
#234 = VERTEX_POINT ( 'NONE', #81 ) ;
#235 = DIRECTION ( 'NONE',  ( 0.000000000000000000, 1.000000000000000000, -0.000000000000000000 ) ) ;
#236 = ORIENTED_EDGE ( 'NONE', *, *, #845, .F. ) ;
#237 = CARTESIAN_POINT ( 'NONE',  ( 63.00000000000002842, -5.000000000000000000, 65.00000000000000000 ) ) ;
#238 = CARTESIAN_POINT ( 'NONE',  ( 39.99999999999999289, 0.000000000000000000, 56.50000000000000711 ) ) ;
#239 = VECTOR ( 'NONE', #1452, 1000.000000000000000 ) ;
#240 = DIRECTION ( 'NONE',  ( -0.000000000000000000, 1.000000000000000000, -0.000000000000000000 ) ) ;
#241 = CARTESIAN_POINT ( 'NONE',  ( 0.000000000000000000, 5.000000000000000000, 6.938893903907228378E-15 ) ) ;
#242 = ORIENTED_EDGE ( 'NONE', *, *, #529, .T. ) ;
#243 = VECTOR ( 'NONE', #956, 1000.000000000000000 ) ;
#244 = EDGE_CURVE ( 'NONE', #510, #727, #931, .T. ) ;
#245 = FACE_OUTER_BOUND ( 'NONE', #17, .T. ) ;
#246 = CARTESIAN_POINT ( 'NONE',  ( 39.99999999999999289, 5.000000000000000000, -16.50000000000000000 ) ) ;
#247 = ADVANCED_FACE ( 'NONE', ( #539 ), #662, .T. ) ;
#248 = CARTESIAN_POINT ( 'NONE',  ( -55.05082404472747726, 10.31120083006707233, -57.99570559507046141 ) ) ;
#249 = CIRCLE ( 'NONE', #566, 16.50000000000000000 ) ;
#250 = CARTESIAN_POINT ( 'NONE',  ( 39.99999999999999289, 0.000000000000000000, 0.000000000000000000 ) ) ;
#251 = ORIENTED_EDGE ( 'NONE', *, *, #684, .T. ) ;
#252 = CARTESIAN_POINT ( 'NONE',  ( 57.82104513169650772, 4.999999999999998224, -59.02809845431139024 ) ) ;
#253 = CARTESIAN_POINT ( 'NONE',  ( -63.00000000000000000, -3.000000000000000000, 65.00000000000000000 ) ) ;
#254 = DIRECTION ( 'NONE',  ( 0.000000000000000000, 0.000000000000000000, 1.000000000000000000 ) ) ;
#255 = EDGE_CURVE ( 'NONE', #110, #1412, #1236, .T. ) ;
#256 = LINE ( 'NONE', #429, #516 ) ;
#257 = DIRECTION ( 'NONE',  ( 0.000000000000000000, 0.000000000000000000, -1.000000000000000000 ) ) ;
#258 = ORIENTED_EDGE ( 'NONE', *, *, #1037, .T. ) ;
#259 = DIRECTION ( 'NONE',  ( 0.000000000000000000, 0.000000000000000000, -1.000000000000000000 ) ) ;
#260 = ORIENTED_EDGE ( 'NONE', *, *, #677, .F. ) ;
#261 = ADVANCED_FACE ( 'NONE', ( #782 ), #1125, .T. ) ;
#262 = DIRECTION ( 'NONE',  ( -0.000000000000000000, 1.000000000000000000, -0.000000000000000000 ) ) ;
#263 = DIRECTION ( 'NONE',  ( 0.000000000000000000, 1.000000000000000000, -0.000000000000000000 ) ) ;
#264 = VECTOR ( 'NONE', #1094, 1000.000000000000227 ) ;
#265 = CARTESIAN_POINT ( 'NONE',  ( -6.938893903907228378E-15, 0.000000000000000000, -40.00000000000000711 ) ) ;
#266 = DIRECTION ( 'NONE',  ( 0.000000000000000000, 0.000000000000000000, 1.000000000000000000 ) ) ;
#267 = EDGE_LOOP ( 'NONE', ( #1150, #224 ) ) ;
#268 = DIRECTION ( 'NONE',  ( 1.000000000000000000, 0.000000000000000000, -0.000000000000000000 ) ) ;
#269 = ORIENTED_EDGE ( 'NONE', *, *, #1489, .F. ) ;
#270 = CARTESIAN_POINT ( 'NONE',  ( 0.000000000000000000, 0.000000000000000000, 6.938893903907228378E-15 ) ) ;
#271 = DIRECTION ( 'NONE',  ( 0.000000000000000000, 0.000000000000000000, 1.000000000000000000 ) ) ;
#272 = DIRECTION ( 'NONE',  ( 0.000000000000000000, 1.000000000000000000, -0.000000000000000000 ) ) ;
#273 = DIRECTION ( 'NONE',  ( 0.000000000000000000, 0.000000000000000000, 1.000000000000000000 ) ) ;
#274 = VERTEX_POINT ( 'NONE', #305 ) ;
#275 = CARTESIAN_POINT ( 'NONE',  ( -59.02809845431140445, 5.000000000000000000, 56.08321690396842030 ) ) ;
#276 = EDGE_LOOP ( 'NONE', ( #357, #744, #1168, #930 ) ) ;
#277 = ADVANCED_FACE ( 'NONE', ( #521 ), #187, .F. ) ;
#278 = LINE ( 'NONE', #47, #527 ) ;
#279 = CARTESIAN_POINT ( 'NONE',  ( -59.02809845431140445, 5.000000000000000000, -56.08321690396842030 ) ) ;
#280 = DIRECTION ( 'NONE',  ( 0.000000000000000000, 1.000000000000000000, -0.000000000000000000 ) ) ;
#281 = EDGE_CURVE ( 'NONE', #1414, #450, #103, .T. ) ;
#282 = FACE_OUTER_BOUND ( 'NONE', #390, .T. ) ;
#283 = ORIENTED_EDGE ( 'NONE', *, *, #255, .T. ) ;
#284 = CARTESIAN_POINT ( 'NONE',  ( -40.00000000000000000, 5.000000000000000000, 56.50000000000000711 ) ) ;
#285 = ORIENTED_EDGE ( 'NONE', *, *, #631, .F. ) ;
#286 = CYLINDRICAL_SURFACE ( 'NONE', #726, 2.000000000000001776 ) ;
#287 = DIRECTION ( 'NONE',  ( 0.000000000000000000, 0.000000000000000000, 1.000000000000000000 ) ) ;
#288 = VECTOR ( 'NONE', #846, 1000.000000000000000 ) ;
#289 = CARTESIAN_POINT ( 'NONE',  ( -65.00000000000000000, -5.000000000000000000, 65.00000000000000000 ) ) ;
#290 = ORIENTED_EDGE ( 'NONE', *, *, #1439, .T. ) ;
#291 = AXIS2_PLACEMENT_3D ( 'NONE', #1325, #229, #1490 ) ;
#292 = AXIS2_PLACEMENT_3D ( 'NONE', #970, #1314, #271 ) ;
#293 = VERTEX_POINT ( 'NONE', #640 ) ;
#294 = LINE ( 'NONE', #391, #74 ) ;
#295 = FACE_OUTER_BOUND ( 'NONE', #863, .T. ) ;
#296 = VECTOR ( 'NONE', #364, 1000.000000000000000 ) ;
#297 = DIRECTION ( 'NONE',  ( -0.000000000000000000, 1.000000000000000000, -0.000000000000000000 ) ) ;
#298 = ADVANCED_FACE ( 'NONE', ( #648 ), #72, .T. ) ;
#299 = ORIENTED_EDGE ( 'NONE', *, *, #203, .F. ) ;
#300 = CARTESIAN_POINT ( 'NONE',  ( 56.08321690396842030, 5.000000000000000000, 59.02809845431140445 ) ) ;
#301 = ORIENTED_EDGE ( 'NONE', *, *, #1335, .T. ) ;
#302 = AXIS2_PLACEMENT_3D ( 'NONE', #1049, #1251, #14 ) ;
#303 = VECTOR ( 'NONE', #633, 1000.000000000000000 ) ;
#304 = CARTESIAN_POINT ( 'NONE',  ( -63.00000000000000000, -3.000000000000000000, 63.00000000000000000 ) ) ;
#305 = CARTESIAN_POINT ( 'NONE',  ( -2.449293598294704146E-15, 0.000000000000000000, 56.50000000000000711 ) ) ;
#306 = ORIENTED_EDGE ( 'NONE', *, *, #907, .F. ) ;
#307 = DIRECTION ( 'NONE',  ( 0.000000000000000000, 1.000000000000000000, -0.000000000000000000 ) ) ;
#308 = EDGE_LOOP ( 'NONE', ( #61, #306 ) ) ;
#309 = EDGE_CURVE ( 'NONE', #234, #742, #1, .T. ) ;
#310 = CYLINDRICAL_SURFACE ( 'NONE', #954, 16.49999999999999645 ) ;
#311 = EDGE_CURVE ( 'NONE', #1342, #1488, #915, .T. ) ;
#312 = PRODUCT_DEFINITION_SHAPE ( 'NONE', 'NONE',  #18 ) ;
#313 = SURFACE_STYLE_USAGE ( .BOTH. , #1478 ) ;
#314 = PLANE ( 'NONE',  #362 ) ;
#315 = ORIENTED_EDGE ( 'NONE', *, *, #1445, .T. ) ;
#316 = EDGE_CURVE ( 'NONE', #118, #1465, #340, .T. ) ;
#317 = PRODUCT_DEFINITION_CONTEXT ( 'detailed design', #1113, 'design' ) ;
#318 = ORIENTED_EDGE ( 'NONE', *, *, #1014, .T. ) ;
#319 = DIRECTION ( 'NONE',  ( -1.000000000000000000, 0.000000000000000000, 0.000000000000000000 ) ) ;
#320 = CARTESIAN_POINT ( 'NONE',  ( 59.13154946405281720, 4.467790692378653894, -56.18666791370982594 ) ) ;
#321 = PRESENTATION_LAYER_ASSIGNMENT (  '', '', ( #608 ) ) ;
#322 = VERTEX_POINT ( 'NONE', #588 ) ;
#323 = ORIENTED_EDGE ( 'NONE', *, *, #958, .T. ) ;
#324 = DIRECTION ( 'NONE',  ( -0.000000000000000000, 1.000000000000000000, -0.000000000000000000 ) ) ;
#325 = CARTESIAN_POINT ( 'NONE',  ( 59.02809845431139024, 4.999999999999998224, 57.82104513169650772 ) ) ;
#326 = ORIENTED_EDGE ( 'NONE', *, *, #1348, .F. ) ;
#327 = ADVANCED_FACE ( 'NONE', ( #332 ), #798, .F. ) ;
#328 = EDGE_CURVE ( 'NONE', #657, #1183, #1214, .T. ) ;
#329 = FACE_OUTER_BOUND ( 'NONE', #1207, .T. ) ;
#330 = ORIENTED_EDGE ( 'NONE', *, *, #980, .T. ) ;
#331 = FACE_OUTER_BOUND ( 'NONE', #1077, .T. ) ;
#332 = FACE_OUTER_BOUND ( 'NONE', #708, .T. ) ;
#333 = ORIENTED_EDGE ( 'NONE', *, *, #1348, .T. ) ;
#334 = CARTESIAN_POINT ( 'NONE',  ( -60.00000000000000000, 0.000000000000000000, 58.79294667738509617 ) ) ;
#335 = VERTEX_POINT ( 'NONE', #698 ) ;
#336 = VECTOR ( 'NONE', #1241, 1000.000000000000000 ) ;
#337 =( BOUNDED_CURVE ( )  B_SPLINE_CURVE ( 3, ( #619, #829, #252, #1422 ),
 .UNSPECIFIED., .F., .T. ) 
 B_SPLINE_CURVE_WITH_KNOTS ( ( 4, 4 ),
 ( 5.515995204261211704, 7.050375410097963425 ),
 .UNSPECIFIED. ) 
 CURVE ( )  GEOMETRIC_REPRESENTATION_ITEM ( )  RATIONAL_B_SPLINE_CURVE ( ( 1.000000000000000000, 0.8132426008497406489, 0.8132426008497406489, 1.000000000000000000 ) ) 
 REPRESENTATION_ITEM ( '' )  );
#338 = CIRCLE ( 'NONE', #24, 16.50000000000000355 ) ;
#339 = CARTESIAN_POINT ( 'NONE',  ( -65.00000000000000000, -3.000000000000000000, 65.00000000000000000 ) ) ;
#340 = LINE ( 'NONE', #1274, #1338 ) ;
#341 = VERTEX_POINT ( 'NONE', #449 ) ;
#342 = EDGE_CURVE ( 'NONE', #807, #784, #1039, .T. ) ;
#343 = DIRECTION ( 'NONE',  ( 1.000000000000000000, 0.000000000000000000, 0.000000000000000000 ) ) ;
#344 = AXIS2_PLACEMENT_3D ( 'NONE', #394, #716, #472 ) ;
#345 = VERTEX_POINT ( 'NONE', #1377 ) ;
#346 = DIRECTION ( 'NONE',  ( 1.000000000000000000, 0.000000000000000000, 0.000000000000000000 ) ) ;
#347 = LINE ( 'NONE', #682, #420 ) ;
#348 = AXIS2_PLACEMENT_3D ( 'NONE', #1244, #1486, #1027 ) ;
#349 = ORIENTED_EDGE ( 'NONE', *, *, #942, .F. ) ;
#350 = AXIS2_PLACEMENT_3D ( 'NONE', #389, #138, #600 ) ;
#351 = LINE ( 'NONE', #1246, #785 ) ;
#352 = EDGE_LOOP ( 'NONE', ( #349, #1358 ) ) ;
#353 = DIRECTION ( 'NONE',  ( 0.000000000000000000, 0.000000000000000000, 1.000000000000000000 ) ) ;
#354 = CARTESIAN_POINT ( 'NONE',  ( -40.00000000000000000, 0.000000000000000000, 56.50000000000000711 ) ) ;
#355 = CARTESIAN_POINT ( 'NONE',  ( -39.99999999999999289, 0.000000000000000000, 6.938893903907228378E-15 ) ) ;
#356 = CARTESIAN_POINT ( 'NONE',  ( -56.08321690396842030, 5.000000000000000000, 59.02809845431140445 ) ) ;
#357 = ORIENTED_EDGE ( 'NONE', *, *, #189, .F. ) ;
#358 = AXIS2_PLACEMENT_3D ( 'NONE', #468, #232, #132 ) ;
#359 = DIRECTION ( 'NONE',  ( 0.000000000000000000, 1.000000000000000000, -0.000000000000000000 ) ) ;
#360 = CIRCLE ( 'NONE', #940, 2.000000000000001776 ) ;
#361 = CARTESIAN_POINT ( 'NONE',  ( 57.99570559507046141, 10.31120083006707056, 55.05082404472747015 ) ) ;
#362 = AXIS2_PLACEMENT_3D ( 'NONE', #289, #180, #787 ) ;
#363 = ORIENTED_EDGE ( 'NONE', *, *, #189, .T. ) ;
#364 = DIRECTION ( 'NONE',  ( 0.000000000000000000, 1.000000000000000000, -0.000000000000000000 ) ) ;
#365 = ORIENTED_EDGE ( 'NONE', *, *, #677, .T. ) ;
#366 = LINE ( 'NONE', #517, #1074 ) ;
#367 = EDGE_CURVE ( 'NONE', #1473, #68, #347, .T. ) ;
#368 = DIRECTION ( 'NONE',  ( 0.000000000000000000, 0.000000000000000000, 1.000000000000000000 ) ) ;
#369 = DIRECTION ( 'NONE',  ( 0.1874275599918959201, -0.9642312064598242971, 0.1874275599918959201 ) ) ;
#370 = FACE_OUTER_BOUND ( 'NONE', #5, .T. ) ;
#371 = VECTOR ( 'NONE', #127, 1000.000000000000000 ) ;
#372 = AXIS2_PLACEMENT_3D ( 'NONE', #1090, #971, #498 ) ;
#373 = CARTESIAN_POINT ( 'NONE',  ( 65.00000000000002842, -5.000000000000000000, 63.00000000000000000 ) ) ;
#374 = ORIENTED_EDGE ( 'NONE', *, *, #592, .F. ) ;
#375 = ADVANCED_FACE ( 'NONE', ( #928 ), #1044, .T. ) ;
#376 = CARTESIAN_POINT ( 'NONE',  ( -65.00000000000000000, -5.000000000000000000, 65.00000000000000000 ) ) ;
#377 = CARTESIAN_POINT ( 'NONE',  ( -60.00000000000000000, 0.000000000000000000, -57.05511844965701584 ) ) ;
#378 = DIRECTION ( 'NONE',  ( 0.000000000000000000, -1.000000000000000000, 0.000000000000000000 ) ) ;
#379 = CARTESIAN_POINT ( 'NONE',  ( -56.08321690396842030, 5.000000000000000000, -59.02809845431140445 ) ) ;
#380 = LINE ( 'NONE', #16, #296 ) ;
#381 = ORIENTED_EDGE ( 'NONE', *, *, #696, .T. ) ;
#382 = FACE_OUTER_BOUND ( 'NONE', #936, .T. ) ;
#383 = DIRECTION ( 'NONE',  ( -0.000000000000000000, 1.000000000000000000, -0.000000000000000000 ) ) ;
#384 = DIRECTION ( 'NONE',  ( 0.000000000000000000, 1.000000000000000000, -0.000000000000000000 ) ) ;
#385 = CIRCLE ( 'NONE', #1324, 16.50000000000000000 ) ;
#386 = DIRECTION ( 'NONE',  ( 0.000000000000000000, 0.000000000000000000, 1.000000000000000000 ) ) ;
#387 = FACE_OUTER_BOUND ( 'NONE', #998, .T. ) ;
#388 = VERTEX_POINT ( 'NONE', #1362 ) ;
#389 = CARTESIAN_POINT ( 'NONE',  ( 39.99999999999999289, 5.000000000000000000, -40.00000000000000000 ) ) ;
#390 = EDGE_LOOP ( 'NONE', ( #430, #258 ) ) ;
#391 = CARTESIAN_POINT ( 'NONE',  ( 39.99999999999999289, 0.000000000000000000, -23.50000000000000000 ) ) ;
#392 = FACE_BOUND ( 'NONE', #352, .T. ) ;
#393 = PLANE ( 'NONE',  #129 ) ;
#394 = CARTESIAN_POINT ( 'NONE',  ( -39.99999999999999289, 0.000000000000000000, 6.938893903907228378E-15 ) ) ;
#395 = VERTEX_POINT ( 'NONE', #238 ) ;
#396 = DIRECTION ( 'NONE',  ( 0.000000000000000000, 0.000000000000000000, 1.000000000000000000 ) ) ;
#397 = ORIENTED_EDGE ( 'NONE', *, *, #1014, .F. ) ;
#398 = CARTESIAN_POINT ( 'NONE',  ( 39.99999999999999289, 0.000000000000000000, 23.50000000000000711 ) ) ;
#399 = CARTESIAN_POINT ( 'NONE',  ( -4.918226685314095278E-15, 0.000000000000000000, -56.50000000000000711 ) ) ;
#400 = DIRECTION ( 'NONE',  ( 1.000000000000000000, 0.000000000000000000, 0.000000000000000000 ) ) ;
#401 = EDGE_LOOP ( 'NONE', ( #1388, #1036, #1398, #1360 ) ) ;
#402 = DIRECTION ( 'NONE',  ( 0.1874275599918959201, 0.9642312064598242971, -0.1874275599918959201 ) ) ;
#403 = ORIENTED_EDGE ( 'NONE', *, *, #1206, .T. ) ;
#404 = FACE_OUTER_BOUND ( 'NONE', #163, .T. ) ;
#405 = EDGE_CURVE ( 'NONE', #821, #341, #1238, .T. ) ;
#406 = CARTESIAN_POINT ( 'NONE',  ( 55.05082404472747726, 10.31120083006707233, 57.99570559507046141 ) ) ;
#407 = CARTESIAN_POINT ( 'NONE',  ( 59.99999999999999289, 0.000000000000000000, 58.79294667738509617 ) ) ;
#408 = ORIENTED_EDGE ( 'NONE', *, *, #659, .F. ) ;
#409 = ORIENTED_EDGE ( 'NONE', *, *, #924, .T. ) ;
#410 = EDGE_CURVE ( 'NONE', #128, #562, #826, .T. ) ;
#411 = APPLICATION_PROTOCOL_DEFINITION ( 'draft international standard', 'automotive_design', 1998, #1113 ) ;
#412 = CARTESIAN_POINT ( 'NONE',  ( -40.00000000000000000, 0.000000000000000000, -40.00000000000000000 ) ) ;
#413 = AXIS2_PLACEMENT_3D ( 'NONE', #1024, #1344, #319 ) ;
#414 = DIRECTION ( 'NONE',  ( 0.000000000000000000, 0.1908089953765448599, -0.9816271834476639757 ) ) ;
#415 = ORIENTED_EDGE ( 'NONE', *, *, #1392, .F. ) ;
#416 = CARTESIAN_POINT ( 'NONE',  ( 65.00000000000002842, 0.000000000000000000, -63.00000000000000000 ) ) ;
#417 = CIRCLE ( 'NONE', #25, 16.50000000000000355 ) ;
#418 = EDGE_CURVE ( 'NONE', #784, #1446, #615, .T. ) ;
#419 = ORIENTED_EDGE ( 'NONE', *, *, #208, .T. ) ;
#420 = VECTOR ( 'NONE', #1357, 1000.000000000000227 ) ;
#421 = AXIS2_PLACEMENT_3D ( 'NONE', #995, #1451, #1002 ) ;
#422 = CARTESIAN_POINT ( 'NONE',  ( 63.00000000000002842, -5.000000000000000000, -65.00000000000000000 ) ) ;
#423 = SPHERICAL_SURFACE ( 'NONE', #752, 2.000000000000000000 ) ;
#424 = LINE ( 'NONE', #193, #239 ) ;
#425 = VERTEX_POINT ( 'NONE', #7 ) ;
#426 = EDGE_CURVE ( 'NONE', #395, #345, #810, .T. ) ;
#427 = EDGE_LOOP ( 'NONE', ( #82, #1461, #1311, #122 ) ) ;
#428 = CARTESIAN_POINT ( 'NONE',  ( 63.00000000000002842, -3.000000000000000000, 63.00000000000000000 ) ) ;
#429 = CARTESIAN_POINT ( 'NONE',  ( 39.99999999999999289, 0.000000000000000000, 16.50000000000000000 ) ) ;
#430 = ORIENTED_EDGE ( 'NONE', *, *, #1272, .T. ) ;
#431 = EDGE_CURVE ( 'NONE', #508, #452, #1356, .T. ) ;
#432 = CIRCLE ( 'NONE', #1276, 16.49999999999999645 ) ;
#433 = VERTEX_POINT ( 'NONE', #1385 ) ;
#434 = DIRECTION ( 'NONE',  ( 0.000000000000000000, 0.000000000000000000, 1.000000000000000000 ) ) ;
#435 = EDGE_CURVE ( 'NONE', #59, #110, #792, .T. ) ;
#436 = ADVANCED_FACE ( 'NONE', ( #1479 ), #908, .T. ) ;
#437 = DIRECTION ( 'NONE',  ( 0.000000000000000000, 1.000000000000000000, -0.000000000000000000 ) ) ;
#438 = AXIS2_PLACEMENT_3D ( 'NONE', #162, #1182, #827 ) ;
#439 = ORIENTED_EDGE ( 'NONE', *, *, #899, .F. ) ;
#440 = CARTESIAN_POINT ( 'NONE',  ( -58.79294667738509617, 0.000000000000000000, 59.99999999999999289 ) ) ;
#441 = ORIENTED_EDGE ( 'NONE', *, *, #534, .T. ) ;
#442 =( NAMED_UNIT ( * ) SI_UNIT ( $, .STERADIAN. ) SOLID_ANGLE_UNIT ( ) );
#443 = CARTESIAN_POINT ( 'NONE',  ( 39.99999999999999289, 5.000000000000000000, 0.000000000000000000 ) ) ;
#444 = ORIENTED_EDGE ( 'NONE', *, *, #723, .T. ) ;
#445 = DIRECTION ( 'NONE',  ( 0.000000000000000000, 1.000000000000000000, -0.000000000000000000 ) ) ;
#446 = ORIENTED_EDGE ( 'NONE', *, *, #342, .T. ) ;
#447 = EDGE_CURVE ( 'NONE', #181, #293, #639, .T. ) ;
#448 = SPHERICAL_SURFACE ( 'NONE', #1068, 2.000000000000000000 ) ;
#449 = CARTESIAN_POINT ( 'NONE',  ( 59.02809845431140445, 5.000000000000000000, 56.08321690396842030 ) ) ;
#450 = VERTEX_POINT ( 'NONE', #1172 ) ;
#451 = CARTESIAN_POINT ( 'NONE',  ( 39.99999999999999289, 5.000000000000000000, -40.00000000000000000 ) ) ;
#452 = VERTEX_POINT ( 'NONE', #246 ) ;
#453 = CIRCLE ( 'NONE', #1300, 2.000000000000001776 ) ;
#454 = AXIS2_PLACEMENT_3D ( 'NONE', #1390, #714, #39 ) ;
#455 = DIRECTION ( 'NONE',  ( 0.000000000000000000, 1.000000000000000000, -0.000000000000000000 ) ) ;
#456 = CARTESIAN_POINT ( 'NONE',  ( 59.02809845431140445, 5.000000000000000000, 56.08321690396842030 ) ) ;
#457 = EDGE_LOOP ( 'NONE', ( #1106, #1127, #397, #685 ) ) ;
#458 = CARTESIAN_POINT ( 'NONE',  ( -57.05511844965701584, 0.000000000000000000, 60.00000000000000000 ) ) ;
#459 = ORIENTED_EDGE ( 'NONE', *, *, #108, .T. ) ;
#460 = EDGE_CURVE ( 'NONE', #1028, #841, #563, .T. ) ;
#461 = CARTESIAN_POINT ( 'NONE',  ( 39.99999999999999289, 0.000000000000000000, 0.000000000000000000 ) ) ;
#462 = AXIS2_PLACEMENT_3D ( 'NONE', #1067, #22, #386 ) ;
#463 = CARTESIAN_POINT ( 'NONE',  ( 63.00000000000002842, -5.000000000000000000, 0.000000000000000000 ) ) ;
#464 = EDGE_LOOP ( 'NONE', ( #1160, #290, #1005, #27 ) ) ;
#465 = LINE ( 'NONE', #1397, #150 ) ;
#466 = ADVANCED_FACE ( 'NONE', ( #1306 ), #838, .T. ) ;
#467 = VERTEX_POINT ( 'NONE', #1298 ) ;
#468 = CARTESIAN_POINT ( 'NONE',  ( -63.00000000000000000, -5.000000000000000000, 63.00000000000000000 ) ) ;
#469 = FACE_OUTER_BOUND ( 'NONE', #96, .T. ) ;
#470 = VERTEX_POINT ( 'NONE', #496 ) ;
#471 = EDGE_CURVE ( 'NONE', #871, #388, #1250, .T. ) ;
#472 = DIRECTION ( 'NONE',  ( 0.000000000000000000, 0.000000000000000000, 1.000000000000000000 ) ) ;
#473 = EDGE_LOOP ( 'NONE', ( #625, #1296 ) ) ;
#474 = AXIS2_PLACEMENT_3D ( 'NONE', #1273, #1038, #1048 ) ;
#475 = CARTESIAN_POINT ( 'NONE',  ( -6.938893903907228378E-15, 0.000000000000000000, -40.00000000000000711 ) ) ;
#476 = AXIS2_PLACEMENT_3D ( 'NONE', #664, #182, #1122 ) ;
#477 = CARTESIAN_POINT ( 'NONE',  ( 39.99999999999999289, 5.000000000000000000, 16.50000000000000000 ) ) ;
#478 = AXIS2_PLACEMENT_3D ( 'NONE', #1282, #847, #1180 ) ;
#479 = ADVANCED_FACE ( 'NONE', ( #1073 ), #729, .T. ) ;
#480 = EDGE_CURVE ( 'NONE', #1446, #784, #681, .T. ) ;
#481 = DIRECTION ( 'NONE',  ( 0.000000000000000000, 0.000000000000000000, 1.000000000000000000 ) ) ;
#482 = DIRECTION ( 'NONE',  ( -0.000000000000000000, 1.000000000000000000, -0.000000000000000000 ) ) ;
#483 = ORIENTED_EDGE ( 'NONE', *, *, #631, .T. ) ;
#484 = AXIS2_PLACEMENT_3D ( 'NONE', #624, #34, #1175 ) ;
#485 = PLANE ( 'NONE',  #491 ) ;
#486 = DIRECTION ( 'NONE',  ( -0.000000000000000000, 1.000000000000000000, -0.000000000000000000 ) ) ;
#487 = FACE_BOUND ( 'NONE', #53, .T. ) ;
#488 = AXIS2_PLACEMENT_3D ( 'NONE', #133, #378, #1402 ) ;
#489 = LINE ( 'NONE', #134, #1480 ) ;
#490 = CARTESIAN_POINT ( 'NONE',  ( 57.05511844965701584, 0.000000000000000000, -60.00000000000000000 ) ) ;
#491 = AXIS2_PLACEMENT_3D ( 'NONE', #376, #976, #949 ) ;
#492 = ORIENTED_EDGE ( 'NONE', *, *, #480, .F. ) ;
#493 = CARTESIAN_POINT ( 'NONE',  ( -60.00000000000000000, 0.000000000000000000, -57.05511844965701584 ) ) ;
#494 = ORIENTED_EDGE ( 'NONE', *, *, #723, .F. ) ;
#495 = CARTESIAN_POINT ( 'NONE',  ( -40.00000000000000000, 5.000000000000000000, -23.49999999999999645 ) ) ;
#496 = CARTESIAN_POINT ( 'NONE',  ( 0.000000000000000000, 0.000000000000000000, 16.50000000000000355 ) ) ;
#497 = EDGE_CURVE ( 'NONE', #341, #510, #20, .T. ) ;
#498 = DIRECTION ( 'NONE',  ( 0.000000000000000000, 0.000000000000000000, 1.000000000000000000 ) ) ;
#499 = VECTOR ( 'NONE', #177, 1000.000000000000000 ) ;
#500 = CARTESIAN_POINT ( 'NONE',  ( 65.00000000000002842, 0.000000000000000000, 63.00000000000000000 ) ) ;
#501 = ORIENTED_EDGE ( 'NONE', *, *, #309, .F. ) ;
#502 = CARTESIAN_POINT ( 'NONE',  ( -56.08321690396842030, 5.000000000000000000, 59.02809845431140445 ) ) ;
#503 = EDGE_LOOP ( 'NONE', ( #1279, #783, #960, #1093 ) ) ;
#504 = CARTESIAN_POINT ( 'NONE',  ( 63.00000000000002842, -3.000000000000000000, 65.00000000000000000 ) ) ;
#505 = CARTESIAN_POINT ( 'NONE',  ( -40.00000000000000000, 5.000000000000000000, -40.00000000000000000 ) ) ;
#506 = CARTESIAN_POINT ( 'NONE',  ( -2.449293598294704146E-15, 0.000000000000000000, 40.00000000000000711 ) ) ;
#507 = FACE_OUTER_BOUND ( 'NONE', #1098, .T. ) ;
#508 = VERTEX_POINT ( 'NONE', #477 ) ;
#509 = CARTESIAN_POINT ( 'NONE',  ( 39.99999999999999289, 0.000000000000000000, -16.50000000000000000 ) ) ;
#510 = VERTEX_POINT ( 'NONE', #160 ) ;
#511 = CIRCLE ( 'NONE', #1001, 2.000000000000001776 ) ;
#512 = DIRECTION ( 'NONE',  ( -0.000000000000000000, 1.000000000000000000, -0.000000000000000000 ) ) ;
#513 = DIRECTION ( 'NONE',  ( 0.000000000000000000, 1.000000000000000000, -0.000000000000000000 ) ) ;
#514 = CARTESIAN_POINT ( 'NONE',  ( 0.000000000000000000, 5.000000000000000000, -59.02809845431140445 ) ) ;
#515 = ORIENTED_EDGE ( 'NONE', *, *, #852, .F. ) ;
#516 = VECTOR ( 'NONE', #297, 1000.000000000000000 ) ;
#517 = CARTESIAN_POINT ( 'NONE',  ( -65.00000000000000000, 0.000000000000000000, 65.00000000000000000 ) ) ;
#518 = ORIENTED_EDGE ( 'NONE', *, *, #899, .T. ) ;
#519 = LINE ( 'NONE', #63, #1345 ) ;
#520 = FACE_OUTER_BOUND ( 'NONE', #687, .T. ) ;
#521 = FACE_OUTER_BOUND ( 'NONE', #401, .T. ) ;
#522 = EDGE_LOOP ( 'NONE', ( #403, #1421, #269, #913 ) ) ;
#523 = EDGE_CURVE ( 'NONE', #1394, #1373, #531, .T. ) ;
#524 = ORIENTED_EDGE ( 'NONE', *, *, #529, .F. ) ;
#525 = DIRECTION ( 'NONE',  ( 0.000000000000000000, -0.1908089953765447211, -0.9816271834476640867 ) ) ;
#526 = DIRECTION ( 'NONE',  ( 0.000000000000000000, 0.000000000000000000, 1.000000000000000000 ) ) ;
#527 = VECTOR ( 'NONE', #383, 1000.000000000000000 ) ;
#528 = FACE_OUTER_BOUND ( 'NONE', #917, .T. ) ;
#529 = EDGE_CURVE ( 'NONE', #607, #591, #1135, .T. ) ;
#530 = ORIENTED_EDGE ( 'NONE', *, *, #447, .T. ) ;
#531 = CIRCLE ( 'NONE', #478, 16.50000000000000355 ) ;
#532 = LINE ( 'NONE', #1233, #1201 ) ;
#533 = ORIENTED_EDGE ( 'NONE', *, *, #796, .T. ) ;
#534 = EDGE_CURVE ( 'NONE', #118, #1365, #719, .T. ) ;
#535 = PRODUCT_CONTEXT ( 'NONE', #929, 'mechanical' ) ;
#536 = DIRECTION ( 'NONE',  ( -0.000000000000000000, 1.000000000000000000, -0.000000000000000000 ) ) ;
#537 = CIRCLE ( 'NONE', #344, 16.50000000000000000 ) ;
#538 = LINE ( 'NONE', #1010, #734 ) ;
#539 = FACE_OUTER_BOUND ( 'NONE', #860, .T. ) ;
#540 = VERTEX_POINT ( 'NONE', #1189 ) ;
#541 = DIRECTION ( 'NONE',  ( 0.000000000000000000, 1.000000000000000000, -0.000000000000000000 ) ) ;
#542 = VERTEX_POINT ( 'NONE', #831 ) ;
#543 = VECTOR ( 'NONE', #1184, 1000.000000000000000 ) ;
#544 = DIRECTION ( 'NONE',  ( 0.000000000000000000, 1.000000000000000000, -0.000000000000000000 ) ) ;
#545 = DIRECTION ( 'NONE',  ( 0.000000000000000000, 1.000000000000000000, -0.000000000000000000 ) ) ;
#546 = DIRECTION ( 'NONE',  ( 0.000000000000000000, 0.000000000000000000, 1.000000000000000000 ) ) ;
#547 = ADVANCED_FACE ( 'NONE', ( #622 ), #1081, .T. ) ;
#548 = EDGE_LOOP ( 'NONE', ( #230, #188 ) ) ;
#549 = CARTESIAN_POINT ( 'NONE',  ( 60.00000000000000000, 0.000000000000000000, 0.000000000000000000 ) ) ;
#550 = VERTEX_POINT ( 'NONE', #1291 ) ;
#551 =( LENGTH_UNIT ( ) NAMED_UNIT ( * ) SI_UNIT ( .MILLI., .METRE. ) );
#552 = DIRECTION ( 'NONE',  ( 0.000000000000000000, 1.000000000000000000, -0.000000000000000000 ) ) ;
#553 = CIRCLE ( 'NONE', #213, 2.000000000000001776 ) ;
#554 = ORIENTED_EDGE ( 'NONE', *, *, #842, .F. ) ;
#555 = DIRECTION ( 'NONE',  ( -0.000000000000000000, 1.000000000000000000, -0.000000000000000000 ) ) ;
#556 = CIRCLE ( 'NONE', #216, 2.000000000000001776 ) ;
#557 = EDGE_LOOP ( 'NONE', ( #795, #200, #1143, #326 ) ) ;
#558 = AXIS2_PLACEMENT_3D ( 'NONE', #569, #233, #1158 ) ;
#559 = DIRECTION ( 'NONE',  ( -0.000000000000000000, -1.000000000000000000, -0.000000000000000000 ) ) ;
#560 = ORIENTED_EDGE ( 'NONE', *, *, #696, .F. ) ;
#561 = CARTESIAN_POINT ( 'NONE',  ( -4.286263797015711450E-16, 0.000000000000000000, 23.50000000000000711 ) ) ;
#562 = VERTEX_POINT ( 'NONE', #279 ) ;
#563 = CIRCLE ( 'NONE', #765, 16.50000000000000000 ) ;
#564 = EDGE_CURVE ( 'NONE', #1373, #1394, #338, .T. ) ;
#565 = AXIS2_PLACEMENT_3D ( 'NONE', #1033, #805, #812 ) ;
#566 = AXIS2_PLACEMENT_3D ( 'NONE', #1018, #997, #1224 ) ;
#567 = FACE_OUTER_BOUND ( 'NONE', #886, .T. ) ;
#568 = AXIS2_PLACEMENT_3D ( 'NONE', #725, #268, #1071 ) ;
#569 = CARTESIAN_POINT ( 'NONE',  ( 0.000000000000000000, 0.000000000000000000, 6.938893903907228378E-15 ) ) ;
#570 = ORIENTED_EDGE ( 'NONE', *, *, #65, .F. ) ;
#571 = CARTESIAN_POINT ( 'NONE',  ( -0.000000000000000000, -3.000000000000000000, -63.00000000000000000 ) ) ;
#572 = ORIENTED_EDGE ( 'NONE', *, *, #1302, .F. ) ;
#573 = DIRECTION ( 'NONE',  ( -0.000000000000000000, 1.000000000000000000, -0.000000000000000000 ) ) ;
#574 = DIRECTION ( 'NONE',  ( 0.000000000000000000, 1.000000000000000000, -0.000000000000000000 ) ) ;
#575 = ADVANCED_FACE ( 'NONE', ( #747, #1426, #487, #953, #392, #856, #168, #628, #1089, #469 ), #56, .T. ) ;
#576 = ORIENTED_EDGE ( 'NONE', *, *, #1445, .F. ) ;
#577 = EDGE_CURVE ( 'NONE', #807, #542, #876, .T. ) ;
#578 = DIRECTION ( 'NONE',  ( 0.000000000000000000, 0.000000000000000000, 1.000000000000000000 ) ) ;
#579 = ORIENTED_EDGE ( 'NONE', *, *, #244, .F. ) ;
#580 = ADVANCED_FACE ( 'NONE', ( #186 ), #883, .F. ) ;
#581 = CARTESIAN_POINT ( 'NONE',  ( -55.05082404472747015, 9.738773843937435615, -55.05082404472747726 ) ) ;
#582 = ADVANCED_FACE ( 'NONE', ( #295 ), #660, .T. ) ;
#583 = ORIENTED_EDGE ( 'NONE', *, *, #1374, .T. ) ;
#584 = AXIS2_PLACEMENT_3D ( 'NONE', #1017, #1230, #1351 ) ;
#585 = CARTESIAN_POINT ( 'NONE',  ( -2.449293598294704146E-15, 5.000000000000000000, 40.00000000000000711 ) ) ;
#586 = ORIENTED_EDGE ( 'NONE', *, *, #885, .T. ) ;
#587 = CYLINDRICAL_SURFACE ( 'NONE', #1016, 2.999999999999997780 ) ;
#588 = CARTESIAN_POINT ( 'NONE',  ( -63.00000000000000000, -5.000000000000000000, 63.00000000000000000 ) ) ;
#589 = DIRECTION ( 'NONE',  ( 0.000000000000000000, 0.000000000000000000, 1.000000000000000000 ) ) ;
#590 = CARTESIAN_POINT ( 'NONE',  ( 58.79294667738509617, 0.000000000000000000, -59.99999999999999289 ) ) ;
#591 = VERTEX_POINT ( 'NONE', #1330 ) ;
#592 = EDGE_CURVE ( 'NONE', #727, #821, #1204, .T. ) ;
#593 = EDGE_CURVE ( 'NONE', #1269, #1104, #1178, .T. ) ;
#594 = FACE_OUTER_BOUND ( 'NONE', #557, .T. ) ;
#595 = DIRECTION ( 'NONE',  ( 0.000000000000000000, 1.000000000000000000, -0.000000000000000000 ) ) ;
#596 = AXIS2_PLACEMENT_3D ( 'NONE', #1179, #611, #1072 ) ;
#597 = FACE_OUTER_BOUND ( 'NONE', #276, .T. ) ;
#598 = CARTESIAN_POINT ( 'NONE',  ( 63.00000000000002842, -5.000000000000000000, -63.00000000000000000 ) ) ;
#599 = EDGE_LOOP ( 'NONE', ( #869, #957, #788, #813 ) ) ;
#600 = DIRECTION ( 'NONE',  ( 0.000000000000000000, 0.000000000000000000, 1.000000000000000000 ) ) ;
#601 = VECTOR ( 'NONE', #969, 1000.000000000000000 ) ;
#602 = DIRECTION ( 'NONE',  ( 0.000000000000000000, 1.000000000000000000, 0.000000000000000000 ) ) ;
#603 = DIRECTION ( 'NONE',  ( -0.1908089953765448599, 0.9816271834476639757, 0.000000000000000000 ) ) ;
#604 = VECTOR ( 'NONE', #369, 1000.000000000000227 ) ;
#605 = CARTESIAN_POINT ( 'NONE',  ( -6.938893903907228378E-15, 5.000000000000000000, -40.00000000000000711 ) ) ;
#606 = DIRECTION ( 'NONE',  ( 0.000000000000000000, 1.000000000000000000, -0.000000000000000000 ) ) ;
#607 = VERTEX_POINT ( 'NONE', #399 ) ;
#608 = STYLED_ITEM ( 'NONE', ( #1243 ), #1209 ) ;
#609 = DIRECTION ( 'NONE',  ( -0.000000000000000000, 1.000000000000000000, -0.000000000000000000 ) ) ;
#610 = ADVANCED_FACE ( 'NONE', ( #520 ), #637, .T. ) ;
#611 = DIRECTION ( 'NONE',  ( 0.000000000000000000, 0.000000000000000000, 1.000000000000000000 ) ) ;
#612 = DIRECTION ( 'NONE',  ( 0.000000000000000000, 1.000000000000000000, -0.000000000000000000 ) ) ;
#613 = CIRCLE ( 'NONE', #1434, 16.50000000000000000 ) ;
#614 = DIRECTION ( 'NONE',  ( 0.000000000000000000, -0.000000000000000000, -1.000000000000000000 ) ) ;
#615 = CIRCLE ( 'NONE', #1457, 16.50000000000000000 ) ;
#616 = DIRECTION ( 'NONE',  ( 1.000000000000000000, 0.000000000000000000, 0.000000000000000000 ) ) ;
#617 = CIRCLE ( 'NONE', #1265, 2.000000000000001776 ) ;
#618 = ORIENTED_EDGE ( 'NONE', *, *, #994, .T. ) ;
#619 = CARTESIAN_POINT ( 'NONE',  ( 59.02809845431140445, 5.000000000000000000, -56.08321690396842030 ) ) ;
#620 = EDGE_LOOP ( 'NONE', ( #1050, #1141 ) ) ;
#621 = FACE_OUTER_BOUND ( 'NONE', #851, .T. ) ;
#622 = FACE_OUTER_BOUND ( 'NONE', #599, .T. ) ;
#623 = DIRECTION ( 'NONE',  ( -0.000000000000000000, -0.000000000000000000, 1.000000000000000000 ) ) ;
#624 = CARTESIAN_POINT ( 'NONE',  ( 65.00000000000002842, -5.000000000000000000, 65.00000000000000000 ) ) ;
#625 = ORIENTED_EDGE ( 'NONE', *, *, #577, .T. ) ;
#626 = DIRECTION ( 'NONE',  ( -0.000000000000000000, 1.000000000000000000, -0.000000000000000000 ) ) ;
#627 = CARTESIAN_POINT ( 'NONE',  ( -57.15856945939842149, -0.5322093076213476603, 60.10345100974140564 ) ) ;
#628 = FACE_BOUND ( 'NONE', #548, .T. ) ;
#629 = VECTOR ( 'NONE', #1142, 1000.000000000000000 ) ;
#630 = CARTESIAN_POINT ( 'NONE',  ( 59.02809845431140445, 5.000000000000000000, 0.000000000000000000 ) ) ;
#631 = EDGE_CURVE ( 'NONE', #841, #1028, #77, .T. ) ;
#632 = ORIENTED_EDGE ( 'NONE', *, *, #1328, .F. ) ;
#633 = DIRECTION ( 'NONE',  ( 1.000000000000000000, 0.000000000000000000, 0.000000000000000000 ) ) ;
#634 = ORIENTED_EDGE ( 'NONE', *, *, #1186, .F. ) ;
#635 = AXIS2_PLACEMENT_3D ( 'NONE', #598, #1069, #840 ) ;
#636 = CYLINDRICAL_SURFACE ( 'NONE', #781, 2.999999999999997780 ) ;
#637 = SPHERICAL_SURFACE ( 'NONE', #730, 2.000000000000000000 ) ;
#638 = ADVANCED_FACE ( 'NONE', ( #1220 ), #310, .F. ) ;
#639 = CIRCLE ( 'NONE', #488, 2.000000000000001776 ) ;
#640 = CARTESIAN_POINT ( 'NONE',  ( 65.00000000000002842, -3.000000000000000000, -63.00000000000000000 ) ) ;
#641 = ORIENTED_EDGE ( 'NONE', *, *, #203, .T. ) ;
#642 = DIRECTION ( 'NONE',  ( -0.000000000000000000, 1.000000000000000000, -0.000000000000000000 ) ) ;
#643 = ORIENTED_EDGE ( 'NONE', *, *, #199, .T. ) ;
#644 = LINE ( 'NONE', #185, #601 ) ;
#645 = DIRECTION ( 'NONE',  ( 0.000000000000000000, 0.1908089953765448599, 0.9816271834476639757 ) ) ;
#646 = ADVANCED_FACE ( 'NONE', ( #1436 ), #71, .F. ) ;
#647 = ADVANCED_FACE ( 'NONE', ( #1095 ), #755, .T. ) ;
#648 = FACE_OUTER_BOUND ( 'NONE', #267, .T. ) ;
#649 = ORIENTED_EDGE ( 'NONE', *, *, #435, .F. ) ;
#650 = CARTESIAN_POINT ( 'NONE',  ( 39.99999999999999289, 0.000000000000000000, -56.50000000000000000 ) ) ;
#651 = EDGE_LOOP ( 'NONE', ( #415, #572, #1070, #1045 ) ) ;
#652 = DIRECTION ( 'NONE',  ( -0.1874275599918959201, 0.9642312064598242971, -0.1874275599918959201 ) ) ;
#653 = CARTESIAN_POINT ( 'NONE',  ( -40.00000000000000000, 0.000000000000000000, -40.00000000000000000 ) ) ;
#654 = CIRCLE ( 'NONE', #1107, 16.50000000000000000 ) ;
#655 = CARTESIAN_POINT ( 'NONE',  ( -40.00000000000000000, 0.000000000000000000, 40.00000000000000711 ) ) ;
#656 = VERTEX_POINT ( 'NONE', #191 ) ;
#657 = VERTEX_POINT ( 'NONE', #1108 ) ;
#658 = DIRECTION ( 'NONE',  ( 0.000000000000000000, 0.000000000000000000, 1.000000000000000000 ) ) ;
#659 = EDGE_CURVE ( 'NONE', #221, #181, #79, .T. ) ;
#660 = PLANE ( 'NONE',  #143 ) ;
#661 = CYLINDRICAL_SURFACE ( 'NONE', #179, 16.50000000000000000 ) ;
#662 = PLANE ( 'NONE',  #218 ) ;
#663 = VERTEX_POINT ( 'NONE', #1295 ) ;
#664 = CARTESIAN_POINT ( 'NONE',  ( -63.00000000000000000, 0.000000000000000000, -63.00000000000000000 ) ) ;
#665 = AXIS2_PLACEMENT_3D ( 'NONE', #170, #1191, #142 ) ;
#666 = ORIENTED_EDGE ( 'NONE', *, *, #564, .F. ) ;
#667 = CYLINDRICAL_SURFACE ( 'NONE', #31, 16.50000000000000355 ) ;
#668 = CARTESIAN_POINT ( 'NONE',  ( 57.05511844965700874, 0.000000000000000000, 60.00000000000000000 ) ) ;
#669 = VERTEX_POINT ( 'NONE', #735 ) ;
#670 = CARTESIAN_POINT ( 'NONE',  ( 39.99999999999999289, 5.000000000000000000, 0.000000000000000000 ) ) ;
#671 = ORIENTED_EDGE ( 'NONE', *, *, #43, .T. ) ;
#672 = SHAPE_DEFINITION_REPRESENTATION ( #312, #1419 ) ;
#673 =( NAMED_UNIT ( * ) PLANE_ANGLE_UNIT ( ) SI_UNIT ( $, .RADIAN. ) );
#674 = CARTESIAN_POINT ( 'NONE',  ( -65.00000000000000000, -5.000000000000000000, -63.00000000000000000 ) ) ;
#675 = AXIS2_PLACEMENT_3D ( 'NONE', #1259, #486, #368 ) ;
#676 = CYLINDRICAL_SURFACE ( 'NONE', #62, 16.50000000000000000 ) ;
#677 = EDGE_CURVE ( 'NONE', #1462, #433, #721, .T. ) ;
#678 = CARTESIAN_POINT ( 'NONE',  ( -39.99999999999999289, 0.000000000000000000, 16.50000000000000711 ) ) ;
#679 = CIRCLE ( 'NONE', #23, 16.50000000000000000 ) ;
#680 = ORIENTED_EDGE ( 'NONE', *, *, #1116, .F. ) ;
#681 = CIRCLE ( 'NONE', #292, 16.50000000000000000 ) ;
#682 = CARTESIAN_POINT ( 'NONE',  ( 57.15856945939842149, -0.5322093076213476603, -60.10345100974140564 ) ) ;
#683 = AXIS2_PLACEMENT_3D ( 'NONE', #947, #1404, #273 ) ;
#684 = EDGE_CURVE ( 'NONE', #1052, #879, #882, .T. ) ;
#685 = ORIENTED_EDGE ( 'NONE', *, *, #367, .F. ) ;
#686 = LINE ( 'NONE', #1041, #98 ) ;
#687 = EDGE_LOOP ( 'NONE', ( #205, #113, #632 ) ) ;
#688 = AXIS2_PLACEMENT_3D ( 'NONE', #109, #1165, #944 ) ;
#689 = ADVANCED_FACE ( 'NONE', ( #174 ), #485, .T. ) ;
#690 = DIRECTION ( 'NONE',  ( 0.000000000000000000, 0.000000000000000000, 1.000000000000000000 ) ) ;
#691 = CIRCLE ( 'NONE', #350, 16.50000000000000000 ) ;
#692 = EDGE_CURVE ( 'NONE', #742, #221, #836, .T. ) ;
#693 = EDGE_LOOP ( 'NONE', ( #166, #1218, #1431, #815 ) ) ;
#694 = CARTESIAN_POINT ( 'NONE',  ( 63.00000000000002842, -3.000000000000000000, 63.00000000000000000 ) ) ;
#695 = ORIENTED_EDGE ( 'NONE', *, *, #405, .T. ) ;
#696 = EDGE_CURVE ( 'NONE', #110, #234, #617, .T. ) ;
#697 = DIRECTION ( 'NONE',  ( 0.000000000000000000, 0.000000000000000000, 1.000000000000000000 ) ) ;
#698 = CARTESIAN_POINT ( 'NONE',  ( -4.286263797015711450E-16, 5.000000000000000000, 23.50000000000000711 ) ) ;
#699 = ORIENTED_EDGE ( 'NONE', *, *, #1082, .T. ) ;
#700 = DIRECTION ( 'NONE',  ( -0.000000000000000000, 1.000000000000000000, -0.000000000000000000 ) ) ;
#701 = VERTEX_POINT ( 'NONE', #1413 ) ;
#702 = ADVANCED_FACE ( 'NONE', ( #1062 ), #1092, .F. ) ;
#703 = LINE ( 'NONE', #1400, #937 ) ;
#704 = CARTESIAN_POINT ( 'NONE',  ( -40.00000000000000000, 5.000000000000000000, 40.00000000000000711 ) ) ;
#705 = ORIENTED_EDGE ( 'NONE', *, *, #159, .T. ) ;
#706 = AXIS2_PLACEMENT_3D ( 'NONE', #585, #235, #1155 ) ;
#707 = PLANE ( 'NONE',  #1469 ) ;
#708 = EDGE_LOOP ( 'NONE', ( #439, #1021, #1126, #1219 ) ) ;
#709 = ADVANCED_FACE ( 'NONE', ( #382 ), #60, .F. ) ;
#710 = EDGE_CURVE ( 'NONE', #425, #701, #44, .T. ) ;
#711 = VECTOR ( 'NONE', #559, 1000.000000000000000 ) ;
#712 = DIRECTION ( 'NONE',  ( 0.000000000000000000, 1.000000000000000000, -0.000000000000000000 ) ) ;
#713 = AXIS2_PLACEMENT_3D ( 'NONE', #866, #839, #1315 ) ;
#714 = DIRECTION ( 'NONE',  ( -0.9816271834476639757, 0.1908089953765448599, 0.000000000000000000 ) ) ;
#715 = DIRECTION ( 'NONE',  ( 0.000000000000000000, 0.000000000000000000, 1.000000000000000000 ) ) ;
#716 = DIRECTION ( 'NONE',  ( 0.000000000000000000, 1.000000000000000000, -0.000000000000000000 ) ) ;
#717 = ORIENTED_EDGE ( 'NONE', *, *, #910, .F. ) ;
#718 = CYLINDRICAL_SURFACE ( 'NONE', #916, 2.999999999999997780 ) ;
#719 = LINE ( 'NONE', #738, #1063 ) ;
#720 = DIRECTION ( 'NONE',  ( 0.000000000000000000, 0.000000000000000000, 1.000000000000000000 ) ) ;
#721 =( BOUNDED_CURVE ( )  B_SPLINE_CURVE ( 3, ( #493, #750, #1399, #1304 ),
 .UNSPECIFIED., .F., .F. ) 
 B_SPLINE_CURVE_WITH_KNOTS ( ( 4, 4 ),
 ( 5.515995204261210816, 7.050375410097960760 ),
 .UNSPECIFIED. ) 
 CURVE ( )  GEOMETRIC_REPRESENTATION_ITEM ( )  RATIONAL_B_SPLINE_CURVE ( ( 1.000000000000000000, 0.8132426008497410930, 0.8132426008497410930, 1.000000000000000000 ) ) 
 REPRESENTATION_ITEM ( '' )  );
#722 = CARTESIAN_POINT ( 'NONE',  ( 39.99999999999999289, 0.000000000000000000, 16.50000000000000000 ) ) ;
#723 = EDGE_CURVE ( 'NONE', #669, #59, #366, .T. ) ;
#724 = ORIENTED_EDGE ( 'NONE', *, *, #1424, .F. ) ;
#725 = CARTESIAN_POINT ( 'NONE',  ( 63.00000000000002842, -3.000000000000000000, 63.00000000000000000 ) ) ;
#726 = AXIS2_PLACEMENT_3D ( 'NONE', #504, #737, #1425 ) ;
#727 = VERTEX_POINT ( 'NONE', #1406 ) ;
#728 = DIRECTION ( 'NONE',  ( 0.000000000000000000, -0.1908089953765447211, -0.9816271834476640867 ) ) ;
#729 = CYLINDRICAL_SURFACE ( 'NONE', #1253, 2.000000000000001776 ) ;
#730 = AXIS2_PLACEMENT_3D ( 'NONE', #304, #513, #865 ) ;
#731 = CARTESIAN_POINT ( 'NONE',  ( -57.05511844965701584, 0.000000000000000000, 60.00000000000000000 ) ) ;
#732 = CARTESIAN_POINT ( 'NONE',  ( 60.00000000000000000, 0.000000000000000000, -58.79294667738509617 ) ) ;
#733 = VERTEX_POINT ( 'NONE', #1086 ) ;
#734 = VECTOR ( 'NONE', #780, 1000.000000000000000 ) ;
#735 = CARTESIAN_POINT ( 'NONE',  ( -65.00000000000000000, 0.000000000000000000, 63.00000000000000000 ) ) ;
#736 = ORIENTED_EDGE ( 'NONE', *, *, #214, .F. ) ;
#737 = DIRECTION ( 'NONE',  ( 0.000000000000000000, 0.000000000000000000, -1.000000000000000000 ) ) ;
#738 = CARTESIAN_POINT ( 'NONE',  ( -63.00000000000000000, -5.000000000000000000, 65.00000000000000000 ) ) ;
#739 = EDGE_CURVE ( 'NONE', #1085, #1488, #1340, .T. ) ;
#740 = CARTESIAN_POINT ( 'NONE',  ( -6.938893903907228378E-15, 5.000000000000000000, -23.50000000000000711 ) ) ;
#741 = DIRECTION ( 'NONE',  ( -0.1874275599918959201, -0.9642312064598242971, -0.1874275599918959201 ) ) ;
#742 = VERTEX_POINT ( 'NONE', #54 ) ;
#743 = CARTESIAN_POINT ( 'NONE',  ( -6.938893903907228378E-15, 0.000000000000000000, -40.00000000000000711 ) ) ;
#744 = ORIENTED_EDGE ( 'NONE', *, *, #1484, .T. ) ;
#745 = CARTESIAN_POINT ( 'NONE',  ( -40.00000000000000000, 5.000000000000000000, 23.50000000000000711 ) ) ;
#746 = EDGE_CURVE ( 'NONE', #450, #1473, #337, .T. ) ;
#747 = FACE_BOUND ( 'NONE', #157, .T. ) ;
#748 = PLANE ( 'NONE',  #1312 ) ;
#749 = ORIENTED_EDGE ( 'NONE', *, *, #816, .F. ) ;
#750 = CARTESIAN_POINT ( 'NONE',  ( -59.99999999999999289, 0.000000000000000000, -58.79294667738509617 ) ) ;
#751 = ORIENTED_EDGE ( 'NONE', *, *, #852, .T. ) ;
#752 = AXIS2_PLACEMENT_3D ( 'NONE', #811, #602, #804 ) ;
#753 = EDGE_CURVE ( 'NONE', #1022, #974, #691, .T. ) ;
#754 = DIRECTION ( 'NONE',  ( 0.000000000000000000, 1.000000000000000000, -0.000000000000000000 ) ) ;
#755 = SPHERICAL_SURFACE ( 'NONE', #421, 2.000000000000000000 ) ;
#756 = VECTOR ( 'NONE', #307, 1000.000000000000000 ) ;
#757 = VECTOR ( 'NONE', #773, 1000.000000000000227 ) ;
#758 = DIRECTION ( 'NONE',  ( -0.000000000000000000, 1.000000000000000000, -0.000000000000000000 ) ) ;
#759 = ORIENTED_EDGE ( 'NONE', *, *, #208, .F. ) ;
#760 = UNCERTAINTY_MEASURE_WITH_UNIT (LENGTH_MEASURE( 1.000000000000000082E-05 ), #551, 'distance_accuracy_value', 'NONE');
#761 = EDGE_CURVE ( 'NONE', #1488, #322, #28, .T. ) ;
#762 = DIRECTION ( 'NONE',  ( -0.1874275599918959756, -0.9642312064598245192, 0.1874275599918959756 ) ) ;
#763 = DIRECTION ( 'NONE',  ( 0.000000000000000000, 0.000000000000000000, 1.000000000000000000 ) ) ;
#764 = PRODUCT ( 'Palet_base_3x3', 'Palet_base_3x3', '', ( #535 ) ) ;
#765 = AXIS2_PLACEMENT_3D ( 'NONE', #935, #384, #1409 ) ;
#766 = CARTESIAN_POINT ( 'NONE',  ( -65.00000000000000000, -3.000000000000000000, 65.00000000000000000 ) ) ;
#767 = EDGE_LOOP ( 'NONE', ( #206, #986, #260, #801 ) ) ;
#768 = CARTESIAN_POINT ( 'NONE',  ( -2.449293598294704146E-15, 5.000000000000000000, 56.50000000000000711 ) ) ;
#769 = CIRCLE ( 'NONE', #111, 16.50000000000000000 ) ;
#770 = ORIENTED_EDGE ( 'NONE', *, *, #894, .T. ) ;
#771 = DIRECTION ( 'NONE',  ( 0.000000000000000000, 0.000000000000000000, 1.000000000000000000 ) ) ;
#772 = LINE ( 'NONE', #373, #946 ) ;
#773 = DIRECTION ( 'NONE',  ( -0.1874275599918959201, 0.9642312064598242971, 0.1874275599918959201 ) ) ;
#774 = ORIENTED_EDGE ( 'NONE', *, *, #1460, .F. ) ;
#775 =( GEOMETRIC_REPRESENTATION_CONTEXT ( 3 ) GLOBAL_UNCERTAINTY_ASSIGNED_CONTEXT ( ( #862 ) ) GLOBAL_UNIT_ASSIGNED_CONTEXT ( ( #1023, #196, #1009 ) ) REPRESENTATION_CONTEXT ( 'NONE', 'WORKASPACE' ) );
#776 = EDGE_CURVE ( 'NONE', #1104, #1373, #861, .T. ) ;
#777 = VERTEX_POINT ( 'NONE', #1318 ) ;
#778 = APPLICATION_PROTOCOL_DEFINITION ( 'draft international standard', 'automotive_design', 1998, #929 ) ;
#779 = DIRECTION ( 'NONE',  ( 0.000000000000000000, 1.000000000000000000, -0.000000000000000000 ) ) ;
#780 = DIRECTION ( 'NONE',  ( -1.000000000000000000, 0.000000000000000000, -0.000000000000000000 ) ) ;
#781 = AXIS2_PLACEMENT_3D ( 'NONE', #1320, #762, #728 ) ;
#782 = FACE_OUTER_BOUND ( 'NONE', #473, .T. ) ;
#783 = ORIENTED_EDGE ( 'NONE', *, *, #1272, .F. ) ;
#784 = VERTEX_POINT ( 'NONE', #284 ) ;
#785 = VECTOR ( 'NONE', #1270, 1000.000000000000000 ) ;
#786 = SURFACE_STYLE_FILL_AREA ( #791 ) ;
#787 = DIRECTION ( 'NONE',  ( 0.000000000000000000, 0.000000000000000000, -1.000000000000000000 ) ) ;
#788 = ORIENTED_EDGE ( 'NONE', *, *, #9, .F. ) ;
#789 = AXIS2_PLACEMENT_3D ( 'NONE', #161, #623, #1403 ) ;
#790 = VERTEX_POINT ( 'NONE', #509 ) ;
#791 = FILL_AREA_STYLE ('',( #219 ) ) ;
#792 = LINE ( 'NONE', #674, #711 ) ;
#793 = EDGE_LOOP ( 'NONE', ( #666, #844 ) ) ;
#794 = CARTESIAN_POINT ( 'NONE',  ( -63.00000000000000000, -5.000000000000000000, -65.00000000000000000 ) ) ;
#795 = ORIENTED_EDGE ( 'NONE', *, *, #910, .T. ) ;
#796 = EDGE_CURVE ( 'NONE', #550, #1319, #769, .T. ) ;
#797 = DIRECTION ( 'NONE',  ( 1.000000000000000000, 0.000000000000000000, -0.000000000000000000 ) ) ;
#798 = CYLINDRICAL_SURFACE ( 'NONE', #1262, 16.50000000000000000 ) ;
#799 = ORIENTED_EDGE ( 'NONE', *, *, #1487, .T. ) ;
#800 = CARTESIAN_POINT ( 'NONE',  ( 0.000000000000000000, 0.000000000000000000, 0.000000000000000000 ) ) ;
#801 = ORIENTED_EDGE ( 'NONE', *, *, #1011, .F. ) ;
#802 = AXIS2_PLACEMENT_3D ( 'NONE', #1442, #536, #1213 ) ;
#803 = EDGE_CURVE ( 'NONE', #452, #508, #37, .T. ) ;
#804 = DIRECTION ( 'NONE',  ( -1.000000000000000000, 0.000000000000000000, 0.000000000000000000 ) ) ;
#805 = DIRECTION ( 'NONE',  ( 0.000000000000000000, 1.000000000000000000, -0.000000000000000000 ) ) ;
#806 = AXIS2_PLACEMENT_3D ( 'NONE', #154, #1308, #616 ) ;
#807 = VERTEX_POINT ( 'NONE', #84 ) ;
#808 = FACE_OUTER_BOUND ( 'NONE', #1239, .T. ) ;
#809 = ORIENTED_EDGE ( 'NONE', *, *, #739, .T. ) ;
#810 = CIRCLE ( 'NONE', #348, 16.50000000000000000 ) ;
#811 = CARTESIAN_POINT ( 'NONE',  ( -63.00000000000000000, -3.000000000000000000, -63.00000000000000000 ) ) ;
#812 = DIRECTION ( 'NONE',  ( 0.000000000000000000, 0.000000000000000000, 1.000000000000000000 ) ) ;
#813 = ORIENTED_EDGE ( 'NONE', *, *, #497, .T. ) ;
#814 = CYLINDRICAL_SURFACE ( 'NONE', #1252, 2.000000000000001776 ) ;
#815 = ORIENTED_EDGE ( 'NONE', *, *, #776, .F. ) ;
#816 = EDGE_CURVE ( 'NONE', #510, #1414, #1210, .T. ) ;
#817 = CARTESIAN_POINT ( 'NONE',  ( 63.00000000000002842, -5.000000000000000000, -63.00000000000000000 ) ) ;
#818 = CARTESIAN_POINT ( 'NONE',  ( -59.02809845431140445, 5.000000000000000000, -56.08321690396842030 ) ) ;
#819 = ORIENTED_EDGE ( 'NONE', *, *, #534, .F. ) ;
#820 = DIRECTION ( 'NONE',  ( 0.000000000000000000, 0.000000000000000000, 1.000000000000000000 ) ) ;
#821 = VERTEX_POINT ( 'NONE', #300 ) ;
#822 = CIRCLE ( 'NONE', #476, 2.000000000000001776 ) ;
#823 = DIRECTION ( 'NONE',  ( 1.000000000000000000, -0.000000000000000000, 0.000000000000000000 ) ) ;
#824 = CARTESIAN_POINT ( 'NONE',  ( -63.00000000000000000, -5.000000000000000000, -63.00000000000000000 ) ) ;
#825 = VERTEX_POINT ( 'NONE', #768 ) ;
#826 =( BOUNDED_CURVE ( )  B_SPLINE_CURVE ( 3, ( #902, #1147, #121, #818 ),
 .UNSPECIFIED., .F., .F. ) 
 B_SPLINE_CURVE_WITH_KNOTS ( ( 4, 4 ),
 ( 5.515995204261211704, 7.050375410097963425 ),
 .UNSPECIFIED. ) 
 CURVE ( )  GEOMETRIC_REPRESENTATION_ITEM ( )  RATIONAL_B_SPLINE_CURVE ( ( 1.000000000000000000, 0.8132426008497406489, 0.8132426008497406489, 1.000000000000000000 ) ) 
 REPRESENTATION_ITEM ( '' )  );
#827 = DIRECTION ( 'NONE',  ( 0.000000000000000000, 0.000000000000000000, -1.000000000000000000 ) ) ;
#828 = ORIENTED_EDGE ( 'NONE', *, *, #832, .T. ) ;
#829 = CARTESIAN_POINT ( 'NONE',  ( 59.02809845431141156, 4.999999999999998224, -57.82104513169650772 ) ) ;
#830 = CARTESIAN_POINT ( 'NONE',  ( 63.00000000000002842, -5.000000000000000000, 63.00000000000000000 ) ) ;
#831 = CARTESIAN_POINT ( 'NONE',  ( -40.00000000000000000, 0.000000000000000000, 23.50000000000000711 ) ) ;
#832 = EDGE_CURVE ( 'NONE', #293, #733, #1448, .T. ) ;
#833 = FACE_OUTER_BOUND ( 'NONE', #1156, .T. ) ;
#834 = PLANE ( 'NONE',  #484 ) ;
#835 = ORIENTED_EDGE ( 'NONE', *, *, #1186, .T. ) ;
#836 = LINE ( 'NONE', #1177, #303 ) ;
#837 = CARTESIAN_POINT ( 'NONE',  ( -63.00000000000000000, 0.000000000000000000, 63.00000000000000000 ) ) ;
#838 = PLANE ( 'NONE',  #454 ) ;
#839 = DIRECTION ( 'NONE',  ( -0.000000000000000000, 1.000000000000000000, -0.000000000000000000 ) ) ;
#840 = DIRECTION ( 'NONE',  ( 0.000000000000000000, 0.000000000000000000, -1.000000000000000000 ) ) ;
#841 = VERTEX_POINT ( 'NONE', #650 ) ;
#842 = EDGE_CURVE ( 'NONE', #898, #1052, #532, .T. ) ;
#843 = DIRECTION ( 'NONE',  ( -0.000000000000000000, 1.000000000000000000, -0.000000000000000000 ) ) ;
#844 = ORIENTED_EDGE ( 'NONE', *, *, #523, .F. ) ;
#845 = EDGE_CURVE ( 'NONE', #274, #825, #95, .T. ) ;
#846 = DIRECTION ( 'NONE',  ( 1.000000000000000000, -0.000000000000000000, 0.000000000000000000 ) ) ;
#847 = DIRECTION ( 'NONE',  ( 0.000000000000000000, 1.000000000000000000, -0.000000000000000000 ) ) ;
#848 = DIRECTION ( 'NONE',  ( 0.1874275599918959201, 0.9642312064598242971, 0.1874275599918959201 ) ) ;
#849 = EDGE_CURVE ( 'NONE', #425, #470, #1326, .T. ) ;
#850 = CYLINDRICAL_SURFACE ( 'NONE', #806, 2.000000000000001776 ) ;
#851 = EDGE_LOOP ( 'NONE', ( #1211, #374, #579, #926 ) ) ;
#852 = EDGE_CURVE ( 'NONE', #742, #59, #822, .T. ) ;
#853 = DIRECTION ( 'NONE',  ( -1.000000000000000000, -0.000000000000000000, -0.000000000000000000 ) ) ;
#854 = ORIENTED_EDGE ( 'NONE', *, *, #214, .T. ) ;
#855 = DIRECTION ( 'NONE',  ( -0.000000000000000000, 1.000000000000000000, -0.000000000000000000 ) ) ;
#856 = FACE_BOUND ( 'NONE', #620, .T. ) ;
#857 = VECTOR ( 'NONE', #848, 1000.000000000000227 ) ;
#858 = CYLINDRICAL_SURFACE ( 'NONE', #462, 16.50000000000000000 ) ;
#859 = CARTESIAN_POINT ( 'NONE',  ( 39.99999999999999289, 0.000000000000000000, -23.50000000000000000 ) ) ;
#860 = EDGE_LOOP ( 'NONE', ( #1079, #459, #705, #124 ) ) ;
#861 = LINE ( 'NONE', #1310, #1190 ) ;
#862 = UNCERTAINTY_MEASURE_WITH_UNIT (LENGTH_MEASURE( 1.000000000000000082E-05 ), #1023, 'distance_accuracy_value', 'NONE');
#863 = EDGE_LOOP ( 'NONE', ( #583, #939, #1433, #880 ) ) ;
#864 = LINE ( 'NONE', #1195, #141 ) ;
#865 = DIRECTION ( 'NONE',  ( 0.000000000000000000, 0.000000000000000000, 1.000000000000000000 ) ) ;
#866 = CARTESIAN_POINT ( 'NONE',  ( 39.99999999999999289, 0.000000000000000000, 40.00000000000000711 ) ) ;
#867 = ADVANCED_FACE ( 'NONE', ( #985 ), #870, .T. ) ;
#868 = EDGE_CURVE ( 'NONE', #879, #821, #1046, .T. ) ;
#869 = ORIENTED_EDGE ( 'NONE', *, *, #816, .T. ) ;
#870 = PLANE ( 'NONE',  #291 ) ;
#871 = VERTEX_POINT ( 'NONE', #678 ) ;
#872 = AXIS2_PLACEMENT_3D ( 'NONE', #6, #346, #1064 ) ;
#873 = AXIS2_PLACEMENT_3D ( 'NONE', #151, #263, #254 ) ;
#874 = CARTESIAN_POINT ( 'NONE',  ( 0.000000000000000000, 0.000000000000000000, 60.00000000000000000 ) ) ;
#875 = CIRCLE ( 'NONE', #1019, 16.50000000000000000 ) ;
#876 = CIRCLE ( 'NONE', #217, 16.50000000000000000 ) ;
#877 = CIRCLE ( 'NONE', #100, 16.50000000000000000 ) ;
#878 = CARTESIAN_POINT ( 'NONE',  ( -2.449293598294704146E-15, 5.000000000000000000, 40.00000000000000711 ) ) ;
#879 = VERTEX_POINT ( 'NONE', #356 ) ;
#880 = ORIENTED_EDGE ( 'NONE', *, *, #1460, .T. ) ;
#881 = VECTOR ( 'NONE', #741, 1000.000000000000227 ) ;
#882 =( BOUNDED_CURVE ( )  B_SPLINE_CURVE ( 3, ( #275, #156, #1194, #502 ),
 .UNSPECIFIED., .F., .T. ) 
 B_SPLINE_CURVE_WITH_KNOTS ( ( 4, 4 ),
 ( 5.515995204261211704, 7.050375410097963425 ),
 .UNSPECIFIED. ) 
 CURVE ( )  GEOMETRIC_REPRESENTATION_ITEM ( )  RATIONAL_B_SPLINE_CURVE ( ( 1.000000000000000000, 0.8132426008497406489, 0.8132426008497406489, 1.000000000000000000 ) ) 
 REPRESENTATION_ITEM ( '' )  );
#883 = CYLINDRICAL_SURFACE ( 'NONE', #802, 16.50000000000000000 ) ;
#884 = DIRECTION ( 'NONE',  ( -0.000000000000000000, -0.000000000000000000, 1.000000000000000000 ) ) ;
#885 = EDGE_CURVE ( 'NONE', #395, #1183, #686, .T. ) ;
#886 = EDGE_LOOP ( 'NONE', ( #1405, #919, #1015, #819 ) ) ;
#887 = AXIS2_PLACEMENT_3D ( 'NONE', #1078, #843, #396 ) ;
#888 = EDGE_LOOP ( 'NONE', ( #1309, #1336 ) ) ;
#889 = CARTESIAN_POINT ( 'NONE',  ( -40.00000000000000000, 0.000000000000000000, 40.00000000000000711 ) ) ;
#890 = CARTESIAN_POINT ( 'NONE',  ( 39.99999999999999289, 5.000000000000000000, 40.00000000000000711 ) ) ;
#891 = CARTESIAN_POINT ( 'NONE',  ( -40.00000000000000000, 0.000000000000000000, -40.00000000000000000 ) ) ;
#892 = ORIENTED_EDGE ( 'NONE', *, *, #316, .F. ) ;
#893 = EDGE_LOOP ( 'NONE', ( #73, #530, #1264 ) ) ;
#894 = EDGE_CURVE ( 'NONE', #467, #274, #679, .T. ) ;
#895 = LINE ( 'NONE', #1117, #1333 ) ;
#896 = ORIENTED_EDGE ( 'NONE', *, *, #1159, .T. ) ;
#897 = DIRECTION ( 'NONE',  ( 0.000000000000000000, 0.000000000000000000, 1.000000000000000000 ) ) ;
#898 = VERTEX_POINT ( 'NONE', #1372 ) ;
#899 = EDGE_CURVE ( 'NONE', #467, #335, #112, .T. ) ;
#900 = CIRCLE ( 'NONE', #706, 16.50000000000000000 ) ;
#901 = CARTESIAN_POINT ( 'NONE',  ( -39.99999999999999289, 0.000000000000000000, 16.50000000000000711 ) ) ;
#902 = CARTESIAN_POINT ( 'NONE',  ( -56.08321690396842030, 5.000000000000000000, -59.02809845431140445 ) ) ;
#903 = ORIENTED_EDGE ( 'NONE', *, *, #710, .F. ) ;
#904 = DIRECTION ( 'NONE',  ( 0.000000000000000000, -1.000000000000000000, 0.000000000000000000 ) ) ;
#905 = VECTOR ( 'NONE', #983, 1000.000000000000000 ) ;
#906 = ORIENTED_EDGE ( 'NONE', *, *, #894, .F. ) ;
#907 = EDGE_CURVE ( 'NONE', #974, #1022, #875, .T. ) ;
#908 = PLANE ( 'NONE',  #688 ) ;
#909 = LINE ( 'NONE', #630, #1120 ) ;
#910 = EDGE_CURVE ( 'NONE', #1085, #777, #556, .T. ) ;
#911 = ADVANCED_FACE ( 'NONE', ( #1137 ), #814, .T. ) ;
#912 = DIRECTION ( 'NONE',  ( 0.000000000000000000, 0.000000000000000000, 1.000000000000000000 ) ) ;
#913 = ORIENTED_EDGE ( 'NONE', *, *, #255, .F. ) ;
#914 = FACE_OUTER_BOUND ( 'NONE', #693, .T. ) ;
#915 = LINE ( 'NONE', #463, #371 ) ;
#916 = AXIS2_PLACEMENT_3D ( 'NONE', #1171, #55, #1080 ) ;
#917 = EDGE_LOOP ( 'NONE', ( #1013, #106, #42, #933 ) ) ;
#918 = CARTESIAN_POINT ( 'NONE',  ( 63.00000000000002842, -3.000000000000000000, -63.00000000000000000 ) ) ;
#919 = ORIENTED_EDGE ( 'NONE', *, *, #1025, .F. ) ;
#920 = AXIS2_PLACEMENT_3D ( 'NONE', #1102, #544, #771 ) ;
#921 = DIRECTION ( 'NONE',  ( 0.000000000000000000, 1.000000000000000000, -0.000000000000000000 ) ) ;
#922 = DIRECTION ( 'NONE',  ( 0.000000000000000000, 0.000000000000000000, 1.000000000000000000 ) ) ;
#923 = EDGE_LOOP ( 'NONE', ( #285, #195, #1283, #576 ) ) ;
#924 = EDGE_CURVE ( 'NONE', #148, #898, #1427, .T. ) ;
#925 = DIRECTION ( 'NONE',  ( 0.000000000000000000, 0.000000000000000000, -1.000000000000000000 ) ) ;
#926 = ORIENTED_EDGE ( 'NONE', *, *, #497, .F. ) ;
#927 = LINE ( 'NONE', #1389, #97 ) ;
#928 = FACE_OUTER_BOUND ( 'NONE', #888, .T. ) ;
#929 = APPLICATION_CONTEXT ( 'automotive_design' ) ;
#930 = ORIENTED_EDGE ( 'NONE', *, *, #885, .F. ) ;
#931 =( BOUNDED_CURVE ( )  B_SPLINE_CURVE ( 3, ( #1339, #407, #1004, #668 ),
 .UNSPECIFIED., .F., .T. ) 
 B_SPLINE_CURVE_WITH_KNOTS ( ( 4, 4 ),
 ( 5.515995204261210816, 7.050375410097960760 ),
 .UNSPECIFIED. ) 
 CURVE ( )  GEOMETRIC_REPRESENTATION_ITEM ( )  RATIONAL_B_SPLINE_CURVE ( ( 1.000000000000000000, 0.8132426008497410930, 0.8132426008497410930, 1.000000000000000000 ) ) 
 REPRESENTATION_ITEM ( '' )  );
#932 = DIRECTION ( 'NONE',  ( -0.000000000000000000, 1.000000000000000000, -0.000000000000000000 ) ) ;
#933 = ORIENTED_EDGE ( 'NONE', *, *, #342, .F. ) ;
#934 = DIRECTION ( 'NONE',  ( -0.1874275599918959756, -0.9642312064598245192, -0.1874275599918959756 ) ) ;
#935 = CARTESIAN_POINT ( 'NONE',  ( 39.99999999999999289, 0.000000000000000000, -40.00000000000000000 ) ) ;
#936 = EDGE_LOOP ( 'NONE', ( #146, #1363, #533, #634 ) ) ;
#937 = VECTOR ( 'NONE', #823, 1000.000000000000000 ) ;
#938 = CYLINDRICAL_SURFACE ( 'NONE', #438, 2.000000000000001776 ) ;
#939 = ORIENTED_EDGE ( 'NONE', *, *, #592, .T. ) ;
#940 = AXIS2_PLACEMENT_3D ( 'NONE', #918, #343, #925 ) ;
#941 = AXIS2_PLACEMENT_3D ( 'NONE', #989, #552, #1346 ) ;
#942 = EDGE_CURVE ( 'NONE', #663, #701, #432, .T. ) ;
#943 = LINE ( 'NONE', #19, #1492 ) ;
#944 = DIRECTION ( 'NONE',  ( 0.000000000000000000, 0.000000000000000000, 1.000000000000000000 ) ) ;
#945 = DIRECTION ( 'NONE',  ( 0.000000000000000000, 1.000000000000000000, -0.000000000000000000 ) ) ;
#946 = VECTOR ( 'NONE', #52, 1000.000000000000000 ) ;
#947 = CARTESIAN_POINT ( 'NONE',  ( 39.99999999999999289, 0.000000000000000000, 0.000000000000000000 ) ) ;
#948 = EDGE_LOOP ( 'NONE', ( #194, #85 ) ) ;
#949 = DIRECTION ( 'NONE',  ( 1.000000000000000000, 0.000000000000000000, -0.000000000000000000 ) ) ;
#950 = ADVANCED_FACE ( 'NONE', ( #329, #1364 ), #707, .F. ) ;
#951 = DIRECTION ( 'NONE',  ( 0.000000000000000000, 0.1908089953765447211, -0.9816271834476640867 ) ) ;
#952 = VECTOR ( 'NONE', #1152, 1000.000000000000000 ) ;
#953 = FACE_BOUND ( 'NONE', #1031, .T. ) ;
#954 = AXIS2_PLACEMENT_3D ( 'NONE', #1321, #979, #287 ) ;
#955 = DIRECTION ( 'NONE',  ( 0.000000000000000000, 0.000000000000000000, 1.000000000000000000 ) ) ;
#956 = DIRECTION ( 'NONE',  ( -0.000000000000000000, 1.000000000000000000, -0.000000000000000000 ) ) ;
#957 = ORIENTED_EDGE ( 'NONE', *, *, #281, .T. ) ;
#958 = EDGE_CURVE ( 'NONE', #322, #540, #1035, .T. ) ;
#959 = CARTESIAN_POINT ( 'NONE',  ( -0.000000000000000000, -5.000000000000000000, 63.00000000000000000 ) ) ;
#960 = ORIENTED_EDGE ( 'NONE', *, *, #175, .T. ) ;
#961 = DIRECTION ( 'NONE',  ( 0.000000000000000000, 0.000000000000000000, 1.000000000000000000 ) ) ;
#962 = EDGE_CURVE ( 'NONE', #1342, #181, #360, .T. ) ;
#963 = DIRECTION ( 'NONE',  ( 0.000000000000000000, 0.000000000000000000, 1.000000000000000000 ) ) ;
#964 = FACE_OUTER_BOUND ( 'NONE', #464, .T. ) ;
#965 = ADVANCED_FACE ( 'NONE', ( #808 ), #1263, .F. ) ;
#966 = DIRECTION ( 'NONE',  ( 0.000000000000000000, 0.000000000000000000, 1.000000000000000000 ) ) ;
#967 = ORIENTED_EDGE ( 'NONE', *, *, #1128, .T. ) ;
#968 = CARTESIAN_POINT ( 'NONE',  ( 2.020667218593132706E-15, 0.000000000000000000, -16.49999999999998934 ) ) ;
#969 = DIRECTION ( 'NONE',  ( -0.000000000000000000, 1.000000000000000000, -0.000000000000000000 ) ) ;
#970 = CARTESIAN_POINT ( 'NONE',  ( -40.00000000000000000, 5.000000000000000000, 40.00000000000000711 ) ) ;
#971 = DIRECTION ( 'NONE',  ( -0.000000000000000000, 1.000000000000000000, -0.000000000000000000 ) ) ;
#972 = CARTESIAN_POINT ( 'NONE',  ( 63.00000000000002842, -3.000000000000000000, 65.00000000000000000 ) ) ;
#973 = EDGE_CURVE ( 'NONE', #542, #807, #1139, .T. ) ;
#974 = VERTEX_POINT ( 'NONE', #4 ) ;
#975 = CIRCLE ( 'NONE', #413, 2.000000000000001776 ) ;
#976 = DIRECTION ( 'NONE',  ( 0.000000000000000000, 0.000000000000000000, 1.000000000000000000 ) ) ;
#977 = ORIENTED_EDGE ( 'NONE', *, *, #1170, .T. ) ;
#978 = CARTESIAN_POINT ( 'NONE',  ( 55.05082404472747015, 9.738773843937435615, 55.05082404472747726 ) ) ;
#979 = DIRECTION ( 'NONE',  ( -0.000000000000000000, 1.000000000000000000, -0.000000000000000000 ) ) ;
#980 = EDGE_CURVE ( 'NONE', #898, #1462, #351, .T. ) ;
#981 = EDGE_CURVE ( 'NONE', #825, #335, #900, .T. ) ;
#982 = CIRCLE ( 'NONE', #1163, 2.000000000000001776 ) ;
#983 = DIRECTION ( 'NONE',  ( 1.000000000000000000, 0.000000000000000000, 0.000000000000000000 ) ) ;
#984 = ORIENTED_EDGE ( 'NONE', *, *, #1128, .F. ) ;
#985 = FACE_OUTER_BOUND ( 'NONE', #1440, .T. ) ;
#986 = ORIENTED_EDGE ( 'NONE', *, *, #108, .F. ) ;
#987 = DIRECTION ( 'NONE',  ( -0.000000000000000000, 1.000000000000000000, -0.000000000000000000 ) ) ;
#988 = DIRECTION ( 'NONE',  ( 0.000000000000000000, 0.000000000000000000, 1.000000000000000000 ) ) ;
#989 = CARTESIAN_POINT ( 'NONE',  ( -40.00000000000000000, 0.000000000000000000, -40.00000000000000000 ) ) ;
#990 = ORIENTED_EDGE ( 'NONE', *, *, #1020, .F. ) ;
#991 = ORIENTED_EDGE ( 'NONE', *, *, #1206, .F. ) ;
#992 = AXIS2_PLACEMENT_3D ( 'NONE', #978, #1188, #525 ) ;
#993 = LINE ( 'NONE', #627, #264 ) ;
#994 = EDGE_CURVE ( 'NONE', #1052, #562, #465, .T. ) ;
#995 = CARTESIAN_POINT ( 'NONE',  ( 63.00000000000002842, -3.000000000000000000, -63.00000000000000000 ) ) ;
#996 = VECTOR ( 'NONE', #652, 1000.000000000000227 ) ;
#997 = DIRECTION ( 'NONE',  ( 0.000000000000000000, 1.000000000000000000, -0.000000000000000000 ) ) ;
#998 = EDGE_LOOP ( 'NONE', ( #116, #1227, #35, #984 ) ) ;
#999 = DIRECTION ( 'NONE',  ( 0.000000000000000000, 1.000000000000000000, -0.000000000000000000 ) ) ;
#1000 = VERTEX_POINT ( 'NONE', #722 ) ;
#1001 = AXIS2_PLACEMENT_3D ( 'NONE', #41, #482, #257 ) ;
#1002 = DIRECTION ( 'NONE',  ( -1.000000000000000000, 0.000000000000000000, 0.000000000000000000 ) ) ;
#1003 = CARTESIAN_POINT ( 'NONE',  ( 39.99999999999999289, 5.000000000000000000, 56.50000000000000711 ) ) ;
#1004 = CARTESIAN_POINT ( 'NONE',  ( 58.79294667738509617, 0.000000000000000000, 60.00000000000000000 ) ) ;
#1005 = ORIENTED_EDGE ( 'NONE', *, *, #803, .T. ) ;
#1006 = VECTOR ( 'NONE', #609, 1000.000000000000000 ) ;
#1007 = ADVANCED_FACE ( 'NONE', ( #507 ), #834, .T. ) ;
#1008 = ORIENTED_EDGE ( 'NONE', *, *, #1392, .T. ) ;
#1009 =( NAMED_UNIT ( * ) SI_UNIT ( $, .STERADIAN. ) SOLID_ANGLE_UNIT ( ) );
#1010 = CARTESIAN_POINT ( 'NONE',  ( -65.00000000000000000, -3.000000000000000000, -65.00000000000000000 ) ) ;
#1011 = EDGE_CURVE ( 'NONE', #562, #1462, #1430, .T. ) ;
#1012 = DIRECTION ( 'NONE',  ( 0.000000000000000000, 0.9816271834476639757, 0.1908089953765448599 ) ) ;
#1013 = ORIENTED_EDGE ( 'NONE', *, *, #973, .F. ) ;
#1014 = EDGE_CURVE ( 'NONE', #68, #1414, #1060, .T. ) ;
#1015 = ORIENTED_EDGE ( 'NONE', *, *, #144, .F. ) ;
#1016 = AXIS2_PLACEMENT_3D ( 'NONE', #581, #934, #951 ) ;
#1017 = CARTESIAN_POINT ( 'NONE',  ( -39.99999999999999289, 5.000000000000000000, 6.938893903907228378E-15 ) ) ;
#1018 = CARTESIAN_POINT ( 'NONE',  ( 39.99999999999999289, 0.000000000000000000, 40.00000000000000711 ) ) ;
#1019 = AXIS2_PLACEMENT_3D ( 'NONE', #451, #1387, #820 ) ;
#1020 = EDGE_CURVE ( 'NONE', #591, #11, #1285, .T. ) ;
#1021 = ORIENTED_EDGE ( 'NONE', *, *, #43, .F. ) ;
#1022 = VERTEX_POINT ( 'NONE', #1051 ) ;
#1023 =( LENGTH_UNIT ( ) NAMED_UNIT ( * ) SI_UNIT ( .MILLI., .METRE. ) );
#1024 = CARTESIAN_POINT ( 'NONE',  ( -63.00000000000000000, -3.000000000000000000, -63.00000000000000000 ) ) ;
#1025 = EDGE_CURVE ( 'NONE', #1412, #669, #380, .T. ) ;
#1026 = EDGE_CURVE ( 'NONE', #388, #871, #537, .T. ) ;
#1027 = DIRECTION ( 'NONE',  ( 0.000000000000000000, 0.000000000000000000, 1.000000000000000000 ) ) ;
#1028 = VERTEX_POINT ( 'NONE', #859 ) ;
#1029 = DIRECTION ( 'NONE',  ( -1.000000000000000000, 0.000000000000000000, 0.000000000000000000 ) ) ;
#1030 = CIRCLE ( 'NONE', #87, 16.50000000000000000 ) ;
#1031 = EDGE_LOOP ( 'NONE', ( #1153, #492 ) ) ;
#1032 = DIRECTION ( 'NONE',  ( 0.000000000000000000, 0.000000000000000000, 1.000000000000000000 ) ) ;
#1033 = CARTESIAN_POINT ( 'NONE',  ( 39.99999999999999289, 5.000000000000000000, 40.00000000000000711 ) ) ;
#1034 = ORIENTED_EDGE ( 'NONE', *, *, #962, .F. ) ;
#1035 = LINE ( 'NONE', #794, #1395 ) ;
#1036 = ORIENTED_EDGE ( 'NONE', *, *, #309, .T. ) ;
#1037 = EDGE_CURVE ( 'NONE', #790, #1000, #1354, .T. ) ;
#1038 = DIRECTION ( 'NONE',  ( -0.000000000000000000, 1.000000000000000000, -0.000000000000000000 ) ) ;
#1039 = LINE ( 'NONE', #354, #952 ) ;
#1040 = ORIENTED_EDGE ( 'NONE', *, *, #426, .F. ) ;
#1041 = CARTESIAN_POINT ( 'NONE',  ( 39.99999999999999289, 0.000000000000000000, 56.50000000000000711 ) ) ;
#1042 = ORIENTED_EDGE ( 'NONE', *, *, #1288, .F. ) ;
#1043 = CYLINDRICAL_SURFACE ( 'NONE', #358, 2.000000000000001776 ) ;
#1044 = PLANE ( 'NONE',  #302 ) ;
#1045 = ORIENTED_EDGE ( 'NONE', *, *, #12, .T. ) ;
#1046 = LINE ( 'NONE', #123, #629 ) ;
#1047 = ORIENTED_EDGE ( 'NONE', *, *, #1361, .T. ) ;
#1048 = DIRECTION ( 'NONE',  ( 0.000000000000000000, 0.000000000000000000, -1.000000000000000000 ) ) ;
#1049 = CARTESIAN_POINT ( 'NONE',  ( -39.99999999999999289, 0.000000000000000000, 6.938893903907228378E-15 ) ) ;
#1050 = ORIENTED_EDGE ( 'NONE', *, *, #1170, .F. ) ;
#1051 = CARTESIAN_POINT ( 'NONE',  ( 39.99999999999999289, 5.000000000000000000, -23.50000000000000000 ) ) ;
#1052 = VERTEX_POINT ( 'NONE', #1420 ) ;
#1053 = CARTESIAN_POINT ( 'NONE',  ( -40.00000000000000000, 0.000000000000000000, -56.50000000000000711 ) ) ;
#1054 = DIRECTION ( 'NONE',  ( 0.000000000000000000, 0.000000000000000000, 1.000000000000000000 ) ) ;
#1055 = CYLINDRICAL_SURFACE ( 'NONE', #372, 16.50000000000000000 ) ;
#1056 = CIRCLE ( 'NONE', #474, 2.000000000000001776 ) ;
#1057 = ADVANCED_FACE ( 'NONE', ( #387 ), #938, .T. ) ;
#1058 = DIRECTION ( 'NONE',  ( 0.000000000000000000, 0.000000000000000000, -1.000000000000000000 ) ) ;
#1059 = EDGE_LOOP ( 'NONE', ( #212, #1040, #586, #1332 ) ) ;
#1060 =( BOUNDED_CURVE ( )  B_SPLINE_CURVE ( 3, ( #490, #590, #732, #1411 ),
 .UNSPECIFIED., .F., .F. ) 
 B_SPLINE_CURVE_WITH_KNOTS ( ( 4, 4 ),
 ( 5.515995204261210816, 7.050375410097960760 ),
 .UNSPECIFIED. ) 
 CURVE ( )  GEOMETRIC_REPRESENTATION_ITEM ( )  RATIONAL_B_SPLINE_CURVE ( ( 1.000000000000000000, 0.8132426008497410930, 0.8132426008497410930, 1.000000000000000000 ) ) 
 REPRESENTATION_ITEM ( '' )  );
#1061 = VECTOR ( 'NONE', #555, 1000.000000000000000 ) ;
#1062 = FACE_OUTER_BOUND ( 'NONE', #651, .T. ) ;
#1063 = VECTOR ( 'NONE', #1416, 1000.000000000000000 ) ;
#1064 = DIRECTION ( 'NONE',  ( 0.000000000000000000, 0.000000000000000000, 1.000000000000000000 ) ) ;
#1065 = DIRECTION ( 'NONE',  ( 0.000000000000000000, 1.000000000000000000, -0.000000000000000000 ) ) ;
#1066 = ADVANCED_FACE ( 'NONE', ( #1293 ), #135, .T. ) ;
#1067 = CARTESIAN_POINT ( 'NONE',  ( 39.99999999999999289, 0.000000000000000000, 0.000000000000000000 ) ) ;
#1068 = AXIS2_PLACEMENT_3D ( 'NONE', #428, #92, #1367 ) ;
#1069 = DIRECTION ( 'NONE',  ( -0.000000000000000000, -1.000000000000000000, 0.000000000000000000 ) ) ;
#1070 = ORIENTED_EDGE ( 'NONE', *, *, #1020, .T. ) ;
#1071 = DIRECTION ( 'NONE',  ( 0.000000000000000000, 0.000000000000000000, -1.000000000000000000 ) ) ;
#1072 = DIRECTION ( 'NONE',  ( 1.000000000000000000, 0.000000000000000000, 0.000000000000000000 ) ) ;
#1073 = FACE_OUTER_BOUND ( 'NONE', #1138, .T. ) ;
#1074 = VECTOR ( 'NONE', #259, 1000.000000000000000 ) ;
#1075 = CARTESIAN_POINT ( 'NONE',  ( 57.05511844965701584, 0.000000000000000000, -60.00000000000000000 ) ) ;
#1076 = CARTESIAN_POINT ( 'NONE',  ( -6.938893903907228378E-15, 0.000000000000000000, -23.50000000000000711 ) ) ;
#1077 = EDGE_LOOP ( 'NONE', ( #991, #381, #94 ) ) ;
#1078 = CARTESIAN_POINT ( 'NONE',  ( -39.99999999999999289, 0.000000000000000000, 6.938893903907228378E-15 ) ) ;
#1079 = ORIENTED_EDGE ( 'NONE', *, *, #1361, .F. ) ;
#1080 = DIRECTION ( 'NONE',  ( 0.000000000000000000, 0.1908089953765447211, -0.9816271834476640867 ) ) ;
#1081 = PLANE ( 'NONE',  #1450 ) ;
#1082 = EDGE_CURVE ( 'NONE', #656, #11, #1428, .T. ) ;
#1083 = LINE ( 'NONE', #248, #857 ) ;
#1084 = CARTESIAN_POINT ( 'NONE',  ( -40.00000000000000000, 0.000000000000000000, -23.49999999999999645 ) ) ;
#1085 = VERTEX_POINT ( 'NONE', #972 ) ;
#1086 = CARTESIAN_POINT ( 'NONE',  ( 65.00000000000002842, 0.000000000000000000, -63.00000000000000000 ) ) ;
#1087 = ORIENTED_EDGE ( 'NONE', *, *, #924, .F. ) ;
#1088 = CARTESIAN_POINT ( 'NONE',  ( 56.08321690396842030, 5.000000000000000000, -59.02809845431140445 ) ) ;
#1089 = FACE_BOUND ( 'NONE', #308, .T. ) ;
#1090 = CARTESIAN_POINT ( 'NONE',  ( -2.449293598294704146E-15, 0.000000000000000000, 40.00000000000000711 ) ) ;
#1091 = ORIENTED_EDGE ( 'NONE', *, *, #803, .F. ) ;
#1092 = CYLINDRICAL_SURFACE ( 'NONE', #1145, 16.50000000000000000 ) ;
#1093 = ORIENTED_EDGE ( 'NONE', *, *, #431, .T. ) ;
#1094 = DIRECTION ( 'NONE',  ( -0.1874275599918959201, -0.9642312064598242971, 0.1874275599918959201 ) ) ;
#1095 = FACE_OUTER_BOUND ( 'NONE', #893, .T. ) ;
#1096 = AXIS2_PLACEMENT_3D ( 'NONE', #655, #758, #546 ) ;
#1097 = CYLINDRICAL_SURFACE ( 'NONE', #1096, 16.50000000000000000 ) ;
#1098 = EDGE_LOOP ( 'NONE', ( #90, #1353, #854, #828 ) ) ;
#1099 = ADVANCED_FACE ( 'NONE', ( #1316 ), #850, .T. ) ;
#1100 = ORIENTED_EDGE ( 'NONE', *, *, #244, .T. ) ;
#1101 = CYLINDRICAL_SURFACE ( 'NONE', #992, 2.999999999999997780 ) ;
#1102 = CARTESIAN_POINT ( 'NONE',  ( 39.99999999999999289, 0.000000000000000000, -40.00000000000000000 ) ) ;
#1103 = PLANE ( 'NONE',  #941 ) ;
#1104 = VERTEX_POINT ( 'NONE', #1084 ) ;
#1105 = CARTESIAN_POINT ( 'NONE',  ( -2.449293598294704146E-15, 0.000000000000000000, 56.50000000000000711 ) ) ;
#1106 = ORIENTED_EDGE ( 'NONE', *, *, #746, .F. ) ;
#1107 = AXIS2_PLACEMENT_3D ( 'NONE', #461, #712, #1164 ) ;
#1108 = CARTESIAN_POINT ( 'NONE',  ( 39.99999999999999289, 5.000000000000000000, 23.50000000000000711 ) ) ;
#1109 = DIRECTION ( 'NONE',  ( 0.000000000000000000, 0.000000000000000000, -1.000000000000000000 ) ) ;
#1110 = FACE_OUTER_BOUND ( 'NONE', #76, .T. ) ;
#1111 = EDGE_CURVE ( 'NONE', #1112, #777, #772, .T. ) ;
#1112 = VERTEX_POINT ( 'NONE', #500 ) ;
#1113 = APPLICATION_CONTEXT ( 'automotive_design' ) ;
#1114 = CARTESIAN_POINT ( 'NONE',  ( -39.99999999999999289, 5.000000000000000000, 6.938893903907228378E-15 ) ) ;
#1115 = ORIENTED_EDGE ( 'NONE', *, *, #1169, .F. ) ;
#1116 = EDGE_CURVE ( 'NONE', #733, #221, #511, .T. ) ;
#1117 = CARTESIAN_POINT ( 'NONE',  ( 65.00000000000002842, 0.000000000000000000, 65.00000000000000000 ) ) ;
#1118 = ADVANCED_FACE ( 'NONE', ( #282 ), #130, .T. ) ;
#1119 = CARTESIAN_POINT ( 'NONE',  ( 65.00000000000002842, -5.000000000000000000, -63.00000000000000000 ) ) ;
#1120 = VECTOR ( 'NONE', #614, 1000.000000000000000 ) ;
#1121 = ORIENTED_EDGE ( 'NONE', *, *, #152, .T. ) ;
#1122 = DIRECTION ( 'NONE',  ( 0.000000000000000000, 0.000000000000000000, -1.000000000000000000 ) ) ;
#1123 = ORIENTED_EDGE ( 'NONE', *, *, #471, .F. ) ;
#1124 = FACE_OUTER_BOUND ( 'NONE', #427, .T. ) ;
#1125 = PLANE ( 'NONE',  #173 ) ;
#1126 = ORIENTED_EDGE ( 'NONE', *, *, #845, .T. ) ;
#1127 = ORIENTED_EDGE ( 'NONE', *, *, #281, .F. ) ;
#1128 = EDGE_CURVE ( 'NONE', #1365, #1085, #1192, .T. ) ;
#1129 = ADVANCED_FACE ( 'NONE', ( #1463 ), #661, .F. ) ;
#1130 = ADVANCED_FACE ( 'NONE', ( #914 ), #667, .F. ) ;
#1131 = AXIS2_PLACEMENT_3D ( 'NONE', #830, #359, #690 ) ;
#1132 = DIRECTION ( 'NONE',  ( 0.000000000000000000, 0.000000000000000000, 1.000000000000000000 ) ) ;
#1133 = CARTESIAN_POINT ( 'NONE',  ( -63.00000000000000000, -5.000000000000000000, -65.00000000000000000 ) ) ;
#1134 = AXIS2_PLACEMENT_3D ( 'NONE', #75, #999, #1349 ) ;
#1135 = CIRCLE ( 'NONE', #1327, 16.50000000000000000 ) ;
#1136 = ORIENTED_EDGE ( 'NONE', *, *, #994, .F. ) ;
#1137 = FACE_OUTER_BOUND ( 'NONE', #1423, .T. ) ;
#1138 = EDGE_LOOP ( 'NONE', ( #560, #649, #515, #501 ) ) ;
#1139 = CIRCLE ( 'NONE', #1281, 16.50000000000000000 ) ;
#1140 = CARTESIAN_POINT ( 'NONE',  ( 56.08321690396842030, 5.000000000000000000, 59.02809845431140445 ) ) ;
#1141 = ORIENTED_EDGE ( 'NONE', *, *, #796, .F. ) ;
#1142 = DIRECTION ( 'NONE',  ( 1.000000000000000000, -0.000000000000000000, -0.000000000000000000 ) ) ;
#1143 = ORIENTED_EDGE ( 'NONE', *, *, #1335, .F. ) ;
#1144 = ADVANCED_FACE ( 'NONE', ( #1471 ), #448, .T. ) ;
#1145 = AXIS2_PLACEMENT_3D ( 'NONE', #743, #626, #36 ) ;
#1146 = FACE_OUTER_BOUND ( 'NONE', #767, .T. ) ;
#1147 = CARTESIAN_POINT ( 'NONE',  ( -57.82104513169650772, 4.999999999999998224, -59.02809845431141156 ) ) ;
#1148 = EDGE_LOOP ( 'NONE', ( #1042, #1341, #315, #1379 ) ) ;
#1149 = DIRECTION ( 'NONE',  ( 0.000000000000000000, 0.000000000000000000, 1.000000000000000000 ) ) ;
#1150 = ORIENTED_EDGE ( 'NONE', *, *, #1424, .T. ) ;
#1151 = DIRECTION ( 'NONE',  ( -0.000000000000000000, 1.000000000000000000, -0.000000000000000000 ) ) ;
#1152 = DIRECTION ( 'NONE',  ( -0.000000000000000000, 1.000000000000000000, -0.000000000000000000 ) ) ;
#1153 = ORIENTED_EDGE ( 'NONE', *, *, #418, .F. ) ;
#1154 = ADVANCED_FACE ( 'NONE', ( #1124 ), #192, .F. ) ;
#1155 = DIRECTION ( 'NONE',  ( 0.000000000000000000, 0.000000000000000000, 1.000000000000000000 ) ) ;
#1156 = EDGE_LOOP ( 'NONE', ( #1294, #483 ) ) ;
#1157 = FACE_OUTER_BOUND ( 'NONE', #457, .T. ) ;
#1158 = DIRECTION ( 'NONE',  ( 0.000000000000000000, 0.000000000000000000, 1.000000000000000000 ) ) ;
#1159 = EDGE_CURVE ( 'NONE', #1112, #733, #895, .T. ) ;
#1160 = ORIENTED_EDGE ( 'NONE', *, *, #1037, .F. ) ;
#1161 = DIRECTION ( 'NONE',  ( 0.000000000000000000, -0.000000000000000000, -1.000000000000000000 ) ) ;
#1162 = ORIENTED_EDGE ( 'NONE', *, *, #980, .F. ) ;
#1163 = AXIS2_PLACEMENT_3D ( 'NONE', #1167, #1437, #400 ) ;
#1164 = DIRECTION ( 'NONE',  ( 0.000000000000000000, 0.000000000000000000, 1.000000000000000000 ) ) ;
#1165 = DIRECTION ( 'NONE',  ( 0.000000000000000000, 1.000000000000000000, -0.000000000000000000 ) ) ;
#1166 = EDGE_CURVE ( 'NONE', #1183, #657, #1208, .T. ) ;
#1167 = CARTESIAN_POINT ( 'NONE',  ( 63.00000000000002842, -3.000000000000000000, 63.00000000000000000 ) ) ;
#1168 = ORIENTED_EDGE ( 'NONE', *, *, #328, .T. ) ;
#1169 = EDGE_CURVE ( 'NONE', #181, #234, #538, .T. ) ;
#1170 = EDGE_CURVE ( 'NONE', #1319, #550, #83, .T. ) ;
#1171 = CARTESIAN_POINT ( 'NONE',  ( 55.05082404472747726, 9.738773843937435615, -55.05082404472747015 ) ) ;
#1172 = CARTESIAN_POINT ( 'NONE',  ( 59.02809845431140445, 5.000000000000000000, -56.08321690396842030 ) ) ;
#1173 = DIRECTION ( 'NONE',  ( -0.000000000000000000, 1.000000000000000000, -0.000000000000000000 ) ) ;
#1174 = AXIS2_PLACEMENT_3D ( 'NONE', #270, #754, #167 ) ;
#1175 = DIRECTION ( 'NONE',  ( 0.000000000000000000, 0.000000000000000000, -1.000000000000000000 ) ) ;
#1176 = ORIENTED_EDGE ( 'NONE', *, *, #692, .F. ) ;
#1177 = CARTESIAN_POINT ( 'NONE',  ( -65.00000000000000000, 0.000000000000000000, -65.00000000000000000 ) ) ;
#1178 = CIRCLE ( 'NONE', #1369, 16.50000000000000355 ) ;
#1179 = CARTESIAN_POINT ( 'NONE',  ( -63.00000000000000000, -3.000000000000000000, 63.00000000000000000 ) ) ;
#1180 = DIRECTION ( 'NONE',  ( 0.000000000000000000, 0.000000000000000000, 1.000000000000000000 ) ) ;
#1181 = CYLINDRICAL_SURFACE ( 'NONE', #713, 16.50000000000000000 ) ;
#1182 = DIRECTION ( 'NONE',  ( 1.000000000000000000, 0.000000000000000000, -0.000000000000000000 ) ) ;
#1183 = VERTEX_POINT ( 'NONE', #1003 ) ;
#1184 = DIRECTION ( 'NONE',  ( -0.000000000000000000, -1.000000000000000000, 0.000000000000000000 ) ) ;
#1185 = ORIENTED_EDGE ( 'NONE', *, *, #1228, .T. ) ;
#1186 = EDGE_CURVE ( 'NONE', #871, #1319, #107, .T. ) ;
#1187 = CLOSED_SHELL ( 'NONE', ( #66, #29, #50, #176, #646, #709, #1130, #1235, #580, #950, #231, #277, #1007, #689, #867, #582, #547, #247, #466, #575, #479, #1216, #1066, #911, #1099, #1221, #647, #610, #1444, #1057, #1144, #1240, #1255, #1366, #1381, #1393, #1226, #78, #702, #136, #1154, #215, #2, #375, #638, #298, #965, #261, #327, #102, #1371, #436, #1129, #1118 ) ) ;
#1188 = DIRECTION ( 'NONE',  ( 0.1874275599918959756, -0.9642312064598245192, 0.1874275599918959756 ) ) ;
#1189 = CARTESIAN_POINT ( 'NONE',  ( -63.00000000000000000, -5.000000000000000000, -63.00000000000000000 ) ) ;
#1190 = VECTOR ( 'NONE', #164, 1000.000000000000000 ) ;
#1191 = DIRECTION ( 'NONE',  ( 0.000000000000000000, -1.000000000000000000, 0.000000000000000000 ) ) ;
#1192 = LINE ( 'NONE', #339, #125 ) ;
#1193 = ORIENTED_EDGE ( 'NONE', *, *, #418, .T. ) ;
#1194 = CARTESIAN_POINT ( 'NONE',  ( -57.82104513169650772, 4.999999999999998224, 59.02809845431139024 ) ) ;
#1195 = CARTESIAN_POINT ( 'NONE',  ( -4.918226685314095278E-15, 0.000000000000000000, -56.50000000000000711 ) ) ;
#1196 = CARTESIAN_POINT ( 'NONE',  ( -6.938893903907228378E-15, 0.000000000000000000, -40.00000000000000711 ) ) ;
#1197 = DIRECTION ( 'NONE',  ( 0.000000000000000000, 0.000000000000000000, 1.000000000000000000 ) ) ;
#1198 = ORIENTED_EDGE ( 'NONE', *, *, #1267, .T. ) ;
#1199 =( GEOMETRIC_REPRESENTATION_CONTEXT ( 3 ) GLOBAL_UNCERTAINTY_ASSIGNED_CONTEXT ( ( #760 ) ) GLOBAL_UNIT_ASSIGNED_CONTEXT ( ( #551, #673, #442 ) ) REPRESENTATION_CONTEXT ( 'NONE', 'WORKASPACE' ) );
#1200 = EDGE_LOOP ( 'NONE', ( #618, #1347, #1162, #131 ) ) ;
#1201 = VECTOR ( 'NONE', #402, 1000.000000000000227 ) ;
#1202 = AXIS2_PLACEMENT_3D ( 'NONE', #198, #1464, #1472 ) ;
#1203 = CARTESIAN_POINT ( 'NONE',  ( 63.00000000000002842, 0.000000000000000000, 65.00000000000000000 ) ) ;
#1204 = LINE ( 'NONE', #406, #996 ) ;
#1205 = DIRECTION ( 'NONE',  ( 0.000000000000000000, 0.000000000000000000, 1.000000000000000000 ) ) ;
#1206 = EDGE_CURVE ( 'NONE', #110, #540, #975, .T. ) ;
#1207 = EDGE_LOOP ( 'NONE', ( #1303, #301, #896, #1254, #1176, #751, #494, #1247 ) ) ;
#1208 = CIRCLE ( 'NONE', #1375, 16.50000000000000000 ) ;
#1209 = MANIFOLD_SOLID_BREP ( 'Cortar-Extruir1', #1187 ) ;
#1210 = LINE ( 'NONE', #549, #336 ) ;
#1211 = ORIENTED_EDGE ( 'NONE', *, *, #405, .F. ) ;
#1212 = CYLINDRICAL_SURFACE ( 'NONE', #1249, 16.50000000000000000 ) ;
#1213 = DIRECTION ( 'NONE',  ( 0.000000000000000000, 0.000000000000000000, 1.000000000000000000 ) ) ;
#1214 = CIRCLE ( 'NONE', #565, 16.50000000000000000 ) ;
#1215 = CIRCLE ( 'NONE', #665, 2.000000000000001776 ) ;
#1216 = ADVANCED_FACE ( 'NONE', ( #331 ), #423, .T. ) ;
#1217 = CARTESIAN_POINT ( 'NONE',  ( -40.00000000000000000, 0.000000000000000000, 40.00000000000000711 ) ) ;
#1218 = ORIENTED_EDGE ( 'NONE', *, *, #1378, .T. ) ;
#1219 = ORIENTED_EDGE ( 'NONE', *, *, #981, .T. ) ;
#1220 = FACE_OUTER_BOUND ( 'NONE', #1455, .T. ) ;
#1221 = ADVANCED_FACE ( 'NONE', ( #567 ), #1043, .T. ) ;
#1222 = DIRECTION ( 'NONE',  ( -0.000000000000000000, 1.000000000000000000, -0.000000000000000000 ) ) ;
#1223 = CIRCLE ( 'NONE', #596, 2.000000000000001776 ) ;
#1224 = DIRECTION ( 'NONE',  ( 0.000000000000000000, 0.000000000000000000, 1.000000000000000000 ) ) ;
#1225 = ORIENTED_EDGE ( 'NONE', *, *, #435, .T. ) ;
#1226 = ADVANCED_FACE ( 'NONE', ( #114 ), #13, .F. ) ;
#1227 = ORIENTED_EDGE ( 'NONE', *, *, #761, .F. ) ;
#1228 = EDGE_CURVE ( 'NONE', #701, #663, #21, .T. ) ;
#1229 = CARTESIAN_POINT ( 'NONE',  ( 0.000000000000000000, 0.000000000000000000, 6.938893903907228378E-15 ) ) ;
#1230 = DIRECTION ( 'NONE',  ( 0.000000000000000000, 1.000000000000000000, -0.000000000000000000 ) ) ;
#1231 = DIRECTION ( 'NONE',  ( 0.000000000000000000, 0.000000000000000000, 1.000000000000000000 ) ) ;
#1232 = EDGE_LOOP ( 'NONE', ( #1438, #242 ) ) ;
#1233 = CARTESIAN_POINT ( 'NONE',  ( -59.13154946405281720, 4.467790692378653894, 56.18666791370982594 ) ) ;
#1234 = ORIENTED_EDGE ( 'NONE', *, *, #684, .F. ) ;
#1235 = ADVANCED_FACE ( 'NONE', ( #245 ), #1280, .F. ) ;
#1236 = LINE ( 'NONE', #766, #1470 ) ;
#1237 = CIRCLE ( 'NONE', #789, 2.000000000000001776 ) ;
#1238 =( BOUNDED_CURVE ( )  B_SPLINE_CURVE ( 3, ( #1140, #226, #325, #456 ),
 .UNSPECIFIED., .F., .F. ) 
 B_SPLINE_CURVE_WITH_KNOTS ( ( 4, 4 ),
 ( 5.515995204261211704, 7.050375410097963425 ),
 .UNSPECIFIED. ) 
 CURVE ( )  GEOMETRIC_REPRESENTATION_ITEM ( )  RATIONAL_B_SPLINE_CURVE ( ( 1.000000000000000000, 0.8132426008497406489, 0.8132426008497406489, 1.000000000000000000 ) ) 
 REPRESENTATION_ITEM ( '' )  );
#1239 = EDGE_LOOP ( 'NONE', ( #570, #15, #446, #1193 ) ) ;
#1240 = ADVANCED_FACE ( 'NONE', ( #594 ), #225, .T. ) ;
#1241 = DIRECTION ( 'NONE',  ( 0.000000000000000000, 0.000000000000000000, -1.000000000000000000 ) ) ;
#1242 = ORIENTED_EDGE ( 'NONE', *, *, #593, .T. ) ;
#1243 = PRESENTATION_STYLE_ASSIGNMENT (( #313 ) ) ;
#1244 = CARTESIAN_POINT ( 'NONE',  ( 39.99999999999999289, 0.000000000000000000, 40.00000000000000711 ) ) ;
#1245 = ORIENTED_EDGE ( 'NONE', *, *, #849, .F. ) ;
#1246 = CARTESIAN_POINT ( 'NONE',  ( -60.00000000000000000, 0.000000000000000000, -0.000000000000000000 ) ) ;
#1247 = ORIENTED_EDGE ( 'NONE', *, *, #1477, .T. ) ;
#1248 = DIRECTION ( 'NONE',  ( 1.000000000000000000, 0.000000000000000000, 0.000000000000000000 ) ) ;
#1249 = AXIS2_PLACEMENT_3D ( 'NONE', #1305, #262, #961 ) ;
#1250 = CIRCLE ( 'NONE', #873, 16.50000000000000000 ) ;
#1251 = DIRECTION ( 'NONE',  ( 0.000000000000000000, 1.000000000000000000, -0.000000000000000000 ) ) ;
#1252 = AXIS2_PLACEMENT_3D ( 'NONE', #571, #1029, #1482 ) ;
#1253 = AXIS2_PLACEMENT_3D ( 'NONE', #824, #595, #1054 ) ;
#1254 = ORIENTED_EDGE ( 'NONE', *, *, #1116, .T. ) ;
#1255 = ADVANCED_FACE ( 'NONE', ( #1146 ), #587, .T. ) ;
#1256 = DIRECTION ( 'NONE',  ( 0.000000000000000000, 0.000000000000000000, -1.000000000000000000 ) ) ;
#1257 = EDGE_LOOP ( 'NONE', ( #809, #3, #717 ) ) ;
#1258 = COLOUR_RGB ( '',0.7921568627450980005, 0.8196078431372548767, 0.9333333333333333481 ) ;
#1259 = CARTESIAN_POINT ( 'NONE',  ( -6.938893903907228378E-15, 0.000000000000000000, -40.00000000000000711 ) ) ;
#1260 = DIRECTION ( 'NONE',  ( 1.000000000000000000, 0.000000000000000000, 0.000000000000000000 ) ) ;
#1261 = EDGE_LOOP ( 'NONE', ( #967, #333, #892, #441 ) ) ;
#1262 = AXIS2_PLACEMENT_3D ( 'NONE', #101, #1368, #1268 ) ;
#1263 = CYLINDRICAL_SURFACE ( 'NONE', #223, 16.50000000000000000 ) ;
#1264 = ORIENTED_EDGE ( 'NONE', *, *, #152, .F. ) ;
#1265 = AXIS2_PLACEMENT_3D ( 'NONE', #147, #1432, #1289 ) ;
#1266 = DIRECTION ( 'NONE',  ( 1.000000000000000000, -0.000000000000000000, -0.000000000000000000 ) ) ;
#1267 = EDGE_CURVE ( 'NONE', #540, #234, #119, .T. ) ;
#1268 = DIRECTION ( 'NONE',  ( 0.000000000000000000, 0.000000000000000000, 1.000000000000000000 ) ) ;
#1269 = VERTEX_POINT ( 'NONE', #1053 ) ;
#1270 = DIRECTION ( 'NONE',  ( 0.000000000000000000, 0.000000000000000000, -1.000000000000000000 ) ) ;
#1271 = EDGE_LOOP ( 'NONE', ( #171, #409, #330, #365, #1047, #318, #749, #1100 ) ) ;
#1272 = EDGE_CURVE ( 'NONE', #1000, #790, #654, .T. ) ;
#1273 = CARTESIAN_POINT ( 'NONE',  ( 63.00000000000002842, 0.000000000000000000, 63.00000000000000000 ) ) ;
#1274 = CARTESIAN_POINT ( 'NONE',  ( -65.00000000000000000, 0.000000000000000000, 65.00000000000000000 ) ) ;
#1275 = EDGE_LOOP ( 'NONE', ( #680, #1350, #69, #408 ) ) ;
#1276 = AXIS2_PLACEMENT_3D ( 'NONE', #241, #445, #912 ) ;
#1277 = VECTOR ( 'NONE', #1322, 1000.000000000000000 ) ;
#1278 = DIRECTION ( 'NONE',  ( 0.000000000000000000, 0.000000000000000000, 1.000000000000000000 ) ) ;
#1279 = ORIENTED_EDGE ( 'NONE', *, *, #1439, .F. ) ;
#1280 = CYLINDRICAL_SURFACE ( 'NONE', #675, 16.50000000000000000 ) ;
#1281 = AXIS2_PLACEMENT_3D ( 'NONE', #1380, #117, #578 ) ;
#1282 = CARTESIAN_POINT ( 'NONE',  ( -40.00000000000000000, 5.000000000000000000, -40.00000000000000000 ) ) ;
#1283 = ORIENTED_EDGE ( 'NONE', *, *, #907, .T. ) ;
#1284 = AXIS2_PLACEMENT_3D ( 'NONE', #443, #209, #220 ) ;
#1285 = LINE ( 'NONE', #1076, #243 ) ;
#1286 = ORIENTED_EDGE ( 'NONE', *, *, #981, .F. ) ;
#1287 = EDGE_CURVE ( 'NONE', #388, #550, #927, .T. ) ;
#1288 = EDGE_CURVE ( 'NONE', #841, #974, #943, .T. ) ;
#1289 = DIRECTION ( 'NONE',  ( 0.000000000000000000, 0.000000000000000000, -1.000000000000000000 ) ) ;
#1290 = DIRECTION ( 'NONE',  ( 0.000000000000000000, 0.000000000000000000, 1.000000000000000000 ) ) ;
#1291 = CARTESIAN_POINT ( 'NONE',  ( -39.99999999999999289, 5.000000000000000000, -16.49999999999999289 ) ) ;
#1292 = CARTESIAN_POINT ( 'NONE',  ( -2.449293598294704146E-15, 0.000000000000000000, 40.00000000000000711 ) ) ;
#1293 = FACE_OUTER_BOUND ( 'NONE', #1275, .T. ) ;
#1294 = ORIENTED_EDGE ( 'NONE', *, *, #460, .T. ) ;
#1295 = CARTESIAN_POINT ( 'NONE',  ( 0.000000000000000000, 5.000000000000000000, 16.50000000000000355 ) ) ;
#1296 = ORIENTED_EDGE ( 'NONE', *, *, #973, .T. ) ;
#1297 = LINE ( 'NONE', #398, #499 ) ;
#1298 = CARTESIAN_POINT ( 'NONE',  ( -4.286263797015711450E-16, 0.000000000000000000, 23.50000000000000711 ) ) ;
#1299 = DIRECTION ( 'NONE',  ( 0.000000000000000000, 1.000000000000000000, -0.000000000000000000 ) ) ;
#1300 = AXIS2_PLACEMENT_3D ( 'NONE', #837, #512, #1435 ) ;
#1301 = DIRECTION ( 'NONE',  ( 0.000000000000000000, 1.000000000000000000, -0.000000000000000000 ) ) ;
#1302 = EDGE_CURVE ( 'NONE', #591, #607, #385, .T. ) ;
#1303 = ORIENTED_EDGE ( 'NONE', *, *, #316, .T. ) ;
#1304 = CARTESIAN_POINT ( 'NONE',  ( -57.05511844965700874, 0.000000000000000000, -60.00000000000000000 ) ) ;
#1305 = CARTESIAN_POINT ( 'NONE',  ( 39.99999999999999289, 0.000000000000000000, 40.00000000000000711 ) ) ;
#1306 = FACE_OUTER_BOUND ( 'NONE', #1200, .T. ) ;
#1307 = FACE_OUTER_BOUND ( 'NONE', #1232, .T. ) ;
#1308 = DIRECTION ( 'NONE',  ( 0.000000000000000000, 0.000000000000000000, 1.000000000000000000 ) ) ;
#1309 = ORIENTED_EDGE ( 'NONE', *, *, #471, .T. ) ;
#1310 = CARTESIAN_POINT ( 'NONE',  ( -40.00000000000000000, 0.000000000000000000, -23.49999999999999645 ) ) ;
#1311 = ORIENTED_EDGE ( 'NONE', *, *, #776, .T. ) ;
#1312 = AXIS2_PLACEMENT_3D ( 'NONE', #265, #945, #1197 ) ;
#1313 = FACE_OUTER_BOUND ( 'NONE', #1382, .T. ) ;
#1314 = DIRECTION ( 'NONE',  ( 0.000000000000000000, 1.000000000000000000, -0.000000000000000000 ) ) ;
#1315 = DIRECTION ( 'NONE',  ( 0.000000000000000000, 0.000000000000000000, 1.000000000000000000 ) ) ;
#1316 = FACE_OUTER_BOUND ( 'NONE', #522, .T. ) ;
#1317 = ORIENTED_EDGE ( 'NONE', *, *, #761, .T. ) ;
#1318 = CARTESIAN_POINT ( 'NONE',  ( 65.00000000000002842, -3.000000000000000000, 63.00000000000000000 ) ) ;
#1319 = VERTEX_POINT ( 'NONE', #1408 ) ;
#1320 = CARTESIAN_POINT ( 'NONE',  ( -55.05082404472747726, 9.738773843937435615, 55.05082404472747015 ) ) ;
#1321 = CARTESIAN_POINT ( 'NONE',  ( 0.000000000000000000, 0.000000000000000000, 6.938893903907228378E-15 ) ) ;
#1322 = DIRECTION ( 'NONE',  ( 1.000000000000000000, 0.000000000000000000, -0.000000000000000000 ) ) ;
#1323 = ORIENTED_EDGE ( 'NONE', *, *, #311, .F. ) ;
#1324 = AXIS2_PLACEMENT_3D ( 'NONE', #475, #455, #353 ) ;
#1325 = CARTESIAN_POINT ( 'NONE',  ( 0.000000000000000000, -5.000000000000000000, 0.000000000000000000 ) ) ;
#1326 = CIRCLE ( 'NONE', #1134, 16.49999999999999645 ) ;
#1327 = AXIS2_PLACEMENT_3D ( 'NONE', #1196, #612, #963 ) ;
#1328 = EDGE_CURVE ( 'NONE', #1365, #322, #553, .T. ) ;
#1329 = CARTESIAN_POINT ( 'NONE',  ( 63.00000000000002842, -5.000000000000000000, 63.00000000000000000 ) ) ;
#1330 = CARTESIAN_POINT ( 'NONE',  ( -6.938893903907228378E-15, 0.000000000000000000, -23.50000000000000711 ) ) ;
#1331 = CARTESIAN_POINT ( 'NONE',  ( 63.00000000000002842, 0.000000000000000000, -65.00000000000000000 ) ) ;
#1332 = ORIENTED_EDGE ( 'NONE', *, *, #1166, .T. ) ;
#1333 = VECTOR ( 'NONE', #1109, 1000.000000000000000 ) ;
#1334 = DIRECTION ( 'NONE',  ( 0.000000000000000000, 1.000000000000000000, -0.000000000000000000 ) ) ;
#1335 = EDGE_CURVE ( 'NONE', #1465, #1112, #1056, .T. ) ;
#1336 = ORIENTED_EDGE ( 'NONE', *, *, #1026, .T. ) ;
#1337 = CARTESIAN_POINT ( 'NONE',  ( 0.000000000000000000, 0.000000000000000000, 60.00000000000000000 ) ) ;
#1338 = VECTOR ( 'NONE', #1260, 1000.000000000000000 ) ;
#1339 = CARTESIAN_POINT ( 'NONE',  ( 60.00000000000000000, 0.000000000000000000, 57.05511844965701584 ) ) ;
#1340 = CIRCLE ( 'NONE', #568, 2.000000000000001776 ) ;
#1341 = ORIENTED_EDGE ( 'NONE', *, *, #460, .F. ) ;
#1342 = VERTEX_POINT ( 'NONE', #817 ) ;
#1343 = DIRECTION ( 'NONE',  ( 0.000000000000000000, -0.9816271834476639757, 0.1908089953765448599 ) ) ;
#1344 = DIRECTION ( 'NONE',  ( 0.000000000000000000, 0.000000000000000000, 1.000000000000000000 ) ) ;
#1345 = VECTOR ( 'NONE', #987, 1000.000000000000000 ) ;
#1346 = DIRECTION ( 'NONE',  ( 0.000000000000000000, 0.000000000000000000, 1.000000000000000000 ) ) ;
#1347 = ORIENTED_EDGE ( 'NONE', *, *, #1011, .T. ) ;
#1348 = EDGE_CURVE ( 'NONE', #1085, #1465, #1493, .T. ) ;
#1349 = DIRECTION ( 'NONE',  ( 0.000000000000000000, 0.000000000000000000, 1.000000000000000000 ) ) ;
#1350 = ORIENTED_EDGE ( 'NONE', *, *, #832, .F. ) ;
#1351 = DIRECTION ( 'NONE',  ( 0.000000000000000000, 0.000000000000000000, 1.000000000000000000 ) ) ;
#1352 = DIRECTION ( 'NONE',  ( 0.000000000000000000, 1.000000000000000000, -0.000000000000000000 ) ) ;
#1353 = ORIENTED_EDGE ( 'NONE', *, *, #1111, .T. ) ;
#1354 = CIRCLE ( 'NONE', #57, 16.50000000000000000 ) ;
#1355 = ORIENTED_EDGE ( 'NONE', *, *, #9, .T. ) ;
#1356 = CIRCLE ( 'NONE', #1284, 16.50000000000000000 ) ;
#1357 = DIRECTION ( 'NONE',  ( 0.1874275599918959201, -0.9642312064598242971, -0.1874275599918959201 ) ) ;
#1358 = ORIENTED_EDGE ( 'NONE', *, *, #1228, .F. ) ;
#1359 = CARTESIAN_POINT ( 'NONE',  ( -40.00000000000000000, 0.000000000000000000, 40.00000000000000711 ) ) ;
#1360 = ORIENTED_EDGE ( 'NONE', *, *, #659, .T. ) ;
#1361 = EDGE_CURVE ( 'NONE', #433, #68, #703, .T. ) ;
#1362 = CARTESIAN_POINT ( 'NONE',  ( -39.99999999999999289, 0.000000000000000000, -16.49999999999999289 ) ) ;
#1363 = ORIENTED_EDGE ( 'NONE', *, *, #1287, .T. ) ;
#1364 = FACE_BOUND ( 'NONE', #1271, .T. ) ;
#1365 = VERTEX_POINT ( 'NONE', #253 ) ;
#1366 = ADVANCED_FACE ( 'NONE', ( #1157 ), #718, .T. ) ;
#1367 = DIRECTION ( 'NONE',  ( 0.000000000000000000, 0.000000000000000000, -1.000000000000000000 ) ) ;
#1368 = DIRECTION ( 'NONE',  ( -0.000000000000000000, 1.000000000000000000, -0.000000000000000000 ) ) ;
#1369 = AXIS2_PLACEMENT_3D ( 'NONE', #412, #779, #64 ) ;
#1370 = ORIENTED_EDGE ( 'NONE', *, *, #942, .T. ) ;
#1371 = ADVANCED_FACE ( 'NONE', ( #158 ), #1212, .F. ) ;
#1372 = CARTESIAN_POINT ( 'NONE',  ( -60.00000000000000000, 0.000000000000000000, 57.05511844965700874 ) ) ;
#1373 = VERTEX_POINT ( 'NONE', #495 ) ;
#1374 = EDGE_CURVE ( 'NONE', #148, #727, #149, .T. ) ;
#1375 = AXIS2_PLACEMENT_3D ( 'NONE', #890, #545, #434 ) ;
#1376 = CARTESIAN_POINT ( 'NONE',  ( 0.000000000000000000, 5.000000000000000000, 6.938893903907228378E-15 ) ) ;
#1377 = CARTESIAN_POINT ( 'NONE',  ( 39.99999999999999289, 0.000000000000000000, 23.50000000000000711 ) ) ;
#1378 = EDGE_CURVE ( 'NONE', #1269, #1394, #644, .T. ) ;
#1379 = ORIENTED_EDGE ( 'NONE', *, *, #753, .T. ) ;
#1380 = CARTESIAN_POINT ( 'NONE',  ( -40.00000000000000000, 0.000000000000000000, 40.00000000000000711 ) ) ;
#1381 = ADVANCED_FACE ( 'NONE', ( #621 ), #1101, .T. ) ;
#1382 = EDGE_LOOP ( 'NONE', ( #1234, #554, #1087, #774 ) ) ;
#1383 = AXIS2_PLACEMENT_3D ( 'NONE', #1229, #197, #526 ) ;
#1384 = DIRECTION ( 'NONE',  ( -0.000000000000000000, 1.000000000000000000, -0.000000000000000000 ) ) ;
#1385 = CARTESIAN_POINT ( 'NONE',  ( -57.05511844965700874, 0.000000000000000000, -60.00000000000000000 ) ) ;
#1386 = FACE_OUTER_BOUND ( 'NONE', #190, .T. ) ;
#1387 = DIRECTION ( 'NONE',  ( 0.000000000000000000, 1.000000000000000000, -0.000000000000000000 ) ) ;
#1388 = ORIENTED_EDGE ( 'NONE', *, *, #1169, .T. ) ;
#1389 = CARTESIAN_POINT ( 'NONE',  ( -39.99999999999999289, 0.000000000000000000, -16.49999999999999289 ) ) ;
#1390 = CARTESIAN_POINT ( 'NONE',  ( -60.00000000000000000, 0.000000000000000000, 0.000000000000000000 ) ) ;
#1391 = VECTOR ( 'NONE', #921, 1000.000000000000000 ) ;
#1392 = EDGE_CURVE ( 'NONE', #607, #656, #864, .T. ) ;
#1393 = ADVANCED_FACE ( 'NONE', ( #1313 ), #636, .T. ) ;
#1394 = VERTEX_POINT ( 'NONE', #70 ) ;
#1395 = VECTOR ( 'NONE', #1474, 1000.000000000000000 ) ;
#1396 = VECTOR ( 'NONE', #574, 1000.000000000000000 ) ;
#1397 = CARTESIAN_POINT ( 'NONE',  ( -59.02809845431140445, 5.000000000000000000, 0.000000000000000000 ) ) ;
#1398 = ORIENTED_EDGE ( 'NONE', *, *, #692, .T. ) ;
#1399 = CARTESIAN_POINT ( 'NONE',  ( -58.79294667738509617, 0.000000000000000000, -60.00000000000000000 ) ) ;
#1400 = CARTESIAN_POINT ( 'NONE',  ( 0.000000000000000000, 0.000000000000000000, -60.00000000000000000 ) ) ;
#1401 = VECTOR ( 'NONE', #1458, 1000.000000000000000 ) ;
#1402 = DIRECTION ( 'NONE',  ( 0.000000000000000000, 0.000000000000000000, -1.000000000000000000 ) ) ;
#1403 = DIRECTION ( 'NONE',  ( -1.000000000000000000, 0.000000000000000000, 0.000000000000000000 ) ) ;
#1404 = DIRECTION ( 'NONE',  ( 0.000000000000000000, 1.000000000000000000, -0.000000000000000000 ) ) ;
#1405 = ORIENTED_EDGE ( 'NONE', *, *, #1477, .F. ) ;
#1406 = CARTESIAN_POINT ( 'NONE',  ( 57.05511844965700874, 0.000000000000000000, 60.00000000000000000 ) ) ;
#1407 = VECTOR ( 'NONE', #853, 1000.000000000000000 ) ;
#1408 = CARTESIAN_POINT ( 'NONE',  ( -39.99999999999999289, 5.000000000000000000, 16.50000000000000711 ) ) ;
#1409 = DIRECTION ( 'NONE',  ( 0.000000000000000000, 0.000000000000000000, 1.000000000000000000 ) ) ;
#1410 = CARTESIAN_POINT ( 'NONE',  ( -63.00000000000000000, 0.000000000000000000, 65.00000000000000000 ) ) ;
#1411 = CARTESIAN_POINT ( 'NONE',  ( 60.00000000000000000, 0.000000000000000000, -57.05511844965700874 ) ) ;
#1412 = VERTEX_POINT ( 'NONE', #1441 ) ;
#1413 = CARTESIAN_POINT ( 'NONE',  ( 2.020667218593132706E-15, 5.000000000000000000, -16.49999999999998934 ) ) ;
#1414 = VERTEX_POINT ( 'NONE', #1415 ) ;
#1415 = CARTESIAN_POINT ( 'NONE',  ( 60.00000000000000000, 0.000000000000000000, -57.05511844965700874 ) ) ;
#1416 = DIRECTION ( 'NONE',  ( -0.000000000000000000, -1.000000000000000000, 0.000000000000000000 ) ) ;
#1417 = FACE_OUTER_BOUND ( 'NONE', #137, .T. ) ;
#1418 = CIRCLE ( 'NONE', #1174, 16.49999999999999645 ) ;
#1419 = ADVANCED_BREP_SHAPE_REPRESENTATION ( 'Palet_base_3x3', ( #1209, #45 ), #775 ) ;
#1420 = CARTESIAN_POINT ( 'NONE',  ( -59.02809845431140445, 5.000000000000000000, 56.08321690396842030 ) ) ;
#1421 = ORIENTED_EDGE ( 'NONE', *, *, #958, .F. ) ;
#1422 = CARTESIAN_POINT ( 'NONE',  ( 56.08321690396842030, 5.000000000000000000, -59.02809845431140445 ) ) ;
#1423 = EDGE_LOOP ( 'NONE', ( #1198, #1115, #1034, #299 ) ) ;
#1424 = EDGE_CURVE ( 'NONE', #470, #425, #1418, .T. ) ;
#1425 = DIRECTION ( 'NONE',  ( -1.000000000000000000, 0.000000000000000000, 0.000000000000000000 ) ) ;
#1426 = FACE_BOUND ( 'NONE', #948, .T. ) ;
#1427 =( BOUNDED_CURVE ( )  B_SPLINE_CURVE ( 3, ( #458, #440, #334, #104 ),
 .UNSPECIFIED., .F., .T. ) 
 B_SPLINE_CURVE_WITH_KNOTS ( ( 4, 4 ),
 ( 5.515995204261210816, 7.050375410097960760 ),
 .UNSPECIFIED. ) 
 CURVE ( )  GEOMETRIC_REPRESENTATION_ITEM ( )  RATIONAL_B_SPLINE_CURVE ( ( 1.000000000000000000, 0.8132426008497410930, 0.8132426008497410930, 1.000000000000000000 ) ) 
 REPRESENTATION_ITEM ( '' )  );
#1428 = CIRCLE ( 'NONE', #1475, 16.50000000000000000 ) ;
#1429 = CARTESIAN_POINT ( 'NONE',  ( 39.99999999999999289, 0.000000000000000000, -40.00000000000000000 ) ) ;
#1430 = LINE ( 'NONE', #145, #881 ) ;
#1431 = ORIENTED_EDGE ( 'NONE', *, *, #523, .T. ) ;
#1432 = DIRECTION ( 'NONE',  ( -0.000000000000000000, -1.000000000000000000, -0.000000000000000000 ) ) ;
#1433 = ORIENTED_EDGE ( 'NONE', *, *, #868, .F. ) ;
#1434 = AXIS2_PLACEMENT_3D ( 'NONE', #605, #272, #715 ) ;
#1435 = DIRECTION ( 'NONE',  ( 0.000000000000000000, 0.000000000000000000, -1.000000000000000000 ) ) ;
#1436 = FACE_OUTER_BOUND ( 'NONE', #1453, .T. ) ;
#1437 = DIRECTION ( 'NONE',  ( -0.000000000000000000, 0.000000000000000000, 1.000000000000000000 ) ) ;
#1438 = ORIENTED_EDGE ( 'NONE', *, *, #1302, .T. ) ;
#1439 = EDGE_CURVE ( 'NONE', #790, #452, #278, .T. ) ;
#1440 = EDGE_LOOP ( 'NONE', ( #323, #641, #1481, #1317 ) ) ;
#1441 = CARTESIAN_POINT ( 'NONE',  ( -65.00000000000000000, -3.000000000000000000, 63.00000000000000000 ) ) ;
#1442 = CARTESIAN_POINT ( 'NONE',  ( 39.99999999999999289, 0.000000000000000000, -40.00000000000000000 ) ) ;
#1443 = LINE ( 'NONE', #1119, #1277 ) ;
#1444 = ADVANCED_FACE ( 'NONE', ( #404 ), #286, .T. ) ;
#1445 = EDGE_CURVE ( 'NONE', #1028, #1022, #294, .T. ) ;
#1446 = VERTEX_POINT ( 'NONE', #745 ) ;
#1447 = AXIS2_PLACEMENT_3D ( 'NONE', #1376, #139, #697 ) ;
#1448 = LINE ( 'NONE', #416, #756 ) ;
#1449 = ORIENTED_EDGE ( 'NONE', *, *, #169, .F. ) ;
#1450 = AXIS2_PLACEMENT_3D ( 'NONE', #48, #140, #603 ) ;
#1451 = DIRECTION ( 'NONE',  ( 0.000000000000000000, 1.000000000000000000, 0.000000000000000000 ) ) ;
#1452 = DIRECTION ( 'NONE',  ( 0.000000000000000000, 0.000000000000000000, -1.000000000000000000 ) ) ;
#1453 = EDGE_LOOP ( 'NONE', ( #1245, #210, #1185, #1467 ) ) ;
#1454 = MECHANICAL_DESIGN_GEOMETRIC_PRESENTATION_REPRESENTATION (  '', ( #608 ), #1199 ) ;
#1455 = EDGE_LOOP ( 'NONE', ( #903, #724, #799, #1370 ) ) ;
#1456 = CARTESIAN_POINT ( 'NONE',  ( 0.000000000000000000, 5.000000000000000000, 0.000000000000000000 ) ) ;
#1457 = AXIS2_PLACEMENT_3D ( 'NONE', #704, #115, #922 ) ;
#1458 = DIRECTION ( 'NONE',  ( -0.000000000000000000, 1.000000000000000000, -0.000000000000000000 ) ) ;
#1459 = FACE_OUTER_BOUND ( 'NONE', #1483, .T. ) ;
#1460 = EDGE_CURVE ( 'NONE', #879, #148, #993, .T. ) ;
#1461 = ORIENTED_EDGE ( 'NONE', *, *, #199, .F. ) ;
#1462 = VERTEX_POINT ( 'NONE', #377 ) ;
#1463 = FACE_OUTER_BOUND ( 'NONE', #503, .T. ) ;
#1464 = DIRECTION ( 'NONE',  ( 0.000000000000000000, 0.000000000000000000, 1.000000000000000000 ) ) ;
#1465 = VERTEX_POINT ( 'NONE', #1203 ) ;
#1466 = DIRECTION ( 'NONE',  ( 0.000000000000000000, 0.000000000000000000, 1.000000000000000000 ) ) ;
#1467 = ORIENTED_EDGE ( 'NONE', *, *, #1487, .F. ) ;
#1468 = AXIS2_PLACEMENT_3D ( 'NONE', #30, #573, #126 ) ;
#1469 = AXIS2_PLACEMENT_3D ( 'NONE', #800, #904, #1161 ) ;
#1470 = VECTOR ( 'NONE', #884, 1000.000000000000000 ) ;
#1471 = FACE_OUTER_BOUND ( 'NONE', #1257, .T. ) ;
#1472 = DIRECTION ( 'NONE',  ( 1.000000000000000000, 0.000000000000000000, -0.000000000000000000 ) ) ;
#1473 = VERTEX_POINT ( 'NONE', #1088 ) ;
#1474 = DIRECTION ( 'NONE',  ( 0.000000000000000000, 0.000000000000000000, -1.000000000000000000 ) ) ;
#1475 = AXIS2_PLACEMENT_3D ( 'NONE', #26, #1301, #266 ) ;
#1476 = ORIENTED_EDGE ( 'NONE', *, *, #746, .T. ) ;
#1477 = EDGE_CURVE ( 'NONE', #669, #118, #453, .T. ) ;
#1478 = SURFACE_SIDE_STYLE ('',( #786 ) ) ;
#1479 = FACE_OUTER_BOUND ( 'NONE', #227, .T. ) ;
#1480 = VECTOR ( 'NONE', #1173, 1000.000000000000000 ) ;
#1481 = ORIENTED_EDGE ( 'NONE', *, *, #311, .T. ) ;
#1482 = DIRECTION ( 'NONE',  ( 0.000000000000000000, 0.000000000000000000, 1.000000000000000000 ) ) ;
#1483 = EDGE_LOOP ( 'NONE', ( #643, #1242 ) ) ;
#1484 = EDGE_CURVE ( 'NONE', #345, #657, #1297, .T. ) ;
#1485 = DIRECTION ( 'NONE',  ( -0.000000000000000000, 1.000000000000000000, -0.000000000000000000 ) ) ;
#1486 = DIRECTION ( 'NONE',  ( 0.000000000000000000, 1.000000000000000000, -0.000000000000000000 ) ) ;
#1487 = EDGE_CURVE ( 'NONE', #470, #663, #519, .T. ) ;
#1488 = VERTEX_POINT ( 'NONE', #1329 ) ;
#1489 = EDGE_CURVE ( 'NONE', #1412, #322, #1223, .T. ) ;
#1490 = DIRECTION ( 'NONE',  ( 0.000000000000000000, -0.000000000000000000, -1.000000000000000000 ) ) ;
#1491 = ORIENTED_EDGE ( 'NONE', *, *, #159, .F. ) ;
#1492 = VECTOR ( 'NONE', #1151, 1000.000000000000000 ) ;
#1493 = LINE ( 'NONE', #237, #1391 ) ;
ENDSEC;
END-ISO-10303-21;
