ISO-10303-21;
HEADER;
/* Generated by software containing ST-Developer
 * from STEP Tools, Inc. (www.steptools.com) 
 */
/* OPTION: using custom renumber hook */

FILE_DESCRIPTION(
/* description */ ('STEP AP242 Edition 2',
'CAx-IF Rec.Pracs.---Representation and Presentation of Product Manufa
cturing Information (PMI)---4.0---2014-10-13',
'CAx-IF Rec.Pracs.---3D Tessellated Geometry---0.4---2014-09-14','2;1',
'CAx-IF Rec.Pracs.---User Defined Attributes---1.5---2016-08-15'),
/* implementation_level */ '2;1');

FILE_NAME(
/* name */ 'Tray - Cake Base Tray',
/* time_stamp */ '2026-05-28T14:02:12Z',
/* author */ (''),
/* organization */ (''),
/* preprocessor_version */ 'ST-DEVELOPER v20',
/* originating_system */ 'ONSHAPE BY PTC INC, 1.215',
/* authorisation */ '  ');

FILE_SCHEMA (('AP242_MANAGED_MODEL_BASED_3D_ENGINEERING_MIM_LF { 1 0 10303 442 3 1 4 }'));
ENDSEC;

DATA;
#10=SHAPE_REPRESENTATION_RELATIONSHIP('','',#5165,#11);
#11=ADVANCED_BREP_SHAPE_REPRESENTATION('',(#5163),#9749);
#12=ELLIPSE('',#5391,0.00212132034355965,0.0015);
#13=ELLIPSE('',#5395,0.00212132034355965,0.0015);
#14=ELLIPSE('',#5417,0.00212132034355965,0.0015);
#15=ELLIPSE('',#5421,0.00212132034355965,0.0015);
#16=ELLIPSE('',#5443,0.00212132034355965,0.0015);
#17=ELLIPSE('',#5447,0.00212132034355965,0.0015);
#18=ELLIPSE('',#5469,0.00212132034355965,0.0015);
#19=ELLIPSE('',#5473,0.00212132034355965,0.0015);
#20=ELLIPSE('',#5495,0.00212132034355965,0.0015);
#21=ELLIPSE('',#5499,0.00212132034355965,0.0015);
#22=ELLIPSE('',#5521,0.00212132034355965,0.0015);
#23=ELLIPSE('',#5525,0.00212132034355965,0.0015);
#24=ELLIPSE('',#5547,0.00212132034355965,0.0015);
#25=ELLIPSE('',#5551,0.00212132034355965,0.0015);
#26=ELLIPSE('',#5573,0.00212132034355965,0.0015);
#27=ELLIPSE('',#5577,0.00212132034355965,0.0015);
#28=ELLIPSE('',#5599,0.00212132034355965,0.0015);
#29=ELLIPSE('',#5603,0.00212132034355965,0.0015);
#30=(
BOUNDED_SURFACE()
B_SPLINE_SURFACE(3,2,((#7789,#7790,#7791),(#7792,#7793,#7794),(#7795,#7796,
#7797),(#7798,#7799,#7800)),.UNSPECIFIED.,.F.,.F.,.F.)
B_SPLINE_SURFACE_WITH_KNOTS((4,4),(3,3),(0.0211492916055355,0.0268845364180336),
(0.,1.),.PIECEWISE_BEZIER_KNOTS.)
GEOMETRIC_REPRESENTATION_ITEM()
RATIONAL_B_SPLINE_SURFACE(((1.,0.690212500306193,1.),(1.,0.689184621972879,
1.),(1.,0.687978591387832,1.),(1.,0.686441341394232,1.)))
REPRESENTATION_ITEM('')
SURFACE()
);
#31=(
BOUNDED_SURFACE()
B_SPLINE_SURFACE(3,2,((#7813,#7814,#7815),(#7816,#7817,#7818),(#7819,#7820,
#7821),(#7822,#7823,#7824)),.UNSPECIFIED.,.F.,.F.,.F.)
B_SPLINE_SURFACE_WITH_KNOTS((4,4),(3,3),(0.0211492916055356,0.0268845364180336),
(0.,1.),.PIECEWISE_BEZIER_KNOTS.)
GEOMETRIC_REPRESENTATION_ITEM()
RATIONAL_B_SPLINE_SURFACE(((1.,0.690212500306196,1.),(1.,0.689184621968319,
1.),(1.,0.687978591381252,1.),(1.,0.686441341394232,1.)))
REPRESENTATION_ITEM('')
SURFACE()
);
#32=(
BOUNDED_SURFACE()
B_SPLINE_SURFACE(3,2,((#7837,#7838,#7839),(#7840,#7841,#7842),(#7843,#7844,
#7845),(#7846,#7847,#7848)),.UNSPECIFIED.,.F.,.F.,.F.)
B_SPLINE_SURFACE_WITH_KNOTS((4,4),(3,3),(0.0211492916055481,0.0268845364180335),
(0.,1.),.PIECEWISE_BEZIER_KNOTS.)
GEOMETRIC_REPRESENTATION_ITEM()
RATIONAL_B_SPLINE_SURFACE(((1.,0.690212500306189,1.),(1.,0.689184621962902,
1.),(1.,0.687978591374991,1.),(1.,0.686441341394235,1.)))
REPRESENTATION_ITEM('')
SURFACE()
);
#33=(
BOUNDED_SURFACE()
B_SPLINE_SURFACE(3,2,((#7863,#7864,#7865),(#7866,#7867,#7868),(#7869,#7870,
#7871),(#7872,#7873,#7874)),.UNSPECIFIED.,.F.,.F.,.F.)
B_SPLINE_SURFACE_WITH_KNOTS((4,4),(3,3),(0.0211492916055481,0.0268845364180335),
(0.,1.),.PIECEWISE_BEZIER_KNOTS.)
GEOMETRIC_REPRESENTATION_ITEM()
RATIONAL_B_SPLINE_SURFACE(((1.,0.690212500306187,1.),(1.,0.689184621976271,
1.),(1.,0.687978591387195,1.),(1.,0.686441341394235,1.)))
REPRESENTATION_ITEM('')
SURFACE()
);
#34=(
BOUNDED_SURFACE()
B_SPLINE_SURFACE(3,2,((#8011,#8012,#8013),(#8014,#8015,#8016),(#8017,#8018,
#8019),(#8020,#8021,#8022)),.UNSPECIFIED.,.F.,.F.,.F.)
B_SPLINE_SURFACE_WITH_KNOTS((4,4),(3,3),(0.0211492916055355,0.0268845364180336),
(0.,1.),.PIECEWISE_BEZIER_KNOTS.)
GEOMETRIC_REPRESENTATION_ITEM()
RATIONAL_B_SPLINE_SURFACE(((1.,0.690212500306195,1.),(1.,0.689184621968423,
1.),(1.,0.687978591382739,1.),(1.,0.686441341394233,1.)))
REPRESENTATION_ITEM('')
SURFACE()
);
#35=(
BOUNDED_SURFACE()
B_SPLINE_SURFACE(3,2,((#8035,#8036,#8037),(#8038,#8039,#8040),(#8041,#8042,
#8043),(#8044,#8045,#8046)),.UNSPECIFIED.,.F.,.F.,.F.)
B_SPLINE_SURFACE_WITH_KNOTS((4,4),(3,3),(0.0211492916055356,0.0268845364180336),
(0.,1.),.PIECEWISE_BEZIER_KNOTS.)
GEOMETRIC_REPRESENTATION_ITEM()
RATIONAL_B_SPLINE_SURFACE(((1.,0.690212500306197,1.),(1.,0.689184621966091,
1.),(1.,0.687978591381252,1.),(1.,0.686441341394232,1.)))
REPRESENTATION_ITEM('')
SURFACE()
);
#36=(
BOUNDED_SURFACE()
B_SPLINE_SURFACE(3,2,((#8059,#8060,#8061),(#8062,#8063,#8064),(#8065,#8066,
#8067),(#8068,#8069,#8070)),.UNSPECIFIED.,.F.,.F.,.F.)
B_SPLINE_SURFACE_WITH_KNOTS((4,4),(3,3),(0.0211492916055481,0.0268845364180335),
(0.,1.),.PIECEWISE_BEZIER_KNOTS.)
GEOMETRIC_REPRESENTATION_ITEM()
RATIONAL_B_SPLINE_SURFACE(((1.,0.690212500306188,1.),(1.,0.689184621970435,
1.),(1.,0.687978591383479,1.),(1.,0.686441341394233,1.)))
REPRESENTATION_ITEM('')
SURFACE()
);
#37=(
BOUNDED_SURFACE()
B_SPLINE_SURFACE(3,2,((#8085,#8086,#8087),(#8088,#8089,#8090),(#8091,#8092,
#8093),(#8094,#8095,#8096)),.UNSPECIFIED.,.F.,.F.,.F.)
B_SPLINE_SURFACE_WITH_KNOTS((4,4),(3,3),(0.0211492916055481,0.0268845364180335),
(0.,1.),.PIECEWISE_BEZIER_KNOTS.)
GEOMETRIC_REPRESENTATION_ITEM()
RATIONAL_B_SPLINE_SURFACE(((1.,0.690212500306186,1.),(1.,0.689184621971071,
1.),(1.,0.687978591386026,1.),(1.,0.686441341394233,1.)))
REPRESENTATION_ITEM('')
SURFACE()
);
#38=(
BOUNDED_SURFACE()
B_SPLINE_SURFACE(3,2,((#8233,#8234,#8235),(#8236,#8237,#8238),(#8239,#8240,
#8241),(#8242,#8243,#8244)),.UNSPECIFIED.,.F.,.F.,.F.)
B_SPLINE_SURFACE_WITH_KNOTS((4,4),(3,3),(0.0211492916055355,0.0268845364180336),
(0.,1.),.PIECEWISE_BEZIER_KNOTS.)
GEOMETRIC_REPRESENTATION_ITEM()
RATIONAL_B_SPLINE_SURFACE(((1.,0.690212500306194,1.),(1.,0.689184621966089,
1.),(1.,0.687978591378601,1.),(1.,0.686441341394234,1.)))
REPRESENTATION_ITEM('')
SURFACE()
);
#39=(
BOUNDED_SURFACE()
B_SPLINE_SURFACE(3,2,((#8257,#8258,#8259),(#8260,#8261,#8262),(#8263,#8264,
#8265),(#8266,#8267,#8268)),.UNSPECIFIED.,.F.,.F.,.F.)
B_SPLINE_SURFACE_WITH_KNOTS((4,4),(3,3),(0.0211492916055356,0.0268845364180336),
(0.,1.),.PIECEWISE_BEZIER_KNOTS.)
GEOMETRIC_REPRESENTATION_ITEM()
RATIONAL_B_SPLINE_SURFACE(((1.,0.690212500306197,1.),(1.,0.689184621967046,
1.),(1.,0.68797859138104,1.),(1.,0.686441341394232,1.)))
REPRESENTATION_ITEM('')
SURFACE()
);
#40=(
BOUNDED_SURFACE()
B_SPLINE_SURFACE(3,2,((#8281,#8282,#8283),(#8284,#8285,#8286),(#8287,#8288,
#8289),(#8290,#8291,#8292)),.UNSPECIFIED.,.F.,.F.,.F.)
B_SPLINE_SURFACE_WITH_KNOTS((4,4),(3,3),(0.0211492916055481,0.0268845364180335),
(0.,1.),.PIECEWISE_BEZIER_KNOTS.)
GEOMETRIC_REPRESENTATION_ITEM()
RATIONAL_B_SPLINE_SURFACE(((1.,0.690212500306189,1.),(1.,0.689184621968951,
1.),(1.,0.687978591384222,1.),(1.,0.686441341394234,1.)))
REPRESENTATION_ITEM('')
SURFACE()
);
#41=(
BOUNDED_SURFACE()
B_SPLINE_SURFACE(3,2,((#8307,#8308,#8309),(#8310,#8311,#8312),(#8313,#8314,
#8315),(#8316,#8317,#8318)),.UNSPECIFIED.,.F.,.F.,.F.)
B_SPLINE_SURFACE_WITH_KNOTS((4,4),(3,3),(0.0211492916055481,0.0268845364180335),
(0.,1.),.PIECEWISE_BEZIER_KNOTS.)
GEOMETRIC_REPRESENTATION_ITEM()
RATIONAL_B_SPLINE_SURFACE(((1.,0.690212500306188,1.),(1.,0.689184621965554,
1.),(1.,0.687978591386238,1.),(1.,0.686441341394234,1.)))
REPRESENTATION_ITEM('')
SURFACE()
);
#42=(
BOUNDED_SURFACE()
B_SPLINE_SURFACE(3,2,((#8455,#8456,#8457),(#8458,#8459,#8460),(#8461,#8462,
#8463),(#8464,#8465,#8466)),.UNSPECIFIED.,.F.,.F.,.F.)
B_SPLINE_SURFACE_WITH_KNOTS((4,4),(3,3),(0.0211492916055356,0.0268845364180336),
(0.,1.),.PIECEWISE_BEZIER_KNOTS.)
GEOMETRIC_REPRESENTATION_ITEM()
RATIONAL_B_SPLINE_SURFACE(((1.,0.690212500306196,1.),(1.,0.68918462196418,
1.),(1.,0.687978591384225,1.),(1.,0.686441341394233,1.)))
REPRESENTATION_ITEM('')
SURFACE()
);
#43=(
BOUNDED_SURFACE()
B_SPLINE_SURFACE(3,2,((#8479,#8480,#8481),(#8482,#8483,#8484),(#8485,#8486,
#8487),(#8488,#8489,#8490)),.UNSPECIFIED.,.F.,.F.,.F.)
B_SPLINE_SURFACE_WITH_KNOTS((4,4),(3,3),(0.0211492916055356,0.0268845364180336),
(0.,1.),.PIECEWISE_BEZIER_KNOTS.)
GEOMETRIC_REPRESENTATION_ITEM()
RATIONAL_B_SPLINE_SURFACE(((1.,0.690212500306195,1.),(1.,0.689184621969592,
1.),(1.,0.687978591383695,1.),(1.,0.686441341394234,1.)))
REPRESENTATION_ITEM('')
SURFACE()
);
#44=(
BOUNDED_SURFACE()
B_SPLINE_SURFACE(3,2,((#8503,#8504,#8505),(#8506,#8507,#8508),(#8509,#8510,
#8511),(#8512,#8513,#8514)),.UNSPECIFIED.,.F.,.F.,.F.)
B_SPLINE_SURFACE_WITH_KNOTS((4,4),(3,3),(0.0211492916055482,0.0268845364180335),
(0.,1.),.PIECEWISE_BEZIER_KNOTS.)
GEOMETRIC_REPRESENTATION_ITEM()
RATIONAL_B_SPLINE_SURFACE(((1.,0.690212500306188,1.),(1.,0.689184621967358,
1.),(1.,0.687978591374991,1.),(1.,0.686441341394235,1.)))
REPRESENTATION_ITEM('')
SURFACE()
);
#45=(
BOUNDED_SURFACE()
B_SPLINE_SURFACE(3,2,((#8529,#8530,#8531),(#8532,#8533,#8534),(#8535,#8536,
#8537),(#8538,#8539,#8540)),.UNSPECIFIED.,.F.,.F.,.F.)
B_SPLINE_SURFACE_WITH_KNOTS((4,4),(3,3),(0.0211492916055481,0.0268845364180335),
(0.,1.),.PIECEWISE_BEZIER_KNOTS.)
GEOMETRIC_REPRESENTATION_ITEM()
RATIONAL_B_SPLINE_SURFACE(((1.,0.690212500306189,1.),(1.,0.689184621968845,
1.),(1.,0.687978591383479,1.),(1.,0.686441341394234,1.)))
REPRESENTATION_ITEM('')
SURFACE()
);
#46=(
BOUNDED_SURFACE()
B_SPLINE_SURFACE(3,2,((#8677,#8678,#8679),(#8680,#8681,#8682),(#8683,#8684,
#8685),(#8686,#8687,#8688)),.UNSPECIFIED.,.F.,.F.,.F.)
B_SPLINE_SURFACE_WITH_KNOTS((4,4),(3,3),(0.0211492916055356,0.0268845364180336),
(0.,1.),.PIECEWISE_BEZIER_KNOTS.)
GEOMETRIC_REPRESENTATION_ITEM()
RATIONAL_B_SPLINE_SURFACE(((1.,0.690212500306196,1.),(1.,0.689184621969804,
1.),(1.,0.687978591383058,1.),(1.,0.686441341394234,1.)))
REPRESENTATION_ITEM('')
SURFACE()
);
#47=(
BOUNDED_SURFACE()
B_SPLINE_SURFACE(3,2,((#8701,#8702,#8703),(#8704,#8705,#8706),(#8707,#8708,
#8709),(#8710,#8711,#8712)),.UNSPECIFIED.,.F.,.F.,.F.)
B_SPLINE_SURFACE_WITH_KNOTS((4,4),(3,3),(0.0211492916055356,0.0268845364180336),
(0.,1.),.PIECEWISE_BEZIER_KNOTS.)
GEOMETRIC_REPRESENTATION_ITEM()
RATIONAL_B_SPLINE_SURFACE(((1.,0.690212500306196,1.),(1.,0.689184621965771,
1.),(1.,0.687978591383695,1.),(1.,0.686441341394234,1.)))
REPRESENTATION_ITEM('')
SURFACE()
);
#48=(
BOUNDED_SURFACE()
B_SPLINE_SURFACE(3,2,((#8725,#8726,#8727),(#8728,#8729,#8730),(#8731,#8732,
#8733),(#8734,#8735,#8736)),.UNSPECIFIED.,.F.,.F.,.F.)
B_SPLINE_SURFACE_WITH_KNOTS((4,4),(3,3),(0.0211492916055481,0.0268845364180335),
(0.,1.),.PIECEWISE_BEZIER_KNOTS.)
GEOMETRIC_REPRESENTATION_ITEM()
RATIONAL_B_SPLINE_SURFACE(((1.,0.690212500306189,1.),(1.,0.689184621969587,
1.),(1.,0.687978591382949,1.),(1.,0.686441341394234,1.)))
REPRESENTATION_ITEM('')
SURFACE()
);
#49=(
BOUNDED_SURFACE()
B_SPLINE_SURFACE(3,2,((#8751,#8752,#8753),(#8754,#8755,#8756),(#8757,#8758,
#8759),(#8760,#8761,#8762)),.UNSPECIFIED.,.F.,.F.,.F.)
B_SPLINE_SURFACE_WITH_KNOTS((4,4),(3,3),(0.0211492916055481,0.0268845364180335),
(0.,1.),.PIECEWISE_BEZIER_KNOTS.)
GEOMETRIC_REPRESENTATION_ITEM()
RATIONAL_B_SPLINE_SURFACE(((1.,0.690212500306189,1.),(1.,0.689184621965767,
1.),(1.,0.687978591383267,1.),(1.,0.686441341394233,1.)))
REPRESENTATION_ITEM('')
SURFACE()
);
#50=(
BOUNDED_SURFACE()
B_SPLINE_SURFACE(3,2,((#8899,#8900,#8901),(#8902,#8903,#8904),(#8905,#8906,
#8907),(#8908,#8909,#8910)),.UNSPECIFIED.,.F.,.F.,.F.)
B_SPLINE_SURFACE_WITH_KNOTS((4,4),(3,3),(0.0211492916055356,0.0268845364180336),
(0.,1.),.PIECEWISE_BEZIER_KNOTS.)
GEOMETRIC_REPRESENTATION_ITEM()
RATIONAL_B_SPLINE_SURFACE(((1.,0.690212500306196,1.),(1.,0.689184621962588,
1.),(1.,0.687978591380192,1.),(1.,0.686441341394233,1.)))
REPRESENTATION_ITEM('')
SURFACE()
);
#51=(
BOUNDED_SURFACE()
B_SPLINE_SURFACE(3,2,((#8923,#8924,#8925),(#8926,#8927,#8928),(#8929,#8930,
#8931),(#8932,#8933,#8934)),.UNSPECIFIED.,.F.,.F.,.F.)
B_SPLINE_SURFACE_WITH_KNOTS((4,4),(3,3),(0.0211492916055356,0.0268845364180336),
(0.,1.),.PIECEWISE_BEZIER_KNOTS.)
GEOMETRIC_REPRESENTATION_ITEM()
RATIONAL_B_SPLINE_SURFACE(((1.,0.690212500306196,1.),(1.,0.689184621968531,
1.),(1.,0.687978591383165,1.),(1.,0.686441341394234,1.)))
REPRESENTATION_ITEM('')
SURFACE()
);
#52=(
BOUNDED_SURFACE()
B_SPLINE_SURFACE(3,2,((#8947,#8948,#8949),(#8950,#8951,#8952),(#8953,#8954,
#8955),(#8956,#8957,#8958)),.UNSPECIFIED.,.F.,.F.,.F.)
B_SPLINE_SURFACE_WITH_KNOTS((4,4),(3,3),(0.0211492916055481,0.0268845364180335),
(0.,1.),.PIECEWISE_BEZIER_KNOTS.)
GEOMETRIC_REPRESENTATION_ITEM()
RATIONAL_B_SPLINE_SURFACE(((1.,0.690212500306189,1.),(1.,0.689184621972665,
1.),(1.,0.687978591384222,1.),(1.,0.686441341394233,1.)))
REPRESENTATION_ITEM('')
SURFACE()
);
#53=(
BOUNDED_SURFACE()
B_SPLINE_SURFACE(3,2,((#8973,#8974,#8975),(#8976,#8977,#8978),(#8979,#8980,
#8981),(#8982,#8983,#8984)),.UNSPECIFIED.,.F.,.F.,.F.)
B_SPLINE_SURFACE_WITH_KNOTS((4,4),(3,3),(0.0211492916055481,0.0268845364180335),
(0.,1.),.PIECEWISE_BEZIER_KNOTS.)
GEOMETRIC_REPRESENTATION_ITEM()
RATIONAL_B_SPLINE_SURFACE(((1.,0.690212500306189,1.),(1.,0.689184621967252,
1.),(1.,0.687978591383161,1.),(1.,0.686441341394234,1.)))
REPRESENTATION_ITEM('')
SURFACE()
);
#54=(
BOUNDED_SURFACE()
B_SPLINE_SURFACE(3,2,((#9121,#9122,#9123),(#9124,#9125,#9126),(#9127,#9128,
#9129),(#9130,#9131,#9132)),.UNSPECIFIED.,.F.,.F.,.F.)
B_SPLINE_SURFACE_WITH_KNOTS((4,4),(3,3),(0.0211492916055356,0.0268845364180336),
(0.,1.),.PIECEWISE_BEZIER_KNOTS.)
GEOMETRIC_REPRESENTATION_ITEM()
RATIONAL_B_SPLINE_SURFACE(((1.,0.690212500306194,1.),(1.,0.68918462197288,
1.),(1.,0.687978591390168,1.),(1.,0.686441341394233,1.)))
REPRESENTATION_ITEM('')
SURFACE()
);
#55=(
BOUNDED_SURFACE()
B_SPLINE_SURFACE(3,2,((#9145,#9146,#9147),(#9148,#9149,#9150),(#9151,#9152,
#9153),(#9154,#9155,#9156)),.UNSPECIFIED.,.F.,.F.,.F.)
B_SPLINE_SURFACE_WITH_KNOTS((4,4),(3,3),(0.0211492916055356,0.0268845364180336),
(0.,1.),.PIECEWISE_BEZIER_KNOTS.)
GEOMETRIC_REPRESENTATION_ITEM()
RATIONAL_B_SPLINE_SURFACE(((1.,0.690212500306193,1.),(1.,0.689184621976381,
1.),(1.,0.687978591387411,1.),(1.,0.686441341394235,1.)))
REPRESENTATION_ITEM('')
SURFACE()
);
#56=(
BOUNDED_SURFACE()
B_SPLINE_SURFACE(3,2,((#9169,#9170,#9171),(#9172,#9173,#9174),(#9175,#9176,
#9177),(#9178,#9179,#9180)),.UNSPECIFIED.,.F.,.F.,.F.)
B_SPLINE_SURFACE_WITH_KNOTS((4,4),(3,3),(0.0211492916055481,0.0268845364180335),
(0.,1.),.PIECEWISE_BEZIER_KNOTS.)
GEOMETRIC_REPRESENTATION_ITEM()
RATIONAL_B_SPLINE_SURFACE(((1.,0.690212500306188,1.),(1.,0.689184621964917,
1.),(1.,0.687978591379021,1.),(1.,0.686441341394232,1.)))
REPRESENTATION_ITEM('')
SURFACE()
);
#57=(
BOUNDED_SURFACE()
B_SPLINE_SURFACE(3,2,((#9195,#9196,#9197),(#9198,#9199,#9200),(#9201,#9202,
#9203),(#9204,#9205,#9206)),.UNSPECIFIED.,.F.,.F.,.F.)
B_SPLINE_SURFACE_WITH_KNOTS((4,4),(3,3),(0.0211492916055481,0.0268845364180335),
(0.,1.),.PIECEWISE_BEZIER_KNOTS.)
GEOMETRIC_REPRESENTATION_ITEM()
RATIONAL_B_SPLINE_SURFACE(((1.,0.690212500306191,1.),(1.,0.689184621966193,
1.),(1.,0.687978591380082,1.),(1.,0.686441341394232,1.)))
REPRESENTATION_ITEM('')
SURFACE()
);
#58=(
BOUNDED_SURFACE()
B_SPLINE_SURFACE(3,2,((#9343,#9344,#9345),(#9346,#9347,#9348),(#9349,#9350,
#9351),(#9352,#9353,#9354)),.UNSPECIFIED.,.F.,.F.,.F.)
B_SPLINE_SURFACE_WITH_KNOTS((4,4),(3,3),(0.0211492916055356,0.0268845364180336),
(0.,1.),.PIECEWISE_BEZIER_KNOTS.)
GEOMETRIC_REPRESENTATION_ITEM()
RATIONAL_B_SPLINE_SURFACE(((1.,0.690212500306196,1.),(1.,0.689184621965772,
1.),(1.,0.687978591383801,1.),(1.,0.686441341394234,1.)))
REPRESENTATION_ITEM('')
SURFACE()
);
#59=(
BOUNDED_SURFACE()
B_SPLINE_SURFACE(3,2,((#9367,#9368,#9369),(#9370,#9371,#9372),(#9373,#9374,
#9375),(#9376,#9377,#9378)),.UNSPECIFIED.,.F.,.F.,.F.)
B_SPLINE_SURFACE_WITH_KNOTS((4,4),(3,3),(0.0211492916055356,0.0268845364180336),
(0.,1.),.PIECEWISE_BEZIER_KNOTS.)
GEOMETRIC_REPRESENTATION_ITEM()
RATIONAL_B_SPLINE_SURFACE(((1.,0.690212500306193,1.),(1.,0.689184621976275,
1.),(1.,0.687978591387516,1.),(1.,0.686441341394235,1.)))
REPRESENTATION_ITEM('')
SURFACE()
);
#60=(
BOUNDED_SURFACE()
B_SPLINE_SURFACE(3,2,((#9391,#9392,#9393),(#9394,#9395,#9396),(#9397,#9398,
#9399),(#9400,#9401,#9402)),.UNSPECIFIED.,.F.,.F.,.F.)
B_SPLINE_SURFACE_WITH_KNOTS((4,4),(3,3),(0.0211492916055481,0.0268845364180335),
(0.,1.),.PIECEWISE_BEZIER_KNOTS.)
GEOMETRIC_REPRESENTATION_ITEM()
RATIONAL_B_SPLINE_SURFACE(((1.,0.690212500306188,1.),(1.,0.689184621969162,
1.),(1.,0.687978591382947,1.),(1.,0.686441341394233,1.)))
REPRESENTATION_ITEM('')
SURFACE()
);
#61=(
BOUNDED_SURFACE()
B_SPLINE_SURFACE(3,2,((#9417,#9418,#9419),(#9420,#9421,#9422),(#9423,#9424,
#9425),(#9426,#9427,#9428)),.UNSPECIFIED.,.F.,.F.,.F.)
B_SPLINE_SURFACE_WITH_KNOTS((4,4),(3,3),(0.0211492916055481,0.0268845364180335),
(0.,1.),.PIECEWISE_BEZIER_KNOTS.)
GEOMETRIC_REPRESENTATION_ITEM()
RATIONAL_B_SPLINE_SURFACE(((1.,0.690212500306191,1.),(1.,0.689184621961949,
1.),(1.,0.687978591387934,1.),(1.,0.686441341394231,1.)))
REPRESENTATION_ITEM('')
SURFACE()
);
#62=(
BOUNDED_SURFACE()
B_SPLINE_SURFACE(3,2,((#9565,#9566,#9567),(#9568,#9569,#9570),(#9571,#9572,
#9573),(#9574,#9575,#9576)),.UNSPECIFIED.,.F.,.F.,.F.)
B_SPLINE_SURFACE_WITH_KNOTS((4,4),(3,3),(0.0211492916055356,0.0268845364180336),
(0.,1.),.PIECEWISE_BEZIER_KNOTS.)
GEOMETRIC_REPRESENTATION_ITEM()
RATIONAL_B_SPLINE_SURFACE(((1.,0.690212500306196,1.),(1.,0.689184621962694,
1.),(1.,0.687978591385711,1.),(1.,0.686441341394233,1.)))
REPRESENTATION_ITEM('')
SURFACE()
);
#63=(
BOUNDED_SURFACE()
B_SPLINE_SURFACE(3,2,((#9589,#9590,#9591),(#9592,#9593,#9594),(#9595,#9596,
#9597),(#9598,#9599,#9600)),.UNSPECIFIED.,.F.,.F.,.F.)
B_SPLINE_SURFACE_WITH_KNOTS((4,4),(3,3),(0.0211492916055356,0.0268845364180336),
(0.,1.),.PIECEWISE_BEZIER_KNOTS.)
GEOMETRIC_REPRESENTATION_ITEM()
RATIONAL_B_SPLINE_SURFACE(((1.,0.690212500306194,1.),(1.,0.689184621969378,
1.),(1.,0.687978591384438,1.),(1.,0.686441341394234,1.)))
REPRESENTATION_ITEM('')
SURFACE()
);
#64=(
BOUNDED_SURFACE()
B_SPLINE_SURFACE(3,2,((#9613,#9614,#9615),(#9616,#9617,#9618),(#9619,#9620,
#9621),(#9622,#9623,#9624)),.UNSPECIFIED.,.F.,.F.,.F.)
B_SPLINE_SURFACE_WITH_KNOTS((4,4),(3,3),(0.0211492916055481,0.0268845364180335),
(0.,1.),.PIECEWISE_BEZIER_KNOTS.)
GEOMETRIC_REPRESENTATION_ITEM()
RATIONAL_B_SPLINE_SURFACE(((1.,0.690212500306188,1.),(1.,0.689184621965129,
1.),(1.,0.687978591383158,1.),(1.,0.686441341394231,1.)))
REPRESENTATION_ITEM('')
SURFACE()
);
#65=(
BOUNDED_SURFACE()
B_SPLINE_SURFACE(3,2,((#9639,#9640,#9641),(#9642,#9643,#9644),(#9645,#9646,
#9647),(#9648,#9649,#9650)),.UNSPECIFIED.,.F.,.F.,.F.)
B_SPLINE_SURFACE_WITH_KNOTS((4,4),(3,3),(0.0211492916055481,0.0268845364180335),
(0.,1.),.PIECEWISE_BEZIER_KNOTS.)
GEOMETRIC_REPRESENTATION_ITEM()
RATIONAL_B_SPLINE_SURFACE(((1.,0.690212500306189,1.),(1.,0.689184621968102,
1.),(1.,0.687978591381249,1.),(1.,0.686441341394232,1.)))
REPRESENTATION_ITEM('')
SURFACE()
);
#66=CONICAL_SURFACE('',#5383,0.0235,0.785398163397448);
#67=CONICAL_SURFACE('',#5384,0.0195,0.785398163397448);
#68=CONICAL_SURFACE('',#5409,0.0235,0.785398163397448);
#69=CONICAL_SURFACE('',#5410,0.0195,0.785398163397448);
#70=CONICAL_SURFACE('',#5435,0.0235,0.785398163397448);
#71=CONICAL_SURFACE('',#5436,0.0195,0.785398163397449);
#72=CONICAL_SURFACE('',#5461,0.0235,0.785398163397448);
#73=CONICAL_SURFACE('',#5462,0.0195,0.785398163397448);
#74=CONICAL_SURFACE('',#5487,0.0235,0.785398163397448);
#75=CONICAL_SURFACE('',#5488,0.0195,0.785398163397448);
#76=CONICAL_SURFACE('',#5513,0.0235,0.785398163397448);
#77=CONICAL_SURFACE('',#5514,0.0195,0.785398163397449);
#78=CONICAL_SURFACE('',#5539,0.0235,0.785398163397448);
#79=CONICAL_SURFACE('',#5540,0.0195,0.785398163397447);
#80=CONICAL_SURFACE('',#5565,0.0235,0.785398163397448);
#81=CONICAL_SURFACE('',#5566,0.0195,0.785398163397449);
#82=CONICAL_SURFACE('',#5591,0.0235,0.785398163397448);
#83=CONICAL_SURFACE('',#5592,0.0195,0.785398163397448);
#84=CONICAL_SURFACE('',#5611,0.0076,0.785398163397438);
#85=CONICAL_SURFACE('',#5614,0.0076,0.785398163397455);
#86=CONICAL_SURFACE('',#5617,0.0076,0.785398163397436);
#87=CONICAL_SURFACE('',#5620,0.0076,0.785398163397454);
#88=CONICAL_SURFACE('',#5661,0.003075,0.785398163397457);
#89=CONICAL_SURFACE('',#5662,0.003075,0.785398163397457);
#90=CONICAL_SURFACE('',#5663,0.003075,0.785398163397457);
#91=CONICAL_SURFACE('',#5664,0.003075,0.785398163397457);
#92=CONICAL_SURFACE('',#5665,0.003075,0.785398163397457);
#93=B_SPLINE_CURVE_WITH_KNOTS('',3,(#7331,#7332,#7333,#7334,#7335),
 .UNSPECIFIED.,.F.,.F.,(4,1,4),(0.,0.00117261167519612,0.00234522335039223),
 .UNSPECIFIED.);
#94=B_SPLINE_CURVE_WITH_KNOTS('',3,(#7340,#7341,#7342,#7343),
 .UNSPECIFIED.,.F.,.F.,(4,4),(0.,0.000125585530671646),.UNSPECIFIED.);
#95=B_SPLINE_CURVE_WITH_KNOTS('',3,(#7347,#7348,#7349,#7350),
 .UNSPECIFIED.,.F.,.F.,(4,4),(0.,0.000125585530671706),.UNSPECIFIED.);
#96=B_SPLINE_CURVE_WITH_KNOTS('',3,(#7355,#7356,#7357,#7358,#7359),
 .UNSPECIFIED.,.F.,.F.,(4,1,4),(0.,0.00117259956023688,0.00234519912047376),
 .UNSPECIFIED.);
#97=B_SPLINE_CURVE_WITH_KNOTS('',3,(#7367,#7368,#7369,#7370,#7371),
 .UNSPECIFIED.,.F.,.F.,(4,1,4),(0.,0.00117261167519611,0.00234522335039222),
 .UNSPECIFIED.);
#98=B_SPLINE_CURVE_WITH_KNOTS('',3,(#7376,#7377,#7378,#7379),
 .UNSPECIFIED.,.F.,.F.,(4,4),(0.,0.000125585530671645),.UNSPECIFIED.);
#99=B_SPLINE_CURVE_WITH_KNOTS('',3,(#7383,#7384,#7385,#7386),
 .UNSPECIFIED.,.F.,.F.,(4,4),(0.,0.000125585530671678),.UNSPECIFIED.);
#100=B_SPLINE_CURVE_WITH_KNOTS('',3,(#7391,#7392,#7393,#7394,#7395),
 .UNSPECIFIED.,.F.,.F.,(4,1,4),(0.,0.00117259956023688,0.00234519912047376),
 .UNSPECIFIED.);
#101=B_SPLINE_CURVE_WITH_KNOTS('',3,(#7407,#7408,#7409,#7410,#7411),
 .UNSPECIFIED.,.F.,.F.,(4,1,4),(0.,0.00117261167519612,0.00234522335039223),
 .UNSPECIFIED.);
#102=B_SPLINE_CURVE_WITH_KNOTS('',3,(#7416,#7417,#7418,#7419),
 .UNSPECIFIED.,.F.,.F.,(4,4),(0.,0.000125585530671647),.UNSPECIFIED.);
#103=B_SPLINE_CURVE_WITH_KNOTS('',3,(#7423,#7424,#7425,#7426),
 .UNSPECIFIED.,.F.,.F.,(4,4),(0.,0.000125585530671611),.UNSPECIFIED.);
#104=B_SPLINE_CURVE_WITH_KNOTS('',3,(#7431,#7432,#7433,#7434,#7435),
 .UNSPECIFIED.,.F.,.F.,(4,1,4),(0.,0.00117259956023688,0.00234519912047375),
 .UNSPECIFIED.);
#105=B_SPLINE_CURVE_WITH_KNOTS('',3,(#7443,#7444,#7445,#7446,#7447),
 .UNSPECIFIED.,.F.,.F.,(4,1,4),(0.,0.00117261167519611,0.00234522335039222),
 .UNSPECIFIED.);
#106=B_SPLINE_CURVE_WITH_KNOTS('',3,(#7452,#7453,#7454,#7455),
 .UNSPECIFIED.,.F.,.F.,(4,4),(0.,0.00012558553067168),.UNSPECIFIED.);
#107=B_SPLINE_CURVE_WITH_KNOTS('',3,(#7459,#7460,#7461,#7462),
 .UNSPECIFIED.,.F.,.F.,(4,4),(7.75791922889773E-18,0.000125585530671611),
 .UNSPECIFIED.);
#108=B_SPLINE_CURVE_WITH_KNOTS('',3,(#7467,#7468,#7469,#7470,#7471),
 .UNSPECIFIED.,.F.,.F.,(4,1,4),(0.,0.00117259956023685,0.0023451991204737),
 .UNSPECIFIED.);
#109=B_SPLINE_CURVE_WITH_KNOTS('',3,(#7479,#7480,#7481,#7482,#7483),
 .UNSPECIFIED.,.F.,.F.,(4,1,4),(0.,0.00117261167519611,0.00234522335039222),
 .UNSPECIFIED.);
#110=B_SPLINE_CURVE_WITH_KNOTS('',3,(#7488,#7489,#7490,#7491),
 .UNSPECIFIED.,.F.,.F.,(4,4),(0.,0.000125585530671646),.UNSPECIFIED.);
#111=B_SPLINE_CURVE_WITH_KNOTS('',3,(#7495,#7496,#7497,#7498),
 .UNSPECIFIED.,.F.,.F.,(4,4),(0.,0.000125585530671697),.UNSPECIFIED.);
#112=B_SPLINE_CURVE_WITH_KNOTS('',3,(#7503,#7504,#7505,#7506,#7507),
 .UNSPECIFIED.,.F.,.F.,(4,1,4),(0.,0.00117259956023688,0.00234519912047375),
 .UNSPECIFIED.);
#113=B_SPLINE_CURVE_WITH_KNOTS('',3,(#7521,#7522,#7523,#7524,#7525),
 .UNSPECIFIED.,.F.,.F.,(4,1,4),(0.,0.00117261167519611,0.00234522335039222),
 .UNSPECIFIED.);
#114=B_SPLINE_CURVE_WITH_KNOTS('',3,(#7530,#7531,#7532,#7533),
 .UNSPECIFIED.,.F.,.F.,(4,4),(0.,0.000125585530671679),.UNSPECIFIED.);
#115=B_SPLINE_CURVE_WITH_KNOTS('',3,(#7537,#7538,#7539,#7540),
 .UNSPECIFIED.,.F.,.F.,(4,4),(0.,0.000125585530671667),.UNSPECIFIED.);
#116=B_SPLINE_CURVE_WITH_KNOTS('',3,(#7545,#7546,#7547,#7548,#7549),
 .UNSPECIFIED.,.F.,.F.,(4,1,4),(0.,0.00117259956023686,0.00234519912047371),
 .UNSPECIFIED.);
#117=B_SPLINE_CURVE_WITH_KNOTS('',3,(#7557,#7558,#7559,#7560,#7561),
 .UNSPECIFIED.,.F.,.F.,(4,1,4),(0.,0.00117261167519611,0.00234522335039223),
 .UNSPECIFIED.);
#118=B_SPLINE_CURVE_WITH_KNOTS('',3,(#7566,#7567,#7568,#7569),
 .UNSPECIFIED.,.F.,.F.,(4,4),(0.,0.000125585530671646),.UNSPECIFIED.);
#119=B_SPLINE_CURVE_WITH_KNOTS('',3,(#7573,#7574,#7575,#7576),
 .UNSPECIFIED.,.F.,.F.,(4,4),(0.,0.000125585530671682),.UNSPECIFIED.);
#120=B_SPLINE_CURVE_WITH_KNOTS('',3,(#7581,#7582,#7583,#7584,#7585),
 .UNSPECIFIED.,.F.,.F.,(4,1,4),(0.,0.00117259956023688,0.00234519912047376),
 .UNSPECIFIED.);
#121=B_SPLINE_CURVE_WITH_KNOTS('',3,(#7593,#7594,#7595,#7596,#7597),
 .UNSPECIFIED.,.F.,.F.,(4,1,4),(0.,0.00117261167519611,0.00234522335039222),
 .UNSPECIFIED.);
#122=B_SPLINE_CURVE_WITH_KNOTS('',3,(#7602,#7603,#7604,#7605),
 .UNSPECIFIED.,.F.,.F.,(4,4),(0.,0.000125585530671646),.UNSPECIFIED.);
#123=B_SPLINE_CURVE_WITH_KNOTS('',3,(#7609,#7610,#7611,#7612),
 .UNSPECIFIED.,.F.,.F.,(4,4),(0.,0.000125585530671697),.UNSPECIFIED.);
#124=B_SPLINE_CURVE_WITH_KNOTS('',3,(#7617,#7618,#7619,#7620,#7621),
 .UNSPECIFIED.,.F.,.F.,(4,1,4),(0.,0.00117259956023688,0.00234519912047376),
 .UNSPECIFIED.);
#125=B_SPLINE_CURVE_WITH_KNOTS('',3,(#7631,#7632,#7633,#7634,#7635),
 .UNSPECIFIED.,.F.,.F.,(4,1,4),(0.,0.00117261167519611,0.00234522335039222),
 .UNSPECIFIED.);
#126=B_SPLINE_CURVE_WITH_KNOTS('',3,(#7640,#7641,#7642,#7643),
 .UNSPECIFIED.,.F.,.F.,(4,4),(0.,0.000125585530671679),.UNSPECIFIED.);
#127=B_SPLINE_CURVE_WITH_KNOTS('',3,(#7647,#7648,#7649,#7650),
 .UNSPECIFIED.,.F.,.F.,(4,4),(7.75791922889773E-18,0.000125585530671706),
 .UNSPECIFIED.);
#128=B_SPLINE_CURVE_WITH_KNOTS('',3,(#7655,#7656,#7657,#7658,#7659),
 .UNSPECIFIED.,.F.,.F.,(4,1,4),(0.,0.00117259956023685,0.00234519912047371),
 .UNSPECIFIED.);
#129=B_SPLINE_CURVE_WITH_KNOTS('',3,(#7662,#7663,#7664,#7665),
 .UNSPECIFIED.,.F.,.F.,(4,4),(0.,0.00442022060409516),.UNSPECIFIED.);
#130=B_SPLINE_CURVE_WITH_KNOTS('',3,(#7673,#7674,#7675,#7676),
 .UNSPECIFIED.,.F.,.F.,(4,4),(0.,0.00442022061308231),.UNSPECIFIED.);
#131=B_SPLINE_CURVE_WITH_KNOTS('',3,(#7689,#7690,#7691,#7692),
 .UNSPECIFIED.,.F.,.F.,(4,4),(0.,8.63540851189315E-5),.UNSPECIFIED.);
#132=B_SPLINE_CURVE_WITH_KNOTS('',3,(#7697,#7698,#7699,#7700),
 .UNSPECIFIED.,.F.,.F.,(4,4),(0.,8.63540851190304E-5),.UNSPECIFIED.);
#133=B_SPLINE_CURVE_WITH_KNOTS('',3,(#7708,#7709,#7710,#7711),
 .UNSPECIFIED.,.F.,.F.,(4,4),(0.,0.00442022061308235),.UNSPECIFIED.);
#134=B_SPLINE_CURVE_WITH_KNOTS('',3,(#7723,#7724,#7725,#7726),
 .UNSPECIFIED.,.F.,.F.,(4,4),(0.,0.00442022060409514),.UNSPECIFIED.);
#135=B_SPLINE_CURVE_WITH_KNOTS('',3,(#7730,#7731,#7732,#7733),
 .UNSPECIFIED.,.F.,.F.,(4,4),(0.,8.6354085118936E-5),.UNSPECIFIED.);
#136=B_SPLINE_CURVE_WITH_KNOTS('',3,(#7739,#7740,#7741,#7742),
 .UNSPECIFIED.,.F.,.F.,(4,4),(0.,8.63540851189339E-5),.UNSPECIFIED.);
#137=B_SPLINE_CURVE_WITH_KNOTS('',3,(#7746,#7747,#7748,#7749),
 .UNSPECIFIED.,.F.,.F.,(4,4),(0.,3.14238364173699E-5),.UNSPECIFIED.);
#138=B_SPLINE_CURVE_WITH_KNOTS('',3,(#7751,#7752,#7753,#7754),
 .UNSPECIFIED.,.F.,.F.,(4,4),(4.36276581033364E-7,0.00566541217452746),
 .UNSPECIFIED.);
#139=B_SPLINE_CURVE_WITH_KNOTS('',3,(#7755,#7756,#7757,#7758),
 .UNSPECIFIED.,.F.,.F.,(4,4),(0.,0.00566497577801963),.UNSPECIFIED.);
#140=B_SPLINE_CURVE_WITH_KNOTS('',3,(#7760,#7761,#7762,#7763),
 .UNSPECIFIED.,.F.,.F.,(4,4),(0.,3.14238364173622E-5),.UNSPECIFIED.);
#141=B_SPLINE_CURVE_WITH_KNOTS('',3,(#7765,#7766,#7767,#7768),
 .UNSPECIFIED.,.F.,.F.,(4,4),(0.,3.14238364174832E-5),.UNSPECIFIED.);
#142=B_SPLINE_CURVE_WITH_KNOTS('',3,(#7770,#7771,#7772,#7773),
 .UNSPECIFIED.,.F.,.F.,(4,4),(4.36276580994285E-7,0.00566541217452745),
 .UNSPECIFIED.);
#143=B_SPLINE_CURVE_WITH_KNOTS('',3,(#7774,#7775,#7776,#7777),
 .UNSPECIFIED.,.F.,.F.,(4,4),(0.,0.00566497577801959),.UNSPECIFIED.);
#144=B_SPLINE_CURVE_WITH_KNOTS('',3,(#7779,#7780,#7781,#7782),
 .UNSPECIFIED.,.F.,.F.,(4,4),(0.,3.14238364173698E-5),.UNSPECIFIED.);
#145=B_SPLINE_CURVE_WITH_KNOTS('',3,(#7784,#7785,#7786,#7787,#7788),
 .UNSPECIFIED.,.F.,.F.,(4,1,4),(0.,0.00122025875402882,0.00244051750805764),
 .UNSPECIFIED.);
#146=B_SPLINE_CURVE_WITH_KNOTS('',3,(#7801,#7802,#7803,#7804,#7805),
 .UNSPECIFIED.,.F.,.F.,(4,1,4),(0.,0.00125657961184378,0.00251315922368756),
 .UNSPECIFIED.);
#147=B_SPLINE_CURVE_WITH_KNOTS('',3,(#7808,#7809,#7810,#7811,#7812),
 .UNSPECIFIED.,.F.,.F.,(4,1,4),(0.,0.0012202587540288,0.0024405175080576),
 .UNSPECIFIED.);
#148=B_SPLINE_CURVE_WITH_KNOTS('',3,(#7825,#7826,#7827,#7828,#7829),
 .UNSPECIFIED.,.F.,.F.,(4,1,4),(0.,0.00125657961184378,0.00251315922368757),
 .UNSPECIFIED.);
#149=B_SPLINE_CURVE_WITH_KNOTS('',3,(#7832,#7833,#7834,#7835,#7836),
 .UNSPECIFIED.,.F.,.F.,(4,1,4),(9.73456582467488E-17,0.00125657961184384,
0.00251315922368758),.UNSPECIFIED.);
#150=B_SPLINE_CURVE_WITH_KNOTS('',3,(#7849,#7850,#7851,#7852,#7853),
 .UNSPECIFIED.,.F.,.F.,(4,1,4),(0.,0.00122025875402884,0.00244051750805768),
 .UNSPECIFIED.);
#151=B_SPLINE_CURVE_WITH_KNOTS('',3,(#7858,#7859,#7860,#7861,#7862),
 .UNSPECIFIED.,.F.,.F.,(4,1,4),(0.,0.00125657961184376,0.00251315922368752),
 .UNSPECIFIED.);
#152=B_SPLINE_CURVE_WITH_KNOTS('',3,(#7875,#7876,#7877,#7878,#7879),
 .UNSPECIFIED.,.F.,.F.,(4,1,4),(0.,0.00122025875402884,0.00244051750805769),
 .UNSPECIFIED.);
#153=B_SPLINE_CURVE_WITH_KNOTS('',3,(#7884,#7885,#7886,#7887),
 .UNSPECIFIED.,.F.,.F.,(4,4),(0.,0.00442022060409517),.UNSPECIFIED.);
#154=B_SPLINE_CURVE_WITH_KNOTS('',3,(#7895,#7896,#7897,#7898),
 .UNSPECIFIED.,.F.,.F.,(4,4),(0.,0.00442022061308231),.UNSPECIFIED.);
#155=B_SPLINE_CURVE_WITH_KNOTS('',3,(#7911,#7912,#7913,#7914),
 .UNSPECIFIED.,.F.,.F.,(4,4),(5.20417042793042E-18,8.63540851189469E-5),
 .UNSPECIFIED.);
#156=B_SPLINE_CURVE_WITH_KNOTS('',3,(#7919,#7920,#7921,#7922),
 .UNSPECIFIED.,.F.,.F.,(4,4),(0.,8.63540851190304E-5),.UNSPECIFIED.);
#157=B_SPLINE_CURVE_WITH_KNOTS('',3,(#7930,#7931,#7932,#7933),
 .UNSPECIFIED.,.F.,.F.,(4,4),(0.,0.00442022061308228),.UNSPECIFIED.);
#158=B_SPLINE_CURVE_WITH_KNOTS('',3,(#7945,#7946,#7947,#7948),
 .UNSPECIFIED.,.F.,.F.,(4,4),(0.,0.00442022060409513),.UNSPECIFIED.);
#159=B_SPLINE_CURVE_WITH_KNOTS('',3,(#7952,#7953,#7954,#7955),
 .UNSPECIFIED.,.F.,.F.,(4,4),(0.,8.63540851189488E-5),.UNSPECIFIED.);
#160=B_SPLINE_CURVE_WITH_KNOTS('',3,(#7961,#7962,#7963,#7964),
 .UNSPECIFIED.,.F.,.F.,(4,4),(0.,8.63540851189292E-5),.UNSPECIFIED.);
#161=B_SPLINE_CURVE_WITH_KNOTS('',3,(#7968,#7969,#7970,#7971),
 .UNSPECIFIED.,.F.,.F.,(4,4),(9.54097911787244E-18,3.14238364173853E-5),
 .UNSPECIFIED.);
#162=B_SPLINE_CURVE_WITH_KNOTS('',3,(#7973,#7974,#7975,#7976),
 .UNSPECIFIED.,.F.,.F.,(4,4),(4.36276581033442E-7,0.00566541217452745),
 .UNSPECIFIED.);
#163=B_SPLINE_CURVE_WITH_KNOTS('',3,(#7977,#7978,#7979,#7980),
 .UNSPECIFIED.,.F.,.F.,(4,4),(0.,0.00566497577801966),.UNSPECIFIED.);
#164=B_SPLINE_CURVE_WITH_KNOTS('',3,(#7982,#7983,#7984,#7985),
 .UNSPECIFIED.,.F.,.F.,(4,4),(0.,3.14238364173671E-5),.UNSPECIFIED.);
#165=B_SPLINE_CURVE_WITH_KNOTS('',3,(#7987,#7988,#7989,#7990),
 .UNSPECIFIED.,.F.,.F.,(4,4),(0.,3.14238364174057E-5),.UNSPECIFIED.);
#166=B_SPLINE_CURVE_WITH_KNOTS('',3,(#7992,#7993,#7994,#7995),
 .UNSPECIFIED.,.F.,.F.,(4,4),(4.36276580986714E-7,0.00566541217452744),
 .UNSPECIFIED.);
#167=B_SPLINE_CURVE_WITH_KNOTS('',3,(#7996,#7997,#7998,#7999),
 .UNSPECIFIED.,.F.,.F.,(4,4),(0.,0.00566497577801963),.UNSPECIFIED.);
#168=B_SPLINE_CURVE_WITH_KNOTS('',3,(#8001,#8002,#8003,#8004),
 .UNSPECIFIED.,.F.,.F.,(4,4),(0.,3.1423836417374E-5),.UNSPECIFIED.);
#169=B_SPLINE_CURVE_WITH_KNOTS('',3,(#8006,#8007,#8008,#8009,#8010),
 .UNSPECIFIED.,.F.,.F.,(4,1,4),(5.20417042793042E-18,0.00122025875402884,
0.00244051750805768),.UNSPECIFIED.);
#170=B_SPLINE_CURVE_WITH_KNOTS('',3,(#8023,#8024,#8025,#8026,#8027),
 .UNSPECIFIED.,.F.,.F.,(4,1,4),(0.,0.00125657961184376,0.00251315922368753),
 .UNSPECIFIED.);
#171=B_SPLINE_CURVE_WITH_KNOTS('',3,(#8030,#8031,#8032,#8033,#8034),
 .UNSPECIFIED.,.F.,.F.,(4,1,4),(0.,0.0012202587540288,0.00244051750805761),
 .UNSPECIFIED.);
#172=B_SPLINE_CURVE_WITH_KNOTS('',3,(#8047,#8048,#8049,#8050,#8051),
 .UNSPECIFIED.,.F.,.F.,(4,1,4),(0.,0.00125657961184379,0.00251315922368759),
 .UNSPECIFIED.);
#173=B_SPLINE_CURVE_WITH_KNOTS('',3,(#8054,#8055,#8056,#8057,#8058),
 .UNSPECIFIED.,.F.,.F.,(4,1,4),(0.,0.00125657961184378,0.00251315922368756),
 .UNSPECIFIED.);
#174=B_SPLINE_CURVE_WITH_KNOTS('',3,(#8071,#8072,#8073,#8074,#8075),
 .UNSPECIFIED.,.F.,.F.,(4,1,4),(0.,0.00122025875402882,0.00244051750805765),
 .UNSPECIFIED.);
#175=B_SPLINE_CURVE_WITH_KNOTS('',3,(#8080,#8081,#8082,#8083,#8084),
 .UNSPECIFIED.,.F.,.F.,(4,1,4),(0.,0.0012565796118438,0.00251315922368759),
 .UNSPECIFIED.);
#176=B_SPLINE_CURVE_WITH_KNOTS('',3,(#8097,#8098,#8099,#8100,#8101),
 .UNSPECIFIED.,.F.,.F.,(4,1,4),(0.,0.00122025875402883,0.00244051750805767),
 .UNSPECIFIED.);
#177=B_SPLINE_CURVE_WITH_KNOTS('',3,(#8106,#8107,#8108,#8109),
 .UNSPECIFIED.,.F.,.F.,(4,4),(0.,0.00442022060409516),.UNSPECIFIED.);
#178=B_SPLINE_CURVE_WITH_KNOTS('',3,(#8117,#8118,#8119,#8120),
 .UNSPECIFIED.,.F.,.F.,(4,4),(0.,0.00442022061308228),.UNSPECIFIED.);
#179=B_SPLINE_CURVE_WITH_KNOTS('',3,(#8133,#8134,#8135,#8136),
 .UNSPECIFIED.,.F.,.F.,(4,4),(0.,8.63540851190409E-5),.UNSPECIFIED.);
#180=B_SPLINE_CURVE_WITH_KNOTS('',3,(#8141,#8142,#8143,#8144),
 .UNSPECIFIED.,.F.,.F.,(4,4),(0.,8.63540851190307E-5),.UNSPECIFIED.);
#181=B_SPLINE_CURVE_WITH_KNOTS('',3,(#8152,#8153,#8154,#8155),
 .UNSPECIFIED.,.F.,.F.,(4,4),(0.,0.00442022061308232),.UNSPECIFIED.);
#182=B_SPLINE_CURVE_WITH_KNOTS('',3,(#8167,#8168,#8169,#8170),
 .UNSPECIFIED.,.F.,.F.,(4,4),(0.,0.00442022060409514),.UNSPECIFIED.);
#183=B_SPLINE_CURVE_WITH_KNOTS('',3,(#8174,#8175,#8176,#8177),
 .UNSPECIFIED.,.F.,.F.,(4,4),(0.,8.6354085118936E-5),.UNSPECIFIED.);
#184=B_SPLINE_CURVE_WITH_KNOTS('',3,(#8183,#8184,#8185,#8186),
 .UNSPECIFIED.,.F.,.F.,(4,4),(0.,8.63540851189336E-5),.UNSPECIFIED.);
#185=B_SPLINE_CURVE_WITH_KNOTS('',3,(#8190,#8191,#8192,#8193),
 .UNSPECIFIED.,.F.,.F.,(4,4),(0.,3.14238364173768E-5),.UNSPECIFIED.);
#186=B_SPLINE_CURVE_WITH_KNOTS('',3,(#8195,#8196,#8197,#8198),
 .UNSPECIFIED.,.F.,.F.,(4,4),(4.36276581033364E-7,0.00566541217452745),
 .UNSPECIFIED.);
#187=B_SPLINE_CURVE_WITH_KNOTS('',3,(#8199,#8200,#8201,#8202),
 .UNSPECIFIED.,.F.,.F.,(4,4),(0.,0.0056649757780196),.UNSPECIFIED.);
#188=B_SPLINE_CURVE_WITH_KNOTS('',3,(#8204,#8205,#8206,#8207),
 .UNSPECIFIED.,.F.,.F.,(4,4),(0.,3.14238364173629E-5),.UNSPECIFIED.);
#189=B_SPLINE_CURVE_WITH_KNOTS('',3,(#8209,#8210,#8211,#8212),
 .UNSPECIFIED.,.F.,.F.,(4,4),(0.,3.14238364174832E-5),.UNSPECIFIED.);
#190=B_SPLINE_CURVE_WITH_KNOTS('',3,(#8214,#8215,#8216,#8217),
 .UNSPECIFIED.,.F.,.F.,(4,4),(4.36276580984511E-7,0.00566541217452744),
 .UNSPECIFIED.);
#191=B_SPLINE_CURVE_WITH_KNOTS('',3,(#8218,#8219,#8220,#8221),
 .UNSPECIFIED.,.F.,.F.,(4,4),(0.,0.00566497577801966),.UNSPECIFIED.);
#192=B_SPLINE_CURVE_WITH_KNOTS('',3,(#8223,#8224,#8225,#8226),
 .UNSPECIFIED.,.F.,.F.,(4,4),(0.,3.14238364173744E-5),.UNSPECIFIED.);
#193=B_SPLINE_CURVE_WITH_KNOTS('',3,(#8228,#8229,#8230,#8231,#8232),
 .UNSPECIFIED.,.F.,.F.,(4,1,4),(0.,0.00122025875402882,0.00244051750805764),
 .UNSPECIFIED.);
#194=B_SPLINE_CURVE_WITH_KNOTS('',3,(#8245,#8246,#8247,#8248,#8249),
 .UNSPECIFIED.,.F.,.F.,(4,1,4),(0.,0.00125657961184375,0.0025131592236875),
 .UNSPECIFIED.);
#195=B_SPLINE_CURVE_WITH_KNOTS('',3,(#8252,#8253,#8254,#8255,#8256),
 .UNSPECIFIED.,.F.,.F.,(4,1,4),(0.,0.00122025875402881,0.00244051750805762),
 .UNSPECIFIED.);
#196=B_SPLINE_CURVE_WITH_KNOTS('',3,(#8269,#8270,#8271,#8272,#8273),
 .UNSPECIFIED.,.F.,.F.,(4,1,4),(0.,0.00125657961184381,0.00251315922368762),
 .UNSPECIFIED.);
#197=B_SPLINE_CURVE_WITH_KNOTS('',3,(#8276,#8277,#8278,#8279,#8280),
 .UNSPECIFIED.,.F.,.F.,(4,1,4),(0.,0.00125657961184377,0.00251315922368753),
 .UNSPECIFIED.);
#198=B_SPLINE_CURVE_WITH_KNOTS('',3,(#8293,#8294,#8295,#8296,#8297),
 .UNSPECIFIED.,.F.,.F.,(4,1,4),(0.,0.00122025875402885,0.0024405175080577),
 .UNSPECIFIED.);
#199=B_SPLINE_CURVE_WITH_KNOTS('',3,(#8302,#8303,#8304,#8305,#8306),
 .UNSPECIFIED.,.F.,.F.,(4,1,4),(0.,0.0012565796118438,0.0025131592236876),
 .UNSPECIFIED.);
#200=B_SPLINE_CURVE_WITH_KNOTS('',3,(#8319,#8320,#8321,#8322,#8323),
 .UNSPECIFIED.,.F.,.F.,(4,1,4),(0.,0.00122025875402883,0.00244051750805767),
 .UNSPECIFIED.);
#201=B_SPLINE_CURVE_WITH_KNOTS('',3,(#8328,#8329,#8330,#8331),
 .UNSPECIFIED.,.F.,.F.,(4,4),(0.,0.00442022060409509),.UNSPECIFIED.);
#202=B_SPLINE_CURVE_WITH_KNOTS('',3,(#8339,#8340,#8341,#8342),
 .UNSPECIFIED.,.F.,.F.,(4,4),(0.,0.00442022061308228),.UNSPECIFIED.);
#203=B_SPLINE_CURVE_WITH_KNOTS('',3,(#8355,#8356,#8357,#8358),
 .UNSPECIFIED.,.F.,.F.,(4,4),(0.,8.63540851189291E-5),.UNSPECIFIED.);
#204=B_SPLINE_CURVE_WITH_KNOTS('',3,(#8363,#8364,#8365,#8366),
 .UNSPECIFIED.,.F.,.F.,(4,4),(0.,8.63540851189466E-5),.UNSPECIFIED.);
#205=B_SPLINE_CURVE_WITH_KNOTS('',3,(#8374,#8375,#8376,#8377),
 .UNSPECIFIED.,.F.,.F.,(4,4),(0.,0.00442022061308228),.UNSPECIFIED.);
#206=B_SPLINE_CURVE_WITH_KNOTS('',3,(#8389,#8390,#8391,#8392),
 .UNSPECIFIED.,.F.,.F.,(4,4),(0.,0.00442022060409513),.UNSPECIFIED.);
#207=B_SPLINE_CURVE_WITH_KNOTS('',3,(#8396,#8397,#8398,#8399),
 .UNSPECIFIED.,.F.,.F.,(4,4),(0.,8.63540851189276E-5),.UNSPECIFIED.);
#208=B_SPLINE_CURVE_WITH_KNOTS('',3,(#8405,#8406,#8407,#8408),
 .UNSPECIFIED.,.F.,.F.,(4,4),(0.,8.63540851189417E-5),.UNSPECIFIED.);
#209=B_SPLINE_CURVE_WITH_KNOTS('',3,(#8412,#8413,#8414,#8415),
 .UNSPECIFIED.,.F.,.F.,(4,4),(0.,3.1423836417381E-5),.UNSPECIFIED.);
#210=B_SPLINE_CURVE_WITH_KNOTS('',3,(#8417,#8418,#8419,#8420),
 .UNSPECIFIED.,.F.,.F.,(4,4),(4.36276580988173E-7,0.00566541217452745),
 .UNSPECIFIED.);
#211=B_SPLINE_CURVE_WITH_KNOTS('',3,(#8421,#8422,#8423,#8424),
 .UNSPECIFIED.,.F.,.F.,(4,4),(0.,0.00566497577801963),.UNSPECIFIED.);
#212=B_SPLINE_CURVE_WITH_KNOTS('',3,(#8426,#8427,#8428,#8429),
 .UNSPECIFIED.,.F.,.F.,(4,4),(0.,3.14238364174002E-5),.UNSPECIFIED.);
#213=B_SPLINE_CURVE_WITH_KNOTS('',3,(#8431,#8432,#8433,#8434),
 .UNSPECIFIED.,.F.,.F.,(4,4),(0.,3.14238364173839E-5),.UNSPECIFIED.);
#214=B_SPLINE_CURVE_WITH_KNOTS('',3,(#8436,#8437,#8438,#8439),
 .UNSPECIFIED.,.F.,.F.,(4,4),(4.36276580988173E-7,0.00566541217452741),
 .UNSPECIFIED.);
#215=B_SPLINE_CURVE_WITH_KNOTS('',3,(#8440,#8441,#8442,#8443),
 .UNSPECIFIED.,.F.,.F.,(4,4),(0.,0.00566497577801959),.UNSPECIFIED.);
#216=B_SPLINE_CURVE_WITH_KNOTS('',3,(#8445,#8446,#8447,#8448),
 .UNSPECIFIED.,.F.,.F.,(4,4),(0.,3.14238364173962E-5),.UNSPECIFIED.);
#217=B_SPLINE_CURVE_WITH_KNOTS('',3,(#8450,#8451,#8452,#8453,#8454),
 .UNSPECIFIED.,.F.,.F.,(4,1,4),(0.,0.0012202587540288,0.0024405175080576),
 .UNSPECIFIED.);
#218=B_SPLINE_CURVE_WITH_KNOTS('',3,(#8467,#8468,#8469,#8470,#8471),
 .UNSPECIFIED.,.F.,.F.,(4,1,4),(0.,0.00125657961184382,0.00251315922368765),
 .UNSPECIFIED.);
#219=B_SPLINE_CURVE_WITH_KNOTS('',3,(#8474,#8475,#8476,#8477,#8478),
 .UNSPECIFIED.,.F.,.F.,(4,1,4),(0.,0.00122025875402882,0.00244051750805765),
 .UNSPECIFIED.);
#220=B_SPLINE_CURVE_WITH_KNOTS('',3,(#8491,#8492,#8493,#8494,#8495),
 .UNSPECIFIED.,.F.,.F.,(4,1,4),(0.,0.00125657961184381,0.00251315922368762),
 .UNSPECIFIED.);
#221=B_SPLINE_CURVE_WITH_KNOTS('',3,(#8498,#8499,#8500,#8501,#8502),
 .UNSPECIFIED.,.F.,.F.,(4,1,4),(0.,0.00125657961184379,0.00251315922368758),
 .UNSPECIFIED.);
#222=B_SPLINE_CURVE_WITH_KNOTS('',3,(#8515,#8516,#8517,#8518,#8519),
 .UNSPECIFIED.,.F.,.F.,(4,1,4),(0.,0.00122025875402882,0.00244051750805764),
 .UNSPECIFIED.);
#223=B_SPLINE_CURVE_WITH_KNOTS('',3,(#8524,#8525,#8526,#8527,#8528),
 .UNSPECIFIED.,.F.,.F.,(4,1,4),(0.,0.00125657961184375,0.0025131592236875),
 .UNSPECIFIED.);
#224=B_SPLINE_CURVE_WITH_KNOTS('',3,(#8541,#8542,#8543,#8544,#8545),
 .UNSPECIFIED.,.F.,.F.,(4,1,4),(0.,0.00122025875402883,0.00244051750805767),
 .UNSPECIFIED.);
#225=B_SPLINE_CURVE_WITH_KNOTS('',3,(#8550,#8551,#8552,#8553),
 .UNSPECIFIED.,.F.,.F.,(4,4),(0.,0.0044202206040951),.UNSPECIFIED.);
#226=B_SPLINE_CURVE_WITH_KNOTS('',3,(#8561,#8562,#8563,#8564),
 .UNSPECIFIED.,.F.,.F.,(4,4),(0.,0.00442022061308231),.UNSPECIFIED.);
#227=B_SPLINE_CURVE_WITH_KNOTS('',3,(#8577,#8578,#8579,#8580),
 .UNSPECIFIED.,.F.,.F.,(4,4),(0.,8.63540851189436E-5),.UNSPECIFIED.);
#228=B_SPLINE_CURVE_WITH_KNOTS('',3,(#8585,#8586,#8587,#8588),
 .UNSPECIFIED.,.F.,.F.,(4,4),(0.,8.63540851189466E-5),.UNSPECIFIED.);
#229=B_SPLINE_CURVE_WITH_KNOTS('',3,(#8596,#8597,#8598,#8599),
 .UNSPECIFIED.,.F.,.F.,(4,4),(0.,0.00442022061308228),.UNSPECIFIED.);
#230=B_SPLINE_CURVE_WITH_KNOTS('',3,(#8611,#8612,#8613,#8614),
 .UNSPECIFIED.,.F.,.F.,(4,4),(0.,0.00442022060409513),.UNSPECIFIED.);
#231=B_SPLINE_CURVE_WITH_KNOTS('',3,(#8618,#8619,#8620,#8621),
 .UNSPECIFIED.,.F.,.F.,(4,4),(0.,8.63540851189362E-5),.UNSPECIFIED.);
#232=B_SPLINE_CURVE_WITH_KNOTS('',3,(#8627,#8628,#8629,#8630),
 .UNSPECIFIED.,.F.,.F.,(4,4),(0.,8.63540851189363E-5),.UNSPECIFIED.);
#233=B_SPLINE_CURVE_WITH_KNOTS('',3,(#8634,#8635,#8636,#8637),
 .UNSPECIFIED.,.F.,.F.,(4,4),(0.,3.14238364174057E-5),.UNSPECIFIED.);
#234=B_SPLINE_CURVE_WITH_KNOTS('',3,(#8639,#8640,#8641,#8642),
 .UNSPECIFIED.,.F.,.F.,(4,4),(4.36276580987939E-7,0.00566541217452745),
 .UNSPECIFIED.);
#235=B_SPLINE_CURVE_WITH_KNOTS('',3,(#8643,#8644,#8645,#8646),
 .UNSPECIFIED.,.F.,.F.,(4,4),(0.,0.00566497577801963),.UNSPECIFIED.);
#236=B_SPLINE_CURVE_WITH_KNOTS('',3,(#8648,#8649,#8650,#8651),
 .UNSPECIFIED.,.F.,.F.,(4,4),(0.,3.14238364174002E-5),.UNSPECIFIED.);
#237=B_SPLINE_CURVE_WITH_KNOTS('',3,(#8653,#8654,#8655,#8656),
 .UNSPECIFIED.,.F.,.F.,(4,4),(0.,3.14238364173857E-5),.UNSPECIFIED.);
#238=B_SPLINE_CURVE_WITH_KNOTS('',3,(#8658,#8659,#8660,#8661),
 .UNSPECIFIED.,.F.,.F.,(4,4),(4.36276580987939E-7,0.00566541217452741),
 .UNSPECIFIED.);
#239=B_SPLINE_CURVE_WITH_KNOTS('',3,(#8662,#8663,#8664,#8665),
 .UNSPECIFIED.,.F.,.F.,(4,4),(0.,0.00566497577801963),.UNSPECIFIED.);
#240=B_SPLINE_CURVE_WITH_KNOTS('',3,(#8667,#8668,#8669,#8670),
 .UNSPECIFIED.,.F.,.F.,(4,4),(0.,3.14238364174004E-5),.UNSPECIFIED.);
#241=B_SPLINE_CURVE_WITH_KNOTS('',3,(#8672,#8673,#8674,#8675,#8676),
 .UNSPECIFIED.,.F.,.F.,(4,1,4),(0.,0.00122025875402882,0.00244051750805764),
 .UNSPECIFIED.);
#242=B_SPLINE_CURVE_WITH_KNOTS('',3,(#8689,#8690,#8691,#8692,#8693),
 .UNSPECIFIED.,.F.,.F.,(4,1,4),(0.,0.0012565796118438,0.00251315922368761),
 .UNSPECIFIED.);
#243=B_SPLINE_CURVE_WITH_KNOTS('',3,(#8696,#8697,#8698,#8699,#8700),
 .UNSPECIFIED.,.F.,.F.,(4,1,4),(0.,0.00122025875402883,0.00244051750805765),
 .UNSPECIFIED.);
#244=B_SPLINE_CURVE_WITH_KNOTS('',3,(#8713,#8714,#8715,#8716,#8717),
 .UNSPECIFIED.,.F.,.F.,(4,1,4),(0.,0.00125657961184378,0.00251315922368756),
 .UNSPECIFIED.);
#245=B_SPLINE_CURVE_WITH_KNOTS('',3,(#8720,#8721,#8722,#8723,#8724),
 .UNSPECIFIED.,.F.,.F.,(4,1,4),(0.,0.00125657961184377,0.00251315922368755),
 .UNSPECIFIED.);
#246=B_SPLINE_CURVE_WITH_KNOTS('',3,(#8737,#8738,#8739,#8740,#8741),
 .UNSPECIFIED.,.F.,.F.,(4,1,4),(0.,0.00122025875402883,0.00244051750805765),
 .UNSPECIFIED.);
#247=B_SPLINE_CURVE_WITH_KNOTS('',3,(#8746,#8747,#8748,#8749,#8750),
 .UNSPECIFIED.,.F.,.F.,(4,1,4),(0.,0.00125657961184379,0.00251315922368759),
 .UNSPECIFIED.);
#248=B_SPLINE_CURVE_WITH_KNOTS('',3,(#8763,#8764,#8765,#8766,#8767),
 .UNSPECIFIED.,.F.,.F.,(4,1,4),(0.,0.00122025875402883,0.00244051750805766),
 .UNSPECIFIED.);
#249=B_SPLINE_CURVE_WITH_KNOTS('',3,(#8772,#8773,#8774,#8775),
 .UNSPECIFIED.,.F.,.F.,(4,4),(0.,0.00442022060409509),.UNSPECIFIED.);
#250=B_SPLINE_CURVE_WITH_KNOTS('',3,(#8783,#8784,#8785,#8786),
 .UNSPECIFIED.,.F.,.F.,(4,4),(0.,0.00442022061308228),.UNSPECIFIED.);
#251=B_SPLINE_CURVE_WITH_KNOTS('',3,(#8799,#8800,#8801,#8802),
 .UNSPECIFIED.,.F.,.F.,(4,4),(0.,8.63540851190385E-5),.UNSPECIFIED.);
#252=B_SPLINE_CURVE_WITH_KNOTS('',3,(#8807,#8808,#8809,#8810),
 .UNSPECIFIED.,.F.,.F.,(4,4),(0.,8.63540851189469E-5),.UNSPECIFIED.);
#253=B_SPLINE_CURVE_WITH_KNOTS('',3,(#8818,#8819,#8820,#8821),
 .UNSPECIFIED.,.F.,.F.,(4,4),(0.,0.00442022061308231),.UNSPECIFIED.);
#254=B_SPLINE_CURVE_WITH_KNOTS('',3,(#8833,#8834,#8835,#8836),
 .UNSPECIFIED.,.F.,.F.,(4,4),(0.,0.00442022060409514),.UNSPECIFIED.);
#255=B_SPLINE_CURVE_WITH_KNOTS('',3,(#8840,#8841,#8842,#8843),
 .UNSPECIFIED.,.F.,.F.,(4,4),(0.,8.63540851189276E-5),.UNSPECIFIED.);
#256=B_SPLINE_CURVE_WITH_KNOTS('',3,(#8849,#8850,#8851,#8852),
 .UNSPECIFIED.,.F.,.F.,(4,4),(0.,8.63540851189366E-5),.UNSPECIFIED.);
#257=B_SPLINE_CURVE_WITH_KNOTS('',3,(#8856,#8857,#8858,#8859),
 .UNSPECIFIED.,.F.,.F.,(4,4),(0.,3.14238364173878E-5),.UNSPECIFIED.);
#258=B_SPLINE_CURVE_WITH_KNOTS('',3,(#8861,#8862,#8863,#8864),
 .UNSPECIFIED.,.F.,.F.,(4,4),(4.36276580988173E-7,0.00566541217452744),
 .UNSPECIFIED.);
#259=B_SPLINE_CURVE_WITH_KNOTS('',3,(#8865,#8866,#8867,#8868),
 .UNSPECIFIED.,.F.,.F.,(4,4),(0.,0.0056649757780196),.UNSPECIFIED.);
#260=B_SPLINE_CURVE_WITH_KNOTS('',3,(#8870,#8871,#8872,#8873),
 .UNSPECIFIED.,.F.,.F.,(4,4),(0.,3.14238364174009E-5),.UNSPECIFIED.);
#261=B_SPLINE_CURVE_WITH_KNOTS('',3,(#8875,#8876,#8877,#8878),
 .UNSPECIFIED.,.F.,.F.,(4,4),(0.,3.14238364174826E-5),.UNSPECIFIED.);
#262=B_SPLINE_CURVE_WITH_KNOTS('',3,(#8880,#8881,#8882,#8883),
 .UNSPECIFIED.,.F.,.F.,(4,4),(4.36276580988173E-7,0.0056654121745274),
 .UNSPECIFIED.);
#263=B_SPLINE_CURVE_WITH_KNOTS('',3,(#8884,#8885,#8886,#8887),
 .UNSPECIFIED.,.F.,.F.,(4,4),(0.,0.00566497577801963),.UNSPECIFIED.);
#264=B_SPLINE_CURVE_WITH_KNOTS('',3,(#8889,#8890,#8891,#8892),
 .UNSPECIFIED.,.F.,.F.,(4,4),(0.,3.14238364174002E-5),.UNSPECIFIED.);
#265=B_SPLINE_CURVE_WITH_KNOTS('',3,(#8894,#8895,#8896,#8897,#8898),
 .UNSPECIFIED.,.F.,.F.,(4,1,4),(0.,0.0012202587540288,0.00244051750805761),
 .UNSPECIFIED.);
#266=B_SPLINE_CURVE_WITH_KNOTS('',3,(#8911,#8912,#8913,#8914,#8915),
 .UNSPECIFIED.,.F.,.F.,(4,1,4),(0.,0.0012565796118438,0.00251315922368759),
 .UNSPECIFIED.);
#267=B_SPLINE_CURVE_WITH_KNOTS('',3,(#8918,#8919,#8920,#8921,#8922),
 .UNSPECIFIED.,.F.,.F.,(4,1,4),(0.,0.00122025875402883,0.00244051750805766),
 .UNSPECIFIED.);
#268=B_SPLINE_CURVE_WITH_KNOTS('',3,(#8935,#8936,#8937,#8938,#8939),
 .UNSPECIFIED.,.F.,.F.,(4,1,4),(0.,0.00125657961184381,0.00251315922368761),
 .UNSPECIFIED.);
#269=B_SPLINE_CURVE_WITH_KNOTS('',3,(#8942,#8943,#8944,#8945,#8946),
 .UNSPECIFIED.,.F.,.F.,(4,1,4),(0.,0.00125657961184376,0.00251315922368752),
 .UNSPECIFIED.);
#270=B_SPLINE_CURVE_WITH_KNOTS('',3,(#8959,#8960,#8961,#8962,#8963),
 .UNSPECIFIED.,.F.,.F.,(4,1,4),(0.,0.00122025875402885,0.00244051750805769),
 .UNSPECIFIED.);
#271=B_SPLINE_CURVE_WITH_KNOTS('',3,(#8968,#8969,#8970,#8971,#8972),
 .UNSPECIFIED.,.F.,.F.,(4,1,4),(0.,0.00125657961184378,0.00251315922368756),
 .UNSPECIFIED.);
#272=B_SPLINE_CURVE_WITH_KNOTS('',3,(#8985,#8986,#8987,#8988,#8989),
 .UNSPECIFIED.,.F.,.F.,(4,1,4),(0.,0.00122025875402882,0.00244051750805765),
 .UNSPECIFIED.);
#273=B_SPLINE_CURVE_WITH_KNOTS('',3,(#8994,#8995,#8996,#8997),
 .UNSPECIFIED.,.F.,.F.,(4,4),(0.,0.00442022060409509),.UNSPECIFIED.);
#274=B_SPLINE_CURVE_WITH_KNOTS('',3,(#9005,#9006,#9007,#9008),
 .UNSPECIFIED.,.F.,.F.,(4,4),(0.,0.00442022061308228),.UNSPECIFIED.);
#275=B_SPLINE_CURVE_WITH_KNOTS('',3,(#9021,#9022,#9023,#9024),
 .UNSPECIFIED.,.F.,.F.,(4,4),(0.,8.63540851189291E-5),.UNSPECIFIED.);
#276=B_SPLINE_CURVE_WITH_KNOTS('',3,(#9029,#9030,#9031,#9032),
 .UNSPECIFIED.,.F.,.F.,(4,4),(0.,8.63540851190304E-5),.UNSPECIFIED.);
#277=B_SPLINE_CURVE_WITH_KNOTS('',3,(#9040,#9041,#9042,#9043),
 .UNSPECIFIED.,.F.,.F.,(4,4),(0.,0.00442022061308228),.UNSPECIFIED.);
#278=B_SPLINE_CURVE_WITH_KNOTS('',3,(#9055,#9056,#9057,#9058),
 .UNSPECIFIED.,.F.,.F.,(4,4),(0.,0.00442022060409517),.UNSPECIFIED.);
#279=B_SPLINE_CURVE_WITH_KNOTS('',3,(#9062,#9063,#9064,#9065),
 .UNSPECIFIED.,.F.,.F.,(4,4),(0.,8.63540851189383E-5),.UNSPECIFIED.);
#280=B_SPLINE_CURVE_WITH_KNOTS('',3,(#9071,#9072,#9073,#9074),
 .UNSPECIFIED.,.F.,.F.,(4,4),(0.,8.6354085118927E-5),.UNSPECIFIED.);
#281=B_SPLINE_CURVE_WITH_KNOTS('',3,(#9078,#9079,#9080,#9081),
 .UNSPECIFIED.,.F.,.F.,(4,4),(0.,3.14238364173804E-5),.UNSPECIFIED.);
#282=B_SPLINE_CURVE_WITH_KNOTS('',3,(#9083,#9084,#9085,#9086),
 .UNSPECIFIED.,.F.,.F.,(4,4),(4.36276580952117E-7,0.00566541217452741),
 .UNSPECIFIED.);
#283=B_SPLINE_CURVE_WITH_KNOTS('',3,(#9087,#9088,#9089,#9090),
 .UNSPECIFIED.,.F.,.F.,(4,4),(0.,0.00566497577801963),.UNSPECIFIED.);
#284=B_SPLINE_CURVE_WITH_KNOTS('',3,(#9092,#9093,#9094,#9095),
 .UNSPECIFIED.,.F.,.F.,(4,4),(0.,3.14238364173691E-5),.UNSPECIFIED.);
#285=B_SPLINE_CURVE_WITH_KNOTS('',3,(#9097,#9098,#9099,#9100),
 .UNSPECIFIED.,.F.,.F.,(4,4),(0.,3.14238364173741E-5),.UNSPECIFIED.);
#286=B_SPLINE_CURVE_WITH_KNOTS('',3,(#9102,#9103,#9104,#9105),
 .UNSPECIFIED.,.F.,.F.,(4,4),(4.36276581033364E-7,0.00566541217452746),
 .UNSPECIFIED.);
#287=B_SPLINE_CURVE_WITH_KNOTS('',3,(#9106,#9107,#9108,#9109),
 .UNSPECIFIED.,.F.,.F.,(4,4),(0.,0.00566497577801959),.UNSPECIFIED.);
#288=B_SPLINE_CURVE_WITH_KNOTS('',3,(#9111,#9112,#9113,#9114),
 .UNSPECIFIED.,.F.,.F.,(4,4),(0.,3.14238364173629E-5),.UNSPECIFIED.);
#289=B_SPLINE_CURVE_WITH_KNOTS('',3,(#9116,#9117,#9118,#9119,#9120),
 .UNSPECIFIED.,.F.,.F.,(4,1,4),(0.,0.0012202587540288,0.0024405175080576),
 .UNSPECIFIED.);
#290=B_SPLINE_CURVE_WITH_KNOTS('',3,(#9133,#9134,#9135,#9136,#9137),
 .UNSPECIFIED.,.F.,.F.,(4,1,4),(0.,0.00125657961184383,0.00251315922368765),
 .UNSPECIFIED.);
#291=B_SPLINE_CURVE_WITH_KNOTS('',3,(#9140,#9141,#9142,#9143,#9144),
 .UNSPECIFIED.,.F.,.F.,(4,1,4),(0.,0.00122025875402881,0.00244051750805761),
 .UNSPECIFIED.);
#292=B_SPLINE_CURVE_WITH_KNOTS('',3,(#9157,#9158,#9159,#9160,#9161),
 .UNSPECIFIED.,.F.,.F.,(4,1,4),(0.,0.00125657961184381,0.00251315922368762),
 .UNSPECIFIED.);
#293=B_SPLINE_CURVE_WITH_KNOTS('',3,(#9164,#9165,#9166,#9167,#9168),
 .UNSPECIFIED.,.F.,.F.,(4,1,4),(0.,0.00125657961184378,0.00251315922368755),
 .UNSPECIFIED.);
#294=B_SPLINE_CURVE_WITH_KNOTS('',3,(#9181,#9182,#9183,#9184,#9185),
 .UNSPECIFIED.,.F.,.F.,(4,1,4),(0.,0.00122025875402883,0.00244051750805767),
 .UNSPECIFIED.);
#295=B_SPLINE_CURVE_WITH_KNOTS('',3,(#9190,#9191,#9192,#9193,#9194),
 .UNSPECIFIED.,.F.,.F.,(4,1,4),(0.,0.00125657961184375,0.0025131592236875),
 .UNSPECIFIED.);
#296=B_SPLINE_CURVE_WITH_KNOTS('',3,(#9207,#9208,#9209,#9210,#9211),
 .UNSPECIFIED.,.F.,.F.,(4,1,4),(0.,0.00122025875402884,0.00244051750805769),
 .UNSPECIFIED.);
#297=B_SPLINE_CURVE_WITH_KNOTS('',3,(#9216,#9217,#9218,#9219),
 .UNSPECIFIED.,.F.,.F.,(4,4),(0.,0.00442022060409513),.UNSPECIFIED.);
#298=B_SPLINE_CURVE_WITH_KNOTS('',3,(#9227,#9228,#9229,#9230),
 .UNSPECIFIED.,.F.,.F.,(4,4),(0.,0.00442022061308232),.UNSPECIFIED.);
#299=B_SPLINE_CURVE_WITH_KNOTS('',3,(#9243,#9244,#9245,#9246),
 .UNSPECIFIED.,.F.,.F.,(4,4),(0.,8.63540851189436E-5),.UNSPECIFIED.);
#300=B_SPLINE_CURVE_WITH_KNOTS('',3,(#9251,#9252,#9253,#9254),
 .UNSPECIFIED.,.F.,.F.,(4,4),(0.,8.6354085118933E-5),.UNSPECIFIED.);
#301=B_SPLINE_CURVE_WITH_KNOTS('',3,(#9262,#9263,#9264,#9265),
 .UNSPECIFIED.,.F.,.F.,(4,4),(0.,0.00442022061308228),.UNSPECIFIED.);
#302=B_SPLINE_CURVE_WITH_KNOTS('',3,(#9277,#9278,#9279,#9280),
 .UNSPECIFIED.,.F.,.F.,(4,4),(0.,0.0044202206040951),.UNSPECIFIED.);
#303=B_SPLINE_CURVE_WITH_KNOTS('',3,(#9284,#9285,#9286,#9287),
 .UNSPECIFIED.,.F.,.F.,(4,4),(0.,8.63540851189469E-5),.UNSPECIFIED.);
#304=B_SPLINE_CURVE_WITH_KNOTS('',3,(#9293,#9294,#9295,#9296),
 .UNSPECIFIED.,.F.,.F.,(4,4),(0.,8.63540851189264E-5),.UNSPECIFIED.);
#305=B_SPLINE_CURVE_WITH_KNOTS('',3,(#9300,#9301,#9302,#9303),
 .UNSPECIFIED.,.F.,.F.,(4,4),(0.,3.14238364174051E-5),.UNSPECIFIED.);
#306=B_SPLINE_CURVE_WITH_KNOTS('',3,(#9305,#9306,#9307,#9308),
 .UNSPECIFIED.,.F.,.F.,(4,4),(4.36276580952195E-7,0.00566541217452741),
 .UNSPECIFIED.);
#307=B_SPLINE_CURVE_WITH_KNOTS('',3,(#9309,#9310,#9311,#9312),
 .UNSPECIFIED.,.F.,.F.,(4,4),(0.,0.00566497577801963),.UNSPECIFIED.);
#308=B_SPLINE_CURVE_WITH_KNOTS('',3,(#9314,#9315,#9316,#9317),
 .UNSPECIFIED.,.F.,.F.,(4,4),(0.,3.14238364173691E-5),.UNSPECIFIED.);
#309=B_SPLINE_CURVE_WITH_KNOTS('',3,(#9319,#9320,#9321,#9322),
 .UNSPECIFIED.,.F.,.F.,(4,4),(0.,3.14238364173844E-5),.UNSPECIFIED.);
#310=B_SPLINE_CURVE_WITH_KNOTS('',3,(#9324,#9325,#9326,#9327),
 .UNSPECIFIED.,.F.,.F.,(4,4),(4.36276581033442E-7,0.00566541217452745),
 .UNSPECIFIED.);
#311=B_SPLINE_CURVE_WITH_KNOTS('',3,(#9328,#9329,#9330,#9331),
 .UNSPECIFIED.,.F.,.F.,(4,4),(0.,0.00566497577801963),.UNSPECIFIED.);
#312=B_SPLINE_CURVE_WITH_KNOTS('',3,(#9333,#9334,#9335,#9336),
 .UNSPECIFIED.,.F.,.F.,(4,4),(0.,3.14238364173671E-5),.UNSPECIFIED.);
#313=B_SPLINE_CURVE_WITH_KNOTS('',3,(#9338,#9339,#9340,#9341,#9342),
 .UNSPECIFIED.,.F.,.F.,(4,1,4),(0.,0.00122025875402883,0.00244051750805766),
 .UNSPECIFIED.);
#314=B_SPLINE_CURVE_WITH_KNOTS('',3,(#9355,#9356,#9357,#9358,#9359),
 .UNSPECIFIED.,.F.,.F.,(4,1,4),(0.,0.00125657961184381,0.00251315922368762),
 .UNSPECIFIED.);
#315=B_SPLINE_CURVE_WITH_KNOTS('',3,(#9362,#9363,#9364,#9365,#9366),
 .UNSPECIFIED.,.F.,.F.,(4,1,4),(0.,0.00122025875402881,0.00244051750805762),
 .UNSPECIFIED.);
#316=B_SPLINE_CURVE_WITH_KNOTS('',3,(#9379,#9380,#9381,#9382,#9383),
 .UNSPECIFIED.,.F.,.F.,(4,1,4),(0.,0.00125657961184378,0.00251315922368755),
 .UNSPECIFIED.);
#317=B_SPLINE_CURVE_WITH_KNOTS('',3,(#9386,#9387,#9388,#9389,#9390),
 .UNSPECIFIED.,.F.,.F.,(4,1,4),(0.,0.00125657961184381,0.00251315922368762),
 .UNSPECIFIED.);
#318=B_SPLINE_CURVE_WITH_KNOTS('',3,(#9403,#9404,#9405,#9406,#9407),
 .UNSPECIFIED.,.F.,.F.,(4,1,4),(0.,0.00122025875402883,0.00244051750805765),
 .UNSPECIFIED.);
#319=B_SPLINE_CURVE_WITH_KNOTS('',3,(#9412,#9413,#9414,#9415,#9416),
 .UNSPECIFIED.,.F.,.F.,(4,1,4),(0.,0.00125657961184379,0.00251315922368759),
 .UNSPECIFIED.);
#320=B_SPLINE_CURVE_WITH_KNOTS('',3,(#9429,#9430,#9431,#9432,#9433),
 .UNSPECIFIED.,.F.,.F.,(4,1,4),(0.,0.00122025875402884,0.00244051750805769),
 .UNSPECIFIED.);
#321=B_SPLINE_CURVE_WITH_KNOTS('',3,(#9438,#9439,#9440,#9441),
 .UNSPECIFIED.,.F.,.F.,(4,4),(0.,0.00442022060409513),.UNSPECIFIED.);
#322=B_SPLINE_CURVE_WITH_KNOTS('',3,(#9449,#9450,#9451,#9452),
 .UNSPECIFIED.,.F.,.F.,(4,4),(0.,0.00442022061308229),.UNSPECIFIED.);
#323=B_SPLINE_CURVE_WITH_KNOTS('',3,(#9465,#9466,#9467,#9468),
 .UNSPECIFIED.,.F.,.F.,(4,4),(0.,8.6354085118936E-5),.UNSPECIFIED.);
#324=B_SPLINE_CURVE_WITH_KNOTS('',3,(#9473,#9474,#9475,#9476),
 .UNSPECIFIED.,.F.,.F.,(4,4),(0.,8.63540851189339E-5),.UNSPECIFIED.);
#325=B_SPLINE_CURVE_WITH_KNOTS('',3,(#9484,#9485,#9486,#9487),
 .UNSPECIFIED.,.F.,.F.,(4,4),(0.,0.00442022061308228),.UNSPECIFIED.);
#326=B_SPLINE_CURVE_WITH_KNOTS('',3,(#9499,#9500,#9501,#9502),
 .UNSPECIFIED.,.F.,.F.,(4,4),(0.,0.00442022060409511),.UNSPECIFIED.);
#327=B_SPLINE_CURVE_WITH_KNOTS('',3,(#9506,#9507,#9508,#9509),
 .UNSPECIFIED.,.F.,.F.,(4,4),(0.,8.63540851189383E-5),.UNSPECIFIED.);
#328=B_SPLINE_CURVE_WITH_KNOTS('',3,(#9515,#9516,#9517,#9518),
 .UNSPECIFIED.,.F.,.F.,(4,4),(0.,8.63540851189267E-5),.UNSPECIFIED.);
#329=B_SPLINE_CURVE_WITH_KNOTS('',3,(#9522,#9523,#9524,#9525),
 .UNSPECIFIED.,.F.,.F.,(4,4),(0.,3.14238364173872E-5),.UNSPECIFIED.);
#330=B_SPLINE_CURVE_WITH_KNOTS('',3,(#9527,#9528,#9529,#9530),
 .UNSPECIFIED.,.F.,.F.,(4,4),(4.36276580952117E-7,0.00566541217452741),
 .UNSPECIFIED.);
#331=B_SPLINE_CURVE_WITH_KNOTS('',3,(#9531,#9532,#9533,#9534),
 .UNSPECIFIED.,.F.,.F.,(4,4),(0.,0.0056649757780196),.UNSPECIFIED.);
#332=B_SPLINE_CURVE_WITH_KNOTS('',3,(#9536,#9537,#9538,#9539),
 .UNSPECIFIED.,.F.,.F.,(4,4),(0.,3.14238364173696E-5),.UNSPECIFIED.);
#333=B_SPLINE_CURVE_WITH_KNOTS('',3,(#9541,#9542,#9543,#9544),
 .UNSPECIFIED.,.F.,.F.,(4,4),(0.,3.14238364174722E-5),.UNSPECIFIED.);
#334=B_SPLINE_CURVE_WITH_KNOTS('',3,(#9546,#9547,#9548,#9549),
 .UNSPECIFIED.,.F.,.F.,(4,4),(4.36276581037039E-7,0.00566541217452746),
 .UNSPECIFIED.);
#335=B_SPLINE_CURVE_WITH_KNOTS('',3,(#9550,#9551,#9552,#9553),
 .UNSPECIFIED.,.F.,.F.,(4,4),(0.,0.00566497577801963),.UNSPECIFIED.);
#336=B_SPLINE_CURVE_WITH_KNOTS('',3,(#9555,#9556,#9557,#9558),
 .UNSPECIFIED.,.F.,.F.,(4,4),(0.,3.1423836417471E-5),.UNSPECIFIED.);
#337=B_SPLINE_CURVE_WITH_KNOTS('',3,(#9560,#9561,#9562,#9563,#9564),
 .UNSPECIFIED.,.F.,.F.,(4,1,4),(0.,0.00122025875402881,0.00244051750805762),
 .UNSPECIFIED.);
#338=B_SPLINE_CURVE_WITH_KNOTS('',3,(#9577,#9578,#9579,#9580,#9581),
 .UNSPECIFIED.,.F.,.F.,(4,1,4),(0.,0.00125657961184383,0.00251315922368765),
 .UNSPECIFIED.);
#339=B_SPLINE_CURVE_WITH_KNOTS('',3,(#9584,#9585,#9586,#9587,#9588),
 .UNSPECIFIED.,.F.,.F.,(4,1,4),(0.,0.00122025875402881,0.00244051750805763),
 .UNSPECIFIED.);
#340=B_SPLINE_CURVE_WITH_KNOTS('',3,(#9601,#9602,#9603,#9604,#9605),
 .UNSPECIFIED.,.F.,.F.,(4,1,4),(0.,0.00125657961184381,0.00251315922368761),
 .UNSPECIFIED.);
#341=B_SPLINE_CURVE_WITH_KNOTS('',3,(#9608,#9609,#9610,#9611,#9612),
 .UNSPECIFIED.,.F.,.F.,(4,1,4),(0.,0.00125657961184378,0.00251315922368755),
 .UNSPECIFIED.);
#342=B_SPLINE_CURVE_WITH_KNOTS('',3,(#9625,#9626,#9627,#9628,#9629),
 .UNSPECIFIED.,.F.,.F.,(4,1,4),(0.,0.00122025875402884,0.00244051750805768),
 .UNSPECIFIED.);
#343=B_SPLINE_CURVE_WITH_KNOTS('',3,(#9634,#9635,#9636,#9637,#9638),
 .UNSPECIFIED.,.F.,.F.,(4,1,4),(0.,0.0012565796118438,0.00251315922368759),
 .UNSPECIFIED.);
#344=B_SPLINE_CURVE_WITH_KNOTS('',3,(#9651,#9652,#9653,#9654,#9655),
 .UNSPECIFIED.,.F.,.F.,(4,1,4),(0.,0.00122025875402883,0.00244051750805767),
 .UNSPECIFIED.);
#345=LINE('',#7011,#613);
#346=LINE('',#7013,#614);
#347=LINE('',#7015,#615);
#348=LINE('',#7019,#616);
#349=LINE('',#7020,#617);
#350=LINE('',#7029,#618);
#351=LINE('',#7035,#619);
#352=LINE('',#7043,#620);
#353=LINE('',#7048,#621);
#354=LINE('',#7057,#622);
#355=LINE('',#7063,#623);
#356=LINE('',#7071,#624);
#357=LINE('',#7076,#625);
#358=LINE('',#7085,#626);
#359=LINE('',#7091,#627);
#360=LINE('',#7099,#628);
#361=LINE('',#7104,#629);
#362=LINE('',#7113,#630);
#363=LINE('',#7119,#631);
#364=LINE('',#7127,#632);
#365=LINE('',#7132,#633);
#366=LINE('',#7141,#634);
#367=LINE('',#7147,#635);
#368=LINE('',#7155,#636);
#369=LINE('',#7160,#637);
#370=LINE('',#7169,#638);
#371=LINE('',#7175,#639);
#372=LINE('',#7183,#640);
#373=LINE('',#7188,#641);
#374=LINE('',#7197,#642);
#375=LINE('',#7203,#643);
#376=LINE('',#7211,#644);
#377=LINE('',#7216,#645);
#378=LINE('',#7225,#646);
#379=LINE('',#7231,#647);
#380=LINE('',#7239,#648);
#381=LINE('',#7244,#649);
#382=LINE('',#7253,#650);
#383=LINE('',#7259,#651);
#384=LINE('',#7267,#652);
#385=LINE('',#7273,#653);
#386=LINE('',#7276,#654);
#387=LINE('',#7278,#655);
#388=LINE('',#7280,#656);
#389=LINE('',#7282,#657);
#390=LINE('',#7285,#658);
#391=LINE('',#7287,#659);
#392=LINE('',#7289,#660);
#393=LINE('',#7291,#661);
#394=LINE('',#7294,#662);
#395=LINE('',#7296,#663);
#396=LINE('',#7298,#664);
#397=LINE('',#7310,#665);
#398=LINE('',#7311,#666);
#399=LINE('',#7313,#667);
#400=LINE('',#7316,#668);
#401=LINE('',#7320,#669);
#402=LINE('',#7324,#670);
#403=LINE('',#7337,#671);
#404=LINE('',#7338,#672);
#405=LINE('',#7352,#673);
#406=LINE('',#7353,#674);
#407=LINE('',#7373,#675);
#408=LINE('',#7374,#676);
#409=LINE('',#7388,#677);
#410=LINE('',#7389,#678);
#411=LINE('',#7413,#679);
#412=LINE('',#7414,#680);
#413=LINE('',#7428,#681);
#414=LINE('',#7429,#682);
#415=LINE('',#7449,#683);
#416=LINE('',#7450,#684);
#417=LINE('',#7464,#685);
#418=LINE('',#7465,#686);
#419=LINE('',#7485,#687);
#420=LINE('',#7486,#688);
#421=LINE('',#7500,#689);
#422=LINE('',#7501,#690);
#423=LINE('',#7527,#691);
#424=LINE('',#7528,#692);
#425=LINE('',#7542,#693);
#426=LINE('',#7543,#694);
#427=LINE('',#7563,#695);
#428=LINE('',#7564,#696);
#429=LINE('',#7578,#697);
#430=LINE('',#7579,#698);
#431=LINE('',#7599,#699);
#432=LINE('',#7600,#700);
#433=LINE('',#7614,#701);
#434=LINE('',#7615,#702);
#435=LINE('',#7637,#703);
#436=LINE('',#7638,#704);
#437=LINE('',#7652,#705);
#438=LINE('',#7653,#706);
#439=LINE('',#7668,#707);
#440=LINE('',#7669,#708);
#441=LINE('',#7671,#709);
#442=LINE('',#7678,#710);
#443=LINE('',#7680,#711);
#444=LINE('',#7684,#712);
#445=LINE('',#7694,#713);
#446=LINE('',#7695,#714);
#447=LINE('',#7702,#715);
#448=LINE('',#7705,#716);
#449=LINE('',#7706,#717);
#450=LINE('',#7713,#718);
#451=LINE('',#7717,#719);
#452=LINE('',#7719,#720);
#453=LINE('',#7721,#721);
#454=LINE('',#7728,#722);
#455=LINE('',#7736,#723);
#456=LINE('',#7737,#724);
#457=LINE('',#7890,#725);
#458=LINE('',#7891,#726);
#459=LINE('',#7893,#727);
#460=LINE('',#7900,#728);
#461=LINE('',#7902,#729);
#462=LINE('',#7906,#730);
#463=LINE('',#7916,#731);
#464=LINE('',#7917,#732);
#465=LINE('',#7924,#733);
#466=LINE('',#7927,#734);
#467=LINE('',#7928,#735);
#468=LINE('',#7935,#736);
#469=LINE('',#7939,#737);
#470=LINE('',#7941,#738);
#471=LINE('',#7943,#739);
#472=LINE('',#7950,#740);
#473=LINE('',#7958,#741);
#474=LINE('',#7959,#742);
#475=LINE('',#8112,#743);
#476=LINE('',#8113,#744);
#477=LINE('',#8115,#745);
#478=LINE('',#8122,#746);
#479=LINE('',#8124,#747);
#480=LINE('',#8128,#748);
#481=LINE('',#8138,#749);
#482=LINE('',#8139,#750);
#483=LINE('',#8146,#751);
#484=LINE('',#8149,#752);
#485=LINE('',#8150,#753);
#486=LINE('',#8157,#754);
#487=LINE('',#8161,#755);
#488=LINE('',#8163,#756);
#489=LINE('',#8165,#757);
#490=LINE('',#8172,#758);
#491=LINE('',#8180,#759);
#492=LINE('',#8181,#760);
#493=LINE('',#8334,#761);
#494=LINE('',#8335,#762);
#495=LINE('',#8337,#763);
#496=LINE('',#8344,#764);
#497=LINE('',#8346,#765);
#498=LINE('',#8350,#766);
#499=LINE('',#8360,#767);
#500=LINE('',#8361,#768);
#501=LINE('',#8368,#769);
#502=LINE('',#8371,#770);
#503=LINE('',#8372,#771);
#504=LINE('',#8379,#772);
#505=LINE('',#8383,#773);
#506=LINE('',#8385,#774);
#507=LINE('',#8387,#775);
#508=LINE('',#8394,#776);
#509=LINE('',#8402,#777);
#510=LINE('',#8403,#778);
#511=LINE('',#8556,#779);
#512=LINE('',#8557,#780);
#513=LINE('',#8559,#781);
#514=LINE('',#8566,#782);
#515=LINE('',#8568,#783);
#516=LINE('',#8572,#784);
#517=LINE('',#8582,#785);
#518=LINE('',#8583,#786);
#519=LINE('',#8590,#787);
#520=LINE('',#8593,#788);
#521=LINE('',#8594,#789);
#522=LINE('',#8601,#790);
#523=LINE('',#8605,#791);
#524=LINE('',#8607,#792);
#525=LINE('',#8609,#793);
#526=LINE('',#8616,#794);
#527=LINE('',#8624,#795);
#528=LINE('',#8625,#796);
#529=LINE('',#8778,#797);
#530=LINE('',#8779,#798);
#531=LINE('',#8781,#799);
#532=LINE('',#8788,#800);
#533=LINE('',#8790,#801);
#534=LINE('',#8794,#802);
#535=LINE('',#8804,#803);
#536=LINE('',#8805,#804);
#537=LINE('',#8812,#805);
#538=LINE('',#8815,#806);
#539=LINE('',#8816,#807);
#540=LINE('',#8823,#808);
#541=LINE('',#8827,#809);
#542=LINE('',#8829,#810);
#543=LINE('',#8831,#811);
#544=LINE('',#8838,#812);
#545=LINE('',#8846,#813);
#546=LINE('',#8847,#814);
#547=LINE('',#9000,#815);
#548=LINE('',#9001,#816);
#549=LINE('',#9003,#817);
#550=LINE('',#9010,#818);
#551=LINE('',#9012,#819);
#552=LINE('',#9016,#820);
#553=LINE('',#9026,#821);
#554=LINE('',#9027,#822);
#555=LINE('',#9034,#823);
#556=LINE('',#9037,#824);
#557=LINE('',#9038,#825);
#558=LINE('',#9045,#826);
#559=LINE('',#9049,#827);
#560=LINE('',#9051,#828);
#561=LINE('',#9053,#829);
#562=LINE('',#9060,#830);
#563=LINE('',#9068,#831);
#564=LINE('',#9069,#832);
#565=LINE('',#9222,#833);
#566=LINE('',#9223,#834);
#567=LINE('',#9225,#835);
#568=LINE('',#9232,#836);
#569=LINE('',#9234,#837);
#570=LINE('',#9238,#838);
#571=LINE('',#9248,#839);
#572=LINE('',#9249,#840);
#573=LINE('',#9256,#841);
#574=LINE('',#9259,#842);
#575=LINE('',#9260,#843);
#576=LINE('',#9267,#844);
#577=LINE('',#9271,#845);
#578=LINE('',#9273,#846);
#579=LINE('',#9275,#847);
#580=LINE('',#9282,#848);
#581=LINE('',#9290,#849);
#582=LINE('',#9291,#850);
#583=LINE('',#9444,#851);
#584=LINE('',#9445,#852);
#585=LINE('',#9447,#853);
#586=LINE('',#9454,#854);
#587=LINE('',#9456,#855);
#588=LINE('',#9460,#856);
#589=LINE('',#9470,#857);
#590=LINE('',#9471,#858);
#591=LINE('',#9478,#859);
#592=LINE('',#9481,#860);
#593=LINE('',#9482,#861);
#594=LINE('',#9489,#862);
#595=LINE('',#9493,#863);
#596=LINE('',#9495,#864);
#597=LINE('',#9497,#865);
#598=LINE('',#9504,#866);
#599=LINE('',#9512,#867);
#600=LINE('',#9513,#868);
#601=LINE('',#9666,#869);
#602=LINE('',#9667,#870);
#603=LINE('',#9669,#871);
#604=LINE('',#9671,#872);
#605=LINE('',#9673,#873);
#606=LINE('',#9675,#874);
#607=LINE('',#9678,#875);
#608=LINE('',#9679,#876);
#609=LINE('',#9681,#877);
#610=LINE('',#9683,#878);
#611=LINE('',#9685,#879);
#612=LINE('',#9687,#880);
#613=VECTOR('',#5768,1.);
#614=VECTOR('',#5769,1.);
#615=VECTOR('',#5770,1.);
#616=VECTOR('',#5773,1.);
#617=VECTOR('',#5774,1.);
#618=VECTOR('',#5781,1.);
#619=VECTOR('',#5786,1.);
#620=VECTOR('',#5793,1.);
#621=VECTOR('',#5798,1.);
#622=VECTOR('',#5805,1.);
#623=VECTOR('',#5810,1.);
#624=VECTOR('',#5817,1.);
#625=VECTOR('',#5822,1.);
#626=VECTOR('',#5829,1.);
#627=VECTOR('',#5834,1.);
#628=VECTOR('',#5841,1.);
#629=VECTOR('',#5846,1.);
#630=VECTOR('',#5853,1.);
#631=VECTOR('',#5858,1.);
#632=VECTOR('',#5865,1.);
#633=VECTOR('',#5870,1.);
#634=VECTOR('',#5877,1.);
#635=VECTOR('',#5882,1.);
#636=VECTOR('',#5889,1.);
#637=VECTOR('',#5894,1.);
#638=VECTOR('',#5901,1.);
#639=VECTOR('',#5906,1.);
#640=VECTOR('',#5913,1.);
#641=VECTOR('',#5918,1.);
#642=VECTOR('',#5925,1.);
#643=VECTOR('',#5930,1.);
#644=VECTOR('',#5937,1.);
#645=VECTOR('',#5942,1.);
#646=VECTOR('',#5949,1.);
#647=VECTOR('',#5954,1.);
#648=VECTOR('',#5961,1.);
#649=VECTOR('',#5966,1.);
#650=VECTOR('',#5973,1.);
#651=VECTOR('',#5978,1.);
#652=VECTOR('',#5985,1.);
#653=VECTOR('',#5992,1.);
#654=VECTOR('',#5993,1.);
#655=VECTOR('',#5994,1.);
#656=VECTOR('',#5995,1.);
#657=VECTOR('',#5998,1.);
#658=VECTOR('',#5999,1.);
#659=VECTOR('',#6000,1.);
#660=VECTOR('',#6001,1.);
#661=VECTOR('',#6004,1.);
#662=VECTOR('',#6005,1.);
#663=VECTOR('',#6006,1.);
#664=VECTOR('',#6007,1.);
#665=VECTOR('',#6020,1.);
#666=VECTOR('',#6021,1.);
#667=VECTOR('',#6024,1.);
#668=VECTOR('',#6025,1.);
#669=VECTOR('',#6028,1.);
#670=VECTOR('',#6031,1.);
#671=VECTOR('',#6038,1.);
#672=VECTOR('',#6039,1.);
#673=VECTOR('',#6042,1.);
#674=VECTOR('',#6043,1.);
#675=VECTOR('',#6052,1.);
#676=VECTOR('',#6053,1.);
#677=VECTOR('',#6056,1.);
#678=VECTOR('',#6057,1.);
#679=VECTOR('',#6070,1.);
#680=VECTOR('',#6071,1.);
#681=VECTOR('',#6074,1.);
#682=VECTOR('',#6075,1.);
#683=VECTOR('',#6084,1.);
#684=VECTOR('',#6085,1.);
#685=VECTOR('',#6088,1.);
#686=VECTOR('',#6089,1.);
#687=VECTOR('',#6098,1.);
#688=VECTOR('',#6099,1.);
#689=VECTOR('',#6102,1.);
#690=VECTOR('',#6103,1.);
#691=VECTOR('',#6118,1.);
#692=VECTOR('',#6119,1.);
#693=VECTOR('',#6122,1.);
#694=VECTOR('',#6123,1.);
#695=VECTOR('',#6132,1.);
#696=VECTOR('',#6133,1.);
#697=VECTOR('',#6136,1.);
#698=VECTOR('',#6137,1.);
#699=VECTOR('',#6146,1.);
#700=VECTOR('',#6147,1.);
#701=VECTOR('',#6150,1.);
#702=VECTOR('',#6151,1.);
#703=VECTOR('',#6162,1.);
#704=VECTOR('',#6163,1.);
#705=VECTOR('',#6166,1.);
#706=VECTOR('',#6167,1.);
#707=VECTOR('',#6172,1.);
#708=VECTOR('',#6173,1.);
#709=VECTOR('',#6176,1.);
#710=VECTOR('',#6177,1.);
#711=VECTOR('',#6180,1.);
#712=VECTOR('',#6183,1.);
#713=VECTOR('',#6188,1.);
#714=VECTOR('',#6189,1.);
#715=VECTOR('',#6192,1.);
#716=VECTOR('',#6193,1.);
#717=VECTOR('',#6194,1.);
#718=VECTOR('',#6197,1.);
#719=VECTOR('',#6200,1.);
#720=VECTOR('',#6203,1.);
#721=VECTOR('',#6204,1.);
#722=VECTOR('',#6205,1.);
#723=VECTOR('',#6208,1.);
#724=VECTOR('',#6209,1.);
#725=VECTOR('',#6242,1.);
#726=VECTOR('',#6243,1.);
#727=VECTOR('',#6246,1.);
#728=VECTOR('',#6247,1.);
#729=VECTOR('',#6250,1.);
#730=VECTOR('',#6253,1.);
#731=VECTOR('',#6258,1.);
#732=VECTOR('',#6259,1.);
#733=VECTOR('',#6262,1.);
#734=VECTOR('',#6263,1.);
#735=VECTOR('',#6264,1.);
#736=VECTOR('',#6267,1.);
#737=VECTOR('',#6270,1.);
#738=VECTOR('',#6273,1.);
#739=VECTOR('',#6274,1.);
#740=VECTOR('',#6275,1.);
#741=VECTOR('',#6278,1.);
#742=VECTOR('',#6279,1.);
#743=VECTOR('',#6312,1.);
#744=VECTOR('',#6313,1.);
#745=VECTOR('',#6316,1.);
#746=VECTOR('',#6317,1.);
#747=VECTOR('',#6320,1.);
#748=VECTOR('',#6323,1.);
#749=VECTOR('',#6328,1.);
#750=VECTOR('',#6329,1.);
#751=VECTOR('',#6332,1.);
#752=VECTOR('',#6333,1.);
#753=VECTOR('',#6334,1.);
#754=VECTOR('',#6337,1.);
#755=VECTOR('',#6340,1.);
#756=VECTOR('',#6343,1.);
#757=VECTOR('',#6344,1.);
#758=VECTOR('',#6345,1.);
#759=VECTOR('',#6348,1.);
#760=VECTOR('',#6349,1.);
#761=VECTOR('',#6382,1.);
#762=VECTOR('',#6383,1.);
#763=VECTOR('',#6386,1.);
#764=VECTOR('',#6387,1.);
#765=VECTOR('',#6390,1.);
#766=VECTOR('',#6393,1.);
#767=VECTOR('',#6398,1.);
#768=VECTOR('',#6399,1.);
#769=VECTOR('',#6402,1.);
#770=VECTOR('',#6403,1.);
#771=VECTOR('',#6404,1.);
#772=VECTOR('',#6407,1.);
#773=VECTOR('',#6410,1.);
#774=VECTOR('',#6413,1.);
#775=VECTOR('',#6414,1.);
#776=VECTOR('',#6415,1.);
#777=VECTOR('',#6418,1.);
#778=VECTOR('',#6419,1.);
#779=VECTOR('',#6452,1.);
#780=VECTOR('',#6453,1.);
#781=VECTOR('',#6456,1.);
#782=VECTOR('',#6457,1.);
#783=VECTOR('',#6460,1.);
#784=VECTOR('',#6463,1.);
#785=VECTOR('',#6468,1.);
#786=VECTOR('',#6469,1.);
#787=VECTOR('',#6472,1.);
#788=VECTOR('',#6473,1.);
#789=VECTOR('',#6474,1.);
#790=VECTOR('',#6477,1.);
#791=VECTOR('',#6480,1.);
#792=VECTOR('',#6483,1.);
#793=VECTOR('',#6484,1.);
#794=VECTOR('',#6485,1.);
#795=VECTOR('',#6488,1.);
#796=VECTOR('',#6489,1.);
#797=VECTOR('',#6522,1.);
#798=VECTOR('',#6523,1.);
#799=VECTOR('',#6526,1.);
#800=VECTOR('',#6527,1.);
#801=VECTOR('',#6530,1.);
#802=VECTOR('',#6533,1.);
#803=VECTOR('',#6538,1.);
#804=VECTOR('',#6539,1.);
#805=VECTOR('',#6542,1.);
#806=VECTOR('',#6543,1.);
#807=VECTOR('',#6544,1.);
#808=VECTOR('',#6547,1.);
#809=VECTOR('',#6550,1.);
#810=VECTOR('',#6553,1.);
#811=VECTOR('',#6554,1.);
#812=VECTOR('',#6555,1.);
#813=VECTOR('',#6558,1.);
#814=VECTOR('',#6559,1.);
#815=VECTOR('',#6592,1.);
#816=VECTOR('',#6593,1.);
#817=VECTOR('',#6596,1.);
#818=VECTOR('',#6597,1.);
#819=VECTOR('',#6600,1.);
#820=VECTOR('',#6603,1.);
#821=VECTOR('',#6608,1.);
#822=VECTOR('',#6609,1.);
#823=VECTOR('',#6612,1.);
#824=VECTOR('',#6613,1.);
#825=VECTOR('',#6614,1.);
#826=VECTOR('',#6617,1.);
#827=VECTOR('',#6620,1.);
#828=VECTOR('',#6623,1.);
#829=VECTOR('',#6624,1.);
#830=VECTOR('',#6625,1.);
#831=VECTOR('',#6628,1.);
#832=VECTOR('',#6629,1.);
#833=VECTOR('',#6662,1.);
#834=VECTOR('',#6663,1.);
#835=VECTOR('',#6666,1.);
#836=VECTOR('',#6667,1.);
#837=VECTOR('',#6670,1.);
#838=VECTOR('',#6673,1.);
#839=VECTOR('',#6678,1.);
#840=VECTOR('',#6679,1.);
#841=VECTOR('',#6682,1.);
#842=VECTOR('',#6683,1.);
#843=VECTOR('',#6684,1.);
#844=VECTOR('',#6687,1.);
#845=VECTOR('',#6690,1.);
#846=VECTOR('',#6693,1.);
#847=VECTOR('',#6694,1.);
#848=VECTOR('',#6695,1.);
#849=VECTOR('',#6698,1.);
#850=VECTOR('',#6699,1.);
#851=VECTOR('',#6732,1.);
#852=VECTOR('',#6733,1.);
#853=VECTOR('',#6736,1.);
#854=VECTOR('',#6737,1.);
#855=VECTOR('',#6740,1.);
#856=VECTOR('',#6743,1.);
#857=VECTOR('',#6748,1.);
#858=VECTOR('',#6749,1.);
#859=VECTOR('',#6752,1.);
#860=VECTOR('',#6753,1.);
#861=VECTOR('',#6754,1.);
#862=VECTOR('',#6757,1.);
#863=VECTOR('',#6760,1.);
#864=VECTOR('',#6763,1.);
#865=VECTOR('',#6764,1.);
#866=VECTOR('',#6765,1.);
#867=VECTOR('',#6768,1.);
#868=VECTOR('',#6769,1.);
#869=VECTOR('',#6814,1.);
#870=VECTOR('',#6815,1.);
#871=VECTOR('',#6818,1.);
#872=VECTOR('',#6821,1.);
#873=VECTOR('',#6824,1.);
#874=VECTOR('',#6827,1.);
#875=VECTOR('',#6832,1.);
#876=VECTOR('',#6833,1.);
#877=VECTOR('',#6836,1.);
#878=VECTOR('',#6839,1.);
#879=VECTOR('',#6842,1.);
#880=VECTOR('',#6845,1.);
#881=PLANE('',#5170);
#882=PLANE('',#5174);
#883=PLANE('',#5178);
#884=PLANE('',#5182);
#885=PLANE('',#5186);
#886=PLANE('',#5190);
#887=PLANE('',#5194);
#888=PLANE('',#5198);
#889=PLANE('',#5202);
#890=PLANE('',#5206);
#891=PLANE('',#5210);
#892=PLANE('',#5214);
#893=PLANE('',#5215);
#894=PLANE('',#5308);
#895=PLANE('',#5309);
#896=PLANE('',#5310);
#897=PLANE('',#5311);
#898=PLANE('',#5317);
#899=PLANE('',#5324);
#900=PLANE('',#5329);
#901=PLANE('',#5336);
#902=PLANE('',#5341);
#903=PLANE('',#5346);
#904=PLANE('',#5354);
#905=PLANE('',#5359);
#906=PLANE('',#5364);
#907=PLANE('',#5370);
#908=PLANE('',#5371);
#909=PLANE('',#5372);
#910=PLANE('',#5375);
#911=PLANE('',#5377);
#912=PLANE('',#5380);
#913=PLANE('',#5381);
#914=PLANE('',#5397);
#915=PLANE('',#5398);
#916=PLANE('',#5401);
#917=PLANE('',#5403);
#918=PLANE('',#5406);
#919=PLANE('',#5407);
#920=PLANE('',#5423);
#921=PLANE('',#5424);
#922=PLANE('',#5427);
#923=PLANE('',#5429);
#924=PLANE('',#5432);
#925=PLANE('',#5433);
#926=PLANE('',#5449);
#927=PLANE('',#5450);
#928=PLANE('',#5453);
#929=PLANE('',#5455);
#930=PLANE('',#5458);
#931=PLANE('',#5459);
#932=PLANE('',#5475);
#933=PLANE('',#5476);
#934=PLANE('',#5479);
#935=PLANE('',#5481);
#936=PLANE('',#5484);
#937=PLANE('',#5485);
#938=PLANE('',#5501);
#939=PLANE('',#5502);
#940=PLANE('',#5505);
#941=PLANE('',#5507);
#942=PLANE('',#5510);
#943=PLANE('',#5511);
#944=PLANE('',#5527);
#945=PLANE('',#5528);
#946=PLANE('',#5531);
#947=PLANE('',#5533);
#948=PLANE('',#5536);
#949=PLANE('',#5537);
#950=PLANE('',#5553);
#951=PLANE('',#5554);
#952=PLANE('',#5557);
#953=PLANE('',#5559);
#954=PLANE('',#5562);
#955=PLANE('',#5563);
#956=PLANE('',#5579);
#957=PLANE('',#5580);
#958=PLANE('',#5583);
#959=PLANE('',#5585);
#960=PLANE('',#5588);
#961=PLANE('',#5589);
#962=PLANE('',#5612);
#963=PLANE('',#5613);
#964=PLANE('',#5615);
#965=PLANE('',#5616);
#966=PLANE('',#5618);
#967=PLANE('',#5619);
#968=PLANE('',#5621);
#969=PLANE('',#5622);
#970=PLANE('',#5625);
#971=PLANE('',#5628);
#972=PLANE('',#5631);
#973=PLANE('',#5634);
#974=PLANE('',#5637);
#975=PLANE('',#5640);
#976=PLANE('',#5644);
#977=PLANE('',#5648);
#978=PLANE('',#5652);
#979=PLANE('',#5656);
#980=PLANE('',#5660);
#981=ORIENTED_EDGE('',*,*,#2481,.F.);
#982=ORIENTED_EDGE('',*,*,#2482,.T.);
#983=ORIENTED_EDGE('',*,*,#2481,.T.);
#984=ORIENTED_EDGE('',*,*,#2483,.F.);
#985=ORIENTED_EDGE('',*,*,#2484,.T.);
#986=ORIENTED_EDGE('',*,*,#2483,.T.);
#987=ORIENTED_EDGE('',*,*,#2485,.F.);
#988=ORIENTED_EDGE('',*,*,#2486,.T.);
#989=ORIENTED_EDGE('',*,*,#2485,.T.);
#990=ORIENTED_EDGE('',*,*,#2487,.F.);
#991=ORIENTED_EDGE('',*,*,#2488,.T.);
#992=ORIENTED_EDGE('',*,*,#2487,.T.);
#993=ORIENTED_EDGE('',*,*,#2489,.F.);
#994=ORIENTED_EDGE('',*,*,#2490,.T.);
#995=ORIENTED_EDGE('',*,*,#2489,.T.);
#996=ORIENTED_EDGE('',*,*,#2491,.F.);
#997=ORIENTED_EDGE('',*,*,#2492,.T.);
#998=ORIENTED_EDGE('',*,*,#2491,.T.);
#999=ORIENTED_EDGE('',*,*,#2493,.F.);
#1000=ORIENTED_EDGE('',*,*,#2494,.T.);
#1001=ORIENTED_EDGE('',*,*,#2493,.T.);
#1002=ORIENTED_EDGE('',*,*,#2495,.F.);
#1003=ORIENTED_EDGE('',*,*,#2496,.T.);
#1004=ORIENTED_EDGE('',*,*,#2495,.T.);
#1005=ORIENTED_EDGE('',*,*,#2497,.F.);
#1006=ORIENTED_EDGE('',*,*,#2498,.T.);
#1007=ORIENTED_EDGE('',*,*,#2497,.T.);
#1008=ORIENTED_EDGE('',*,*,#2499,.F.);
#1009=ORIENTED_EDGE('',*,*,#2500,.T.);
#1010=ORIENTED_EDGE('',*,*,#2499,.T.);
#1011=ORIENTED_EDGE('',*,*,#2501,.F.);
#1012=ORIENTED_EDGE('',*,*,#2502,.T.);
#1013=ORIENTED_EDGE('',*,*,#2501,.T.);
#1014=ORIENTED_EDGE('',*,*,#2503,.F.);
#1015=ORIENTED_EDGE('',*,*,#2504,.T.);
#1016=ORIENTED_EDGE('',*,*,#2503,.T.);
#1017=ORIENTED_EDGE('',*,*,#2505,.T.);
#1018=ORIENTED_EDGE('',*,*,#2506,.T.);
#1019=ORIENTED_EDGE('',*,*,#2507,.T.);
#1020=ORIENTED_EDGE('',*,*,#2508,.T.);
#1021=ORIENTED_EDGE('',*,*,#2509,.T.);
#1022=ORIENTED_EDGE('',*,*,#2510,.T.);
#1023=ORIENTED_EDGE('',*,*,#2511,.F.);
#1024=ORIENTED_EDGE('',*,*,#2512,.T.);
#1025=ORIENTED_EDGE('',*,*,#2513,.F.);
#1026=ORIENTED_EDGE('',*,*,#2514,.T.);
#1027=ORIENTED_EDGE('',*,*,#2515,.F.);
#1028=ORIENTED_EDGE('',*,*,#2516,.T.);
#1029=ORIENTED_EDGE('',*,*,#2517,.F.);
#1030=ORIENTED_EDGE('',*,*,#2518,.T.);
#1031=ORIENTED_EDGE('',*,*,#2519,.T.);
#1032=ORIENTED_EDGE('',*,*,#2520,.T.);
#1033=ORIENTED_EDGE('',*,*,#2521,.T.);
#1034=ORIENTED_EDGE('',*,*,#2522,.F.);
#1035=ORIENTED_EDGE('',*,*,#2523,.F.);
#1036=ORIENTED_EDGE('',*,*,#2524,.T.);
#1037=ORIENTED_EDGE('',*,*,#2525,.F.);
#1038=ORIENTED_EDGE('',*,*,#2526,.T.);
#1039=ORIENTED_EDGE('',*,*,#2527,.F.);
#1040=ORIENTED_EDGE('',*,*,#2528,.T.);
#1041=ORIENTED_EDGE('',*,*,#2529,.F.);
#1042=ORIENTED_EDGE('',*,*,#2530,.T.);
#1043=ORIENTED_EDGE('',*,*,#2531,.F.);
#1044=ORIENTED_EDGE('',*,*,#2532,.T.);
#1045=ORIENTED_EDGE('',*,*,#2533,.T.);
#1046=ORIENTED_EDGE('',*,*,#2534,.T.);
#1047=ORIENTED_EDGE('',*,*,#2535,.T.);
#1048=ORIENTED_EDGE('',*,*,#2536,.F.);
#1049=ORIENTED_EDGE('',*,*,#2537,.F.);
#1050=ORIENTED_EDGE('',*,*,#2538,.T.);
#1051=ORIENTED_EDGE('',*,*,#2539,.F.);
#1052=ORIENTED_EDGE('',*,*,#2540,.T.);
#1053=ORIENTED_EDGE('',*,*,#2541,.F.);
#1054=ORIENTED_EDGE('',*,*,#2542,.T.);
#1055=ORIENTED_EDGE('',*,*,#2543,.F.);
#1056=ORIENTED_EDGE('',*,*,#2544,.T.);
#1057=ORIENTED_EDGE('',*,*,#2545,.F.);
#1058=ORIENTED_EDGE('',*,*,#2546,.T.);
#1059=ORIENTED_EDGE('',*,*,#2547,.T.);
#1060=ORIENTED_EDGE('',*,*,#2548,.T.);
#1061=ORIENTED_EDGE('',*,*,#2549,.T.);
#1062=ORIENTED_EDGE('',*,*,#2550,.F.);
#1063=ORIENTED_EDGE('',*,*,#2551,.F.);
#1064=ORIENTED_EDGE('',*,*,#2552,.T.);
#1065=ORIENTED_EDGE('',*,*,#2553,.F.);
#1066=ORIENTED_EDGE('',*,*,#2554,.T.);
#1067=ORIENTED_EDGE('',*,*,#2555,.F.);
#1068=ORIENTED_EDGE('',*,*,#2556,.T.);
#1069=ORIENTED_EDGE('',*,*,#2557,.F.);
#1070=ORIENTED_EDGE('',*,*,#2558,.T.);
#1071=ORIENTED_EDGE('',*,*,#2559,.F.);
#1072=ORIENTED_EDGE('',*,*,#2560,.T.);
#1073=ORIENTED_EDGE('',*,*,#2561,.T.);
#1074=ORIENTED_EDGE('',*,*,#2562,.T.);
#1075=ORIENTED_EDGE('',*,*,#2563,.T.);
#1076=ORIENTED_EDGE('',*,*,#2564,.F.);
#1077=ORIENTED_EDGE('',*,*,#2565,.F.);
#1078=ORIENTED_EDGE('',*,*,#2566,.T.);
#1079=ORIENTED_EDGE('',*,*,#2567,.F.);
#1080=ORIENTED_EDGE('',*,*,#2568,.T.);
#1081=ORIENTED_EDGE('',*,*,#2569,.F.);
#1082=ORIENTED_EDGE('',*,*,#2570,.T.);
#1083=ORIENTED_EDGE('',*,*,#2571,.F.);
#1084=ORIENTED_EDGE('',*,*,#2572,.T.);
#1085=ORIENTED_EDGE('',*,*,#2573,.F.);
#1086=ORIENTED_EDGE('',*,*,#2574,.T.);
#1087=ORIENTED_EDGE('',*,*,#2575,.T.);
#1088=ORIENTED_EDGE('',*,*,#2576,.T.);
#1089=ORIENTED_EDGE('',*,*,#2577,.T.);
#1090=ORIENTED_EDGE('',*,*,#2578,.F.);
#1091=ORIENTED_EDGE('',*,*,#2579,.F.);
#1092=ORIENTED_EDGE('',*,*,#2580,.T.);
#1093=ORIENTED_EDGE('',*,*,#2581,.F.);
#1094=ORIENTED_EDGE('',*,*,#2582,.T.);
#1095=ORIENTED_EDGE('',*,*,#2583,.F.);
#1096=ORIENTED_EDGE('',*,*,#2584,.T.);
#1097=ORIENTED_EDGE('',*,*,#2585,.F.);
#1098=ORIENTED_EDGE('',*,*,#2586,.T.);
#1099=ORIENTED_EDGE('',*,*,#2587,.F.);
#1100=ORIENTED_EDGE('',*,*,#2588,.T.);
#1101=ORIENTED_EDGE('',*,*,#2589,.T.);
#1102=ORIENTED_EDGE('',*,*,#2590,.T.);
#1103=ORIENTED_EDGE('',*,*,#2591,.T.);
#1104=ORIENTED_EDGE('',*,*,#2592,.F.);
#1105=ORIENTED_EDGE('',*,*,#2593,.F.);
#1106=ORIENTED_EDGE('',*,*,#2594,.T.);
#1107=ORIENTED_EDGE('',*,*,#2595,.F.);
#1108=ORIENTED_EDGE('',*,*,#2596,.T.);
#1109=ORIENTED_EDGE('',*,*,#2597,.F.);
#1110=ORIENTED_EDGE('',*,*,#2598,.T.);
#1111=ORIENTED_EDGE('',*,*,#2599,.F.);
#1112=ORIENTED_EDGE('',*,*,#2600,.T.);
#1113=ORIENTED_EDGE('',*,*,#2601,.F.);
#1114=ORIENTED_EDGE('',*,*,#2602,.T.);
#1115=ORIENTED_EDGE('',*,*,#2603,.T.);
#1116=ORIENTED_EDGE('',*,*,#2604,.T.);
#1117=ORIENTED_EDGE('',*,*,#2605,.T.);
#1118=ORIENTED_EDGE('',*,*,#2606,.F.);
#1119=ORIENTED_EDGE('',*,*,#2607,.F.);
#1120=ORIENTED_EDGE('',*,*,#2608,.T.);
#1121=ORIENTED_EDGE('',*,*,#2609,.F.);
#1122=ORIENTED_EDGE('',*,*,#2610,.T.);
#1123=ORIENTED_EDGE('',*,*,#2611,.F.);
#1124=ORIENTED_EDGE('',*,*,#2612,.T.);
#1125=ORIENTED_EDGE('',*,*,#2613,.F.);
#1126=ORIENTED_EDGE('',*,*,#2614,.T.);
#1127=ORIENTED_EDGE('',*,*,#2615,.F.);
#1128=ORIENTED_EDGE('',*,*,#2616,.T.);
#1129=ORIENTED_EDGE('',*,*,#2617,.T.);
#1130=ORIENTED_EDGE('',*,*,#2618,.T.);
#1131=ORIENTED_EDGE('',*,*,#2619,.T.);
#1132=ORIENTED_EDGE('',*,*,#2620,.F.);
#1133=ORIENTED_EDGE('',*,*,#2621,.F.);
#1134=ORIENTED_EDGE('',*,*,#2622,.T.);
#1135=ORIENTED_EDGE('',*,*,#2623,.F.);
#1136=ORIENTED_EDGE('',*,*,#2624,.T.);
#1137=ORIENTED_EDGE('',*,*,#2625,.F.);
#1138=ORIENTED_EDGE('',*,*,#2626,.T.);
#1139=ORIENTED_EDGE('',*,*,#2627,.F.);
#1140=ORIENTED_EDGE('',*,*,#2628,.T.);
#1141=ORIENTED_EDGE('',*,*,#2629,.F.);
#1142=ORIENTED_EDGE('',*,*,#2630,.T.);
#1143=ORIENTED_EDGE('',*,*,#2631,.T.);
#1144=ORIENTED_EDGE('',*,*,#2632,.T.);
#1145=ORIENTED_EDGE('',*,*,#2633,.T.);
#1146=ORIENTED_EDGE('',*,*,#2634,.F.);
#1147=ORIENTED_EDGE('',*,*,#2635,.F.);
#1148=ORIENTED_EDGE('',*,*,#2636,.T.);
#1149=ORIENTED_EDGE('',*,*,#2637,.T.);
#1150=ORIENTED_EDGE('',*,*,#2638,.T.);
#1151=ORIENTED_EDGE('',*,*,#2639,.T.);
#1152=ORIENTED_EDGE('',*,*,#2640,.T.);
#1153=ORIENTED_EDGE('',*,*,#2641,.T.);
#1154=ORIENTED_EDGE('',*,*,#2642,.T.);
#1155=ORIENTED_EDGE('',*,*,#2643,.T.);
#1156=ORIENTED_EDGE('',*,*,#2644,.T.);
#1157=ORIENTED_EDGE('',*,*,#2645,.F.);
#1158=ORIENTED_EDGE('',*,*,#2646,.T.);
#1159=ORIENTED_EDGE('',*,*,#2647,.T.);
#1160=ORIENTED_EDGE('',*,*,#2648,.T.);
#1161=ORIENTED_EDGE('',*,*,#2649,.T.);
#1162=ORIENTED_EDGE('',*,*,#2650,.T.);
#1163=ORIENTED_EDGE('',*,*,#2651,.T.);
#1164=ORIENTED_EDGE('',*,*,#2652,.T.);
#1165=ORIENTED_EDGE('',*,*,#2653,.T.);
#1166=ORIENTED_EDGE('',*,*,#2639,.F.);
#1167=ORIENTED_EDGE('',*,*,#2654,.T.);
#1168=ORIENTED_EDGE('',*,*,#2645,.T.);
#1169=ORIENTED_EDGE('',*,*,#2655,.T.);
#1170=ORIENTED_EDGE('',*,*,#2656,.T.);
#1171=ORIENTED_EDGE('',*,*,#2657,.T.);
#1172=ORIENTED_EDGE('',*,*,#2658,.T.);
#1173=ORIENTED_EDGE('',*,*,#2659,.T.);
#1174=ORIENTED_EDGE('',*,*,#2660,.T.);
#1175=ORIENTED_EDGE('',*,*,#2661,.T.);
#1176=ORIENTED_EDGE('',*,*,#2662,.F.);
#1177=ORIENTED_EDGE('',*,*,#2663,.T.);
#1178=ORIENTED_EDGE('',*,*,#2664,.T.);
#1179=ORIENTED_EDGE('',*,*,#2665,.T.);
#1180=ORIENTED_EDGE('',*,*,#2629,.T.);
#1181=ORIENTED_EDGE('',*,*,#2666,.T.);
#1182=ORIENTED_EDGE('',*,*,#2667,.T.);
#1183=ORIENTED_EDGE('',*,*,#2668,.T.);
#1184=ORIENTED_EDGE('',*,*,#2669,.T.);
#1185=ORIENTED_EDGE('',*,*,#2670,.T.);
#1186=ORIENTED_EDGE('',*,*,#2635,.T.);
#1187=ORIENTED_EDGE('',*,*,#2671,.F.);
#1188=ORIENTED_EDGE('',*,*,#2672,.T.);
#1189=ORIENTED_EDGE('',*,*,#2482,.F.);
#1190=ORIENTED_EDGE('',*,*,#2662,.T.);
#1191=ORIENTED_EDGE('',*,*,#2673,.F.);
#1192=ORIENTED_EDGE('',*,*,#2674,.T.);
#1193=ORIENTED_EDGE('',*,*,#2675,.T.);
#1194=ORIENTED_EDGE('',*,*,#2676,.T.);
#1195=ORIENTED_EDGE('',*,*,#2531,.T.);
#1196=ORIENTED_EDGE('',*,*,#2677,.T.);
#1197=ORIENTED_EDGE('',*,*,#2678,.T.);
#1198=ORIENTED_EDGE('',*,*,#2679,.T.);
#1199=ORIENTED_EDGE('',*,*,#2680,.T.);
#1200=ORIENTED_EDGE('',*,*,#2681,.T.);
#1201=ORIENTED_EDGE('',*,*,#2537,.T.);
#1202=ORIENTED_EDGE('',*,*,#2682,.F.);
#1203=ORIENTED_EDGE('',*,*,#2683,.T.);
#1204=ORIENTED_EDGE('',*,*,#2684,.F.);
#1205=ORIENTED_EDGE('',*,*,#2685,.F.);
#1206=ORIENTED_EDGE('',*,*,#2673,.T.);
#1207=ORIENTED_EDGE('',*,*,#2686,.F.);
#1208=ORIENTED_EDGE('',*,*,#2687,.T.);
#1209=ORIENTED_EDGE('',*,*,#2688,.T.);
#1210=ORIENTED_EDGE('',*,*,#2689,.T.);
#1211=ORIENTED_EDGE('',*,*,#2601,.T.);
#1212=ORIENTED_EDGE('',*,*,#2690,.T.);
#1213=ORIENTED_EDGE('',*,*,#2691,.T.);
#1214=ORIENTED_EDGE('',*,*,#2692,.T.);
#1215=ORIENTED_EDGE('',*,*,#2693,.T.);
#1216=ORIENTED_EDGE('',*,*,#2694,.T.);
#1217=ORIENTED_EDGE('',*,*,#2607,.T.);
#1218=ORIENTED_EDGE('',*,*,#2695,.F.);
#1219=ORIENTED_EDGE('',*,*,#2696,.T.);
#1220=ORIENTED_EDGE('',*,*,#2484,.F.);
#1221=ORIENTED_EDGE('',*,*,#2486,.F.);
#1222=ORIENTED_EDGE('',*,*,#2488,.F.);
#1223=ORIENTED_EDGE('',*,*,#2686,.T.);
#1224=ORIENTED_EDGE('',*,*,#2697,.F.);
#1225=ORIENTED_EDGE('',*,*,#2698,.T.);
#1226=ORIENTED_EDGE('',*,*,#2699,.T.);
#1227=ORIENTED_EDGE('',*,*,#2700,.T.);
#1228=ORIENTED_EDGE('',*,*,#2559,.T.);
#1229=ORIENTED_EDGE('',*,*,#2701,.T.);
#1230=ORIENTED_EDGE('',*,*,#2702,.T.);
#1231=ORIENTED_EDGE('',*,*,#2703,.T.);
#1232=ORIENTED_EDGE('',*,*,#2704,.T.);
#1233=ORIENTED_EDGE('',*,*,#2705,.T.);
#1234=ORIENTED_EDGE('',*,*,#2565,.T.);
#1235=ORIENTED_EDGE('',*,*,#2706,.F.);
#1236=ORIENTED_EDGE('',*,*,#2707,.T.);
#1237=ORIENTED_EDGE('',*,*,#2496,.F.);
#1238=ORIENTED_EDGE('',*,*,#2498,.F.);
#1239=ORIENTED_EDGE('',*,*,#2500,.F.);
#1240=ORIENTED_EDGE('',*,*,#2697,.T.);
#1241=ORIENTED_EDGE('',*,*,#2708,.F.);
#1242=ORIENTED_EDGE('',*,*,#2709,.T.);
#1243=ORIENTED_EDGE('',*,*,#2710,.T.);
#1244=ORIENTED_EDGE('',*,*,#2711,.T.);
#1245=ORIENTED_EDGE('',*,*,#2517,.T.);
#1246=ORIENTED_EDGE('',*,*,#2712,.T.);
#1247=ORIENTED_EDGE('',*,*,#2713,.T.);
#1248=ORIENTED_EDGE('',*,*,#2714,.T.);
#1249=ORIENTED_EDGE('',*,*,#2715,.T.);
#1250=ORIENTED_EDGE('',*,*,#2716,.T.);
#1251=ORIENTED_EDGE('',*,*,#2523,.T.);
#1252=ORIENTED_EDGE('',*,*,#2717,.F.);
#1253=ORIENTED_EDGE('',*,*,#2718,.T.);
#1254=ORIENTED_EDGE('',*,*,#2719,.F.);
#1255=ORIENTED_EDGE('',*,*,#2720,.F.);
#1256=ORIENTED_EDGE('',*,*,#2721,.F.);
#1257=ORIENTED_EDGE('',*,*,#2708,.T.);
#1258=ORIENTED_EDGE('',*,*,#2722,.F.);
#1259=ORIENTED_EDGE('',*,*,#2723,.T.);
#1260=ORIENTED_EDGE('',*,*,#2724,.T.);
#1261=ORIENTED_EDGE('',*,*,#2725,.T.);
#1262=ORIENTED_EDGE('',*,*,#2573,.T.);
#1263=ORIENTED_EDGE('',*,*,#2726,.T.);
#1264=ORIENTED_EDGE('',*,*,#2727,.T.);
#1265=ORIENTED_EDGE('',*,*,#2728,.T.);
#1266=ORIENTED_EDGE('',*,*,#2729,.T.);
#1267=ORIENTED_EDGE('',*,*,#2730,.T.);
#1268=ORIENTED_EDGE('',*,*,#2579,.T.);
#1269=ORIENTED_EDGE('',*,*,#2731,.F.);
#1270=ORIENTED_EDGE('',*,*,#2732,.T.);
#1271=ORIENTED_EDGE('',*,*,#2504,.F.);
#1272=ORIENTED_EDGE('',*,*,#2502,.F.);
#1273=ORIENTED_EDGE('',*,*,#2722,.T.);
#1274=ORIENTED_EDGE('',*,*,#2733,.F.);
#1275=ORIENTED_EDGE('',*,*,#2734,.T.);
#1276=ORIENTED_EDGE('',*,*,#2735,.T.);
#1277=ORIENTED_EDGE('',*,*,#2736,.T.);
#1278=ORIENTED_EDGE('',*,*,#2615,.T.);
#1279=ORIENTED_EDGE('',*,*,#2737,.T.);
#1280=ORIENTED_EDGE('',*,*,#2738,.T.);
#1281=ORIENTED_EDGE('',*,*,#2739,.T.);
#1282=ORIENTED_EDGE('',*,*,#2740,.T.);
#1283=ORIENTED_EDGE('',*,*,#2741,.T.);
#1284=ORIENTED_EDGE('',*,*,#2621,.T.);
#1285=ORIENTED_EDGE('',*,*,#2742,.F.);
#1286=ORIENTED_EDGE('',*,*,#2743,.T.);
#1287=ORIENTED_EDGE('',*,*,#2492,.F.);
#1288=ORIENTED_EDGE('',*,*,#2490,.F.);
#1289=ORIENTED_EDGE('',*,*,#2733,.T.);
#1290=ORIENTED_EDGE('',*,*,#2744,.F.);
#1291=ORIENTED_EDGE('',*,*,#2745,.T.);
#1292=ORIENTED_EDGE('',*,*,#2746,.T.);
#1293=ORIENTED_EDGE('',*,*,#2747,.T.);
#1294=ORIENTED_EDGE('',*,*,#2545,.T.);
#1295=ORIENTED_EDGE('',*,*,#2748,.T.);
#1296=ORIENTED_EDGE('',*,*,#2749,.T.);
#1297=ORIENTED_EDGE('',*,*,#2750,.T.);
#1298=ORIENTED_EDGE('',*,*,#2751,.T.);
#1299=ORIENTED_EDGE('',*,*,#2752,.T.);
#1300=ORIENTED_EDGE('',*,*,#2551,.T.);
#1301=ORIENTED_EDGE('',*,*,#2753,.F.);
#1302=ORIENTED_EDGE('',*,*,#2754,.T.);
#1303=ORIENTED_EDGE('',*,*,#2755,.F.);
#1304=ORIENTED_EDGE('',*,*,#2744,.T.);
#1305=ORIENTED_EDGE('',*,*,#2756,.F.);
#1306=ORIENTED_EDGE('',*,*,#2757,.T.);
#1307=ORIENTED_EDGE('',*,*,#2758,.T.);
#1308=ORIENTED_EDGE('',*,*,#2759,.T.);
#1309=ORIENTED_EDGE('',*,*,#2587,.T.);
#1310=ORIENTED_EDGE('',*,*,#2760,.T.);
#1311=ORIENTED_EDGE('',*,*,#2761,.T.);
#1312=ORIENTED_EDGE('',*,*,#2762,.T.);
#1313=ORIENTED_EDGE('',*,*,#2763,.T.);
#1314=ORIENTED_EDGE('',*,*,#2764,.T.);
#1315=ORIENTED_EDGE('',*,*,#2593,.T.);
#1316=ORIENTED_EDGE('',*,*,#2765,.F.);
#1317=ORIENTED_EDGE('',*,*,#2766,.T.);
#1318=ORIENTED_EDGE('',*,*,#2494,.F.);
#1319=ORIENTED_EDGE('',*,*,#2756,.T.);
#1320=ORIENTED_EDGE('',*,*,#2767,.T.);
#1321=ORIENTED_EDGE('',*,*,#2768,.T.);
#1322=ORIENTED_EDGE('',*,*,#2630,.F.);
#1323=ORIENTED_EDGE('',*,*,#2665,.F.);
#1324=ORIENTED_EDGE('',*,*,#2769,.T.);
#1325=ORIENTED_EDGE('',*,*,#2634,.T.);
#1326=ORIENTED_EDGE('',*,*,#2770,.T.);
#1327=ORIENTED_EDGE('',*,*,#2771,.T.);
#1328=ORIENTED_EDGE('',*,*,#2772,.T.);
#1329=ORIENTED_EDGE('',*,*,#2671,.T.);
#1330=ORIENTED_EDGE('',*,*,#2632,.F.);
#1331=ORIENTED_EDGE('',*,*,#2773,.T.);
#1332=ORIENTED_EDGE('',*,*,#2774,.T.);
#1333=ORIENTED_EDGE('',*,*,#2775,.T.);
#1334=ORIENTED_EDGE('',*,*,#2776,.T.);
#1335=ORIENTED_EDGE('',*,*,#2777,.T.);
#1336=ORIENTED_EDGE('',*,*,#2778,.T.);
#1337=ORIENTED_EDGE('',*,*,#2663,.F.);
#1338=ORIENTED_EDGE('',*,*,#2779,.T.);
#1339=ORIENTED_EDGE('',*,*,#2780,.T.);
#1340=ORIENTED_EDGE('',*,*,#2781,.T.);
#1341=ORIENTED_EDGE('',*,*,#2782,.T.);
#1342=ORIENTED_EDGE('',*,*,#2627,.T.);
#1343=ORIENTED_EDGE('',*,*,#2783,.T.);
#1344=ORIENTED_EDGE('',*,*,#2784,.T.);
#1345=ORIENTED_EDGE('',*,*,#2625,.T.);
#1346=ORIENTED_EDGE('',*,*,#2785,.T.);
#1347=ORIENTED_EDGE('',*,*,#2786,.T.);
#1348=ORIENTED_EDGE('',*,*,#2787,.T.);
#1349=ORIENTED_EDGE('',*,*,#2623,.T.);
#1350=ORIENTED_EDGE('',*,*,#2788,.T.);
#1351=ORIENTED_EDGE('',*,*,#2789,.T.);
#1352=ORIENTED_EDGE('',*,*,#2790,.T.);
#1353=ORIENTED_EDGE('',*,*,#2791,.T.);
#1354=ORIENTED_EDGE('',*,*,#2792,.T.);
#1355=ORIENTED_EDGE('',*,*,#2793,.T.);
#1356=ORIENTED_EDGE('',*,*,#2668,.F.);
#1357=ORIENTED_EDGE('',*,*,#2794,.T.);
#1358=ORIENTED_EDGE('',*,*,#2795,.T.);
#1359=ORIENTED_EDGE('',*,*,#2796,.T.);
#1360=ORIENTED_EDGE('',*,*,#2774,.F.);
#1361=ORIENTED_EDGE('',*,*,#2797,.T.);
#1362=ORIENTED_EDGE('',*,*,#2798,.T.);
#1363=ORIENTED_EDGE('',*,*,#2776,.F.);
#1364=ORIENTED_EDGE('',*,*,#2799,.T.);
#1365=ORIENTED_EDGE('',*,*,#2800,.T.);
#1366=ORIENTED_EDGE('',*,*,#2801,.T.);
#1367=ORIENTED_EDGE('',*,*,#2802,.T.);
#1368=ORIENTED_EDGE('',*,*,#2796,.F.);
#1369=ORIENTED_EDGE('',*,*,#2803,.T.);
#1370=ORIENTED_EDGE('',*,*,#2804,.T.);
#1371=ORIENTED_EDGE('',*,*,#2786,.F.);
#1372=ORIENTED_EDGE('',*,*,#2664,.F.);
#1373=ORIENTED_EDGE('',*,*,#2778,.F.);
#1374=ORIENTED_EDGE('',*,*,#2805,.F.);
#1375=ORIENTED_EDGE('',*,*,#2769,.F.);
#1376=ORIENTED_EDGE('',*,*,#2777,.F.);
#1377=ORIENTED_EDGE('',*,*,#2798,.F.);
#1378=ORIENTED_EDGE('',*,*,#2806,.F.);
#1379=ORIENTED_EDGE('',*,*,#2767,.F.);
#1380=ORIENTED_EDGE('',*,*,#2805,.T.);
#1381=ORIENTED_EDGE('',*,*,#2797,.F.);
#1382=ORIENTED_EDGE('',*,*,#2773,.F.);
#1383=ORIENTED_EDGE('',*,*,#2631,.F.);
#1384=ORIENTED_EDGE('',*,*,#2768,.F.);
#1385=ORIENTED_EDGE('',*,*,#2806,.T.);
#1386=ORIENTED_EDGE('',*,*,#2672,.F.);
#1387=ORIENTED_EDGE('',*,*,#2772,.F.);
#1388=ORIENTED_EDGE('',*,*,#2807,.F.);
#1389=ORIENTED_EDGE('',*,*,#2779,.F.);
#1390=ORIENTED_EDGE('',*,*,#2807,.T.);
#1391=ORIENTED_EDGE('',*,*,#2771,.F.);
#1392=ORIENTED_EDGE('',*,*,#2808,.F.);
#1393=ORIENTED_EDGE('',*,*,#2799,.F.);
#1394=ORIENTED_EDGE('',*,*,#2780,.F.);
#1395=ORIENTED_EDGE('',*,*,#2808,.T.);
#1396=ORIENTED_EDGE('',*,*,#2770,.F.);
#1397=ORIENTED_EDGE('',*,*,#2633,.F.);
#1398=ORIENTED_EDGE('',*,*,#2775,.F.);
#1399=ORIENTED_EDGE('',*,*,#2800,.F.);
#1400=ORIENTED_EDGE('',*,*,#2624,.F.);
#1401=ORIENTED_EDGE('',*,*,#2791,.F.);
#1402=ORIENTED_EDGE('',*,*,#2809,.F.);
#1403=ORIENTED_EDGE('',*,*,#2801,.F.);
#1404=ORIENTED_EDGE('',*,*,#2785,.F.);
#1405=ORIENTED_EDGE('',*,*,#2809,.T.);
#1406=ORIENTED_EDGE('',*,*,#2790,.F.);
#1407=ORIENTED_EDGE('',*,*,#2810,.F.);
#1408=ORIENTED_EDGE('',*,*,#2792,.F.);
#1409=ORIENTED_EDGE('',*,*,#2802,.F.);
#1410=ORIENTED_EDGE('',*,*,#2810,.T.);
#1411=ORIENTED_EDGE('',*,*,#2789,.F.);
#1412=ORIENTED_EDGE('',*,*,#2811,.F.);
#1413=ORIENTED_EDGE('',*,*,#2669,.F.);
#1414=ORIENTED_EDGE('',*,*,#2793,.F.);
#1415=ORIENTED_EDGE('',*,*,#2811,.T.);
#1416=ORIENTED_EDGE('',*,*,#2788,.F.);
#1417=ORIENTED_EDGE('',*,*,#2636,.F.);
#1418=ORIENTED_EDGE('',*,*,#2670,.F.);
#1419=ORIENTED_EDGE('',*,*,#2787,.F.);
#1420=ORIENTED_EDGE('',*,*,#2804,.F.);
#1421=ORIENTED_EDGE('',*,*,#2812,.F.);
#1422=ORIENTED_EDGE('',*,*,#2783,.F.);
#1423=ORIENTED_EDGE('',*,*,#2626,.F.);
#1424=ORIENTED_EDGE('',*,*,#2803,.F.);
#1425=ORIENTED_EDGE('',*,*,#2795,.F.);
#1426=ORIENTED_EDGE('',*,*,#2813,.F.);
#1427=ORIENTED_EDGE('',*,*,#2784,.F.);
#1428=ORIENTED_EDGE('',*,*,#2812,.T.);
#1429=ORIENTED_EDGE('',*,*,#2794,.F.);
#1430=ORIENTED_EDGE('',*,*,#2667,.F.);
#1431=ORIENTED_EDGE('',*,*,#2814,.F.);
#1432=ORIENTED_EDGE('',*,*,#2781,.F.);
#1433=ORIENTED_EDGE('',*,*,#2813,.T.);
#1434=ORIENTED_EDGE('',*,*,#2814,.T.);
#1435=ORIENTED_EDGE('',*,*,#2666,.F.);
#1436=ORIENTED_EDGE('',*,*,#2628,.F.);
#1437=ORIENTED_EDGE('',*,*,#2782,.F.);
#1438=ORIENTED_EDGE('',*,*,#2815,.T.);
#1439=ORIENTED_EDGE('',*,*,#2816,.T.);
#1440=ORIENTED_EDGE('',*,*,#2616,.F.);
#1441=ORIENTED_EDGE('',*,*,#2736,.F.);
#1442=ORIENTED_EDGE('',*,*,#2817,.T.);
#1443=ORIENTED_EDGE('',*,*,#2620,.T.);
#1444=ORIENTED_EDGE('',*,*,#2818,.T.);
#1445=ORIENTED_EDGE('',*,*,#2819,.T.);
#1446=ORIENTED_EDGE('',*,*,#2820,.T.);
#1447=ORIENTED_EDGE('',*,*,#2742,.T.);
#1448=ORIENTED_EDGE('',*,*,#2618,.F.);
#1449=ORIENTED_EDGE('',*,*,#2821,.T.);
#1450=ORIENTED_EDGE('',*,*,#2822,.T.);
#1451=ORIENTED_EDGE('',*,*,#2823,.T.);
#1452=ORIENTED_EDGE('',*,*,#2824,.T.);
#1453=ORIENTED_EDGE('',*,*,#2825,.T.);
#1454=ORIENTED_EDGE('',*,*,#2826,.T.);
#1455=ORIENTED_EDGE('',*,*,#2734,.F.);
#1456=ORIENTED_EDGE('',*,*,#2827,.T.);
#1457=ORIENTED_EDGE('',*,*,#2828,.T.);
#1458=ORIENTED_EDGE('',*,*,#2829,.T.);
#1459=ORIENTED_EDGE('',*,*,#2830,.T.);
#1460=ORIENTED_EDGE('',*,*,#2613,.T.);
#1461=ORIENTED_EDGE('',*,*,#2831,.T.);
#1462=ORIENTED_EDGE('',*,*,#2832,.T.);
#1463=ORIENTED_EDGE('',*,*,#2611,.T.);
#1464=ORIENTED_EDGE('',*,*,#2833,.T.);
#1465=ORIENTED_EDGE('',*,*,#2834,.T.);
#1466=ORIENTED_EDGE('',*,*,#2835,.T.);
#1467=ORIENTED_EDGE('',*,*,#2609,.T.);
#1468=ORIENTED_EDGE('',*,*,#2836,.T.);
#1469=ORIENTED_EDGE('',*,*,#2837,.T.);
#1470=ORIENTED_EDGE('',*,*,#2838,.T.);
#1471=ORIENTED_EDGE('',*,*,#2839,.T.);
#1472=ORIENTED_EDGE('',*,*,#2840,.T.);
#1473=ORIENTED_EDGE('',*,*,#2841,.T.);
#1474=ORIENTED_EDGE('',*,*,#2739,.F.);
#1475=ORIENTED_EDGE('',*,*,#2842,.T.);
#1476=ORIENTED_EDGE('',*,*,#2843,.T.);
#1477=ORIENTED_EDGE('',*,*,#2844,.T.);
#1478=ORIENTED_EDGE('',*,*,#2822,.F.);
#1479=ORIENTED_EDGE('',*,*,#2845,.T.);
#1480=ORIENTED_EDGE('',*,*,#2846,.T.);
#1481=ORIENTED_EDGE('',*,*,#2824,.F.);
#1482=ORIENTED_EDGE('',*,*,#2847,.T.);
#1483=ORIENTED_EDGE('',*,*,#2848,.T.);
#1484=ORIENTED_EDGE('',*,*,#2849,.T.);
#1485=ORIENTED_EDGE('',*,*,#2850,.T.);
#1486=ORIENTED_EDGE('',*,*,#2844,.F.);
#1487=ORIENTED_EDGE('',*,*,#2851,.T.);
#1488=ORIENTED_EDGE('',*,*,#2852,.T.);
#1489=ORIENTED_EDGE('',*,*,#2834,.F.);
#1490=ORIENTED_EDGE('',*,*,#2735,.F.);
#1491=ORIENTED_EDGE('',*,*,#2826,.F.);
#1492=ORIENTED_EDGE('',*,*,#2853,.F.);
#1493=ORIENTED_EDGE('',*,*,#2817,.F.);
#1494=ORIENTED_EDGE('',*,*,#2825,.F.);
#1495=ORIENTED_EDGE('',*,*,#2846,.F.);
#1496=ORIENTED_EDGE('',*,*,#2854,.F.);
#1497=ORIENTED_EDGE('',*,*,#2815,.F.);
#1498=ORIENTED_EDGE('',*,*,#2853,.T.);
#1499=ORIENTED_EDGE('',*,*,#2845,.F.);
#1500=ORIENTED_EDGE('',*,*,#2821,.F.);
#1501=ORIENTED_EDGE('',*,*,#2617,.F.);
#1502=ORIENTED_EDGE('',*,*,#2816,.F.);
#1503=ORIENTED_EDGE('',*,*,#2854,.T.);
#1504=ORIENTED_EDGE('',*,*,#2743,.F.);
#1505=ORIENTED_EDGE('',*,*,#2820,.F.);
#1506=ORIENTED_EDGE('',*,*,#2855,.F.);
#1507=ORIENTED_EDGE('',*,*,#2827,.F.);
#1508=ORIENTED_EDGE('',*,*,#2855,.T.);
#1509=ORIENTED_EDGE('',*,*,#2819,.F.);
#1510=ORIENTED_EDGE('',*,*,#2856,.F.);
#1511=ORIENTED_EDGE('',*,*,#2847,.F.);
#1512=ORIENTED_EDGE('',*,*,#2828,.F.);
#1513=ORIENTED_EDGE('',*,*,#2856,.T.);
#1514=ORIENTED_EDGE('',*,*,#2818,.F.);
#1515=ORIENTED_EDGE('',*,*,#2619,.F.);
#1516=ORIENTED_EDGE('',*,*,#2823,.F.);
#1517=ORIENTED_EDGE('',*,*,#2848,.F.);
#1518=ORIENTED_EDGE('',*,*,#2610,.F.);
#1519=ORIENTED_EDGE('',*,*,#2839,.F.);
#1520=ORIENTED_EDGE('',*,*,#2857,.F.);
#1521=ORIENTED_EDGE('',*,*,#2849,.F.);
#1522=ORIENTED_EDGE('',*,*,#2833,.F.);
#1523=ORIENTED_EDGE('',*,*,#2857,.T.);
#1524=ORIENTED_EDGE('',*,*,#2838,.F.);
#1525=ORIENTED_EDGE('',*,*,#2858,.F.);
#1526=ORIENTED_EDGE('',*,*,#2840,.F.);
#1527=ORIENTED_EDGE('',*,*,#2850,.F.);
#1528=ORIENTED_EDGE('',*,*,#2858,.T.);
#1529=ORIENTED_EDGE('',*,*,#2837,.F.);
#1530=ORIENTED_EDGE('',*,*,#2859,.F.);
#1531=ORIENTED_EDGE('',*,*,#2740,.F.);
#1532=ORIENTED_EDGE('',*,*,#2841,.F.);
#1533=ORIENTED_EDGE('',*,*,#2859,.T.);
#1534=ORIENTED_EDGE('',*,*,#2836,.F.);
#1535=ORIENTED_EDGE('',*,*,#2622,.F.);
#1536=ORIENTED_EDGE('',*,*,#2741,.F.);
#1537=ORIENTED_EDGE('',*,*,#2835,.F.);
#1538=ORIENTED_EDGE('',*,*,#2852,.F.);
#1539=ORIENTED_EDGE('',*,*,#2860,.F.);
#1540=ORIENTED_EDGE('',*,*,#2831,.F.);
#1541=ORIENTED_EDGE('',*,*,#2612,.F.);
#1542=ORIENTED_EDGE('',*,*,#2851,.F.);
#1543=ORIENTED_EDGE('',*,*,#2843,.F.);
#1544=ORIENTED_EDGE('',*,*,#2861,.F.);
#1545=ORIENTED_EDGE('',*,*,#2832,.F.);
#1546=ORIENTED_EDGE('',*,*,#2860,.T.);
#1547=ORIENTED_EDGE('',*,*,#2842,.F.);
#1548=ORIENTED_EDGE('',*,*,#2738,.F.);
#1549=ORIENTED_EDGE('',*,*,#2862,.F.);
#1550=ORIENTED_EDGE('',*,*,#2829,.F.);
#1551=ORIENTED_EDGE('',*,*,#2861,.T.);
#1552=ORIENTED_EDGE('',*,*,#2862,.T.);
#1553=ORIENTED_EDGE('',*,*,#2737,.F.);
#1554=ORIENTED_EDGE('',*,*,#2614,.F.);
#1555=ORIENTED_EDGE('',*,*,#2830,.F.);
#1556=ORIENTED_EDGE('',*,*,#2863,.T.);
#1557=ORIENTED_EDGE('',*,*,#2864,.T.);
#1558=ORIENTED_EDGE('',*,*,#2602,.F.);
#1559=ORIENTED_EDGE('',*,*,#2689,.F.);
#1560=ORIENTED_EDGE('',*,*,#2865,.T.);
#1561=ORIENTED_EDGE('',*,*,#2606,.T.);
#1562=ORIENTED_EDGE('',*,*,#2866,.T.);
#1563=ORIENTED_EDGE('',*,*,#2867,.T.);
#1564=ORIENTED_EDGE('',*,*,#2868,.T.);
#1565=ORIENTED_EDGE('',*,*,#2695,.T.);
#1566=ORIENTED_EDGE('',*,*,#2604,.F.);
#1567=ORIENTED_EDGE('',*,*,#2869,.T.);
#1568=ORIENTED_EDGE('',*,*,#2870,.T.);
#1569=ORIENTED_EDGE('',*,*,#2871,.T.);
#1570=ORIENTED_EDGE('',*,*,#2872,.T.);
#1571=ORIENTED_EDGE('',*,*,#2873,.T.);
#1572=ORIENTED_EDGE('',*,*,#2874,.T.);
#1573=ORIENTED_EDGE('',*,*,#2687,.F.);
#1574=ORIENTED_EDGE('',*,*,#2875,.T.);
#1575=ORIENTED_EDGE('',*,*,#2876,.T.);
#1576=ORIENTED_EDGE('',*,*,#2877,.T.);
#1577=ORIENTED_EDGE('',*,*,#2878,.T.);
#1578=ORIENTED_EDGE('',*,*,#2599,.T.);
#1579=ORIENTED_EDGE('',*,*,#2879,.T.);
#1580=ORIENTED_EDGE('',*,*,#2880,.T.);
#1581=ORIENTED_EDGE('',*,*,#2597,.T.);
#1582=ORIENTED_EDGE('',*,*,#2881,.T.);
#1583=ORIENTED_EDGE('',*,*,#2882,.T.);
#1584=ORIENTED_EDGE('',*,*,#2883,.T.);
#1585=ORIENTED_EDGE('',*,*,#2595,.T.);
#1586=ORIENTED_EDGE('',*,*,#2884,.T.);
#1587=ORIENTED_EDGE('',*,*,#2885,.T.);
#1588=ORIENTED_EDGE('',*,*,#2886,.T.);
#1589=ORIENTED_EDGE('',*,*,#2887,.T.);
#1590=ORIENTED_EDGE('',*,*,#2888,.T.);
#1591=ORIENTED_EDGE('',*,*,#2889,.T.);
#1592=ORIENTED_EDGE('',*,*,#2692,.F.);
#1593=ORIENTED_EDGE('',*,*,#2890,.T.);
#1594=ORIENTED_EDGE('',*,*,#2891,.T.);
#1595=ORIENTED_EDGE('',*,*,#2892,.T.);
#1596=ORIENTED_EDGE('',*,*,#2870,.F.);
#1597=ORIENTED_EDGE('',*,*,#2893,.T.);
#1598=ORIENTED_EDGE('',*,*,#2894,.T.);
#1599=ORIENTED_EDGE('',*,*,#2872,.F.);
#1600=ORIENTED_EDGE('',*,*,#2895,.T.);
#1601=ORIENTED_EDGE('',*,*,#2896,.T.);
#1602=ORIENTED_EDGE('',*,*,#2897,.T.);
#1603=ORIENTED_EDGE('',*,*,#2898,.T.);
#1604=ORIENTED_EDGE('',*,*,#2892,.F.);
#1605=ORIENTED_EDGE('',*,*,#2899,.T.);
#1606=ORIENTED_EDGE('',*,*,#2900,.T.);
#1607=ORIENTED_EDGE('',*,*,#2882,.F.);
#1608=ORIENTED_EDGE('',*,*,#2688,.F.);
#1609=ORIENTED_EDGE('',*,*,#2874,.F.);
#1610=ORIENTED_EDGE('',*,*,#2901,.F.);
#1611=ORIENTED_EDGE('',*,*,#2865,.F.);
#1612=ORIENTED_EDGE('',*,*,#2873,.F.);
#1613=ORIENTED_EDGE('',*,*,#2894,.F.);
#1614=ORIENTED_EDGE('',*,*,#2902,.F.);
#1615=ORIENTED_EDGE('',*,*,#2863,.F.);
#1616=ORIENTED_EDGE('',*,*,#2901,.T.);
#1617=ORIENTED_EDGE('',*,*,#2893,.F.);
#1618=ORIENTED_EDGE('',*,*,#2869,.F.);
#1619=ORIENTED_EDGE('',*,*,#2603,.F.);
#1620=ORIENTED_EDGE('',*,*,#2864,.F.);
#1621=ORIENTED_EDGE('',*,*,#2902,.T.);
#1622=ORIENTED_EDGE('',*,*,#2696,.F.);
#1623=ORIENTED_EDGE('',*,*,#2868,.F.);
#1624=ORIENTED_EDGE('',*,*,#2903,.F.);
#1625=ORIENTED_EDGE('',*,*,#2875,.F.);
#1626=ORIENTED_EDGE('',*,*,#2903,.T.);
#1627=ORIENTED_EDGE('',*,*,#2867,.F.);
#1628=ORIENTED_EDGE('',*,*,#2904,.F.);
#1629=ORIENTED_EDGE('',*,*,#2895,.F.);
#1630=ORIENTED_EDGE('',*,*,#2876,.F.);
#1631=ORIENTED_EDGE('',*,*,#2904,.T.);
#1632=ORIENTED_EDGE('',*,*,#2866,.F.);
#1633=ORIENTED_EDGE('',*,*,#2605,.F.);
#1634=ORIENTED_EDGE('',*,*,#2871,.F.);
#1635=ORIENTED_EDGE('',*,*,#2896,.F.);
#1636=ORIENTED_EDGE('',*,*,#2596,.F.);
#1637=ORIENTED_EDGE('',*,*,#2887,.F.);
#1638=ORIENTED_EDGE('',*,*,#2905,.F.);
#1639=ORIENTED_EDGE('',*,*,#2897,.F.);
#1640=ORIENTED_EDGE('',*,*,#2881,.F.);
#1641=ORIENTED_EDGE('',*,*,#2905,.T.);
#1642=ORIENTED_EDGE('',*,*,#2886,.F.);
#1643=ORIENTED_EDGE('',*,*,#2906,.F.);
#1644=ORIENTED_EDGE('',*,*,#2888,.F.);
#1645=ORIENTED_EDGE('',*,*,#2898,.F.);
#1646=ORIENTED_EDGE('',*,*,#2906,.T.);
#1647=ORIENTED_EDGE('',*,*,#2885,.F.);
#1648=ORIENTED_EDGE('',*,*,#2907,.F.);
#1649=ORIENTED_EDGE('',*,*,#2693,.F.);
#1650=ORIENTED_EDGE('',*,*,#2889,.F.);
#1651=ORIENTED_EDGE('',*,*,#2907,.T.);
#1652=ORIENTED_EDGE('',*,*,#2884,.F.);
#1653=ORIENTED_EDGE('',*,*,#2608,.F.);
#1654=ORIENTED_EDGE('',*,*,#2694,.F.);
#1655=ORIENTED_EDGE('',*,*,#2883,.F.);
#1656=ORIENTED_EDGE('',*,*,#2900,.F.);
#1657=ORIENTED_EDGE('',*,*,#2908,.F.);
#1658=ORIENTED_EDGE('',*,*,#2879,.F.);
#1659=ORIENTED_EDGE('',*,*,#2598,.F.);
#1660=ORIENTED_EDGE('',*,*,#2899,.F.);
#1661=ORIENTED_EDGE('',*,*,#2891,.F.);
#1662=ORIENTED_EDGE('',*,*,#2909,.F.);
#1663=ORIENTED_EDGE('',*,*,#2880,.F.);
#1664=ORIENTED_EDGE('',*,*,#2908,.T.);
#1665=ORIENTED_EDGE('',*,*,#2890,.F.);
#1666=ORIENTED_EDGE('',*,*,#2691,.F.);
#1667=ORIENTED_EDGE('',*,*,#2910,.F.);
#1668=ORIENTED_EDGE('',*,*,#2877,.F.);
#1669=ORIENTED_EDGE('',*,*,#2909,.T.);
#1670=ORIENTED_EDGE('',*,*,#2910,.T.);
#1671=ORIENTED_EDGE('',*,*,#2690,.F.);
#1672=ORIENTED_EDGE('',*,*,#2600,.F.);
#1673=ORIENTED_EDGE('',*,*,#2878,.F.);
#1674=ORIENTED_EDGE('',*,*,#2911,.T.);
#1675=ORIENTED_EDGE('',*,*,#2912,.T.);
#1676=ORIENTED_EDGE('',*,*,#2588,.F.);
#1677=ORIENTED_EDGE('',*,*,#2759,.F.);
#1678=ORIENTED_EDGE('',*,*,#2913,.T.);
#1679=ORIENTED_EDGE('',*,*,#2592,.T.);
#1680=ORIENTED_EDGE('',*,*,#2914,.T.);
#1681=ORIENTED_EDGE('',*,*,#2915,.T.);
#1682=ORIENTED_EDGE('',*,*,#2916,.T.);
#1683=ORIENTED_EDGE('',*,*,#2765,.T.);
#1684=ORIENTED_EDGE('',*,*,#2590,.F.);
#1685=ORIENTED_EDGE('',*,*,#2917,.T.);
#1686=ORIENTED_EDGE('',*,*,#2918,.T.);
#1687=ORIENTED_EDGE('',*,*,#2919,.T.);
#1688=ORIENTED_EDGE('',*,*,#2920,.T.);
#1689=ORIENTED_EDGE('',*,*,#2921,.T.);
#1690=ORIENTED_EDGE('',*,*,#2922,.T.);
#1691=ORIENTED_EDGE('',*,*,#2757,.F.);
#1692=ORIENTED_EDGE('',*,*,#2923,.T.);
#1693=ORIENTED_EDGE('',*,*,#2924,.T.);
#1694=ORIENTED_EDGE('',*,*,#2925,.T.);
#1695=ORIENTED_EDGE('',*,*,#2926,.T.);
#1696=ORIENTED_EDGE('',*,*,#2585,.T.);
#1697=ORIENTED_EDGE('',*,*,#2927,.T.);
#1698=ORIENTED_EDGE('',*,*,#2928,.T.);
#1699=ORIENTED_EDGE('',*,*,#2583,.T.);
#1700=ORIENTED_EDGE('',*,*,#2929,.T.);
#1701=ORIENTED_EDGE('',*,*,#2930,.T.);
#1702=ORIENTED_EDGE('',*,*,#2931,.T.);
#1703=ORIENTED_EDGE('',*,*,#2581,.T.);
#1704=ORIENTED_EDGE('',*,*,#2932,.T.);
#1705=ORIENTED_EDGE('',*,*,#2933,.T.);
#1706=ORIENTED_EDGE('',*,*,#2934,.T.);
#1707=ORIENTED_EDGE('',*,*,#2935,.T.);
#1708=ORIENTED_EDGE('',*,*,#2936,.T.);
#1709=ORIENTED_EDGE('',*,*,#2937,.T.);
#1710=ORIENTED_EDGE('',*,*,#2762,.F.);
#1711=ORIENTED_EDGE('',*,*,#2938,.T.);
#1712=ORIENTED_EDGE('',*,*,#2939,.T.);
#1713=ORIENTED_EDGE('',*,*,#2940,.T.);
#1714=ORIENTED_EDGE('',*,*,#2918,.F.);
#1715=ORIENTED_EDGE('',*,*,#2941,.T.);
#1716=ORIENTED_EDGE('',*,*,#2942,.T.);
#1717=ORIENTED_EDGE('',*,*,#2920,.F.);
#1718=ORIENTED_EDGE('',*,*,#2943,.T.);
#1719=ORIENTED_EDGE('',*,*,#2944,.T.);
#1720=ORIENTED_EDGE('',*,*,#2945,.T.);
#1721=ORIENTED_EDGE('',*,*,#2946,.T.);
#1722=ORIENTED_EDGE('',*,*,#2940,.F.);
#1723=ORIENTED_EDGE('',*,*,#2947,.T.);
#1724=ORIENTED_EDGE('',*,*,#2948,.T.);
#1725=ORIENTED_EDGE('',*,*,#2930,.F.);
#1726=ORIENTED_EDGE('',*,*,#2758,.F.);
#1727=ORIENTED_EDGE('',*,*,#2922,.F.);
#1728=ORIENTED_EDGE('',*,*,#2949,.F.);
#1729=ORIENTED_EDGE('',*,*,#2913,.F.);
#1730=ORIENTED_EDGE('',*,*,#2921,.F.);
#1731=ORIENTED_EDGE('',*,*,#2942,.F.);
#1732=ORIENTED_EDGE('',*,*,#2950,.F.);
#1733=ORIENTED_EDGE('',*,*,#2911,.F.);
#1734=ORIENTED_EDGE('',*,*,#2949,.T.);
#1735=ORIENTED_EDGE('',*,*,#2941,.F.);
#1736=ORIENTED_EDGE('',*,*,#2917,.F.);
#1737=ORIENTED_EDGE('',*,*,#2589,.F.);
#1738=ORIENTED_EDGE('',*,*,#2912,.F.);
#1739=ORIENTED_EDGE('',*,*,#2950,.T.);
#1740=ORIENTED_EDGE('',*,*,#2766,.F.);
#1741=ORIENTED_EDGE('',*,*,#2916,.F.);
#1742=ORIENTED_EDGE('',*,*,#2951,.F.);
#1743=ORIENTED_EDGE('',*,*,#2923,.F.);
#1744=ORIENTED_EDGE('',*,*,#2951,.T.);
#1745=ORIENTED_EDGE('',*,*,#2915,.F.);
#1746=ORIENTED_EDGE('',*,*,#2952,.F.);
#1747=ORIENTED_EDGE('',*,*,#2943,.F.);
#1748=ORIENTED_EDGE('',*,*,#2924,.F.);
#1749=ORIENTED_EDGE('',*,*,#2952,.T.);
#1750=ORIENTED_EDGE('',*,*,#2914,.F.);
#1751=ORIENTED_EDGE('',*,*,#2591,.F.);
#1752=ORIENTED_EDGE('',*,*,#2919,.F.);
#1753=ORIENTED_EDGE('',*,*,#2944,.F.);
#1754=ORIENTED_EDGE('',*,*,#2582,.F.);
#1755=ORIENTED_EDGE('',*,*,#2935,.F.);
#1756=ORIENTED_EDGE('',*,*,#2953,.F.);
#1757=ORIENTED_EDGE('',*,*,#2945,.F.);
#1758=ORIENTED_EDGE('',*,*,#2929,.F.);
#1759=ORIENTED_EDGE('',*,*,#2953,.T.);
#1760=ORIENTED_EDGE('',*,*,#2934,.F.);
#1761=ORIENTED_EDGE('',*,*,#2954,.F.);
#1762=ORIENTED_EDGE('',*,*,#2936,.F.);
#1763=ORIENTED_EDGE('',*,*,#2946,.F.);
#1764=ORIENTED_EDGE('',*,*,#2954,.T.);
#1765=ORIENTED_EDGE('',*,*,#2933,.F.);
#1766=ORIENTED_EDGE('',*,*,#2955,.F.);
#1767=ORIENTED_EDGE('',*,*,#2763,.F.);
#1768=ORIENTED_EDGE('',*,*,#2937,.F.);
#1769=ORIENTED_EDGE('',*,*,#2955,.T.);
#1770=ORIENTED_EDGE('',*,*,#2932,.F.);
#1771=ORIENTED_EDGE('',*,*,#2594,.F.);
#1772=ORIENTED_EDGE('',*,*,#2764,.F.);
#1773=ORIENTED_EDGE('',*,*,#2931,.F.);
#1774=ORIENTED_EDGE('',*,*,#2948,.F.);
#1775=ORIENTED_EDGE('',*,*,#2956,.F.);
#1776=ORIENTED_EDGE('',*,*,#2927,.F.);
#1777=ORIENTED_EDGE('',*,*,#2584,.F.);
#1778=ORIENTED_EDGE('',*,*,#2947,.F.);
#1779=ORIENTED_EDGE('',*,*,#2939,.F.);
#1780=ORIENTED_EDGE('',*,*,#2957,.F.);
#1781=ORIENTED_EDGE('',*,*,#2928,.F.);
#1782=ORIENTED_EDGE('',*,*,#2956,.T.);
#1783=ORIENTED_EDGE('',*,*,#2938,.F.);
#1784=ORIENTED_EDGE('',*,*,#2761,.F.);
#1785=ORIENTED_EDGE('',*,*,#2958,.F.);
#1786=ORIENTED_EDGE('',*,*,#2925,.F.);
#1787=ORIENTED_EDGE('',*,*,#2957,.T.);
#1788=ORIENTED_EDGE('',*,*,#2958,.T.);
#1789=ORIENTED_EDGE('',*,*,#2760,.F.);
#1790=ORIENTED_EDGE('',*,*,#2586,.F.);
#1791=ORIENTED_EDGE('',*,*,#2926,.F.);
#1792=ORIENTED_EDGE('',*,*,#2959,.T.);
#1793=ORIENTED_EDGE('',*,*,#2960,.T.);
#1794=ORIENTED_EDGE('',*,*,#2574,.F.);
#1795=ORIENTED_EDGE('',*,*,#2725,.F.);
#1796=ORIENTED_EDGE('',*,*,#2961,.T.);
#1797=ORIENTED_EDGE('',*,*,#2578,.T.);
#1798=ORIENTED_EDGE('',*,*,#2962,.T.);
#1799=ORIENTED_EDGE('',*,*,#2963,.T.);
#1800=ORIENTED_EDGE('',*,*,#2964,.T.);
#1801=ORIENTED_EDGE('',*,*,#2731,.T.);
#1802=ORIENTED_EDGE('',*,*,#2576,.F.);
#1803=ORIENTED_EDGE('',*,*,#2965,.T.);
#1804=ORIENTED_EDGE('',*,*,#2966,.T.);
#1805=ORIENTED_EDGE('',*,*,#2967,.T.);
#1806=ORIENTED_EDGE('',*,*,#2968,.T.);
#1807=ORIENTED_EDGE('',*,*,#2969,.T.);
#1808=ORIENTED_EDGE('',*,*,#2970,.T.);
#1809=ORIENTED_EDGE('',*,*,#2723,.F.);
#1810=ORIENTED_EDGE('',*,*,#2971,.T.);
#1811=ORIENTED_EDGE('',*,*,#2972,.T.);
#1812=ORIENTED_EDGE('',*,*,#2973,.T.);
#1813=ORIENTED_EDGE('',*,*,#2974,.T.);
#1814=ORIENTED_EDGE('',*,*,#2571,.T.);
#1815=ORIENTED_EDGE('',*,*,#2975,.T.);
#1816=ORIENTED_EDGE('',*,*,#2976,.T.);
#1817=ORIENTED_EDGE('',*,*,#2569,.T.);
#1818=ORIENTED_EDGE('',*,*,#2977,.T.);
#1819=ORIENTED_EDGE('',*,*,#2978,.T.);
#1820=ORIENTED_EDGE('',*,*,#2979,.T.);
#1821=ORIENTED_EDGE('',*,*,#2567,.T.);
#1822=ORIENTED_EDGE('',*,*,#2980,.T.);
#1823=ORIENTED_EDGE('',*,*,#2981,.T.);
#1824=ORIENTED_EDGE('',*,*,#2982,.T.);
#1825=ORIENTED_EDGE('',*,*,#2983,.T.);
#1826=ORIENTED_EDGE('',*,*,#2984,.T.);
#1827=ORIENTED_EDGE('',*,*,#2985,.T.);
#1828=ORIENTED_EDGE('',*,*,#2728,.F.);
#1829=ORIENTED_EDGE('',*,*,#2986,.T.);
#1830=ORIENTED_EDGE('',*,*,#2987,.T.);
#1831=ORIENTED_EDGE('',*,*,#2988,.T.);
#1832=ORIENTED_EDGE('',*,*,#2966,.F.);
#1833=ORIENTED_EDGE('',*,*,#2989,.T.);
#1834=ORIENTED_EDGE('',*,*,#2990,.T.);
#1835=ORIENTED_EDGE('',*,*,#2968,.F.);
#1836=ORIENTED_EDGE('',*,*,#2991,.T.);
#1837=ORIENTED_EDGE('',*,*,#2992,.T.);
#1838=ORIENTED_EDGE('',*,*,#2993,.T.);
#1839=ORIENTED_EDGE('',*,*,#2994,.T.);
#1840=ORIENTED_EDGE('',*,*,#2988,.F.);
#1841=ORIENTED_EDGE('',*,*,#2995,.T.);
#1842=ORIENTED_EDGE('',*,*,#2996,.T.);
#1843=ORIENTED_EDGE('',*,*,#2978,.F.);
#1844=ORIENTED_EDGE('',*,*,#2724,.F.);
#1845=ORIENTED_EDGE('',*,*,#2970,.F.);
#1846=ORIENTED_EDGE('',*,*,#2997,.F.);
#1847=ORIENTED_EDGE('',*,*,#2961,.F.);
#1848=ORIENTED_EDGE('',*,*,#2969,.F.);
#1849=ORIENTED_EDGE('',*,*,#2990,.F.);
#1850=ORIENTED_EDGE('',*,*,#2998,.F.);
#1851=ORIENTED_EDGE('',*,*,#2959,.F.);
#1852=ORIENTED_EDGE('',*,*,#2997,.T.);
#1853=ORIENTED_EDGE('',*,*,#2989,.F.);
#1854=ORIENTED_EDGE('',*,*,#2965,.F.);
#1855=ORIENTED_EDGE('',*,*,#2575,.F.);
#1856=ORIENTED_EDGE('',*,*,#2960,.F.);
#1857=ORIENTED_EDGE('',*,*,#2998,.T.);
#1858=ORIENTED_EDGE('',*,*,#2732,.F.);
#1859=ORIENTED_EDGE('',*,*,#2964,.F.);
#1860=ORIENTED_EDGE('',*,*,#2999,.F.);
#1861=ORIENTED_EDGE('',*,*,#2971,.F.);
#1862=ORIENTED_EDGE('',*,*,#2999,.T.);
#1863=ORIENTED_EDGE('',*,*,#2963,.F.);
#1864=ORIENTED_EDGE('',*,*,#3000,.F.);
#1865=ORIENTED_EDGE('',*,*,#2991,.F.);
#1866=ORIENTED_EDGE('',*,*,#2972,.F.);
#1867=ORIENTED_EDGE('',*,*,#3000,.T.);
#1868=ORIENTED_EDGE('',*,*,#2962,.F.);
#1869=ORIENTED_EDGE('',*,*,#2577,.F.);
#1870=ORIENTED_EDGE('',*,*,#2967,.F.);
#1871=ORIENTED_EDGE('',*,*,#2992,.F.);
#1872=ORIENTED_EDGE('',*,*,#2568,.F.);
#1873=ORIENTED_EDGE('',*,*,#2983,.F.);
#1874=ORIENTED_EDGE('',*,*,#3001,.F.);
#1875=ORIENTED_EDGE('',*,*,#2993,.F.);
#1876=ORIENTED_EDGE('',*,*,#2977,.F.);
#1877=ORIENTED_EDGE('',*,*,#3001,.T.);
#1878=ORIENTED_EDGE('',*,*,#2982,.F.);
#1879=ORIENTED_EDGE('',*,*,#3002,.F.);
#1880=ORIENTED_EDGE('',*,*,#2984,.F.);
#1881=ORIENTED_EDGE('',*,*,#2994,.F.);
#1882=ORIENTED_EDGE('',*,*,#3002,.T.);
#1883=ORIENTED_EDGE('',*,*,#2981,.F.);
#1884=ORIENTED_EDGE('',*,*,#3003,.F.);
#1885=ORIENTED_EDGE('',*,*,#2729,.F.);
#1886=ORIENTED_EDGE('',*,*,#2985,.F.);
#1887=ORIENTED_EDGE('',*,*,#3003,.T.);
#1888=ORIENTED_EDGE('',*,*,#2980,.F.);
#1889=ORIENTED_EDGE('',*,*,#2580,.F.);
#1890=ORIENTED_EDGE('',*,*,#2730,.F.);
#1891=ORIENTED_EDGE('',*,*,#2979,.F.);
#1892=ORIENTED_EDGE('',*,*,#2996,.F.);
#1893=ORIENTED_EDGE('',*,*,#3004,.F.);
#1894=ORIENTED_EDGE('',*,*,#2975,.F.);
#1895=ORIENTED_EDGE('',*,*,#2570,.F.);
#1896=ORIENTED_EDGE('',*,*,#2995,.F.);
#1897=ORIENTED_EDGE('',*,*,#2987,.F.);
#1898=ORIENTED_EDGE('',*,*,#3005,.F.);
#1899=ORIENTED_EDGE('',*,*,#2976,.F.);
#1900=ORIENTED_EDGE('',*,*,#3004,.T.);
#1901=ORIENTED_EDGE('',*,*,#2986,.F.);
#1902=ORIENTED_EDGE('',*,*,#2727,.F.);
#1903=ORIENTED_EDGE('',*,*,#3006,.F.);
#1904=ORIENTED_EDGE('',*,*,#2973,.F.);
#1905=ORIENTED_EDGE('',*,*,#3005,.T.);
#1906=ORIENTED_EDGE('',*,*,#3006,.T.);
#1907=ORIENTED_EDGE('',*,*,#2726,.F.);
#1908=ORIENTED_EDGE('',*,*,#2572,.F.);
#1909=ORIENTED_EDGE('',*,*,#2974,.F.);
#1910=ORIENTED_EDGE('',*,*,#3007,.T.);
#1911=ORIENTED_EDGE('',*,*,#3008,.T.);
#1912=ORIENTED_EDGE('',*,*,#2560,.F.);
#1913=ORIENTED_EDGE('',*,*,#2700,.F.);
#1914=ORIENTED_EDGE('',*,*,#3009,.T.);
#1915=ORIENTED_EDGE('',*,*,#2564,.T.);
#1916=ORIENTED_EDGE('',*,*,#3010,.T.);
#1917=ORIENTED_EDGE('',*,*,#3011,.T.);
#1918=ORIENTED_EDGE('',*,*,#3012,.T.);
#1919=ORIENTED_EDGE('',*,*,#2706,.T.);
#1920=ORIENTED_EDGE('',*,*,#2562,.F.);
#1921=ORIENTED_EDGE('',*,*,#3013,.T.);
#1922=ORIENTED_EDGE('',*,*,#3014,.T.);
#1923=ORIENTED_EDGE('',*,*,#3015,.T.);
#1924=ORIENTED_EDGE('',*,*,#3016,.T.);
#1925=ORIENTED_EDGE('',*,*,#3017,.T.);
#1926=ORIENTED_EDGE('',*,*,#3018,.T.);
#1927=ORIENTED_EDGE('',*,*,#2698,.F.);
#1928=ORIENTED_EDGE('',*,*,#3019,.T.);
#1929=ORIENTED_EDGE('',*,*,#3020,.T.);
#1930=ORIENTED_EDGE('',*,*,#3021,.T.);
#1931=ORIENTED_EDGE('',*,*,#3022,.T.);
#1932=ORIENTED_EDGE('',*,*,#2557,.T.);
#1933=ORIENTED_EDGE('',*,*,#3023,.T.);
#1934=ORIENTED_EDGE('',*,*,#3024,.T.);
#1935=ORIENTED_EDGE('',*,*,#2555,.T.);
#1936=ORIENTED_EDGE('',*,*,#3025,.T.);
#1937=ORIENTED_EDGE('',*,*,#3026,.T.);
#1938=ORIENTED_EDGE('',*,*,#3027,.T.);
#1939=ORIENTED_EDGE('',*,*,#2553,.T.);
#1940=ORIENTED_EDGE('',*,*,#3028,.T.);
#1941=ORIENTED_EDGE('',*,*,#3029,.T.);
#1942=ORIENTED_EDGE('',*,*,#3030,.T.);
#1943=ORIENTED_EDGE('',*,*,#3031,.T.);
#1944=ORIENTED_EDGE('',*,*,#3032,.T.);
#1945=ORIENTED_EDGE('',*,*,#3033,.T.);
#1946=ORIENTED_EDGE('',*,*,#2703,.F.);
#1947=ORIENTED_EDGE('',*,*,#3034,.T.);
#1948=ORIENTED_EDGE('',*,*,#3035,.T.);
#1949=ORIENTED_EDGE('',*,*,#3036,.T.);
#1950=ORIENTED_EDGE('',*,*,#3014,.F.);
#1951=ORIENTED_EDGE('',*,*,#3037,.T.);
#1952=ORIENTED_EDGE('',*,*,#3038,.T.);
#1953=ORIENTED_EDGE('',*,*,#3016,.F.);
#1954=ORIENTED_EDGE('',*,*,#3039,.T.);
#1955=ORIENTED_EDGE('',*,*,#3040,.T.);
#1956=ORIENTED_EDGE('',*,*,#3041,.T.);
#1957=ORIENTED_EDGE('',*,*,#3042,.T.);
#1958=ORIENTED_EDGE('',*,*,#3036,.F.);
#1959=ORIENTED_EDGE('',*,*,#3043,.T.);
#1960=ORIENTED_EDGE('',*,*,#3044,.T.);
#1961=ORIENTED_EDGE('',*,*,#3026,.F.);
#1962=ORIENTED_EDGE('',*,*,#2699,.F.);
#1963=ORIENTED_EDGE('',*,*,#3018,.F.);
#1964=ORIENTED_EDGE('',*,*,#3045,.F.);
#1965=ORIENTED_EDGE('',*,*,#3009,.F.);
#1966=ORIENTED_EDGE('',*,*,#3017,.F.);
#1967=ORIENTED_EDGE('',*,*,#3038,.F.);
#1968=ORIENTED_EDGE('',*,*,#3046,.F.);
#1969=ORIENTED_EDGE('',*,*,#3007,.F.);
#1970=ORIENTED_EDGE('',*,*,#3045,.T.);
#1971=ORIENTED_EDGE('',*,*,#3037,.F.);
#1972=ORIENTED_EDGE('',*,*,#3013,.F.);
#1973=ORIENTED_EDGE('',*,*,#2561,.F.);
#1974=ORIENTED_EDGE('',*,*,#3008,.F.);
#1975=ORIENTED_EDGE('',*,*,#3046,.T.);
#1976=ORIENTED_EDGE('',*,*,#2707,.F.);
#1977=ORIENTED_EDGE('',*,*,#3012,.F.);
#1978=ORIENTED_EDGE('',*,*,#3047,.F.);
#1979=ORIENTED_EDGE('',*,*,#3019,.F.);
#1980=ORIENTED_EDGE('',*,*,#3047,.T.);
#1981=ORIENTED_EDGE('',*,*,#3011,.F.);
#1982=ORIENTED_EDGE('',*,*,#3048,.F.);
#1983=ORIENTED_EDGE('',*,*,#3039,.F.);
#1984=ORIENTED_EDGE('',*,*,#3020,.F.);
#1985=ORIENTED_EDGE('',*,*,#3048,.T.);
#1986=ORIENTED_EDGE('',*,*,#3010,.F.);
#1987=ORIENTED_EDGE('',*,*,#2563,.F.);
#1988=ORIENTED_EDGE('',*,*,#3015,.F.);
#1989=ORIENTED_EDGE('',*,*,#3040,.F.);
#1990=ORIENTED_EDGE('',*,*,#2554,.F.);
#1991=ORIENTED_EDGE('',*,*,#3031,.F.);
#1992=ORIENTED_EDGE('',*,*,#3049,.F.);
#1993=ORIENTED_EDGE('',*,*,#3041,.F.);
#1994=ORIENTED_EDGE('',*,*,#3025,.F.);
#1995=ORIENTED_EDGE('',*,*,#3049,.T.);
#1996=ORIENTED_EDGE('',*,*,#3030,.F.);
#1997=ORIENTED_EDGE('',*,*,#3050,.F.);
#1998=ORIENTED_EDGE('',*,*,#3032,.F.);
#1999=ORIENTED_EDGE('',*,*,#3042,.F.);
#2000=ORIENTED_EDGE('',*,*,#3050,.T.);
#2001=ORIENTED_EDGE('',*,*,#3029,.F.);
#2002=ORIENTED_EDGE('',*,*,#3051,.F.);
#2003=ORIENTED_EDGE('',*,*,#2704,.F.);
#2004=ORIENTED_EDGE('',*,*,#3033,.F.);
#2005=ORIENTED_EDGE('',*,*,#3051,.T.);
#2006=ORIENTED_EDGE('',*,*,#3028,.F.);
#2007=ORIENTED_EDGE('',*,*,#2566,.F.);
#2008=ORIENTED_EDGE('',*,*,#2705,.F.);
#2009=ORIENTED_EDGE('',*,*,#3027,.F.);
#2010=ORIENTED_EDGE('',*,*,#3044,.F.);
#2011=ORIENTED_EDGE('',*,*,#3052,.F.);
#2012=ORIENTED_EDGE('',*,*,#3023,.F.);
#2013=ORIENTED_EDGE('',*,*,#2556,.F.);
#2014=ORIENTED_EDGE('',*,*,#3043,.F.);
#2015=ORIENTED_EDGE('',*,*,#3035,.F.);
#2016=ORIENTED_EDGE('',*,*,#3053,.F.);
#2017=ORIENTED_EDGE('',*,*,#3024,.F.);
#2018=ORIENTED_EDGE('',*,*,#3052,.T.);
#2019=ORIENTED_EDGE('',*,*,#3034,.F.);
#2020=ORIENTED_EDGE('',*,*,#2702,.F.);
#2021=ORIENTED_EDGE('',*,*,#3054,.F.);
#2022=ORIENTED_EDGE('',*,*,#3021,.F.);
#2023=ORIENTED_EDGE('',*,*,#3053,.T.);
#2024=ORIENTED_EDGE('',*,*,#3054,.T.);
#2025=ORIENTED_EDGE('',*,*,#2701,.F.);
#2026=ORIENTED_EDGE('',*,*,#2558,.F.);
#2027=ORIENTED_EDGE('',*,*,#3022,.F.);
#2028=ORIENTED_EDGE('',*,*,#3055,.T.);
#2029=ORIENTED_EDGE('',*,*,#3056,.T.);
#2030=ORIENTED_EDGE('',*,*,#2546,.F.);
#2031=ORIENTED_EDGE('',*,*,#2747,.F.);
#2032=ORIENTED_EDGE('',*,*,#3057,.T.);
#2033=ORIENTED_EDGE('',*,*,#2550,.T.);
#2034=ORIENTED_EDGE('',*,*,#3058,.T.);
#2035=ORIENTED_EDGE('',*,*,#3059,.T.);
#2036=ORIENTED_EDGE('',*,*,#3060,.T.);
#2037=ORIENTED_EDGE('',*,*,#2753,.T.);
#2038=ORIENTED_EDGE('',*,*,#2548,.F.);
#2039=ORIENTED_EDGE('',*,*,#3061,.T.);
#2040=ORIENTED_EDGE('',*,*,#3062,.T.);
#2041=ORIENTED_EDGE('',*,*,#3063,.T.);
#2042=ORIENTED_EDGE('',*,*,#3064,.T.);
#2043=ORIENTED_EDGE('',*,*,#3065,.T.);
#2044=ORIENTED_EDGE('',*,*,#3066,.T.);
#2045=ORIENTED_EDGE('',*,*,#2745,.F.);
#2046=ORIENTED_EDGE('',*,*,#3067,.T.);
#2047=ORIENTED_EDGE('',*,*,#3068,.T.);
#2048=ORIENTED_EDGE('',*,*,#3069,.T.);
#2049=ORIENTED_EDGE('',*,*,#3070,.T.);
#2050=ORIENTED_EDGE('',*,*,#2543,.T.);
#2051=ORIENTED_EDGE('',*,*,#3071,.T.);
#2052=ORIENTED_EDGE('',*,*,#3072,.T.);
#2053=ORIENTED_EDGE('',*,*,#2541,.T.);
#2054=ORIENTED_EDGE('',*,*,#3073,.T.);
#2055=ORIENTED_EDGE('',*,*,#3074,.T.);
#2056=ORIENTED_EDGE('',*,*,#3075,.T.);
#2057=ORIENTED_EDGE('',*,*,#2539,.T.);
#2058=ORIENTED_EDGE('',*,*,#3076,.T.);
#2059=ORIENTED_EDGE('',*,*,#3077,.T.);
#2060=ORIENTED_EDGE('',*,*,#3078,.T.);
#2061=ORIENTED_EDGE('',*,*,#3079,.T.);
#2062=ORIENTED_EDGE('',*,*,#3080,.T.);
#2063=ORIENTED_EDGE('',*,*,#3081,.T.);
#2064=ORIENTED_EDGE('',*,*,#2750,.F.);
#2065=ORIENTED_EDGE('',*,*,#3082,.T.);
#2066=ORIENTED_EDGE('',*,*,#3083,.T.);
#2067=ORIENTED_EDGE('',*,*,#3084,.T.);
#2068=ORIENTED_EDGE('',*,*,#3062,.F.);
#2069=ORIENTED_EDGE('',*,*,#3085,.T.);
#2070=ORIENTED_EDGE('',*,*,#3086,.T.);
#2071=ORIENTED_EDGE('',*,*,#3064,.F.);
#2072=ORIENTED_EDGE('',*,*,#3087,.T.);
#2073=ORIENTED_EDGE('',*,*,#3088,.T.);
#2074=ORIENTED_EDGE('',*,*,#3089,.T.);
#2075=ORIENTED_EDGE('',*,*,#3090,.T.);
#2076=ORIENTED_EDGE('',*,*,#3084,.F.);
#2077=ORIENTED_EDGE('',*,*,#3091,.T.);
#2078=ORIENTED_EDGE('',*,*,#3092,.T.);
#2079=ORIENTED_EDGE('',*,*,#3074,.F.);
#2080=ORIENTED_EDGE('',*,*,#2746,.F.);
#2081=ORIENTED_EDGE('',*,*,#3066,.F.);
#2082=ORIENTED_EDGE('',*,*,#3093,.F.);
#2083=ORIENTED_EDGE('',*,*,#3057,.F.);
#2084=ORIENTED_EDGE('',*,*,#3065,.F.);
#2085=ORIENTED_EDGE('',*,*,#3086,.F.);
#2086=ORIENTED_EDGE('',*,*,#3094,.F.);
#2087=ORIENTED_EDGE('',*,*,#3055,.F.);
#2088=ORIENTED_EDGE('',*,*,#3093,.T.);
#2089=ORIENTED_EDGE('',*,*,#3085,.F.);
#2090=ORIENTED_EDGE('',*,*,#3061,.F.);
#2091=ORIENTED_EDGE('',*,*,#2547,.F.);
#2092=ORIENTED_EDGE('',*,*,#3056,.F.);
#2093=ORIENTED_EDGE('',*,*,#3094,.T.);
#2094=ORIENTED_EDGE('',*,*,#2754,.F.);
#2095=ORIENTED_EDGE('',*,*,#3060,.F.);
#2096=ORIENTED_EDGE('',*,*,#3095,.F.);
#2097=ORIENTED_EDGE('',*,*,#3067,.F.);
#2098=ORIENTED_EDGE('',*,*,#3095,.T.);
#2099=ORIENTED_EDGE('',*,*,#3059,.F.);
#2100=ORIENTED_EDGE('',*,*,#3096,.F.);
#2101=ORIENTED_EDGE('',*,*,#3087,.F.);
#2102=ORIENTED_EDGE('',*,*,#3068,.F.);
#2103=ORIENTED_EDGE('',*,*,#3096,.T.);
#2104=ORIENTED_EDGE('',*,*,#3058,.F.);
#2105=ORIENTED_EDGE('',*,*,#2549,.F.);
#2106=ORIENTED_EDGE('',*,*,#3063,.F.);
#2107=ORIENTED_EDGE('',*,*,#3088,.F.);
#2108=ORIENTED_EDGE('',*,*,#2540,.F.);
#2109=ORIENTED_EDGE('',*,*,#3079,.F.);
#2110=ORIENTED_EDGE('',*,*,#3097,.F.);
#2111=ORIENTED_EDGE('',*,*,#3089,.F.);
#2112=ORIENTED_EDGE('',*,*,#3073,.F.);
#2113=ORIENTED_EDGE('',*,*,#3097,.T.);
#2114=ORIENTED_EDGE('',*,*,#3078,.F.);
#2115=ORIENTED_EDGE('',*,*,#3098,.F.);
#2116=ORIENTED_EDGE('',*,*,#3080,.F.);
#2117=ORIENTED_EDGE('',*,*,#3090,.F.);
#2118=ORIENTED_EDGE('',*,*,#3098,.T.);
#2119=ORIENTED_EDGE('',*,*,#3077,.F.);
#2120=ORIENTED_EDGE('',*,*,#3099,.F.);
#2121=ORIENTED_EDGE('',*,*,#2751,.F.);
#2122=ORIENTED_EDGE('',*,*,#3081,.F.);
#2123=ORIENTED_EDGE('',*,*,#3099,.T.);
#2124=ORIENTED_EDGE('',*,*,#3076,.F.);
#2125=ORIENTED_EDGE('',*,*,#2552,.F.);
#2126=ORIENTED_EDGE('',*,*,#2752,.F.);
#2127=ORIENTED_EDGE('',*,*,#3075,.F.);
#2128=ORIENTED_EDGE('',*,*,#3092,.F.);
#2129=ORIENTED_EDGE('',*,*,#3100,.F.);
#2130=ORIENTED_EDGE('',*,*,#3071,.F.);
#2131=ORIENTED_EDGE('',*,*,#2542,.F.);
#2132=ORIENTED_EDGE('',*,*,#3091,.F.);
#2133=ORIENTED_EDGE('',*,*,#3083,.F.);
#2134=ORIENTED_EDGE('',*,*,#3101,.F.);
#2135=ORIENTED_EDGE('',*,*,#3072,.F.);
#2136=ORIENTED_EDGE('',*,*,#3100,.T.);
#2137=ORIENTED_EDGE('',*,*,#3082,.F.);
#2138=ORIENTED_EDGE('',*,*,#2749,.F.);
#2139=ORIENTED_EDGE('',*,*,#3102,.F.);
#2140=ORIENTED_EDGE('',*,*,#3069,.F.);
#2141=ORIENTED_EDGE('',*,*,#3101,.T.);
#2142=ORIENTED_EDGE('',*,*,#3102,.T.);
#2143=ORIENTED_EDGE('',*,*,#2748,.F.);
#2144=ORIENTED_EDGE('',*,*,#2544,.F.);
#2145=ORIENTED_EDGE('',*,*,#3070,.F.);
#2146=ORIENTED_EDGE('',*,*,#3103,.T.);
#2147=ORIENTED_EDGE('',*,*,#3104,.T.);
#2148=ORIENTED_EDGE('',*,*,#2532,.F.);
#2149=ORIENTED_EDGE('',*,*,#2676,.F.);
#2150=ORIENTED_EDGE('',*,*,#3105,.T.);
#2151=ORIENTED_EDGE('',*,*,#2536,.T.);
#2152=ORIENTED_EDGE('',*,*,#3106,.T.);
#2153=ORIENTED_EDGE('',*,*,#3107,.T.);
#2154=ORIENTED_EDGE('',*,*,#3108,.T.);
#2155=ORIENTED_EDGE('',*,*,#2682,.T.);
#2156=ORIENTED_EDGE('',*,*,#2534,.F.);
#2157=ORIENTED_EDGE('',*,*,#3109,.T.);
#2158=ORIENTED_EDGE('',*,*,#3110,.T.);
#2159=ORIENTED_EDGE('',*,*,#3111,.T.);
#2160=ORIENTED_EDGE('',*,*,#3112,.T.);
#2161=ORIENTED_EDGE('',*,*,#3113,.T.);
#2162=ORIENTED_EDGE('',*,*,#3114,.T.);
#2163=ORIENTED_EDGE('',*,*,#2674,.F.);
#2164=ORIENTED_EDGE('',*,*,#3115,.T.);
#2165=ORIENTED_EDGE('',*,*,#3116,.T.);
#2166=ORIENTED_EDGE('',*,*,#3117,.T.);
#2167=ORIENTED_EDGE('',*,*,#3118,.T.);
#2168=ORIENTED_EDGE('',*,*,#2529,.T.);
#2169=ORIENTED_EDGE('',*,*,#3119,.T.);
#2170=ORIENTED_EDGE('',*,*,#3120,.T.);
#2171=ORIENTED_EDGE('',*,*,#2527,.T.);
#2172=ORIENTED_EDGE('',*,*,#3121,.T.);
#2173=ORIENTED_EDGE('',*,*,#3122,.T.);
#2174=ORIENTED_EDGE('',*,*,#3123,.T.);
#2175=ORIENTED_EDGE('',*,*,#2525,.T.);
#2176=ORIENTED_EDGE('',*,*,#3124,.T.);
#2177=ORIENTED_EDGE('',*,*,#3125,.T.);
#2178=ORIENTED_EDGE('',*,*,#3126,.T.);
#2179=ORIENTED_EDGE('',*,*,#3127,.T.);
#2180=ORIENTED_EDGE('',*,*,#3128,.T.);
#2181=ORIENTED_EDGE('',*,*,#3129,.T.);
#2182=ORIENTED_EDGE('',*,*,#2679,.F.);
#2183=ORIENTED_EDGE('',*,*,#3130,.T.);
#2184=ORIENTED_EDGE('',*,*,#3131,.T.);
#2185=ORIENTED_EDGE('',*,*,#3132,.T.);
#2186=ORIENTED_EDGE('',*,*,#3110,.F.);
#2187=ORIENTED_EDGE('',*,*,#3133,.T.);
#2188=ORIENTED_EDGE('',*,*,#3134,.T.);
#2189=ORIENTED_EDGE('',*,*,#3112,.F.);
#2190=ORIENTED_EDGE('',*,*,#3135,.T.);
#2191=ORIENTED_EDGE('',*,*,#3136,.T.);
#2192=ORIENTED_EDGE('',*,*,#3137,.T.);
#2193=ORIENTED_EDGE('',*,*,#3138,.T.);
#2194=ORIENTED_EDGE('',*,*,#3132,.F.);
#2195=ORIENTED_EDGE('',*,*,#3139,.T.);
#2196=ORIENTED_EDGE('',*,*,#3140,.T.);
#2197=ORIENTED_EDGE('',*,*,#3122,.F.);
#2198=ORIENTED_EDGE('',*,*,#2675,.F.);
#2199=ORIENTED_EDGE('',*,*,#3114,.F.);
#2200=ORIENTED_EDGE('',*,*,#3141,.F.);
#2201=ORIENTED_EDGE('',*,*,#3105,.F.);
#2202=ORIENTED_EDGE('',*,*,#3113,.F.);
#2203=ORIENTED_EDGE('',*,*,#3134,.F.);
#2204=ORIENTED_EDGE('',*,*,#3142,.F.);
#2205=ORIENTED_EDGE('',*,*,#3103,.F.);
#2206=ORIENTED_EDGE('',*,*,#3141,.T.);
#2207=ORIENTED_EDGE('',*,*,#3133,.F.);
#2208=ORIENTED_EDGE('',*,*,#3109,.F.);
#2209=ORIENTED_EDGE('',*,*,#2533,.F.);
#2210=ORIENTED_EDGE('',*,*,#3104,.F.);
#2211=ORIENTED_EDGE('',*,*,#3142,.T.);
#2212=ORIENTED_EDGE('',*,*,#2683,.F.);
#2213=ORIENTED_EDGE('',*,*,#3108,.F.);
#2214=ORIENTED_EDGE('',*,*,#3143,.F.);
#2215=ORIENTED_EDGE('',*,*,#3115,.F.);
#2216=ORIENTED_EDGE('',*,*,#3143,.T.);
#2217=ORIENTED_EDGE('',*,*,#3107,.F.);
#2218=ORIENTED_EDGE('',*,*,#3144,.F.);
#2219=ORIENTED_EDGE('',*,*,#3135,.F.);
#2220=ORIENTED_EDGE('',*,*,#3116,.F.);
#2221=ORIENTED_EDGE('',*,*,#3144,.T.);
#2222=ORIENTED_EDGE('',*,*,#3106,.F.);
#2223=ORIENTED_EDGE('',*,*,#2535,.F.);
#2224=ORIENTED_EDGE('',*,*,#3111,.F.);
#2225=ORIENTED_EDGE('',*,*,#3136,.F.);
#2226=ORIENTED_EDGE('',*,*,#2526,.F.);
#2227=ORIENTED_EDGE('',*,*,#3127,.F.);
#2228=ORIENTED_EDGE('',*,*,#3145,.F.);
#2229=ORIENTED_EDGE('',*,*,#3137,.F.);
#2230=ORIENTED_EDGE('',*,*,#3121,.F.);
#2231=ORIENTED_EDGE('',*,*,#3145,.T.);
#2232=ORIENTED_EDGE('',*,*,#3126,.F.);
#2233=ORIENTED_EDGE('',*,*,#3146,.F.);
#2234=ORIENTED_EDGE('',*,*,#3128,.F.);
#2235=ORIENTED_EDGE('',*,*,#3138,.F.);
#2236=ORIENTED_EDGE('',*,*,#3146,.T.);
#2237=ORIENTED_EDGE('',*,*,#3125,.F.);
#2238=ORIENTED_EDGE('',*,*,#3147,.F.);
#2239=ORIENTED_EDGE('',*,*,#2680,.F.);
#2240=ORIENTED_EDGE('',*,*,#3129,.F.);
#2241=ORIENTED_EDGE('',*,*,#3147,.T.);
#2242=ORIENTED_EDGE('',*,*,#3124,.F.);
#2243=ORIENTED_EDGE('',*,*,#2538,.F.);
#2244=ORIENTED_EDGE('',*,*,#2681,.F.);
#2245=ORIENTED_EDGE('',*,*,#3123,.F.);
#2246=ORIENTED_EDGE('',*,*,#3140,.F.);
#2247=ORIENTED_EDGE('',*,*,#3148,.F.);
#2248=ORIENTED_EDGE('',*,*,#3119,.F.);
#2249=ORIENTED_EDGE('',*,*,#2528,.F.);
#2250=ORIENTED_EDGE('',*,*,#3139,.F.);
#2251=ORIENTED_EDGE('',*,*,#3131,.F.);
#2252=ORIENTED_EDGE('',*,*,#3149,.F.);
#2253=ORIENTED_EDGE('',*,*,#3120,.F.);
#2254=ORIENTED_EDGE('',*,*,#3148,.T.);
#2255=ORIENTED_EDGE('',*,*,#3130,.F.);
#2256=ORIENTED_EDGE('',*,*,#2678,.F.);
#2257=ORIENTED_EDGE('',*,*,#3150,.F.);
#2258=ORIENTED_EDGE('',*,*,#3117,.F.);
#2259=ORIENTED_EDGE('',*,*,#3149,.T.);
#2260=ORIENTED_EDGE('',*,*,#3150,.T.);
#2261=ORIENTED_EDGE('',*,*,#2677,.F.);
#2262=ORIENTED_EDGE('',*,*,#2530,.F.);
#2263=ORIENTED_EDGE('',*,*,#3118,.F.);
#2264=ORIENTED_EDGE('',*,*,#3151,.T.);
#2265=ORIENTED_EDGE('',*,*,#3152,.T.);
#2266=ORIENTED_EDGE('',*,*,#2518,.F.);
#2267=ORIENTED_EDGE('',*,*,#2711,.F.);
#2268=ORIENTED_EDGE('',*,*,#3153,.T.);
#2269=ORIENTED_EDGE('',*,*,#2522,.T.);
#2270=ORIENTED_EDGE('',*,*,#3154,.T.);
#2271=ORIENTED_EDGE('',*,*,#3155,.T.);
#2272=ORIENTED_EDGE('',*,*,#3156,.T.);
#2273=ORIENTED_EDGE('',*,*,#2717,.T.);
#2274=ORIENTED_EDGE('',*,*,#2520,.F.);
#2275=ORIENTED_EDGE('',*,*,#3157,.T.);
#2276=ORIENTED_EDGE('',*,*,#3158,.T.);
#2277=ORIENTED_EDGE('',*,*,#3159,.T.);
#2278=ORIENTED_EDGE('',*,*,#3160,.T.);
#2279=ORIENTED_EDGE('',*,*,#3161,.T.);
#2280=ORIENTED_EDGE('',*,*,#3162,.T.);
#2281=ORIENTED_EDGE('',*,*,#2709,.F.);
#2282=ORIENTED_EDGE('',*,*,#3163,.T.);
#2283=ORIENTED_EDGE('',*,*,#3164,.T.);
#2284=ORIENTED_EDGE('',*,*,#3165,.T.);
#2285=ORIENTED_EDGE('',*,*,#3166,.T.);
#2286=ORIENTED_EDGE('',*,*,#2515,.T.);
#2287=ORIENTED_EDGE('',*,*,#3167,.T.);
#2288=ORIENTED_EDGE('',*,*,#3168,.T.);
#2289=ORIENTED_EDGE('',*,*,#2513,.T.);
#2290=ORIENTED_EDGE('',*,*,#3169,.T.);
#2291=ORIENTED_EDGE('',*,*,#3170,.T.);
#2292=ORIENTED_EDGE('',*,*,#3171,.T.);
#2293=ORIENTED_EDGE('',*,*,#2511,.T.);
#2294=ORIENTED_EDGE('',*,*,#3172,.T.);
#2295=ORIENTED_EDGE('',*,*,#3173,.T.);
#2296=ORIENTED_EDGE('',*,*,#3174,.T.);
#2297=ORIENTED_EDGE('',*,*,#3175,.T.);
#2298=ORIENTED_EDGE('',*,*,#3176,.T.);
#2299=ORIENTED_EDGE('',*,*,#3177,.T.);
#2300=ORIENTED_EDGE('',*,*,#2714,.F.);
#2301=ORIENTED_EDGE('',*,*,#3178,.T.);
#2302=ORIENTED_EDGE('',*,*,#3179,.T.);
#2303=ORIENTED_EDGE('',*,*,#3180,.T.);
#2304=ORIENTED_EDGE('',*,*,#3158,.F.);
#2305=ORIENTED_EDGE('',*,*,#3181,.T.);
#2306=ORIENTED_EDGE('',*,*,#3182,.T.);
#2307=ORIENTED_EDGE('',*,*,#3160,.F.);
#2308=ORIENTED_EDGE('',*,*,#3183,.T.);
#2309=ORIENTED_EDGE('',*,*,#3184,.T.);
#2310=ORIENTED_EDGE('',*,*,#3185,.T.);
#2311=ORIENTED_EDGE('',*,*,#3186,.T.);
#2312=ORIENTED_EDGE('',*,*,#3180,.F.);
#2313=ORIENTED_EDGE('',*,*,#3187,.T.);
#2314=ORIENTED_EDGE('',*,*,#3188,.T.);
#2315=ORIENTED_EDGE('',*,*,#3170,.F.);
#2316=ORIENTED_EDGE('',*,*,#2710,.F.);
#2317=ORIENTED_EDGE('',*,*,#3162,.F.);
#2318=ORIENTED_EDGE('',*,*,#3189,.F.);
#2319=ORIENTED_EDGE('',*,*,#3153,.F.);
#2320=ORIENTED_EDGE('',*,*,#3161,.F.);
#2321=ORIENTED_EDGE('',*,*,#3182,.F.);
#2322=ORIENTED_EDGE('',*,*,#3190,.F.);
#2323=ORIENTED_EDGE('',*,*,#3151,.F.);
#2324=ORIENTED_EDGE('',*,*,#3189,.T.);
#2325=ORIENTED_EDGE('',*,*,#3181,.F.);
#2326=ORIENTED_EDGE('',*,*,#3157,.F.);
#2327=ORIENTED_EDGE('',*,*,#2519,.F.);
#2328=ORIENTED_EDGE('',*,*,#3152,.F.);
#2329=ORIENTED_EDGE('',*,*,#3190,.T.);
#2330=ORIENTED_EDGE('',*,*,#2718,.F.);
#2331=ORIENTED_EDGE('',*,*,#3156,.F.);
#2332=ORIENTED_EDGE('',*,*,#3191,.F.);
#2333=ORIENTED_EDGE('',*,*,#3163,.F.);
#2334=ORIENTED_EDGE('',*,*,#3191,.T.);
#2335=ORIENTED_EDGE('',*,*,#3155,.F.);
#2336=ORIENTED_EDGE('',*,*,#3192,.F.);
#2337=ORIENTED_EDGE('',*,*,#3183,.F.);
#2338=ORIENTED_EDGE('',*,*,#3164,.F.);
#2339=ORIENTED_EDGE('',*,*,#3192,.T.);
#2340=ORIENTED_EDGE('',*,*,#3154,.F.);
#2341=ORIENTED_EDGE('',*,*,#2521,.F.);
#2342=ORIENTED_EDGE('',*,*,#3159,.F.);
#2343=ORIENTED_EDGE('',*,*,#3184,.F.);
#2344=ORIENTED_EDGE('',*,*,#2512,.F.);
#2345=ORIENTED_EDGE('',*,*,#3175,.F.);
#2346=ORIENTED_EDGE('',*,*,#3193,.F.);
#2347=ORIENTED_EDGE('',*,*,#3185,.F.);
#2348=ORIENTED_EDGE('',*,*,#3169,.F.);
#2349=ORIENTED_EDGE('',*,*,#3193,.T.);
#2350=ORIENTED_EDGE('',*,*,#3174,.F.);
#2351=ORIENTED_EDGE('',*,*,#3194,.F.);
#2352=ORIENTED_EDGE('',*,*,#3176,.F.);
#2353=ORIENTED_EDGE('',*,*,#3186,.F.);
#2354=ORIENTED_EDGE('',*,*,#3194,.T.);
#2355=ORIENTED_EDGE('',*,*,#3173,.F.);
#2356=ORIENTED_EDGE('',*,*,#3195,.F.);
#2357=ORIENTED_EDGE('',*,*,#2715,.F.);
#2358=ORIENTED_EDGE('',*,*,#3177,.F.);
#2359=ORIENTED_EDGE('',*,*,#3195,.T.);
#2360=ORIENTED_EDGE('',*,*,#3172,.F.);
#2361=ORIENTED_EDGE('',*,*,#2524,.F.);
#2362=ORIENTED_EDGE('',*,*,#2716,.F.);
#2363=ORIENTED_EDGE('',*,*,#3171,.F.);
#2364=ORIENTED_EDGE('',*,*,#3188,.F.);
#2365=ORIENTED_EDGE('',*,*,#3196,.F.);
#2366=ORIENTED_EDGE('',*,*,#3167,.F.);
#2367=ORIENTED_EDGE('',*,*,#2514,.F.);
#2368=ORIENTED_EDGE('',*,*,#3187,.F.);
#2369=ORIENTED_EDGE('',*,*,#3179,.F.);
#2370=ORIENTED_EDGE('',*,*,#3197,.F.);
#2371=ORIENTED_EDGE('',*,*,#3168,.F.);
#2372=ORIENTED_EDGE('',*,*,#3196,.T.);
#2373=ORIENTED_EDGE('',*,*,#3178,.F.);
#2374=ORIENTED_EDGE('',*,*,#2713,.F.);
#2375=ORIENTED_EDGE('',*,*,#3198,.F.);
#2376=ORIENTED_EDGE('',*,*,#3165,.F.);
#2377=ORIENTED_EDGE('',*,*,#3197,.T.);
#2378=ORIENTED_EDGE('',*,*,#3198,.T.);
#2379=ORIENTED_EDGE('',*,*,#2712,.F.);
#2380=ORIENTED_EDGE('',*,*,#2516,.F.);
#2381=ORIENTED_EDGE('',*,*,#3166,.F.);
#2382=ORIENTED_EDGE('',*,*,#2643,.F.);
#2383=ORIENTED_EDGE('',*,*,#3199,.T.);
#2384=ORIENTED_EDGE('',*,*,#2637,.F.);
#2385=ORIENTED_EDGE('',*,*,#3200,.T.);
#2386=ORIENTED_EDGE('',*,*,#2647,.F.);
#2387=ORIENTED_EDGE('',*,*,#3201,.T.);
#2388=ORIENTED_EDGE('',*,*,#2641,.F.);
#2389=ORIENTED_EDGE('',*,*,#3202,.T.);
#2390=ORIENTED_EDGE('',*,*,#3203,.F.);
#2391=ORIENTED_EDGE('',*,*,#2660,.F.);
#2392=ORIENTED_EDGE('',*,*,#3204,.F.);
#2393=ORIENTED_EDGE('',*,*,#3200,.F.);
#2394=ORIENTED_EDGE('',*,*,#3204,.T.);
#2395=ORIENTED_EDGE('',*,*,#2659,.F.);
#2396=ORIENTED_EDGE('',*,*,#3205,.F.);
#2397=ORIENTED_EDGE('',*,*,#2644,.F.);
#2398=ORIENTED_EDGE('',*,*,#3203,.T.);
#2399=ORIENTED_EDGE('',*,*,#2640,.F.);
#2400=ORIENTED_EDGE('',*,*,#3206,.F.);
#2401=ORIENTED_EDGE('',*,*,#2661,.F.);
#2402=ORIENTED_EDGE('',*,*,#3205,.T.);
#2403=ORIENTED_EDGE('',*,*,#2658,.F.);
#2404=ORIENTED_EDGE('',*,*,#3207,.F.);
#2405=ORIENTED_EDGE('',*,*,#3202,.F.);
#2406=ORIENTED_EDGE('',*,*,#3206,.T.);
#2407=ORIENTED_EDGE('',*,*,#2655,.F.);
#2408=ORIENTED_EDGE('',*,*,#3208,.F.);
#2409=ORIENTED_EDGE('',*,*,#2656,.F.);
#2410=ORIENTED_EDGE('',*,*,#3207,.T.);
#2411=ORIENTED_EDGE('',*,*,#2657,.F.);
#2412=ORIENTED_EDGE('',*,*,#3208,.T.);
#2413=ORIENTED_EDGE('',*,*,#2648,.F.);
#2414=ORIENTED_EDGE('',*,*,#3209,.F.);
#2415=ORIENTED_EDGE('',*,*,#3199,.F.);
#2416=ORIENTED_EDGE('',*,*,#3210,.F.);
#2417=ORIENTED_EDGE('',*,*,#2509,.F.);
#2418=ORIENTED_EDGE('',*,*,#3210,.T.);
#2419=ORIENTED_EDGE('',*,*,#2642,.F.);
#2420=ORIENTED_EDGE('',*,*,#3211,.F.);
#2421=ORIENTED_EDGE('',*,*,#2510,.F.);
#2422=ORIENTED_EDGE('',*,*,#3209,.T.);
#2423=ORIENTED_EDGE('',*,*,#2508,.F.);
#2424=ORIENTED_EDGE('',*,*,#3212,.F.);
#2425=ORIENTED_EDGE('',*,*,#2638,.F.);
#2426=ORIENTED_EDGE('',*,*,#3211,.T.);
#2427=ORIENTED_EDGE('',*,*,#3201,.F.);
#2428=ORIENTED_EDGE('',*,*,#3213,.F.);
#2429=ORIENTED_EDGE('',*,*,#2505,.F.);
#2430=ORIENTED_EDGE('',*,*,#3212,.T.);
#2431=ORIENTED_EDGE('',*,*,#2507,.F.);
#2432=ORIENTED_EDGE('',*,*,#3214,.F.);
#2433=ORIENTED_EDGE('',*,*,#2654,.F.);
#2434=ORIENTED_EDGE('',*,*,#3213,.T.);
#2435=ORIENTED_EDGE('',*,*,#2646,.F.);
#2436=ORIENTED_EDGE('',*,*,#3214,.T.);
#2437=ORIENTED_EDGE('',*,*,#2506,.F.);
#2438=ORIENTED_EDGE('',*,*,#3215,.F.);
#2439=ORIENTED_EDGE('',*,*,#2755,.T.);
#2440=ORIENTED_EDGE('',*,*,#3215,.T.);
#2441=ORIENTED_EDGE('',*,*,#3216,.F.);
#2442=ORIENTED_EDGE('',*,*,#2721,.T.);
#2443=ORIENTED_EDGE('',*,*,#3216,.T.);
#2444=ORIENTED_EDGE('',*,*,#3217,.F.);
#2445=ORIENTED_EDGE('',*,*,#2720,.T.);
#2446=ORIENTED_EDGE('',*,*,#3217,.T.);
#2447=ORIENTED_EDGE('',*,*,#3218,.F.);
#2448=ORIENTED_EDGE('',*,*,#2719,.T.);
#2449=ORIENTED_EDGE('',*,*,#3218,.T.);
#2450=ORIENTED_EDGE('',*,*,#3219,.F.);
#2451=ORIENTED_EDGE('',*,*,#2685,.T.);
#2452=ORIENTED_EDGE('',*,*,#3219,.T.);
#2453=ORIENTED_EDGE('',*,*,#3220,.F.);
#2454=ORIENTED_EDGE('',*,*,#2684,.T.);
#2455=ORIENTED_EDGE('',*,*,#3220,.T.);
#2456=ORIENTED_EDGE('',*,*,#3221,.T.);
#2457=ORIENTED_EDGE('',*,*,#3222,.F.);
#2458=ORIENTED_EDGE('',*,*,#3222,.T.);
#2459=ORIENTED_EDGE('',*,*,#3223,.T.);
#2460=ORIENTED_EDGE('',*,*,#3224,.F.);
#2461=ORIENTED_EDGE('',*,*,#3224,.T.);
#2462=ORIENTED_EDGE('',*,*,#3225,.T.);
#2463=ORIENTED_EDGE('',*,*,#3226,.F.);
#2464=ORIENTED_EDGE('',*,*,#3226,.T.);
#2465=ORIENTED_EDGE('',*,*,#3227,.T.);
#2466=ORIENTED_EDGE('',*,*,#3228,.F.);
#2467=ORIENTED_EDGE('',*,*,#3228,.T.);
#2468=ORIENTED_EDGE('',*,*,#3229,.T.);
#2469=ORIENTED_EDGE('',*,*,#3230,.F.);
#2470=ORIENTED_EDGE('',*,*,#3230,.T.);
#2471=ORIENTED_EDGE('',*,*,#2649,.F.);
#2472=ORIENTED_EDGE('',*,*,#3221,.F.);
#2473=ORIENTED_EDGE('',*,*,#2650,.F.);
#2474=ORIENTED_EDGE('',*,*,#3223,.F.);
#2475=ORIENTED_EDGE('',*,*,#2651,.F.);
#2476=ORIENTED_EDGE('',*,*,#3225,.F.);
#2477=ORIENTED_EDGE('',*,*,#2652,.F.);
#2478=ORIENTED_EDGE('',*,*,#3227,.F.);
#2479=ORIENTED_EDGE('',*,*,#2653,.F.);
#2480=ORIENTED_EDGE('',*,*,#3229,.F.);
#2481=EDGE_CURVE('',#3231,#3231,#3747,.T.);
#2482=EDGE_CURVE('',#3232,#3232,#3748,.T.);
#2483=EDGE_CURVE('',#3233,#3233,#3749,.T.);
#2484=EDGE_CURVE('',#3234,#3234,#3750,.T.);
#2485=EDGE_CURVE('',#3235,#3235,#3751,.T.);
#2486=EDGE_CURVE('',#3236,#3236,#3752,.T.);
#2487=EDGE_CURVE('',#3237,#3237,#3753,.T.);
#2488=EDGE_CURVE('',#3238,#3238,#3754,.T.);
#2489=EDGE_CURVE('',#3239,#3239,#3755,.T.);
#2490=EDGE_CURVE('',#3240,#3240,#3756,.T.);
#2491=EDGE_CURVE('',#3241,#3241,#3757,.T.);
#2492=EDGE_CURVE('',#3242,#3242,#3758,.T.);
#2493=EDGE_CURVE('',#3243,#3243,#3759,.T.);
#2494=EDGE_CURVE('',#3244,#3244,#3760,.T.);
#2495=EDGE_CURVE('',#3245,#3245,#3761,.T.);
#2496=EDGE_CURVE('',#3246,#3246,#3762,.T.);
#2497=EDGE_CURVE('',#3247,#3247,#3763,.T.);
#2498=EDGE_CURVE('',#3248,#3248,#3764,.T.);
#2499=EDGE_CURVE('',#3249,#3249,#3765,.T.);
#2500=EDGE_CURVE('',#3250,#3250,#3766,.T.);
#2501=EDGE_CURVE('',#3251,#3251,#3767,.T.);
#2502=EDGE_CURVE('',#3252,#3252,#3768,.T.);
#2503=EDGE_CURVE('',#3253,#3253,#3769,.T.);
#2504=EDGE_CURVE('',#3254,#3254,#3770,.T.);
#2505=EDGE_CURVE('',#3255,#3256,#3771,.T.);
#2506=EDGE_CURVE('',#3256,#3257,#345,.T.);
#2507=EDGE_CURVE('',#3257,#3258,#346,.T.);
#2508=EDGE_CURVE('',#3258,#3259,#347,.T.);
#2509=EDGE_CURVE('',#3259,#3260,#3772,.T.);
#2510=EDGE_CURVE('',#3260,#3255,#348,.T.);
#2511=EDGE_CURVE('',#3261,#3262,#349,.T.);
#2512=EDGE_CURVE('',#3261,#3263,#3773,.F.);
#2513=EDGE_CURVE('',#3264,#3263,#3774,.T.);
#2514=EDGE_CURVE('',#3264,#3265,#3775,.F.);
#2515=EDGE_CURVE('',#3266,#3265,#350,.T.);
#2516=EDGE_CURVE('',#3266,#3267,#3776,.F.);
#2517=EDGE_CURVE('',#3268,#3267,#3777,.T.);
#2518=EDGE_CURVE('',#3268,#3269,#351,.T.);
#2519=EDGE_CURVE('',#3269,#3270,#3778,.F.);
#2520=EDGE_CURVE('',#3270,#3271,#3779,.T.);
#2521=EDGE_CURVE('',#3271,#3272,#3780,.F.);
#2522=EDGE_CURVE('',#3273,#3272,#352,.T.);
#2523=EDGE_CURVE('',#3274,#3273,#3781,.T.);
#2524=EDGE_CURVE('',#3274,#3262,#3782,.F.);
#2525=EDGE_CURVE('',#3275,#3276,#353,.T.);
#2526=EDGE_CURVE('',#3275,#3277,#3783,.F.);
#2527=EDGE_CURVE('',#3278,#3277,#3784,.T.);
#2528=EDGE_CURVE('',#3278,#3279,#3785,.F.);
#2529=EDGE_CURVE('',#3280,#3279,#354,.T.);
#2530=EDGE_CURVE('',#3280,#3281,#3786,.F.);
#2531=EDGE_CURVE('',#3282,#3281,#3787,.T.);
#2532=EDGE_CURVE('',#3282,#3283,#355,.T.);
#2533=EDGE_CURVE('',#3283,#3284,#3788,.F.);
#2534=EDGE_CURVE('',#3284,#3285,#3789,.T.);
#2535=EDGE_CURVE('',#3285,#3286,#3790,.F.);
#2536=EDGE_CURVE('',#3287,#3286,#356,.T.);
#2537=EDGE_CURVE('',#3288,#3287,#3791,.T.);
#2538=EDGE_CURVE('',#3288,#3276,#3792,.F.);
#2539=EDGE_CURVE('',#3289,#3290,#357,.T.);
#2540=EDGE_CURVE('',#3289,#3291,#3793,.F.);
#2541=EDGE_CURVE('',#3292,#3291,#3794,.T.);
#2542=EDGE_CURVE('',#3292,#3293,#3795,.F.);
#2543=EDGE_CURVE('',#3294,#3293,#358,.T.);
#2544=EDGE_CURVE('',#3294,#3295,#3796,.F.);
#2545=EDGE_CURVE('',#3296,#3295,#3797,.T.);
#2546=EDGE_CURVE('',#3296,#3297,#359,.T.);
#2547=EDGE_CURVE('',#3297,#3298,#3798,.F.);
#2548=EDGE_CURVE('',#3298,#3299,#3799,.T.);
#2549=EDGE_CURVE('',#3299,#3300,#3800,.F.);
#2550=EDGE_CURVE('',#3301,#3300,#360,.T.);
#2551=EDGE_CURVE('',#3302,#3301,#3801,.T.);
#2552=EDGE_CURVE('',#3302,#3290,#3802,.F.);
#2553=EDGE_CURVE('',#3303,#3304,#361,.T.);
#2554=EDGE_CURVE('',#3303,#3305,#3803,.F.);
#2555=EDGE_CURVE('',#3306,#3305,#3804,.T.);
#2556=EDGE_CURVE('',#3306,#3307,#3805,.F.);
#2557=EDGE_CURVE('',#3308,#3307,#362,.T.);
#2558=EDGE_CURVE('',#3308,#3309,#3806,.F.);
#2559=EDGE_CURVE('',#3310,#3309,#3807,.T.);
#2560=EDGE_CURVE('',#3310,#3311,#363,.T.);
#2561=EDGE_CURVE('',#3311,#3312,#3808,.F.);
#2562=EDGE_CURVE('',#3312,#3313,#3809,.T.);
#2563=EDGE_CURVE('',#3313,#3314,#3810,.F.);
#2564=EDGE_CURVE('',#3315,#3314,#364,.T.);
#2565=EDGE_CURVE('',#3316,#3315,#3811,.T.);
#2566=EDGE_CURVE('',#3316,#3304,#3812,.F.);
#2567=EDGE_CURVE('',#3317,#3318,#365,.T.);
#2568=EDGE_CURVE('',#3317,#3319,#3813,.F.);
#2569=EDGE_CURVE('',#3320,#3319,#3814,.T.);
#2570=EDGE_CURVE('',#3320,#3321,#3815,.F.);
#2571=EDGE_CURVE('',#3322,#3321,#366,.T.);
#2572=EDGE_CURVE('',#3322,#3323,#3816,.F.);
#2573=EDGE_CURVE('',#3324,#3323,#3817,.T.);
#2574=EDGE_CURVE('',#3324,#3325,#367,.T.);
#2575=EDGE_CURVE('',#3325,#3326,#3818,.F.);
#2576=EDGE_CURVE('',#3326,#3327,#3819,.T.);
#2577=EDGE_CURVE('',#3327,#3328,#3820,.F.);
#2578=EDGE_CURVE('',#3329,#3328,#368,.T.);
#2579=EDGE_CURVE('',#3330,#3329,#3821,.T.);
#2580=EDGE_CURVE('',#3330,#3318,#3822,.F.);
#2581=EDGE_CURVE('',#3331,#3332,#369,.T.);
#2582=EDGE_CURVE('',#3331,#3333,#3823,.F.);
#2583=EDGE_CURVE('',#3334,#3333,#3824,.T.);
#2584=EDGE_CURVE('',#3334,#3335,#3825,.F.);
#2585=EDGE_CURVE('',#3336,#3335,#370,.T.);
#2586=EDGE_CURVE('',#3336,#3337,#3826,.F.);
#2587=EDGE_CURVE('',#3338,#3337,#3827,.T.);
#2588=EDGE_CURVE('',#3338,#3339,#371,.T.);
#2589=EDGE_CURVE('',#3339,#3340,#3828,.F.);
#2590=EDGE_CURVE('',#3340,#3341,#3829,.T.);
#2591=EDGE_CURVE('',#3341,#3342,#3830,.F.);
#2592=EDGE_CURVE('',#3343,#3342,#372,.T.);
#2593=EDGE_CURVE('',#3344,#3343,#3831,.T.);
#2594=EDGE_CURVE('',#3344,#3332,#3832,.F.);
#2595=EDGE_CURVE('',#3345,#3346,#373,.T.);
#2596=EDGE_CURVE('',#3345,#3347,#3833,.F.);
#2597=EDGE_CURVE('',#3348,#3347,#3834,.T.);
#2598=EDGE_CURVE('',#3348,#3349,#3835,.F.);
#2599=EDGE_CURVE('',#3350,#3349,#374,.T.);
#2600=EDGE_CURVE('',#3350,#3351,#3836,.F.);
#2601=EDGE_CURVE('',#3352,#3351,#3837,.T.);
#2602=EDGE_CURVE('',#3352,#3353,#375,.T.);
#2603=EDGE_CURVE('',#3353,#3354,#3838,.F.);
#2604=EDGE_CURVE('',#3354,#3355,#3839,.T.);
#2605=EDGE_CURVE('',#3355,#3356,#3840,.F.);
#2606=EDGE_CURVE('',#3357,#3356,#376,.T.);
#2607=EDGE_CURVE('',#3358,#3357,#3841,.T.);
#2608=EDGE_CURVE('',#3358,#3346,#3842,.F.);
#2609=EDGE_CURVE('',#3359,#3360,#377,.T.);
#2610=EDGE_CURVE('',#3359,#3361,#3843,.F.);
#2611=EDGE_CURVE('',#3362,#3361,#3844,.T.);
#2612=EDGE_CURVE('',#3362,#3363,#3845,.F.);
#2613=EDGE_CURVE('',#3364,#3363,#378,.T.);
#2614=EDGE_CURVE('',#3364,#3365,#3846,.F.);
#2615=EDGE_CURVE('',#3366,#3365,#3847,.T.);
#2616=EDGE_CURVE('',#3366,#3367,#379,.T.);
#2617=EDGE_CURVE('',#3367,#3368,#3848,.F.);
#2618=EDGE_CURVE('',#3368,#3369,#3849,.T.);
#2619=EDGE_CURVE('',#3369,#3370,#3850,.F.);
#2620=EDGE_CURVE('',#3371,#3370,#380,.T.);
#2621=EDGE_CURVE('',#3372,#3371,#3851,.T.);
#2622=EDGE_CURVE('',#3372,#3360,#3852,.F.);
#2623=EDGE_CURVE('',#3373,#3374,#381,.T.);
#2624=EDGE_CURVE('',#3373,#3375,#3853,.F.);
#2625=EDGE_CURVE('',#3376,#3375,#3854,.T.);
#2626=EDGE_CURVE('',#3376,#3377,#3855,.F.);
#2627=EDGE_CURVE('',#3378,#3377,#382,.T.);
#2628=EDGE_CURVE('',#3378,#3379,#3856,.F.);
#2629=EDGE_CURVE('',#3380,#3379,#3857,.T.);
#2630=EDGE_CURVE('',#3380,#3381,#383,.T.);
#2631=EDGE_CURVE('',#3381,#3382,#3858,.F.);
#2632=EDGE_CURVE('',#3382,#3383,#3859,.T.);
#2633=EDGE_CURVE('',#3383,#3384,#3860,.F.);
#2634=EDGE_CURVE('',#3385,#3384,#384,.T.);
#2635=EDGE_CURVE('',#3386,#3385,#3861,.T.);
#2636=EDGE_CURVE('',#3386,#3374,#3862,.F.);
#2637=EDGE_CURVE('',#3387,#3388,#385,.F.);
#2638=EDGE_CURVE('',#3388,#3389,#386,.T.);
#2639=EDGE_CURVE('',#3389,#3390,#387,.T.);
#2640=EDGE_CURVE('',#3390,#3387,#388,.T.);
#2641=EDGE_CURVE('',#3391,#3392,#389,.F.);
#2642=EDGE_CURVE('',#3392,#3393,#390,.T.);
#2643=EDGE_CURVE('',#3393,#3394,#391,.T.);
#2644=EDGE_CURVE('',#3394,#3391,#392,.T.);
#2645=EDGE_CURVE('',#3395,#3396,#393,.T.);
#2646=EDGE_CURVE('',#3395,#3397,#394,.T.);
#2647=EDGE_CURVE('',#3397,#3398,#395,.T.);
#2648=EDGE_CURVE('',#3398,#3396,#396,.T.);
#2649=EDGE_CURVE('',#3399,#3399,#3863,.F.);
#2650=EDGE_CURVE('',#3400,#3400,#3864,.F.);
#2651=EDGE_CURVE('',#3401,#3401,#3865,.F.);
#2652=EDGE_CURVE('',#3402,#3402,#3866,.F.);
#2653=EDGE_CURVE('',#3403,#3403,#3867,.F.);
#2654=EDGE_CURVE('',#3389,#3395,#397,.T.);
#2655=EDGE_CURVE('',#3396,#3390,#398,.T.);
#2656=EDGE_CURVE('',#3404,#3405,#399,.T.);
#2657=EDGE_CURVE('',#3405,#3406,#400,.T.);
#2658=EDGE_CURVE('',#3406,#3407,#3868,.F.);
#2659=EDGE_CURVE('',#3407,#3408,#401,.T.);
#2660=EDGE_CURVE('',#3408,#3409,#3869,.F.);
#2661=EDGE_CURVE('',#3409,#3404,#402,.T.);
#2662=EDGE_CURVE('',#3410,#3410,#3870,.T.);
#2663=EDGE_CURVE('',#3411,#3412,#3871,.T.);
#2664=EDGE_CURVE('',#3412,#3413,#93,.T.);
#2665=EDGE_CURVE('',#3413,#3380,#403,.T.);
#2666=EDGE_CURVE('',#3379,#3414,#404,.T.);
#2667=EDGE_CURVE('',#3414,#3415,#94,.T.);
#2668=EDGE_CURVE('',#3415,#3416,#3872,.T.);
#2669=EDGE_CURVE('',#3416,#3417,#95,.T.);
#2670=EDGE_CURVE('',#3417,#3386,#405,.F.);
#2671=EDGE_CURVE('',#3418,#3385,#406,.T.);
#2672=EDGE_CURVE('',#3418,#3411,#96,.T.);
#2673=EDGE_CURVE('',#3419,#3419,#3873,.T.);
#2674=EDGE_CURVE('',#3420,#3421,#3874,.T.);
#2675=EDGE_CURVE('',#3421,#3422,#97,.T.);
#2676=EDGE_CURVE('',#3422,#3282,#407,.T.);
#2677=EDGE_CURVE('',#3281,#3423,#408,.T.);
#2678=EDGE_CURVE('',#3423,#3424,#98,.T.);
#2679=EDGE_CURVE('',#3424,#3425,#3875,.T.);
#2680=EDGE_CURVE('',#3425,#3426,#99,.T.);
#2681=EDGE_CURVE('',#3426,#3288,#409,.F.);
#2682=EDGE_CURVE('',#3427,#3287,#410,.T.);
#2683=EDGE_CURVE('',#3427,#3420,#100,.T.);
#2684=EDGE_CURVE('',#3428,#3428,#3876,.T.);
#2685=EDGE_CURVE('',#3429,#3429,#3877,.T.);
#2686=EDGE_CURVE('',#3430,#3430,#3878,.T.);
#2687=EDGE_CURVE('',#3431,#3432,#3879,.T.);
#2688=EDGE_CURVE('',#3432,#3433,#101,.T.);
#2689=EDGE_CURVE('',#3433,#3352,#411,.T.);
#2690=EDGE_CURVE('',#3351,#3434,#412,.T.);
#2691=EDGE_CURVE('',#3434,#3435,#102,.T.);
#2692=EDGE_CURVE('',#3435,#3436,#3880,.T.);
#2693=EDGE_CURVE('',#3436,#3437,#103,.T.);
#2694=EDGE_CURVE('',#3437,#3358,#413,.F.);
#2695=EDGE_CURVE('',#3438,#3357,#414,.T.);
#2696=EDGE_CURVE('',#3438,#3431,#104,.T.);
#2697=EDGE_CURVE('',#3439,#3439,#3881,.T.);
#2698=EDGE_CURVE('',#3440,#3441,#3882,.T.);
#2699=EDGE_CURVE('',#3441,#3442,#105,.T.);
#2700=EDGE_CURVE('',#3442,#3310,#415,.T.);
#2701=EDGE_CURVE('',#3309,#3443,#416,.T.);
#2702=EDGE_CURVE('',#3443,#3444,#106,.T.);
#2703=EDGE_CURVE('',#3444,#3445,#3883,.T.);
#2704=EDGE_CURVE('',#3445,#3446,#107,.T.);
#2705=EDGE_CURVE('',#3446,#3316,#417,.F.);
#2706=EDGE_CURVE('',#3447,#3315,#418,.T.);
#2707=EDGE_CURVE('',#3447,#3440,#108,.T.);
#2708=EDGE_CURVE('',#3448,#3448,#3884,.T.);
#2709=EDGE_CURVE('',#3449,#3450,#3885,.T.);
#2710=EDGE_CURVE('',#3450,#3451,#109,.T.);
#2711=EDGE_CURVE('',#3451,#3268,#419,.T.);
#2712=EDGE_CURVE('',#3267,#3452,#420,.T.);
#2713=EDGE_CURVE('',#3452,#3453,#110,.T.);
#2714=EDGE_CURVE('',#3453,#3454,#3886,.T.);
#2715=EDGE_CURVE('',#3454,#3455,#111,.T.);
#2716=EDGE_CURVE('',#3455,#3274,#421,.F.);
#2717=EDGE_CURVE('',#3456,#3273,#422,.T.);
#2718=EDGE_CURVE('',#3456,#3449,#112,.T.);
#2719=EDGE_CURVE('',#3457,#3457,#3887,.T.);
#2720=EDGE_CURVE('',#3458,#3458,#3888,.T.);
#2721=EDGE_CURVE('',#3459,#3459,#3889,.T.);
#2722=EDGE_CURVE('',#3460,#3460,#3890,.T.);
#2723=EDGE_CURVE('',#3461,#3462,#3891,.T.);
#2724=EDGE_CURVE('',#3462,#3463,#113,.T.);
#2725=EDGE_CURVE('',#3463,#3324,#423,.T.);
#2726=EDGE_CURVE('',#3323,#3464,#424,.T.);
#2727=EDGE_CURVE('',#3464,#3465,#114,.T.);
#2728=EDGE_CURVE('',#3465,#3466,#3892,.T.);
#2729=EDGE_CURVE('',#3466,#3467,#115,.T.);
#2730=EDGE_CURVE('',#3467,#3330,#425,.F.);
#2731=EDGE_CURVE('',#3468,#3329,#426,.T.);
#2732=EDGE_CURVE('',#3468,#3461,#116,.T.);
#2733=EDGE_CURVE('',#3469,#3469,#3893,.T.);
#2734=EDGE_CURVE('',#3470,#3471,#3894,.T.);
#2735=EDGE_CURVE('',#3471,#3472,#117,.T.);
#2736=EDGE_CURVE('',#3472,#3366,#427,.T.);
#2737=EDGE_CURVE('',#3365,#3473,#428,.T.);
#2738=EDGE_CURVE('',#3473,#3474,#118,.T.);
#2739=EDGE_CURVE('',#3474,#3475,#3895,.T.);
#2740=EDGE_CURVE('',#3475,#3476,#119,.T.);
#2741=EDGE_CURVE('',#3476,#3372,#429,.F.);
#2742=EDGE_CURVE('',#3477,#3371,#430,.T.);
#2743=EDGE_CURVE('',#3477,#3470,#120,.T.);
#2744=EDGE_CURVE('',#3478,#3478,#3896,.T.);
#2745=EDGE_CURVE('',#3479,#3480,#3897,.T.);
#2746=EDGE_CURVE('',#3480,#3481,#121,.T.);
#2747=EDGE_CURVE('',#3481,#3296,#431,.T.);
#2748=EDGE_CURVE('',#3295,#3482,#432,.T.);
#2749=EDGE_CURVE('',#3482,#3483,#122,.T.);
#2750=EDGE_CURVE('',#3483,#3484,#3898,.T.);
#2751=EDGE_CURVE('',#3484,#3485,#123,.T.);
#2752=EDGE_CURVE('',#3485,#3302,#433,.F.);
#2753=EDGE_CURVE('',#3486,#3301,#434,.T.);
#2754=EDGE_CURVE('',#3486,#3479,#124,.T.);
#2755=EDGE_CURVE('',#3487,#3487,#3899,.T.);
#2756=EDGE_CURVE('',#3488,#3488,#3900,.T.);
#2757=EDGE_CURVE('',#3489,#3490,#3901,.T.);
#2758=EDGE_CURVE('',#3490,#3491,#125,.T.);
#2759=EDGE_CURVE('',#3491,#3338,#435,.T.);
#2760=EDGE_CURVE('',#3337,#3492,#436,.T.);
#2761=EDGE_CURVE('',#3492,#3493,#126,.T.);
#2762=EDGE_CURVE('',#3493,#3494,#3902,.T.);
#2763=EDGE_CURVE('',#3494,#3495,#127,.T.);
#2764=EDGE_CURVE('',#3495,#3344,#437,.F.);
#2765=EDGE_CURVE('',#3496,#3343,#438,.T.);
#2766=EDGE_CURVE('',#3496,#3489,#128,.T.);
#2767=EDGE_CURVE('',#3497,#3498,#129,.T.);
#2768=EDGE_CURVE('',#3498,#3381,#439,.T.);
#2769=EDGE_CURVE('',#3413,#3497,#440,.T.);
#2770=EDGE_CURVE('',#3384,#3499,#441,.T.);
#2771=EDGE_CURVE('',#3499,#3500,#130,.T.);
#2772=EDGE_CURVE('',#3500,#3418,#442,.F.);
#2773=EDGE_CURVE('',#3382,#3501,#443,.F.);
#2774=EDGE_CURVE('',#3501,#3502,#3903,.F.);
#2775=EDGE_CURVE('',#3502,#3383,#444,.T.);
#2776=EDGE_CURVE('',#3503,#3504,#3904,.T.);
#2777=EDGE_CURVE('',#3504,#3505,#131,.T.);
#2778=EDGE_CURVE('',#3505,#3412,#445,.F.);
#2779=EDGE_CURVE('',#3411,#3506,#446,.T.);
#2780=EDGE_CURVE('',#3506,#3503,#132,.T.);
#2781=EDGE_CURVE('',#3507,#3508,#447,.F.);
#2782=EDGE_CURVE('',#3508,#3378,#448,.F.);
#2783=EDGE_CURVE('',#3377,#3509,#449,.F.);
#2784=EDGE_CURVE('',#3509,#3507,#133,.T.);
#2785=EDGE_CURVE('',#3375,#3510,#450,.F.);
#2786=EDGE_CURVE('',#3510,#3511,#3905,.F.);
#2787=EDGE_CURVE('',#3511,#3376,#451,.T.);
#2788=EDGE_CURVE('',#3374,#3512,#452,.T.);
#2789=EDGE_CURVE('',#3512,#3513,#453,.F.);
#2790=EDGE_CURVE('',#3513,#3514,#134,.T.);
#2791=EDGE_CURVE('',#3514,#3373,#454,.T.);
#2792=EDGE_CURVE('',#3515,#3516,#135,.T.);
#2793=EDGE_CURVE('',#3516,#3416,#455,.T.);
#2794=EDGE_CURVE('',#3415,#3517,#456,.T.);
#2795=EDGE_CURVE('',#3517,#3518,#136,.T.);
#2796=EDGE_CURVE('',#3518,#3515,#3906,.T.);
#2797=EDGE_CURVE('',#3501,#3519,#137,.T.);
#2798=EDGE_CURVE('',#3519,#3504,#138,.T.);
#2799=EDGE_CURVE('',#3503,#3520,#139,.T.);
#2800=EDGE_CURVE('',#3520,#3502,#140,.T.);
#2801=EDGE_CURVE('',#3510,#3521,#141,.T.);
#2802=EDGE_CURVE('',#3521,#3515,#142,.T.);
#2803=EDGE_CURVE('',#3518,#3522,#143,.T.);
#2804=EDGE_CURVE('',#3522,#3511,#144,.T.);
#2805=EDGE_CURVE('',#3497,#3505,#145,.F.);
#2806=EDGE_CURVE('',#3498,#3519,#146,.F.);
#2807=EDGE_CURVE('',#3506,#3500,#147,.T.);
#2808=EDGE_CURVE('',#3520,#3499,#148,.T.);
#2809=EDGE_CURVE('',#3521,#3514,#149,.T.);
#2810=EDGE_CURVE('',#3516,#3513,#150,.T.);
#2811=EDGE_CURVE('',#3417,#3512,#12,.F.);
#2812=EDGE_CURVE('',#3509,#3522,#151,.F.);
#2813=EDGE_CURVE('',#3507,#3517,#152,.F.);
#2814=EDGE_CURVE('',#3508,#3414,#13,.T.);
#2815=EDGE_CURVE('',#3523,#3524,#153,.T.);
#2816=EDGE_CURVE('',#3524,#3367,#457,.T.);
#2817=EDGE_CURVE('',#3472,#3523,#458,.T.);
#2818=EDGE_CURVE('',#3370,#3525,#459,.T.);
#2819=EDGE_CURVE('',#3525,#3526,#154,.T.);
#2820=EDGE_CURVE('',#3526,#3477,#460,.F.);
#2821=EDGE_CURVE('',#3368,#3527,#461,.F.);
#2822=EDGE_CURVE('',#3527,#3528,#3907,.F.);
#2823=EDGE_CURVE('',#3528,#3369,#462,.T.);
#2824=EDGE_CURVE('',#3529,#3530,#3908,.T.);
#2825=EDGE_CURVE('',#3530,#3531,#155,.T.);
#2826=EDGE_CURVE('',#3531,#3471,#463,.F.);
#2827=EDGE_CURVE('',#3470,#3532,#464,.T.);
#2828=EDGE_CURVE('',#3532,#3529,#156,.T.);
#2829=EDGE_CURVE('',#3533,#3534,#465,.F.);
#2830=EDGE_CURVE('',#3534,#3364,#466,.F.);
#2831=EDGE_CURVE('',#3363,#3535,#467,.F.);
#2832=EDGE_CURVE('',#3535,#3533,#157,.T.);
#2833=EDGE_CURVE('',#3361,#3536,#468,.F.);
#2834=EDGE_CURVE('',#3536,#3537,#3909,.F.);
#2835=EDGE_CURVE('',#3537,#3362,#469,.T.);
#2836=EDGE_CURVE('',#3360,#3538,#470,.T.);
#2837=EDGE_CURVE('',#3538,#3539,#471,.F.);
#2838=EDGE_CURVE('',#3539,#3540,#158,.T.);
#2839=EDGE_CURVE('',#3540,#3359,#472,.T.);
#2840=EDGE_CURVE('',#3541,#3542,#159,.T.);
#2841=EDGE_CURVE('',#3542,#3475,#473,.T.);
#2842=EDGE_CURVE('',#3474,#3543,#474,.T.);
#2843=EDGE_CURVE('',#3543,#3544,#160,.T.);
#2844=EDGE_CURVE('',#3544,#3541,#3910,.T.);
#2845=EDGE_CURVE('',#3527,#3545,#161,.T.);
#2846=EDGE_CURVE('',#3545,#3530,#162,.T.);
#2847=EDGE_CURVE('',#3529,#3546,#163,.T.);
#2848=EDGE_CURVE('',#3546,#3528,#164,.T.);
#2849=EDGE_CURVE('',#3536,#3547,#165,.T.);
#2850=EDGE_CURVE('',#3547,#3541,#166,.T.);
#2851=EDGE_CURVE('',#3544,#3548,#167,.T.);
#2852=EDGE_CURVE('',#3548,#3537,#168,.T.);
#2853=EDGE_CURVE('',#3523,#3531,#169,.F.);
#2854=EDGE_CURVE('',#3524,#3545,#170,.F.);
#2855=EDGE_CURVE('',#3532,#3526,#171,.T.);
#2856=EDGE_CURVE('',#3546,#3525,#172,.T.);
#2857=EDGE_CURVE('',#3547,#3540,#173,.T.);
#2858=EDGE_CURVE('',#3542,#3539,#174,.T.);
#2859=EDGE_CURVE('',#3476,#3538,#14,.F.);
#2860=EDGE_CURVE('',#3535,#3548,#175,.F.);
#2861=EDGE_CURVE('',#3533,#3543,#176,.F.);
#2862=EDGE_CURVE('',#3534,#3473,#15,.T.);
#2863=EDGE_CURVE('',#3549,#3550,#177,.T.);
#2864=EDGE_CURVE('',#3550,#3353,#475,.T.);
#2865=EDGE_CURVE('',#3433,#3549,#476,.T.);
#2866=EDGE_CURVE('',#3356,#3551,#477,.T.);
#2867=EDGE_CURVE('',#3551,#3552,#178,.T.);
#2868=EDGE_CURVE('',#3552,#3438,#478,.F.);
#2869=EDGE_CURVE('',#3354,#3553,#479,.F.);
#2870=EDGE_CURVE('',#3553,#3554,#3911,.F.);
#2871=EDGE_CURVE('',#3554,#3355,#480,.T.);
#2872=EDGE_CURVE('',#3555,#3556,#3912,.T.);
#2873=EDGE_CURVE('',#3556,#3557,#179,.T.);
#2874=EDGE_CURVE('',#3557,#3432,#481,.F.);
#2875=EDGE_CURVE('',#3431,#3558,#482,.T.);
#2876=EDGE_CURVE('',#3558,#3555,#180,.T.);
#2877=EDGE_CURVE('',#3559,#3560,#483,.F.);
#2878=EDGE_CURVE('',#3560,#3350,#484,.F.);
#2879=EDGE_CURVE('',#3349,#3561,#485,.F.);
#2880=EDGE_CURVE('',#3561,#3559,#181,.T.);
#2881=EDGE_CURVE('',#3347,#3562,#486,.F.);
#2882=EDGE_CURVE('',#3562,#3563,#3913,.F.);
#2883=EDGE_CURVE('',#3563,#3348,#487,.T.);
#2884=EDGE_CURVE('',#3346,#3564,#488,.T.);
#2885=EDGE_CURVE('',#3564,#3565,#489,.F.);
#2886=EDGE_CURVE('',#3565,#3566,#182,.T.);
#2887=EDGE_CURVE('',#3566,#3345,#490,.T.);
#2888=EDGE_CURVE('',#3567,#3568,#183,.T.);
#2889=EDGE_CURVE('',#3568,#3436,#491,.T.);
#2890=EDGE_CURVE('',#3435,#3569,#492,.T.);
#2891=EDGE_CURVE('',#3569,#3570,#184,.T.);
#2892=EDGE_CURVE('',#3570,#3567,#3914,.T.);
#2893=EDGE_CURVE('',#3553,#3571,#185,.T.);
#2894=EDGE_CURVE('',#3571,#3556,#186,.T.);
#2895=EDGE_CURVE('',#3555,#3572,#187,.T.);
#2896=EDGE_CURVE('',#3572,#3554,#188,.T.);
#2897=EDGE_CURVE('',#3562,#3573,#189,.T.);
#2898=EDGE_CURVE('',#3573,#3567,#190,.T.);
#2899=EDGE_CURVE('',#3570,#3574,#191,.T.);
#2900=EDGE_CURVE('',#3574,#3563,#192,.T.);
#2901=EDGE_CURVE('',#3549,#3557,#193,.F.);
#2902=EDGE_CURVE('',#3550,#3571,#194,.F.);
#2903=EDGE_CURVE('',#3558,#3552,#195,.T.);
#2904=EDGE_CURVE('',#3572,#3551,#196,.T.);
#2905=EDGE_CURVE('',#3573,#3566,#197,.T.);
#2906=EDGE_CURVE('',#3568,#3565,#198,.T.);
#2907=EDGE_CURVE('',#3437,#3564,#16,.F.);
#2908=EDGE_CURVE('',#3561,#3574,#199,.F.);
#2909=EDGE_CURVE('',#3559,#3569,#200,.F.);
#2910=EDGE_CURVE('',#3560,#3434,#17,.T.);
#2911=EDGE_CURVE('',#3575,#3576,#201,.T.);
#2912=EDGE_CURVE('',#3576,#3339,#493,.T.);
#2913=EDGE_CURVE('',#3491,#3575,#494,.T.);
#2914=EDGE_CURVE('',#3342,#3577,#495,.T.);
#2915=EDGE_CURVE('',#3577,#3578,#202,.T.);
#2916=EDGE_CURVE('',#3578,#3496,#496,.F.);
#2917=EDGE_CURVE('',#3340,#3579,#497,.F.);
#2918=EDGE_CURVE('',#3579,#3580,#3915,.F.);
#2919=EDGE_CURVE('',#3580,#3341,#498,.T.);
#2920=EDGE_CURVE('',#3581,#3582,#3916,.T.);
#2921=EDGE_CURVE('',#3582,#3583,#203,.T.);
#2922=EDGE_CURVE('',#3583,#3490,#499,.F.);
#2923=EDGE_CURVE('',#3489,#3584,#500,.T.);
#2924=EDGE_CURVE('',#3584,#3581,#204,.T.);
#2925=EDGE_CURVE('',#3585,#3586,#501,.F.);
#2926=EDGE_CURVE('',#3586,#3336,#502,.F.);
#2927=EDGE_CURVE('',#3335,#3587,#503,.F.);
#2928=EDGE_CURVE('',#3587,#3585,#205,.T.);
#2929=EDGE_CURVE('',#3333,#3588,#504,.F.);
#2930=EDGE_CURVE('',#3588,#3589,#3917,.F.);
#2931=EDGE_CURVE('',#3589,#3334,#505,.T.);
#2932=EDGE_CURVE('',#3332,#3590,#506,.T.);
#2933=EDGE_CURVE('',#3590,#3591,#507,.F.);
#2934=EDGE_CURVE('',#3591,#3592,#206,.T.);
#2935=EDGE_CURVE('',#3592,#3331,#508,.T.);
#2936=EDGE_CURVE('',#3593,#3594,#207,.T.);
#2937=EDGE_CURVE('',#3594,#3494,#509,.T.);
#2938=EDGE_CURVE('',#3493,#3595,#510,.T.);
#2939=EDGE_CURVE('',#3595,#3596,#208,.T.);
#2940=EDGE_CURVE('',#3596,#3593,#3918,.T.);
#2941=EDGE_CURVE('',#3579,#3597,#209,.T.);
#2942=EDGE_CURVE('',#3597,#3582,#210,.T.);
#2943=EDGE_CURVE('',#3581,#3598,#211,.T.);
#2944=EDGE_CURVE('',#3598,#3580,#212,.T.);
#2945=EDGE_CURVE('',#3588,#3599,#213,.T.);
#2946=EDGE_CURVE('',#3599,#3593,#214,.T.);
#2947=EDGE_CURVE('',#3596,#3600,#215,.T.);
#2948=EDGE_CURVE('',#3600,#3589,#216,.T.);
#2949=EDGE_CURVE('',#3575,#3583,#217,.F.);
#2950=EDGE_CURVE('',#3576,#3597,#218,.F.);
#2951=EDGE_CURVE('',#3584,#3578,#219,.T.);
#2952=EDGE_CURVE('',#3598,#3577,#220,.T.);
#2953=EDGE_CURVE('',#3599,#3592,#221,.T.);
#2954=EDGE_CURVE('',#3594,#3591,#222,.T.);
#2955=EDGE_CURVE('',#3495,#3590,#18,.F.);
#2956=EDGE_CURVE('',#3587,#3600,#223,.F.);
#2957=EDGE_CURVE('',#3585,#3595,#224,.F.);
#2958=EDGE_CURVE('',#3586,#3492,#19,.T.);
#2959=EDGE_CURVE('',#3601,#3602,#225,.T.);
#2960=EDGE_CURVE('',#3602,#3325,#511,.T.);
#2961=EDGE_CURVE('',#3463,#3601,#512,.T.);
#2962=EDGE_CURVE('',#3328,#3603,#513,.T.);
#2963=EDGE_CURVE('',#3603,#3604,#226,.T.);
#2964=EDGE_CURVE('',#3604,#3468,#514,.F.);
#2965=EDGE_CURVE('',#3326,#3605,#515,.F.);
#2966=EDGE_CURVE('',#3605,#3606,#3919,.F.);
#2967=EDGE_CURVE('',#3606,#3327,#516,.T.);
#2968=EDGE_CURVE('',#3607,#3608,#3920,.T.);
#2969=EDGE_CURVE('',#3608,#3609,#227,.T.);
#2970=EDGE_CURVE('',#3609,#3462,#517,.F.);
#2971=EDGE_CURVE('',#3461,#3610,#518,.T.);
#2972=EDGE_CURVE('',#3610,#3607,#228,.T.);
#2973=EDGE_CURVE('',#3611,#3612,#519,.F.);
#2974=EDGE_CURVE('',#3612,#3322,#520,.F.);
#2975=EDGE_CURVE('',#3321,#3613,#521,.F.);
#2976=EDGE_CURVE('',#3613,#3611,#229,.T.);
#2977=EDGE_CURVE('',#3319,#3614,#522,.F.);
#2978=EDGE_CURVE('',#3614,#3615,#3921,.F.);
#2979=EDGE_CURVE('',#3615,#3320,#523,.T.);
#2980=EDGE_CURVE('',#3318,#3616,#524,.T.);
#2981=EDGE_CURVE('',#3616,#3617,#525,.F.);
#2982=EDGE_CURVE('',#3617,#3618,#230,.T.);
#2983=EDGE_CURVE('',#3618,#3317,#526,.T.);
#2984=EDGE_CURVE('',#3619,#3620,#231,.T.);
#2985=EDGE_CURVE('',#3620,#3466,#527,.T.);
#2986=EDGE_CURVE('',#3465,#3621,#528,.T.);
#2987=EDGE_CURVE('',#3621,#3622,#232,.T.);
#2988=EDGE_CURVE('',#3622,#3619,#3922,.T.);
#2989=EDGE_CURVE('',#3605,#3623,#233,.T.);
#2990=EDGE_CURVE('',#3623,#3608,#234,.T.);
#2991=EDGE_CURVE('',#3607,#3624,#235,.T.);
#2992=EDGE_CURVE('',#3624,#3606,#236,.T.);
#2993=EDGE_CURVE('',#3614,#3625,#237,.T.);
#2994=EDGE_CURVE('',#3625,#3619,#238,.T.);
#2995=EDGE_CURVE('',#3622,#3626,#239,.T.);
#2996=EDGE_CURVE('',#3626,#3615,#240,.T.);
#2997=EDGE_CURVE('',#3601,#3609,#241,.F.);
#2998=EDGE_CURVE('',#3602,#3623,#242,.F.);
#2999=EDGE_CURVE('',#3610,#3604,#243,.T.);
#3000=EDGE_CURVE('',#3624,#3603,#244,.T.);
#3001=EDGE_CURVE('',#3625,#3618,#245,.T.);
#3002=EDGE_CURVE('',#3620,#3617,#246,.T.);
#3003=EDGE_CURVE('',#3467,#3616,#20,.F.);
#3004=EDGE_CURVE('',#3613,#3626,#247,.F.);
#3005=EDGE_CURVE('',#3611,#3621,#248,.F.);
#3006=EDGE_CURVE('',#3612,#3464,#21,.T.);
#3007=EDGE_CURVE('',#3627,#3628,#249,.T.);
#3008=EDGE_CURVE('',#3628,#3311,#529,.T.);
#3009=EDGE_CURVE('',#3442,#3627,#530,.T.);
#3010=EDGE_CURVE('',#3314,#3629,#531,.T.);
#3011=EDGE_CURVE('',#3629,#3630,#250,.T.);
#3012=EDGE_CURVE('',#3630,#3447,#532,.F.);
#3013=EDGE_CURVE('',#3312,#3631,#533,.F.);
#3014=EDGE_CURVE('',#3631,#3632,#3923,.F.);
#3015=EDGE_CURVE('',#3632,#3313,#534,.T.);
#3016=EDGE_CURVE('',#3633,#3634,#3924,.T.);
#3017=EDGE_CURVE('',#3634,#3635,#251,.T.);
#3018=EDGE_CURVE('',#3635,#3441,#535,.F.);
#3019=EDGE_CURVE('',#3440,#3636,#536,.T.);
#3020=EDGE_CURVE('',#3636,#3633,#252,.T.);
#3021=EDGE_CURVE('',#3637,#3638,#537,.F.);
#3022=EDGE_CURVE('',#3638,#3308,#538,.F.);
#3023=EDGE_CURVE('',#3307,#3639,#539,.F.);
#3024=EDGE_CURVE('',#3639,#3637,#253,.T.);
#3025=EDGE_CURVE('',#3305,#3640,#540,.F.);
#3026=EDGE_CURVE('',#3640,#3641,#3925,.F.);
#3027=EDGE_CURVE('',#3641,#3306,#541,.T.);
#3028=EDGE_CURVE('',#3304,#3642,#542,.T.);
#3029=EDGE_CURVE('',#3642,#3643,#543,.F.);
#3030=EDGE_CURVE('',#3643,#3644,#254,.T.);
#3031=EDGE_CURVE('',#3644,#3303,#544,.T.);
#3032=EDGE_CURVE('',#3645,#3646,#255,.T.);
#3033=EDGE_CURVE('',#3646,#3445,#545,.T.);
#3034=EDGE_CURVE('',#3444,#3647,#546,.T.);
#3035=EDGE_CURVE('',#3647,#3648,#256,.T.);
#3036=EDGE_CURVE('',#3648,#3645,#3926,.T.);
#3037=EDGE_CURVE('',#3631,#3649,#257,.T.);
#3038=EDGE_CURVE('',#3649,#3634,#258,.T.);
#3039=EDGE_CURVE('',#3633,#3650,#259,.T.);
#3040=EDGE_CURVE('',#3650,#3632,#260,.T.);
#3041=EDGE_CURVE('',#3640,#3651,#261,.T.);
#3042=EDGE_CURVE('',#3651,#3645,#262,.T.);
#3043=EDGE_CURVE('',#3648,#3652,#263,.T.);
#3044=EDGE_CURVE('',#3652,#3641,#264,.T.);
#3045=EDGE_CURVE('',#3627,#3635,#265,.F.);
#3046=EDGE_CURVE('',#3628,#3649,#266,.F.);
#3047=EDGE_CURVE('',#3636,#3630,#267,.T.);
#3048=EDGE_CURVE('',#3650,#3629,#268,.T.);
#3049=EDGE_CURVE('',#3651,#3644,#269,.T.);
#3050=EDGE_CURVE('',#3646,#3643,#270,.T.);
#3051=EDGE_CURVE('',#3446,#3642,#22,.F.);
#3052=EDGE_CURVE('',#3639,#3652,#271,.F.);
#3053=EDGE_CURVE('',#3637,#3647,#272,.F.);
#3054=EDGE_CURVE('',#3638,#3443,#23,.T.);
#3055=EDGE_CURVE('',#3653,#3654,#273,.T.);
#3056=EDGE_CURVE('',#3654,#3297,#547,.T.);
#3057=EDGE_CURVE('',#3481,#3653,#548,.T.);
#3058=EDGE_CURVE('',#3300,#3655,#549,.T.);
#3059=EDGE_CURVE('',#3655,#3656,#274,.T.);
#3060=EDGE_CURVE('',#3656,#3486,#550,.F.);
#3061=EDGE_CURVE('',#3298,#3657,#551,.F.);
#3062=EDGE_CURVE('',#3657,#3658,#3927,.F.);
#3063=EDGE_CURVE('',#3658,#3299,#552,.T.);
#3064=EDGE_CURVE('',#3659,#3660,#3928,.T.);
#3065=EDGE_CURVE('',#3660,#3661,#275,.T.);
#3066=EDGE_CURVE('',#3661,#3480,#553,.F.);
#3067=EDGE_CURVE('',#3479,#3662,#554,.T.);
#3068=EDGE_CURVE('',#3662,#3659,#276,.T.);
#3069=EDGE_CURVE('',#3663,#3664,#555,.F.);
#3070=EDGE_CURVE('',#3664,#3294,#556,.F.);
#3071=EDGE_CURVE('',#3293,#3665,#557,.F.);
#3072=EDGE_CURVE('',#3665,#3663,#277,.T.);
#3073=EDGE_CURVE('',#3291,#3666,#558,.F.);
#3074=EDGE_CURVE('',#3666,#3667,#3929,.F.);
#3075=EDGE_CURVE('',#3667,#3292,#559,.T.);
#3076=EDGE_CURVE('',#3290,#3668,#560,.T.);
#3077=EDGE_CURVE('',#3668,#3669,#561,.F.);
#3078=EDGE_CURVE('',#3669,#3670,#278,.T.);
#3079=EDGE_CURVE('',#3670,#3289,#562,.T.);
#3080=EDGE_CURVE('',#3671,#3672,#279,.T.);
#3081=EDGE_CURVE('',#3672,#3484,#563,.T.);
#3082=EDGE_CURVE('',#3483,#3673,#564,.T.);
#3083=EDGE_CURVE('',#3673,#3674,#280,.T.);
#3084=EDGE_CURVE('',#3674,#3671,#3930,.T.);
#3085=EDGE_CURVE('',#3657,#3675,#281,.T.);
#3086=EDGE_CURVE('',#3675,#3660,#282,.T.);
#3087=EDGE_CURVE('',#3659,#3676,#283,.T.);
#3088=EDGE_CURVE('',#3676,#3658,#284,.T.);
#3089=EDGE_CURVE('',#3666,#3677,#285,.T.);
#3090=EDGE_CURVE('',#3677,#3671,#286,.T.);
#3091=EDGE_CURVE('',#3674,#3678,#287,.T.);
#3092=EDGE_CURVE('',#3678,#3667,#288,.T.);
#3093=EDGE_CURVE('',#3653,#3661,#289,.F.);
#3094=EDGE_CURVE('',#3654,#3675,#290,.F.);
#3095=EDGE_CURVE('',#3662,#3656,#291,.T.);
#3096=EDGE_CURVE('',#3676,#3655,#292,.T.);
#3097=EDGE_CURVE('',#3677,#3670,#293,.T.);
#3098=EDGE_CURVE('',#3672,#3669,#294,.T.);
#3099=EDGE_CURVE('',#3485,#3668,#24,.F.);
#3100=EDGE_CURVE('',#3665,#3678,#295,.F.);
#3101=EDGE_CURVE('',#3663,#3673,#296,.F.);
#3102=EDGE_CURVE('',#3664,#3482,#25,.T.);
#3103=EDGE_CURVE('',#3679,#3680,#297,.T.);
#3104=EDGE_CURVE('',#3680,#3283,#565,.T.);
#3105=EDGE_CURVE('',#3422,#3679,#566,.T.);
#3106=EDGE_CURVE('',#3286,#3681,#567,.T.);
#3107=EDGE_CURVE('',#3681,#3682,#298,.T.);
#3108=EDGE_CURVE('',#3682,#3427,#568,.F.);
#3109=EDGE_CURVE('',#3284,#3683,#569,.F.);
#3110=EDGE_CURVE('',#3683,#3684,#3931,.F.);
#3111=EDGE_CURVE('',#3684,#3285,#570,.T.);
#3112=EDGE_CURVE('',#3685,#3686,#3932,.T.);
#3113=EDGE_CURVE('',#3686,#3687,#299,.T.);
#3114=EDGE_CURVE('',#3687,#3421,#571,.F.);
#3115=EDGE_CURVE('',#3420,#3688,#572,.T.);
#3116=EDGE_CURVE('',#3688,#3685,#300,.T.);
#3117=EDGE_CURVE('',#3689,#3690,#573,.F.);
#3118=EDGE_CURVE('',#3690,#3280,#574,.F.);
#3119=EDGE_CURVE('',#3279,#3691,#575,.F.);
#3120=EDGE_CURVE('',#3691,#3689,#301,.T.);
#3121=EDGE_CURVE('',#3277,#3692,#576,.F.);
#3122=EDGE_CURVE('',#3692,#3693,#3933,.F.);
#3123=EDGE_CURVE('',#3693,#3278,#577,.T.);
#3124=EDGE_CURVE('',#3276,#3694,#578,.T.);
#3125=EDGE_CURVE('',#3694,#3695,#579,.F.);
#3126=EDGE_CURVE('',#3695,#3696,#302,.T.);
#3127=EDGE_CURVE('',#3696,#3275,#580,.T.);
#3128=EDGE_CURVE('',#3697,#3698,#303,.T.);
#3129=EDGE_CURVE('',#3698,#3425,#581,.T.);
#3130=EDGE_CURVE('',#3424,#3699,#582,.T.);
#3131=EDGE_CURVE('',#3699,#3700,#304,.T.);
#3132=EDGE_CURVE('',#3700,#3697,#3934,.T.);
#3133=EDGE_CURVE('',#3683,#3701,#305,.T.);
#3134=EDGE_CURVE('',#3701,#3686,#306,.T.);
#3135=EDGE_CURVE('',#3685,#3702,#307,.T.);
#3136=EDGE_CURVE('',#3702,#3684,#308,.T.);
#3137=EDGE_CURVE('',#3692,#3703,#309,.T.);
#3138=EDGE_CURVE('',#3703,#3697,#310,.T.);
#3139=EDGE_CURVE('',#3700,#3704,#311,.T.);
#3140=EDGE_CURVE('',#3704,#3693,#312,.T.);
#3141=EDGE_CURVE('',#3679,#3687,#313,.F.);
#3142=EDGE_CURVE('',#3680,#3701,#314,.F.);
#3143=EDGE_CURVE('',#3688,#3682,#315,.T.);
#3144=EDGE_CURVE('',#3702,#3681,#316,.T.);
#3145=EDGE_CURVE('',#3703,#3696,#317,.T.);
#3146=EDGE_CURVE('',#3698,#3695,#318,.T.);
#3147=EDGE_CURVE('',#3426,#3694,#26,.F.);
#3148=EDGE_CURVE('',#3691,#3704,#319,.F.);
#3149=EDGE_CURVE('',#3689,#3699,#320,.F.);
#3150=EDGE_CURVE('',#3690,#3423,#27,.T.);
#3151=EDGE_CURVE('',#3705,#3706,#321,.T.);
#3152=EDGE_CURVE('',#3706,#3269,#583,.T.);
#3153=EDGE_CURVE('',#3451,#3705,#584,.T.);
#3154=EDGE_CURVE('',#3272,#3707,#585,.T.);
#3155=EDGE_CURVE('',#3707,#3708,#322,.T.);
#3156=EDGE_CURVE('',#3708,#3456,#586,.F.);
#3157=EDGE_CURVE('',#3270,#3709,#587,.F.);
#3158=EDGE_CURVE('',#3709,#3710,#3935,.F.);
#3159=EDGE_CURVE('',#3710,#3271,#588,.T.);
#3160=EDGE_CURVE('',#3711,#3712,#3936,.T.);
#3161=EDGE_CURVE('',#3712,#3713,#323,.T.);
#3162=EDGE_CURVE('',#3713,#3450,#589,.F.);
#3163=EDGE_CURVE('',#3449,#3714,#590,.T.);
#3164=EDGE_CURVE('',#3714,#3711,#324,.T.);
#3165=EDGE_CURVE('',#3715,#3716,#591,.F.);
#3166=EDGE_CURVE('',#3716,#3266,#592,.F.);
#3167=EDGE_CURVE('',#3265,#3717,#593,.F.);
#3168=EDGE_CURVE('',#3717,#3715,#325,.T.);
#3169=EDGE_CURVE('',#3263,#3718,#594,.F.);
#3170=EDGE_CURVE('',#3718,#3719,#3937,.F.);
#3171=EDGE_CURVE('',#3719,#3264,#595,.T.);
#3172=EDGE_CURVE('',#3262,#3720,#596,.T.);
#3173=EDGE_CURVE('',#3720,#3721,#597,.F.);
#3174=EDGE_CURVE('',#3721,#3722,#326,.T.);
#3175=EDGE_CURVE('',#3722,#3261,#598,.T.);
#3176=EDGE_CURVE('',#3723,#3724,#327,.T.);
#3177=EDGE_CURVE('',#3724,#3454,#599,.T.);
#3178=EDGE_CURVE('',#3453,#3725,#600,.T.);
#3179=EDGE_CURVE('',#3725,#3726,#328,.T.);
#3180=EDGE_CURVE('',#3726,#3723,#3938,.T.);
#3181=EDGE_CURVE('',#3709,#3727,#329,.T.);
#3182=EDGE_CURVE('',#3727,#3712,#330,.T.);
#3183=EDGE_CURVE('',#3711,#3728,#331,.T.);
#3184=EDGE_CURVE('',#3728,#3710,#332,.T.);
#3185=EDGE_CURVE('',#3718,#3729,#333,.T.);
#3186=EDGE_CURVE('',#3729,#3723,#334,.T.);
#3187=EDGE_CURVE('',#3726,#3730,#335,.T.);
#3188=EDGE_CURVE('',#3730,#3719,#336,.T.);
#3189=EDGE_CURVE('',#3705,#3713,#337,.F.);
#3190=EDGE_CURVE('',#3706,#3727,#338,.F.);
#3191=EDGE_CURVE('',#3714,#3708,#339,.T.);
#3192=EDGE_CURVE('',#3728,#3707,#340,.T.);
#3193=EDGE_CURVE('',#3729,#3722,#341,.T.);
#3194=EDGE_CURVE('',#3724,#3721,#342,.T.);
#3195=EDGE_CURVE('',#3455,#3720,#28,.F.);
#3196=EDGE_CURVE('',#3717,#3730,#343,.F.);
#3197=EDGE_CURVE('',#3715,#3725,#344,.F.);
#3198=EDGE_CURVE('',#3716,#3452,#29,.T.);
#3199=EDGE_CURVE('',#3393,#3388,#3939,.F.);
#3200=EDGE_CURVE('',#3387,#3394,#3940,.T.);
#3201=EDGE_CURVE('',#3397,#3392,#3941,.F.);
#3202=EDGE_CURVE('',#3391,#3398,#3942,.T.);
#3203=EDGE_CURVE('',#3409,#3387,#601,.T.);
#3204=EDGE_CURVE('',#3394,#3408,#602,.T.);
#3205=EDGE_CURVE('',#3391,#3407,#603,.T.);
#3206=EDGE_CURVE('',#3404,#3390,#604,.F.);
#3207=EDGE_CURVE('',#3398,#3406,#605,.T.);
#3208=EDGE_CURVE('',#3405,#3396,#606,.T.);
#3209=EDGE_CURVE('',#3388,#3259,#607,.T.);
#3210=EDGE_CURVE('',#3260,#3393,#608,.T.);
#3211=EDGE_CURVE('',#3255,#3392,#609,.T.);
#3212=EDGE_CURVE('',#3389,#3258,#610,.F.);
#3213=EDGE_CURVE('',#3256,#3397,#611,.T.);
#3214=EDGE_CURVE('',#3395,#3257,#612,.T.);
#3215=EDGE_CURVE('',#3731,#3731,#3943,.T.);
#3216=EDGE_CURVE('',#3732,#3732,#3944,.T.);
#3217=EDGE_CURVE('',#3733,#3733,#3945,.T.);
#3218=EDGE_CURVE('',#3734,#3734,#3946,.T.);
#3219=EDGE_CURVE('',#3735,#3735,#3947,.T.);
#3220=EDGE_CURVE('',#3736,#3736,#3948,.T.);
#3221=EDGE_CURVE('',#3737,#3737,#3949,.T.);
#3222=EDGE_CURVE('',#3738,#3738,#3950,.T.);
#3223=EDGE_CURVE('',#3739,#3739,#3951,.T.);
#3224=EDGE_CURVE('',#3740,#3740,#3952,.T.);
#3225=EDGE_CURVE('',#3741,#3741,#3953,.T.);
#3226=EDGE_CURVE('',#3742,#3742,#3954,.T.);
#3227=EDGE_CURVE('',#3743,#3743,#3955,.T.);
#3228=EDGE_CURVE('',#3744,#3744,#3956,.T.);
#3229=EDGE_CURVE('',#3745,#3745,#3957,.T.);
#3230=EDGE_CURVE('',#3746,#3746,#3958,.T.);
#3231=VERTEX_POINT('',#6937);
#3232=VERTEX_POINT('',#6939);
#3233=VERTEX_POINT('',#6943);
#3234=VERTEX_POINT('',#6945);
#3235=VERTEX_POINT('',#6949);
#3236=VERTEX_POINT('',#6951);
#3237=VERTEX_POINT('',#6955);
#3238=VERTEX_POINT('',#6957);
#3239=VERTEX_POINT('',#6961);
#3240=VERTEX_POINT('',#6963);
#3241=VERTEX_POINT('',#6967);
#3242=VERTEX_POINT('',#6969);
#3243=VERTEX_POINT('',#6973);
#3244=VERTEX_POINT('',#6975);
#3245=VERTEX_POINT('',#6979);
#3246=VERTEX_POINT('',#6981);
#3247=VERTEX_POINT('',#6985);
#3248=VERTEX_POINT('',#6987);
#3249=VERTEX_POINT('',#6991);
#3250=VERTEX_POINT('',#6993);
#3251=VERTEX_POINT('',#6997);
#3252=VERTEX_POINT('',#6999);
#3253=VERTEX_POINT('',#7003);
#3254=VERTEX_POINT('',#7005);
#3255=VERTEX_POINT('',#7009);
#3256=VERTEX_POINT('',#7010);
#3257=VERTEX_POINT('',#7012);
#3258=VERTEX_POINT('',#7014);
#3259=VERTEX_POINT('',#7016);
#3260=VERTEX_POINT('',#7018);
#3261=VERTEX_POINT('',#7021);
#3262=VERTEX_POINT('',#7022);
#3263=VERTEX_POINT('',#7024);
#3264=VERTEX_POINT('',#7026);
#3265=VERTEX_POINT('',#7028);
#3266=VERTEX_POINT('',#7030);
#3267=VERTEX_POINT('',#7032);
#3268=VERTEX_POINT('',#7034);
#3269=VERTEX_POINT('',#7036);
#3270=VERTEX_POINT('',#7038);
#3271=VERTEX_POINT('',#7040);
#3272=VERTEX_POINT('',#7042);
#3273=VERTEX_POINT('',#7044);
#3274=VERTEX_POINT('',#7046);
#3275=VERTEX_POINT('',#7049);
#3276=VERTEX_POINT('',#7050);
#3277=VERTEX_POINT('',#7052);
#3278=VERTEX_POINT('',#7054);
#3279=VERTEX_POINT('',#7056);
#3280=VERTEX_POINT('',#7058);
#3281=VERTEX_POINT('',#7060);
#3282=VERTEX_POINT('',#7062);
#3283=VERTEX_POINT('',#7064);
#3284=VERTEX_POINT('',#7066);
#3285=VERTEX_POINT('',#7068);
#3286=VERTEX_POINT('',#7070);
#3287=VERTEX_POINT('',#7072);
#3288=VERTEX_POINT('',#7074);
#3289=VERTEX_POINT('',#7077);
#3290=VERTEX_POINT('',#7078);
#3291=VERTEX_POINT('',#7080);
#3292=VERTEX_POINT('',#7082);
#3293=VERTEX_POINT('',#7084);
#3294=VERTEX_POINT('',#7086);
#3295=VERTEX_POINT('',#7088);
#3296=VERTEX_POINT('',#7090);
#3297=VERTEX_POINT('',#7092);
#3298=VERTEX_POINT('',#7094);
#3299=VERTEX_POINT('',#7096);
#3300=VERTEX_POINT('',#7098);
#3301=VERTEX_POINT('',#7100);
#3302=VERTEX_POINT('',#7102);
#3303=VERTEX_POINT('',#7105);
#3304=VERTEX_POINT('',#7106);
#3305=VERTEX_POINT('',#7108);
#3306=VERTEX_POINT('',#7110);
#3307=VERTEX_POINT('',#7112);
#3308=VERTEX_POINT('',#7114);
#3309=VERTEX_POINT('',#7116);
#3310=VERTEX_POINT('',#7118);
#3311=VERTEX_POINT('',#7120);
#3312=VERTEX_POINT('',#7122);
#3313=VERTEX_POINT('',#7124);
#3314=VERTEX_POINT('',#7126);
#3315=VERTEX_POINT('',#7128);
#3316=VERTEX_POINT('',#7130);
#3317=VERTEX_POINT('',#7133);
#3318=VERTEX_POINT('',#7134);
#3319=VERTEX_POINT('',#7136);
#3320=VERTEX_POINT('',#7138);
#3321=VERTEX_POINT('',#7140);
#3322=VERTEX_POINT('',#7142);
#3323=VERTEX_POINT('',#7144);
#3324=VERTEX_POINT('',#7146);
#3325=VERTEX_POINT('',#7148);
#3326=VERTEX_POINT('',#7150);
#3327=VERTEX_POINT('',#7152);
#3328=VERTEX_POINT('',#7154);
#3329=VERTEX_POINT('',#7156);
#3330=VERTEX_POINT('',#7158);
#3331=VERTEX_POINT('',#7161);
#3332=VERTEX_POINT('',#7162);
#3333=VERTEX_POINT('',#7164);
#3334=VERTEX_POINT('',#7166);
#3335=VERTEX_POINT('',#7168);
#3336=VERTEX_POINT('',#7170);
#3337=VERTEX_POINT('',#7172);
#3338=VERTEX_POINT('',#7174);
#3339=VERTEX_POINT('',#7176);
#3340=VERTEX_POINT('',#7178);
#3341=VERTEX_POINT('',#7180);
#3342=VERTEX_POINT('',#7182);
#3343=VERTEX_POINT('',#7184);
#3344=VERTEX_POINT('',#7186);
#3345=VERTEX_POINT('',#7189);
#3346=VERTEX_POINT('',#7190);
#3347=VERTEX_POINT('',#7192);
#3348=VERTEX_POINT('',#7194);
#3349=VERTEX_POINT('',#7196);
#3350=VERTEX_POINT('',#7198);
#3351=VERTEX_POINT('',#7200);
#3352=VERTEX_POINT('',#7202);
#3353=VERTEX_POINT('',#7204);
#3354=VERTEX_POINT('',#7206);
#3355=VERTEX_POINT('',#7208);
#3356=VERTEX_POINT('',#7210);
#3357=VERTEX_POINT('',#7212);
#3358=VERTEX_POINT('',#7214);
#3359=VERTEX_POINT('',#7217);
#3360=VERTEX_POINT('',#7218);
#3361=VERTEX_POINT('',#7220);
#3362=VERTEX_POINT('',#7222);
#3363=VERTEX_POINT('',#7224);
#3364=VERTEX_POINT('',#7226);
#3365=VERTEX_POINT('',#7228);
#3366=VERTEX_POINT('',#7230);
#3367=VERTEX_POINT('',#7232);
#3368=VERTEX_POINT('',#7234);
#3369=VERTEX_POINT('',#7236);
#3370=VERTEX_POINT('',#7238);
#3371=VERTEX_POINT('',#7240);
#3372=VERTEX_POINT('',#7242);
#3373=VERTEX_POINT('',#7245);
#3374=VERTEX_POINT('',#7246);
#3375=VERTEX_POINT('',#7248);
#3376=VERTEX_POINT('',#7250);
#3377=VERTEX_POINT('',#7252);
#3378=VERTEX_POINT('',#7254);
#3379=VERTEX_POINT('',#7256);
#3380=VERTEX_POINT('',#7258);
#3381=VERTEX_POINT('',#7260);
#3382=VERTEX_POINT('',#7262);
#3383=VERTEX_POINT('',#7264);
#3384=VERTEX_POINT('',#7266);
#3385=VERTEX_POINT('',#7268);
#3386=VERTEX_POINT('',#7270);
#3387=VERTEX_POINT('',#7274);
#3388=VERTEX_POINT('',#7275);
#3389=VERTEX_POINT('',#7277);
#3390=VERTEX_POINT('',#7279);
#3391=VERTEX_POINT('',#7283);
#3392=VERTEX_POINT('',#7284);
#3393=VERTEX_POINT('',#7286);
#3394=VERTEX_POINT('',#7288);
#3395=VERTEX_POINT('',#7292);
#3396=VERTEX_POINT('',#7293);
#3397=VERTEX_POINT('',#7295);
#3398=VERTEX_POINT('',#7297);
#3399=VERTEX_POINT('',#7301);
#3400=VERTEX_POINT('',#7303);
#3401=VERTEX_POINT('',#7305);
#3402=VERTEX_POINT('',#7307);
#3403=VERTEX_POINT('',#7309);
#3404=VERTEX_POINT('',#7314);
#3405=VERTEX_POINT('',#7315);
#3406=VERTEX_POINT('',#7317);
#3407=VERTEX_POINT('',#7319);
#3408=VERTEX_POINT('',#7321);
#3409=VERTEX_POINT('',#7323);
#3410=VERTEX_POINT('',#7327);
#3411=VERTEX_POINT('',#7329);
#3412=VERTEX_POINT('',#7330);
#3413=VERTEX_POINT('',#7336);
#3414=VERTEX_POINT('',#7339);
#3415=VERTEX_POINT('',#7344);
#3416=VERTEX_POINT('',#7346);
#3417=VERTEX_POINT('',#7351);
#3418=VERTEX_POINT('',#7354);
#3419=VERTEX_POINT('',#7363);
#3420=VERTEX_POINT('',#7365);
#3421=VERTEX_POINT('',#7366);
#3422=VERTEX_POINT('',#7372);
#3423=VERTEX_POINT('',#7375);
#3424=VERTEX_POINT('',#7380);
#3425=VERTEX_POINT('',#7382);
#3426=VERTEX_POINT('',#7387);
#3427=VERTEX_POINT('',#7390);
#3428=VERTEX_POINT('',#7398);
#3429=VERTEX_POINT('',#7400);
#3430=VERTEX_POINT('',#7403);
#3431=VERTEX_POINT('',#7405);
#3432=VERTEX_POINT('',#7406);
#3433=VERTEX_POINT('',#7412);
#3434=VERTEX_POINT('',#7415);
#3435=VERTEX_POINT('',#7420);
#3436=VERTEX_POINT('',#7422);
#3437=VERTEX_POINT('',#7427);
#3438=VERTEX_POINT('',#7430);
#3439=VERTEX_POINT('',#7439);
#3440=VERTEX_POINT('',#7441);
#3441=VERTEX_POINT('',#7442);
#3442=VERTEX_POINT('',#7448);
#3443=VERTEX_POINT('',#7451);
#3444=VERTEX_POINT('',#7456);
#3445=VERTEX_POINT('',#7458);
#3446=VERTEX_POINT('',#7463);
#3447=VERTEX_POINT('',#7466);
#3448=VERTEX_POINT('',#7475);
#3449=VERTEX_POINT('',#7477);
#3450=VERTEX_POINT('',#7478);
#3451=VERTEX_POINT('',#7484);
#3452=VERTEX_POINT('',#7487);
#3453=VERTEX_POINT('',#7492);
#3454=VERTEX_POINT('',#7494);
#3455=VERTEX_POINT('',#7499);
#3456=VERTEX_POINT('',#7502);
#3457=VERTEX_POINT('',#7510);
#3458=VERTEX_POINT('',#7512);
#3459=VERTEX_POINT('',#7514);
#3460=VERTEX_POINT('',#7517);
#3461=VERTEX_POINT('',#7519);
#3462=VERTEX_POINT('',#7520);
#3463=VERTEX_POINT('',#7526);
#3464=VERTEX_POINT('',#7529);
#3465=VERTEX_POINT('',#7534);
#3466=VERTEX_POINT('',#7536);
#3467=VERTEX_POINT('',#7541);
#3468=VERTEX_POINT('',#7544);
#3469=VERTEX_POINT('',#7553);
#3470=VERTEX_POINT('',#7555);
#3471=VERTEX_POINT('',#7556);
#3472=VERTEX_POINT('',#7562);
#3473=VERTEX_POINT('',#7565);
#3474=VERTEX_POINT('',#7570);
#3475=VERTEX_POINT('',#7572);
#3476=VERTEX_POINT('',#7577);
#3477=VERTEX_POINT('',#7580);
#3478=VERTEX_POINT('',#7589);
#3479=VERTEX_POINT('',#7591);
#3480=VERTEX_POINT('',#7592);
#3481=VERTEX_POINT('',#7598);
#3482=VERTEX_POINT('',#7601);
#3483=VERTEX_POINT('',#7606);
#3484=VERTEX_POINT('',#7608);
#3485=VERTEX_POINT('',#7613);
#3486=VERTEX_POINT('',#7616);
#3487=VERTEX_POINT('',#7624);
#3488=VERTEX_POINT('',#7627);
#3489=VERTEX_POINT('',#7629);
#3490=VERTEX_POINT('',#7630);
#3491=VERTEX_POINT('',#7636);
#3492=VERTEX_POINT('',#7639);
#3493=VERTEX_POINT('',#7644);
#3494=VERTEX_POINT('',#7646);
#3495=VERTEX_POINT('',#7651);
#3496=VERTEX_POINT('',#7654);
#3497=VERTEX_POINT('',#7666);
#3498=VERTEX_POINT('',#7667);
#3499=VERTEX_POINT('',#7672);
#3500=VERTEX_POINT('',#7677);
#3501=VERTEX_POINT('',#7681);
#3502=VERTEX_POINT('',#7683);
#3503=VERTEX_POINT('',#7687);
#3504=VERTEX_POINT('',#7688);
#3505=VERTEX_POINT('',#7693);
#3506=VERTEX_POINT('',#7696);
#3507=VERTEX_POINT('',#7703);
#3508=VERTEX_POINT('',#7704);
#3509=VERTEX_POINT('',#7707);
#3510=VERTEX_POINT('',#7714);
#3511=VERTEX_POINT('',#7716);
#3512=VERTEX_POINT('',#7720);
#3513=VERTEX_POINT('',#7722);
#3514=VERTEX_POINT('',#7727);
#3515=VERTEX_POINT('',#7734);
#3516=VERTEX_POINT('',#7735);
#3517=VERTEX_POINT('',#7738);
#3518=VERTEX_POINT('',#7743);
#3519=VERTEX_POINT('',#7750);
#3520=VERTEX_POINT('',#7759);
#3521=VERTEX_POINT('',#7769);
#3522=VERTEX_POINT('',#7778);
#3523=VERTEX_POINT('',#7888);
#3524=VERTEX_POINT('',#7889);
#3525=VERTEX_POINT('',#7894);
#3526=VERTEX_POINT('',#7899);
#3527=VERTEX_POINT('',#7903);
#3528=VERTEX_POINT('',#7905);
#3529=VERTEX_POINT('',#7909);
#3530=VERTEX_POINT('',#7910);
#3531=VERTEX_POINT('',#7915);
#3532=VERTEX_POINT('',#7918);
#3533=VERTEX_POINT('',#7925);
#3534=VERTEX_POINT('',#7926);
#3535=VERTEX_POINT('',#7929);
#3536=VERTEX_POINT('',#7936);
#3537=VERTEX_POINT('',#7938);
#3538=VERTEX_POINT('',#7942);
#3539=VERTEX_POINT('',#7944);
#3540=VERTEX_POINT('',#7949);
#3541=VERTEX_POINT('',#7956);
#3542=VERTEX_POINT('',#7957);
#3543=VERTEX_POINT('',#7960);
#3544=VERTEX_POINT('',#7965);
#3545=VERTEX_POINT('',#7972);
#3546=VERTEX_POINT('',#7981);
#3547=VERTEX_POINT('',#7991);
#3548=VERTEX_POINT('',#8000);
#3549=VERTEX_POINT('',#8110);
#3550=VERTEX_POINT('',#8111);
#3551=VERTEX_POINT('',#8116);
#3552=VERTEX_POINT('',#8121);
#3553=VERTEX_POINT('',#8125);
#3554=VERTEX_POINT('',#8127);
#3555=VERTEX_POINT('',#8131);
#3556=VERTEX_POINT('',#8132);
#3557=VERTEX_POINT('',#8137);
#3558=VERTEX_POINT('',#8140);
#3559=VERTEX_POINT('',#8147);
#3560=VERTEX_POINT('',#8148);
#3561=VERTEX_POINT('',#8151);
#3562=VERTEX_POINT('',#8158);
#3563=VERTEX_POINT('',#8160);
#3564=VERTEX_POINT('',#8164);
#3565=VERTEX_POINT('',#8166);
#3566=VERTEX_POINT('',#8171);
#3567=VERTEX_POINT('',#8178);
#3568=VERTEX_POINT('',#8179);
#3569=VERTEX_POINT('',#8182);
#3570=VERTEX_POINT('',#8187);
#3571=VERTEX_POINT('',#8194);
#3572=VERTEX_POINT('',#8203);
#3573=VERTEX_POINT('',#8213);
#3574=VERTEX_POINT('',#8222);
#3575=VERTEX_POINT('',#8332);
#3576=VERTEX_POINT('',#8333);
#3577=VERTEX_POINT('',#8338);
#3578=VERTEX_POINT('',#8343);
#3579=VERTEX_POINT('',#8347);
#3580=VERTEX_POINT('',#8349);
#3581=VERTEX_POINT('',#8353);
#3582=VERTEX_POINT('',#8354);
#3583=VERTEX_POINT('',#8359);
#3584=VERTEX_POINT('',#8362);
#3585=VERTEX_POINT('',#8369);
#3586=VERTEX_POINT('',#8370);
#3587=VERTEX_POINT('',#8373);
#3588=VERTEX_POINT('',#8380);
#3589=VERTEX_POINT('',#8382);
#3590=VERTEX_POINT('',#8386);
#3591=VERTEX_POINT('',#8388);
#3592=VERTEX_POINT('',#8393);
#3593=VERTEX_POINT('',#8400);
#3594=VERTEX_POINT('',#8401);
#3595=VERTEX_POINT('',#8404);
#3596=VERTEX_POINT('',#8409);
#3597=VERTEX_POINT('',#8416);
#3598=VERTEX_POINT('',#8425);
#3599=VERTEX_POINT('',#8435);
#3600=VERTEX_POINT('',#8444);
#3601=VERTEX_POINT('',#8554);
#3602=VERTEX_POINT('',#8555);
#3603=VERTEX_POINT('',#8560);
#3604=VERTEX_POINT('',#8565);
#3605=VERTEX_POINT('',#8569);
#3606=VERTEX_POINT('',#8571);
#3607=VERTEX_POINT('',#8575);
#3608=VERTEX_POINT('',#8576);
#3609=VERTEX_POINT('',#8581);
#3610=VERTEX_POINT('',#8584);
#3611=VERTEX_POINT('',#8591);
#3612=VERTEX_POINT('',#8592);
#3613=VERTEX_POINT('',#8595);
#3614=VERTEX_POINT('',#8602);
#3615=VERTEX_POINT('',#8604);
#3616=VERTEX_POINT('',#8608);
#3617=VERTEX_POINT('',#8610);
#3618=VERTEX_POINT('',#8615);
#3619=VERTEX_POINT('',#8622);
#3620=VERTEX_POINT('',#8623);
#3621=VERTEX_POINT('',#8626);
#3622=VERTEX_POINT('',#8631);
#3623=VERTEX_POINT('',#8638);
#3624=VERTEX_POINT('',#8647);
#3625=VERTEX_POINT('',#8657);
#3626=VERTEX_POINT('',#8666);
#3627=VERTEX_POINT('',#8776);
#3628=VERTEX_POINT('',#8777);
#3629=VERTEX_POINT('',#8782);
#3630=VERTEX_POINT('',#8787);
#3631=VERTEX_POINT('',#8791);
#3632=VERTEX_POINT('',#8793);
#3633=VERTEX_POINT('',#8797);
#3634=VERTEX_POINT('',#8798);
#3635=VERTEX_POINT('',#8803);
#3636=VERTEX_POINT('',#8806);
#3637=VERTEX_POINT('',#8813);
#3638=VERTEX_POINT('',#8814);
#3639=VERTEX_POINT('',#8817);
#3640=VERTEX_POINT('',#8824);
#3641=VERTEX_POINT('',#8826);
#3642=VERTEX_POINT('',#8830);
#3643=VERTEX_POINT('',#8832);
#3644=VERTEX_POINT('',#8837);
#3645=VERTEX_POINT('',#8844);
#3646=VERTEX_POINT('',#8845);
#3647=VERTEX_POINT('',#8848);
#3648=VERTEX_POINT('',#8853);
#3649=VERTEX_POINT('',#8860);
#3650=VERTEX_POINT('',#8869);
#3651=VERTEX_POINT('',#8879);
#3652=VERTEX_POINT('',#8888);
#3653=VERTEX_POINT('',#8998);
#3654=VERTEX_POINT('',#8999);
#3655=VERTEX_POINT('',#9004);
#3656=VERTEX_POINT('',#9009);
#3657=VERTEX_POINT('',#9013);
#3658=VERTEX_POINT('',#9015);
#3659=VERTEX_POINT('',#9019);
#3660=VERTEX_POINT('',#9020);
#3661=VERTEX_POINT('',#9025);
#3662=VERTEX_POINT('',#9028);
#3663=VERTEX_POINT('',#9035);
#3664=VERTEX_POINT('',#9036);
#3665=VERTEX_POINT('',#9039);
#3666=VERTEX_POINT('',#9046);
#3667=VERTEX_POINT('',#9048);
#3668=VERTEX_POINT('',#9052);
#3669=VERTEX_POINT('',#9054);
#3670=VERTEX_POINT('',#9059);
#3671=VERTEX_POINT('',#9066);
#3672=VERTEX_POINT('',#9067);
#3673=VERTEX_POINT('',#9070);
#3674=VERTEX_POINT('',#9075);
#3675=VERTEX_POINT('',#9082);
#3676=VERTEX_POINT('',#9091);
#3677=VERTEX_POINT('',#9101);
#3678=VERTEX_POINT('',#9110);
#3679=VERTEX_POINT('',#9220);
#3680=VERTEX_POINT('',#9221);
#3681=VERTEX_POINT('',#9226);
#3682=VERTEX_POINT('',#9231);
#3683=VERTEX_POINT('',#9235);
#3684=VERTEX_POINT('',#9237);
#3685=VERTEX_POINT('',#9241);
#3686=VERTEX_POINT('',#9242);
#3687=VERTEX_POINT('',#9247);
#3688=VERTEX_POINT('',#9250);
#3689=VERTEX_POINT('',#9257);
#3690=VERTEX_POINT('',#9258);
#3691=VERTEX_POINT('',#9261);
#3692=VERTEX_POINT('',#9268);
#3693=VERTEX_POINT('',#9270);
#3694=VERTEX_POINT('',#9274);
#3695=VERTEX_POINT('',#9276);
#3696=VERTEX_POINT('',#9281);
#3697=VERTEX_POINT('',#9288);
#3698=VERTEX_POINT('',#9289);
#3699=VERTEX_POINT('',#9292);
#3700=VERTEX_POINT('',#9297);
#3701=VERTEX_POINT('',#9304);
#3702=VERTEX_POINT('',#9313);
#3703=VERTEX_POINT('',#9323);
#3704=VERTEX_POINT('',#9332);
#3705=VERTEX_POINT('',#9442);
#3706=VERTEX_POINT('',#9443);
#3707=VERTEX_POINT('',#9448);
#3708=VERTEX_POINT('',#9453);
#3709=VERTEX_POINT('',#9457);
#3710=VERTEX_POINT('',#9459);
#3711=VERTEX_POINT('',#9463);
#3712=VERTEX_POINT('',#9464);
#3713=VERTEX_POINT('',#9469);
#3714=VERTEX_POINT('',#9472);
#3715=VERTEX_POINT('',#9479);
#3716=VERTEX_POINT('',#9480);
#3717=VERTEX_POINT('',#9483);
#3718=VERTEX_POINT('',#9490);
#3719=VERTEX_POINT('',#9492);
#3720=VERTEX_POINT('',#9496);
#3721=VERTEX_POINT('',#9498);
#3722=VERTEX_POINT('',#9503);
#3723=VERTEX_POINT('',#9510);
#3724=VERTEX_POINT('',#9511);
#3725=VERTEX_POINT('',#9514);
#3726=VERTEX_POINT('',#9519);
#3727=VERTEX_POINT('',#9526);
#3728=VERTEX_POINT('',#9535);
#3729=VERTEX_POINT('',#9545);
#3730=VERTEX_POINT('',#9554);
#3731=VERTEX_POINT('',#9691);
#3732=VERTEX_POINT('',#9695);
#3733=VERTEX_POINT('',#9699);
#3734=VERTEX_POINT('',#9703);
#3735=VERTEX_POINT('',#9707);
#3736=VERTEX_POINT('',#9711);
#3737=VERTEX_POINT('',#9715);
#3738=VERTEX_POINT('',#9717);
#3739=VERTEX_POINT('',#9721);
#3740=VERTEX_POINT('',#9723);
#3741=VERTEX_POINT('',#9727);
#3742=VERTEX_POINT('',#9729);
#3743=VERTEX_POINT('',#9733);
#3744=VERTEX_POINT('',#9735);
#3745=VERTEX_POINT('',#9739);
#3746=VERTEX_POINT('',#9741);
#3747=CIRCLE('',#5168,0.0015);
#3748=CIRCLE('',#5169,0.0015);
#3749=CIRCLE('',#5172,0.0015);
#3750=CIRCLE('',#5173,0.0015);
#3751=CIRCLE('',#5176,0.0015);
#3752=CIRCLE('',#5177,0.0015);
#3753=CIRCLE('',#5180,0.0015);
#3754=CIRCLE('',#5181,0.0015);
#3755=CIRCLE('',#5184,0.0015);
#3756=CIRCLE('',#5185,0.0015);
#3757=CIRCLE('',#5188,0.0015);
#3758=CIRCLE('',#5189,0.0015);
#3759=CIRCLE('',#5192,0.0015);
#3760=CIRCLE('',#5193,0.0015);
#3761=CIRCLE('',#5196,0.0015);
#3762=CIRCLE('',#5197,0.0015);
#3763=CIRCLE('',#5200,0.0015);
#3764=CIRCLE('',#5201,0.0015);
#3765=CIRCLE('',#5204,0.0015);
#3766=CIRCLE('',#5205,0.0015);
#3767=CIRCLE('',#5208,0.0015);
#3768=CIRCLE('',#5209,0.0015);
#3769=CIRCLE('',#5212,0.0015);
#3770=CIRCLE('',#5213,0.0015);
#3771=CIRCLE('',#5216,0.0076);
#3772=CIRCLE('',#5217,0.0076);
#3773=CIRCLE('',#5218,0.0015);
#3774=CIRCLE('',#5219,0.0235);
#3775=CIRCLE('',#5220,0.0015);
#3776=CIRCLE('',#5221,0.0015);
#3777=CIRCLE('',#5222,0.0165);
#3778=CIRCLE('',#5223,0.0015);
#3779=CIRCLE('',#5224,0.0235);
#3780=CIRCLE('',#5225,0.0015);
#3781=CIRCLE('',#5226,0.0165);
#3782=CIRCLE('',#5227,0.0015);
#3783=CIRCLE('',#5228,0.0015);
#3784=CIRCLE('',#5229,0.0235);
#3785=CIRCLE('',#5230,0.0015);
#3786=CIRCLE('',#5231,0.0015);
#3787=CIRCLE('',#5232,0.0165);
#3788=CIRCLE('',#5233,0.0015);
#3789=CIRCLE('',#5234,0.0235);
#3790=CIRCLE('',#5235,0.0015);
#3791=CIRCLE('',#5236,0.0165);
#3792=CIRCLE('',#5237,0.0015);
#3793=CIRCLE('',#5238,0.0015);
#3794=CIRCLE('',#5239,0.0235);
#3795=CIRCLE('',#5240,0.0015);
#3796=CIRCLE('',#5241,0.0015);
#3797=CIRCLE('',#5242,0.0165);
#3798=CIRCLE('',#5243,0.0015);
#3799=CIRCLE('',#5244,0.0235);
#3800=CIRCLE('',#5245,0.0015);
#3801=CIRCLE('',#5246,0.0165);
#3802=CIRCLE('',#5247,0.0015);
#3803=CIRCLE('',#5248,0.0015);
#3804=CIRCLE('',#5249,0.0235);
#3805=CIRCLE('',#5250,0.0015);
#3806=CIRCLE('',#5251,0.0015);
#3807=CIRCLE('',#5252,0.0165);
#3808=CIRCLE('',#5253,0.0015);
#3809=CIRCLE('',#5254,0.0235);
#3810=CIRCLE('',#5255,0.0015);
#3811=CIRCLE('',#5256,0.0165);
#3812=CIRCLE('',#5257,0.0015);
#3813=CIRCLE('',#5258,0.0015);
#3814=CIRCLE('',#5259,0.0235);
#3815=CIRCLE('',#5260,0.0015);
#3816=CIRCLE('',#5261,0.0015);
#3817=CIRCLE('',#5262,0.0165);
#3818=CIRCLE('',#5263,0.0015);
#3819=CIRCLE('',#5264,0.0235);
#3820=CIRCLE('',#5265,0.0015);
#3821=CIRCLE('',#5266,0.0165);
#3822=CIRCLE('',#5267,0.0015);
#3823=CIRCLE('',#5268,0.0015);
#3824=CIRCLE('',#5269,0.0235);
#3825=CIRCLE('',#5270,0.0015);
#3826=CIRCLE('',#5271,0.0015);
#3827=CIRCLE('',#5272,0.0165);
#3828=CIRCLE('',#5273,0.0015);
#3829=CIRCLE('',#5274,0.0235);
#3830=CIRCLE('',#5275,0.0015);
#3831=CIRCLE('',#5276,0.0165);
#3832=CIRCLE('',#5277,0.0015);
#3833=CIRCLE('',#5278,0.0015);
#3834=CIRCLE('',#5279,0.0235);
#3835=CIRCLE('',#5280,0.0015);
#3836=CIRCLE('',#5281,0.0015);
#3837=CIRCLE('',#5282,0.0165);
#3838=CIRCLE('',#5283,0.0015);
#3839=CIRCLE('',#5284,0.0235);
#3840=CIRCLE('',#5285,0.0015);
#3841=CIRCLE('',#5286,0.0165);
#3842=CIRCLE('',#5287,0.0015);
#3843=CIRCLE('',#5288,0.0015);
#3844=CIRCLE('',#5289,0.0235);
#3845=CIRCLE('',#5290,0.0015);
#3846=CIRCLE('',#5291,0.0015);
#3847=CIRCLE('',#5292,0.0165);
#3848=CIRCLE('',#5293,0.0015);
#3849=CIRCLE('',#5294,0.0235);
#3850=CIRCLE('',#5295,0.0015);
#3851=CIRCLE('',#5296,0.0165);
#3852=CIRCLE('',#5297,0.0015);
#3853=CIRCLE('',#5298,0.0015);
#3854=CIRCLE('',#5299,0.0235);
#3855=CIRCLE('',#5300,0.0015);
#3856=CIRCLE('',#5301,0.0015);
#3857=CIRCLE('',#5302,0.0165);
#3858=CIRCLE('',#5303,0.0015);
#3859=CIRCLE('',#5304,0.0235);
#3860=CIRCLE('',#5305,0.0015);
#3861=CIRCLE('',#5306,0.0165);
#3862=CIRCLE('',#5307,0.0015);
#3863=CIRCLE('',#5312,0.003225);
#3864=CIRCLE('',#5313,0.003225);
#3865=CIRCLE('',#5314,0.003225);
#3866=CIRCLE('',#5315,0.003225);
#3867=CIRCLE('',#5316,0.003225);
#3868=CIRCLE('',#5318,0.0076);
#3869=CIRCLE('',#5319,0.0076);
#3870=CIRCLE('',#5321,0.0165);
#3871=CIRCLE('',#5322,0.0165);
#3872=CIRCLE('',#5323,0.0165);
#3873=CIRCLE('',#5326,0.0165);
#3874=CIRCLE('',#5327,0.0165);
#3875=CIRCLE('',#5328,0.0165);
#3876=CIRCLE('',#5330,0.0015);
#3877=CIRCLE('',#5331,0.0015);
#3878=CIRCLE('',#5333,0.0165);
#3879=CIRCLE('',#5334,0.0165);
#3880=CIRCLE('',#5335,0.0165);
#3881=CIRCLE('',#5338,0.0165);
#3882=CIRCLE('',#5339,0.0165);
#3883=CIRCLE('',#5340,0.0165);
#3884=CIRCLE('',#5343,0.0165);
#3885=CIRCLE('',#5344,0.0165);
#3886=CIRCLE('',#5345,0.0165);
#3887=CIRCLE('',#5347,0.0015);
#3888=CIRCLE('',#5348,0.0015);
#3889=CIRCLE('',#5349,0.0015);
#3890=CIRCLE('',#5351,0.0165);
#3891=CIRCLE('',#5352,0.0165);
#3892=CIRCLE('',#5353,0.0165);
#3893=CIRCLE('',#5356,0.0165);
#3894=CIRCLE('',#5357,0.0165);
#3895=CIRCLE('',#5358,0.0165);
#3896=CIRCLE('',#5361,0.0165);
#3897=CIRCLE('',#5362,0.0165);
#3898=CIRCLE('',#5363,0.0165);
#3899=CIRCLE('',#5365,0.0015);
#3900=CIRCLE('',#5367,0.0165);
#3901=CIRCLE('',#5368,0.0165);
#3902=CIRCLE('',#5369,0.0165);
#3903=CIRCLE('',#5374,0.0235);
#3904=CIRCLE('',#5376,0.0195);
#3905=CIRCLE('',#5379,0.0235);
#3906=CIRCLE('',#5382,0.0195);
#3907=CIRCLE('',#5400,0.0235);
#3908=CIRCLE('',#5402,0.0195);
#3909=CIRCLE('',#5405,0.0235);
#3910=CIRCLE('',#5408,0.0195);
#3911=CIRCLE('',#5426,0.0235);
#3912=CIRCLE('',#5428,0.0195);
#3913=CIRCLE('',#5431,0.0235);
#3914=CIRCLE('',#5434,0.0195);
#3915=CIRCLE('',#5452,0.0235);
#3916=CIRCLE('',#5454,0.0195);
#3917=CIRCLE('',#5457,0.0235);
#3918=CIRCLE('',#5460,0.0195);
#3919=CIRCLE('',#5478,0.0235);
#3920=CIRCLE('',#5480,0.0195);
#3921=CIRCLE('',#5483,0.0235);
#3922=CIRCLE('',#5486,0.0195);
#3923=CIRCLE('',#5504,0.0235);
#3924=CIRCLE('',#5506,0.0195);
#3925=CIRCLE('',#5509,0.0235);
#3926=CIRCLE('',#5512,0.0195);
#3927=CIRCLE('',#5530,0.0235);
#3928=CIRCLE('',#5532,0.0195);
#3929=CIRCLE('',#5535,0.0235);
#3930=CIRCLE('',#5538,0.0195);
#3931=CIRCLE('',#5556,0.0235);
#3932=CIRCLE('',#5558,0.0195);
#3933=CIRCLE('',#5561,0.0235);
#3934=CIRCLE('',#5564,0.0195);
#3935=CIRCLE('',#5582,0.0235);
#3936=CIRCLE('',#5584,0.0195);
#3937=CIRCLE('',#5587,0.0235);
#3938=CIRCLE('',#5590,0.0195);
#3939=CIRCLE('',#5606,0.008);
#3940=CIRCLE('',#5607,0.008);
#3941=CIRCLE('',#5609,0.008);
#3942=CIRCLE('',#5610,0.008);
#3943=CIRCLE('',#5624,0.0015);
#3944=CIRCLE('',#5627,0.0015);
#3945=CIRCLE('',#5630,0.0015);
#3946=CIRCLE('',#5633,0.0015);
#3947=CIRCLE('',#5636,0.0015);
#3948=CIRCLE('',#5639,0.0015);
#3949=CIRCLE('',#5642,0.003075);
#3950=CIRCLE('',#5643,0.003075);
#3951=CIRCLE('',#5646,0.003075);
#3952=CIRCLE('',#5647,0.003075);
#3953=CIRCLE('',#5650,0.003075);
#3954=CIRCLE('',#5651,0.003075);
#3955=CIRCLE('',#5654,0.003075);
#3956=CIRCLE('',#5655,0.003075);
#3957=CIRCLE('',#5658,0.003075);
#3958=CIRCLE('',#5659,0.003075);
#3959=EDGE_LOOP('',(#981));
#3960=EDGE_LOOP('',(#982));
#3961=EDGE_LOOP('',(#983));
#3962=EDGE_LOOP('',(#984));
#3963=EDGE_LOOP('',(#985));
#3964=EDGE_LOOP('',(#986));
#3965=EDGE_LOOP('',(#987));
#3966=EDGE_LOOP('',(#988));
#3967=EDGE_LOOP('',(#989));
#3968=EDGE_LOOP('',(#990));
#3969=EDGE_LOOP('',(#991));
#3970=EDGE_LOOP('',(#992));
#3971=EDGE_LOOP('',(#993));
#3972=EDGE_LOOP('',(#994));
#3973=EDGE_LOOP('',(#995));
#3974=EDGE_LOOP('',(#996));
#3975=EDGE_LOOP('',(#997));
#3976=EDGE_LOOP('',(#998));
#3977=EDGE_LOOP('',(#999));
#3978=EDGE_LOOP('',(#1000));
#3979=EDGE_LOOP('',(#1001));
#3980=EDGE_LOOP('',(#1002));
#3981=EDGE_LOOP('',(#1003));
#3982=EDGE_LOOP('',(#1004));
#3983=EDGE_LOOP('',(#1005));
#3984=EDGE_LOOP('',(#1006));
#3985=EDGE_LOOP('',(#1007));
#3986=EDGE_LOOP('',(#1008));
#3987=EDGE_LOOP('',(#1009));
#3988=EDGE_LOOP('',(#1010));
#3989=EDGE_LOOP('',(#1011));
#3990=EDGE_LOOP('',(#1012));
#3991=EDGE_LOOP('',(#1013));
#3992=EDGE_LOOP('',(#1014));
#3993=EDGE_LOOP('',(#1015));
#3994=EDGE_LOOP('',(#1016));
#3995=EDGE_LOOP('',(#1017,#1018,#1019,#1020,#1021,#1022));
#3996=EDGE_LOOP('',(#1023,#1024,#1025,#1026,#1027,#1028,#1029,#1030,#1031,
#1032,#1033,#1034,#1035,#1036));
#3997=EDGE_LOOP('',(#1037,#1038,#1039,#1040,#1041,#1042,#1043,#1044,#1045,
#1046,#1047,#1048,#1049,#1050));
#3998=EDGE_LOOP('',(#1051,#1052,#1053,#1054,#1055,#1056,#1057,#1058,#1059,
#1060,#1061,#1062,#1063,#1064));
#3999=EDGE_LOOP('',(#1065,#1066,#1067,#1068,#1069,#1070,#1071,#1072,#1073,
#1074,#1075,#1076,#1077,#1078));
#4000=EDGE_LOOP('',(#1079,#1080,#1081,#1082,#1083,#1084,#1085,#1086,#1087,
#1088,#1089,#1090,#1091,#1092));
#4001=EDGE_LOOP('',(#1093,#1094,#1095,#1096,#1097,#1098,#1099,#1100,#1101,
#1102,#1103,#1104,#1105,#1106));
#4002=EDGE_LOOP('',(#1107,#1108,#1109,#1110,#1111,#1112,#1113,#1114,#1115,
#1116,#1117,#1118,#1119,#1120));
#4003=EDGE_LOOP('',(#1121,#1122,#1123,#1124,#1125,#1126,#1127,#1128,#1129,
#1130,#1131,#1132,#1133,#1134));
#4004=EDGE_LOOP('',(#1135,#1136,#1137,#1138,#1139,#1140,#1141,#1142,#1143,
#1144,#1145,#1146,#1147,#1148));
#4005=EDGE_LOOP('',(#1149,#1150,#1151,#1152));
#4006=EDGE_LOOP('',(#1153,#1154,#1155,#1156));
#4007=EDGE_LOOP('',(#1157,#1158,#1159,#1160));
#4008=EDGE_LOOP('',(#1161));
#4009=EDGE_LOOP('',(#1162));
#4010=EDGE_LOOP('',(#1163));
#4011=EDGE_LOOP('',(#1164));
#4012=EDGE_LOOP('',(#1165));
#4013=EDGE_LOOP('',(#1166,#1167,#1168,#1169));
#4014=EDGE_LOOP('',(#1170,#1171,#1172,#1173,#1174,#1175));
#4015=EDGE_LOOP('',(#1176));
#4016=EDGE_LOOP('',(#1177,#1178,#1179,#1180,#1181,#1182,#1183,#1184,#1185,
#1186,#1187,#1188));
#4017=EDGE_LOOP('',(#1189));
#4018=EDGE_LOOP('',(#1190));
#4019=EDGE_LOOP('',(#1191));
#4020=EDGE_LOOP('',(#1192,#1193,#1194,#1195,#1196,#1197,#1198,#1199,#1200,
#1201,#1202,#1203));
#4021=EDGE_LOOP('',(#1204));
#4022=EDGE_LOOP('',(#1205));
#4023=EDGE_LOOP('',(#1206));
#4024=EDGE_LOOP('',(#1207));
#4025=EDGE_LOOP('',(#1208,#1209,#1210,#1211,#1212,#1213,#1214,#1215,#1216,
#1217,#1218,#1219));
#4026=EDGE_LOOP('',(#1220));
#4027=EDGE_LOOP('',(#1221));
#4028=EDGE_LOOP('',(#1222));
#4029=EDGE_LOOP('',(#1223));
#4030=EDGE_LOOP('',(#1224));
#4031=EDGE_LOOP('',(#1225,#1226,#1227,#1228,#1229,#1230,#1231,#1232,#1233,
#1234,#1235,#1236));
#4032=EDGE_LOOP('',(#1237));
#4033=EDGE_LOOP('',(#1238));
#4034=EDGE_LOOP('',(#1239));
#4035=EDGE_LOOP('',(#1240));
#4036=EDGE_LOOP('',(#1241));
#4037=EDGE_LOOP('',(#1242,#1243,#1244,#1245,#1246,#1247,#1248,#1249,#1250,
#1251,#1252,#1253));
#4038=EDGE_LOOP('',(#1254));
#4039=EDGE_LOOP('',(#1255));
#4040=EDGE_LOOP('',(#1256));
#4041=EDGE_LOOP('',(#1257));
#4042=EDGE_LOOP('',(#1258));
#4043=EDGE_LOOP('',(#1259,#1260,#1261,#1262,#1263,#1264,#1265,#1266,#1267,
#1268,#1269,#1270));
#4044=EDGE_LOOP('',(#1271));
#4045=EDGE_LOOP('',(#1272));
#4046=EDGE_LOOP('',(#1273));
#4047=EDGE_LOOP('',(#1274));
#4048=EDGE_LOOP('',(#1275,#1276,#1277,#1278,#1279,#1280,#1281,#1282,#1283,
#1284,#1285,#1286));
#4049=EDGE_LOOP('',(#1287));
#4050=EDGE_LOOP('',(#1288));
#4051=EDGE_LOOP('',(#1289));
#4052=EDGE_LOOP('',(#1290));
#4053=EDGE_LOOP('',(#1291,#1292,#1293,#1294,#1295,#1296,#1297,#1298,#1299,
#1300,#1301,#1302));
#4054=EDGE_LOOP('',(#1303));
#4055=EDGE_LOOP('',(#1304));
#4056=EDGE_LOOP('',(#1305));
#4057=EDGE_LOOP('',(#1306,#1307,#1308,#1309,#1310,#1311,#1312,#1313,#1314,
#1315,#1316,#1317));
#4058=EDGE_LOOP('',(#1318));
#4059=EDGE_LOOP('',(#1319));
#4060=EDGE_LOOP('',(#1320,#1321,#1322,#1323,#1324));
#4061=EDGE_LOOP('',(#1325,#1326,#1327,#1328,#1329));
#4062=EDGE_LOOP('',(#1330,#1331,#1332,#1333));
#4063=EDGE_LOOP('',(#1334,#1335,#1336,#1337,#1338,#1339));
#4064=EDGE_LOOP('',(#1340,#1341,#1342,#1343,#1344));
#4065=EDGE_LOOP('',(#1345,#1346,#1347,#1348));
#4066=EDGE_LOOP('',(#1349,#1350,#1351,#1352,#1353));
#4067=EDGE_LOOP('',(#1354,#1355,#1356,#1357,#1358,#1359));
#4068=EDGE_LOOP('',(#1360,#1361,#1362,#1363,#1364,#1365));
#4069=EDGE_LOOP('',(#1366,#1367,#1368,#1369,#1370,#1371));
#4070=EDGE_LOOP('',(#1372,#1373,#1374,#1375));
#4071=EDGE_LOOP('',(#1376,#1377,#1378,#1379,#1380));
#4072=EDGE_LOOP('',(#1381,#1382,#1383,#1384,#1385));
#4073=EDGE_LOOP('',(#1386,#1387,#1388,#1389));
#4074=EDGE_LOOP('',(#1390,#1391,#1392,#1393,#1394));
#4075=EDGE_LOOP('',(#1395,#1396,#1397,#1398,#1399));
#4076=EDGE_LOOP('',(#1400,#1401,#1402,#1403,#1404));
#4077=EDGE_LOOP('',(#1405,#1406,#1407,#1408,#1409));
#4078=EDGE_LOOP('',(#1410,#1411,#1412,#1413,#1414));
#4079=EDGE_LOOP('',(#1415,#1416,#1417,#1418));
#4080=EDGE_LOOP('',(#1419,#1420,#1421,#1422,#1423));
#4081=EDGE_LOOP('',(#1424,#1425,#1426,#1427,#1428));
#4082=EDGE_LOOP('',(#1429,#1430,#1431,#1432,#1433));
#4083=EDGE_LOOP('',(#1434,#1435,#1436,#1437));
#4084=EDGE_LOOP('',(#1438,#1439,#1440,#1441,#1442));
#4085=EDGE_LOOP('',(#1443,#1444,#1445,#1446,#1447));
#4086=EDGE_LOOP('',(#1448,#1449,#1450,#1451));
#4087=EDGE_LOOP('',(#1452,#1453,#1454,#1455,#1456,#1457));
#4088=EDGE_LOOP('',(#1458,#1459,#1460,#1461,#1462));
#4089=EDGE_LOOP('',(#1463,#1464,#1465,#1466));
#4090=EDGE_LOOP('',(#1467,#1468,#1469,#1470,#1471));
#4091=EDGE_LOOP('',(#1472,#1473,#1474,#1475,#1476,#1477));
#4092=EDGE_LOOP('',(#1478,#1479,#1480,#1481,#1482,#1483));
#4093=EDGE_LOOP('',(#1484,#1485,#1486,#1487,#1488,#1489));
#4094=EDGE_LOOP('',(#1490,#1491,#1492,#1493));
#4095=EDGE_LOOP('',(#1494,#1495,#1496,#1497,#1498));
#4096=EDGE_LOOP('',(#1499,#1500,#1501,#1502,#1503));
#4097=EDGE_LOOP('',(#1504,#1505,#1506,#1507));
#4098=EDGE_LOOP('',(#1508,#1509,#1510,#1511,#1512));
#4099=EDGE_LOOP('',(#1513,#1514,#1515,#1516,#1517));
#4100=EDGE_LOOP('',(#1518,#1519,#1520,#1521,#1522));
#4101=EDGE_LOOP('',(#1523,#1524,#1525,#1526,#1527));
#4102=EDGE_LOOP('',(#1528,#1529,#1530,#1531,#1532));
#4103=EDGE_LOOP('',(#1533,#1534,#1535,#1536));
#4104=EDGE_LOOP('',(#1537,#1538,#1539,#1540,#1541));
#4105=EDGE_LOOP('',(#1542,#1543,#1544,#1545,#1546));
#4106=EDGE_LOOP('',(#1547,#1548,#1549,#1550,#1551));
#4107=EDGE_LOOP('',(#1552,#1553,#1554,#1555));
#4108=EDGE_LOOP('',(#1556,#1557,#1558,#1559,#1560));
#4109=EDGE_LOOP('',(#1561,#1562,#1563,#1564,#1565));
#4110=EDGE_LOOP('',(#1566,#1567,#1568,#1569));
#4111=EDGE_LOOP('',(#1570,#1571,#1572,#1573,#1574,#1575));
#4112=EDGE_LOOP('',(#1576,#1577,#1578,#1579,#1580));
#4113=EDGE_LOOP('',(#1581,#1582,#1583,#1584));
#4114=EDGE_LOOP('',(#1585,#1586,#1587,#1588,#1589));
#4115=EDGE_LOOP('',(#1590,#1591,#1592,#1593,#1594,#1595));
#4116=EDGE_LOOP('',(#1596,#1597,#1598,#1599,#1600,#1601));
#4117=EDGE_LOOP('',(#1602,#1603,#1604,#1605,#1606,#1607));
#4118=EDGE_LOOP('',(#1608,#1609,#1610,#1611));
#4119=EDGE_LOOP('',(#1612,#1613,#1614,#1615,#1616));
#4120=EDGE_LOOP('',(#1617,#1618,#1619,#1620,#1621));
#4121=EDGE_LOOP('',(#1622,#1623,#1624,#1625));
#4122=EDGE_LOOP('',(#1626,#1627,#1628,#1629,#1630));
#4123=EDGE_LOOP('',(#1631,#1632,#1633,#1634,#1635));
#4124=EDGE_LOOP('',(#1636,#1637,#1638,#1639,#1640));
#4125=EDGE_LOOP('',(#1641,#1642,#1643,#1644,#1645));
#4126=EDGE_LOOP('',(#1646,#1647,#1648,#1649,#1650));
#4127=EDGE_LOOP('',(#1651,#1652,#1653,#1654));
#4128=EDGE_LOOP('',(#1655,#1656,#1657,#1658,#1659));
#4129=EDGE_LOOP('',(#1660,#1661,#1662,#1663,#1664));
#4130=EDGE_LOOP('',(#1665,#1666,#1667,#1668,#1669));
#4131=EDGE_LOOP('',(#1670,#1671,#1672,#1673));
#4132=EDGE_LOOP('',(#1674,#1675,#1676,#1677,#1678));
#4133=EDGE_LOOP('',(#1679,#1680,#1681,#1682,#1683));
#4134=EDGE_LOOP('',(#1684,#1685,#1686,#1687));
#4135=EDGE_LOOP('',(#1688,#1689,#1690,#1691,#1692,#1693));
#4136=EDGE_LOOP('',(#1694,#1695,#1696,#1697,#1698));
#4137=EDGE_LOOP('',(#1699,#1700,#1701,#1702));
#4138=EDGE_LOOP('',(#1703,#1704,#1705,#1706,#1707));
#4139=EDGE_LOOP('',(#1708,#1709,#1710,#1711,#1712,#1713));
#4140=EDGE_LOOP('',(#1714,#1715,#1716,#1717,#1718,#1719));
#4141=EDGE_LOOP('',(#1720,#1721,#1722,#1723,#1724,#1725));
#4142=EDGE_LOOP('',(#1726,#1727,#1728,#1729));
#4143=EDGE_LOOP('',(#1730,#1731,#1732,#1733,#1734));
#4144=EDGE_LOOP('',(#1735,#1736,#1737,#1738,#1739));
#4145=EDGE_LOOP('',(#1740,#1741,#1742,#1743));
#4146=EDGE_LOOP('',(#1744,#1745,#1746,#1747,#1748));
#4147=EDGE_LOOP('',(#1749,#1750,#1751,#1752,#1753));
#4148=EDGE_LOOP('',(#1754,#1755,#1756,#1757,#1758));
#4149=EDGE_LOOP('',(#1759,#1760,#1761,#1762,#1763));
#4150=EDGE_LOOP('',(#1764,#1765,#1766,#1767,#1768));
#4151=EDGE_LOOP('',(#1769,#1770,#1771,#1772));
#4152=EDGE_LOOP('',(#1773,#1774,#1775,#1776,#1777));
#4153=EDGE_LOOP('',(#1778,#1779,#1780,#1781,#1782));
#4154=EDGE_LOOP('',(#1783,#1784,#1785,#1786,#1787));
#4155=EDGE_LOOP('',(#1788,#1789,#1790,#1791));
#4156=EDGE_LOOP('',(#1792,#1793,#1794,#1795,#1796));
#4157=EDGE_LOOP('',(#1797,#1798,#1799,#1800,#1801));
#4158=EDGE_LOOP('',(#1802,#1803,#1804,#1805));
#4159=EDGE_LOOP('',(#1806,#1807,#1808,#1809,#1810,#1811));
#4160=EDGE_LOOP('',(#1812,#1813,#1814,#1815,#1816));
#4161=EDGE_LOOP('',(#1817,#1818,#1819,#1820));
#4162=EDGE_LOOP('',(#1821,#1822,#1823,#1824,#1825));
#4163=EDGE_LOOP('',(#1826,#1827,#1828,#1829,#1830,#1831));
#4164=EDGE_LOOP('',(#1832,#1833,#1834,#1835,#1836,#1837));
#4165=EDGE_LOOP('',(#1838,#1839,#1840,#1841,#1842,#1843));
#4166=EDGE_LOOP('',(#1844,#1845,#1846,#1847));
#4167=EDGE_LOOP('',(#1848,#1849,#1850,#1851,#1852));
#4168=EDGE_LOOP('',(#1853,#1854,#1855,#1856,#1857));
#4169=EDGE_LOOP('',(#1858,#1859,#1860,#1861));
#4170=EDGE_LOOP('',(#1862,#1863,#1864,#1865,#1866));
#4171=EDGE_LOOP('',(#1867,#1868,#1869,#1870,#1871));
#4172=EDGE_LOOP('',(#1872,#1873,#1874,#1875,#1876));
#4173=EDGE_LOOP('',(#1877,#1878,#1879,#1880,#1881));
#4174=EDGE_LOOP('',(#1882,#1883,#1884,#1885,#1886));
#4175=EDGE_LOOP('',(#1887,#1888,#1889,#1890));
#4176=EDGE_LOOP('',(#1891,#1892,#1893,#1894,#1895));
#4177=EDGE_LOOP('',(#1896,#1897,#1898,#1899,#1900));
#4178=EDGE_LOOP('',(#1901,#1902,#1903,#1904,#1905));
#4179=EDGE_LOOP('',(#1906,#1907,#1908,#1909));
#4180=EDGE_LOOP('',(#1910,#1911,#1912,#1913,#1914));
#4181=EDGE_LOOP('',(#1915,#1916,#1917,#1918,#1919));
#4182=EDGE_LOOP('',(#1920,#1921,#1922,#1923));
#4183=EDGE_LOOP('',(#1924,#1925,#1926,#1927,#1928,#1929));
#4184=EDGE_LOOP('',(#1930,#1931,#1932,#1933,#1934));
#4185=EDGE_LOOP('',(#1935,#1936,#1937,#1938));
#4186=EDGE_LOOP('',(#1939,#1940,#1941,#1942,#1943));
#4187=EDGE_LOOP('',(#1944,#1945,#1946,#1947,#1948,#1949));
#4188=EDGE_LOOP('',(#1950,#1951,#1952,#1953,#1954,#1955));
#4189=EDGE_LOOP('',(#1956,#1957,#1958,#1959,#1960,#1961));
#4190=EDGE_LOOP('',(#1962,#1963,#1964,#1965));
#4191=EDGE_LOOP('',(#1966,#1967,#1968,#1969,#1970));
#4192=EDGE_LOOP('',(#1971,#1972,#1973,#1974,#1975));
#4193=EDGE_LOOP('',(#1976,#1977,#1978,#1979));
#4194=EDGE_LOOP('',(#1980,#1981,#1982,#1983,#1984));
#4195=EDGE_LOOP('',(#1985,#1986,#1987,#1988,#1989));
#4196=EDGE_LOOP('',(#1990,#1991,#1992,#1993,#1994));
#4197=EDGE_LOOP('',(#1995,#1996,#1997,#1998,#1999));
#4198=EDGE_LOOP('',(#2000,#2001,#2002,#2003,#2004));
#4199=EDGE_LOOP('',(#2005,#2006,#2007,#2008));
#4200=EDGE_LOOP('',(#2009,#2010,#2011,#2012,#2013));
#4201=EDGE_LOOP('',(#2014,#2015,#2016,#2017,#2018));
#4202=EDGE_LOOP('',(#2019,#2020,#2021,#2022,#2023));
#4203=EDGE_LOOP('',(#2024,#2025,#2026,#2027));
#4204=EDGE_LOOP('',(#2028,#2029,#2030,#2031,#2032));
#4205=EDGE_LOOP('',(#2033,#2034,#2035,#2036,#2037));
#4206=EDGE_LOOP('',(#2038,#2039,#2040,#2041));
#4207=EDGE_LOOP('',(#2042,#2043,#2044,#2045,#2046,#2047));
#4208=EDGE_LOOP('',(#2048,#2049,#2050,#2051,#2052));
#4209=EDGE_LOOP('',(#2053,#2054,#2055,#2056));
#4210=EDGE_LOOP('',(#2057,#2058,#2059,#2060,#2061));
#4211=EDGE_LOOP('',(#2062,#2063,#2064,#2065,#2066,#2067));
#4212=EDGE_LOOP('',(#2068,#2069,#2070,#2071,#2072,#2073));
#4213=EDGE_LOOP('',(#2074,#2075,#2076,#2077,#2078,#2079));
#4214=EDGE_LOOP('',(#2080,#2081,#2082,#2083));
#4215=EDGE_LOOP('',(#2084,#2085,#2086,#2087,#2088));
#4216=EDGE_LOOP('',(#2089,#2090,#2091,#2092,#2093));
#4217=EDGE_LOOP('',(#2094,#2095,#2096,#2097));
#4218=EDGE_LOOP('',(#2098,#2099,#2100,#2101,#2102));
#4219=EDGE_LOOP('',(#2103,#2104,#2105,#2106,#2107));
#4220=EDGE_LOOP('',(#2108,#2109,#2110,#2111,#2112));
#4221=EDGE_LOOP('',(#2113,#2114,#2115,#2116,#2117));
#4222=EDGE_LOOP('',(#2118,#2119,#2120,#2121,#2122));
#4223=EDGE_LOOP('',(#2123,#2124,#2125,#2126));
#4224=EDGE_LOOP('',(#2127,#2128,#2129,#2130,#2131));
#4225=EDGE_LOOP('',(#2132,#2133,#2134,#2135,#2136));
#4226=EDGE_LOOP('',(#2137,#2138,#2139,#2140,#2141));
#4227=EDGE_LOOP('',(#2142,#2143,#2144,#2145));
#4228=EDGE_LOOP('',(#2146,#2147,#2148,#2149,#2150));
#4229=EDGE_LOOP('',(#2151,#2152,#2153,#2154,#2155));
#4230=EDGE_LOOP('',(#2156,#2157,#2158,#2159));
#4231=EDGE_LOOP('',(#2160,#2161,#2162,#2163,#2164,#2165));
#4232=EDGE_LOOP('',(#2166,#2167,#2168,#2169,#2170));
#4233=EDGE_LOOP('',(#2171,#2172,#2173,#2174));
#4234=EDGE_LOOP('',(#2175,#2176,#2177,#2178,#2179));
#4235=EDGE_LOOP('',(#2180,#2181,#2182,#2183,#2184,#2185));
#4236=EDGE_LOOP('',(#2186,#2187,#2188,#2189,#2190,#2191));
#4237=EDGE_LOOP('',(#2192,#2193,#2194,#2195,#2196,#2197));
#4238=EDGE_LOOP('',(#2198,#2199,#2200,#2201));
#4239=EDGE_LOOP('',(#2202,#2203,#2204,#2205,#2206));
#4240=EDGE_LOOP('',(#2207,#2208,#2209,#2210,#2211));
#4241=EDGE_LOOP('',(#2212,#2213,#2214,#2215));
#4242=EDGE_LOOP('',(#2216,#2217,#2218,#2219,#2220));
#4243=EDGE_LOOP('',(#2221,#2222,#2223,#2224,#2225));
#4244=EDGE_LOOP('',(#2226,#2227,#2228,#2229,#2230));
#4245=EDGE_LOOP('',(#2231,#2232,#2233,#2234,#2235));
#4246=EDGE_LOOP('',(#2236,#2237,#2238,#2239,#2240));
#4247=EDGE_LOOP('',(#2241,#2242,#2243,#2244));
#4248=EDGE_LOOP('',(#2245,#2246,#2247,#2248,#2249));
#4249=EDGE_LOOP('',(#2250,#2251,#2252,#2253,#2254));
#4250=EDGE_LOOP('',(#2255,#2256,#2257,#2258,#2259));
#4251=EDGE_LOOP('',(#2260,#2261,#2262,#2263));
#4252=EDGE_LOOP('',(#2264,#2265,#2266,#2267,#2268));
#4253=EDGE_LOOP('',(#2269,#2270,#2271,#2272,#2273));
#4254=EDGE_LOOP('',(#2274,#2275,#2276,#2277));
#4255=EDGE_LOOP('',(#2278,#2279,#2280,#2281,#2282,#2283));
#4256=EDGE_LOOP('',(#2284,#2285,#2286,#2287,#2288));
#4257=EDGE_LOOP('',(#2289,#2290,#2291,#2292));
#4258=EDGE_LOOP('',(#2293,#2294,#2295,#2296,#2297));
#4259=EDGE_LOOP('',(#2298,#2299,#2300,#2301,#2302,#2303));
#4260=EDGE_LOOP('',(#2304,#2305,#2306,#2307,#2308,#2309));
#4261=EDGE_LOOP('',(#2310,#2311,#2312,#2313,#2314,#2315));
#4262=EDGE_LOOP('',(#2316,#2317,#2318,#2319));
#4263=EDGE_LOOP('',(#2320,#2321,#2322,#2323,#2324));
#4264=EDGE_LOOP('',(#2325,#2326,#2327,#2328,#2329));
#4265=EDGE_LOOP('',(#2330,#2331,#2332,#2333));
#4266=EDGE_LOOP('',(#2334,#2335,#2336,#2337,#2338));
#4267=EDGE_LOOP('',(#2339,#2340,#2341,#2342,#2343));
#4268=EDGE_LOOP('',(#2344,#2345,#2346,#2347,#2348));
#4269=EDGE_LOOP('',(#2349,#2350,#2351,#2352,#2353));
#4270=EDGE_LOOP('',(#2354,#2355,#2356,#2357,#2358));
#4271=EDGE_LOOP('',(#2359,#2360,#2361,#2362));
#4272=EDGE_LOOP('',(#2363,#2364,#2365,#2366,#2367));
#4273=EDGE_LOOP('',(#2368,#2369,#2370,#2371,#2372));
#4274=EDGE_LOOP('',(#2373,#2374,#2375,#2376,#2377));
#4275=EDGE_LOOP('',(#2378,#2379,#2380,#2381));
#4276=EDGE_LOOP('',(#2382,#2383,#2384,#2385));
#4277=EDGE_LOOP('',(#2386,#2387,#2388,#2389));
#4278=EDGE_LOOP('',(#2390,#2391,#2392,#2393));
#4279=EDGE_LOOP('',(#2394,#2395,#2396,#2397));
#4280=EDGE_LOOP('',(#2398,#2399,#2400,#2401));
#4281=EDGE_LOOP('',(#2402,#2403,#2404,#2405));
#4282=EDGE_LOOP('',(#2406,#2407,#2408,#2409));
#4283=EDGE_LOOP('',(#2410,#2411,#2412,#2413));
#4284=EDGE_LOOP('',(#2414,#2415,#2416,#2417));
#4285=EDGE_LOOP('',(#2418,#2419,#2420,#2421));
#4286=EDGE_LOOP('',(#2422,#2423,#2424,#2425));
#4287=EDGE_LOOP('',(#2426,#2427,#2428,#2429));
#4288=EDGE_LOOP('',(#2430,#2431,#2432,#2433));
#4289=EDGE_LOOP('',(#2434,#2435,#2436,#2437));
#4290=EDGE_LOOP('',(#2438));
#4291=EDGE_LOOP('',(#2439));
#4292=EDGE_LOOP('',(#2440));
#4293=EDGE_LOOP('',(#2441));
#4294=EDGE_LOOP('',(#2442));
#4295=EDGE_LOOP('',(#2443));
#4296=EDGE_LOOP('',(#2444));
#4297=EDGE_LOOP('',(#2445));
#4298=EDGE_LOOP('',(#2446));
#4299=EDGE_LOOP('',(#2447));
#4300=EDGE_LOOP('',(#2448));
#4301=EDGE_LOOP('',(#2449));
#4302=EDGE_LOOP('',(#2450));
#4303=EDGE_LOOP('',(#2451));
#4304=EDGE_LOOP('',(#2452));
#4305=EDGE_LOOP('',(#2453));
#4306=EDGE_LOOP('',(#2454));
#4307=EDGE_LOOP('',(#2455));
#4308=EDGE_LOOP('',(#2456));
#4309=EDGE_LOOP('',(#2457));
#4310=EDGE_LOOP('',(#2458));
#4311=EDGE_LOOP('',(#2459));
#4312=EDGE_LOOP('',(#2460));
#4313=EDGE_LOOP('',(#2461));
#4314=EDGE_LOOP('',(#2462));
#4315=EDGE_LOOP('',(#2463));
#4316=EDGE_LOOP('',(#2464));
#4317=EDGE_LOOP('',(#2465));
#4318=EDGE_LOOP('',(#2466));
#4319=EDGE_LOOP('',(#2467));
#4320=EDGE_LOOP('',(#2468));
#4321=EDGE_LOOP('',(#2469));
#4322=EDGE_LOOP('',(#2470));
#4323=EDGE_LOOP('',(#2471));
#4324=EDGE_LOOP('',(#2472));
#4325=EDGE_LOOP('',(#2473));
#4326=EDGE_LOOP('',(#2474));
#4327=EDGE_LOOP('',(#2475));
#4328=EDGE_LOOP('',(#2476));
#4329=EDGE_LOOP('',(#2477));
#4330=EDGE_LOOP('',(#2478));
#4331=EDGE_LOOP('',(#2479));
#4332=EDGE_LOOP('',(#2480));
#4333=FACE_BOUND('',#3959,.T.);
#4334=FACE_BOUND('',#3960,.T.);
#4335=FACE_BOUND('',#3961,.T.);
#4336=FACE_BOUND('',#3962,.T.);
#4337=FACE_BOUND('',#3963,.T.);
#4338=FACE_BOUND('',#3964,.T.);
#4339=FACE_BOUND('',#3965,.T.);
#4340=FACE_BOUND('',#3966,.T.);
#4341=FACE_BOUND('',#3967,.T.);
#4342=FACE_BOUND('',#3968,.T.);
#4343=FACE_BOUND('',#3969,.T.);
#4344=FACE_BOUND('',#3970,.T.);
#4345=FACE_BOUND('',#3971,.T.);
#4346=FACE_BOUND('',#3972,.T.);
#4347=FACE_BOUND('',#3973,.T.);
#4348=FACE_BOUND('',#3974,.T.);
#4349=FACE_BOUND('',#3975,.T.);
#4350=FACE_BOUND('',#3976,.T.);
#4351=FACE_BOUND('',#3977,.T.);
#4352=FACE_BOUND('',#3978,.T.);
#4353=FACE_BOUND('',#3979,.T.);
#4354=FACE_BOUND('',#3980,.T.);
#4355=FACE_BOUND('',#3981,.T.);
#4356=FACE_BOUND('',#3982,.T.);
#4357=FACE_BOUND('',#3983,.T.);
#4358=FACE_BOUND('',#3984,.T.);
#4359=FACE_BOUND('',#3985,.T.);
#4360=FACE_BOUND('',#3986,.T.);
#4361=FACE_BOUND('',#3987,.T.);
#4362=FACE_BOUND('',#3988,.T.);
#4363=FACE_BOUND('',#3989,.T.);
#4364=FACE_BOUND('',#3990,.T.);
#4365=FACE_BOUND('',#3991,.T.);
#4366=FACE_BOUND('',#3992,.T.);
#4367=FACE_BOUND('',#3993,.T.);
#4368=FACE_BOUND('',#3994,.T.);
#4369=FACE_BOUND('',#3995,.T.);
#4370=FACE_BOUND('',#3996,.T.);
#4371=FACE_BOUND('',#3997,.T.);
#4372=FACE_BOUND('',#3998,.T.);
#4373=FACE_BOUND('',#3999,.T.);
#4374=FACE_BOUND('',#4000,.T.);
#4375=FACE_BOUND('',#4001,.T.);
#4376=FACE_BOUND('',#4002,.T.);
#4377=FACE_BOUND('',#4003,.T.);
#4378=FACE_BOUND('',#4004,.T.);
#4379=FACE_BOUND('',#4005,.T.);
#4380=FACE_BOUND('',#4006,.T.);
#4381=FACE_BOUND('',#4007,.T.);
#4382=FACE_BOUND('',#4008,.T.);
#4383=FACE_BOUND('',#4009,.T.);
#4384=FACE_BOUND('',#4010,.T.);
#4385=FACE_BOUND('',#4011,.T.);
#4386=FACE_BOUND('',#4012,.T.);
#4387=FACE_BOUND('',#4013,.T.);
#4388=FACE_BOUND('',#4014,.T.);
#4389=FACE_BOUND('',#4015,.T.);
#4390=FACE_BOUND('',#4016,.T.);
#4391=FACE_BOUND('',#4017,.T.);
#4392=FACE_BOUND('',#4018,.T.);
#4393=FACE_BOUND('',#4019,.T.);
#4394=FACE_BOUND('',#4020,.T.);
#4395=FACE_BOUND('',#4021,.T.);
#4396=FACE_BOUND('',#4022,.T.);
#4397=FACE_BOUND('',#4023,.T.);
#4398=FACE_BOUND('',#4024,.T.);
#4399=FACE_BOUND('',#4025,.T.);
#4400=FACE_BOUND('',#4026,.T.);
#4401=FACE_BOUND('',#4027,.T.);
#4402=FACE_BOUND('',#4028,.T.);
#4403=FACE_BOUND('',#4029,.T.);
#4404=FACE_BOUND('',#4030,.T.);
#4405=FACE_BOUND('',#4031,.T.);
#4406=FACE_BOUND('',#4032,.T.);
#4407=FACE_BOUND('',#4033,.T.);
#4408=FACE_BOUND('',#4034,.T.);
#4409=FACE_BOUND('',#4035,.T.);
#4410=FACE_BOUND('',#4036,.T.);
#4411=FACE_BOUND('',#4037,.T.);
#4412=FACE_BOUND('',#4038,.T.);
#4413=FACE_BOUND('',#4039,.T.);
#4414=FACE_BOUND('',#4040,.T.);
#4415=FACE_BOUND('',#4041,.T.);
#4416=FACE_BOUND('',#4042,.T.);
#4417=FACE_BOUND('',#4043,.T.);
#4418=FACE_BOUND('',#4044,.T.);
#4419=FACE_BOUND('',#4045,.T.);
#4420=FACE_BOUND('',#4046,.T.);
#4421=FACE_BOUND('',#4047,.T.);
#4422=FACE_BOUND('',#4048,.T.);
#4423=FACE_BOUND('',#4049,.T.);
#4424=FACE_BOUND('',#4050,.T.);
#4425=FACE_BOUND('',#4051,.T.);
#4426=FACE_BOUND('',#4052,.T.);
#4427=FACE_BOUND('',#4053,.T.);
#4428=FACE_BOUND('',#4054,.T.);
#4429=FACE_BOUND('',#4055,.T.);
#4430=FACE_BOUND('',#4056,.T.);
#4431=FACE_BOUND('',#4057,.T.);
#4432=FACE_BOUND('',#4058,.T.);
#4433=FACE_BOUND('',#4059,.T.);
#4434=FACE_BOUND('',#4060,.T.);
#4435=FACE_BOUND('',#4061,.T.);
#4436=FACE_BOUND('',#4062,.T.);
#4437=FACE_BOUND('',#4063,.T.);
#4438=FACE_BOUND('',#4064,.T.);
#4439=FACE_BOUND('',#4065,.T.);
#4440=FACE_BOUND('',#4066,.T.);
#4441=FACE_BOUND('',#4067,.T.);
#4442=FACE_BOUND('',#4068,.T.);
#4443=FACE_BOUND('',#4069,.T.);
#4444=FACE_BOUND('',#4070,.T.);
#4445=FACE_BOUND('',#4071,.T.);
#4446=FACE_BOUND('',#4072,.T.);
#4447=FACE_BOUND('',#4073,.T.);
#4448=FACE_BOUND('',#4074,.T.);
#4449=FACE_BOUND('',#4075,.T.);
#4450=FACE_BOUND('',#4076,.T.);
#4451=FACE_BOUND('',#4077,.T.);
#4452=FACE_BOUND('',#4078,.T.);
#4453=FACE_BOUND('',#4079,.T.);
#4454=FACE_BOUND('',#4080,.T.);
#4455=FACE_BOUND('',#4081,.T.);
#4456=FACE_BOUND('',#4082,.T.);
#4457=FACE_BOUND('',#4083,.T.);
#4458=FACE_BOUND('',#4084,.T.);
#4459=FACE_BOUND('',#4085,.T.);
#4460=FACE_BOUND('',#4086,.T.);
#4461=FACE_BOUND('',#4087,.T.);
#4462=FACE_BOUND('',#4088,.T.);
#4463=FACE_BOUND('',#4089,.T.);
#4464=FACE_BOUND('',#4090,.T.);
#4465=FACE_BOUND('',#4091,.T.);
#4466=FACE_BOUND('',#4092,.T.);
#4467=FACE_BOUND('',#4093,.T.);
#4468=FACE_BOUND('',#4094,.T.);
#4469=FACE_BOUND('',#4095,.T.);
#4470=FACE_BOUND('',#4096,.T.);
#4471=FACE_BOUND('',#4097,.T.);
#4472=FACE_BOUND('',#4098,.T.);
#4473=FACE_BOUND('',#4099,.T.);
#4474=FACE_BOUND('',#4100,.T.);
#4475=FACE_BOUND('',#4101,.T.);
#4476=FACE_BOUND('',#4102,.T.);
#4477=FACE_BOUND('',#4103,.T.);
#4478=FACE_BOUND('',#4104,.T.);
#4479=FACE_BOUND('',#4105,.T.);
#4480=FACE_BOUND('',#4106,.T.);
#4481=FACE_BOUND('',#4107,.T.);
#4482=FACE_BOUND('',#4108,.T.);
#4483=FACE_BOUND('',#4109,.T.);
#4484=FACE_BOUND('',#4110,.T.);
#4485=FACE_BOUND('',#4111,.T.);
#4486=FACE_BOUND('',#4112,.T.);
#4487=FACE_BOUND('',#4113,.T.);
#4488=FACE_BOUND('',#4114,.T.);
#4489=FACE_BOUND('',#4115,.T.);
#4490=FACE_BOUND('',#4116,.T.);
#4491=FACE_BOUND('',#4117,.T.);
#4492=FACE_BOUND('',#4118,.T.);
#4493=FACE_BOUND('',#4119,.T.);
#4494=FACE_BOUND('',#4120,.T.);
#4495=FACE_BOUND('',#4121,.T.);
#4496=FACE_BOUND('',#4122,.T.);
#4497=FACE_BOUND('',#4123,.T.);
#4498=FACE_BOUND('',#4124,.T.);
#4499=FACE_BOUND('',#4125,.T.);
#4500=FACE_BOUND('',#4126,.T.);
#4501=FACE_BOUND('',#4127,.T.);
#4502=FACE_BOUND('',#4128,.T.);
#4503=FACE_BOUND('',#4129,.T.);
#4504=FACE_BOUND('',#4130,.T.);
#4505=FACE_BOUND('',#4131,.T.);
#4506=FACE_BOUND('',#4132,.T.);
#4507=FACE_BOUND('',#4133,.T.);
#4508=FACE_BOUND('',#4134,.T.);
#4509=FACE_BOUND('',#4135,.T.);
#4510=FACE_BOUND('',#4136,.T.);
#4511=FACE_BOUND('',#4137,.T.);
#4512=FACE_BOUND('',#4138,.T.);
#4513=FACE_BOUND('',#4139,.T.);
#4514=FACE_BOUND('',#4140,.T.);
#4515=FACE_BOUND('',#4141,.T.);
#4516=FACE_BOUND('',#4142,.T.);
#4517=FACE_BOUND('',#4143,.T.);
#4518=FACE_BOUND('',#4144,.T.);
#4519=FACE_BOUND('',#4145,.T.);
#4520=FACE_BOUND('',#4146,.T.);
#4521=FACE_BOUND('',#4147,.T.);
#4522=FACE_BOUND('',#4148,.T.);
#4523=FACE_BOUND('',#4149,.T.);
#4524=FACE_BOUND('',#4150,.T.);
#4525=FACE_BOUND('',#4151,.T.);
#4526=FACE_BOUND('',#4152,.T.);
#4527=FACE_BOUND('',#4153,.T.);
#4528=FACE_BOUND('',#4154,.T.);
#4529=FACE_BOUND('',#4155,.T.);
#4530=FACE_BOUND('',#4156,.T.);
#4531=FACE_BOUND('',#4157,.T.);
#4532=FACE_BOUND('',#4158,.T.);
#4533=FACE_BOUND('',#4159,.T.);
#4534=FACE_BOUND('',#4160,.T.);
#4535=FACE_BOUND('',#4161,.T.);
#4536=FACE_BOUND('',#4162,.T.);
#4537=FACE_BOUND('',#4163,.T.);
#4538=FACE_BOUND('',#4164,.T.);
#4539=FACE_BOUND('',#4165,.T.);
#4540=FACE_BOUND('',#4166,.T.);
#4541=FACE_BOUND('',#4167,.T.);
#4542=FACE_BOUND('',#4168,.T.);
#4543=FACE_BOUND('',#4169,.T.);
#4544=FACE_BOUND('',#4170,.T.);
#4545=FACE_BOUND('',#4171,.T.);
#4546=FACE_BOUND('',#4172,.T.);
#4547=FACE_BOUND('',#4173,.T.);
#4548=FACE_BOUND('',#4174,.T.);
#4549=FACE_BOUND('',#4175,.T.);
#4550=FACE_BOUND('',#4176,.T.);
#4551=FACE_BOUND('',#4177,.T.);
#4552=FACE_BOUND('',#4178,.T.);
#4553=FACE_BOUND('',#4179,.T.);
#4554=FACE_BOUND('',#4180,.T.);
#4555=FACE_BOUND('',#4181,.T.);
#4556=FACE_BOUND('',#4182,.T.);
#4557=FACE_BOUND('',#4183,.T.);
#4558=FACE_BOUND('',#4184,.T.);
#4559=FACE_BOUND('',#4185,.T.);
#4560=FACE_BOUND('',#4186,.T.);
#4561=FACE_BOUND('',#4187,.T.);
#4562=FACE_BOUND('',#4188,.T.);
#4563=FACE_BOUND('',#4189,.T.);
#4564=FACE_BOUND('',#4190,.T.);
#4565=FACE_BOUND('',#4191,.T.);
#4566=FACE_BOUND('',#4192,.T.);
#4567=FACE_BOUND('',#4193,.T.);
#4568=FACE_BOUND('',#4194,.T.);
#4569=FACE_BOUND('',#4195,.T.);
#4570=FACE_BOUND('',#4196,.T.);
#4571=FACE_BOUND('',#4197,.T.);
#4572=FACE_BOUND('',#4198,.T.);
#4573=FACE_BOUND('',#4199,.T.);
#4574=FACE_BOUND('',#4200,.T.);
#4575=FACE_BOUND('',#4201,.T.);
#4576=FACE_BOUND('',#4202,.T.);
#4577=FACE_BOUND('',#4203,.T.);
#4578=FACE_BOUND('',#4204,.T.);
#4579=FACE_BOUND('',#4205,.T.);
#4580=FACE_BOUND('',#4206,.T.);
#4581=FACE_BOUND('',#4207,.T.);
#4582=FACE_BOUND('',#4208,.T.);
#4583=FACE_BOUND('',#4209,.T.);
#4584=FACE_BOUND('',#4210,.T.);
#4585=FACE_BOUND('',#4211,.T.);
#4586=FACE_BOUND('',#4212,.T.);
#4587=FACE_BOUND('',#4213,.T.);
#4588=FACE_BOUND('',#4214,.T.);
#4589=FACE_BOUND('',#4215,.T.);
#4590=FACE_BOUND('',#4216,.T.);
#4591=FACE_BOUND('',#4217,.T.);
#4592=FACE_BOUND('',#4218,.T.);
#4593=FACE_BOUND('',#4219,.T.);
#4594=FACE_BOUND('',#4220,.T.);
#4595=FACE_BOUND('',#4221,.T.);
#4596=FACE_BOUND('',#4222,.T.);
#4597=FACE_BOUND('',#4223,.T.);
#4598=FACE_BOUND('',#4224,.T.);
#4599=FACE_BOUND('',#4225,.T.);
#4600=FACE_BOUND('',#4226,.T.);
#4601=FACE_BOUND('',#4227,.T.);
#4602=FACE_BOUND('',#4228,.T.);
#4603=FACE_BOUND('',#4229,.T.);
#4604=FACE_BOUND('',#4230,.T.);
#4605=FACE_BOUND('',#4231,.T.);
#4606=FACE_BOUND('',#4232,.T.);
#4607=FACE_BOUND('',#4233,.T.);
#4608=FACE_BOUND('',#4234,.T.);
#4609=FACE_BOUND('',#4235,.T.);
#4610=FACE_BOUND('',#4236,.T.);
#4611=FACE_BOUND('',#4237,.T.);
#4612=FACE_BOUND('',#4238,.T.);
#4613=FACE_BOUND('',#4239,.T.);
#4614=FACE_BOUND('',#4240,.T.);
#4615=FACE_BOUND('',#4241,.T.);
#4616=FACE_BOUND('',#4242,.T.);
#4617=FACE_BOUND('',#4243,.T.);
#4618=FACE_BOUND('',#4244,.T.);
#4619=FACE_BOUND('',#4245,.T.);
#4620=FACE_BOUND('',#4246,.T.);
#4621=FACE_BOUND('',#4247,.T.);
#4622=FACE_BOUND('',#4248,.T.);
#4623=FACE_BOUND('',#4249,.T.);
#4624=FACE_BOUND('',#4250,.T.);
#4625=FACE_BOUND('',#4251,.T.);
#4626=FACE_BOUND('',#4252,.T.);
#4627=FACE_BOUND('',#4253,.T.);
#4628=FACE_BOUND('',#4254,.T.);
#4629=FACE_BOUND('',#4255,.T.);
#4630=FACE_BOUND('',#4256,.T.);
#4631=FACE_BOUND('',#4257,.T.);
#4632=FACE_BOUND('',#4258,.T.);
#4633=FACE_BOUND('',#4259,.T.);
#4634=FACE_BOUND('',#4260,.T.);
#4635=FACE_BOUND('',#4261,.T.);
#4636=FACE_BOUND('',#4262,.T.);
#4637=FACE_BOUND('',#4263,.T.);
#4638=FACE_BOUND('',#4264,.T.);
#4639=FACE_BOUND('',#4265,.T.);
#4640=FACE_BOUND('',#4266,.T.);
#4641=FACE_BOUND('',#4267,.T.);
#4642=FACE_BOUND('',#4268,.T.);
#4643=FACE_BOUND('',#4269,.T.);
#4644=FACE_BOUND('',#4270,.T.);
#4645=FACE_BOUND('',#4271,.T.);
#4646=FACE_BOUND('',#4272,.T.);
#4647=FACE_BOUND('',#4273,.T.);
#4648=FACE_BOUND('',#4274,.T.);
#4649=FACE_BOUND('',#4275,.T.);
#4650=FACE_BOUND('',#4276,.T.);
#4651=FACE_BOUND('',#4277,.T.);
#4652=FACE_BOUND('',#4278,.T.);
#4653=FACE_BOUND('',#4279,.T.);
#4654=FACE_BOUND('',#4280,.T.);
#4655=FACE_BOUND('',#4281,.T.);
#4656=FACE_BOUND('',#4282,.T.);
#4657=FACE_BOUND('',#4283,.T.);
#4658=FACE_BOUND('',#4284,.T.);
#4659=FACE_BOUND('',#4285,.T.);
#4660=FACE_BOUND('',#4286,.T.);
#4661=FACE_BOUND('',#4287,.T.);
#4662=FACE_BOUND('',#4288,.T.);
#4663=FACE_BOUND('',#4289,.T.);
#4664=FACE_BOUND('',#4290,.T.);
#4665=FACE_BOUND('',#4291,.T.);
#4666=FACE_BOUND('',#4292,.T.);
#4667=FACE_BOUND('',#4293,.T.);
#4668=FACE_BOUND('',#4294,.T.);
#4669=FACE_BOUND('',#4295,.T.);
#4670=FACE_BOUND('',#4296,.T.);
#4671=FACE_BOUND('',#4297,.T.);
#4672=FACE_BOUND('',#4298,.T.);
#4673=FACE_BOUND('',#4299,.T.);
#4674=FACE_BOUND('',#4300,.T.);
#4675=FACE_BOUND('',#4301,.T.);
#4676=FACE_BOUND('',#4302,.T.);
#4677=FACE_BOUND('',#4303,.T.);
#4678=FACE_BOUND('',#4304,.T.);
#4679=FACE_BOUND('',#4305,.T.);
#4680=FACE_BOUND('',#4306,.T.);
#4681=FACE_BOUND('',#4307,.T.);
#4682=FACE_BOUND('',#4308,.T.);
#4683=FACE_BOUND('',#4309,.T.);
#4684=FACE_BOUND('',#4310,.T.);
#4685=FACE_BOUND('',#4311,.T.);
#4686=FACE_BOUND('',#4312,.T.);
#4687=FACE_BOUND('',#4313,.T.);
#4688=FACE_BOUND('',#4314,.T.);
#4689=FACE_BOUND('',#4315,.T.);
#4690=FACE_BOUND('',#4316,.T.);
#4691=FACE_BOUND('',#4317,.T.);
#4692=FACE_BOUND('',#4318,.T.);
#4693=FACE_BOUND('',#4319,.T.);
#4694=FACE_BOUND('',#4320,.T.);
#4695=FACE_BOUND('',#4321,.T.);
#4696=FACE_BOUND('',#4322,.T.);
#4697=FACE_BOUND('',#4323,.T.);
#4698=FACE_BOUND('',#4324,.T.);
#4699=FACE_BOUND('',#4325,.T.);
#4700=FACE_BOUND('',#4326,.T.);
#4701=FACE_BOUND('',#4327,.T.);
#4702=FACE_BOUND('',#4328,.T.);
#4703=FACE_BOUND('',#4329,.T.);
#4704=FACE_BOUND('',#4330,.T.);
#4705=FACE_BOUND('',#4331,.T.);
#4706=FACE_BOUND('',#4332,.T.);
#4707=CYLINDRICAL_SURFACE('',#5167,0.0015);
#4708=CYLINDRICAL_SURFACE('',#5171,0.0015);
#4709=CYLINDRICAL_SURFACE('',#5175,0.0015);
#4710=CYLINDRICAL_SURFACE('',#5179,0.0015);
#4711=CYLINDRICAL_SURFACE('',#5183,0.0015);
#4712=CYLINDRICAL_SURFACE('',#5187,0.0015);
#4713=CYLINDRICAL_SURFACE('',#5191,0.0015);
#4714=CYLINDRICAL_SURFACE('',#5195,0.0015);
#4715=CYLINDRICAL_SURFACE('',#5199,0.0015);
#4716=CYLINDRICAL_SURFACE('',#5203,0.0015);
#4717=CYLINDRICAL_SURFACE('',#5207,0.0015);
#4718=CYLINDRICAL_SURFACE('',#5211,0.0015);
#4719=CYLINDRICAL_SURFACE('',#5320,0.0165);
#4720=CYLINDRICAL_SURFACE('',#5325,0.0165);
#4721=CYLINDRICAL_SURFACE('',#5332,0.0165);
#4722=CYLINDRICAL_SURFACE('',#5337,0.0165);
#4723=CYLINDRICAL_SURFACE('',#5342,0.0165);
#4724=CYLINDRICAL_SURFACE('',#5350,0.0165);
#4725=CYLINDRICAL_SURFACE('',#5355,0.0165);
#4726=CYLINDRICAL_SURFACE('',#5360,0.0165);
#4727=CYLINDRICAL_SURFACE('',#5366,0.0165);
#4728=CYLINDRICAL_SURFACE('',#5373,0.0235);
#4729=CYLINDRICAL_SURFACE('',#5378,0.0235);
#4730=CYLINDRICAL_SURFACE('',#5385,0.0015);
#4731=CYLINDRICAL_SURFACE('',#5386,0.0015);
#4732=CYLINDRICAL_SURFACE('',#5387,0.0015);
#4733=CYLINDRICAL_SURFACE('',#5388,0.0015);
#4734=CYLINDRICAL_SURFACE('',#5389,0.0015);
#4735=CYLINDRICAL_SURFACE('',#5390,0.0015);
#4736=CYLINDRICAL_SURFACE('',#5392,0.0015);
#4737=CYLINDRICAL_SURFACE('',#5393,0.0015);
#4738=CYLINDRICAL_SURFACE('',#5394,0.0015);
#4739=CYLINDRICAL_SURFACE('',#5396,0.0015);
#4740=CYLINDRICAL_SURFACE('',#5399,0.0235);
#4741=CYLINDRICAL_SURFACE('',#5404,0.0235);
#4742=CYLINDRICAL_SURFACE('',#5411,0.0015);
#4743=CYLINDRICAL_SURFACE('',#5412,0.0015);
#4744=CYLINDRICAL_SURFACE('',#5413,0.0015);
#4745=CYLINDRICAL_SURFACE('',#5414,0.0015);
#4746=CYLINDRICAL_SURFACE('',#5415,0.0015);
#4747=CYLINDRICAL_SURFACE('',#5416,0.0015);
#4748=CYLINDRICAL_SURFACE('',#5418,0.0015);
#4749=CYLINDRICAL_SURFACE('',#5419,0.0015);
#4750=CYLINDRICAL_SURFACE('',#5420,0.0015);
#4751=CYLINDRICAL_SURFACE('',#5422,0.0015);
#4752=CYLINDRICAL_SURFACE('',#5425,0.0235);
#4753=CYLINDRICAL_SURFACE('',#5430,0.0235);
#4754=CYLINDRICAL_SURFACE('',#5437,0.0015);
#4755=CYLINDRICAL_SURFACE('',#5438,0.0015);
#4756=CYLINDRICAL_SURFACE('',#5439,0.0015);
#4757=CYLINDRICAL_SURFACE('',#5440,0.0015);
#4758=CYLINDRICAL_SURFACE('',#5441,0.0015);
#4759=CYLINDRICAL_SURFACE('',#5442,0.0015);
#4760=CYLINDRICAL_SURFACE('',#5444,0.0015);
#4761=CYLINDRICAL_SURFACE('',#5445,0.0015);
#4762=CYLINDRICAL_SURFACE('',#5446,0.0015);
#4763=CYLINDRICAL_SURFACE('',#5448,0.0015);
#4764=CYLINDRICAL_SURFACE('',#5451,0.0235);
#4765=CYLINDRICAL_SURFACE('',#5456,0.0235);
#4766=CYLINDRICAL_SURFACE('',#5463,0.0015);
#4767=CYLINDRICAL_SURFACE('',#5464,0.0015);
#4768=CYLINDRICAL_SURFACE('',#5465,0.0015);
#4769=CYLINDRICAL_SURFACE('',#5466,0.0015);
#4770=CYLINDRICAL_SURFACE('',#5467,0.0015);
#4771=CYLINDRICAL_SURFACE('',#5468,0.0015);
#4772=CYLINDRICAL_SURFACE('',#5470,0.0015);
#4773=CYLINDRICAL_SURFACE('',#5471,0.0015);
#4774=CYLINDRICAL_SURFACE('',#5472,0.0015);
#4775=CYLINDRICAL_SURFACE('',#5474,0.0015);
#4776=CYLINDRICAL_SURFACE('',#5477,0.0235);
#4777=CYLINDRICAL_SURFACE('',#5482,0.0235);
#4778=CYLINDRICAL_SURFACE('',#5489,0.0015);
#4779=CYLINDRICAL_SURFACE('',#5490,0.0015);
#4780=CYLINDRICAL_SURFACE('',#5491,0.0015);
#4781=CYLINDRICAL_SURFACE('',#5492,0.0015);
#4782=CYLINDRICAL_SURFACE('',#5493,0.0015);
#4783=CYLINDRICAL_SURFACE('',#5494,0.0015);
#4784=CYLINDRICAL_SURFACE('',#5496,0.0015);
#4785=CYLINDRICAL_SURFACE('',#5497,0.0015);
#4786=CYLINDRICAL_SURFACE('',#5498,0.0015);
#4787=CYLINDRICAL_SURFACE('',#5500,0.0015);
#4788=CYLINDRICAL_SURFACE('',#5503,0.0235);
#4789=CYLINDRICAL_SURFACE('',#5508,0.0235);
#4790=CYLINDRICAL_SURFACE('',#5515,0.0015);
#4791=CYLINDRICAL_SURFACE('',#5516,0.0015);
#4792=CYLINDRICAL_SURFACE('',#5517,0.0015);
#4793=CYLINDRICAL_SURFACE('',#5518,0.0015);
#4794=CYLINDRICAL_SURFACE('',#5519,0.0015);
#4795=CYLINDRICAL_SURFACE('',#5520,0.0015);
#4796=CYLINDRICAL_SURFACE('',#5522,0.0015);
#4797=CYLINDRICAL_SURFACE('',#5523,0.0015);
#4798=CYLINDRICAL_SURFACE('',#5524,0.0015);
#4799=CYLINDRICAL_SURFACE('',#5526,0.0015);
#4800=CYLINDRICAL_SURFACE('',#5529,0.0235);
#4801=CYLINDRICAL_SURFACE('',#5534,0.0235);
#4802=CYLINDRICAL_SURFACE('',#5541,0.0015);
#4803=CYLINDRICAL_SURFACE('',#5542,0.0015);
#4804=CYLINDRICAL_SURFACE('',#5543,0.0015);
#4805=CYLINDRICAL_SURFACE('',#5544,0.0015);
#4806=CYLINDRICAL_SURFACE('',#5545,0.0015);
#4807=CYLINDRICAL_SURFACE('',#5546,0.0015);
#4808=CYLINDRICAL_SURFACE('',#5548,0.0015);
#4809=CYLINDRICAL_SURFACE('',#5549,0.0015);
#4810=CYLINDRICAL_SURFACE('',#5550,0.0015);
#4811=CYLINDRICAL_SURFACE('',#5552,0.0015);
#4812=CYLINDRICAL_SURFACE('',#5555,0.0235);
#4813=CYLINDRICAL_SURFACE('',#5560,0.0235);
#4814=CYLINDRICAL_SURFACE('',#5567,0.0015);
#4815=CYLINDRICAL_SURFACE('',#5568,0.0015);
#4816=CYLINDRICAL_SURFACE('',#5569,0.0015);
#4817=CYLINDRICAL_SURFACE('',#5570,0.0015);
#4818=CYLINDRICAL_SURFACE('',#5571,0.0015);
#4819=CYLINDRICAL_SURFACE('',#5572,0.0015);
#4820=CYLINDRICAL_SURFACE('',#5574,0.0015);
#4821=CYLINDRICAL_SURFACE('',#5575,0.0015);
#4822=CYLINDRICAL_SURFACE('',#5576,0.0015);
#4823=CYLINDRICAL_SURFACE('',#5578,0.0015);
#4824=CYLINDRICAL_SURFACE('',#5581,0.0235);
#4825=CYLINDRICAL_SURFACE('',#5586,0.0235);
#4826=CYLINDRICAL_SURFACE('',#5593,0.0015);
#4827=CYLINDRICAL_SURFACE('',#5594,0.0015);
#4828=CYLINDRICAL_SURFACE('',#5595,0.0015);
#4829=CYLINDRICAL_SURFACE('',#5596,0.0015);
#4830=CYLINDRICAL_SURFACE('',#5597,0.0015);
#4831=CYLINDRICAL_SURFACE('',#5598,0.0015);
#4832=CYLINDRICAL_SURFACE('',#5600,0.0015);
#4833=CYLINDRICAL_SURFACE('',#5601,0.0015);
#4834=CYLINDRICAL_SURFACE('',#5602,0.0015);
#4835=CYLINDRICAL_SURFACE('',#5604,0.0015);
#4836=CYLINDRICAL_SURFACE('',#5605,0.008);
#4837=CYLINDRICAL_SURFACE('',#5608,0.008);
#4838=CYLINDRICAL_SURFACE('',#5623,0.0015);
#4839=CYLINDRICAL_SURFACE('',#5626,0.0015);
#4840=CYLINDRICAL_SURFACE('',#5629,0.0015);
#4841=CYLINDRICAL_SURFACE('',#5632,0.0015);
#4842=CYLINDRICAL_SURFACE('',#5635,0.0015);
#4843=CYLINDRICAL_SURFACE('',#5638,0.0015);
#4844=CYLINDRICAL_SURFACE('',#5641,0.003075);
#4845=CYLINDRICAL_SURFACE('',#5645,0.003075);
#4846=CYLINDRICAL_SURFACE('',#5649,0.003075);
#4847=CYLINDRICAL_SURFACE('',#5653,0.003075);
#4848=CYLINDRICAL_SURFACE('',#5657,0.003075);
#4849=ADVANCED_FACE('',(#4333,#4334),#4707,.F.);
#4850=ADVANCED_FACE('',(#4335),#881,.T.);
#4851=ADVANCED_FACE('',(#4336,#4337),#4708,.F.);
#4852=ADVANCED_FACE('',(#4338),#882,.T.);
#4853=ADVANCED_FACE('',(#4339,#4340),#4709,.F.);
#4854=ADVANCED_FACE('',(#4341),#883,.T.);
#4855=ADVANCED_FACE('',(#4342,#4343),#4710,.F.);
#4856=ADVANCED_FACE('',(#4344),#884,.T.);
#4857=ADVANCED_FACE('',(#4345,#4346),#4711,.F.);
#4858=ADVANCED_FACE('',(#4347),#885,.T.);
#4859=ADVANCED_FACE('',(#4348,#4349),#4712,.F.);
#4860=ADVANCED_FACE('',(#4350),#886,.T.);
#4861=ADVANCED_FACE('',(#4351,#4352),#4713,.F.);
#4862=ADVANCED_FACE('',(#4353),#887,.T.);
#4863=ADVANCED_FACE('',(#4354,#4355),#4714,.F.);
#4864=ADVANCED_FACE('',(#4356),#888,.T.);
#4865=ADVANCED_FACE('',(#4357,#4358),#4715,.F.);
#4866=ADVANCED_FACE('',(#4359),#889,.T.);
#4867=ADVANCED_FACE('',(#4360,#4361),#4716,.F.);
#4868=ADVANCED_FACE('',(#4362),#890,.T.);
#4869=ADVANCED_FACE('',(#4363,#4364),#4717,.F.);
#4870=ADVANCED_FACE('',(#4365),#891,.T.);
#4871=ADVANCED_FACE('',(#4366,#4367),#4718,.F.);
#4872=ADVANCED_FACE('',(#4368),#892,.T.);
#4873=ADVANCED_FACE('',(#4369,#4370,#4371,#4372,#4373,#4374,#4375,#4376,
#4377,#4378),#893,.T.);
#4874=ADVANCED_FACE('',(#4379),#894,.T.);
#4875=ADVANCED_FACE('',(#4380),#895,.F.);
#4876=ADVANCED_FACE('',(#4381),#896,.F.);
#4877=ADVANCED_FACE('',(#4382,#4383,#4384,#4385,#4386,#4387),#897,.T.);
#4878=ADVANCED_FACE('',(#4388),#898,.F.);
#4879=ADVANCED_FACE('',(#4389,#4390),#4719,.F.);
#4880=ADVANCED_FACE('',(#4391,#4392),#899,.T.);
#4881=ADVANCED_FACE('',(#4393,#4394),#4720,.F.);
#4882=ADVANCED_FACE('',(#4395,#4396,#4397),#900,.T.);
#4883=ADVANCED_FACE('',(#4398,#4399),#4721,.F.);
#4884=ADVANCED_FACE('',(#4400,#4401,#4402,#4403),#901,.T.);
#4885=ADVANCED_FACE('',(#4404,#4405),#4722,.F.);
#4886=ADVANCED_FACE('',(#4406,#4407,#4408,#4409),#902,.T.);
#4887=ADVANCED_FACE('',(#4410,#4411),#4723,.F.);
#4888=ADVANCED_FACE('',(#4412,#4413,#4414,#4415),#903,.T.);
#4889=ADVANCED_FACE('',(#4416,#4417),#4724,.F.);
#4890=ADVANCED_FACE('',(#4418,#4419,#4420),#904,.T.);
#4891=ADVANCED_FACE('',(#4421,#4422),#4725,.F.);
#4892=ADVANCED_FACE('',(#4423,#4424,#4425),#905,.T.);
#4893=ADVANCED_FACE('',(#4426,#4427),#4726,.F.);
#4894=ADVANCED_FACE('',(#4428,#4429),#906,.T.);
#4895=ADVANCED_FACE('',(#4430,#4431),#4727,.F.);
#4896=ADVANCED_FACE('',(#4432,#4433),#907,.T.);
#4897=ADVANCED_FACE('',(#4434),#908,.T.);
#4898=ADVANCED_FACE('',(#4435),#909,.F.);
#4899=ADVANCED_FACE('',(#4436),#4728,.T.);
#4900=ADVANCED_FACE('',(#4437),#910,.T.);
#4901=ADVANCED_FACE('',(#4438),#911,.F.);
#4902=ADVANCED_FACE('',(#4439),#4729,.T.);
#4903=ADVANCED_FACE('',(#4440),#912,.F.);
#4904=ADVANCED_FACE('',(#4441),#913,.T.);
#4905=ADVANCED_FACE('',(#4442),#66,.T.);
#4906=ADVANCED_FACE('',(#4443),#67,.T.);
#4907=ADVANCED_FACE('',(#4444),#4730,.T.);
#4908=ADVANCED_FACE('',(#4445),#30,.T.);
#4909=ADVANCED_FACE('',(#4446),#4731,.T.);
#4910=ADVANCED_FACE('',(#4447),#4732,.T.);
#4911=ADVANCED_FACE('',(#4448),#31,.T.);
#4912=ADVANCED_FACE('',(#4449),#4733,.T.);
#4913=ADVANCED_FACE('',(#4450),#4734,.T.);
#4914=ADVANCED_FACE('',(#4451),#32,.T.);
#4915=ADVANCED_FACE('',(#4452),#4735,.T.);
#4916=ADVANCED_FACE('',(#4453),#4736,.T.);
#4917=ADVANCED_FACE('',(#4454),#4737,.T.);
#4918=ADVANCED_FACE('',(#4455),#33,.T.);
#4919=ADVANCED_FACE('',(#4456),#4738,.T.);
#4920=ADVANCED_FACE('',(#4457),#4739,.T.);
#4921=ADVANCED_FACE('',(#4458),#914,.T.);
#4922=ADVANCED_FACE('',(#4459),#915,.F.);
#4923=ADVANCED_FACE('',(#4460),#4740,.T.);
#4924=ADVANCED_FACE('',(#4461),#916,.T.);
#4925=ADVANCED_FACE('',(#4462),#917,.F.);
#4926=ADVANCED_FACE('',(#4463),#4741,.T.);
#4927=ADVANCED_FACE('',(#4464),#918,.F.);
#4928=ADVANCED_FACE('',(#4465),#919,.T.);
#4929=ADVANCED_FACE('',(#4466),#68,.T.);
#4930=ADVANCED_FACE('',(#4467),#69,.T.);
#4931=ADVANCED_FACE('',(#4468),#4742,.T.);
#4932=ADVANCED_FACE('',(#4469),#34,.T.);
#4933=ADVANCED_FACE('',(#4470),#4743,.T.);
#4934=ADVANCED_FACE('',(#4471),#4744,.T.);
#4935=ADVANCED_FACE('',(#4472),#35,.T.);
#4936=ADVANCED_FACE('',(#4473),#4745,.T.);
#4937=ADVANCED_FACE('',(#4474),#4746,.T.);
#4938=ADVANCED_FACE('',(#4475),#36,.T.);
#4939=ADVANCED_FACE('',(#4476),#4747,.T.);
#4940=ADVANCED_FACE('',(#4477),#4748,.T.);
#4941=ADVANCED_FACE('',(#4478),#4749,.T.);
#4942=ADVANCED_FACE('',(#4479),#37,.T.);
#4943=ADVANCED_FACE('',(#4480),#4750,.T.);
#4944=ADVANCED_FACE('',(#4481),#4751,.T.);
#4945=ADVANCED_FACE('',(#4482),#920,.T.);
#4946=ADVANCED_FACE('',(#4483),#921,.F.);
#4947=ADVANCED_FACE('',(#4484),#4752,.T.);
#4948=ADVANCED_FACE('',(#4485),#922,.T.);
#4949=ADVANCED_FACE('',(#4486),#923,.F.);
#4950=ADVANCED_FACE('',(#4487),#4753,.T.);
#4951=ADVANCED_FACE('',(#4488),#924,.F.);
#4952=ADVANCED_FACE('',(#4489),#925,.T.);
#4953=ADVANCED_FACE('',(#4490),#70,.T.);
#4954=ADVANCED_FACE('',(#4491),#71,.T.);
#4955=ADVANCED_FACE('',(#4492),#4754,.T.);
#4956=ADVANCED_FACE('',(#4493),#38,.T.);
#4957=ADVANCED_FACE('',(#4494),#4755,.T.);
#4958=ADVANCED_FACE('',(#4495),#4756,.T.);
#4959=ADVANCED_FACE('',(#4496),#39,.T.);
#4960=ADVANCED_FACE('',(#4497),#4757,.T.);
#4961=ADVANCED_FACE('',(#4498),#4758,.T.);
#4962=ADVANCED_FACE('',(#4499),#40,.T.);
#4963=ADVANCED_FACE('',(#4500),#4759,.T.);
#4964=ADVANCED_FACE('',(#4501),#4760,.T.);
#4965=ADVANCED_FACE('',(#4502),#4761,.T.);
#4966=ADVANCED_FACE('',(#4503),#41,.T.);
#4967=ADVANCED_FACE('',(#4504),#4762,.T.);
#4968=ADVANCED_FACE('',(#4505),#4763,.T.);
#4969=ADVANCED_FACE('',(#4506),#926,.T.);
#4970=ADVANCED_FACE('',(#4507),#927,.F.);
#4971=ADVANCED_FACE('',(#4508),#4764,.T.);
#4972=ADVANCED_FACE('',(#4509),#928,.T.);
#4973=ADVANCED_FACE('',(#4510),#929,.F.);
#4974=ADVANCED_FACE('',(#4511),#4765,.T.);
#4975=ADVANCED_FACE('',(#4512),#930,.F.);
#4976=ADVANCED_FACE('',(#4513),#931,.T.);
#4977=ADVANCED_FACE('',(#4514),#72,.T.);
#4978=ADVANCED_FACE('',(#4515),#73,.T.);
#4979=ADVANCED_FACE('',(#4516),#4766,.T.);
#4980=ADVANCED_FACE('',(#4517),#42,.T.);
#4981=ADVANCED_FACE('',(#4518),#4767,.T.);
#4982=ADVANCED_FACE('',(#4519),#4768,.T.);
#4983=ADVANCED_FACE('',(#4520),#43,.T.);
#4984=ADVANCED_FACE('',(#4521),#4769,.T.);
#4985=ADVANCED_FACE('',(#4522),#4770,.T.);
#4986=ADVANCED_FACE('',(#4523),#44,.T.);
#4987=ADVANCED_FACE('',(#4524),#4771,.T.);
#4988=ADVANCED_FACE('',(#4525),#4772,.T.);
#4989=ADVANCED_FACE('',(#4526),#4773,.T.);
#4990=ADVANCED_FACE('',(#4527),#45,.T.);
#4991=ADVANCED_FACE('',(#4528),#4774,.T.);
#4992=ADVANCED_FACE('',(#4529),#4775,.T.);
#4993=ADVANCED_FACE('',(#4530),#932,.T.);
#4994=ADVANCED_FACE('',(#4531),#933,.F.);
#4995=ADVANCED_FACE('',(#4532),#4776,.T.);
#4996=ADVANCED_FACE('',(#4533),#934,.T.);
#4997=ADVANCED_FACE('',(#4534),#935,.F.);
#4998=ADVANCED_FACE('',(#4535),#4777,.T.);
#4999=ADVANCED_FACE('',(#4536),#936,.F.);
#5000=ADVANCED_FACE('',(#4537),#937,.T.);
#5001=ADVANCED_FACE('',(#4538),#74,.T.);
#5002=ADVANCED_FACE('',(#4539),#75,.T.);
#5003=ADVANCED_FACE('',(#4540),#4778,.T.);
#5004=ADVANCED_FACE('',(#4541),#46,.T.);
#5005=ADVANCED_FACE('',(#4542),#4779,.T.);
#5006=ADVANCED_FACE('',(#4543),#4780,.T.);
#5007=ADVANCED_FACE('',(#4544),#47,.T.);
#5008=ADVANCED_FACE('',(#4545),#4781,.T.);
#5009=ADVANCED_FACE('',(#4546),#4782,.T.);
#5010=ADVANCED_FACE('',(#4547),#48,.T.);
#5011=ADVANCED_FACE('',(#4548),#4783,.T.);
#5012=ADVANCED_FACE('',(#4549),#4784,.T.);
#5013=ADVANCED_FACE('',(#4550),#4785,.T.);
#5014=ADVANCED_FACE('',(#4551),#49,.T.);
#5015=ADVANCED_FACE('',(#4552),#4786,.T.);
#5016=ADVANCED_FACE('',(#4553),#4787,.T.);
#5017=ADVANCED_FACE('',(#4554),#938,.T.);
#5018=ADVANCED_FACE('',(#4555),#939,.F.);
#5019=ADVANCED_FACE('',(#4556),#4788,.T.);
#5020=ADVANCED_FACE('',(#4557),#940,.T.);
#5021=ADVANCED_FACE('',(#4558),#941,.F.);
#5022=ADVANCED_FACE('',(#4559),#4789,.T.);
#5023=ADVANCED_FACE('',(#4560),#942,.F.);
#5024=ADVANCED_FACE('',(#4561),#943,.T.);
#5025=ADVANCED_FACE('',(#4562),#76,.T.);
#5026=ADVANCED_FACE('',(#4563),#77,.T.);
#5027=ADVANCED_FACE('',(#4564),#4790,.T.);
#5028=ADVANCED_FACE('',(#4565),#50,.T.);
#5029=ADVANCED_FACE('',(#4566),#4791,.T.);
#5030=ADVANCED_FACE('',(#4567),#4792,.T.);
#5031=ADVANCED_FACE('',(#4568),#51,.T.);
#5032=ADVANCED_FACE('',(#4569),#4793,.T.);
#5033=ADVANCED_FACE('',(#4570),#4794,.T.);
#5034=ADVANCED_FACE('',(#4571),#52,.T.);
#5035=ADVANCED_FACE('',(#4572),#4795,.T.);
#5036=ADVANCED_FACE('',(#4573),#4796,.T.);
#5037=ADVANCED_FACE('',(#4574),#4797,.T.);
#5038=ADVANCED_FACE('',(#4575),#53,.T.);
#5039=ADVANCED_FACE('',(#4576),#4798,.T.);
#5040=ADVANCED_FACE('',(#4577),#4799,.T.);
#5041=ADVANCED_FACE('',(#4578),#944,.T.);
#5042=ADVANCED_FACE('',(#4579),#945,.F.);
#5043=ADVANCED_FACE('',(#4580),#4800,.T.);
#5044=ADVANCED_FACE('',(#4581),#946,.T.);
#5045=ADVANCED_FACE('',(#4582),#947,.F.);
#5046=ADVANCED_FACE('',(#4583),#4801,.T.);
#5047=ADVANCED_FACE('',(#4584),#948,.F.);
#5048=ADVANCED_FACE('',(#4585),#949,.T.);
#5049=ADVANCED_FACE('',(#4586),#78,.T.);
#5050=ADVANCED_FACE('',(#4587),#79,.T.);
#5051=ADVANCED_FACE('',(#4588),#4802,.T.);
#5052=ADVANCED_FACE('',(#4589),#54,.T.);
#5053=ADVANCED_FACE('',(#4590),#4803,.T.);
#5054=ADVANCED_FACE('',(#4591),#4804,.T.);
#5055=ADVANCED_FACE('',(#4592),#55,.T.);
#5056=ADVANCED_FACE('',(#4593),#4805,.T.);
#5057=ADVANCED_FACE('',(#4594),#4806,.T.);
#5058=ADVANCED_FACE('',(#4595),#56,.T.);
#5059=ADVANCED_FACE('',(#4596),#4807,.T.);
#5060=ADVANCED_FACE('',(#4597),#4808,.T.);
#5061=ADVANCED_FACE('',(#4598),#4809,.T.);
#5062=ADVANCED_FACE('',(#4599),#57,.T.);
#5063=ADVANCED_FACE('',(#4600),#4810,.T.);
#5064=ADVANCED_FACE('',(#4601),#4811,.T.);
#5065=ADVANCED_FACE('',(#4602),#950,.T.);
#5066=ADVANCED_FACE('',(#4603),#951,.F.);
#5067=ADVANCED_FACE('',(#4604),#4812,.T.);
#5068=ADVANCED_FACE('',(#4605),#952,.T.);
#5069=ADVANCED_FACE('',(#4606),#953,.F.);
#5070=ADVANCED_FACE('',(#4607),#4813,.T.);
#5071=ADVANCED_FACE('',(#4608),#954,.F.);
#5072=ADVANCED_FACE('',(#4609),#955,.T.);
#5073=ADVANCED_FACE('',(#4610),#80,.T.);
#5074=ADVANCED_FACE('',(#4611),#81,.T.);
#5075=ADVANCED_FACE('',(#4612),#4814,.T.);
#5076=ADVANCED_FACE('',(#4613),#58,.T.);
#5077=ADVANCED_FACE('',(#4614),#4815,.T.);
#5078=ADVANCED_FACE('',(#4615),#4816,.T.);
#5079=ADVANCED_FACE('',(#4616),#59,.T.);
#5080=ADVANCED_FACE('',(#4617),#4817,.T.);
#5081=ADVANCED_FACE('',(#4618),#4818,.T.);
#5082=ADVANCED_FACE('',(#4619),#60,.T.);
#5083=ADVANCED_FACE('',(#4620),#4819,.T.);
#5084=ADVANCED_FACE('',(#4621),#4820,.T.);
#5085=ADVANCED_FACE('',(#4622),#4821,.T.);
#5086=ADVANCED_FACE('',(#4623),#61,.T.);
#5087=ADVANCED_FACE('',(#4624),#4822,.T.);
#5088=ADVANCED_FACE('',(#4625),#4823,.T.);
#5089=ADVANCED_FACE('',(#4626),#956,.T.);
#5090=ADVANCED_FACE('',(#4627),#957,.F.);
#5091=ADVANCED_FACE('',(#4628),#4824,.T.);
#5092=ADVANCED_FACE('',(#4629),#958,.T.);
#5093=ADVANCED_FACE('',(#4630),#959,.F.);
#5094=ADVANCED_FACE('',(#4631),#4825,.T.);
#5095=ADVANCED_FACE('',(#4632),#960,.F.);
#5096=ADVANCED_FACE('',(#4633),#961,.T.);
#5097=ADVANCED_FACE('',(#4634),#82,.T.);
#5098=ADVANCED_FACE('',(#4635),#83,.T.);
#5099=ADVANCED_FACE('',(#4636),#4826,.T.);
#5100=ADVANCED_FACE('',(#4637),#62,.T.);
#5101=ADVANCED_FACE('',(#4638),#4827,.T.);
#5102=ADVANCED_FACE('',(#4639),#4828,.T.);
#5103=ADVANCED_FACE('',(#4640),#63,.T.);
#5104=ADVANCED_FACE('',(#4641),#4829,.T.);
#5105=ADVANCED_FACE('',(#4642),#4830,.T.);
#5106=ADVANCED_FACE('',(#4643),#64,.T.);
#5107=ADVANCED_FACE('',(#4644),#4831,.T.);
#5108=ADVANCED_FACE('',(#4645),#4832,.T.);
#5109=ADVANCED_FACE('',(#4646),#4833,.T.);
#5110=ADVANCED_FACE('',(#4647),#65,.T.);
#5111=ADVANCED_FACE('',(#4648),#4834,.T.);
#5112=ADVANCED_FACE('',(#4649),#4835,.T.);
#5113=ADVANCED_FACE('',(#4650),#4836,.T.);
#5114=ADVANCED_FACE('',(#4651),#4837,.T.);
#5115=ADVANCED_FACE('',(#4652),#84,.T.);
#5116=ADVANCED_FACE('',(#4653),#962,.F.);
#5117=ADVANCED_FACE('',(#4654),#963,.T.);
#5118=ADVANCED_FACE('',(#4655),#85,.T.);
#5119=ADVANCED_FACE('',(#4656),#964,.T.);
#5120=ADVANCED_FACE('',(#4657),#965,.F.);
#5121=ADVANCED_FACE('',(#4658),#86,.T.);
#5122=ADVANCED_FACE('',(#4659),#966,.T.);
#5123=ADVANCED_FACE('',(#4660),#967,.F.);
#5124=ADVANCED_FACE('',(#4661),#87,.T.);
#5125=ADVANCED_FACE('',(#4662),#968,.F.);
#5126=ADVANCED_FACE('',(#4663),#969,.T.);
#5127=ADVANCED_FACE('',(#4664,#4665),#4838,.F.);
#5128=ADVANCED_FACE('',(#4666),#970,.T.);
#5129=ADVANCED_FACE('',(#4667,#4668),#4839,.F.);
#5130=ADVANCED_FACE('',(#4669),#971,.T.);
#5131=ADVANCED_FACE('',(#4670,#4671),#4840,.F.);
#5132=ADVANCED_FACE('',(#4672),#972,.T.);
#5133=ADVANCED_FACE('',(#4673,#4674),#4841,.F.);
#5134=ADVANCED_FACE('',(#4675),#973,.T.);
#5135=ADVANCED_FACE('',(#4676,#4677),#4842,.F.);
#5136=ADVANCED_FACE('',(#4678),#974,.T.);
#5137=ADVANCED_FACE('',(#4679,#4680),#4843,.F.);
#5138=ADVANCED_FACE('',(#4681),#975,.T.);
#5139=ADVANCED_FACE('',(#4682,#4683),#4844,.F.);
#5140=ADVANCED_FACE('',(#4684),#976,.T.);
#5141=ADVANCED_FACE('',(#4685,#4686),#4845,.F.);
#5142=ADVANCED_FACE('',(#4687),#977,.T.);
#5143=ADVANCED_FACE('',(#4688,#4689),#4846,.F.);
#5144=ADVANCED_FACE('',(#4690),#978,.T.);
#5145=ADVANCED_FACE('',(#4691,#4692),#4847,.F.);
#5146=ADVANCED_FACE('',(#4693),#979,.T.);
#5147=ADVANCED_FACE('',(#4694,#4695),#4848,.F.);
#5148=ADVANCED_FACE('',(#4696),#980,.T.);
#5149=ADVANCED_FACE('',(#4697,#4698),#88,.F.);
#5150=ADVANCED_FACE('',(#4699,#4700),#89,.F.);
#5151=ADVANCED_FACE('',(#4701,#4702),#90,.F.);
#5152=ADVANCED_FACE('',(#4703,#4704),#91,.F.);
#5153=ADVANCED_FACE('',(#4705,#4706),#92,.F.);
#5154=CLOSED_SHELL('',(#4849,#4850,#4851,#4852,#4853,#4854,#4855,#4856,
#4857,#4858,#4859,#4860,#4861,#4862,#4863,#4864,#4865,#4866,#4867,#4868,
#4869,#4870,#4871,#4872,#4873,#4874,#4875,#4876,#4877,#4878,#4879,#4880,
#4881,#4882,#4883,#4884,#4885,#4886,#4887,#4888,#4889,#4890,#4891,#4892,
#4893,#4894,#4895,#4896,#4897,#4898,#4899,#4900,#4901,#4902,#4903,#4904,
#4905,#4906,#4907,#4908,#4909,#4910,#4911,#4912,#4913,#4914,#4915,#4916,
#4917,#4918,#4919,#4920,#4921,#4922,#4923,#4924,#4925,#4926,#4927,#4928,
#4929,#4930,#4931,#4932,#4933,#4934,#4935,#4936,#4937,#4938,#4939,#4940,
#4941,#4942,#4943,#4944,#4945,#4946,#4947,#4948,#4949,#4950,#4951,#4952,
#4953,#4954,#4955,#4956,#4957,#4958,#4959,#4960,#4961,#4962,#4963,#4964,
#4965,#4966,#4967,#4968,#4969,#4970,#4971,#4972,#4973,#4974,#4975,#4976,
#4977,#4978,#4979,#4980,#4981,#4982,#4983,#4984,#4985,#4986,#4987,#4988,
#4989,#4990,#4991,#4992,#4993,#4994,#4995,#4996,#4997,#4998,#4999,#5000,
#5001,#5002,#5003,#5004,#5005,#5006,#5007,#5008,#5009,#5010,#5011,#5012,
#5013,#5014,#5015,#5016,#5017,#5018,#5019,#5020,#5021,#5022,#5023,#5024,
#5025,#5026,#5027,#5028,#5029,#5030,#5031,#5032,#5033,#5034,#5035,#5036,
#5037,#5038,#5039,#5040,#5041,#5042,#5043,#5044,#5045,#5046,#5047,#5048,
#5049,#5050,#5051,#5052,#5053,#5054,#5055,#5056,#5057,#5058,#5059,#5060,
#5061,#5062,#5063,#5064,#5065,#5066,#5067,#5068,#5069,#5070,#5071,#5072,
#5073,#5074,#5075,#5076,#5077,#5078,#5079,#5080,#5081,#5082,#5083,#5084,
#5085,#5086,#5087,#5088,#5089,#5090,#5091,#5092,#5093,#5094,#5095,#5096,
#5097,#5098,#5099,#5100,#5101,#5102,#5103,#5104,#5105,#5106,#5107,#5108,
#5109,#5110,#5111,#5112,#5113,#5114,#5115,#5116,#5117,#5118,#5119,#5120,
#5121,#5122,#5123,#5124,#5125,#5126,#5127,#5128,#5129,#5130,#5131,#5132,
#5133,#5134,#5135,#5136,#5137,#5138,#5139,#5140,#5141,#5142,#5143,#5144,
#5145,#5146,#5147,#5148,#5149,#5150,#5151,#5152,#5153));
#5155=STYLED_ITEM('',(#5156),#5163);
#5156=PRESENTATION_STYLE_ASSIGNMENT((#5157));
#5157=SURFACE_STYLE_USAGE(.BOTH.,#5158);
#5158=SURFACE_SIDE_STYLE('',(#5159));
#5159=SURFACE_STYLE_FILL_AREA(#5160);
#5160=FILL_AREA_STYLE('',(#5161));
#5161=FILL_AREA_STYLE_COLOUR('',#5162);
#5162=COLOUR_RGB('',0.901960784313726,0.901960784313726,0.901960784313726);
#5163=MANIFOLD_SOLID_BREP('Cake Base Tray',#5154);
#5164=SHAPE_DEFINITION_REPRESENTATION(#9754,#5165);
#5165=SHAPE_REPRESENTATION('Cake Base Tray',(#5166),#9749);
#5166=AXIS2_PLACEMENT_3D('',#6934,#5666,#5667);
#5167=AXIS2_PLACEMENT_3D('',#6935,#5668,#5669);
#5168=AXIS2_PLACEMENT_3D('',#6936,#5670,#5671);
#5169=AXIS2_PLACEMENT_3D('',#6938,#5672,#5673);
#5170=AXIS2_PLACEMENT_3D('',#6940,#5674,#5675);
#5171=AXIS2_PLACEMENT_3D('',#6941,#5676,#5677);
#5172=AXIS2_PLACEMENT_3D('',#6942,#5678,#5679);
#5173=AXIS2_PLACEMENT_3D('',#6944,#5680,#5681);
#5174=AXIS2_PLACEMENT_3D('',#6946,#5682,#5683);
#5175=AXIS2_PLACEMENT_3D('',#6947,#5684,#5685);
#5176=AXIS2_PLACEMENT_3D('',#6948,#5686,#5687);
#5177=AXIS2_PLACEMENT_3D('',#6950,#5688,#5689);
#5178=AXIS2_PLACEMENT_3D('',#6952,#5690,#5691);
#5179=AXIS2_PLACEMENT_3D('',#6953,#5692,#5693);
#5180=AXIS2_PLACEMENT_3D('',#6954,#5694,#5695);
#5181=AXIS2_PLACEMENT_3D('',#6956,#5696,#5697);
#5182=AXIS2_PLACEMENT_3D('',#6958,#5698,#5699);
#5183=AXIS2_PLACEMENT_3D('',#6959,#5700,#5701);
#5184=AXIS2_PLACEMENT_3D('',#6960,#5702,#5703);
#5185=AXIS2_PLACEMENT_3D('',#6962,#5704,#5705);
#5186=AXIS2_PLACEMENT_3D('',#6964,#5706,#5707);
#5187=AXIS2_PLACEMENT_3D('',#6965,#5708,#5709);
#5188=AXIS2_PLACEMENT_3D('',#6966,#5710,#5711);
#5189=AXIS2_PLACEMENT_3D('',#6968,#5712,#5713);
#5190=AXIS2_PLACEMENT_3D('',#6970,#5714,#5715);
#5191=AXIS2_PLACEMENT_3D('',#6971,#5716,#5717);
#5192=AXIS2_PLACEMENT_3D('',#6972,#5718,#5719);
#5193=AXIS2_PLACEMENT_3D('',#6974,#5720,#5721);
#5194=AXIS2_PLACEMENT_3D('',#6976,#5722,#5723);
#5195=AXIS2_PLACEMENT_3D('',#6977,#5724,#5725);
#5196=AXIS2_PLACEMENT_3D('',#6978,#5726,#5727);
#5197=AXIS2_PLACEMENT_3D('',#6980,#5728,#5729);
#5198=AXIS2_PLACEMENT_3D('',#6982,#5730,#5731);
#5199=AXIS2_PLACEMENT_3D('',#6983,#5732,#5733);
#5200=AXIS2_PLACEMENT_3D('',#6984,#5734,#5735);
#5201=AXIS2_PLACEMENT_3D('',#6986,#5736,#5737);
#5202=AXIS2_PLACEMENT_3D('',#6988,#5738,#5739);
#5203=AXIS2_PLACEMENT_3D('',#6989,#5740,#5741);
#5204=AXIS2_PLACEMENT_3D('',#6990,#5742,#5743);
#5205=AXIS2_PLACEMENT_3D('',#6992,#5744,#5745);
#5206=AXIS2_PLACEMENT_3D('',#6994,#5746,#5747);
#5207=AXIS2_PLACEMENT_3D('',#6995,#5748,#5749);
#5208=AXIS2_PLACEMENT_3D('',#6996,#5750,#5751);
#5209=AXIS2_PLACEMENT_3D('',#6998,#5752,#5753);
#5210=AXIS2_PLACEMENT_3D('',#7000,#5754,#5755);
#5211=AXIS2_PLACEMENT_3D('',#7001,#5756,#5757);
#5212=AXIS2_PLACEMENT_3D('',#7002,#5758,#5759);
#5213=AXIS2_PLACEMENT_3D('',#7004,#5760,#5761);
#5214=AXIS2_PLACEMENT_3D('',#7006,#5762,#5763);
#5215=AXIS2_PLACEMENT_3D('',#7007,#5764,#5765);
#5216=AXIS2_PLACEMENT_3D('',#7008,#5766,#5767);
#5217=AXIS2_PLACEMENT_3D('',#7017,#5771,#5772);
#5218=AXIS2_PLACEMENT_3D('',#7023,#5775,#5776);
#5219=AXIS2_PLACEMENT_3D('',#7025,#5777,#5778);
#5220=AXIS2_PLACEMENT_3D('',#7027,#5779,#5780);
#5221=AXIS2_PLACEMENT_3D('',#7031,#5782,#5783);
#5222=AXIS2_PLACEMENT_3D('',#7033,#5784,#5785);
#5223=AXIS2_PLACEMENT_3D('',#7037,#5787,#5788);
#5224=AXIS2_PLACEMENT_3D('',#7039,#5789,#5790);
#5225=AXIS2_PLACEMENT_3D('',#7041,#5791,#5792);
#5226=AXIS2_PLACEMENT_3D('',#7045,#5794,#5795);
#5227=AXIS2_PLACEMENT_3D('',#7047,#5796,#5797);
#5228=AXIS2_PLACEMENT_3D('',#7051,#5799,#5800);
#5229=AXIS2_PLACEMENT_3D('',#7053,#5801,#5802);
#5230=AXIS2_PLACEMENT_3D('',#7055,#5803,#5804);
#5231=AXIS2_PLACEMENT_3D('',#7059,#5806,#5807);
#5232=AXIS2_PLACEMENT_3D('',#7061,#5808,#5809);
#5233=AXIS2_PLACEMENT_3D('',#7065,#5811,#5812);
#5234=AXIS2_PLACEMENT_3D('',#7067,#5813,#5814);
#5235=AXIS2_PLACEMENT_3D('',#7069,#5815,#5816);
#5236=AXIS2_PLACEMENT_3D('',#7073,#5818,#5819);
#5237=AXIS2_PLACEMENT_3D('',#7075,#5820,#5821);
#5238=AXIS2_PLACEMENT_3D('',#7079,#5823,#5824);
#5239=AXIS2_PLACEMENT_3D('',#7081,#5825,#5826);
#5240=AXIS2_PLACEMENT_3D('',#7083,#5827,#5828);
#5241=AXIS2_PLACEMENT_3D('',#7087,#5830,#5831);
#5242=AXIS2_PLACEMENT_3D('',#7089,#5832,#5833);
#5243=AXIS2_PLACEMENT_3D('',#7093,#5835,#5836);
#5244=AXIS2_PLACEMENT_3D('',#7095,#5837,#5838);
#5245=AXIS2_PLACEMENT_3D('',#7097,#5839,#5840);
#5246=AXIS2_PLACEMENT_3D('',#7101,#5842,#5843);
#5247=AXIS2_PLACEMENT_3D('',#7103,#5844,#5845);
#5248=AXIS2_PLACEMENT_3D('',#7107,#5847,#5848);
#5249=AXIS2_PLACEMENT_3D('',#7109,#5849,#5850);
#5250=AXIS2_PLACEMENT_3D('',#7111,#5851,#5852);
#5251=AXIS2_PLACEMENT_3D('',#7115,#5854,#5855);
#5252=AXIS2_PLACEMENT_3D('',#7117,#5856,#5857);
#5253=AXIS2_PLACEMENT_3D('',#7121,#5859,#5860);
#5254=AXIS2_PLACEMENT_3D('',#7123,#5861,#5862);
#5255=AXIS2_PLACEMENT_3D('',#7125,#5863,#5864);
#5256=AXIS2_PLACEMENT_3D('',#7129,#5866,#5867);
#5257=AXIS2_PLACEMENT_3D('',#7131,#5868,#5869);
#5258=AXIS2_PLACEMENT_3D('',#7135,#5871,#5872);
#5259=AXIS2_PLACEMENT_3D('',#7137,#5873,#5874);
#5260=AXIS2_PLACEMENT_3D('',#7139,#5875,#5876);
#5261=AXIS2_PLACEMENT_3D('',#7143,#5878,#5879);
#5262=AXIS2_PLACEMENT_3D('',#7145,#5880,#5881);
#5263=AXIS2_PLACEMENT_3D('',#7149,#5883,#5884);
#5264=AXIS2_PLACEMENT_3D('',#7151,#5885,#5886);
#5265=AXIS2_PLACEMENT_3D('',#7153,#5887,#5888);
#5266=AXIS2_PLACEMENT_3D('',#7157,#5890,#5891);
#5267=AXIS2_PLACEMENT_3D('',#7159,#5892,#5893);
#5268=AXIS2_PLACEMENT_3D('',#7163,#5895,#5896);
#5269=AXIS2_PLACEMENT_3D('',#7165,#5897,#5898);
#5270=AXIS2_PLACEMENT_3D('',#7167,#5899,#5900);
#5271=AXIS2_PLACEMENT_3D('',#7171,#5902,#5903);
#5272=AXIS2_PLACEMENT_3D('',#7173,#5904,#5905);
#5273=AXIS2_PLACEMENT_3D('',#7177,#5907,#5908);
#5274=AXIS2_PLACEMENT_3D('',#7179,#5909,#5910);
#5275=AXIS2_PLACEMENT_3D('',#7181,#5911,#5912);
#5276=AXIS2_PLACEMENT_3D('',#7185,#5914,#5915);
#5277=AXIS2_PLACEMENT_3D('',#7187,#5916,#5917);
#5278=AXIS2_PLACEMENT_3D('',#7191,#5919,#5920);
#5279=AXIS2_PLACEMENT_3D('',#7193,#5921,#5922);
#5280=AXIS2_PLACEMENT_3D('',#7195,#5923,#5924);
#5281=AXIS2_PLACEMENT_3D('',#7199,#5926,#5927);
#5282=AXIS2_PLACEMENT_3D('',#7201,#5928,#5929);
#5283=AXIS2_PLACEMENT_3D('',#7205,#5931,#5932);
#5284=AXIS2_PLACEMENT_3D('',#7207,#5933,#5934);
#5285=AXIS2_PLACEMENT_3D('',#7209,#5935,#5936);
#5286=AXIS2_PLACEMENT_3D('',#7213,#5938,#5939);
#5287=AXIS2_PLACEMENT_3D('',#7215,#5940,#5941);
#5288=AXIS2_PLACEMENT_3D('',#7219,#5943,#5944);
#5289=AXIS2_PLACEMENT_3D('',#7221,#5945,#5946);
#5290=AXIS2_PLACEMENT_3D('',#7223,#5947,#5948);
#5291=AXIS2_PLACEMENT_3D('',#7227,#5950,#5951);
#5292=AXIS2_PLACEMENT_3D('',#7229,#5952,#5953);
#5293=AXIS2_PLACEMENT_3D('',#7233,#5955,#5956);
#5294=AXIS2_PLACEMENT_3D('',#7235,#5957,#5958);
#5295=AXIS2_PLACEMENT_3D('',#7237,#5959,#5960);
#5296=AXIS2_PLACEMENT_3D('',#7241,#5962,#5963);
#5297=AXIS2_PLACEMENT_3D('',#7243,#5964,#5965);
#5298=AXIS2_PLACEMENT_3D('',#7247,#5967,#5968);
#5299=AXIS2_PLACEMENT_3D('',#7249,#5969,#5970);
#5300=AXIS2_PLACEMENT_3D('',#7251,#5971,#5972);
#5301=AXIS2_PLACEMENT_3D('',#7255,#5974,#5975);
#5302=AXIS2_PLACEMENT_3D('',#7257,#5976,#5977);
#5303=AXIS2_PLACEMENT_3D('',#7261,#5979,#5980);
#5304=AXIS2_PLACEMENT_3D('',#7263,#5981,#5982);
#5305=AXIS2_PLACEMENT_3D('',#7265,#5983,#5984);
#5306=AXIS2_PLACEMENT_3D('',#7269,#5986,#5987);
#5307=AXIS2_PLACEMENT_3D('',#7271,#5988,#5989);
#5308=AXIS2_PLACEMENT_3D('',#7272,#5990,#5991);
#5309=AXIS2_PLACEMENT_3D('',#7281,#5996,#5997);
#5310=AXIS2_PLACEMENT_3D('',#7290,#6002,#6003);
#5311=AXIS2_PLACEMENT_3D('',#7299,#6008,#6009);
#5312=AXIS2_PLACEMENT_3D('',#7300,#6010,#6011);
#5313=AXIS2_PLACEMENT_3D('',#7302,#6012,#6013);
#5314=AXIS2_PLACEMENT_3D('',#7304,#6014,#6015);
#5315=AXIS2_PLACEMENT_3D('',#7306,#6016,#6017);
#5316=AXIS2_PLACEMENT_3D('',#7308,#6018,#6019);
#5317=AXIS2_PLACEMENT_3D('',#7312,#6022,#6023);
#5318=AXIS2_PLACEMENT_3D('',#7318,#6026,#6027);
#5319=AXIS2_PLACEMENT_3D('',#7322,#6029,#6030);
#5320=AXIS2_PLACEMENT_3D('',#7325,#6032,#6033);
#5321=AXIS2_PLACEMENT_3D('',#7326,#6034,#6035);
#5322=AXIS2_PLACEMENT_3D('',#7328,#6036,#6037);
#5323=AXIS2_PLACEMENT_3D('',#7345,#6040,#6041);
#5324=AXIS2_PLACEMENT_3D('',#7360,#6044,#6045);
#5325=AXIS2_PLACEMENT_3D('',#7361,#6046,#6047);
#5326=AXIS2_PLACEMENT_3D('',#7362,#6048,#6049);
#5327=AXIS2_PLACEMENT_3D('',#7364,#6050,#6051);
#5328=AXIS2_PLACEMENT_3D('',#7381,#6054,#6055);
#5329=AXIS2_PLACEMENT_3D('',#7396,#6058,#6059);
#5330=AXIS2_PLACEMENT_3D('',#7397,#6060,#6061);
#5331=AXIS2_PLACEMENT_3D('',#7399,#6062,#6063);
#5332=AXIS2_PLACEMENT_3D('',#7401,#6064,#6065);
#5333=AXIS2_PLACEMENT_3D('',#7402,#6066,#6067);
#5334=AXIS2_PLACEMENT_3D('',#7404,#6068,#6069);
#5335=AXIS2_PLACEMENT_3D('',#7421,#6072,#6073);
#5336=AXIS2_PLACEMENT_3D('',#7436,#6076,#6077);
#5337=AXIS2_PLACEMENT_3D('',#7437,#6078,#6079);
#5338=AXIS2_PLACEMENT_3D('',#7438,#6080,#6081);
#5339=AXIS2_PLACEMENT_3D('',#7440,#6082,#6083);
#5340=AXIS2_PLACEMENT_3D('',#7457,#6086,#6087);
#5341=AXIS2_PLACEMENT_3D('',#7472,#6090,#6091);
#5342=AXIS2_PLACEMENT_3D('',#7473,#6092,#6093);
#5343=AXIS2_PLACEMENT_3D('',#7474,#6094,#6095);
#5344=AXIS2_PLACEMENT_3D('',#7476,#6096,#6097);
#5345=AXIS2_PLACEMENT_3D('',#7493,#6100,#6101);
#5346=AXIS2_PLACEMENT_3D('',#7508,#6104,#6105);
#5347=AXIS2_PLACEMENT_3D('',#7509,#6106,#6107);
#5348=AXIS2_PLACEMENT_3D('',#7511,#6108,#6109);
#5349=AXIS2_PLACEMENT_3D('',#7513,#6110,#6111);
#5350=AXIS2_PLACEMENT_3D('',#7515,#6112,#6113);
#5351=AXIS2_PLACEMENT_3D('',#7516,#6114,#6115);
#5352=AXIS2_PLACEMENT_3D('',#7518,#6116,#6117);
#5353=AXIS2_PLACEMENT_3D('',#7535,#6120,#6121);
#5354=AXIS2_PLACEMENT_3D('',#7550,#6124,#6125);
#5355=AXIS2_PLACEMENT_3D('',#7551,#6126,#6127);
#5356=AXIS2_PLACEMENT_3D('',#7552,#6128,#6129);
#5357=AXIS2_PLACEMENT_3D('',#7554,#6130,#6131);
#5358=AXIS2_PLACEMENT_3D('',#7571,#6134,#6135);
#5359=AXIS2_PLACEMENT_3D('',#7586,#6138,#6139);
#5360=AXIS2_PLACEMENT_3D('',#7587,#6140,#6141);
#5361=AXIS2_PLACEMENT_3D('',#7588,#6142,#6143);
#5362=AXIS2_PLACEMENT_3D('',#7590,#6144,#6145);
#5363=AXIS2_PLACEMENT_3D('',#7607,#6148,#6149);
#5364=AXIS2_PLACEMENT_3D('',#7622,#6152,#6153);
#5365=AXIS2_PLACEMENT_3D('',#7623,#6154,#6155);
#5366=AXIS2_PLACEMENT_3D('',#7625,#6156,#6157);
#5367=AXIS2_PLACEMENT_3D('',#7626,#6158,#6159);
#5368=AXIS2_PLACEMENT_3D('',#7628,#6160,#6161);
#5369=AXIS2_PLACEMENT_3D('',#7645,#6164,#6165);
#5370=AXIS2_PLACEMENT_3D('',#7660,#6168,#6169);
#5371=AXIS2_PLACEMENT_3D('',#7661,#6170,#6171);
#5372=AXIS2_PLACEMENT_3D('',#7670,#6174,#6175);
#5373=AXIS2_PLACEMENT_3D('',#7679,#6178,#6179);
#5374=AXIS2_PLACEMENT_3D('',#7682,#6181,#6182);
#5375=AXIS2_PLACEMENT_3D('',#7685,#6184,#6185);
#5376=AXIS2_PLACEMENT_3D('',#7686,#6186,#6187);
#5377=AXIS2_PLACEMENT_3D('',#7701,#6190,#6191);
#5378=AXIS2_PLACEMENT_3D('',#7712,#6195,#6196);
#5379=AXIS2_PLACEMENT_3D('',#7715,#6198,#6199);
#5380=AXIS2_PLACEMENT_3D('',#7718,#6201,#6202);
#5381=AXIS2_PLACEMENT_3D('',#7729,#6206,#6207);
#5382=AXIS2_PLACEMENT_3D('',#7744,#6210,#6211);
#5383=AXIS2_PLACEMENT_3D('',#7745,#6212,#6213);
#5384=AXIS2_PLACEMENT_3D('',#7764,#6214,#6215);
#5385=AXIS2_PLACEMENT_3D('',#7783,#6216,#6217);
#5386=AXIS2_PLACEMENT_3D('',#7806,#6218,#6219);
#5387=AXIS2_PLACEMENT_3D('',#7807,#6220,#6221);
#5388=AXIS2_PLACEMENT_3D('',#7830,#6222,#6223);
#5389=AXIS2_PLACEMENT_3D('',#7831,#6224,#6225);
#5390=AXIS2_PLACEMENT_3D('',#7854,#6226,#6227);
#5391=AXIS2_PLACEMENT_3D('',#7855,#6228,#6229);
#5392=AXIS2_PLACEMENT_3D('',#7856,#6230,#6231);
#5393=AXIS2_PLACEMENT_3D('',#7857,#6232,#6233);
#5394=AXIS2_PLACEMENT_3D('',#7880,#6234,#6235);
#5395=AXIS2_PLACEMENT_3D('',#7881,#6236,#6237);
#5396=AXIS2_PLACEMENT_3D('',#7882,#6238,#6239);
#5397=AXIS2_PLACEMENT_3D('',#7883,#6240,#6241);
#5398=AXIS2_PLACEMENT_3D('',#7892,#6244,#6245);
#5399=AXIS2_PLACEMENT_3D('',#7901,#6248,#6249);
#5400=AXIS2_PLACEMENT_3D('',#7904,#6251,#6252);
#5401=AXIS2_PLACEMENT_3D('',#7907,#6254,#6255);
#5402=AXIS2_PLACEMENT_3D('',#7908,#6256,#6257);
#5403=AXIS2_PLACEMENT_3D('',#7923,#6260,#6261);
#5404=AXIS2_PLACEMENT_3D('',#7934,#6265,#6266);
#5405=AXIS2_PLACEMENT_3D('',#7937,#6268,#6269);
#5406=AXIS2_PLACEMENT_3D('',#7940,#6271,#6272);
#5407=AXIS2_PLACEMENT_3D('',#7951,#6276,#6277);
#5408=AXIS2_PLACEMENT_3D('',#7966,#6280,#6281);
#5409=AXIS2_PLACEMENT_3D('',#7967,#6282,#6283);
#5410=AXIS2_PLACEMENT_3D('',#7986,#6284,#6285);
#5411=AXIS2_PLACEMENT_3D('',#8005,#6286,#6287);
#5412=AXIS2_PLACEMENT_3D('',#8028,#6288,#6289);
#5413=AXIS2_PLACEMENT_3D('',#8029,#6290,#6291);
#5414=AXIS2_PLACEMENT_3D('',#8052,#6292,#6293);
#5415=AXIS2_PLACEMENT_3D('',#8053,#6294,#6295);
#5416=AXIS2_PLACEMENT_3D('',#8076,#6296,#6297);
#5417=AXIS2_PLACEMENT_3D('',#8077,#6298,#6299);
#5418=AXIS2_PLACEMENT_3D('',#8078,#6300,#6301);
#5419=AXIS2_PLACEMENT_3D('',#8079,#6302,#6303);
#5420=AXIS2_PLACEMENT_3D('',#8102,#6304,#6305);
#5421=AXIS2_PLACEMENT_3D('',#8103,#6306,#6307);
#5422=AXIS2_PLACEMENT_3D('',#8104,#6308,#6309);
#5423=AXIS2_PLACEMENT_3D('',#8105,#6310,#6311);
#5424=AXIS2_PLACEMENT_3D('',#8114,#6314,#6315);
#5425=AXIS2_PLACEMENT_3D('',#8123,#6318,#6319);
#5426=AXIS2_PLACEMENT_3D('',#8126,#6321,#6322);
#5427=AXIS2_PLACEMENT_3D('',#8129,#6324,#6325);
#5428=AXIS2_PLACEMENT_3D('',#8130,#6326,#6327);
#5429=AXIS2_PLACEMENT_3D('',#8145,#6330,#6331);
#5430=AXIS2_PLACEMENT_3D('',#8156,#6335,#6336);
#5431=AXIS2_PLACEMENT_3D('',#8159,#6338,#6339);
#5432=AXIS2_PLACEMENT_3D('',#8162,#6341,#6342);
#5433=AXIS2_PLACEMENT_3D('',#8173,#6346,#6347);
#5434=AXIS2_PLACEMENT_3D('',#8188,#6350,#6351);
#5435=AXIS2_PLACEMENT_3D('',#8189,#6352,#6353);
#5436=AXIS2_PLACEMENT_3D('',#8208,#6354,#6355);
#5437=AXIS2_PLACEMENT_3D('',#8227,#6356,#6357);
#5438=AXIS2_PLACEMENT_3D('',#8250,#6358,#6359);
#5439=AXIS2_PLACEMENT_3D('',#8251,#6360,#6361);
#5440=AXIS2_PLACEMENT_3D('',#8274,#6362,#6363);
#5441=AXIS2_PLACEMENT_3D('',#8275,#6364,#6365);
#5442=AXIS2_PLACEMENT_3D('',#8298,#6366,#6367);
#5443=AXIS2_PLACEMENT_3D('',#8299,#6368,#6369);
#5444=AXIS2_PLACEMENT_3D('',#8300,#6370,#6371);
#5445=AXIS2_PLACEMENT_3D('',#8301,#6372,#6373);
#5446=AXIS2_PLACEMENT_3D('',#8324,#6374,#6375);
#5447=AXIS2_PLACEMENT_3D('',#8325,#6376,#6377);
#5448=AXIS2_PLACEMENT_3D('',#8326,#6378,#6379);
#5449=AXIS2_PLACEMENT_3D('',#8327,#6380,#6381);
#5450=AXIS2_PLACEMENT_3D('',#8336,#6384,#6385);
#5451=AXIS2_PLACEMENT_3D('',#8345,#6388,#6389);
#5452=AXIS2_PLACEMENT_3D('',#8348,#6391,#6392);
#5453=AXIS2_PLACEMENT_3D('',#8351,#6394,#6395);
#5454=AXIS2_PLACEMENT_3D('',#8352,#6396,#6397);
#5455=AXIS2_PLACEMENT_3D('',#8367,#6400,#6401);
#5456=AXIS2_PLACEMENT_3D('',#8378,#6405,#6406);
#5457=AXIS2_PLACEMENT_3D('',#8381,#6408,#6409);
#5458=AXIS2_PLACEMENT_3D('',#8384,#6411,#6412);
#5459=AXIS2_PLACEMENT_3D('',#8395,#6416,#6417);
#5460=AXIS2_PLACEMENT_3D('',#8410,#6420,#6421);
#5461=AXIS2_PLACEMENT_3D('',#8411,#6422,#6423);
#5462=AXIS2_PLACEMENT_3D('',#8430,#6424,#6425);
#5463=AXIS2_PLACEMENT_3D('',#8449,#6426,#6427);
#5464=AXIS2_PLACEMENT_3D('',#8472,#6428,#6429);
#5465=AXIS2_PLACEMENT_3D('',#8473,#6430,#6431);
#5466=AXIS2_PLACEMENT_3D('',#8496,#6432,#6433);
#5467=AXIS2_PLACEMENT_3D('',#8497,#6434,#6435);
#5468=AXIS2_PLACEMENT_3D('',#8520,#6436,#6437);
#5469=AXIS2_PLACEMENT_3D('',#8521,#6438,#6439);
#5470=AXIS2_PLACEMENT_3D('',#8522,#6440,#6441);
#5471=AXIS2_PLACEMENT_3D('',#8523,#6442,#6443);
#5472=AXIS2_PLACEMENT_3D('',#8546,#6444,#6445);
#5473=AXIS2_PLACEMENT_3D('',#8547,#6446,#6447);
#5474=AXIS2_PLACEMENT_3D('',#8548,#6448,#6449);
#5475=AXIS2_PLACEMENT_3D('',#8549,#6450,#6451);
#5476=AXIS2_PLACEMENT_3D('',#8558,#6454,#6455);
#5477=AXIS2_PLACEMENT_3D('',#8567,#6458,#6459);
#5478=AXIS2_PLACEMENT_3D('',#8570,#6461,#6462);
#5479=AXIS2_PLACEMENT_3D('',#8573,#6464,#6465);
#5480=AXIS2_PLACEMENT_3D('',#8574,#6466,#6467);
#5481=AXIS2_PLACEMENT_3D('',#8589,#6470,#6471);
#5482=AXIS2_PLACEMENT_3D('',#8600,#6475,#6476);
#5483=AXIS2_PLACEMENT_3D('',#8603,#6478,#6479);
#5484=AXIS2_PLACEMENT_3D('',#8606,#6481,#6482);
#5485=AXIS2_PLACEMENT_3D('',#8617,#6486,#6487);
#5486=AXIS2_PLACEMENT_3D('',#8632,#6490,#6491);
#5487=AXIS2_PLACEMENT_3D('',#8633,#6492,#6493);
#5488=AXIS2_PLACEMENT_3D('',#8652,#6494,#6495);
#5489=AXIS2_PLACEMENT_3D('',#8671,#6496,#6497);
#5490=AXIS2_PLACEMENT_3D('',#8694,#6498,#6499);
#5491=AXIS2_PLACEMENT_3D('',#8695,#6500,#6501);
#5492=AXIS2_PLACEMENT_3D('',#8718,#6502,#6503);
#5493=AXIS2_PLACEMENT_3D('',#8719,#6504,#6505);
#5494=AXIS2_PLACEMENT_3D('',#8742,#6506,#6507);
#5495=AXIS2_PLACEMENT_3D('',#8743,#6508,#6509);
#5496=AXIS2_PLACEMENT_3D('',#8744,#6510,#6511);
#5497=AXIS2_PLACEMENT_3D('',#8745,#6512,#6513);
#5498=AXIS2_PLACEMENT_3D('',#8768,#6514,#6515);
#5499=AXIS2_PLACEMENT_3D('',#8769,#6516,#6517);
#5500=AXIS2_PLACEMENT_3D('',#8770,#6518,#6519);
#5501=AXIS2_PLACEMENT_3D('',#8771,#6520,#6521);
#5502=AXIS2_PLACEMENT_3D('',#8780,#6524,#6525);
#5503=AXIS2_PLACEMENT_3D('',#8789,#6528,#6529);
#5504=AXIS2_PLACEMENT_3D('',#8792,#6531,#6532);
#5505=AXIS2_PLACEMENT_3D('',#8795,#6534,#6535);
#5506=AXIS2_PLACEMENT_3D('',#8796,#6536,#6537);
#5507=AXIS2_PLACEMENT_3D('',#8811,#6540,#6541);
#5508=AXIS2_PLACEMENT_3D('',#8822,#6545,#6546);
#5509=AXIS2_PLACEMENT_3D('',#8825,#6548,#6549);
#5510=AXIS2_PLACEMENT_3D('',#8828,#6551,#6552);
#5511=AXIS2_PLACEMENT_3D('',#8839,#6556,#6557);
#5512=AXIS2_PLACEMENT_3D('',#8854,#6560,#6561);
#5513=AXIS2_PLACEMENT_3D('',#8855,#6562,#6563);
#5514=AXIS2_PLACEMENT_3D('',#8874,#6564,#6565);
#5515=AXIS2_PLACEMENT_3D('',#8893,#6566,#6567);
#5516=AXIS2_PLACEMENT_3D('',#8916,#6568,#6569);
#5517=AXIS2_PLACEMENT_3D('',#8917,#6570,#6571);
#5518=AXIS2_PLACEMENT_3D('',#8940,#6572,#6573);
#5519=AXIS2_PLACEMENT_3D('',#8941,#6574,#6575);
#5520=AXIS2_PLACEMENT_3D('',#8964,#6576,#6577);
#5521=AXIS2_PLACEMENT_3D('',#8965,#6578,#6579);
#5522=AXIS2_PLACEMENT_3D('',#8966,#6580,#6581);
#5523=AXIS2_PLACEMENT_3D('',#8967,#6582,#6583);
#5524=AXIS2_PLACEMENT_3D('',#8990,#6584,#6585);
#5525=AXIS2_PLACEMENT_3D('',#8991,#6586,#6587);
#5526=AXIS2_PLACEMENT_3D('',#8992,#6588,#6589);
#5527=AXIS2_PLACEMENT_3D('',#8993,#6590,#6591);
#5528=AXIS2_PLACEMENT_3D('',#9002,#6594,#6595);
#5529=AXIS2_PLACEMENT_3D('',#9011,#6598,#6599);
#5530=AXIS2_PLACEMENT_3D('',#9014,#6601,#6602);
#5531=AXIS2_PLACEMENT_3D('',#9017,#6604,#6605);
#5532=AXIS2_PLACEMENT_3D('',#9018,#6606,#6607);
#5533=AXIS2_PLACEMENT_3D('',#9033,#6610,#6611);
#5534=AXIS2_PLACEMENT_3D('',#9044,#6615,#6616);
#5535=AXIS2_PLACEMENT_3D('',#9047,#6618,#6619);
#5536=AXIS2_PLACEMENT_3D('',#9050,#6621,#6622);
#5537=AXIS2_PLACEMENT_3D('',#9061,#6626,#6627);
#5538=AXIS2_PLACEMENT_3D('',#9076,#6630,#6631);
#5539=AXIS2_PLACEMENT_3D('',#9077,#6632,#6633);
#5540=AXIS2_PLACEMENT_3D('',#9096,#6634,#6635);
#5541=AXIS2_PLACEMENT_3D('',#9115,#6636,#6637);
#5542=AXIS2_PLACEMENT_3D('',#9138,#6638,#6639);
#5543=AXIS2_PLACEMENT_3D('',#9139,#6640,#6641);
#5544=AXIS2_PLACEMENT_3D('',#9162,#6642,#6643);
#5545=AXIS2_PLACEMENT_3D('',#9163,#6644,#6645);
#5546=AXIS2_PLACEMENT_3D('',#9186,#6646,#6647);
#5547=AXIS2_PLACEMENT_3D('',#9187,#6648,#6649);
#5548=AXIS2_PLACEMENT_3D('',#9188,#6650,#6651);
#5549=AXIS2_PLACEMENT_3D('',#9189,#6652,#6653);
#5550=AXIS2_PLACEMENT_3D('',#9212,#6654,#6655);
#5551=AXIS2_PLACEMENT_3D('',#9213,#6656,#6657);
#5552=AXIS2_PLACEMENT_3D('',#9214,#6658,#6659);
#5553=AXIS2_PLACEMENT_3D('',#9215,#6660,#6661);
#5554=AXIS2_PLACEMENT_3D('',#9224,#6664,#6665);
#5555=AXIS2_PLACEMENT_3D('',#9233,#6668,#6669);
#5556=AXIS2_PLACEMENT_3D('',#9236,#6671,#6672);
#5557=AXIS2_PLACEMENT_3D('',#9239,#6674,#6675);
#5558=AXIS2_PLACEMENT_3D('',#9240,#6676,#6677);
#5559=AXIS2_PLACEMENT_3D('',#9255,#6680,#6681);
#5560=AXIS2_PLACEMENT_3D('',#9266,#6685,#6686);
#5561=AXIS2_PLACEMENT_3D('',#9269,#6688,#6689);
#5562=AXIS2_PLACEMENT_3D('',#9272,#6691,#6692);
#5563=AXIS2_PLACEMENT_3D('',#9283,#6696,#6697);
#5564=AXIS2_PLACEMENT_3D('',#9298,#6700,#6701);
#5565=AXIS2_PLACEMENT_3D('',#9299,#6702,#6703);
#5566=AXIS2_PLACEMENT_3D('',#9318,#6704,#6705);
#5567=AXIS2_PLACEMENT_3D('',#9337,#6706,#6707);
#5568=AXIS2_PLACEMENT_3D('',#9360,#6708,#6709);
#5569=AXIS2_PLACEMENT_3D('',#9361,#6710,#6711);
#5570=AXIS2_PLACEMENT_3D('',#9384,#6712,#6713);
#5571=AXIS2_PLACEMENT_3D('',#9385,#6714,#6715);
#5572=AXIS2_PLACEMENT_3D('',#9408,#6716,#6717);
#5573=AXIS2_PLACEMENT_3D('',#9409,#6718,#6719);
#5574=AXIS2_PLACEMENT_3D('',#9410,#6720,#6721);
#5575=AXIS2_PLACEMENT_3D('',#9411,#6722,#6723);
#5576=AXIS2_PLACEMENT_3D('',#9434,#6724,#6725);
#5577=AXIS2_PLACEMENT_3D('',#9435,#6726,#6727);
#5578=AXIS2_PLACEMENT_3D('',#9436,#6728,#6729);
#5579=AXIS2_PLACEMENT_3D('',#9437,#6730,#6731);
#5580=AXIS2_PLACEMENT_3D('',#9446,#6734,#6735);
#5581=AXIS2_PLACEMENT_3D('',#9455,#6738,#6739);
#5582=AXIS2_PLACEMENT_3D('',#9458,#6741,#6742);
#5583=AXIS2_PLACEMENT_3D('',#9461,#6744,#6745);
#5584=AXIS2_PLACEMENT_3D('',#9462,#6746,#6747);
#5585=AXIS2_PLACEMENT_3D('',#9477,#6750,#6751);
#5586=AXIS2_PLACEMENT_3D('',#9488,#6755,#6756);
#5587=AXIS2_PLACEMENT_3D('',#9491,#6758,#6759);
#5588=AXIS2_PLACEMENT_3D('',#9494,#6761,#6762);
#5589=AXIS2_PLACEMENT_3D('',#9505,#6766,#6767);
#5590=AXIS2_PLACEMENT_3D('',#9520,#6770,#6771);
#5591=AXIS2_PLACEMENT_3D('',#9521,#6772,#6773);
#5592=AXIS2_PLACEMENT_3D('',#9540,#6774,#6775);
#5593=AXIS2_PLACEMENT_3D('',#9559,#6776,#6777);
#5594=AXIS2_PLACEMENT_3D('',#9582,#6778,#6779);
#5595=AXIS2_PLACEMENT_3D('',#9583,#6780,#6781);
#5596=AXIS2_PLACEMENT_3D('',#9606,#6782,#6783);
#5597=AXIS2_PLACEMENT_3D('',#9607,#6784,#6785);
#5598=AXIS2_PLACEMENT_3D('',#9630,#6786,#6787);
#5599=AXIS2_PLACEMENT_3D('',#9631,#6788,#6789);
#5600=AXIS2_PLACEMENT_3D('',#9632,#6790,#6791);
#5601=AXIS2_PLACEMENT_3D('',#9633,#6792,#6793);
#5602=AXIS2_PLACEMENT_3D('',#9656,#6794,#6795);
#5603=AXIS2_PLACEMENT_3D('',#9657,#6796,#6797);
#5604=AXIS2_PLACEMENT_3D('',#9658,#6798,#6799);
#5605=AXIS2_PLACEMENT_3D('',#9659,#6800,#6801);
#5606=AXIS2_PLACEMENT_3D('',#9660,#6802,#6803);
#5607=AXIS2_PLACEMENT_3D('',#9661,#6804,#6805);
#5608=AXIS2_PLACEMENT_3D('',#9662,#6806,#6807);
#5609=AXIS2_PLACEMENT_3D('',#9663,#6808,#6809);
#5610=AXIS2_PLACEMENT_3D('',#9664,#6810,#6811);
#5611=AXIS2_PLACEMENT_3D('',#9665,#6812,#6813);
#5612=AXIS2_PLACEMENT_3D('',#9668,#6816,#6817);
#5613=AXIS2_PLACEMENT_3D('',#9670,#6819,#6820);
#5614=AXIS2_PLACEMENT_3D('',#9672,#6822,#6823);
#5615=AXIS2_PLACEMENT_3D('',#9674,#6825,#6826);
#5616=AXIS2_PLACEMENT_3D('',#9676,#6828,#6829);
#5617=AXIS2_PLACEMENT_3D('',#9677,#6830,#6831);
#5618=AXIS2_PLACEMENT_3D('',#9680,#6834,#6835);
#5619=AXIS2_PLACEMENT_3D('',#9682,#6837,#6838);
#5620=AXIS2_PLACEMENT_3D('',#9684,#6840,#6841);
#5621=AXIS2_PLACEMENT_3D('',#9686,#6843,#6844);
#5622=AXIS2_PLACEMENT_3D('',#9688,#6846,#6847);
#5623=AXIS2_PLACEMENT_3D('',#9689,#6848,#6849);
#5624=AXIS2_PLACEMENT_3D('',#9690,#6850,#6851);
#5625=AXIS2_PLACEMENT_3D('',#9692,#6852,#6853);
#5626=AXIS2_PLACEMENT_3D('',#9693,#6854,#6855);
#5627=AXIS2_PLACEMENT_3D('',#9694,#6856,#6857);
#5628=AXIS2_PLACEMENT_3D('',#9696,#6858,#6859);
#5629=AXIS2_PLACEMENT_3D('',#9697,#6860,#6861);
#5630=AXIS2_PLACEMENT_3D('',#9698,#6862,#6863);
#5631=AXIS2_PLACEMENT_3D('',#9700,#6864,#6865);
#5632=AXIS2_PLACEMENT_3D('',#9701,#6866,#6867);
#5633=AXIS2_PLACEMENT_3D('',#9702,#6868,#6869);
#5634=AXIS2_PLACEMENT_3D('',#9704,#6870,#6871);
#5635=AXIS2_PLACEMENT_3D('',#9705,#6872,#6873);
#5636=AXIS2_PLACEMENT_3D('',#9706,#6874,#6875);
#5637=AXIS2_PLACEMENT_3D('',#9708,#6876,#6877);
#5638=AXIS2_PLACEMENT_3D('',#9709,#6878,#6879);
#5639=AXIS2_PLACEMENT_3D('',#9710,#6880,#6881);
#5640=AXIS2_PLACEMENT_3D('',#9712,#6882,#6883);
#5641=AXIS2_PLACEMENT_3D('',#9713,#6884,#6885);
#5642=AXIS2_PLACEMENT_3D('',#9714,#6886,#6887);
#5643=AXIS2_PLACEMENT_3D('',#9716,#6888,#6889);
#5644=AXIS2_PLACEMENT_3D('',#9718,#6890,#6891);
#5645=AXIS2_PLACEMENT_3D('',#9719,#6892,#6893);
#5646=AXIS2_PLACEMENT_3D('',#9720,#6894,#6895);
#5647=AXIS2_PLACEMENT_3D('',#9722,#6896,#6897);
#5648=AXIS2_PLACEMENT_3D('',#9724,#6898,#6899);
#5649=AXIS2_PLACEMENT_3D('',#9725,#6900,#6901);
#5650=AXIS2_PLACEMENT_3D('',#9726,#6902,#6903);
#5651=AXIS2_PLACEMENT_3D('',#9728,#6904,#6905);
#5652=AXIS2_PLACEMENT_3D('',#9730,#6906,#6907);
#5653=AXIS2_PLACEMENT_3D('',#9731,#6908,#6909);
#5654=AXIS2_PLACEMENT_3D('',#9732,#6910,#6911);
#5655=AXIS2_PLACEMENT_3D('',#9734,#6912,#6913);
#5656=AXIS2_PLACEMENT_3D('',#9736,#6914,#6915);
#5657=AXIS2_PLACEMENT_3D('',#9737,#6916,#6917);
#5658=AXIS2_PLACEMENT_3D('',#9738,#6918,#6919);
#5659=AXIS2_PLACEMENT_3D('',#9740,#6920,#6921);
#5660=AXIS2_PLACEMENT_3D('',#9742,#6922,#6923);
#5661=AXIS2_PLACEMENT_3D('',#9743,#6924,#6925);
#5662=AXIS2_PLACEMENT_3D('',#9744,#6926,#6927);
#5663=AXIS2_PLACEMENT_3D('',#9745,#6928,#6929);
#5664=AXIS2_PLACEMENT_3D('',#9746,#6930,#6931);
#5665=AXIS2_PLACEMENT_3D('',#9747,#6932,#6933);
#5666=DIRECTION('',(0.,0.,1.));
#5667=DIRECTION('',(1.,0.,0.));
#5668=DIRECTION('',(0.,1.,0.));
#5669=DIRECTION('',(1.,0.,0.));
#5670=DIRECTION('',(0.,1.,0.));
#5671=DIRECTION('',(1.,0.,0.));
#5672=DIRECTION('',(0.,1.,0.));
#5673=DIRECTION('',(1.,0.,0.));
#5674=DIRECTION('',(0.,1.,0.));
#5675=DIRECTION('',(1.,0.,0.));
#5676=DIRECTION('',(0.,1.,0.));
#5677=DIRECTION('',(1.,0.,0.));
#5678=DIRECTION('',(0.,1.,0.));
#5679=DIRECTION('',(1.,0.,0.));
#5680=DIRECTION('',(0.,1.,0.));
#5681=DIRECTION('',(1.,0.,0.));
#5682=DIRECTION('',(0.,1.,0.));
#5683=DIRECTION('',(1.,0.,0.));
#5684=DIRECTION('',(0.,1.,0.));
#5685=DIRECTION('',(1.,0.,0.));
#5686=DIRECTION('',(0.,1.,0.));
#5687=DIRECTION('',(1.,0.,0.));
#5688=DIRECTION('',(0.,1.,0.));
#5689=DIRECTION('',(1.,0.,0.));
#5690=DIRECTION('',(0.,1.,0.));
#5691=DIRECTION('',(1.,0.,0.));
#5692=DIRECTION('',(0.,1.,0.));
#5693=DIRECTION('',(1.,0.,0.));
#5694=DIRECTION('',(0.,1.,0.));
#5695=DIRECTION('',(1.,0.,0.));
#5696=DIRECTION('',(0.,1.,0.));
#5697=DIRECTION('',(1.,0.,0.));
#5698=DIRECTION('',(0.,1.,0.));
#5699=DIRECTION('',(1.,0.,0.));
#5700=DIRECTION('',(0.,1.,0.));
#5701=DIRECTION('',(1.,0.,0.));
#5702=DIRECTION('',(0.,1.,0.));
#5703=DIRECTION('',(1.,0.,0.));
#5704=DIRECTION('',(0.,1.,0.));
#5705=DIRECTION('',(1.,0.,0.));
#5706=DIRECTION('',(0.,1.,0.));
#5707=DIRECTION('',(1.,0.,0.));
#5708=DIRECTION('',(0.,1.,0.));
#5709=DIRECTION('',(1.,0.,0.));
#5710=DIRECTION('',(0.,1.,0.));
#5711=DIRECTION('',(1.,0.,0.));
#5712=DIRECTION('',(0.,1.,0.));
#5713=DIRECTION('',(1.,0.,0.));
#5714=DIRECTION('',(0.,1.,0.));
#5715=DIRECTION('',(1.,0.,0.));
#5716=DIRECTION('',(0.,1.,0.));
#5717=DIRECTION('',(1.,0.,0.));
#5718=DIRECTION('',(0.,1.,0.));
#5719=DIRECTION('',(1.,0.,0.));
#5720=DIRECTION('',(0.,1.,0.));
#5721=DIRECTION('',(1.,0.,0.));
#5722=DIRECTION('',(0.,1.,0.));
#5723=DIRECTION('',(1.,0.,0.));
#5724=DIRECTION('',(0.,1.,0.));
#5725=DIRECTION('',(1.,0.,0.));
#5726=DIRECTION('',(0.,1.,0.));
#5727=DIRECTION('',(1.,0.,0.));
#5728=DIRECTION('',(0.,1.,0.));
#5729=DIRECTION('',(1.,0.,0.));
#5730=DIRECTION('',(0.,1.,0.));
#5731=DIRECTION('',(1.,0.,0.));
#5732=DIRECTION('',(0.,1.,0.));
#5733=DIRECTION('',(1.,0.,0.));
#5734=DIRECTION('',(0.,1.,0.));
#5735=DIRECTION('',(1.,0.,0.));
#5736=DIRECTION('',(0.,1.,0.));
#5737=DIRECTION('',(1.,0.,0.));
#5738=DIRECTION('',(0.,1.,0.));
#5739=DIRECTION('',(1.,0.,0.));
#5740=DIRECTION('',(0.,1.,0.));
#5741=DIRECTION('',(1.,0.,0.));
#5742=DIRECTION('',(0.,1.,0.));
#5743=DIRECTION('',(1.,0.,0.));
#5744=DIRECTION('',(0.,1.,0.));
#5745=DIRECTION('',(1.,0.,0.));
#5746=DIRECTION('',(0.,1.,0.));
#5747=DIRECTION('',(1.,0.,0.));
#5748=DIRECTION('',(0.,1.,0.));
#5749=DIRECTION('',(1.,0.,0.));
#5750=DIRECTION('',(0.,1.,0.));
#5751=DIRECTION('',(1.,0.,0.));
#5752=DIRECTION('',(0.,1.,0.));
#5753=DIRECTION('',(1.,0.,0.));
#5754=DIRECTION('',(0.,1.,0.));
#5755=DIRECTION('',(1.,0.,0.));
#5756=DIRECTION('',(0.,1.,0.));
#5757=DIRECTION('',(1.,0.,0.));
#5758=DIRECTION('',(0.,1.,0.));
#5759=DIRECTION('',(1.,0.,0.));
#5760=DIRECTION('',(0.,1.,0.));
#5761=DIRECTION('',(1.,0.,0.));
#5762=DIRECTION('',(0.,1.,0.));
#5763=DIRECTION('',(1.,0.,0.));
#5764=DIRECTION('',(0.,1.,0.));
#5765=DIRECTION('',(1.,0.,0.));
#5766=DIRECTION('',(0.,1.,0.));
#5767=DIRECTION('',(1.,0.,0.));
#5768=DIRECTION('',(-8.67361737988404E-17,0.,1.));
#5769=DIRECTION('',(1.,0.,0.));
#5770=DIRECTION('',(8.67361737988404E-17,0.,-1.));
#5771=DIRECTION('',(0.,1.,0.));
#5772=DIRECTION('',(1.,0.,0.));
#5773=DIRECTION('',(-1.,0.,0.));
#5774=DIRECTION('',(0.130526192220051,0.,-0.99144486137381));
#5775=DIRECTION('',(0.,1.,0.));
#5776=DIRECTION('',(1.,0.,0.));
#5777=DIRECTION('',(0.,1.,0.));
#5778=DIRECTION('',(1.,0.,0.));
#5779=DIRECTION('',(0.,1.,0.));
#5780=DIRECTION('',(1.,0.,0.));
#5781=DIRECTION('',(-0.999048221581858,0.,0.0436193873653368));
#5782=DIRECTION('',(0.,1.,0.));
#5783=DIRECTION('',(1.,0.,0.));
#5784=DIRECTION('',(0.,1.,0.));
#5785=DIRECTION('',(1.,0.,0.));
#5786=DIRECTION('',(0.130526192220051,0.,-0.99144486137381));
#5787=DIRECTION('',(0.,1.,0.));
#5788=DIRECTION('',(1.,0.,0.));
#5789=DIRECTION('',(0.,-1.,0.));
#5790=DIRECTION('',(1.,0.,0.));
#5791=DIRECTION('',(0.,1.,0.));
#5792=DIRECTION('',(1.,0.,0.));
#5793=DIRECTION('',(0.999048221581858,0.,-0.0436193873653367));
#5794=DIRECTION('',(0.,1.,0.));
#5795=DIRECTION('',(1.,0.,0.));
#5796=DIRECTION('',(0.,1.,0.));
#5797=DIRECTION('',(1.,0.,0.));
#5798=DIRECTION('',(0.130526192220051,0.,-0.99144486137381));
#5799=DIRECTION('',(0.,1.,0.));
#5800=DIRECTION('',(1.,0.,0.));
#5801=DIRECTION('',(0.,1.,0.));
#5802=DIRECTION('',(1.,0.,0.));
#5803=DIRECTION('',(0.,1.,0.));
#5804=DIRECTION('',(1.,0.,0.));
#5805=DIRECTION('',(-0.999048221581858,0.,0.0436193873653368));
#5806=DIRECTION('',(0.,1.,0.));
#5807=DIRECTION('',(1.,0.,0.));
#5808=DIRECTION('',(0.,1.,0.));
#5809=DIRECTION('',(1.,0.,0.));
#5810=DIRECTION('',(0.130526192220051,0.,-0.99144486137381));
#5811=DIRECTION('',(0.,1.,0.));
#5812=DIRECTION('',(1.,0.,0.));
#5813=DIRECTION('',(0.,-1.,0.));
#5814=DIRECTION('',(1.,0.,0.));
#5815=DIRECTION('',(0.,1.,0.));
#5816=DIRECTION('',(1.,0.,0.));
#5817=DIRECTION('',(0.999048221581858,0.,-0.0436193873653367));
#5818=DIRECTION('',(0.,1.,0.));
#5819=DIRECTION('',(1.,0.,0.));
#5820=DIRECTION('',(0.,1.,0.));
#5821=DIRECTION('',(1.,0.,0.));
#5822=DIRECTION('',(0.130526192220051,0.,-0.99144486137381));
#5823=DIRECTION('',(0.,1.,0.));
#5824=DIRECTION('',(1.,0.,0.));
#5825=DIRECTION('',(0.,1.,0.));
#5826=DIRECTION('',(1.,0.,0.));
#5827=DIRECTION('',(0.,1.,0.));
#5828=DIRECTION('',(1.,0.,0.));
#5829=DIRECTION('',(-0.999048221581858,0.,0.0436193873653368));
#5830=DIRECTION('',(0.,1.,0.));
#5831=DIRECTION('',(1.,0.,0.));
#5832=DIRECTION('',(0.,1.,0.));
#5833=DIRECTION('',(1.,0.,0.));
#5834=DIRECTION('',(0.130526192220051,0.,-0.99144486137381));
#5835=DIRECTION('',(0.,1.,0.));
#5836=DIRECTION('',(1.,0.,0.));
#5837=DIRECTION('',(0.,-1.,0.));
#5838=DIRECTION('',(1.,0.,0.));
#5839=DIRECTION('',(0.,1.,0.));
#5840=DIRECTION('',(1.,0.,0.));
#5841=DIRECTION('',(0.999048221581858,0.,-0.0436193873653367));
#5842=DIRECTION('',(0.,1.,0.));
#5843=DIRECTION('',(1.,0.,0.));
#5844=DIRECTION('',(0.,1.,0.));
#5845=DIRECTION('',(1.,0.,0.));
#5846=DIRECTION('',(0.130526192220051,0.,-0.99144486137381));
#5847=DIRECTION('',(0.,1.,0.));
#5848=DIRECTION('',(1.,0.,0.));
#5849=DIRECTION('',(0.,1.,0.));
#5850=DIRECTION('',(1.,0.,0.));
#5851=DIRECTION('',(0.,1.,0.));
#5852=DIRECTION('',(1.,0.,0.));
#5853=DIRECTION('',(-0.999048221581858,0.,0.0436193873653368));
#5854=DIRECTION('',(0.,1.,0.));
#5855=DIRECTION('',(1.,0.,0.));
#5856=DIRECTION('',(0.,1.,0.));
#5857=DIRECTION('',(1.,0.,0.));
#5858=DIRECTION('',(0.130526192220051,0.,-0.99144486137381));
#5859=DIRECTION('',(0.,1.,0.));
#5860=DIRECTION('',(1.,0.,0.));
#5861=DIRECTION('',(0.,-1.,0.));
#5862=DIRECTION('',(1.,0.,0.));
#5863=DIRECTION('',(0.,1.,0.));
#5864=DIRECTION('',(1.,0.,0.));
#5865=DIRECTION('',(0.999048221581858,0.,-0.0436193873653367));
#5866=DIRECTION('',(0.,1.,0.));
#5867=DIRECTION('',(1.,0.,0.));
#5868=DIRECTION('',(0.,1.,0.));
#5869=DIRECTION('',(1.,0.,0.));
#5870=DIRECTION('',(0.130526192220051,0.,-0.99144486137381));
#5871=DIRECTION('',(0.,1.,0.));
#5872=DIRECTION('',(1.,0.,0.));
#5873=DIRECTION('',(0.,1.,0.));
#5874=DIRECTION('',(1.,0.,0.));
#5875=DIRECTION('',(0.,1.,0.));
#5876=DIRECTION('',(1.,0.,0.));
#5877=DIRECTION('',(-0.999048221581858,0.,0.0436193873653368));
#5878=DIRECTION('',(0.,1.,0.));
#5879=DIRECTION('',(1.,0.,0.));
#5880=DIRECTION('',(0.,1.,0.));
#5881=DIRECTION('',(1.,0.,0.));
#5882=DIRECTION('',(0.130526192220051,0.,-0.99144486137381));
#5883=DIRECTION('',(0.,1.,0.));
#5884=DIRECTION('',(1.,0.,0.));
#5885=DIRECTION('',(0.,-1.,0.));
#5886=DIRECTION('',(1.,0.,0.));
#5887=DIRECTION('',(0.,1.,0.));
#5888=DIRECTION('',(1.,0.,0.));
#5889=DIRECTION('',(0.999048221581858,0.,-0.0436193873653367));
#5890=DIRECTION('',(0.,1.,0.));
#5891=DIRECTION('',(1.,0.,0.));
#5892=DIRECTION('',(0.,1.,0.));
#5893=DIRECTION('',(1.,0.,0.));
#5894=DIRECTION('',(0.130526192220051,0.,-0.99144486137381));
#5895=DIRECTION('',(0.,1.,0.));
#5896=DIRECTION('',(1.,0.,0.));
#5897=DIRECTION('',(0.,1.,0.));
#5898=DIRECTION('',(1.,0.,0.));
#5899=DIRECTION('',(0.,1.,0.));
#5900=DIRECTION('',(1.,0.,0.));
#5901=DIRECTION('',(-0.999048221581858,0.,0.0436193873653368));
#5902=DIRECTION('',(0.,1.,0.));
#5903=DIRECTION('',(1.,0.,0.));
#5904=DIRECTION('',(0.,1.,0.));
#5905=DIRECTION('',(1.,0.,0.));
#5906=DIRECTION('',(0.130526192220051,0.,-0.99144486137381));
#5907=DIRECTION('',(0.,1.,0.));
#5908=DIRECTION('',(1.,0.,0.));
#5909=DIRECTION('',(0.,-1.,0.));
#5910=DIRECTION('',(1.,0.,0.));
#5911=DIRECTION('',(0.,1.,0.));
#5912=DIRECTION('',(1.,0.,0.));
#5913=DIRECTION('',(0.999048221581858,0.,-0.0436193873653367));
#5914=DIRECTION('',(0.,1.,0.));
#5915=DIRECTION('',(1.,0.,0.));
#5916=DIRECTION('',(0.,1.,0.));
#5917=DIRECTION('',(1.,0.,0.));
#5918=DIRECTION('',(0.130526192220051,0.,-0.99144486137381));
#5919=DIRECTION('',(0.,1.,0.));
#5920=DIRECTION('',(1.,0.,0.));
#5921=DIRECTION('',(0.,1.,0.));
#5922=DIRECTION('',(1.,0.,0.));
#5923=DIRECTION('',(0.,1.,0.));
#5924=DIRECTION('',(1.,0.,0.));
#5925=DIRECTION('',(-0.999048221581858,0.,0.0436193873653368));
#5926=DIRECTION('',(0.,1.,0.));
#5927=DIRECTION('',(1.,0.,0.));
#5928=DIRECTION('',(0.,1.,0.));
#5929=DIRECTION('',(1.,0.,0.));
#5930=DIRECTION('',(0.130526192220051,0.,-0.99144486137381));
#5931=DIRECTION('',(0.,1.,0.));
#5932=DIRECTION('',(1.,0.,0.));
#5933=DIRECTION('',(0.,-1.,0.));
#5934=DIRECTION('',(1.,0.,0.));
#5935=DIRECTION('',(0.,1.,0.));
#5936=DIRECTION('',(1.,0.,0.));
#5937=DIRECTION('',(0.999048221581858,0.,-0.0436193873653367));
#5938=DIRECTION('',(0.,1.,0.));
#5939=DIRECTION('',(1.,0.,0.));
#5940=DIRECTION('',(0.,1.,0.));
#5941=DIRECTION('',(1.,0.,0.));
#5942=DIRECTION('',(0.130526192220051,0.,-0.99144486137381));
#5943=DIRECTION('',(0.,1.,0.));
#5944=DIRECTION('',(1.,0.,0.));
#5945=DIRECTION('',(0.,1.,0.));
#5946=DIRECTION('',(1.,0.,0.));
#5947=DIRECTION('',(0.,1.,0.));
#5948=DIRECTION('',(1.,0.,0.));
#5949=DIRECTION('',(-0.999048221581858,0.,0.0436193873653368));
#5950=DIRECTION('',(0.,1.,0.));
#5951=DIRECTION('',(1.,0.,0.));
#5952=DIRECTION('',(0.,1.,0.));
#5953=DIRECTION('',(1.,0.,0.));
#5954=DIRECTION('',(0.130526192220051,0.,-0.99144486137381));
#5955=DIRECTION('',(0.,1.,0.));
#5956=DIRECTION('',(1.,0.,0.));
#5957=DIRECTION('',(0.,-1.,0.));
#5958=DIRECTION('',(1.,0.,0.));
#5959=DIRECTION('',(0.,1.,0.));
#5960=DIRECTION('',(1.,0.,0.));
#5961=DIRECTION('',(0.999048221581858,0.,-0.0436193873653367));
#5962=DIRECTION('',(0.,1.,0.));
#5963=DIRECTION('',(1.,0.,0.));
#5964=DIRECTION('',(0.,1.,0.));
#5965=DIRECTION('',(1.,0.,0.));
#5966=DIRECTION('',(0.130526192220051,0.,-0.99144486137381));
#5967=DIRECTION('',(0.,1.,0.));
#5968=DIRECTION('',(1.,0.,0.));
#5969=DIRECTION('',(0.,1.,0.));
#5970=DIRECTION('',(1.,0.,0.));
#5971=DIRECTION('',(0.,1.,0.));
#5972=DIRECTION('',(1.,0.,0.));
#5973=DIRECTION('',(-0.999048221581858,0.,0.0436193873653368));
#5974=DIRECTION('',(0.,1.,0.));
#5975=DIRECTION('',(1.,0.,0.));
#5976=DIRECTION('',(0.,1.,0.));
#5977=DIRECTION('',(1.,0.,0.));
#5978=DIRECTION('',(0.130526192220051,0.,-0.99144486137381));
#5979=DIRECTION('',(0.,1.,0.));
#5980=DIRECTION('',(1.,0.,0.));
#5981=DIRECTION('',(0.,-1.,0.));
#5982=DIRECTION('',(1.,0.,0.));
#5983=DIRECTION('',(0.,1.,0.));
#5984=DIRECTION('',(1.,0.,0.));
#5985=DIRECTION('',(0.999048221581858,0.,-0.0436193873653367));
#5986=DIRECTION('',(0.,1.,0.));
#5987=DIRECTION('',(1.,0.,0.));
#5988=DIRECTION('',(0.,1.,0.));
#5989=DIRECTION('',(1.,0.,0.));
#5990=DIRECTION('',(1.,0.,8.67361737988404E-17));
#5991=DIRECTION('',(8.67361737988404E-17,0.,-1.));
#5992=DIRECTION('',(0.,-1.,0.));
#5993=DIRECTION('',(-8.67361737988404E-17,0.,1.));
#5994=DIRECTION('',(0.,-1.,0.));
#5995=DIRECTION('',(8.67361737988404E-17,0.,-1.));
#5996=DIRECTION('',(0.,0.,1.));
#5997=DIRECTION('',(0.,-1.,0.));
#5998=DIRECTION('',(0.,-1.,0.));
#5999=DIRECTION('',(1.,0.,0.));
#6000=DIRECTION('',(0.,-1.,0.));
#6001=DIRECTION('',(-1.,0.,0.));
#6002=DIRECTION('',(1.,0.,8.67361737988404E-17));
#6003=DIRECTION('',(8.67361737988404E-17,0.,-1.));
#6004=DIRECTION('',(0.,-1.,0.));
#6005=DIRECTION('',(8.67361737988404E-17,0.,-1.));
#6006=DIRECTION('',(0.,-1.,0.));
#6007=DIRECTION('',(-8.67361737988404E-17,0.,1.));
#6008=DIRECTION('',(0.,0.,1.));
#6009=DIRECTION('',(0.,-1.,0.));
#6010=DIRECTION('',(0.,0.,1.));
#6011=DIRECTION('',(0.,-1.,0.));
#6012=DIRECTION('',(0.,0.,1.));
#6013=DIRECTION('',(0.,-1.,0.));
#6014=DIRECTION('',(0.,0.,1.));
#6015=DIRECTION('',(0.,-1.,0.));
#6016=DIRECTION('',(0.,0.,1.));
#6017=DIRECTION('',(0.,-1.,0.));
#6018=DIRECTION('',(0.,0.,1.));
#6019=DIRECTION('',(0.,-1.,0.));
#6020=DIRECTION('',(-1.,0.,0.));
#6021=DIRECTION('',(1.,0.,0.));
#6022=DIRECTION('',(0.,1.,0.));
#6023=DIRECTION('',(1.,0.,0.));
#6024=DIRECTION('',(-1.,0.,0.));
#6025=DIRECTION('',(8.67361737988404E-17,0.,-1.));
#6026=DIRECTION('',(0.,1.,0.));
#6027=DIRECTION('',(1.,0.,0.));
#6028=DIRECTION('',(1.,0.,0.));
#6029=DIRECTION('',(0.,1.,0.));
#6030=DIRECTION('',(1.,0.,0.));
#6031=DIRECTION('',(-8.67361737988404E-17,0.,1.));
#6032=DIRECTION('',(0.,1.,0.));
#6033=DIRECTION('',(1.,0.,0.));
#6034=DIRECTION('',(0.,1.,0.));
#6035=DIRECTION('',(1.,0.,0.));
#6036=DIRECTION('',(0.,1.,0.));
#6037=DIRECTION('',(1.,0.,0.));
#6038=DIRECTION('',(0.,-1.,0.));
#6039=DIRECTION('',(0.,1.,0.));
#6040=DIRECTION('',(0.,1.,0.));
#6041=DIRECTION('',(1.,0.,0.));
#6042=DIRECTION('',(0.,1.,0.));
#6043=DIRECTION('',(0.,-1.,0.));
#6044=DIRECTION('',(0.,1.,0.));
#6045=DIRECTION('',(1.,0.,0.));
#6046=DIRECTION('',(0.,1.,0.));
#6047=DIRECTION('',(1.,0.,0.));
#6048=DIRECTION('',(0.,1.,0.));
#6049=DIRECTION('',(1.,0.,0.));
#6050=DIRECTION('',(0.,1.,0.));
#6051=DIRECTION('',(1.,0.,0.));
#6052=DIRECTION('',(0.,-1.,0.));
#6053=DIRECTION('',(0.,1.,0.));
#6054=DIRECTION('',(0.,1.,0.));
#6055=DIRECTION('',(1.,0.,0.));
#6056=DIRECTION('',(0.,1.,0.));
#6057=DIRECTION('',(0.,-1.,0.));
#6058=DIRECTION('',(0.,1.,0.));
#6059=DIRECTION('',(1.,0.,0.));
#6060=DIRECTION('',(0.,1.,0.));
#6061=DIRECTION('',(1.,0.,0.));
#6062=DIRECTION('',(0.,1.,0.));
#6063=DIRECTION('',(1.,0.,0.));
#6064=DIRECTION('',(0.,1.,0.));
#6065=DIRECTION('',(1.,0.,0.));
#6066=DIRECTION('',(0.,1.,0.));
#6067=DIRECTION('',(1.,0.,0.));
#6068=DIRECTION('',(0.,1.,0.));
#6069=DIRECTION('',(1.,0.,0.));
#6070=DIRECTION('',(0.,-1.,0.));
#6071=DIRECTION('',(0.,1.,0.));
#6072=DIRECTION('',(0.,1.,0.));
#6073=DIRECTION('',(1.,0.,0.));
#6074=DIRECTION('',(0.,1.,0.));
#6075=DIRECTION('',(0.,-1.,0.));
#6076=DIRECTION('',(0.,1.,0.));
#6077=DIRECTION('',(1.,0.,0.));
#6078=DIRECTION('',(0.,1.,0.));
#6079=DIRECTION('',(1.,0.,0.));
#6080=DIRECTION('',(0.,1.,0.));
#6081=DIRECTION('',(1.,0.,0.));
#6082=DIRECTION('',(0.,1.,0.));
#6083=DIRECTION('',(1.,0.,0.));
#6084=DIRECTION('',(0.,-1.,0.));
#6085=DIRECTION('',(0.,1.,0.));
#6086=DIRECTION('',(0.,1.,0.));
#6087=DIRECTION('',(1.,0.,0.));
#6088=DIRECTION('',(0.,1.,0.));
#6089=DIRECTION('',(0.,-1.,0.));
#6090=DIRECTION('',(0.,1.,0.));
#6091=DIRECTION('',(1.,0.,0.));
#6092=DIRECTION('',(0.,1.,0.));
#6093=DIRECTION('',(1.,0.,0.));
#6094=DIRECTION('',(0.,1.,0.));
#6095=DIRECTION('',(1.,0.,0.));
#6096=DIRECTION('',(0.,1.,0.));
#6097=DIRECTION('',(1.,0.,0.));
#6098=DIRECTION('',(0.,-1.,0.));
#6099=DIRECTION('',(0.,1.,0.));
#6100=DIRECTION('',(0.,1.,0.));
#6101=DIRECTION('',(1.,0.,0.));
#6102=DIRECTION('',(0.,1.,0.));
#6103=DIRECTION('',(0.,-1.,0.));
#6104=DIRECTION('',(0.,1.,0.));
#6105=DIRECTION('',(1.,0.,0.));
#6106=DIRECTION('',(0.,1.,0.));
#6107=DIRECTION('',(1.,0.,0.));
#6108=DIRECTION('',(0.,1.,0.));
#6109=DIRECTION('',(1.,0.,0.));
#6110=DIRECTION('',(0.,1.,0.));
#6111=DIRECTION('',(1.,0.,0.));
#6112=DIRECTION('',(0.,1.,0.));
#6113=DIRECTION('',(1.,0.,0.));
#6114=DIRECTION('',(0.,1.,0.));
#6115=DIRECTION('',(1.,0.,0.));
#6116=DIRECTION('',(0.,1.,0.));
#6117=DIRECTION('',(1.,0.,0.));
#6118=DIRECTION('',(0.,-1.,0.));
#6119=DIRECTION('',(0.,1.,0.));
#6120=DIRECTION('',(0.,1.,0.));
#6121=DIRECTION('',(1.,0.,0.));
#6122=DIRECTION('',(0.,1.,0.));
#6123=DIRECTION('',(0.,-1.,0.));
#6124=DIRECTION('',(0.,1.,0.));
#6125=DIRECTION('',(1.,0.,0.));
#6126=DIRECTION('',(0.,1.,0.));
#6127=DIRECTION('',(1.,0.,0.));
#6128=DIRECTION('',(0.,1.,0.));
#6129=DIRECTION('',(1.,0.,0.));
#6130=DIRECTION('',(0.,1.,0.));
#6131=DIRECTION('',(1.,0.,0.));
#6132=DIRECTION('',(0.,-1.,0.));
#6133=DIRECTION('',(0.,1.,0.));
#6134=DIRECTION('',(0.,1.,0.));
#6135=DIRECTION('',(1.,0.,0.));
#6136=DIRECTION('',(0.,1.,0.));
#6137=DIRECTION('',(0.,-1.,0.));
#6138=DIRECTION('',(0.,1.,0.));
#6139=DIRECTION('',(1.,0.,0.));
#6140=DIRECTION('',(0.,1.,0.));
#6141=DIRECTION('',(1.,0.,0.));
#6142=DIRECTION('',(0.,1.,0.));
#6143=DIRECTION('',(1.,0.,0.));
#6144=DIRECTION('',(0.,1.,0.));
#6145=DIRECTION('',(1.,0.,0.));
#6146=DIRECTION('',(0.,-1.,0.));
#6147=DIRECTION('',(0.,1.,0.));
#6148=DIRECTION('',(0.,1.,0.));
#6149=DIRECTION('',(1.,0.,0.));
#6150=DIRECTION('',(0.,1.,0.));
#6151=DIRECTION('',(0.,-1.,0.));
#6152=DIRECTION('',(0.,1.,0.));
#6153=DIRECTION('',(1.,0.,0.));
#6154=DIRECTION('',(0.,1.,0.));
#6155=DIRECTION('',(1.,0.,0.));
#6156=DIRECTION('',(0.,1.,0.));
#6157=DIRECTION('',(1.,0.,0.));
#6158=DIRECTION('',(0.,1.,0.));
#6159=DIRECTION('',(1.,0.,0.));
#6160=DIRECTION('',(0.,1.,0.));
#6161=DIRECTION('',(1.,0.,0.));
#6162=DIRECTION('',(0.,-1.,0.));
#6163=DIRECTION('',(0.,1.,0.));
#6164=DIRECTION('',(0.,1.,0.));
#6165=DIRECTION('',(1.,0.,0.));
#6166=DIRECTION('',(0.,1.,0.));
#6167=DIRECTION('',(0.,-1.,0.));
#6168=DIRECTION('',(0.,1.,0.));
#6169=DIRECTION('',(1.,0.,0.));
#6170=DIRECTION('',(-0.99144486137381,0.,-0.130526192220051));
#6171=DIRECTION('',(-0.130526192220051,0.,0.991444861373811));
#6172=DIRECTION('',(0.,-1.,0.));
#6173=DIRECTION('',(0.130526192220051,0.,-0.991444861373811));
#6174=DIRECTION('',(-0.0436193873653367,0.,-0.999048221581858));
#6175=DIRECTION('',(-0.999048221581858,0.,0.0436193873653367));
#6176=DIRECTION('',(0.,1.,0.));
#6177=DIRECTION('',(0.999048221581858,0.,-0.0436193873653367));
#6178=DIRECTION('',(0.,-1.,0.));
#6179=DIRECTION('',(-1.,0.,0.));
#6180=DIRECTION('',(0.,-1.,0.));
#6181=DIRECTION('',(0.,1.,0.));
#6182=DIRECTION('',(1.,0.,0.));
#6183=DIRECTION('',(0.,-1.,0.));
#6184=DIRECTION('',(0.,1.,0.));
#6185=DIRECTION('',(1.,0.,0.));
#6186=DIRECTION('',(0.,1.,0.));
#6187=DIRECTION('',(1.,0.,0.));
#6188=DIRECTION('',(0.130526192220051,0.,-0.991444861373811));
#6189=DIRECTION('',(0.999048221581858,0.,-0.0436193873653367));
#6190=DIRECTION('',(0.0436193873653368,0.,0.999048221581858));
#6191=DIRECTION('',(0.999048221581858,0.,-0.0436193873653368));
#6192=DIRECTION('',(-0.999048221581858,0.,0.0436193873653368));
#6193=DIRECTION('',(0.,1.,0.));
#6194=DIRECTION('',(0.,-1.,0.));
#6195=DIRECTION('',(0.,-1.,0.));
#6196=DIRECTION('',(-1.,0.,0.));
#6197=DIRECTION('',(0.,-1.,0.));
#6198=DIRECTION('',(0.,1.,0.));
#6199=DIRECTION('',(1.,0.,0.));
#6200=DIRECTION('',(0.,-1.,0.));
#6201=DIRECTION('',(-0.99144486137381,0.,-0.130526192220051));
#6202=DIRECTION('',(-0.130526192220051,0.,0.991444861373811));
#6203=DIRECTION('',(0.,1.,0.));
#6204=DIRECTION('',(0.130526192220051,0.,-0.991444861373811));
#6205=DIRECTION('',(0.,-1.,0.));
#6206=DIRECTION('',(0.,1.,0.));
#6207=DIRECTION('',(1.,0.,0.));
#6208=DIRECTION('',(0.130526192220051,0.,-0.991444861373811));
#6209=DIRECTION('',(-0.999048221581858,0.,0.0436193873653368));
#6210=DIRECTION('',(0.,1.,0.));
#6211=DIRECTION('',(1.,0.,0.));
#6212=DIRECTION('',(0.,-1.,0.));
#6213=DIRECTION('',(-1.,0.,0.));
#6214=DIRECTION('',(0.,-1.,0.));
#6215=DIRECTION('',(-1.,0.,0.));
#6216=DIRECTION('',(0.130526192220051,0.,-0.991444861373811));
#6217=DIRECTION('',(-0.991444861373811,0.,-0.130526192220051));
#6218=DIRECTION('',(0.,-1.,0.));
#6219=DIRECTION('',(-1.,0.,0.));
#6220=DIRECTION('',(-0.999048221581858,0.,0.0436193873653367));
#6221=DIRECTION('',(0.0436193873653367,0.,0.999048221581858));
#6222=DIRECTION('',(0.,-1.,0.));
#6223=DIRECTION('',(-1.,0.,0.));
#6224=DIRECTION('',(0.,-1.,0.));
#6225=DIRECTION('',(-1.,0.,0.));
#6226=DIRECTION('',(-0.130526192220051,0.,0.991444861373811));
#6227=DIRECTION('',(0.991444861373811,0.,0.130526192220051));
#6228=DIRECTION('',(-0.0922959556412568,0.707106781186548,0.701057384649978));
#6229=DIRECTION('',(-0.0922959556412568,-0.707106781186548,0.701057384649978));
#6230=DIRECTION('',(0.,1.,0.));
#6231=DIRECTION('',(1.,0.,0.));
#6232=DIRECTION('',(0.,-1.,0.));
#6233=DIRECTION('',(-1.,0.,0.));
#6234=DIRECTION('',(0.999048221581858,0.,-0.0436193873653368));
#6235=DIRECTION('',(-0.0436193873653368,0.,-0.999048221581858));
#6236=DIRECTION('',(0.706433772212892,-0.707106781186548,-0.0308435645972325));
#6237=DIRECTION('',(0.706433772212892,0.707106781186548,-0.0308435645972325));
#6238=DIRECTION('',(0.,1.,0.));
#6239=DIRECTION('',(1.,0.,0.));
#6240=DIRECTION('',(-0.99144486137381,0.,-0.130526192220051));
#6241=DIRECTION('',(-0.130526192220051,0.,0.991444861373811));
#6242=DIRECTION('',(0.,-1.,0.));
#6243=DIRECTION('',(0.130526192220051,0.,-0.991444861373811));
#6244=DIRECTION('',(-0.0436193873653367,0.,-0.999048221581858));
#6245=DIRECTION('',(-0.999048221581858,0.,0.0436193873653367));
#6246=DIRECTION('',(0.,1.,0.));
#6247=DIRECTION('',(0.999048221581858,0.,-0.0436193873653367));
#6248=DIRECTION('',(0.,-1.,0.));
#6249=DIRECTION('',(-1.,0.,0.));
#6250=DIRECTION('',(0.,-1.,0.));
#6251=DIRECTION('',(0.,1.,0.));
#6252=DIRECTION('',(1.,0.,0.));
#6253=DIRECTION('',(0.,-1.,0.));
#6254=DIRECTION('',(0.,1.,0.));
#6255=DIRECTION('',(1.,0.,0.));
#6256=DIRECTION('',(0.,1.,0.));
#6257=DIRECTION('',(1.,0.,0.));
#6258=DIRECTION('',(0.130526192220051,0.,-0.991444861373811));
#6259=DIRECTION('',(0.999048221581858,0.,-0.0436193873653367));
#6260=DIRECTION('',(0.0436193873653368,0.,0.999048221581858));
#6261=DIRECTION('',(0.999048221581858,0.,-0.0436193873653368));
#6262=DIRECTION('',(-0.999048221581858,0.,0.0436193873653368));
#6263=DIRECTION('',(0.,1.,0.));
#6264=DIRECTION('',(0.,-1.,0.));
#6265=DIRECTION('',(0.,-1.,0.));
#6266=DIRECTION('',(-1.,0.,0.));
#6267=DIRECTION('',(0.,-1.,0.));
#6268=DIRECTION('',(0.,1.,0.));
#6269=DIRECTION('',(1.,0.,0.));
#6270=DIRECTION('',(0.,-1.,0.));
#6271=DIRECTION('',(-0.99144486137381,0.,-0.130526192220051));
#6272=DIRECTION('',(-0.130526192220051,0.,0.991444861373811));
#6273=DIRECTION('',(0.,1.,0.));
#6274=DIRECTION('',(0.130526192220051,0.,-0.991444861373811));
#6275=DIRECTION('',(0.,-1.,0.));
#6276=DIRECTION('',(0.,1.,0.));
#6277=DIRECTION('',(1.,0.,0.));
#6278=DIRECTION('',(0.130526192220051,0.,-0.991444861373811));
#6279=DIRECTION('',(-0.999048221581858,0.,0.0436193873653368));
#6280=DIRECTION('',(0.,1.,0.));
#6281=DIRECTION('',(1.,0.,0.));
#6282=DIRECTION('',(0.,-1.,0.));
#6283=DIRECTION('',(-1.,0.,0.));
#6284=DIRECTION('',(0.,-1.,0.));
#6285=DIRECTION('',(-1.,0.,0.));
#6286=DIRECTION('',(0.130526192220051,0.,-0.991444861373811));
#6287=DIRECTION('',(-0.991444861373811,0.,-0.130526192220051));
#6288=DIRECTION('',(0.,-1.,0.));
#6289=DIRECTION('',(-1.,0.,0.));
#6290=DIRECTION('',(-0.999048221581858,0.,0.0436193873653367));
#6291=DIRECTION('',(0.0436193873653367,0.,0.999048221581858));
#6292=DIRECTION('',(0.,-1.,0.));
#6293=DIRECTION('',(-1.,0.,0.));
#6294=DIRECTION('',(0.,-1.,0.));
#6295=DIRECTION('',(-1.,0.,0.));
#6296=DIRECTION('',(-0.130526192220051,0.,0.991444861373811));
#6297=DIRECTION('',(0.991444861373811,0.,0.130526192220051));
#6298=DIRECTION('',(-0.0922959556412568,0.707106781186548,0.701057384649978));
#6299=DIRECTION('',(-0.0922959556412568,-0.707106781186548,0.701057384649978));
#6300=DIRECTION('',(0.,1.,0.));
#6301=DIRECTION('',(1.,0.,0.));
#6302=DIRECTION('',(0.,-1.,0.));
#6303=DIRECTION('',(-1.,0.,0.));
#6304=DIRECTION('',(0.999048221581858,0.,-0.0436193873653368));
#6305=DIRECTION('',(-0.0436193873653368,0.,-0.999048221581858));
#6306=DIRECTION('',(0.706433772212892,-0.707106781186548,-0.0308435645972325));
#6307=DIRECTION('',(0.706433772212892,0.707106781186548,-0.0308435645972325));
#6308=DIRECTION('',(0.,1.,0.));
#6309=DIRECTION('',(1.,0.,0.));
#6310=DIRECTION('',(-0.99144486137381,0.,-0.130526192220051));
#6311=DIRECTION('',(-0.130526192220051,0.,0.991444861373811));
#6312=DIRECTION('',(0.,-1.,0.));
#6313=DIRECTION('',(0.130526192220051,0.,-0.991444861373811));
#6314=DIRECTION('',(-0.0436193873653367,0.,-0.999048221581858));
#6315=DIRECTION('',(-0.999048221581858,0.,0.0436193873653367));
#6316=DIRECTION('',(0.,1.,0.));
#6317=DIRECTION('',(0.999048221581858,0.,-0.0436193873653367));
#6318=DIRECTION('',(0.,-1.,0.));
#6319=DIRECTION('',(-1.,0.,0.));
#6320=DIRECTION('',(0.,-1.,0.));
#6321=DIRECTION('',(0.,1.,0.));
#6322=DIRECTION('',(1.,0.,0.));
#6323=DIRECTION('',(0.,-1.,0.));
#6324=DIRECTION('',(0.,1.,0.));
#6325=DIRECTION('',(1.,0.,0.));
#6326=DIRECTION('',(0.,1.,0.));
#6327=DIRECTION('',(1.,0.,0.));
#6328=DIRECTION('',(0.130526192220051,0.,-0.991444861373811));
#6329=DIRECTION('',(0.999048221581858,0.,-0.0436193873653367));
#6330=DIRECTION('',(0.0436193873653368,0.,0.999048221581858));
#6331=DIRECTION('',(0.999048221581858,0.,-0.0436193873653368));
#6332=DIRECTION('',(-0.999048221581858,0.,0.0436193873653368));
#6333=DIRECTION('',(0.,1.,0.));
#6334=DIRECTION('',(0.,-1.,0.));
#6335=DIRECTION('',(0.,-1.,0.));
#6336=DIRECTION('',(-1.,0.,0.));
#6337=DIRECTION('',(0.,-1.,0.));
#6338=DIRECTION('',(0.,1.,0.));
#6339=DIRECTION('',(1.,0.,0.));
#6340=DIRECTION('',(0.,-1.,0.));
#6341=DIRECTION('',(-0.99144486137381,0.,-0.130526192220051));
#6342=DIRECTION('',(-0.130526192220051,0.,0.991444861373811));
#6343=DIRECTION('',(0.,1.,0.));
#6344=DIRECTION('',(0.130526192220051,0.,-0.991444861373811));
#6345=DIRECTION('',(0.,-1.,0.));
#6346=DIRECTION('',(0.,1.,0.));
#6347=DIRECTION('',(1.,0.,0.));
#6348=DIRECTION('',(0.130526192220051,0.,-0.991444861373811));
#6349=DIRECTION('',(-0.999048221581858,0.,0.0436193873653368));
#6350=DIRECTION('',(0.,1.,0.));
#6351=DIRECTION('',(1.,0.,0.));
#6352=DIRECTION('',(0.,-1.,0.));
#6353=DIRECTION('',(-1.,0.,0.));
#6354=DIRECTION('',(0.,-1.,0.));
#6355=DIRECTION('',(-1.,0.,0.));
#6356=DIRECTION('',(0.130526192220051,0.,-0.991444861373811));
#6357=DIRECTION('',(-0.991444861373811,0.,-0.130526192220051));
#6358=DIRECTION('',(0.,-1.,0.));
#6359=DIRECTION('',(-1.,0.,0.));
#6360=DIRECTION('',(-0.999048221581858,0.,0.0436193873653367));
#6361=DIRECTION('',(0.0436193873653367,0.,0.999048221581858));
#6362=DIRECTION('',(0.,-1.,0.));
#6363=DIRECTION('',(-1.,0.,0.));
#6364=DIRECTION('',(0.,-1.,0.));
#6365=DIRECTION('',(-1.,0.,0.));
#6366=DIRECTION('',(-0.130526192220051,0.,0.991444861373811));
#6367=DIRECTION('',(0.991444861373811,0.,0.130526192220051));
#6368=DIRECTION('',(-0.0922959556412568,0.707106781186548,0.701057384649978));
#6369=DIRECTION('',(-0.0922959556412568,-0.707106781186548,0.701057384649978));
#6370=DIRECTION('',(0.,1.,0.));
#6371=DIRECTION('',(1.,0.,0.));
#6372=DIRECTION('',(0.,-1.,0.));
#6373=DIRECTION('',(-1.,0.,0.));
#6374=DIRECTION('',(0.999048221581858,0.,-0.0436193873653368));
#6375=DIRECTION('',(-0.0436193873653368,0.,-0.999048221581858));
#6376=DIRECTION('',(0.706433772212892,-0.707106781186548,-0.0308435645972325));
#6377=DIRECTION('',(0.706433772212892,0.707106781186548,-0.0308435645972325));
#6378=DIRECTION('',(0.,1.,0.));
#6379=DIRECTION('',(1.,0.,0.));
#6380=DIRECTION('',(-0.99144486137381,0.,-0.130526192220051));
#6381=DIRECTION('',(-0.130526192220051,0.,0.991444861373811));
#6382=DIRECTION('',(0.,-1.,0.));
#6383=DIRECTION('',(0.130526192220051,0.,-0.991444861373811));
#6384=DIRECTION('',(-0.0436193873653367,0.,-0.999048221581858));
#6385=DIRECTION('',(-0.999048221581858,0.,0.0436193873653367));
#6386=DIRECTION('',(0.,1.,0.));
#6387=DIRECTION('',(0.999048221581858,0.,-0.0436193873653367));
#6388=DIRECTION('',(0.,-1.,0.));
#6389=DIRECTION('',(-1.,0.,0.));
#6390=DIRECTION('',(0.,-1.,0.));
#6391=DIRECTION('',(0.,1.,0.));
#6392=DIRECTION('',(1.,0.,0.));
#6393=DIRECTION('',(0.,-1.,0.));
#6394=DIRECTION('',(0.,1.,0.));
#6395=DIRECTION('',(1.,0.,0.));
#6396=DIRECTION('',(0.,1.,0.));
#6397=DIRECTION('',(1.,0.,0.));
#6398=DIRECTION('',(0.130526192220051,0.,-0.991444861373811));
#6399=DIRECTION('',(0.999048221581858,0.,-0.0436193873653367));
#6400=DIRECTION('',(0.0436193873653368,0.,0.999048221581858));
#6401=DIRECTION('',(0.999048221581858,0.,-0.0436193873653368));
#6402=DIRECTION('',(-0.999048221581858,0.,0.0436193873653368));
#6403=DIRECTION('',(0.,1.,0.));
#6404=DIRECTION('',(0.,-1.,0.));
#6405=DIRECTION('',(0.,-1.,0.));
#6406=DIRECTION('',(-1.,0.,0.));
#6407=DIRECTION('',(0.,-1.,0.));
#6408=DIRECTION('',(0.,1.,0.));
#6409=DIRECTION('',(1.,0.,0.));
#6410=DIRECTION('',(0.,-1.,0.));
#6411=DIRECTION('',(-0.99144486137381,0.,-0.130526192220051));
#6412=DIRECTION('',(-0.130526192220051,0.,0.991444861373811));
#6413=DIRECTION('',(0.,1.,0.));
#6414=DIRECTION('',(0.130526192220051,0.,-0.991444861373811));
#6415=DIRECTION('',(0.,-1.,0.));
#6416=DIRECTION('',(0.,1.,0.));
#6417=DIRECTION('',(1.,0.,0.));
#6418=DIRECTION('',(0.130526192220051,0.,-0.991444861373811));
#6419=DIRECTION('',(-0.999048221581858,0.,0.0436193873653368));
#6420=DIRECTION('',(0.,1.,0.));
#6421=DIRECTION('',(1.,0.,0.));
#6422=DIRECTION('',(0.,-1.,0.));
#6423=DIRECTION('',(-1.,0.,0.));
#6424=DIRECTION('',(0.,-1.,0.));
#6425=DIRECTION('',(-1.,0.,0.));
#6426=DIRECTION('',(0.130526192220051,0.,-0.991444861373811));
#6427=DIRECTION('',(-0.991444861373811,0.,-0.130526192220051));
#6428=DIRECTION('',(0.,-1.,0.));
#6429=DIRECTION('',(-1.,0.,0.));
#6430=DIRECTION('',(-0.999048221581858,0.,0.0436193873653367));
#6431=DIRECTION('',(0.0436193873653367,0.,0.999048221581858));
#6432=DIRECTION('',(0.,-1.,0.));
#6433=DIRECTION('',(-1.,0.,0.));
#6434=DIRECTION('',(0.,-1.,0.));
#6435=DIRECTION('',(-1.,0.,0.));
#6436=DIRECTION('',(-0.130526192220051,0.,0.991444861373811));
#6437=DIRECTION('',(0.991444861373811,0.,0.130526192220051));
#6438=DIRECTION('',(-0.0922959556412568,0.707106781186548,0.701057384649978));
#6439=DIRECTION('',(-0.0922959556412568,-0.707106781186548,0.701057384649978));
#6440=DIRECTION('',(0.,1.,0.));
#6441=DIRECTION('',(1.,0.,0.));
#6442=DIRECTION('',(0.,-1.,0.));
#6443=DIRECTION('',(-1.,0.,0.));
#6444=DIRECTION('',(0.999048221581858,0.,-0.0436193873653368));
#6445=DIRECTION('',(-0.0436193873653368,0.,-0.999048221581858));
#6446=DIRECTION('',(0.706433772212892,-0.707106781186548,-0.0308435645972325));
#6447=DIRECTION('',(0.706433772212892,0.707106781186548,-0.0308435645972325));
#6448=DIRECTION('',(0.,1.,0.));
#6449=DIRECTION('',(1.,0.,0.));
#6450=DIRECTION('',(-0.99144486137381,0.,-0.130526192220051));
#6451=DIRECTION('',(-0.130526192220051,0.,0.991444861373811));
#6452=DIRECTION('',(0.,-1.,0.));
#6453=DIRECTION('',(0.130526192220051,0.,-0.991444861373811));
#6454=DIRECTION('',(-0.0436193873653367,0.,-0.999048221581858));
#6455=DIRECTION('',(-0.999048221581858,0.,0.0436193873653367));
#6456=DIRECTION('',(0.,1.,0.));
#6457=DIRECTION('',(0.999048221581858,0.,-0.0436193873653367));
#6458=DIRECTION('',(0.,-1.,0.));
#6459=DIRECTION('',(-1.,0.,0.));
#6460=DIRECTION('',(0.,-1.,0.));
#6461=DIRECTION('',(0.,1.,0.));
#6462=DIRECTION('',(1.,0.,0.));
#6463=DIRECTION('',(0.,-1.,0.));
#6464=DIRECTION('',(0.,1.,0.));
#6465=DIRECTION('',(1.,0.,0.));
#6466=DIRECTION('',(0.,1.,0.));
#6467=DIRECTION('',(1.,0.,0.));
#6468=DIRECTION('',(0.130526192220051,0.,-0.991444861373811));
#6469=DIRECTION('',(0.999048221581858,0.,-0.0436193873653367));
#6470=DIRECTION('',(0.0436193873653368,0.,0.999048221581858));
#6471=DIRECTION('',(0.999048221581858,0.,-0.0436193873653368));
#6472=DIRECTION('',(-0.999048221581858,0.,0.0436193873653368));
#6473=DIRECTION('',(0.,1.,0.));
#6474=DIRECTION('',(0.,-1.,0.));
#6475=DIRECTION('',(0.,-1.,0.));
#6476=DIRECTION('',(-1.,0.,0.));
#6477=DIRECTION('',(0.,-1.,0.));
#6478=DIRECTION('',(0.,1.,0.));
#6479=DIRECTION('',(1.,0.,0.));
#6480=DIRECTION('',(0.,-1.,0.));
#6481=DIRECTION('',(-0.99144486137381,0.,-0.130526192220051));
#6482=DIRECTION('',(-0.130526192220051,0.,0.991444861373811));
#6483=DIRECTION('',(0.,1.,0.));
#6484=DIRECTION('',(0.130526192220051,0.,-0.991444861373811));
#6485=DIRECTION('',(0.,-1.,0.));
#6486=DIRECTION('',(0.,1.,0.));
#6487=DIRECTION('',(1.,0.,0.));
#6488=DIRECTION('',(0.130526192220051,0.,-0.991444861373811));
#6489=DIRECTION('',(-0.999048221581858,0.,0.0436193873653368));
#6490=DIRECTION('',(0.,1.,0.));
#6491=DIRECTION('',(1.,0.,0.));
#6492=DIRECTION('',(0.,-1.,0.));
#6493=DIRECTION('',(-1.,0.,0.));
#6494=DIRECTION('',(0.,-1.,0.));
#6495=DIRECTION('',(-1.,0.,0.));
#6496=DIRECTION('',(0.130526192220051,0.,-0.991444861373811));
#6497=DIRECTION('',(-0.991444861373811,0.,-0.130526192220051));
#6498=DIRECTION('',(0.,-1.,0.));
#6499=DIRECTION('',(-1.,0.,0.));
#6500=DIRECTION('',(-0.999048221581858,0.,0.0436193873653367));
#6501=DIRECTION('',(0.0436193873653367,0.,0.999048221581858));
#6502=DIRECTION('',(0.,-1.,0.));
#6503=DIRECTION('',(-1.,0.,0.));
#6504=DIRECTION('',(0.,-1.,0.));
#6505=DIRECTION('',(-1.,0.,0.));
#6506=DIRECTION('',(-0.130526192220051,0.,0.991444861373811));
#6507=DIRECTION('',(0.991444861373811,0.,0.130526192220051));
#6508=DIRECTION('',(-0.0922959556412568,0.707106781186548,0.701057384649978));
#6509=DIRECTION('',(-0.0922959556412568,-0.707106781186548,0.701057384649978));
#6510=DIRECTION('',(0.,1.,0.));
#6511=DIRECTION('',(1.,0.,0.));
#6512=DIRECTION('',(0.,-1.,0.));
#6513=DIRECTION('',(-1.,0.,0.));
#6514=DIRECTION('',(0.999048221581858,0.,-0.0436193873653368));
#6515=DIRECTION('',(-0.0436193873653368,0.,-0.999048221581858));
#6516=DIRECTION('',(0.706433772212892,-0.707106781186548,-0.0308435645972325));
#6517=DIRECTION('',(0.706433772212892,0.707106781186548,-0.0308435645972325));
#6518=DIRECTION('',(0.,1.,0.));
#6519=DIRECTION('',(1.,0.,0.));
#6520=DIRECTION('',(-0.99144486137381,0.,-0.130526192220051));
#6521=DIRECTION('',(-0.130526192220051,0.,0.991444861373811));
#6522=DIRECTION('',(0.,-1.,0.));
#6523=DIRECTION('',(0.130526192220051,0.,-0.991444861373811));
#6524=DIRECTION('',(-0.0436193873653367,0.,-0.999048221581858));
#6525=DIRECTION('',(-0.999048221581858,0.,0.0436193873653367));
#6526=DIRECTION('',(0.,1.,0.));
#6527=DIRECTION('',(0.999048221581858,0.,-0.0436193873653367));
#6528=DIRECTION('',(0.,-1.,0.));
#6529=DIRECTION('',(-1.,0.,0.));
#6530=DIRECTION('',(0.,-1.,0.));
#6531=DIRECTION('',(0.,1.,0.));
#6532=DIRECTION('',(1.,0.,0.));
#6533=DIRECTION('',(0.,-1.,0.));
#6534=DIRECTION('',(0.,1.,0.));
#6535=DIRECTION('',(1.,0.,0.));
#6536=DIRECTION('',(0.,1.,0.));
#6537=DIRECTION('',(1.,0.,0.));
#6538=DIRECTION('',(0.130526192220051,0.,-0.991444861373811));
#6539=DIRECTION('',(0.999048221581858,0.,-0.0436193873653367));
#6540=DIRECTION('',(0.0436193873653368,0.,0.999048221581858));
#6541=DIRECTION('',(0.999048221581858,0.,-0.0436193873653368));
#6542=DIRECTION('',(-0.999048221581858,0.,0.0436193873653368));
#6543=DIRECTION('',(0.,1.,0.));
#6544=DIRECTION('',(0.,-1.,0.));
#6545=DIRECTION('',(0.,-1.,0.));
#6546=DIRECTION('',(-1.,0.,0.));
#6547=DIRECTION('',(0.,-1.,0.));
#6548=DIRECTION('',(0.,1.,0.));
#6549=DIRECTION('',(1.,0.,0.));
#6550=DIRECTION('',(0.,-1.,0.));
#6551=DIRECTION('',(-0.99144486137381,0.,-0.130526192220051));
#6552=DIRECTION('',(-0.130526192220051,0.,0.991444861373811));
#6553=DIRECTION('',(0.,1.,0.));
#6554=DIRECTION('',(0.130526192220051,0.,-0.991444861373811));
#6555=DIRECTION('',(0.,-1.,0.));
#6556=DIRECTION('',(0.,1.,0.));
#6557=DIRECTION('',(1.,0.,0.));
#6558=DIRECTION('',(0.130526192220051,0.,-0.991444861373811));
#6559=DIRECTION('',(-0.999048221581858,0.,0.0436193873653368));
#6560=DIRECTION('',(0.,1.,0.));
#6561=DIRECTION('',(1.,0.,0.));
#6562=DIRECTION('',(0.,-1.,0.));
#6563=DIRECTION('',(-1.,0.,0.));
#6564=DIRECTION('',(0.,-1.,0.));
#6565=DIRECTION('',(-1.,0.,0.));
#6566=DIRECTION('',(0.130526192220051,0.,-0.991444861373811));
#6567=DIRECTION('',(-0.991444861373811,0.,-0.130526192220051));
#6568=DIRECTION('',(0.,-1.,0.));
#6569=DIRECTION('',(-1.,0.,0.));
#6570=DIRECTION('',(-0.999048221581858,0.,0.0436193873653367));
#6571=DIRECTION('',(0.0436193873653367,0.,0.999048221581858));
#6572=DIRECTION('',(0.,-1.,0.));
#6573=DIRECTION('',(-1.,0.,0.));
#6574=DIRECTION('',(0.,-1.,0.));
#6575=DIRECTION('',(-1.,0.,0.));
#6576=DIRECTION('',(-0.130526192220051,0.,0.991444861373811));
#6577=DIRECTION('',(0.991444861373811,0.,0.130526192220051));
#6578=DIRECTION('',(-0.0922959556412568,0.707106781186548,0.701057384649978));
#6579=DIRECTION('',(-0.0922959556412568,-0.707106781186548,0.701057384649978));
#6580=DIRECTION('',(0.,1.,0.));
#6581=DIRECTION('',(1.,0.,0.));
#6582=DIRECTION('',(0.,-1.,0.));
#6583=DIRECTION('',(-1.,0.,0.));
#6584=DIRECTION('',(0.999048221581858,0.,-0.0436193873653368));
#6585=DIRECTION('',(-0.0436193873653368,0.,-0.999048221581858));
#6586=DIRECTION('',(0.706433772212892,-0.707106781186548,-0.0308435645972325));
#6587=DIRECTION('',(0.706433772212892,0.707106781186548,-0.0308435645972325));
#6588=DIRECTION('',(0.,1.,0.));
#6589=DIRECTION('',(1.,0.,0.));
#6590=DIRECTION('',(-0.99144486137381,0.,-0.130526192220051));
#6591=DIRECTION('',(-0.130526192220051,0.,0.991444861373811));
#6592=DIRECTION('',(0.,-1.,0.));
#6593=DIRECTION('',(0.130526192220051,0.,-0.991444861373811));
#6594=DIRECTION('',(-0.0436193873653367,0.,-0.999048221581858));
#6595=DIRECTION('',(-0.999048221581858,0.,0.0436193873653367));
#6596=DIRECTION('',(0.,1.,0.));
#6597=DIRECTION('',(0.999048221581858,0.,-0.0436193873653367));
#6598=DIRECTION('',(0.,-1.,0.));
#6599=DIRECTION('',(-1.,0.,0.));
#6600=DIRECTION('',(0.,-1.,0.));
#6601=DIRECTION('',(0.,1.,0.));
#6602=DIRECTION('',(1.,0.,0.));
#6603=DIRECTION('',(0.,-1.,0.));
#6604=DIRECTION('',(0.,1.,0.));
#6605=DIRECTION('',(1.,0.,0.));
#6606=DIRECTION('',(0.,1.,0.));
#6607=DIRECTION('',(1.,0.,0.));
#6608=DIRECTION('',(0.130526192220051,0.,-0.991444861373811));
#6609=DIRECTION('',(0.999048221581858,0.,-0.0436193873653367));
#6610=DIRECTION('',(0.0436193873653368,0.,0.999048221581858));
#6611=DIRECTION('',(0.999048221581858,0.,-0.0436193873653368));
#6612=DIRECTION('',(-0.999048221581858,0.,0.0436193873653368));
#6613=DIRECTION('',(0.,1.,0.));
#6614=DIRECTION('',(0.,-1.,0.));
#6615=DIRECTION('',(0.,-1.,0.));
#6616=DIRECTION('',(-1.,0.,0.));
#6617=DIRECTION('',(0.,-1.,0.));
#6618=DIRECTION('',(0.,1.,0.));
#6619=DIRECTION('',(1.,0.,0.));
#6620=DIRECTION('',(0.,-1.,0.));
#6621=DIRECTION('',(-0.99144486137381,0.,-0.130526192220051));
#6622=DIRECTION('',(-0.130526192220051,0.,0.991444861373811));
#6623=DIRECTION('',(0.,1.,0.));
#6624=DIRECTION('',(0.130526192220051,0.,-0.991444861373811));
#6625=DIRECTION('',(0.,-1.,0.));
#6626=DIRECTION('',(0.,1.,0.));
#6627=DIRECTION('',(1.,0.,0.));
#6628=DIRECTION('',(0.130526192220051,0.,-0.991444861373811));
#6629=DIRECTION('',(-0.999048221581858,0.,0.0436193873653368));
#6630=DIRECTION('',(0.,1.,0.));
#6631=DIRECTION('',(1.,0.,0.));
#6632=DIRECTION('',(0.,-1.,0.));
#6633=DIRECTION('',(-1.,0.,0.));
#6634=DIRECTION('',(0.,-1.,0.));
#6635=DIRECTION('',(-1.,0.,0.));
#6636=DIRECTION('',(0.130526192220051,0.,-0.991444861373811));
#6637=DIRECTION('',(-0.991444861373811,0.,-0.130526192220051));
#6638=DIRECTION('',(0.,-1.,0.));
#6639=DIRECTION('',(-1.,0.,0.));
#6640=DIRECTION('',(-0.999048221581858,0.,0.0436193873653367));
#6641=DIRECTION('',(0.0436193873653367,0.,0.999048221581858));
#6642=DIRECTION('',(0.,-1.,0.));
#6643=DIRECTION('',(-1.,0.,0.));
#6644=DIRECTION('',(0.,-1.,0.));
#6645=DIRECTION('',(-1.,0.,0.));
#6646=DIRECTION('',(-0.130526192220051,0.,0.991444861373811));
#6647=DIRECTION('',(0.991444861373811,0.,0.130526192220051));
#6648=DIRECTION('',(-0.0922959556412568,0.707106781186548,0.701057384649978));
#6649=DIRECTION('',(-0.0922959556412568,-0.707106781186548,0.701057384649978));
#6650=DIRECTION('',(0.,1.,0.));
#6651=DIRECTION('',(1.,0.,0.));
#6652=DIRECTION('',(0.,-1.,0.));
#6653=DIRECTION('',(-1.,0.,0.));
#6654=DIRECTION('',(0.999048221581858,0.,-0.0436193873653368));
#6655=DIRECTION('',(-0.0436193873653368,0.,-0.999048221581858));
#6656=DIRECTION('',(0.706433772212892,-0.707106781186548,-0.0308435645972325));
#6657=DIRECTION('',(0.706433772212892,0.707106781186548,-0.0308435645972325));
#6658=DIRECTION('',(0.,1.,0.));
#6659=DIRECTION('',(1.,0.,0.));
#6660=DIRECTION('',(-0.99144486137381,0.,-0.130526192220051));
#6661=DIRECTION('',(-0.130526192220051,0.,0.991444861373811));
#6662=DIRECTION('',(0.,-1.,0.));
#6663=DIRECTION('',(0.130526192220051,0.,-0.991444861373811));
#6664=DIRECTION('',(-0.0436193873653367,0.,-0.999048221581858));
#6665=DIRECTION('',(-0.999048221581858,0.,0.0436193873653367));
#6666=DIRECTION('',(0.,1.,0.));
#6667=DIRECTION('',(0.999048221581858,0.,-0.0436193873653367));
#6668=DIRECTION('',(0.,-1.,0.));
#6669=DIRECTION('',(-1.,0.,0.));
#6670=DIRECTION('',(0.,-1.,0.));
#6671=DIRECTION('',(0.,1.,0.));
#6672=DIRECTION('',(1.,0.,0.));
#6673=DIRECTION('',(0.,-1.,0.));
#6674=DIRECTION('',(0.,1.,0.));
#6675=DIRECTION('',(1.,0.,0.));
#6676=DIRECTION('',(0.,1.,0.));
#6677=DIRECTION('',(1.,0.,0.));
#6678=DIRECTION('',(0.130526192220051,0.,-0.991444861373811));
#6679=DIRECTION('',(0.999048221581858,0.,-0.0436193873653367));
#6680=DIRECTION('',(0.0436193873653368,0.,0.999048221581858));
#6681=DIRECTION('',(0.999048221581858,0.,-0.0436193873653368));
#6682=DIRECTION('',(-0.999048221581858,0.,0.0436193873653368));
#6683=DIRECTION('',(0.,1.,0.));
#6684=DIRECTION('',(0.,-1.,0.));
#6685=DIRECTION('',(0.,-1.,0.));
#6686=DIRECTION('',(-1.,0.,0.));
#6687=DIRECTION('',(0.,-1.,0.));
#6688=DIRECTION('',(0.,1.,0.));
#6689=DIRECTION('',(1.,0.,0.));
#6690=DIRECTION('',(0.,-1.,0.));
#6691=DIRECTION('',(-0.99144486137381,0.,-0.130526192220051));
#6692=DIRECTION('',(-0.130526192220051,0.,0.991444861373811));
#6693=DIRECTION('',(0.,1.,0.));
#6694=DIRECTION('',(0.130526192220051,0.,-0.991444861373811));
#6695=DIRECTION('',(0.,-1.,0.));
#6696=DIRECTION('',(0.,1.,0.));
#6697=DIRECTION('',(1.,0.,0.));
#6698=DIRECTION('',(0.130526192220051,0.,-0.991444861373811));
#6699=DIRECTION('',(-0.999048221581858,0.,0.0436193873653368));
#6700=DIRECTION('',(0.,1.,0.));
#6701=DIRECTION('',(1.,0.,0.));
#6702=DIRECTION('',(0.,-1.,0.));
#6703=DIRECTION('',(-1.,0.,0.));
#6704=DIRECTION('',(0.,-1.,0.));
#6705=DIRECTION('',(-1.,0.,0.));
#6706=DIRECTION('',(0.130526192220051,0.,-0.991444861373811));
#6707=DIRECTION('',(-0.991444861373811,0.,-0.130526192220051));
#6708=DIRECTION('',(0.,-1.,0.));
#6709=DIRECTION('',(-1.,0.,0.));
#6710=DIRECTION('',(-0.999048221581858,0.,0.0436193873653367));
#6711=DIRECTION('',(0.0436193873653367,0.,0.999048221581858));
#6712=DIRECTION('',(0.,-1.,0.));
#6713=DIRECTION('',(-1.,0.,0.));
#6714=DIRECTION('',(0.,-1.,0.));
#6715=DIRECTION('',(-1.,0.,0.));
#6716=DIRECTION('',(-0.130526192220051,0.,0.991444861373811));
#6717=DIRECTION('',(0.991444861373811,0.,0.130526192220051));
#6718=DIRECTION('',(-0.0922959556412568,0.707106781186548,0.701057384649978));
#6719=DIRECTION('',(-0.0922959556412568,-0.707106781186548,0.701057384649978));
#6720=DIRECTION('',(0.,1.,0.));
#6721=DIRECTION('',(1.,0.,0.));
#6722=DIRECTION('',(0.,-1.,0.));
#6723=DIRECTION('',(-1.,0.,0.));
#6724=DIRECTION('',(0.999048221581858,0.,-0.0436193873653368));
#6725=DIRECTION('',(-0.0436193873653368,0.,-0.999048221581858));
#6726=DIRECTION('',(0.706433772212892,-0.707106781186548,-0.0308435645972325));
#6727=DIRECTION('',(0.706433772212892,0.707106781186548,-0.0308435645972325));
#6728=DIRECTION('',(0.,1.,0.));
#6729=DIRECTION('',(1.,0.,0.));
#6730=DIRECTION('',(-0.99144486137381,0.,-0.130526192220051));
#6731=DIRECTION('',(-0.130526192220051,0.,0.991444861373811));
#6732=DIRECTION('',(0.,-1.,0.));
#6733=DIRECTION('',(0.130526192220051,0.,-0.991444861373811));
#6734=DIRECTION('',(-0.0436193873653367,0.,-0.999048221581858));
#6735=DIRECTION('',(-0.999048221581858,0.,0.0436193873653367));
#6736=DIRECTION('',(0.,1.,0.));
#6737=DIRECTION('',(0.999048221581858,0.,-0.0436193873653367));
#6738=DIRECTION('',(0.,-1.,0.));
#6739=DIRECTION('',(-1.,0.,0.));
#6740=DIRECTION('',(0.,-1.,0.));
#6741=DIRECTION('',(0.,1.,0.));
#6742=DIRECTION('',(1.,0.,0.));
#6743=DIRECTION('',(0.,-1.,0.));
#6744=DIRECTION('',(0.,1.,0.));
#6745=DIRECTION('',(1.,0.,0.));
#6746=DIRECTION('',(0.,1.,0.));
#6747=DIRECTION('',(1.,0.,0.));
#6748=DIRECTION('',(0.130526192220051,0.,-0.991444861373811));
#6749=DIRECTION('',(0.999048221581858,0.,-0.0436193873653367));
#6750=DIRECTION('',(0.0436193873653368,0.,0.999048221581858));
#6751=DIRECTION('',(0.999048221581858,0.,-0.0436193873653368));
#6752=DIRECTION('',(-0.999048221581858,0.,0.0436193873653368));
#6753=DIRECTION('',(0.,1.,0.));
#6754=DIRECTION('',(0.,-1.,0.));
#6755=DIRECTION('',(0.,-1.,0.));
#6756=DIRECTION('',(-1.,0.,0.));
#6757=DIRECTION('',(0.,-1.,0.));
#6758=DIRECTION('',(0.,1.,0.));
#6759=DIRECTION('',(1.,0.,0.));
#6760=DIRECTION('',(0.,-1.,0.));
#6761=DIRECTION('',(-0.99144486137381,0.,-0.130526192220051));
#6762=DIRECTION('',(-0.130526192220051,0.,0.991444861373811));
#6763=DIRECTION('',(0.,1.,0.));
#6764=DIRECTION('',(0.130526192220051,0.,-0.991444861373811));
#6765=DIRECTION('',(0.,-1.,0.));
#6766=DIRECTION('',(0.,1.,0.));
#6767=DIRECTION('',(1.,0.,0.));
#6768=DIRECTION('',(0.130526192220051,0.,-0.991444861373811));
#6769=DIRECTION('',(-0.999048221581858,0.,0.0436193873653368));
#6770=DIRECTION('',(0.,1.,0.));
#6771=DIRECTION('',(1.,0.,0.));
#6772=DIRECTION('',(0.,-1.,0.));
#6773=DIRECTION('',(-1.,0.,0.));
#6774=DIRECTION('',(0.,-1.,0.));
#6775=DIRECTION('',(-1.,0.,0.));
#6776=DIRECTION('',(0.130526192220051,0.,-0.991444861373811));
#6777=DIRECTION('',(-0.991444861373811,0.,-0.130526192220051));
#6778=DIRECTION('',(0.,-1.,0.));
#6779=DIRECTION('',(-1.,0.,0.));
#6780=DIRECTION('',(-0.999048221581858,0.,0.0436193873653367));
#6781=DIRECTION('',(0.0436193873653367,0.,0.999048221581858));
#6782=DIRECTION('',(0.,-1.,0.));
#6783=DIRECTION('',(-1.,0.,0.));
#6784=DIRECTION('',(0.,-1.,0.));
#6785=DIRECTION('',(-1.,0.,0.));
#6786=DIRECTION('',(-0.130526192220051,0.,0.991444861373811));
#6787=DIRECTION('',(0.991444861373811,0.,0.130526192220051));
#6788=DIRECTION('',(-0.0922959556412568,0.707106781186548,0.701057384649978));
#6789=DIRECTION('',(-0.0922959556412568,-0.707106781186548,0.701057384649978));
#6790=DIRECTION('',(0.,1.,0.));
#6791=DIRECTION('',(1.,0.,0.));
#6792=DIRECTION('',(0.,-1.,0.));
#6793=DIRECTION('',(-1.,0.,0.));
#6794=DIRECTION('',(0.999048221581858,0.,-0.0436193873653368));
#6795=DIRECTION('',(-0.0436193873653368,0.,-0.999048221581858));
#6796=DIRECTION('',(0.706433772212892,-0.707106781186548,-0.0308435645972325));
#6797=DIRECTION('',(0.706433772212892,0.707106781186548,-0.0308435645972325));
#6798=DIRECTION('',(0.,1.,0.));
#6799=DIRECTION('',(1.,0.,0.));
#6800=DIRECTION('',(0.,1.,0.));
#6801=DIRECTION('',(1.,0.,0.));
#6802=DIRECTION('',(0.,1.,0.));
#6803=DIRECTION('',(1.,0.,0.));
#6804=DIRECTION('',(0.,1.,0.));
#6805=DIRECTION('',(1.,0.,0.));
#6806=DIRECTION('',(0.,-1.,0.));
#6807=DIRECTION('',(-1.,0.,0.));
#6808=DIRECTION('',(0.,1.,0.));
#6809=DIRECTION('',(1.,0.,0.));
#6810=DIRECTION('',(0.,1.,0.));
#6811=DIRECTION('',(1.,0.,0.));
#6812=DIRECTION('',(0.,1.,0.));
#6813=DIRECTION('',(1.,0.,0.));
#6814=DIRECTION('',(0.707106781186546,0.707106781186549,0.));
#6815=DIRECTION('',(0.,-0.707106781186549,0.707106781186546));
#6816=DIRECTION('',(0.,0.707106781186546,0.707106781186549));
#6817=DIRECTION('',(-1.,0.,0.));
#6818=DIRECTION('',(0.,-0.707106781186549,0.707106781186546));
#6819=DIRECTION('',(0.707106781186549,-0.707106781186546,6.13317366673351E-17));
#6820=DIRECTION('',(8.67361737988404E-17,0.,-1.));
#6821=DIRECTION('',(-0.577350269189625,-0.577350269189628,-0.577350269189625));
#6822=DIRECTION('',(0.,1.,0.));
#6823=DIRECTION('',(1.,0.,0.));
#6824=DIRECTION('',(0.707106781186558,-0.707106781186537,0.));
#6825=DIRECTION('',(0.,-0.707106781186546,0.707106781186549));
#6826=DIRECTION('',(1.,0.,0.));
#6827=DIRECTION('',(-0.577350269189625,0.577350269189627,0.577350269189625));
#6828=DIRECTION('',(0.707106781186549,0.707106781186546,6.13317366673351E-17));
#6829=DIRECTION('',(-8.67361737988404E-17,0.,1.));
#6830=DIRECTION('',(0.,-1.,0.));
#6831=DIRECTION('',(-1.,0.,0.));
#6832=DIRECTION('',(-0.707106781186545,0.70710678118655,0.));
#6833=DIRECTION('',(0.,-0.707106781186562,-0.707106781186533));
#6834=DIRECTION('',(0.,0.707106781186545,-0.70710678118655));
#6835=DIRECTION('',(1.,0.,0.));
#6836=DIRECTION('',(0.,-0.70710678118655,-0.707106781186545));
#6837=DIRECTION('',(-0.70710678118655,-0.707106781186545,-6.13317366673352E-17));
#6838=DIRECTION('',(-8.67361737988404E-17,0.,1.));
#6839=DIRECTION('',(0.577350269189624,-0.577350269189628,0.577350269189625));
#6840=DIRECTION('',(0.,-1.,0.));
#6841=DIRECTION('',(-1.,0.,0.));
#6842=DIRECTION('',(-0.707106781186558,-0.707106781186538,0.));
#6843=DIRECTION('',(0.,-0.707106781186545,-0.70710678118655));
#6844=DIRECTION('',(-1.,0.,0.));
#6845=DIRECTION('',(0.577350269189625,0.577350269189628,-0.577350269189625));
#6846=DIRECTION('',(-0.70710678118655,0.707106781186545,-6.13317366673352E-17));
#6847=DIRECTION('',(8.67361737988404E-17,0.,-1.));
#6848=DIRECTION('',(0.,1.,0.));
#6849=DIRECTION('',(1.,0.,0.));
#6850=DIRECTION('',(0.,1.,0.));
#6851=DIRECTION('',(1.,0.,0.));
#6852=DIRECTION('',(0.,1.,0.));
#6853=DIRECTION('',(1.,0.,0.));
#6854=DIRECTION('',(0.,1.,0.));
#6855=DIRECTION('',(1.,0.,0.));
#6856=DIRECTION('',(0.,1.,0.));
#6857=DIRECTION('',(1.,0.,0.));
#6858=DIRECTION('',(0.,1.,0.));
#6859=DIRECTION('',(1.,0.,0.));
#6860=DIRECTION('',(0.,1.,0.));
#6861=DIRECTION('',(1.,0.,0.));
#6862=DIRECTION('',(0.,1.,0.));
#6863=DIRECTION('',(1.,0.,0.));
#6864=DIRECTION('',(0.,1.,0.));
#6865=DIRECTION('',(1.,0.,0.));
#6866=DIRECTION('',(0.,1.,0.));
#6867=DIRECTION('',(1.,0.,0.));
#6868=DIRECTION('',(0.,1.,0.));
#6869=DIRECTION('',(1.,0.,0.));
#6870=DIRECTION('',(0.,1.,0.));
#6871=DIRECTION('',(1.,0.,0.));
#6872=DIRECTION('',(0.,1.,0.));
#6873=DIRECTION('',(1.,0.,0.));
#6874=DIRECTION('',(0.,1.,0.));
#6875=DIRECTION('',(1.,0.,0.));
#6876=DIRECTION('',(0.,1.,0.));
#6877=DIRECTION('',(1.,0.,0.));
#6878=DIRECTION('',(0.,1.,0.));
#6879=DIRECTION('',(1.,0.,0.));
#6880=DIRECTION('',(0.,1.,0.));
#6881=DIRECTION('',(1.,0.,0.));
#6882=DIRECTION('',(0.,1.,0.));
#6883=DIRECTION('',(1.,0.,0.));
#6884=DIRECTION('',(0.,0.,1.));
#6885=DIRECTION('',(0.,-1.,0.));
#6886=DIRECTION('',(0.,0.,1.));
#6887=DIRECTION('',(0.,-1.,0.));
#6888=DIRECTION('',(0.,0.,1.));
#6889=DIRECTION('',(0.,-1.,0.));
#6890=DIRECTION('',(0.,0.,1.));
#6891=DIRECTION('',(1.,0.,0.));
#6892=DIRECTION('',(0.,0.,1.));
#6893=DIRECTION('',(0.,-1.,0.));
#6894=DIRECTION('',(0.,0.,1.));
#6895=DIRECTION('',(0.,-1.,0.));
#6896=DIRECTION('',(0.,0.,1.));
#6897=DIRECTION('',(0.,-1.,0.));
#6898=DIRECTION('',(0.,0.,1.));
#6899=DIRECTION('',(1.,0.,0.));
#6900=DIRECTION('',(0.,0.,1.));
#6901=DIRECTION('',(0.,-1.,0.));
#6902=DIRECTION('',(0.,0.,1.));
#6903=DIRECTION('',(0.,-1.,0.));
#6904=DIRECTION('',(0.,0.,1.));
#6905=DIRECTION('',(0.,-1.,0.));
#6906=DIRECTION('',(0.,0.,1.));
#6907=DIRECTION('',(1.,0.,0.));
#6908=DIRECTION('',(0.,0.,1.));
#6909=DIRECTION('',(0.,-1.,0.));
#6910=DIRECTION('',(0.,0.,1.));
#6911=DIRECTION('',(0.,-1.,0.));
#6912=DIRECTION('',(0.,0.,1.));
#6913=DIRECTION('',(0.,-1.,0.));
#6914=DIRECTION('',(0.,0.,1.));
#6915=DIRECTION('',(1.,0.,0.));
#6916=DIRECTION('',(0.,0.,1.));
#6917=DIRECTION('',(0.,-1.,0.));
#6918=DIRECTION('',(0.,0.,1.));
#6919=DIRECTION('',(0.,-1.,0.));
#6920=DIRECTION('',(0.,0.,1.));
#6921=DIRECTION('',(0.,-1.,0.));
#6922=DIRECTION('',(0.,0.,1.));
#6923=DIRECTION('',(1.,0.,0.));
#6924=DIRECTION('',(0.,0.,1.));
#6925=DIRECTION('',(0.,-1.,0.));
#6926=DIRECTION('',(0.,0.,1.));
#6927=DIRECTION('',(0.,-1.,0.));
#6928=DIRECTION('',(0.,0.,1.));
#6929=DIRECTION('',(0.,-1.,0.));
#6930=DIRECTION('',(0.,0.,1.));
#6931=DIRECTION('',(0.,-1.,0.));
#6932=DIRECTION('',(0.,0.,1.));
#6933=DIRECTION('',(0.,-1.,0.));
#6934=CARTESIAN_POINT('',(0.,0.,0.));
#6935=CARTESIAN_POINT('',(-0.05,0.002,-0.05));
#6936=CARTESIAN_POINT('',(-0.05,0.002,-0.05));
#6937=CARTESIAN_POINT('',(-0.0485,0.002,-0.05));
#6938=CARTESIAN_POINT('',(-0.05,0.003,-0.05));
#6939=CARTESIAN_POINT('',(-0.0485,0.003,-0.05));
#6940=CARTESIAN_POINT('',(-0.0065,0.002,-0.05));
#6941=CARTESIAN_POINT('',(0.05175,0.002,-0.0530310889132455));
#6942=CARTESIAN_POINT('',(0.05175,0.002,-0.0530310889132455));
#6943=CARTESIAN_POINT('',(0.05325,0.002,-0.0530310889132455));
#6944=CARTESIAN_POINT('',(0.05175,0.003,-0.0530310889132455));
#6945=CARTESIAN_POINT('',(0.05325,0.003,-0.0530310889132455));
#6946=CARTESIAN_POINT('',(-0.0065,0.002,-0.05));
#6947=CARTESIAN_POINT('',(0.0465,0.002,-0.05));
#6948=CARTESIAN_POINT('',(0.0465,0.002,-0.05));
#6949=CARTESIAN_POINT('',(0.048,0.002,-0.05));
#6950=CARTESIAN_POINT('',(0.0465,0.003,-0.05));
#6951=CARTESIAN_POINT('',(0.048,0.003,-0.05));
#6952=CARTESIAN_POINT('',(-0.0065,0.002,-0.05));
#6953=CARTESIAN_POINT('',(0.05175,0.002,-0.0469689110867545));
#6954=CARTESIAN_POINT('',(0.05175,0.002,-0.0469689110867545));
#6955=CARTESIAN_POINT('',(0.05325,0.002,-0.0469689110867545));
#6956=CARTESIAN_POINT('',(0.05175,0.003,-0.0469689110867545));
#6957=CARTESIAN_POINT('',(0.05325,0.003,-0.0469689110867545));
#6958=CARTESIAN_POINT('',(-0.0065,0.002,-0.05));
#6959=CARTESIAN_POINT('',(-1.3010426069826E-18,0.002,-0.0535));
#6960=CARTESIAN_POINT('',(-1.3010426069826E-18,0.002,-0.0535));
#6961=CARTESIAN_POINT('',(0.0015,0.002,-0.0535));
#6962=CARTESIAN_POINT('',(-1.3010426069826E-18,0.003,-0.0535));
#6963=CARTESIAN_POINT('',(0.0015,0.003,-0.0535));
#6964=CARTESIAN_POINT('',(-0.0065,0.002,-0.05));
#6965=CARTESIAN_POINT('',(0.,0.002,-0.0465));
#6966=CARTESIAN_POINT('',(0.,0.002,-0.0465));
#6967=CARTESIAN_POINT('',(0.0015,0.002,-0.0465));
#6968=CARTESIAN_POINT('',(0.,0.003,-0.0465));
#6969=CARTESIAN_POINT('',(0.0015,0.003,-0.0465));
#6970=CARTESIAN_POINT('',(-0.0065,0.002,-0.05));
#6971=CARTESIAN_POINT('',(-0.05,0.002,0.));
#6972=CARTESIAN_POINT('',(-0.05,0.002,0.));
#6973=CARTESIAN_POINT('',(-0.0485,0.002,0.));
#6974=CARTESIAN_POINT('',(-0.05,0.003,0.));
#6975=CARTESIAN_POINT('',(-0.0485,0.003,0.));
#6976=CARTESIAN_POINT('',(-0.0065,0.002,-6.93889390390723E-18));
#6977=CARTESIAN_POINT('',(0.05175,0.002,-0.00303108891324554));
#6978=CARTESIAN_POINT('',(0.05175,0.002,-0.00303108891324554));
#6979=CARTESIAN_POINT('',(0.05325,0.002,-0.00303108891324554));
#6980=CARTESIAN_POINT('',(0.05175,0.003,-0.00303108891324554));
#6981=CARTESIAN_POINT('',(0.05325,0.003,-0.00303108891324554));
#6982=CARTESIAN_POINT('',(-0.0065,0.002,-6.93889390390723E-18));
#6983=CARTESIAN_POINT('',(0.0465,0.002,-6.93889390390723E-18));
#6984=CARTESIAN_POINT('',(0.0465,0.002,-6.93889390390723E-18));
#6985=CARTESIAN_POINT('',(0.048,0.002,-6.93889390390723E-18));
#6986=CARTESIAN_POINT('',(0.0465,0.003,-6.93889390390723E-18));
#6987=CARTESIAN_POINT('',(0.048,0.003,-6.93889390390723E-18));
#6988=CARTESIAN_POINT('',(-0.0065,0.002,-6.93889390390723E-18));
#6989=CARTESIAN_POINT('',(0.05175,0.002,0.00303108891324555));
#6990=CARTESIAN_POINT('',(0.05175,0.002,0.00303108891324555));
#6991=CARTESIAN_POINT('',(0.05325,0.002,0.00303108891324555));
#6992=CARTESIAN_POINT('',(0.05175,0.003,0.00303108891324555));
#6993=CARTESIAN_POINT('',(0.05325,0.003,0.00303108891324555));
#6994=CARTESIAN_POINT('',(-0.0065,0.002,-6.93889390390723E-18));
#6995=CARTESIAN_POINT('',(-1.3010426069826E-18,0.002,-0.0035));
#6996=CARTESIAN_POINT('',(-1.3010426069826E-18,0.002,-0.0035));
#6997=CARTESIAN_POINT('',(0.0015,0.002,-0.0035));
#6998=CARTESIAN_POINT('',(-1.3010426069826E-18,0.003,-0.0035));
#6999=CARTESIAN_POINT('',(0.0015,0.003,-0.0035));
#7000=CARTESIAN_POINT('',(-0.0065,0.002,-6.93889390390723E-18));
#7001=CARTESIAN_POINT('',(0.,0.002,0.0035));
#7002=CARTESIAN_POINT('',(0.,0.002,0.0035));
#7003=CARTESIAN_POINT('',(0.0015,0.002,0.0035));
#7004=CARTESIAN_POINT('',(0.,0.003,0.0035));
#7005=CARTESIAN_POINT('',(0.0015,0.003,0.0035));
#7006=CARTESIAN_POINT('',(-0.0065,0.002,-6.93889390390723E-18));
#7007=CARTESIAN_POINT('',(0.,0.005,0.));
#7008=CARTESIAN_POINT('',(-0.072,0.005,-0.072));
#7009=CARTESIAN_POINT('',(-0.072,0.005,-0.0796));
#7010=CARTESIAN_POINT('',(-0.0796,0.005,-0.072));
#7011=CARTESIAN_POINT('',(-0.0796,0.005,0.08));
#7012=CARTESIAN_POINT('',(-0.0796,0.005,0.0796));
#7013=CARTESIAN_POINT('',(0.,0.005,0.0796));
#7014=CARTESIAN_POINT('',(0.0796,0.005,0.0796));
#7015=CARTESIAN_POINT('',(0.0796,0.005,6.90419943438769E-18));
#7016=CARTESIAN_POINT('',(0.0796,0.005,-0.072));
#7017=CARTESIAN_POINT('',(0.072,0.005,-0.072));
#7018=CARTESIAN_POINT('',(0.072,0.005,-0.0796));
#7019=CARTESIAN_POINT('',(-0.072,0.005,-0.0796));
#7020=CARTESIAN_POINT('',(0.047389476155599,0.005,0.0698288972274762));
#7021=CARTESIAN_POINT('',(0.0471351061812659,0.005,0.0717610290061701));
#7022=CARTESIAN_POINT('',(0.0476587006394427,0.005,0.0677839342470741));
#7023=CARTESIAN_POINT('',(0.0456479388892052,0.005,0.0715652397178401));
#7024=CARTESIAN_POINT('',(0.0453512074498328,0.005,0.0730355969713292));
#7025=CARTESIAN_POINT('',(0.05,0.005,0.05));
#7026=CARTESIAN_POINT('',(0.026646891462194,0.005,0.0526234179273331));
#7027=CARTESIAN_POINT('',(0.0281375154114156,0.005,0.0524559657192054));
#7028=CARTESIAN_POINT('',(0.0280720863303676,0.005,0.0509573933868326));
#7029=CARTESIAN_POINT('',(0.0300190355683628,0.005,0.0508723877473067));
#7030=CARTESIAN_POINT('',(0.0320796813070886,0.005,0.0507824180113536));
#7031=CARTESIAN_POINT('',(0.0321451103881367,0.005,0.0522809903437264));
#7032=CARTESIAN_POINT('',(0.0336330178557919,0.005,0.0520909078150825));
#7033=CARTESIAN_POINT('',(0.05,0.005,0.05));
#7034=CARTESIAN_POINT('',(0.0521536821716308,0.005,0.0336411597873321));
#7035=CARTESIAN_POINT('',(0.052610523844401,0.005,0.0301711027725238));
#7036=CARTESIAN_POINT('',(0.052864893818734,0.005,0.0282389709938299));
#7037=CARTESIAN_POINT('',(0.0543520611107947,0.005,0.0284347602821599));
#7038=CARTESIAN_POINT('',(0.0546487925501671,0.005,0.0269644030286708));
#7039=CARTESIAN_POINT('',(0.05,0.005,0.05));
#7040=CARTESIAN_POINT('',(0.073353108537806,0.005,0.047376582072667));
#7041=CARTESIAN_POINT('',(0.0718624845885843,0.005,0.0475440342807946));
#7042=CARTESIAN_POINT('',(0.0719279136696323,0.005,0.0490426066131674));
#7043=CARTESIAN_POINT('',(0.0699809644316372,0.005,0.0491276122526933));
#7044=CARTESIAN_POINT('',(0.0664842956561007,0.005,0.049280280108472));
#7045=CARTESIAN_POINT('',(0.05,0.005,0.05));
#7046=CARTESIAN_POINT('',(0.0464905722351001,0.005,0.066122466212182));
#7047=CARTESIAN_POINT('',(0.046171533347382,0.005,0.067588144958744));
#7048=CARTESIAN_POINT('',(-0.00261052384440105,0.005,0.0698288972274762));
#7049=CARTESIAN_POINT('',(-0.00286489381873408,0.005,0.0717610290061701));
#7050=CARTESIAN_POINT('',(-0.00234129936055734,0.005,0.0677839342470741));
#7051=CARTESIAN_POINT('',(-0.0043520611107948,0.005,0.0715652397178401));
#7052=CARTESIAN_POINT('',(-0.00464879255016716,0.005,0.0730355969713292));
#7053=CARTESIAN_POINT('',(-2.08166817117217E-17,0.005,0.05));
#7054=CARTESIAN_POINT('',(-0.023353108537806,0.005,0.052623417927333));
#7055=CARTESIAN_POINT('',(-0.0218624845885844,0.005,0.0524559657192054));
#7056=CARTESIAN_POINT('',(-0.0219279136696323,0.005,0.0509573933868326));
#7057=CARTESIAN_POINT('',(-0.0199809644316372,0.005,0.0508723877473067));
#7058=CARTESIAN_POINT('',(-0.0179203186929114,0.005,0.0507824180113536));
#7059=CARTESIAN_POINT('',(-0.0178548896118634,0.005,0.0522809903437264));
#7060=CARTESIAN_POINT('',(-0.0163669821442081,0.005,0.0520909078150825));
#7061=CARTESIAN_POINT('',(1.38777878078145E-17,0.005,0.05));
#7062=CARTESIAN_POINT('',(0.00215368217163081,0.005,0.0336411597873321));
#7063=CARTESIAN_POINT('',(0.00261052384440099,0.005,0.0301711027725238));
#7064=CARTESIAN_POINT('',(0.00286489381873402,0.005,0.0282389709938299));
#7065=CARTESIAN_POINT('',(0.00435206111079474,0.005,0.0284347602821599));
#7066=CARTESIAN_POINT('',(0.00464879255016711,0.005,0.0269644030286708));
#7067=CARTESIAN_POINT('',(-2.08166817117217E-17,0.005,0.05));
#7068=CARTESIAN_POINT('',(0.023353108537806,0.005,0.047376582072667));
#7069=CARTESIAN_POINT('',(0.0218624845885844,0.005,0.0475440342807946));
#7070=CARTESIAN_POINT('',(0.0219279136696323,0.005,0.0490426066131674));
#7071=CARTESIAN_POINT('',(0.0199809644316371,0.005,0.0491276122526933));
#7072=CARTESIAN_POINT('',(0.0164842956561007,0.005,0.049280280108472));
#7073=CARTESIAN_POINT('',(1.38777878078145E-17,0.005,0.05));
#7074=CARTESIAN_POINT('',(-0.00350942776489988,0.005,0.066122466212182));
#7075=CARTESIAN_POINT('',(-0.00382846665261805,0.005,0.067588144958744));
#7076=CARTESIAN_POINT('',(-0.0526105238444011,0.005,0.0698288972274762));
#7077=CARTESIAN_POINT('',(-0.0528648938187341,0.005,0.0717610290061702));
#7078=CARTESIAN_POINT('',(-0.0523412993605573,0.005,0.0677839342470741));
#7079=CARTESIAN_POINT('',(-0.0543520611107948,0.005,0.0715652397178401));
#7080=CARTESIAN_POINT('',(-0.0546487925501672,0.005,0.0730355969713292));
#7081=CARTESIAN_POINT('',(-0.05,0.005,0.05));
#7082=CARTESIAN_POINT('',(-0.073353108537806,0.005,0.052623417927333));
#7083=CARTESIAN_POINT('',(-0.0718624845885844,0.005,0.0524559657192054));
#7084=CARTESIAN_POINT('',(-0.0719279136696324,0.005,0.0509573933868326));
#7085=CARTESIAN_POINT('',(-0.0699809644316372,0.005,0.0508723877473067));
#7086=CARTESIAN_POINT('',(-0.0679203186929114,0.005,0.0507824180113536));
#7087=CARTESIAN_POINT('',(-0.0678548896118634,0.005,0.0522809903437264));
#7088=CARTESIAN_POINT('',(-0.0663669821442081,0.005,0.0520909078150825));
#7089=CARTESIAN_POINT('',(-0.05,0.005,0.05));
#7090=CARTESIAN_POINT('',(-0.0478463178283692,0.005,0.0336411597873321));
#7091=CARTESIAN_POINT('',(-0.047389476155599,0.005,0.0301711027725238));
#7092=CARTESIAN_POINT('',(-0.047135106181266,0.005,0.0282389709938299));
#7093=CARTESIAN_POINT('',(-0.0456479388892053,0.005,0.0284347602821599));
#7094=CARTESIAN_POINT('',(-0.0453512074498329,0.005,0.0269644030286708));
#7095=CARTESIAN_POINT('',(-0.05,0.005,0.05));
#7096=CARTESIAN_POINT('',(-0.026646891462194,0.005,0.047376582072667));
#7097=CARTESIAN_POINT('',(-0.0281375154114157,0.005,0.0475440342807946));
#7098=CARTESIAN_POINT('',(-0.0280720863303677,0.005,0.0490426066131674));
#7099=CARTESIAN_POINT('',(-0.0300190355683628,0.005,0.0491276122526933));
#7100=CARTESIAN_POINT('',(-0.0335157043438993,0.005,0.049280280108472));
#7101=CARTESIAN_POINT('',(-0.05,0.005,0.05));
#7102=CARTESIAN_POINT('',(-0.0535094277648999,0.005,0.066122466212182));
#7103=CARTESIAN_POINT('',(-0.0538284666526181,0.005,0.067588144958744));
#7104=CARTESIAN_POINT('',(0.047389476155599,0.005,0.0198288972274762));
#7105=CARTESIAN_POINT('',(0.0471351061812659,0.005,0.0217610290061702));
#7106=CARTESIAN_POINT('',(0.0476587006394427,0.005,0.017783934247074));
#7107=CARTESIAN_POINT('',(0.0456479388892052,0.005,0.02156523971784));
#7108=CARTESIAN_POINT('',(0.0453512074498328,0.005,0.0230355969713292));
#7109=CARTESIAN_POINT('',(0.05,0.005,0.));
#7110=CARTESIAN_POINT('',(0.026646891462194,0.005,0.00262341792733305));
#7111=CARTESIAN_POINT('',(0.0281375154114156,0.005,0.0024559657192054));
#7112=CARTESIAN_POINT('',(0.0280720863303676,0.005,0.000957393386832619));
#7113=CARTESIAN_POINT('',(0.0300190355683628,0.005,0.00087238774730674));
#7114=CARTESIAN_POINT('',(0.0320796813070886,0.005,0.000782418011353563));
#7115=CARTESIAN_POINT('',(0.0321451103881366,0.005,0.00228099034372635));
#7116=CARTESIAN_POINT('',(0.0336330178557919,0.005,0.00209090781508248));
#7117=CARTESIAN_POINT('',(0.05,0.005,-1.01033360929657E-18));
#7118=CARTESIAN_POINT('',(0.0521536821716308,0.005,-0.0163588402126679));
#7119=CARTESIAN_POINT('',(0.052610523844401,0.005,-0.0198288972274762));
#7120=CARTESIAN_POINT('',(0.052864893818734,0.005,-0.0217610290061702));
#7121=CARTESIAN_POINT('',(0.0543520611107948,0.005,-0.0215652397178401));
#7122=CARTESIAN_POINT('',(0.0546487925501671,0.005,-0.0230355969713292));
#7123=CARTESIAN_POINT('',(0.05,0.005,0.));
#7124=CARTESIAN_POINT('',(0.073353108537806,0.005,-0.00262341792733302));
#7125=CARTESIAN_POINT('',(0.0718624845885843,0.005,-0.00245596571920538));
#7126=CARTESIAN_POINT('',(0.0719279136696323,0.005,-0.000957393386832598));
#7127=CARTESIAN_POINT('',(0.0699809644316372,0.005,-0.000872387747306719));
#7128=CARTESIAN_POINT('',(0.0664842956561007,0.005,-0.00071971989152804));
#7129=CARTESIAN_POINT('',(0.05,0.005,-1.01033360929657E-18));
#7130=CARTESIAN_POINT('',(0.0464905722351001,0.005,0.016122466212182));
#7131=CARTESIAN_POINT('',(0.046171533347382,0.005,0.017588144958744));
#7132=CARTESIAN_POINT('',(-0.00261052384440105,0.005,0.0198288972274762));
#7133=CARTESIAN_POINT('',(-0.00286489381873408,0.005,0.0217610290061702));
#7134=CARTESIAN_POINT('',(-0.00234129936055734,0.005,0.017783934247074));
#7135=CARTESIAN_POINT('',(-0.0043520611107948,0.005,0.02156523971784));
#7136=CARTESIAN_POINT('',(-0.00464879255016716,0.005,0.0230355969713292));
#7137=CARTESIAN_POINT('',(-2.08166817117217E-17,0.005,0.));
#7138=CARTESIAN_POINT('',(-0.023353108537806,0.005,0.00262341792733305));
#7139=CARTESIAN_POINT('',(-0.0218624845885844,0.005,0.0024559657192054));
#7140=CARTESIAN_POINT('',(-0.0219279136696323,0.005,0.000957393386832619));
#7141=CARTESIAN_POINT('',(-0.0199809644316372,0.005,0.00087238774730674));
#7142=CARTESIAN_POINT('',(-0.0179203186929114,0.005,0.000782418011353563));
#7143=CARTESIAN_POINT('',(-0.0178548896118634,0.005,0.00228099034372635));
#7144=CARTESIAN_POINT('',(-0.0163669821442081,0.005,0.00209090781508248));
#7145=CARTESIAN_POINT('',(0.,0.005,-1.01033360929657E-18));
#7146=CARTESIAN_POINT('',(0.00215368217163081,0.005,-0.0163588402126679));
#7147=CARTESIAN_POINT('',(0.00261052384440099,0.005,-0.0198288972274762));
#7148=CARTESIAN_POINT('',(0.00286489381873402,0.005,-0.0217610290061702));
#7149=CARTESIAN_POINT('',(0.00435206111079474,0.005,-0.0215652397178401));
#7150=CARTESIAN_POINT('',(0.00464879255016711,0.005,-0.0230355969713292));
#7151=CARTESIAN_POINT('',(-2.08166817117217E-17,0.005,0.));
#7152=CARTESIAN_POINT('',(0.023353108537806,0.005,-0.00262341792733302));
#7153=CARTESIAN_POINT('',(0.0218624845885844,0.005,-0.00245596571920538));
#7154=CARTESIAN_POINT('',(0.0219279136696323,0.005,-0.000957393386832599));
#7155=CARTESIAN_POINT('',(0.0199809644316371,0.005,-0.000872387747306719));
#7156=CARTESIAN_POINT('',(0.0164842956561007,0.005,-0.00071971989152804));
#7157=CARTESIAN_POINT('',(0.,0.005,-1.01033360929657E-18));
#7158=CARTESIAN_POINT('',(-0.00350942776489989,0.005,0.016122466212182));
#7159=CARTESIAN_POINT('',(-0.00382846665261806,0.005,0.017588144958744));
#7160=CARTESIAN_POINT('',(-0.0526105238444011,0.005,0.0198288972274762));
#7161=CARTESIAN_POINT('',(-0.0528648938187341,0.005,0.0217610290061702));
#7162=CARTESIAN_POINT('',(-0.0523412993605573,0.005,0.017783934247074));
#7163=CARTESIAN_POINT('',(-0.0543520611107948,0.005,0.02156523971784));
#7164=CARTESIAN_POINT('',(-0.0546487925501672,0.005,0.0230355969713292));
#7165=CARTESIAN_POINT('',(-0.05,0.005,0.));
#7166=CARTESIAN_POINT('',(-0.073353108537806,0.005,0.00262341792733305));
#7167=CARTESIAN_POINT('',(-0.0718624845885844,0.005,0.0024559657192054));
#7168=CARTESIAN_POINT('',(-0.0719279136696324,0.005,0.00095739338683262));
#7169=CARTESIAN_POINT('',(-0.0699809644316372,0.005,0.00087238774730674));
#7170=CARTESIAN_POINT('',(-0.0679203186929114,0.005,0.000782418011353563));
#7171=CARTESIAN_POINT('',(-0.0678548896118634,0.005,0.00228099034372635));
#7172=CARTESIAN_POINT('',(-0.0663669821442081,0.005,0.00209090781508248));
#7173=CARTESIAN_POINT('',(-0.05,0.005,-1.01033360929657E-18));
#7174=CARTESIAN_POINT('',(-0.0478463178283692,0.005,-0.0163588402126679));
#7175=CARTESIAN_POINT('',(-0.047389476155599,0.005,-0.0198288972274762));
#7176=CARTESIAN_POINT('',(-0.047135106181266,0.005,-0.0217610290061702));
#7177=CARTESIAN_POINT('',(-0.0456479388892053,0.005,-0.0215652397178401));
#7178=CARTESIAN_POINT('',(-0.0453512074498329,0.005,-0.0230355969713292));
#7179=CARTESIAN_POINT('',(-0.05,0.005,0.));
#7180=CARTESIAN_POINT('',(-0.026646891462194,0.005,-0.00262341792733302));
#7181=CARTESIAN_POINT('',(-0.0281375154114157,0.005,-0.00245596571920538));
#7182=CARTESIAN_POINT('',(-0.0280720863303677,0.005,-0.000957393386832598));
#7183=CARTESIAN_POINT('',(-0.0300190355683628,0.005,-0.000872387747306719));
#7184=CARTESIAN_POINT('',(-0.0335157043438993,0.005,-0.00071971989152804));
#7185=CARTESIAN_POINT('',(-0.05,0.005,-1.01033360929657E-18));
#7186=CARTESIAN_POINT('',(-0.0535094277648999,0.005,0.016122466212182));
#7187=CARTESIAN_POINT('',(-0.0538284666526181,0.005,0.017588144958744));
#7188=CARTESIAN_POINT('',(0.047389476155599,0.005,-0.0301711027725238));
#7189=CARTESIAN_POINT('',(0.0471351061812659,0.005,-0.0282389709938299));
#7190=CARTESIAN_POINT('',(0.0476587006394427,0.005,-0.0322160657529259));
#7191=CARTESIAN_POINT('',(0.0456479388892052,0.005,-0.0284347602821599));
#7192=CARTESIAN_POINT('',(0.0453512074498328,0.005,-0.0269644030286709));
#7193=CARTESIAN_POINT('',(0.05,0.005,-0.05));
#7194=CARTESIAN_POINT('',(0.026646891462194,0.005,-0.047376582072667));
#7195=CARTESIAN_POINT('',(0.0281375154114156,0.005,-0.0475440342807946));
#7196=CARTESIAN_POINT('',(0.0280720863303676,0.005,-0.0490426066131674));
#7197=CARTESIAN_POINT('',(0.0300190355683628,0.005,-0.0491276122526933));
#7198=CARTESIAN_POINT('',(0.0320796813070886,0.005,-0.0492175819886464));
#7199=CARTESIAN_POINT('',(0.0321451103881366,0.005,-0.0477190096562737));
#7200=CARTESIAN_POINT('',(0.0336330178557919,0.005,-0.0479090921849175));
#7201=CARTESIAN_POINT('',(0.05,0.005,-0.05));
#7202=CARTESIAN_POINT('',(0.0521536821716308,0.005,-0.0663588402126679));
#7203=CARTESIAN_POINT('',(0.052610523844401,0.005,-0.0698288972274762));
#7204=CARTESIAN_POINT('',(0.052864893818734,0.005,-0.0717610290061702));
#7205=CARTESIAN_POINT('',(0.0543520611107948,0.005,-0.0715652397178401));
#7206=CARTESIAN_POINT('',(0.0546487925501671,0.005,-0.0730355969713292));
#7207=CARTESIAN_POINT('',(0.05,0.005,-0.05));
#7208=CARTESIAN_POINT('',(0.073353108537806,0.005,-0.052623417927333));
#7209=CARTESIAN_POINT('',(0.0718624845885843,0.005,-0.0524559657192054));
#7210=CARTESIAN_POINT('',(0.0719279136696323,0.005,-0.0509573933868326));
#7211=CARTESIAN_POINT('',(0.0699809644316372,0.005,-0.0508723877473067));
#7212=CARTESIAN_POINT('',(0.0664842956561006,0.005,-0.050719719891528));
#7213=CARTESIAN_POINT('',(0.05,0.005,-0.05));
#7214=CARTESIAN_POINT('',(0.0464905722351001,0.005,-0.033877533787818));
#7215=CARTESIAN_POINT('',(0.046171533347382,0.005,-0.032411855041256));
#7216=CARTESIAN_POINT('',(-0.00261052384440104,0.005,-0.0301711027725238));
#7217=CARTESIAN_POINT('',(-0.00286489381873407,0.005,-0.0282389709938299));
#7218=CARTESIAN_POINT('',(-0.00234129936055733,0.005,-0.0322160657529259));
#7219=CARTESIAN_POINT('',(-0.00435206111079479,0.005,-0.0284347602821599));
#7220=CARTESIAN_POINT('',(-0.00464879255016716,0.005,-0.0269644030286709));
#7221=CARTESIAN_POINT('',(-1.38777878078145E-17,0.005,-0.05));
#7222=CARTESIAN_POINT('',(-0.023353108537806,0.005,-0.047376582072667));
#7223=CARTESIAN_POINT('',(-0.0218624845885844,0.005,-0.0475440342807946));
#7224=CARTESIAN_POINT('',(-0.0219279136696323,0.005,-0.0490426066131674));
#7225=CARTESIAN_POINT('',(-0.0199809644316372,0.005,-0.0491276122526933));
#7226=CARTESIAN_POINT('',(-0.0179203186929114,0.005,-0.0492175819886464));
#7227=CARTESIAN_POINT('',(-0.0178548896118634,0.005,-0.0477190096562737));
#7228=CARTESIAN_POINT('',(-0.0163669821442081,0.005,-0.0479090921849175));
#7229=CARTESIAN_POINT('',(-1.38777878078145E-17,0.005,-0.05));
#7230=CARTESIAN_POINT('',(0.00215368217163081,0.005,-0.0663588402126679));
#7231=CARTESIAN_POINT('',(0.002610523844401,0.005,-0.0698288972274762));
#7232=CARTESIAN_POINT('',(0.00286489381873403,0.005,-0.0717610290061702));
#7233=CARTESIAN_POINT('',(0.00435206111079475,0.005,-0.0715652397178401));
#7234=CARTESIAN_POINT('',(0.00464879255016712,0.005,-0.0730355969713292));
#7235=CARTESIAN_POINT('',(-1.38777878078145E-17,0.005,-0.05));
#7236=CARTESIAN_POINT('',(0.023353108537806,0.005,-0.052623417927333));
#7237=CARTESIAN_POINT('',(0.0218624845885844,0.005,-0.0524559657192054));
#7238=CARTESIAN_POINT('',(0.0219279136696323,0.005,-0.0509573933868326));
#7239=CARTESIAN_POINT('',(0.0199809644316371,0.005,-0.0508723877473067));
#7240=CARTESIAN_POINT('',(0.0164842956561007,0.005,-0.050719719891528));
#7241=CARTESIAN_POINT('',(-1.38777878078145E-17,0.005,-0.05));
#7242=CARTESIAN_POINT('',(-0.00350942776489988,0.005,-0.033877533787818));
#7243=CARTESIAN_POINT('',(-0.00382846665261805,0.005,-0.032411855041256));
#7244=CARTESIAN_POINT('',(-0.052610523844401,0.005,-0.0301711027725238));
#7245=CARTESIAN_POINT('',(-0.0528648938187341,0.005,-0.0282389709938299));
#7246=CARTESIAN_POINT('',(-0.0523412993605573,0.005,-0.0322160657529259));
#7247=CARTESIAN_POINT('',(-0.0543520611107948,0.005,-0.0284347602821599));
#7248=CARTESIAN_POINT('',(-0.0546487925501672,0.005,-0.0269644030286709));
#7249=CARTESIAN_POINT('',(-0.05,0.005,-0.05));
#7250=CARTESIAN_POINT('',(-0.073353108537806,0.005,-0.047376582072667));
#7251=CARTESIAN_POINT('',(-0.0718624845885843,0.005,-0.0475440342807946));
#7252=CARTESIAN_POINT('',(-0.0719279136696324,0.005,-0.0490426066131674));
#7253=CARTESIAN_POINT('',(-0.0699809644316372,0.005,-0.0491276122526933));
#7254=CARTESIAN_POINT('',(-0.0679203186929114,0.005,-0.0492175819886464));
#7255=CARTESIAN_POINT('',(-0.0678548896118634,0.005,-0.0477190096562737));
#7256=CARTESIAN_POINT('',(-0.0663669821442081,0.005,-0.0479090921849175));
#7257=CARTESIAN_POINT('',(-0.05,0.005,-0.05));
#7258=CARTESIAN_POINT('',(-0.0478463178283692,0.005,-0.0663588402126679));
#7259=CARTESIAN_POINT('',(-0.047389476155599,0.005,-0.0698288972274762));
#7260=CARTESIAN_POINT('',(-0.047135106181266,0.005,-0.0717610290061702));
#7261=CARTESIAN_POINT('',(-0.0456479388892053,0.005,-0.0715652397178401));
#7262=CARTESIAN_POINT('',(-0.0453512074498329,0.005,-0.0730355969713292));
#7263=CARTESIAN_POINT('',(-0.05,0.005,-0.05));
#7264=CARTESIAN_POINT('',(-0.026646891462194,0.005,-0.052623417927333));
#7265=CARTESIAN_POINT('',(-0.0281375154114157,0.005,-0.0524559657192054));
#7266=CARTESIAN_POINT('',(-0.0280720863303676,0.005,-0.0509573933868326));
#7267=CARTESIAN_POINT('',(-0.0300190355683628,0.005,-0.0508723877473067));
#7268=CARTESIAN_POINT('',(-0.0335157043438993,0.005,-0.050719719891528));
#7269=CARTESIAN_POINT('',(-0.05,0.005,-0.05));
#7270=CARTESIAN_POINT('',(-0.0535094277648999,0.005,-0.033877533787818));
#7271=CARTESIAN_POINT('',(-0.0538284666526181,0.005,-0.032411855041256));
#7272=CARTESIAN_POINT('',(0.08,0.005,6.93889390390723E-18));
#7273=CARTESIAN_POINT('',(0.08,0.005,-0.072));
#7274=CARTESIAN_POINT('',(0.08,-0.0046,-0.072));
#7275=CARTESIAN_POINT('',(0.08,0.0046,-0.072));
#7276=CARTESIAN_POINT('',(0.08,0.0046,6.93889390390723E-18));
#7277=CARTESIAN_POINT('',(0.08,0.0046,0.08));
#7278=CARTESIAN_POINT('',(0.08,0.005,0.08));
#7279=CARTESIAN_POINT('',(0.08,-0.0046,0.08));
#7280=CARTESIAN_POINT('',(0.08,-0.0046,-0.072));
#7281=CARTESIAN_POINT('',(1.38777878078145E-17,0.005,-0.08));
#7282=CARTESIAN_POINT('',(-0.072,0.005,-0.08));
#7283=CARTESIAN_POINT('',(-0.072,-0.0046,-0.08));
#7284=CARTESIAN_POINT('',(-0.072,0.0046,-0.08));
#7285=CARTESIAN_POINT('',(0.072,0.0046,-0.08));
#7286=CARTESIAN_POINT('',(0.072,0.0046,-0.08));
#7287=CARTESIAN_POINT('',(0.072,-0.005,-0.08));
#7288=CARTESIAN_POINT('',(0.072,-0.0046,-0.08));
#7289=CARTESIAN_POINT('',(1.38777878078145E-17,-0.0046,-0.08));
#7290=CARTESIAN_POINT('',(-0.08,0.005,6.93889390390723E-18));
#7291=CARTESIAN_POINT('',(-0.08,0.005,0.08));
#7292=CARTESIAN_POINT('',(-0.08,0.0046,0.08));
#7293=CARTESIAN_POINT('',(-0.08,-0.0046,0.08));
#7294=CARTESIAN_POINT('',(-0.08,0.0046,-0.072));
#7295=CARTESIAN_POINT('',(-0.08,0.0046,-0.072));
#7296=CARTESIAN_POINT('',(-0.08,0.005,-0.072));
#7297=CARTESIAN_POINT('',(-0.08,-0.0046,-0.072));
#7298=CARTESIAN_POINT('',(-0.08,-0.0046,6.93889390390723E-18));
#7299=CARTESIAN_POINT('',(0.,0.005,0.08));
#7300=CARTESIAN_POINT('',(0.06,-1.00157020385197E-17,0.08));
#7301=CARTESIAN_POINT('',(0.06,-0.00322500000000001,0.08));
#7302=CARTESIAN_POINT('',(0.03,-4.61358889999045E-18,0.08));
#7303=CARTESIAN_POINT('',(0.03,-0.003225,0.08));
#7304=CARTESIAN_POINT('',(-9.54097911787244E-18,7.88524238538825E-19,0.08));
#7305=CARTESIAN_POINT('',(-9.54097911787244E-18,-0.003225,0.08));
#7306=CARTESIAN_POINT('',(-0.03,6.1906373770681E-18,0.08));
#7307=CARTESIAN_POINT('',(-0.03,-0.00322499999999999,0.08));
#7308=CARTESIAN_POINT('',(-0.06,1.15927505155974E-17,0.08));
#7309=CARTESIAN_POINT('',(-0.06,-0.00322499999999999,0.08));
#7310=CARTESIAN_POINT('',(0.,0.0046,0.08));
#7311=CARTESIAN_POINT('',(0.08,-0.0046,0.08));
#7312=CARTESIAN_POINT('',(0.,-0.005,0.));
#7313=CARTESIAN_POINT('',(-0.08,-0.005,0.0796));
#7314=CARTESIAN_POINT('',(0.0796,-0.005,0.0796));
#7315=CARTESIAN_POINT('',(-0.0796,-0.005,0.0796));
#7316=CARTESIAN_POINT('',(-0.0796,-0.005,-6.90419943438769E-18));
#7317=CARTESIAN_POINT('',(-0.0796,-0.005,-0.072));
#7318=CARTESIAN_POINT('',(-0.072,-0.005,-0.072));
#7319=CARTESIAN_POINT('',(-0.072,-0.005,-0.0796));
#7320=CARTESIAN_POINT('',(0.,-0.005,-0.0796));
#7321=CARTESIAN_POINT('',(0.072,-0.005,-0.0796));
#7322=CARTESIAN_POINT('',(0.072,-0.005,-0.072));
#7323=CARTESIAN_POINT('',(0.0796,-0.005,-0.072));
#7324=CARTESIAN_POINT('',(0.0796,-0.005,0.08));
#7325=CARTESIAN_POINT('',(-0.05,0.003,-0.05));
#7326=CARTESIAN_POINT('',(-0.05,0.003,-0.05));
#7327=CARTESIAN_POINT('',(-0.0335,0.003,-0.05));
#7328=CARTESIAN_POINT('',(-0.05,0.017,-0.05));
#7329=CARTESIAN_POINT('',(-0.033649391671174,0.017,-0.0522153120045093));
#7330=CARTESIAN_POINT('',(-0.046368068513214,0.017,-0.0660953121645805));
#7331=CARTESIAN_POINT('',(-0.046368068513214,0.017,-0.0660953121645805));
#7332=CARTESIAN_POINT('',(-0.0467548194747449,0.017,-0.0661825831028739));
#7333=CARTESIAN_POINT('',(-0.0475203396316325,0.0166751905731876,-0.0663203455357119));
#7334=CARTESIAN_POINT('',(-0.0478463178283692,0.0158964905508861,-0.0663588402126679));
#7335=CARTESIAN_POINT('',(-0.0478463178283692,0.0155,-0.0663588402126679));
#7336=CARTESIAN_POINT('',(-0.0478463178283692,0.0155,-0.0663588402126679));
#7337=CARTESIAN_POINT('',(-0.0478463178283692,0.017,-0.0663588402126679));
#7338=CARTESIAN_POINT('',(-0.0663669821442081,0.003,-0.0479090921849175));
#7339=CARTESIAN_POINT('',(-0.0663669821442081,0.0169947825928877,-0.0479090921849175));
#7340=CARTESIAN_POINT('',(-0.0663669821442081,0.0169947825928877,-0.0479090921849175));
#7341=CARTESIAN_POINT('',(-0.066361691052581,0.0169982620628743,-0.0478676751499057));
#7342=CARTESIAN_POINT('',(-0.0663562336530325,0.017,-0.0478262069655656));
#7343=CARTESIAN_POINT('',(-0.0663506083288261,0.017,-0.0477846879954907));
#7344=CARTESIAN_POINT('',(-0.0663506083288261,0.017,-0.0477846879954907));
#7345=CARTESIAN_POINT('',(-0.05,0.017,-0.05));
#7346=CARTESIAN_POINT('',(-0.0536319314867861,0.017,-0.0339046878354195));
#7347=CARTESIAN_POINT('',(-0.0536319314867861,0.017,-0.0339046878354195));
#7348=CARTESIAN_POINT('',(-0.0535910607882366,0.017,-0.0338954653005951));
#7349=CARTESIAN_POINT('',(-0.0535502260465686,0.0169982620628743,-0.0338864144776929));
#7350=CARTESIAN_POINT('',(-0.0535094277648999,0.0169947825928877,-0.033877533787818));
#7351=CARTESIAN_POINT('',(-0.0535094277648999,0.0169947825928877,-0.033877533787818));
#7352=CARTESIAN_POINT('',(-0.0535094277648999,0.003,-0.033877533787818));
#7353=CARTESIAN_POINT('',(-0.0335157043438993,0.017,-0.050719719891528));
#7354=CARTESIAN_POINT('',(-0.0335157043438993,0.0155,-0.050719719891528));
#7355=CARTESIAN_POINT('',(-0.0335157043438993,0.0155,-0.050719719891528));
#7356=CARTESIAN_POINT('',(-0.0335157043438993,0.0158964933597122,-0.050719719891528));
#7357=CARTESIAN_POINT('',(-0.0335255343640272,0.0166736519690005,-0.0510462831005642));
#7358=CARTESIAN_POINT('',(-0.0335961586789323,0.017,-0.0518224139366329));
#7359=CARTESIAN_POINT('',(-0.033649391671174,0.017,-0.0522153120045093));
#7360=CARTESIAN_POINT('',(0.,0.003,0.));
#7361=CARTESIAN_POINT('',(1.38777878078145E-17,0.003,0.05));
#7362=CARTESIAN_POINT('',(1.38777878078145E-17,0.003,0.05));
#7363=CARTESIAN_POINT('',(0.0165,0.003,0.05));
#7364=CARTESIAN_POINT('',(-2.08166817117217E-17,0.017,0.05));
#7365=CARTESIAN_POINT('',(0.0163506083288261,0.017,0.0477846879954907));
#7366=CARTESIAN_POINT('',(0.003631931486786,0.017,0.0339046878354195));
#7367=CARTESIAN_POINT('',(0.003631931486786,0.017,0.0339046878354195));
#7368=CARTESIAN_POINT('',(0.0032451805252551,0.017,0.0338174168971261));
#7369=CARTESIAN_POINT('',(0.00247966036836748,0.0166751905731876,0.0336796544642881));
#7370=CARTESIAN_POINT('',(0.00215368217163081,0.0158964905508861,0.0336411597873321));
#7371=CARTESIAN_POINT('',(0.00215368217163081,0.0155,0.0336411597873321));
#7372=CARTESIAN_POINT('',(0.00215368217163081,0.0155,0.0336411597873321));
#7373=CARTESIAN_POINT('',(0.00215368217163081,0.017,0.0336411597873321));
#7374=CARTESIAN_POINT('',(-0.0163669821442081,0.003,0.0520909078150825));
#7375=CARTESIAN_POINT('',(-0.0163669821442081,0.0169947825928877,0.0520909078150825));
#7376=CARTESIAN_POINT('',(-0.0163669821442081,0.0169947825928877,0.0520909078150825));
#7377=CARTESIAN_POINT('',(-0.016361691052581,0.0169982620628743,0.0521323248500943));
#7378=CARTESIAN_POINT('',(-0.0163562336530325,0.017,0.0521737930344344));
#7379=CARTESIAN_POINT('',(-0.0163506083288261,0.017,0.0522153120045093));
#7380=CARTESIAN_POINT('',(-0.0163506083288261,0.017,0.0522153120045093));
#7381=CARTESIAN_POINT('',(-2.08166817117217E-17,0.017,0.05));
#7382=CARTESIAN_POINT('',(-0.00363193148678606,0.017,0.0660953121645805));
#7383=CARTESIAN_POINT('',(-0.00363193148678606,0.017,0.0660953121645805));
#7384=CARTESIAN_POINT('',(-0.00359106078823659,0.017,0.066104534699405));
#7385=CARTESIAN_POINT('',(-0.0035502260465686,0.0169982620628743,0.0661135855223071));
#7386=CARTESIAN_POINT('',(-0.00350942776489989,0.0169947825928877,0.066122466212182));
#7387=CARTESIAN_POINT('',(-0.00350942776489988,0.0169947825928877,0.066122466212182));
#7388=CARTESIAN_POINT('',(-0.00350942776489988,0.003,0.066122466212182));
#7389=CARTESIAN_POINT('',(0.0164842956561007,0.017,0.049280280108472));
#7390=CARTESIAN_POINT('',(0.0164842956561007,0.0155,0.049280280108472));
#7391=CARTESIAN_POINT('',(0.0164842956561007,0.0155,0.049280280108472));
#7392=CARTESIAN_POINT('',(0.0164842956561007,0.0158964933597122,0.049280280108472));
#7393=CARTESIAN_POINT('',(0.0164744656359729,0.0166736519690005,0.0489537168994358));
#7394=CARTESIAN_POINT('',(0.0164038413210678,0.017,0.0481775860633671));
#7395=CARTESIAN_POINT('',(0.0163506083288261,0.017,0.0477846879954907));
#7396=CARTESIAN_POINT('',(0.,0.003,0.));
#7397=CARTESIAN_POINT('',(-1.3010426069826E-18,0.003,0.0465));
#7398=CARTESIAN_POINT('',(0.0015,0.003,0.0465));
#7399=CARTESIAN_POINT('',(0.,0.003,0.0535));
#7400=CARTESIAN_POINT('',(0.0015,0.003,0.0535));
#7401=CARTESIAN_POINT('',(0.05,0.003,-0.05));
#7402=CARTESIAN_POINT('',(0.05,0.003,-0.05));
#7403=CARTESIAN_POINT('',(0.0665,0.003,-0.05));
#7404=CARTESIAN_POINT('',(0.05,0.017,-0.05));
#7405=CARTESIAN_POINT('',(0.0663506083288261,0.017,-0.0522153120045093));
#7406=CARTESIAN_POINT('',(0.053631931486786,0.017,-0.0660953121645805));
#7407=CARTESIAN_POINT('',(0.053631931486786,0.017,-0.0660953121645805));
#7408=CARTESIAN_POINT('',(0.0532451805252551,0.017,-0.0661825831028739));
#7409=CARTESIAN_POINT('',(0.0524796603683675,0.0166751905731876,-0.0663203455357119));
#7410=CARTESIAN_POINT('',(0.0521536821716308,0.0158964905508861,-0.0663588402126679));
#7411=CARTESIAN_POINT('',(0.0521536821716308,0.0155,-0.0663588402126679));
#7412=CARTESIAN_POINT('',(0.0521536821716308,0.0155,-0.0663588402126679));
#7413=CARTESIAN_POINT('',(0.0521536821716308,0.017,-0.0663588402126679));
#7414=CARTESIAN_POINT('',(0.0336330178557919,0.003,-0.0479090921849175));
#7415=CARTESIAN_POINT('',(0.0336330178557919,0.0169947825928877,-0.0479090921849175));
#7416=CARTESIAN_POINT('',(0.0336330178557919,0.0169947825928877,-0.0479090921849175));
#7417=CARTESIAN_POINT('',(0.033638308947419,0.0169982620628743,-0.0478676751499057));
#7418=CARTESIAN_POINT('',(0.0336437663469675,0.017,-0.0478262069655656));
#7419=CARTESIAN_POINT('',(0.0336493916711739,0.017,-0.0477846879954907));
#7420=CARTESIAN_POINT('',(0.0336493916711739,0.017,-0.0477846879954907));
#7421=CARTESIAN_POINT('',(0.05,0.017,-0.05));
#7422=CARTESIAN_POINT('',(0.046368068513214,0.017,-0.0339046878354195));
#7423=CARTESIAN_POINT('',(0.046368068513214,0.017,-0.0339046878354195));
#7424=CARTESIAN_POINT('',(0.0464089392117635,0.017,-0.0338954653005951));
#7425=CARTESIAN_POINT('',(0.0464497739534314,0.0169982620628743,-0.0338864144776929));
#7426=CARTESIAN_POINT('',(0.0464905722351001,0.0169947825928877,-0.033877533787818));
#7427=CARTESIAN_POINT('',(0.0464905722351001,0.0169947825928877,-0.033877533787818));
#7428=CARTESIAN_POINT('',(0.0464905722351001,0.003,-0.033877533787818));
#7429=CARTESIAN_POINT('',(0.0664842956561006,0.017,-0.050719719891528));
#7430=CARTESIAN_POINT('',(0.0664842956561006,0.0155,-0.050719719891528));
#7431=CARTESIAN_POINT('',(0.0664842956561006,0.0155,-0.050719719891528));
#7432=CARTESIAN_POINT('',(0.0664842956561006,0.0158964933597122,-0.050719719891528));
#7433=CARTESIAN_POINT('',(0.0664744656359729,0.0166736519690005,-0.0510462831005642));
#7434=CARTESIAN_POINT('',(0.0664038413210678,0.017,-0.0518224139366329));
#7435=CARTESIAN_POINT('',(0.0663506083288261,0.017,-0.0522153120045093));
#7436=CARTESIAN_POINT('',(0.,0.003,0.));
#7437=CARTESIAN_POINT('',(0.05,0.003,-1.01033360929657E-18));
#7438=CARTESIAN_POINT('',(0.05,0.003,-1.01033360929657E-18));
#7439=CARTESIAN_POINT('',(0.0665,0.003,-1.01033360929657E-18));
#7440=CARTESIAN_POINT('',(0.05,0.017,0.));
#7441=CARTESIAN_POINT('',(0.0663506083288261,0.017,-0.00221531200450928));
#7442=CARTESIAN_POINT('',(0.053631931486786,0.017,-0.0160953121645805));
#7443=CARTESIAN_POINT('',(0.053631931486786,0.017,-0.0160953121645805));
#7444=CARTESIAN_POINT('',(0.0532451805252551,0.017,-0.0161825831028739));
#7445=CARTESIAN_POINT('',(0.0524796603683675,0.0166751905731876,-0.0163203455357119));
#7446=CARTESIAN_POINT('',(0.0521536821716308,0.0158964905508861,-0.0163588402126679));
#7447=CARTESIAN_POINT('',(0.0521536821716308,0.0155,-0.0163588402126679));
#7448=CARTESIAN_POINT('',(0.0521536821716308,0.0155,-0.0163588402126678));
#7449=CARTESIAN_POINT('',(0.0521536821716308,0.017,-0.0163588402126678));
#7450=CARTESIAN_POINT('',(0.0336330178557919,0.003,0.00209090781508248));
#7451=CARTESIAN_POINT('',(0.0336330178557919,0.0169947825928877,0.00209090781508248));
#7452=CARTESIAN_POINT('',(0.0336330178557919,0.0169947825928877,0.00209090781508248));
#7453=CARTESIAN_POINT('',(0.033638308947419,0.0169982620628743,0.00213232485009426));
#7454=CARTESIAN_POINT('',(0.0336437663469675,0.017,0.00217379303443439));
#7455=CARTESIAN_POINT('',(0.0336493916711739,0.017,0.00221531200450932));
#7456=CARTESIAN_POINT('',(0.0336493916711739,0.017,0.00221531200450932));
#7457=CARTESIAN_POINT('',(0.05,0.017,0.));
#7458=CARTESIAN_POINT('',(0.046368068513214,0.017,0.0160953121645805));
#7459=CARTESIAN_POINT('',(0.046368068513214,0.017,0.0160953121645805));
#7460=CARTESIAN_POINT('',(0.0464089392117634,0.017,0.0161045346994049));
#7461=CARTESIAN_POINT('',(0.0464497739534314,0.0169982620628743,0.0161135855223071));
#7462=CARTESIAN_POINT('',(0.0464905722351001,0.0169947825928877,0.016122466212182));
#7463=CARTESIAN_POINT('',(0.0464905722351001,0.0169947825928877,0.016122466212182));
#7464=CARTESIAN_POINT('',(0.0464905722351001,0.003,0.016122466212182));
#7465=CARTESIAN_POINT('',(0.0664842956561006,0.017,-0.00071971989152804));
#7466=CARTESIAN_POINT('',(0.0664842956561006,0.0155,-0.00071971989152804));
#7467=CARTESIAN_POINT('',(0.0664842956561006,0.0155,-0.000719719891528039));
#7468=CARTESIAN_POINT('',(0.0664842956561006,0.0158964933597121,-0.000719719891528039));
#7469=CARTESIAN_POINT('',(0.0664744656359729,0.0166736519690005,-0.00104628310056419));
#7470=CARTESIAN_POINT('',(0.0664038413210678,0.017,-0.00182241393663288));
#7471=CARTESIAN_POINT('',(0.0663506083288261,0.017,-0.00221531200450929));
#7472=CARTESIAN_POINT('',(0.,0.003,0.));
#7473=CARTESIAN_POINT('',(0.05,0.003,0.05));
#7474=CARTESIAN_POINT('',(0.05,0.003,0.05));
#7475=CARTESIAN_POINT('',(0.0665,0.003,0.05));
#7476=CARTESIAN_POINT('',(0.05,0.017,0.05));
#7477=CARTESIAN_POINT('',(0.0663506083288261,0.017,0.0477846879954907));
#7478=CARTESIAN_POINT('',(0.053631931486786,0.017,0.0339046878354195));
#7479=CARTESIAN_POINT('',(0.053631931486786,0.017,0.0339046878354195));
#7480=CARTESIAN_POINT('',(0.0532451805252551,0.017,0.0338174168971261));
#7481=CARTESIAN_POINT('',(0.0524796603683675,0.0166751905731877,0.0336796544642881));
#7482=CARTESIAN_POINT('',(0.0521536821716308,0.0158964905508861,0.0336411597873321));
#7483=CARTESIAN_POINT('',(0.0521536821716308,0.0155,0.0336411597873321));
#7484=CARTESIAN_POINT('',(0.0521536821716308,0.0155,0.0336411597873321));
#7485=CARTESIAN_POINT('',(0.0521536821716308,0.017,0.0336411597873321));
#7486=CARTESIAN_POINT('',(0.0336330178557919,0.003,0.0520909078150825));
#7487=CARTESIAN_POINT('',(0.0336330178557919,0.0169947825928877,0.0520909078150825));
#7488=CARTESIAN_POINT('',(0.0336330178557919,0.0169947825928877,0.0520909078150825));
#7489=CARTESIAN_POINT('',(0.033638308947419,0.0169982620628743,0.0521323248500943));
#7490=CARTESIAN_POINT('',(0.0336437663469675,0.017,0.0521737930344344));
#7491=CARTESIAN_POINT('',(0.033649391671174,0.017,0.0522153120045093));
#7492=CARTESIAN_POINT('',(0.0336493916711739,0.017,0.0522153120045093));
#7493=CARTESIAN_POINT('',(0.05,0.017,0.05));
#7494=CARTESIAN_POINT('',(0.0463680685132139,0.017,0.0660953121645805));
#7495=CARTESIAN_POINT('',(0.0463680685132139,0.017,0.0660953121645805));
#7496=CARTESIAN_POINT('',(0.0464089392117634,0.017,0.066104534699405));
#7497=CARTESIAN_POINT('',(0.0464497739534314,0.0169982620628743,0.0661135855223071));
#7498=CARTESIAN_POINT('',(0.0464905722351001,0.0169947825928877,0.066122466212182));
#7499=CARTESIAN_POINT('',(0.0464905722351001,0.0169947825928877,0.066122466212182));
#7500=CARTESIAN_POINT('',(0.0464905722351001,0.003,0.066122466212182));
#7501=CARTESIAN_POINT('',(0.0664842956561006,0.017,0.049280280108472));
#7502=CARTESIAN_POINT('',(0.0664842956561006,0.0155,0.049280280108472));
#7503=CARTESIAN_POINT('',(0.0664842956561006,0.0155,0.049280280108472));
#7504=CARTESIAN_POINT('',(0.0664842956561006,0.0158964933597122,0.049280280108472));
#7505=CARTESIAN_POINT('',(0.0664744656359729,0.0166736519690005,0.0489537168994358));
#7506=CARTESIAN_POINT('',(0.0664038413210678,0.017,0.0481775860633671));
#7507=CARTESIAN_POINT('',(0.0663506083288261,0.017,0.0477846879954907));
#7508=CARTESIAN_POINT('',(0.,0.003,0.));
#7509=CARTESIAN_POINT('',(0.05175,0.003,0.0530310889132456));
#7510=CARTESIAN_POINT('',(0.05325,0.003,0.0530310889132456));
#7511=CARTESIAN_POINT('',(0.0465,0.003,0.05));
#7512=CARTESIAN_POINT('',(0.048,0.003,0.05));
#7513=CARTESIAN_POINT('',(0.05175,0.003,0.0469689110867545));
#7514=CARTESIAN_POINT('',(0.05325,0.003,0.0469689110867545));
#7515=CARTESIAN_POINT('',(0.,0.003,-1.01033360929657E-18));
#7516=CARTESIAN_POINT('',(0.,0.003,-1.01033360929657E-18));
#7517=CARTESIAN_POINT('',(0.0165,0.003,-1.01033360929657E-18));
#7518=CARTESIAN_POINT('',(-2.08166817117217E-17,0.017,0.));
#7519=CARTESIAN_POINT('',(0.0163506083288261,0.017,-0.00221531200450928));
#7520=CARTESIAN_POINT('',(0.003631931486786,0.017,-0.0160953121645805));
#7521=CARTESIAN_POINT('',(0.003631931486786,0.017,-0.0160953121645805));
#7522=CARTESIAN_POINT('',(0.0032451805252551,0.017,-0.0161825831028739));
#7523=CARTESIAN_POINT('',(0.00247966036836748,0.0166751905731876,-0.0163203455357119));
#7524=CARTESIAN_POINT('',(0.00215368217163081,0.0158964905508861,-0.0163588402126679));
#7525=CARTESIAN_POINT('',(0.00215368217163081,0.0155,-0.0163588402126679));
#7526=CARTESIAN_POINT('',(0.00215368217163081,0.0155,-0.0163588402126678));
#7527=CARTESIAN_POINT('',(0.00215368217163081,0.017,-0.0163588402126678));
#7528=CARTESIAN_POINT('',(-0.0163669821442081,0.003,0.00209090781508248));
#7529=CARTESIAN_POINT('',(-0.0163669821442081,0.0169947825928877,0.00209090781508248));
#7530=CARTESIAN_POINT('',(-0.0163669821442081,0.0169947825928877,0.00209090781508248));
#7531=CARTESIAN_POINT('',(-0.016361691052581,0.0169982620628743,0.00213232485009426));
#7532=CARTESIAN_POINT('',(-0.0163562336530325,0.017,0.00217379303443439));
#7533=CARTESIAN_POINT('',(-0.0163506083288261,0.017,0.00221531200450932));
#7534=CARTESIAN_POINT('',(-0.0163506083288261,0.017,0.00221531200450932));
#7535=CARTESIAN_POINT('',(-2.08166817117217E-17,0.017,0.));
#7536=CARTESIAN_POINT('',(-0.00363193148678605,0.017,0.0160953121645805));
#7537=CARTESIAN_POINT('',(-0.00363193148678605,0.017,0.0160953121645805));
#7538=CARTESIAN_POINT('',(-0.00359106078823659,0.017,0.016104534699405));
#7539=CARTESIAN_POINT('',(-0.00355022604656859,0.0169982620628743,0.0161135855223071));
#7540=CARTESIAN_POINT('',(-0.00350942776489988,0.0169947825928877,0.016122466212182));
#7541=CARTESIAN_POINT('',(-0.00350942776489989,0.0169947825928877,0.016122466212182));
#7542=CARTESIAN_POINT('',(-0.00350942776489989,0.003,0.016122466212182));
#7543=CARTESIAN_POINT('',(0.0164842956561007,0.017,-0.00071971989152804));
#7544=CARTESIAN_POINT('',(0.0164842956561007,0.0155,-0.00071971989152804));
#7545=CARTESIAN_POINT('',(0.0164842956561007,0.0155,-0.000719719891528039));
#7546=CARTESIAN_POINT('',(0.0164842956561007,0.0158964933597121,-0.000719719891528039));
#7547=CARTESIAN_POINT('',(0.0164744656359728,0.0166736519690005,-0.0010462831005642));
#7548=CARTESIAN_POINT('',(0.0164038413210678,0.017,-0.00182241393663288));
#7549=CARTESIAN_POINT('',(0.0163506083288261,0.017,-0.00221531200450929));
#7550=CARTESIAN_POINT('',(0.,0.003,0.));
#7551=CARTESIAN_POINT('',(-1.38777878078145E-17,0.003,-0.05));
#7552=CARTESIAN_POINT('',(-1.38777878078145E-17,0.003,-0.05));
#7553=CARTESIAN_POINT('',(0.0165,0.003,-0.05));
#7554=CARTESIAN_POINT('',(-1.38777878078145E-17,0.017,-0.05));
#7555=CARTESIAN_POINT('',(0.0163506083288261,0.017,-0.0522153120045093));
#7556=CARTESIAN_POINT('',(0.003631931486786,0.017,-0.0660953121645805));
#7557=CARTESIAN_POINT('',(0.00363193148678601,0.017,-0.0660953121645805));
#7558=CARTESIAN_POINT('',(0.0032451805252551,0.017,-0.066182583102874));
#7559=CARTESIAN_POINT('',(0.00247966036836747,0.0166751905731876,-0.0663203455357119));
#7560=CARTESIAN_POINT('',(0.00215368217163082,0.0158964905508861,-0.0663588402126679));
#7561=CARTESIAN_POINT('',(0.00215368217163082,0.0155,-0.0663588402126679));
#7562=CARTESIAN_POINT('',(0.00215368217163082,0.0155,-0.0663588402126679));
#7563=CARTESIAN_POINT('',(0.00215368217163082,0.017,-0.0663588402126679));
#7564=CARTESIAN_POINT('',(-0.0163669821442081,0.003,-0.0479090921849175));
#7565=CARTESIAN_POINT('',(-0.0163669821442081,0.0169947825928877,-0.0479090921849175));
#7566=CARTESIAN_POINT('',(-0.0163669821442081,0.0169947825928877,-0.0479090921849175));
#7567=CARTESIAN_POINT('',(-0.016361691052581,0.0169982620628743,-0.0478676751499057));
#7568=CARTESIAN_POINT('',(-0.0163562336530325,0.017,-0.0478262069655656));
#7569=CARTESIAN_POINT('',(-0.0163506083288261,0.017,-0.0477846879954907));
#7570=CARTESIAN_POINT('',(-0.0163506083288261,0.017,-0.0477846879954907));
#7571=CARTESIAN_POINT('',(-1.38777878078145E-17,0.017,-0.05));
#7572=CARTESIAN_POINT('',(-0.00363193148678605,0.017,-0.0339046878354195));
#7573=CARTESIAN_POINT('',(-0.00363193148678605,0.017,-0.0339046878354196));
#7574=CARTESIAN_POINT('',(-0.00359106078823658,0.017,-0.0338954653005951));
#7575=CARTESIAN_POINT('',(-0.00355022604656859,0.0169982620628743,-0.0338864144776929));
#7576=CARTESIAN_POINT('',(-0.00350942776489988,0.0169947825928877,-0.033877533787818));
#7577=CARTESIAN_POINT('',(-0.00350942776489988,0.0169947825928877,-0.033877533787818));
#7578=CARTESIAN_POINT('',(-0.00350942776489988,0.003,-0.033877533787818));
#7579=CARTESIAN_POINT('',(0.0164842956561007,0.017,-0.050719719891528));
#7580=CARTESIAN_POINT('',(0.0164842956561007,0.0155,-0.050719719891528));
#7581=CARTESIAN_POINT('',(0.0164842956561007,0.0155,-0.050719719891528));
#7582=CARTESIAN_POINT('',(0.0164842956561007,0.0158964933597122,-0.050719719891528));
#7583=CARTESIAN_POINT('',(0.0164744656359728,0.0166736519690005,-0.0510462831005642));
#7584=CARTESIAN_POINT('',(0.0164038413210677,0.017,-0.0518224139366329));
#7585=CARTESIAN_POINT('',(0.0163506083288261,0.017,-0.0522153120045093));
#7586=CARTESIAN_POINT('',(0.,0.003,0.));
#7587=CARTESIAN_POINT('',(-0.05,0.003,0.05));
#7588=CARTESIAN_POINT('',(-0.05,0.003,0.05));
#7589=CARTESIAN_POINT('',(-0.0335,0.003,0.05));
#7590=CARTESIAN_POINT('',(-0.05,0.017,0.05));
#7591=CARTESIAN_POINT('',(-0.033649391671174,0.017,0.0477846879954907));
#7592=CARTESIAN_POINT('',(-0.046368068513214,0.017,0.0339046878354195));
#7593=CARTESIAN_POINT('',(-0.046368068513214,0.017,0.0339046878354195));
#7594=CARTESIAN_POINT('',(-0.0467548194747449,0.017,0.0338174168971261));
#7595=CARTESIAN_POINT('',(-0.0475203396316325,0.0166751905731877,0.0336796544642881));
#7596=CARTESIAN_POINT('',(-0.0478463178283692,0.0158964905508861,0.0336411597873321));
#7597=CARTESIAN_POINT('',(-0.0478463178283692,0.0155,0.0336411597873321));
#7598=CARTESIAN_POINT('',(-0.0478463178283692,0.0155,0.0336411597873321));
#7599=CARTESIAN_POINT('',(-0.0478463178283692,0.017,0.0336411597873321));
#7600=CARTESIAN_POINT('',(-0.0663669821442081,0.003,0.0520909078150825));
#7601=CARTESIAN_POINT('',(-0.0663669821442081,0.0169947825928877,0.0520909078150825));
#7602=CARTESIAN_POINT('',(-0.0663669821442081,0.0169947825928877,0.0520909078150825));
#7603=CARTESIAN_POINT('',(-0.066361691052581,0.0169982620628743,0.0521323248500943));
#7604=CARTESIAN_POINT('',(-0.0663562336530325,0.017,0.0521737930344344));
#7605=CARTESIAN_POINT('',(-0.0663506083288261,0.017,0.0522153120045093));
#7606=CARTESIAN_POINT('',(-0.0663506083288261,0.017,0.0522153120045093));
#7607=CARTESIAN_POINT('',(-0.05,0.017,0.05));
#7608=CARTESIAN_POINT('',(-0.0536319314867861,0.017,0.0660953121645805));
#7609=CARTESIAN_POINT('',(-0.0536319314867861,0.017,0.0660953121645805));
#7610=CARTESIAN_POINT('',(-0.0535910607882366,0.017,0.066104534699405));
#7611=CARTESIAN_POINT('',(-0.0535502260465686,0.0169982620628743,0.0661135855223071));
#7612=CARTESIAN_POINT('',(-0.0535094277648999,0.0169947825928877,0.066122466212182));
#7613=CARTESIAN_POINT('',(-0.0535094277648999,0.0169947825928877,0.066122466212182));
#7614=CARTESIAN_POINT('',(-0.0535094277648999,0.003,0.066122466212182));
#7615=CARTESIAN_POINT('',(-0.0335157043438993,0.017,0.049280280108472));
#7616=CARTESIAN_POINT('',(-0.0335157043438993,0.0155,0.049280280108472));
#7617=CARTESIAN_POINT('',(-0.0335157043438993,0.0155,0.049280280108472));
#7618=CARTESIAN_POINT('',(-0.0335157043438993,0.0158964933597122,0.049280280108472));
#7619=CARTESIAN_POINT('',(-0.0335255343640272,0.0166736519690005,0.0489537168994358));
#7620=CARTESIAN_POINT('',(-0.0335961586789322,0.017,0.0481775860633671));
#7621=CARTESIAN_POINT('',(-0.0336493916711739,0.017,0.0477846879954907));
#7622=CARTESIAN_POINT('',(0.,0.003,0.));
#7623=CARTESIAN_POINT('',(-0.05,0.003,0.05));
#7624=CARTESIAN_POINT('',(-0.0485,0.003,0.05));
#7625=CARTESIAN_POINT('',(-0.05,0.003,-1.01033360929657E-18));
#7626=CARTESIAN_POINT('',(-0.05,0.003,-1.01033360929657E-18));
#7627=CARTESIAN_POINT('',(-0.0335,0.003,-1.01033360929657E-18));
#7628=CARTESIAN_POINT('',(-0.05,0.017,0.));
#7629=CARTESIAN_POINT('',(-0.033649391671174,0.017,-0.00221531200450928));
#7630=CARTESIAN_POINT('',(-0.046368068513214,0.017,-0.0160953121645805));
#7631=CARTESIAN_POINT('',(-0.046368068513214,0.017,-0.0160953121645805));
#7632=CARTESIAN_POINT('',(-0.0467548194747449,0.017,-0.0161825831028739));
#7633=CARTESIAN_POINT('',(-0.0475203396316325,0.0166751905731876,-0.0163203455357119));
#7634=CARTESIAN_POINT('',(-0.0478463178283692,0.0158964905508861,-0.0163588402126679));
#7635=CARTESIAN_POINT('',(-0.0478463178283692,0.0155,-0.0163588402126679));
#7636=CARTESIAN_POINT('',(-0.0478463178283692,0.0155,-0.0163588402126678));
#7637=CARTESIAN_POINT('',(-0.0478463178283692,0.017,-0.0163588402126678));
#7638=CARTESIAN_POINT('',(-0.0663669821442081,0.003,0.00209090781508248));
#7639=CARTESIAN_POINT('',(-0.0663669821442081,0.0169947825928877,0.00209090781508248));
#7640=CARTESIAN_POINT('',(-0.0663669821442081,0.0169947825928877,0.00209090781508248));
#7641=CARTESIAN_POINT('',(-0.066361691052581,0.0169982620628743,0.00213232485009426));
#7642=CARTESIAN_POINT('',(-0.0663562336530325,0.017,0.00217379303443439));
#7643=CARTESIAN_POINT('',(-0.0663506083288261,0.017,0.00221531200450932));
#7644=CARTESIAN_POINT('',(-0.0663506083288261,0.017,0.00221531200450932));
#7645=CARTESIAN_POINT('',(-0.05,0.017,0.));
#7646=CARTESIAN_POINT('',(-0.0536319314867861,0.017,0.0160953121645805));
#7647=CARTESIAN_POINT('',(-0.0536319314867861,0.017,0.0160953121645805));
#7648=CARTESIAN_POINT('',(-0.0535910607882366,0.017,0.0161045346994049));
#7649=CARTESIAN_POINT('',(-0.0535502260465686,0.0169982620628743,0.0161135855223071));
#7650=CARTESIAN_POINT('',(-0.0535094277648999,0.0169947825928877,0.016122466212182));
#7651=CARTESIAN_POINT('',(-0.0535094277648999,0.0169947825928877,0.016122466212182));
#7652=CARTESIAN_POINT('',(-0.0535094277648999,0.003,0.016122466212182));
#7653=CARTESIAN_POINT('',(-0.0335157043438993,0.017,-0.00071971989152804));
#7654=CARTESIAN_POINT('',(-0.0335157043438993,0.0155,-0.00071971989152804));
#7655=CARTESIAN_POINT('',(-0.0335157043438993,0.0155,-0.000719719891528039));
#7656=CARTESIAN_POINT('',(-0.0335157043438993,0.0158964933597121,-0.000719719891528039));
#7657=CARTESIAN_POINT('',(-0.0335255343640272,0.0166736519690005,-0.0010462831005642));
#7658=CARTESIAN_POINT('',(-0.0335961586789322,0.017,-0.00182241393663288));
#7659=CARTESIAN_POINT('',(-0.0336493916711739,0.017,-0.00221531200450929));
#7660=CARTESIAN_POINT('',(0.,0.003,0.));
#7661=CARTESIAN_POINT('',(-0.047389476155599,0.017,-0.0698288972274762));
#7662=CARTESIAN_POINT('',(-0.0475436283357068,0.0155,-0.0686579951714366));
#7663=CARTESIAN_POINT('',(-0.0474074237031449,0.0144597948413845,-0.0696925720693908));
#7664=CARTESIAN_POINT('',(-0.0472712539986928,0.013419321286959,-0.0707268836620117));
#7665=CARTESIAN_POINT('',(-0.047135106181266,0.0123786796564404,-0.0717610290061702));
#7666=CARTESIAN_POINT('',(-0.0475436283357068,0.0155,-0.0686579951714366));
#7667=CARTESIAN_POINT('',(-0.047135106181266,0.0123786796564404,-0.0717610290061702));
#7668=CARTESIAN_POINT('',(-0.047135106181266,0.017,-0.0717610290061702));
#7669=CARTESIAN_POINT('',(-0.047389476155599,0.0155,-0.0698288972274762));
#7670=CARTESIAN_POINT('',(-0.0300190355683628,0.017,-0.0508723877473067));
#7671=CARTESIAN_POINT('',(-0.0280720863303676,0.013,-0.0509573933868326));
#7672=CARTESIAN_POINT('',(-0.0280720863303676,0.0123786796564404,-0.0509573933868326));
#7673=CARTESIAN_POINT('',(-0.0280720863303676,0.0123786796564404,-0.0509573933868326));
#7674=CARTESIAN_POINT('',(-0.0291141625034259,0.013419321286959,-0.0509118953585344));
#7675=CARTESIAN_POINT('',(-0.0301564061999009,0.0144597948413845,-0.0508663900160058));
#7676=CARTESIAN_POINT('',(-0.0311989172363277,0.0155,-0.0508208730011629));
#7677=CARTESIAN_POINT('',(-0.0311989172363277,0.0155,-0.0508208730011629));
#7678=CARTESIAN_POINT('',(-0.0335157043438993,0.0155,-0.050719719891528));
#7679=CARTESIAN_POINT('',(-0.05,0.017,-0.05));
#7680=CARTESIAN_POINT('',(-0.0453512074498329,0.017,-0.0730355969713292));
#7681=CARTESIAN_POINT('',(-0.0453512074498329,0.013,-0.0730355969713292));
#7682=CARTESIAN_POINT('',(-0.05,0.013,-0.05));
#7683=CARTESIAN_POINT('',(-0.026646891462194,0.013,-0.052623417927333));
#7684=CARTESIAN_POINT('',(-0.026646891462194,0.017,-0.052623417927333));
#7685=CARTESIAN_POINT('',(0.,0.017,0.));
#7686=CARTESIAN_POINT('',(-0.05,0.017,-0.05));
#7687=CARTESIAN_POINT('',(-0.030652318231858,0.017,-0.0524325316439263));
#7688=CARTESIAN_POINT('',(-0.0458904632984326,0.017,-0.0690620488956059));
#7689=CARTESIAN_POINT('',(-0.0458904632984326,0.017,-0.0690620488956059));
#7690=CARTESIAN_POINT('',(-0.0459186248213951,0.017,-0.0690681201638531));
#7691=CARTESIAN_POINT('',(-0.0459469861588406,0.017,-0.0690730388232885));
#7692=CARTESIAN_POINT('',(-0.0459755483113777,0.017,-0.0690767991020065));
#7693=CARTESIAN_POINT('',(-0.0459755483113777,0.017,-0.0690767991020065));
#7694=CARTESIAN_POINT('',(-0.054131454492729,0.017,-0.00712654118200619));
#7695=CARTESIAN_POINT('',(-0.0305839887602018,0.017,-0.0523491503859968));
#7696=CARTESIAN_POINT('',(-0.0306450398019458,0.017,-0.0523464848399487));
#7697=CARTESIAN_POINT('',(-0.0306450398019458,0.017,-0.0523464848399487));
#7698=CARTESIAN_POINT('',(-0.0306462964160492,0.017,-0.0523752660347569));
#7699=CARTESIAN_POINT('',(-0.0306487245050701,0.017,-0.0524039481381674));
#7700=CARTESIAN_POINT('',(-0.030652318231858,0.017,-0.0524325316439263));
#7701=CARTESIAN_POINT('',(-0.0699809644316372,0.017,-0.0491276122526933));
#7702=CARTESIAN_POINT('',(-0.0664842956561007,0.0155,-0.0492802801084719));
#7703=CARTESIAN_POINT('',(-0.0688010827636723,0.0155,-0.0491791269988371));
#7704=CARTESIAN_POINT('',(-0.0679203186929114,0.0155,-0.0492175819886464));
#7705=CARTESIAN_POINT('',(-0.0679203186929114,0.017,-0.0492175819886464));
#7706=CARTESIAN_POINT('',(-0.0719279136696324,0.017,-0.0490426066131674));
#7707=CARTESIAN_POINT('',(-0.0719279136696324,0.0123786796564404,-0.0490426066131674));
#7708=CARTESIAN_POINT('',(-0.0719279136696324,0.0123786796564404,-0.0490426066131674));
#7709=CARTESIAN_POINT('',(-0.0708858374965741,0.013419321286959,-0.0490881046414656));
#7710=CARTESIAN_POINT('',(-0.0698435938000991,0.0144597948413845,-0.0491336099839942));
#7711=CARTESIAN_POINT('',(-0.0688010827636723,0.0155,-0.0491791269988371));
#7712=CARTESIAN_POINT('',(-0.05,0.017,-0.05));
#7713=CARTESIAN_POINT('',(-0.0546487925501672,0.017,-0.0269644030286709));
#7714=CARTESIAN_POINT('',(-0.0546487925501672,0.013,-0.0269644030286709));
#7715=CARTESIAN_POINT('',(-0.05,0.013,-0.05));
#7716=CARTESIAN_POINT('',(-0.073353108537806,0.013,-0.047376582072667));
#7717=CARTESIAN_POINT('',(-0.073353108537806,0.017,-0.047376582072667));
#7718=CARTESIAN_POINT('',(-0.052610523844401,0.017,-0.0301711027725238));
#7719=CARTESIAN_POINT('',(-0.0523412993605573,0.017,-0.0322160657529259));
#7720=CARTESIAN_POINT('',(-0.0523412993605573,0.0155,-0.0322160657529259));
#7721=CARTESIAN_POINT('',(-0.052545260748291,0.0155,-0.0306668252032107));
#7722=CARTESIAN_POINT('',(-0.0524563716642932,0.0155,-0.0313420048285634));
#7723=CARTESIAN_POINT('',(-0.0524563716642932,0.0155,-0.0313420048285634));
#7724=CARTESIAN_POINT('',(-0.0525925762968551,0.0144597948413845,-0.0303074279306092));
#7725=CARTESIAN_POINT('',(-0.0527287460013073,0.013419321286959,-0.0292731163379883));
#7726=CARTESIAN_POINT('',(-0.0528648938187341,0.0123786796564404,-0.0282389709938299));
#7727=CARTESIAN_POINT('',(-0.0528648938187341,0.0123786796564404,-0.0282389709938299));
#7728=CARTESIAN_POINT('',(-0.0528648938187341,0.017,-0.0282389709938299));
#7729=CARTESIAN_POINT('',(0.,0.017,0.));
#7730=CARTESIAN_POINT('',(-0.0541095367015675,0.017,-0.0309379511043942));
#7731=CARTESIAN_POINT('',(-0.054081375178605,0.017,-0.030931879836147));
#7732=CARTESIAN_POINT('',(-0.0540530138411595,0.017,-0.0309269611767115));
#7733=CARTESIAN_POINT('',(-0.0540244516886224,0.017,-0.0309232008979936));
#7734=CARTESIAN_POINT('',(-0.0541095367015675,0.017,-0.0309379511043942));
#7735=CARTESIAN_POINT('',(-0.0540244516886224,0.017,-0.0309232008979936));
#7736=CARTESIAN_POINT('',(-0.0536408494636916,0.017,-0.0338369490756622));
#7737=CARTESIAN_POINT('',(-0.0694160112397982,0.017,-0.0476508496140031));
#7738=CARTESIAN_POINT('',(-0.0693549601980542,0.017,-0.0476535151600512));
#7739=CARTESIAN_POINT('',(-0.0693549601980542,0.017,-0.0476535151600512));
#7740=CARTESIAN_POINT('',(-0.0693537035839508,0.017,-0.047624733965243));
#7741=CARTESIAN_POINT('',(-0.06935127549493,0.017,-0.0475960518618326));
#7742=CARTESIAN_POINT('',(-0.0693476817681421,0.017,-0.0475674683560737));
#7743=CARTESIAN_POINT('',(-0.0693476817681421,0.017,-0.0475674683560737));
#7744=CARTESIAN_POINT('',(-0.05,0.017,-0.05));
#7745=CARTESIAN_POINT('',(-0.05,0.013,-0.05));
#7746=CARTESIAN_POINT('',(-0.0453512074498329,0.013,-0.0730355969713292));
#7747=CARTESIAN_POINT('',(-0.0453614761213488,0.013,-0.0730376692824442));
#7748=CARTESIAN_POINT('',(-0.0453717643853035,0.0130001027234533,-0.073039633607304));
#7749=CARTESIAN_POINT('',(-0.0453820722303597,0.0130003081151593,-0.0730414900081751));
#7750=CARTESIAN_POINT('',(-0.0453820722303597,0.0130003081151593,-0.0730414900081751));
#7751=CARTESIAN_POINT('',(-0.0453820722303597,0.0130003081151593,-0.0730414900081751));
#7752=CARTESIAN_POINT('',(-0.0455523921240531,0.0143339154307881,-0.0717154978073671));
#7753=CARTESIAN_POINT('',(-0.0457220403077362,0.0156672322663142,-0.0703891271380213));
#7754=CARTESIAN_POINT('',(-0.0458904632984326,0.017,-0.0690620488956059));
#7755=CARTESIAN_POINT('',(-0.030652318231858,0.017,-0.0524325316439263));
#7756=CARTESIAN_POINT('',(-0.0293156108919609,0.0156672322663142,-0.0524846512443929));
#7757=CARTESIAN_POINT('',(-0.0279795016499995,0.0143339154307881,-0.0525380530446732));
#7758=CARTESIAN_POINT('',(-0.026643710893004,0.0130003081151593,-0.0525921569846111));
#7759=CARTESIAN_POINT('',(-0.026643710893004,0.0130003081151593,-0.0525921569846111));
#7760=CARTESIAN_POINT('',(-0.026643710893004,0.0130003081151593,-0.0525921569846111));
#7761=CARTESIAN_POINT('',(-0.0266446618418174,0.0130001027234533,-0.0526025874012016));
#7762=CARTESIAN_POINT('',(-0.0266457220105415,0.013,-0.052613007717398));
#7763=CARTESIAN_POINT('',(-0.026646891462194,0.013,-0.052623417927333));
#7764=CARTESIAN_POINT('',(-0.05,0.017,-0.05));
#7765=CARTESIAN_POINT('',(-0.0546487925501672,0.013,-0.0269644030286709));
#7766=CARTESIAN_POINT('',(-0.0546385238786513,0.013,-0.0269623307175559));
#7767=CARTESIAN_POINT('',(-0.0546282356146965,0.0130001027234533,-0.026960366392696));
#7768=CARTESIAN_POINT('',(-0.0546179277696403,0.0130003081151593,-0.0269585099918249));
#7769=CARTESIAN_POINT('',(-0.0546179277696403,0.0130003081151593,-0.0269585099918249));
#7770=CARTESIAN_POINT('',(-0.0546179277696403,0.0130003081151593,-0.0269585099918249));
#7771=CARTESIAN_POINT('',(-0.0544476078759469,0.0143339154307881,-0.028284502192633));
#7772=CARTESIAN_POINT('',(-0.0542779596922639,0.0156672322663142,-0.0296108728619787));
#7773=CARTESIAN_POINT('',(-0.0541095367015675,0.017,-0.0309379511043942));
#7774=CARTESIAN_POINT('',(-0.0693476817681421,0.017,-0.0475674683560737));
#7775=CARTESIAN_POINT('',(-0.0706843891080392,0.0156672322663142,-0.0475153487556071));
#7776=CARTESIAN_POINT('',(-0.0720204983500005,0.0143339154307881,-0.0474619469553268));
#7777=CARTESIAN_POINT('',(-0.073356289106996,0.0130003081151593,-0.0474078430153889));
#7778=CARTESIAN_POINT('',(-0.073356289106996,0.0130003081151593,-0.0474078430153889));
#7779=CARTESIAN_POINT('',(-0.073356289106996,0.0130003081151593,-0.0474078430153889));
#7780=CARTESIAN_POINT('',(-0.0733553381581827,0.0130001027234533,-0.0473974125987984));
#7781=CARTESIAN_POINT('',(-0.0733542779894585,0.013,-0.047386992282602));
#7782=CARTESIAN_POINT('',(-0.073353108537806,0.013,-0.047376582072667));
#7783=CARTESIAN_POINT('',(-0.0459023088635383,0.0155,-0.0696331079391462));
#7784=CARTESIAN_POINT('',(-0.0459755483113777,0.017,-0.0690767991020065));
#7785=CARTESIAN_POINT('',(-0.04638483477623,0.017,-0.069130682687333));
#7786=CARTESIAN_POINT('',(-0.0471902624337676,0.016641767246213,-0.0690874072227221));
#7787=CARTESIAN_POINT('',(-0.0475233497131168,0.0158759151125087,-0.0688120266023753));
#7788=CARTESIAN_POINT('',(-0.0475436283357068,0.0155,-0.0686579951714366));
#7789=CARTESIAN_POINT('',(-0.0470742425526251,0.0119134478972557,-0.0722233341637345));
#7790=CARTESIAN_POINT('',(-0.04692926257094,0.0130266669345754,-0.0733245664558817));
#7791=CARTESIAN_POINT('',(-0.0453787260406518,0.0129741080690356,-0.0730675403573955));
#7792=CARTESIAN_POINT('',(-0.0472508861875734,0.0132637472871412,-0.0708815925470894));
#7793=CARTESIAN_POINT('',(-0.0471057762831204,0.0143823008181111,-0.0719838117003416));
#7794=CARTESIAN_POINT('',(-0.0455511865468622,0.0143244074589342,-0.071724960706726));
#7795=CARTESIAN_POINT('',(-0.0474275637971637,0.0146137877293542,-0.0695395928674176));
#7796=CARTESIAN_POINT('',(-0.0472821245090204,0.0157372577744304,-0.0706443139384898));
#7797=CARTESIAN_POINT('',(-0.0457229665573042,0.0156744479011472,-0.0703819579857377));
#7798=CARTESIAN_POINT('',(-0.0476043035037456,0.0159633438433979,-0.0681971215142659));
#7799=CARTESIAN_POINT('',(-0.0474578864856593,0.0170888280443474,-0.0693092691815683));
#7800=CARTESIAN_POINT('',(-0.0458934965770606,0.0170240040151777,-0.0690381472112756));
#7801=CARTESIAN_POINT('',(-0.0453820722303597,0.0130003081151593,-0.0730414900081751));
#7802=CARTESIAN_POINT('',(-0.0458003294610272,0.0130086422107618,-0.0731168164302484));
#7803=CARTESIAN_POINT('',(-0.0466730018140452,0.012866015684734,-0.0728849494657683));
#7804=CARTESIAN_POINT('',(-0.0470846076896897,0.0125391962807687,-0.0721446031312475));
#7805=CARTESIAN_POINT('',(-0.047135106181266,0.0123786796564404,-0.0717610290061702));
#7806=CARTESIAN_POINT('',(-0.0456479388892053,0.017,-0.0715652397178401));
#7807=CARTESIAN_POINT('',(-0.00233945519744586,0.0155,-0.0535823333533579));
#7808=CARTESIAN_POINT('',(-0.0306450398019458,0.017,-0.0523464848399487));
#7809=CARTESIAN_POINT('',(-0.0306270329257702,0.017,-0.0519340595697611));
#7810=CARTESIAN_POINT('',(-0.0307403413598926,0.016641767246212,-0.0511354685128867));
#7811=CARTESIAN_POINT('',(-0.0310437045430783,0.0158759151125108,-0.0508276497337015));
#7812=CARTESIAN_POINT('',(-0.0311989172363277,0.0155,-0.0508208730011629));
#7813=CARTESIAN_POINT('',(-0.0266174680335779,0.0129741080690356,-0.0525932200035218));
#7814=CARTESIAN_POINT('',(-0.0264965581599494,0.0130266669345754,-0.051026182432332));
#7815=CARTESIAN_POINT('',(-0.0276062357687411,0.0119134478972558,-0.0509777328616077));
#7816=CARTESIAN_POINT('',(-0.0279699696868429,0.0143244074589279,-0.0525384292882132));
#7817=CARTESIAN_POINT('',(-0.0278475951225003,0.014382300818151,-0.0509671948846526));
#7818=CARTESIAN_POINT('',(-0.028958267160638,0.0132637472871578,-0.0509187018961955));
#7819=CARTESIAN_POINT('',(-0.0293228334914416,0.0156744479011661,-0.052484353352259));
#7820=CARTESIAN_POINT('',(-0.029197365451634,0.0157372577744556,-0.0509082626393844));
#7821=CARTESIAN_POINT('',(-0.0303105585947136,0.0146137877293708,-0.0508596595770967));
#7822=CARTESIAN_POINT('',(-0.030676393330715,0.0170240040151777,-0.0524315930768899));
#7823=CARTESIAN_POINT('',(-0.0305426486258041,0.0170888280443474,-0.0508495263074996));
#7824=CARTESIAN_POINT('',(-0.031663325319428,0.0159633438433979,-0.0508005965063604));
#7825=CARTESIAN_POINT('',(-0.026643710893004,0.0130003081151593,-0.0525921569846111));
#7826=CARTESIAN_POINT('',(-0.0266051246303068,0.0130086422107619,-0.0521689262187173));
#7827=CARTESIAN_POINT('',(-0.0269121676780866,0.0128660156847324,-0.0513197831849775));
#7828=CARTESIAN_POINT('',(-0.0276855705871009,0.0125391962807722,-0.0509742690286326));
#7829=CARTESIAN_POINT('',(-0.0280720863303676,0.0123786796564404,-0.0509573933868326));
#7830=CARTESIAN_POINT('',(-0.0281375154114157,0.017,-0.0524559657192054));
#7831=CARTESIAN_POINT('',(-0.0543520611107948,0.017,-0.0284347602821599));
#7832=CARTESIAN_POINT('',(-0.0546179277696404,0.0130003081151593,-0.0269585099918249));
#7833=CARTESIAN_POINT('',(-0.0541996705389729,0.0130086422107618,-0.0268831835697516));
#7834=CARTESIAN_POINT('',(-0.0533269981859536,0.012866015684757,-0.0271150505342414));
#7835=CARTESIAN_POINT('',(-0.0529153923103129,0.0125391962807226,-0.0278553968687336));
#7836=CARTESIAN_POINT('',(-0.0528648938187341,0.0123786796564404,-0.0282389709938299));
#7837=CARTESIAN_POINT('',(-0.0529257574473738,0.0119134478972646,-0.0277766658362744));
#7838=CARTESIAN_POINT('',(-0.0530707374290589,0.0130266669345843,-0.0266754335441271));
#7839=CARTESIAN_POINT('',(-0.0546212739593471,0.0129741080690444,-0.0269324596426134));
#7840=CARTESIAN_POINT('',(-0.0527491138124285,0.0132637472871504,-0.0291184074528971));
#7841=CARTESIAN_POINT('',(-0.0528942237168534,0.0143823008181568,-0.0280161882996012));
#7842=CARTESIAN_POINT('',(-0.0544488134531275,0.0143244074589277,-0.0282750392932654));
#7843=CARTESIAN_POINT('',(-0.0525724362028314,0.0146137877293969,-0.0304604071326206));
#7844=CARTESIAN_POINT('',(-0.0527178754909799,0.015737257774486,-0.0293556860614682));
#7845=CARTESIAN_POINT('',(-0.0542770334426934,0.0156744479011798,-0.0296180420142951));
#7846=CARTESIAN_POINT('',(-0.0523956964962545,0.0159633438433978,-0.0318028784857341));
#7847=CARTESIAN_POINT('',(-0.0525421135143408,0.0170888280443474,-0.0306907308184317));
#7848=CARTESIAN_POINT('',(-0.0541065034229395,0.0170240040151777,-0.0309618527887244));
#7849=CARTESIAN_POINT('',(-0.0540244516886224,0.017,-0.0309232008979936));
#7850=CARTESIAN_POINT('',(-0.0536151652237701,0.017,-0.0308693173126671));
#7851=CARTESIAN_POINT('',(-0.0528097375662269,0.0166417672462307,-0.0309125927773203));
#7852=CARTESIAN_POINT('',(-0.0524766502868944,0.0158759151124735,-0.0311879733975403));
#7853=CARTESIAN_POINT('',(-0.0524563716642932,0.0155,-0.0313420048285634));
#7854=CARTESIAN_POINT('',(-0.0571057890768504,0.0155,-0.00751811975866635));
#7855=CARTESIAN_POINT('',(-0.0538284666526181,0.0155,-0.032411855041256));
#7856=CARTESIAN_POINT('',(-0.0538284666526181,0.003,-0.032411855041256));
#7857=CARTESIAN_POINT('',(-0.0718624845885843,0.017,-0.0475440342807946));
#7858=CARTESIAN_POINT('',(-0.073356289106996,0.0130003081151593,-0.0474078430153889));
#7859=CARTESIAN_POINT('',(-0.0733948753696932,0.0130086422107619,-0.0478310737812827));
#7860=CARTESIAN_POINT('',(-0.0730878323218933,0.0128660156847811,-0.0486802168150234));
#7861=CARTESIAN_POINT('',(-0.0723144294129396,0.0125391962806747,-0.0490257309713656));
#7862=CARTESIAN_POINT('',(-0.0719279136696324,0.0123786796564404,-0.0490426066131674));
#7863=CARTESIAN_POINT('',(-0.0733825319664132,0.0129741080690444,-0.0474067799964786));
#7864=CARTESIAN_POINT('',(-0.0735034418400418,0.0130266669345843,-0.0489738175676684));
#7865=CARTESIAN_POINT('',(-0.07239376423125,0.0119134478972646,-0.0490222671383927));
#7866=CARTESIAN_POINT('',(-0.0720300303131904,0.0143244074588949,-0.0474615707117879));
#7867=CARTESIAN_POINT('',(-0.0721524048775228,0.0143823008180798,-0.0490328051153839));
#7868=CARTESIAN_POINT('',(-0.0710417328394157,0.0132637472871322,-0.0490812981038021));
#7869=CARTESIAN_POINT('',(-0.0706771665085454,0.0156744479011789,-0.0475156466477398));
#7870=CARTESIAN_POINT('',(-0.0708026345483415,0.0157372577744696,-0.0490917373606467));
#7871=CARTESIAN_POINT('',(-0.0696894414052636,0.0146137877293737,-0.0491403404229043));
#7872=CARTESIAN_POINT('',(-0.0693236066692851,0.0170240040151776,-0.0475684069231101));
#7873=CARTESIAN_POINT('',(-0.0694573513741959,0.0170888280443473,-0.0491504736925004));
#7874=CARTESIAN_POINT('',(-0.068336674680572,0.0159633438433978,-0.0491994034936396));
#7875=CARTESIAN_POINT('',(-0.0693549601980542,0.017,-0.0476535151600512));
#7876=CARTESIAN_POINT('',(-0.0693729670742299,0.017,-0.0480659404302388));
#7877=CARTESIAN_POINT('',(-0.0692596586400447,0.0166417672462379,-0.0488645314871159));
#7878=CARTESIAN_POINT('',(-0.0689562954570473,0.0158759151124588,-0.049172350266293));
#7879=CARTESIAN_POINT('',(-0.0688010827636723,0.0155,-0.0491791269988371));
#7880=CARTESIAN_POINT('',(-0.00220859703534986,0.0155,-0.0505851886886123));
#7881=CARTESIAN_POINT('',(-0.0678548896118634,0.0155,-0.0477190096562737));
#7882=CARTESIAN_POINT('',(-0.0678548896118634,0.003,-0.0477190096562737));
#7883=CARTESIAN_POINT('',(0.002610523844401,0.017,-0.0698288972274762));
#7884=CARTESIAN_POINT('',(0.00245637166429317,0.0155,-0.0686579951714366));
#7885=CARTESIAN_POINT('',(0.00259257629685505,0.0144597948413845,-0.0696925720693908));
#7886=CARTESIAN_POINT('',(0.00272874600130719,0.013419321286959,-0.0707268836620117));
#7887=CARTESIAN_POINT('',(0.00286489381873403,0.0123786796564404,-0.0717610290061702));
#7888=CARTESIAN_POINT('',(0.00245637166429317,0.0155,-0.0686579951714366));
#7889=CARTESIAN_POINT('',(0.00286489381873403,0.0123786796564404,-0.0717610290061702));
#7890=CARTESIAN_POINT('',(0.00286489381873403,0.017,-0.0717610290061702));
#7891=CARTESIAN_POINT('',(0.002610523844401,0.0155,-0.0698288972274762));
#7892=CARTESIAN_POINT('',(0.0199809644316371,0.017,-0.0508723877473067));
#7893=CARTESIAN_POINT('',(0.0219279136696323,0.013,-0.0509573933868326));
#7894=CARTESIAN_POINT('',(0.0219279136696323,0.0123786796564404,-0.0509573933868326));
#7895=CARTESIAN_POINT('',(0.0219279136696323,0.0123786796564404,-0.0509573933868326));
#7896=CARTESIAN_POINT('',(0.0208858374965741,0.013419321286959,-0.0509118953585344));
#7897=CARTESIAN_POINT('',(0.0198435938000991,0.0144597948413845,-0.0508663900160058));
#7898=CARTESIAN_POINT('',(0.0188010827636723,0.0155,-0.0508208730011629));
#7899=CARTESIAN_POINT('',(0.0188010827636723,0.0155,-0.0508208730011629));
#7900=CARTESIAN_POINT('',(0.0164842956561007,0.0155,-0.050719719891528));
#7901=CARTESIAN_POINT('',(-1.38777878078145E-17,0.017,-0.05));
#7902=CARTESIAN_POINT('',(0.00464879255016712,0.017,-0.0730355969713292));
#7903=CARTESIAN_POINT('',(0.00464879255016712,0.013,-0.0730355969713292));
#7904=CARTESIAN_POINT('',(-1.38777878078145E-17,0.013,-0.05));
#7905=CARTESIAN_POINT('',(0.023353108537806,0.013,-0.052623417927333));
#7906=CARTESIAN_POINT('',(0.023353108537806,0.017,-0.052623417927333));
#7907=CARTESIAN_POINT('',(0.05,0.017,0.));
#7908=CARTESIAN_POINT('',(-1.38777878078145E-17,0.017,-0.05));
#7909=CARTESIAN_POINT('',(0.019347681768142,0.017,-0.0524325316439263));
#7910=CARTESIAN_POINT('',(0.00410953670156745,0.017,-0.0690620488956059));
#7911=CARTESIAN_POINT('',(0.00410953670156745,0.017,-0.0690620488956059));
#7912=CARTESIAN_POINT('',(0.00408137517860497,0.017,-0.0690681201638531));
#7913=CARTESIAN_POINT('',(0.00405301384115947,0.017,-0.0690730388232885));
#7914=CARTESIAN_POINT('',(0.00402445168862233,0.017,-0.0690767991020065));
#7915=CARTESIAN_POINT('',(0.00402445168862234,0.017,-0.0690767991020065));
#7916=CARTESIAN_POINT('',(-0.00413145449272901,0.017,-0.00712654118200619));
#7917=CARTESIAN_POINT('',(0.0194160112397982,0.017,-0.0523491503859968));
#7918=CARTESIAN_POINT('',(0.0193549601980542,0.017,-0.0523464848399487));
#7919=CARTESIAN_POINT('',(0.0193549601980542,0.017,-0.0523464848399487));
#7920=CARTESIAN_POINT('',(0.0193537035839508,0.017,-0.0523752660347569));
#7921=CARTESIAN_POINT('',(0.0193512754949299,0.017,-0.0524039481381674));
#7922=CARTESIAN_POINT('',(0.019347681768142,0.017,-0.0524325316439263));
#7923=CARTESIAN_POINT('',(-0.0199809644316372,0.017,-0.0491276122526933));
#7924=CARTESIAN_POINT('',(-0.0164842956561007,0.0155,-0.0492802801084719));
#7925=CARTESIAN_POINT('',(-0.0188010827636724,0.0155,-0.0491791269988371));
#7926=CARTESIAN_POINT('',(-0.0179203186929114,0.0155,-0.0492175819886464));
#7927=CARTESIAN_POINT('',(-0.0179203186929114,0.017,-0.0492175819886464));
#7928=CARTESIAN_POINT('',(-0.0219279136696323,0.017,-0.0490426066131674));
#7929=CARTESIAN_POINT('',(-0.0219279136696323,0.0123786796564404,-0.0490426066131674));
#7930=CARTESIAN_POINT('',(-0.0219279136696323,0.0123786796564404,-0.0490426066131674));
#7931=CARTESIAN_POINT('',(-0.0208858374965741,0.0134193212869589,-0.0490881046414656));
#7932=CARTESIAN_POINT('',(-0.0198435938000991,0.0144597948413845,-0.0491336099839942));
#7933=CARTESIAN_POINT('',(-0.0188010827636724,0.0155,-0.0491791269988371));
#7934=CARTESIAN_POINT('',(-1.38777878078145E-17,0.017,-0.05));
#7935=CARTESIAN_POINT('',(-0.00464879255016716,0.017,-0.0269644030286709));
#7936=CARTESIAN_POINT('',(-0.00464879255016716,0.013,-0.0269644030286709));
#7937=CARTESIAN_POINT('',(-1.38777878078145E-17,0.013,-0.05));
#7938=CARTESIAN_POINT('',(-0.023353108537806,0.013,-0.047376582072667));
#7939=CARTESIAN_POINT('',(-0.023353108537806,0.017,-0.047376582072667));
#7940=CARTESIAN_POINT('',(-0.00261052384440104,0.017,-0.0301711027725238));
#7941=CARTESIAN_POINT('',(-0.00234129936055733,0.017,-0.0322160657529259));
#7942=CARTESIAN_POINT('',(-0.00234129936055733,0.0155,-0.0322160657529259));
#7943=CARTESIAN_POINT('',(-0.00254526074829101,0.0155,-0.0306668252032107));
#7944=CARTESIAN_POINT('',(-0.00245637166429321,0.0155,-0.0313420048285634));
#7945=CARTESIAN_POINT('',(-0.00245637166429321,0.0155,-0.0313420048285634));
#7946=CARTESIAN_POINT('',(-0.0025925762968551,0.0144597948413845,-0.0303074279306092));
#7947=CARTESIAN_POINT('',(-0.00272874600130723,0.0134193212869589,-0.0292731163379883));
#7948=CARTESIAN_POINT('',(-0.00286489381873407,0.0123786796564404,-0.0282389709938299));
#7949=CARTESIAN_POINT('',(-0.00286489381873407,0.0123786796564404,-0.0282389709938299));
#7950=CARTESIAN_POINT('',(-0.00286489381873407,0.017,-0.0282389709938299));
#7951=CARTESIAN_POINT('',(0.05,0.017,0.));
#7952=CARTESIAN_POINT('',(-0.00410953670156749,0.017,-0.0309379511043942));
#7953=CARTESIAN_POINT('',(-0.004081375178605,0.017,-0.030931879836147));
#7954=CARTESIAN_POINT('',(-0.00405301384115951,0.017,-0.0309269611767115));
#7955=CARTESIAN_POINT('',(-0.00402445168862238,0.017,-0.0309232008979936));
#7956=CARTESIAN_POINT('',(-0.00410953670156749,0.017,-0.0309379511043942));
#7957=CARTESIAN_POINT('',(-0.00402445168862238,0.017,-0.0309232008979936));
#7958=CARTESIAN_POINT('',(-0.00364084946369157,0.017,-0.0338369490756622));
#7959=CARTESIAN_POINT('',(-0.0194160112397982,0.017,-0.0476508496140031));
#7960=CARTESIAN_POINT('',(-0.0193549601980542,0.017,-0.0476535151600512));
#7961=CARTESIAN_POINT('',(-0.0193549601980542,0.017,-0.0476535151600512));
#7962=CARTESIAN_POINT('',(-0.0193537035839508,0.017,-0.047624733965243));
#7963=CARTESIAN_POINT('',(-0.0193512754949299,0.017,-0.0475960518618326));
#7964=CARTESIAN_POINT('',(-0.0193476817681421,0.017,-0.0475674683560737));
#7965=CARTESIAN_POINT('',(-0.0193476817681421,0.017,-0.0475674683560737));
#7966=CARTESIAN_POINT('',(-1.38777878078145E-17,0.017,-0.05));
#7967=CARTESIAN_POINT('',(-1.38777878078145E-17,0.013,-0.05));
#7968=CARTESIAN_POINT('',(0.00464879255016711,0.013,-0.0730355969713292));
#7969=CARTESIAN_POINT('',(0.00463852387865125,0.013,-0.0730376692824442));
#7970=CARTESIAN_POINT('',(0.00462823561469647,0.0130001027234533,-0.073039633607304));
#7971=CARTESIAN_POINT('',(0.0046179277696403,0.0130003081151593,-0.0730414900081751));
#7972=CARTESIAN_POINT('',(0.0046179277696403,0.0130003081151593,-0.0730414900081751));
#7973=CARTESIAN_POINT('',(0.0046179277696403,0.0130003081151593,-0.0730414900081751));
#7974=CARTESIAN_POINT('',(0.00444760787594693,0.0143339154307881,-0.0717154978073671));
#7975=CARTESIAN_POINT('',(0.00427795969226388,0.0156672322663142,-0.0703891271380213));
#7976=CARTESIAN_POINT('',(0.00410953670156745,0.017,-0.0690620488956059));
#7977=CARTESIAN_POINT('',(0.019347681768142,0.017,-0.0524325316439263));
#7978=CARTESIAN_POINT('',(0.0206843891080392,0.0156672322663142,-0.0524846512443929));
#7979=CARTESIAN_POINT('',(0.0220204983500005,0.0143339154307881,-0.0525380530446732));
#7980=CARTESIAN_POINT('',(0.023356289106996,0.0130003081151592,-0.0525921569846111));
#7981=CARTESIAN_POINT('',(0.023356289106996,0.0130003081151593,-0.0525921569846111));
#7982=CARTESIAN_POINT('',(0.023356289106996,0.0130003081151593,-0.0525921569846111));
#7983=CARTESIAN_POINT('',(0.0233553381581827,0.0130001027234533,-0.0526025874012016));
#7984=CARTESIAN_POINT('',(0.0233542779894585,0.013,-0.052613007717398));
#7985=CARTESIAN_POINT('',(0.023353108537806,0.013,-0.052623417927333));
#7986=CARTESIAN_POINT('',(-1.38777878078145E-17,0.017,-0.05));
#7987=CARTESIAN_POINT('',(-0.00464879255016716,0.013,-0.0269644030286709));
#7988=CARTESIAN_POINT('',(-0.00463852387865129,0.013,-0.0269623307175559));
#7989=CARTESIAN_POINT('',(-0.00462823561469652,0.0130001027234533,-0.026960366392696));
#7990=CARTESIAN_POINT('',(-0.00461792776964034,0.0130003081151593,-0.0269585099918249));
#7991=CARTESIAN_POINT('',(-0.00461792776964034,0.0130003081151593,-0.0269585099918249));
#7992=CARTESIAN_POINT('',(-0.00461792776964034,0.0130003081151593,-0.0269585099918249));
#7993=CARTESIAN_POINT('',(-0.00444760787594698,0.0143339154307881,-0.028284502192633));
#7994=CARTESIAN_POINT('',(-0.00427795969226393,0.0156672322663142,-0.0296108728619787));
#7995=CARTESIAN_POINT('',(-0.00410953670156749,0.017,-0.0309379511043942));
#7996=CARTESIAN_POINT('',(-0.0193476817681421,0.017,-0.0475674683560737));
#7997=CARTESIAN_POINT('',(-0.0206843891080392,0.0156672322663142,-0.0475153487556071));
#7998=CARTESIAN_POINT('',(-0.0220204983500005,0.0143339154307881,-0.0474619469553268));
#7999=CARTESIAN_POINT('',(-0.023356289106996,0.0130003081151593,-0.0474078430153889));
#8000=CARTESIAN_POINT('',(-0.023356289106996,0.0130003081151593,-0.0474078430153889));
#8001=CARTESIAN_POINT('',(-0.023356289106996,0.0130003081151593,-0.0474078430153889));
#8002=CARTESIAN_POINT('',(-0.0233553381581827,0.0130001027234533,-0.0473974125987984));
#8003=CARTESIAN_POINT('',(-0.0233542779894585,0.013,-0.047386992282602));
#8004=CARTESIAN_POINT('',(-0.023353108537806,0.013,-0.047376582072667));
#8005=CARTESIAN_POINT('',(0.00409769113646171,0.0155,-0.0696331079391462));
#8006=CARTESIAN_POINT('',(0.00402445168862233,0.017,-0.0690767991020065));
#8007=CARTESIAN_POINT('',(0.00361516522377005,0.017,-0.069130682687333));
#8008=CARTESIAN_POINT('',(0.00280973756622975,0.0166417672462215,-0.0690874072227019));
#8009=CARTESIAN_POINT('',(0.00247665028688853,0.0158759151124919,-0.0688120266024157));
#8010=CARTESIAN_POINT('',(0.00245637166429317,0.0155,-0.0686579951714366));
#8011=CARTESIAN_POINT('',(0.0029257574473749,0.0119134478972557,-0.0722233341637345));
#8012=CARTESIAN_POINT('',(0.00307073742905997,0.0130266669345754,-0.0733245664558817));
#8013=CARTESIAN_POINT('',(0.00462127395934818,0.0129741080690356,-0.0730675403573955));
#8014=CARTESIAN_POINT('',(0.00274911381243323,0.0132637472871644,-0.0708815925471396));
#8015=CARTESIAN_POINT('',(0.00289422371684378,0.0143823008181536,-0.0719838117003548));
#8016=CARTESIAN_POINT('',(0.00444881345311661,0.0143244074589212,-0.0717249607067435));
#8017=CARTESIAN_POINT('',(0.00257243620283784,0.0146137877293542,-0.069539592867429));
#8018=CARTESIAN_POINT('',(0.00271787549098011,0.0157372577744337,-0.070644313938473));
#8019=CARTESIAN_POINT('',(0.00427703344268632,0.0156744479011416,-0.0703819579857455));
#8020=CARTESIAN_POINT('',(0.0023956964962544,0.0159633438433979,-0.0681971215142659));
#8021=CARTESIAN_POINT('',(0.00254211351434075,0.0170888280443474,-0.0693092691815683));
#8022=CARTESIAN_POINT('',(0.00410650342293938,0.0170240040151777,-0.0690381472112756));
#8023=CARTESIAN_POINT('',(0.0046179277696403,0.0130003081151593,-0.0730414900081751));
#8024=CARTESIAN_POINT('',(0.00419967053897284,0.0130086422107618,-0.0731168164302484));
#8025=CARTESIAN_POINT('',(0.0033269981859535,0.0128660156847586,-0.0728849494657581));
#8026=CARTESIAN_POINT('',(0.00291539231031303,0.0125391962807195,-0.0721446031312678));
#8027=CARTESIAN_POINT('',(0.00286489381873403,0.0123786796564404,-0.0717610290061702));
#8028=CARTESIAN_POINT('',(0.00435206111079475,0.017,-0.0715652397178401));
#8029=CARTESIAN_POINT('',(0.0476605448025541,0.0155,-0.0535823333533579));
#8030=CARTESIAN_POINT('',(0.0193549601980542,0.017,-0.0523464848399487));
#8031=CARTESIAN_POINT('',(0.0193729670742298,0.017,-0.0519340595697611));
#8032=CARTESIAN_POINT('',(0.0192596586401118,0.0166417672462101,-0.0511354685128869));
#8033=CARTESIAN_POINT('',(0.0189562954569127,0.0158759151125145,-0.0508276497337011));
#8034=CARTESIAN_POINT('',(0.0188010827636723,0.0155,-0.0508208730011629));
#8035=CARTESIAN_POINT('',(0.0233825319664221,0.0129741080690356,-0.0525932200035218));
#8036=CARTESIAN_POINT('',(0.0235034418400506,0.0130266669345754,-0.051026182432332));
#8037=CARTESIAN_POINT('',(0.0223937642312589,0.0119134478972558,-0.0509777328616077));
#8038=CARTESIAN_POINT('',(0.0220300303131571,0.0143244074589279,-0.0525384292882132));
#8039=CARTESIAN_POINT('',(0.0221524048775116,0.0143823008181566,-0.0509671948846538));
#8040=CARTESIAN_POINT('',(0.021041732839362,0.0132637472871578,-0.0509187018961956));
#8041=CARTESIAN_POINT('',(0.0206771665085901,0.0156744479011348,-0.052484353352258));
#8042=CARTESIAN_POINT('',(0.0208026345484152,0.0157372577744315,-0.0509082626393458));
#8043=CARTESIAN_POINT('',(0.0196894414053261,0.0146137877293476,-0.0508596595770984));
#8044=CARTESIAN_POINT('',(0.019323606669285,0.0170240040151777,-0.0524315930768899));
#8045=CARTESIAN_POINT('',(0.0194573513741959,0.0170888280443474,-0.0508495263074996));
#8046=CARTESIAN_POINT('',(0.018336674680572,0.0159633438433979,-0.0508005965063604));
#8047=CARTESIAN_POINT('',(0.023356289106996,0.0130003081151593,-0.0525921569846111));
#8048=CARTESIAN_POINT('',(0.0233948753696933,0.0130086422107619,-0.0521689262187173));
#8049=CARTESIAN_POINT('',(0.0230878323219081,0.0128660156847451,-0.0513197831849772));
#8050=CARTESIAN_POINT('',(0.0223144294129098,0.0125391962807464,-0.0509742690286331));
#8051=CARTESIAN_POINT('',(0.0219279136696323,0.0123786796564404,-0.0509573933868326));
#8052=CARTESIAN_POINT('',(0.0218624845885844,0.017,-0.0524559657192054));
#8053=CARTESIAN_POINT('',(-0.00435206111079479,0.017,-0.0284347602821599));
#8054=CARTESIAN_POINT('',(-0.00461792776964034,0.0130003081151593,-0.0269585099918249));
#8055=CARTESIAN_POINT('',(-0.00419967053897287,0.0130086422107618,-0.0268831835697516));
#8056=CARTESIAN_POINT('',(-0.00332699818595335,0.0128660156847622,-0.0271150505342434));
#8057=CARTESIAN_POINT('',(-0.00291539231031345,0.0125391962807124,-0.0278553968687293));
#8058=CARTESIAN_POINT('',(-0.00286489381873407,0.0123786796564404,-0.0282389709938299));
#8059=CARTESIAN_POINT('',(-0.00292575744737378,0.0119134478972646,-0.0277766658362744));
#8060=CARTESIAN_POINT('',(-0.00307073742905886,0.0130266669345843,-0.0266754335441271));
#8061=CARTESIAN_POINT('',(-0.0046212739593471,0.0129741080690444,-0.0269324596426134));
#8062=CARTESIAN_POINT('',(-0.00274911381242913,0.0132637472871488,-0.0291184074528919));
#8063=CARTESIAN_POINT('',(-0.00289422371685444,0.0143823008181319,-0.0280161882996173));
#8064=CARTESIAN_POINT('',(-0.00444881345312644,0.0143244074589254,-0.0282750392932628));
#8065=CARTESIAN_POINT('',(-0.00257243620283322,0.0146137877293373,-0.0304604071326066));
#8066=CARTESIAN_POINT('',(-0.00271787549098318,0.0157372577744148,-0.0293556860614963));
#8067=CARTESIAN_POINT('',(-0.00427703344269015,0.0156744479011443,-0.0296180420142582));
#8068=CARTESIAN_POINT('',(-0.00239569649625445,0.0159633438433978,-0.0318028784857341));
#8069=CARTESIAN_POINT('',(-0.00254211351434081,0.0170888280443474,-0.0306907308184317));
#8070=CARTESIAN_POINT('',(-0.00410650342293943,0.0170240040151777,-0.0309618527887244));
#8071=CARTESIAN_POINT('',(-0.00402445168862238,0.017,-0.0309232008979936));
#8072=CARTESIAN_POINT('',(-0.0036151652237701,0.017,-0.030869317312667));
#8073=CARTESIAN_POINT('',(-0.00280973756623027,0.01664176724622,-0.0309125927772946));
#8074=CARTESIAN_POINT('',(-0.00247665028688765,0.0158759151124948,-0.0311879733975913));
#8075=CARTESIAN_POINT('',(-0.00245637166429321,0.0155,-0.0313420048285634));
#8076=CARTESIAN_POINT('',(-0.00710578907685044,0.0155,-0.00751811975866635));
#8077=CARTESIAN_POINT('',(-0.00382846665261805,0.0155,-0.032411855041256));
#8078=CARTESIAN_POINT('',(-0.00382846665261805,0.003,-0.032411855041256));
#8079=CARTESIAN_POINT('',(-0.0218624845885844,0.017,-0.0475440342807946));
#8080=CARTESIAN_POINT('',(-0.023356289106996,0.0130003081151593,-0.0474078430153889));
#8081=CARTESIAN_POINT('',(-0.0233948753696933,0.0130086422107619,-0.0478310737812827));
#8082=CARTESIAN_POINT('',(-0.0230878323218983,0.012866015684769,-0.0486802168150232));
#8083=CARTESIAN_POINT('',(-0.0223144294129295,0.0125391962806988,-0.0490257309713661));
#8084=CARTESIAN_POINT('',(-0.0219279136696323,0.0123786796564404,-0.0490426066131674));
#8085=CARTESIAN_POINT('',(-0.0233825319664133,0.0129741080690444,-0.0474067799964786));
#8086=CARTESIAN_POINT('',(-0.0235034418400418,0.0130266669345843,-0.0489738175676684));
#8087=CARTESIAN_POINT('',(-0.02239376423125,0.0119134478972646,-0.0490222671383927));
#8088=CARTESIAN_POINT('',(-0.0220300303131567,0.014324407458926,-0.0474615707117666));
#8089=CARTESIAN_POINT('',(-0.0221524048774802,0.0143823008181234,-0.0490328051153881));
#8090=CARTESIAN_POINT('',(-0.021041732839357,0.0132637472871504,-0.0490812981038047));
#8091=CARTESIAN_POINT('',(-0.0206771665085568,0.0156744479011669,-0.0475156466477347));
#8092=CARTESIAN_POINT('',(-0.0208026345483402,0.0157372577744505,-0.0490917373606722));
#8093=CARTESIAN_POINT('',(-0.0196894414052871,0.0146137877293737,-0.0491403404229033));
#8094=CARTESIAN_POINT('',(-0.0193236066692851,0.0170240040151776,-0.0475684069231101));
#8095=CARTESIAN_POINT('',(-0.019457351374196,0.0170888280443473,-0.0491504736925004));
#8096=CARTESIAN_POINT('',(-0.018336674680572,0.0159633438433978,-0.0491994034936396));
#8097=CARTESIAN_POINT('',(-0.0193549601980542,0.017,-0.0476535151600512));
#8098=CARTESIAN_POINT('',(-0.0193729670742299,0.017,-0.0480659404302388));
#8099=CARTESIAN_POINT('',(-0.0192596586400673,0.0166417672462286,-0.048864531487115));
#8100=CARTESIAN_POINT('',(-0.018956295457002,0.0158759151124776,-0.049172350266295));
#8101=CARTESIAN_POINT('',(-0.0188010827636723,0.0155,-0.0491791269988371));
#8102=CARTESIAN_POINT('',(0.0477914029646502,0.0155,-0.0505851886886123));
#8103=CARTESIAN_POINT('',(-0.0178548896118634,0.0155,-0.0477190096562737));
#8104=CARTESIAN_POINT('',(-0.0178548896118634,0.003,-0.0477190096562737));
#8105=CARTESIAN_POINT('',(0.052610523844401,0.017,-0.0698288972274762));
#8106=CARTESIAN_POINT('',(0.0524563716642932,0.0155,-0.0686579951714366));
#8107=CARTESIAN_POINT('',(0.0525925762968551,0.0144597948413845,-0.0696925720693908));
#8108=CARTESIAN_POINT('',(0.0527287460013072,0.013419321286959,-0.0707268836620117));
#8109=CARTESIAN_POINT('',(0.052864893818734,0.0123786796564404,-0.0717610290061702));
#8110=CARTESIAN_POINT('',(0.0524563716642932,0.0155,-0.0686579951714366));
#8111=CARTESIAN_POINT('',(0.052864893818734,0.0123786796564404,-0.0717610290061702));
#8112=CARTESIAN_POINT('',(0.052864893818734,0.017,-0.0717610290061702));
#8113=CARTESIAN_POINT('',(0.052610523844401,0.0155,-0.0698288972274762));
#8114=CARTESIAN_POINT('',(0.0699809644316372,0.017,-0.0508723877473067));
#8115=CARTESIAN_POINT('',(0.0719279136696323,0.013,-0.0509573933868326));
#8116=CARTESIAN_POINT('',(0.0719279136696323,0.0123786796564404,-0.0509573933868326));
#8117=CARTESIAN_POINT('',(0.0719279136696323,0.0123786796564404,-0.0509573933868326));
#8118=CARTESIAN_POINT('',(0.0708858374965741,0.0134193212869589,-0.0509118953585344));
#8119=CARTESIAN_POINT('',(0.0698435938000991,0.0144597948413845,-0.0508663900160058));
#8120=CARTESIAN_POINT('',(0.0688010827636723,0.0155,-0.0508208730011629));
#8121=CARTESIAN_POINT('',(0.0688010827636723,0.0155,-0.0508208730011629));
#8122=CARTESIAN_POINT('',(0.0664842956561006,0.0155,-0.050719719891528));
#8123=CARTESIAN_POINT('',(0.05,0.017,-0.05));
#8124=CARTESIAN_POINT('',(0.0546487925501671,0.017,-0.0730355969713292));
#8125=CARTESIAN_POINT('',(0.0546487925501671,0.013,-0.0730355969713292));
#8126=CARTESIAN_POINT('',(0.05,0.013,-0.05));
#8127=CARTESIAN_POINT('',(0.073353108537806,0.013,-0.052623417927333));
#8128=CARTESIAN_POINT('',(0.073353108537806,0.017,-0.052623417927333));
#8129=CARTESIAN_POINT('',(0.1,0.017,0.));
#8130=CARTESIAN_POINT('',(0.05,0.017,-0.05));
#8131=CARTESIAN_POINT('',(0.0693476817681421,0.017,-0.0524325316439263));
#8132=CARTESIAN_POINT('',(0.0541095367015675,0.017,-0.0690620488956059));
#8133=CARTESIAN_POINT('',(0.0541095367015675,0.017,-0.0690620488956059));
#8134=CARTESIAN_POINT('',(0.054081375178605,0.017,-0.0690681201638531));
#8135=CARTESIAN_POINT('',(0.0540530138411595,0.017,-0.0690730388232885));
#8136=CARTESIAN_POINT('',(0.0540244516886223,0.017,-0.0690767991020065));
#8137=CARTESIAN_POINT('',(0.0540244516886223,0.017,-0.0690767991020065));
#8138=CARTESIAN_POINT('',(0.045868545507271,0.017,-0.00712654118200619));
#8139=CARTESIAN_POINT('',(0.0694160112397982,0.017,-0.0523491503859968));
#8140=CARTESIAN_POINT('',(0.0693549601980542,0.017,-0.0523464848399487));
#8141=CARTESIAN_POINT('',(0.0693549601980542,0.017,-0.0523464848399487));
#8142=CARTESIAN_POINT('',(0.0693537035839509,0.017,-0.0523752660347569));
#8143=CARTESIAN_POINT('',(0.06935127549493,0.017,-0.0524039481381674));
#8144=CARTESIAN_POINT('',(0.0693476817681421,0.017,-0.0524325316439263));
#8145=CARTESIAN_POINT('',(0.0300190355683628,0.017,-0.0491276122526933));
#8146=CARTESIAN_POINT('',(0.0335157043438993,0.0155,-0.0492802801084719));
#8147=CARTESIAN_POINT('',(0.0311989172363277,0.0155,-0.0491791269988371));
#8148=CARTESIAN_POINT('',(0.0320796813070886,0.0155,-0.0492175819886464));
#8149=CARTESIAN_POINT('',(0.0320796813070886,0.017,-0.0492175819886464));
#8150=CARTESIAN_POINT('',(0.0280720863303676,0.017,-0.0490426066131674));
#8151=CARTESIAN_POINT('',(0.0280720863303676,0.0123786796564404,-0.0490426066131674));
#8152=CARTESIAN_POINT('',(0.0280720863303676,0.0123786796564404,-0.0490426066131674));
#8153=CARTESIAN_POINT('',(0.0291141625034259,0.013419321286959,-0.0490881046414656));
#8154=CARTESIAN_POINT('',(0.0301564061999009,0.0144597948413845,-0.0491336099839942));
#8155=CARTESIAN_POINT('',(0.0311989172363277,0.0155,-0.0491791269988371));
#8156=CARTESIAN_POINT('',(0.05,0.017,-0.05));
#8157=CARTESIAN_POINT('',(0.0453512074498328,0.017,-0.0269644030286709));
#8158=CARTESIAN_POINT('',(0.0453512074498328,0.013,-0.0269644030286709));
#8159=CARTESIAN_POINT('',(0.05,0.013,-0.05));
#8160=CARTESIAN_POINT('',(0.026646891462194,0.013,-0.047376582072667));
#8161=CARTESIAN_POINT('',(0.026646891462194,0.017,-0.047376582072667));
#8162=CARTESIAN_POINT('',(0.047389476155599,0.017,-0.0301711027725238));
#8163=CARTESIAN_POINT('',(0.0476587006394427,0.017,-0.0322160657529259));
#8164=CARTESIAN_POINT('',(0.0476587006394427,0.0155,-0.0322160657529259));
#8165=CARTESIAN_POINT('',(0.047454739251709,0.0155,-0.0306668252032108));
#8166=CARTESIAN_POINT('',(0.0475436283357068,0.0155,-0.0313420048285634));
#8167=CARTESIAN_POINT('',(0.0475436283357068,0.0155,-0.0313420048285634));
#8168=CARTESIAN_POINT('',(0.0474074237031449,0.0144597948413845,-0.0303074279306092));
#8169=CARTESIAN_POINT('',(0.0472712539986927,0.0134193212869589,-0.0292731163379883));
#8170=CARTESIAN_POINT('',(0.0471351061812659,0.0123786796564404,-0.0282389709938299));
#8171=CARTESIAN_POINT('',(0.0471351061812659,0.0123786796564404,-0.0282389709938299));
#8172=CARTESIAN_POINT('',(0.0471351061812659,0.017,-0.0282389709938299));
#8173=CARTESIAN_POINT('',(0.1,0.017,0.));
#8174=CARTESIAN_POINT('',(0.0458904632984325,0.017,-0.0309379511043942));
#8175=CARTESIAN_POINT('',(0.045918624821395,0.017,-0.030931879836147));
#8176=CARTESIAN_POINT('',(0.0459469861588405,0.017,-0.0309269611767115));
#8177=CARTESIAN_POINT('',(0.0459755483113776,0.017,-0.0309232008979936));
#8178=CARTESIAN_POINT('',(0.0458904632984325,0.017,-0.0309379511043942));
#8179=CARTESIAN_POINT('',(0.0459755483113776,0.017,-0.0309232008979936));
#8180=CARTESIAN_POINT('',(0.0463591505363084,0.017,-0.0338369490756622));
#8181=CARTESIAN_POINT('',(0.0305839887602017,0.017,-0.0476508496140031));
#8182=CARTESIAN_POINT('',(0.0306450398019458,0.017,-0.0476535151600512));
#8183=CARTESIAN_POINT('',(0.0306450398019458,0.017,-0.0476535151600512));
#8184=CARTESIAN_POINT('',(0.0306462964160492,0.017,-0.047624733965243));
#8185=CARTESIAN_POINT('',(0.0306487245050701,0.017,-0.0475960518618326));
#8186=CARTESIAN_POINT('',(0.030652318231858,0.017,-0.0475674683560737));
#8187=CARTESIAN_POINT('',(0.030652318231858,0.017,-0.0475674683560737));
#8188=CARTESIAN_POINT('',(0.05,0.017,-0.05));
#8189=CARTESIAN_POINT('',(0.05,0.013,-0.05));
#8190=CARTESIAN_POINT('',(0.0546487925501671,0.013,-0.0730355969713292));
#8191=CARTESIAN_POINT('',(0.0546385238786512,0.013,-0.0730376692824442));
#8192=CARTESIAN_POINT('',(0.0546282356146965,0.0130001027234533,-0.073039633607304));
#8193=CARTESIAN_POINT('',(0.0546179277696403,0.0130003081151593,-0.0730414900081751));
#8194=CARTESIAN_POINT('',(0.0546179277696403,0.0130003081151593,-0.0730414900081751));
#8195=CARTESIAN_POINT('',(0.0546179277696403,0.0130003081151593,-0.0730414900081751));
#8196=CARTESIAN_POINT('',(0.0544476078759469,0.0143339154307881,-0.0717154978073671));
#8197=CARTESIAN_POINT('',(0.0542779596922639,0.0156672322663142,-0.0703891271380213));
#8198=CARTESIAN_POINT('',(0.0541095367015675,0.017,-0.0690620488956059));
#8199=CARTESIAN_POINT('',(0.0693476817681421,0.017,-0.0524325316439263));
#8200=CARTESIAN_POINT('',(0.0706843891080392,0.0156672322663142,-0.0524846512443929));
#8201=CARTESIAN_POINT('',(0.0720204983500005,0.0143339154307881,-0.0525380530446732));
#8202=CARTESIAN_POINT('',(0.073356289106996,0.0130003081151593,-0.0525921569846111));
#8203=CARTESIAN_POINT('',(0.073356289106996,0.0130003081151593,-0.0525921569846111));
#8204=CARTESIAN_POINT('',(0.073356289106996,0.0130003081151593,-0.0525921569846111));
#8205=CARTESIAN_POINT('',(0.0733553381581826,0.0130001027234533,-0.0526025874012016));
#8206=CARTESIAN_POINT('',(0.0733542779894585,0.013,-0.052613007717398));
#8207=CARTESIAN_POINT('',(0.073353108537806,0.013,-0.052623417927333));
#8208=CARTESIAN_POINT('',(0.05,0.017,-0.05));
#8209=CARTESIAN_POINT('',(0.0453512074498328,0.013,-0.0269644030286709));
#8210=CARTESIAN_POINT('',(0.0453614761213487,0.013,-0.0269623307175559));
#8211=CARTESIAN_POINT('',(0.0453717643853035,0.0130001027234533,-0.026960366392696));
#8212=CARTESIAN_POINT('',(0.0453820722303597,0.0130003081151593,-0.0269585099918249));
#8213=CARTESIAN_POINT('',(0.0453820722303597,0.0130003081151593,-0.0269585099918249));
#8214=CARTESIAN_POINT('',(0.0453820722303597,0.0130003081151593,-0.0269585099918249));
#8215=CARTESIAN_POINT('',(0.0455523921240531,0.0143339154307881,-0.028284502192633));
#8216=CARTESIAN_POINT('',(0.0457220403077361,0.0156672322663142,-0.0296108728619787));
#8217=CARTESIAN_POINT('',(0.0458904632984325,0.017,-0.0309379511043942));
#8218=CARTESIAN_POINT('',(0.030652318231858,0.017,-0.0475674683560737));
#8219=CARTESIAN_POINT('',(0.0293156108919608,0.0156672322663142,-0.0475153487556071));
#8220=CARTESIAN_POINT('',(0.0279795016499995,0.0143339154307881,-0.0474619469553268));
#8221=CARTESIAN_POINT('',(0.026643710893004,0.0130003081151593,-0.0474078430153889));
#8222=CARTESIAN_POINT('',(0.0266437108930039,0.0130003081151593,-0.0474078430153889));
#8223=CARTESIAN_POINT('',(0.0266437108930039,0.0130003081151593,-0.0474078430153889));
#8224=CARTESIAN_POINT('',(0.0266446618418173,0.0130001027234533,-0.0473974125987984));
#8225=CARTESIAN_POINT('',(0.0266457220105415,0.013,-0.047386992282602));
#8226=CARTESIAN_POINT('',(0.026646891462194,0.013,-0.047376582072667));
#8227=CARTESIAN_POINT('',(0.0540976911364617,0.0155,-0.0696331079391462));
#8228=CARTESIAN_POINT('',(0.0540244516886223,0.017,-0.0690767991020065));
#8229=CARTESIAN_POINT('',(0.05361516522377,0.017,-0.069130682687333));
#8230=CARTESIAN_POINT('',(0.0528097375662324,0.016641767246213,-0.0690874072227221));
#8231=CARTESIAN_POINT('',(0.0524766502868832,0.0158759151125088,-0.0688120266023753));
#8232=CARTESIAN_POINT('',(0.0524563716642932,0.0155,-0.0686579951714366));
#8233=CARTESIAN_POINT('',(0.0529257574473749,0.0119134478972557,-0.0722233341637345));
#8234=CARTESIAN_POINT('',(0.05307073742906,0.0130266669345754,-0.0733245664558817));
#8235=CARTESIAN_POINT('',(0.0546212739593482,0.0129741080690356,-0.0730675403573955));
#8236=CARTESIAN_POINT('',(0.0527491138124313,0.0132637472871578,-0.0708815925471251));
#8237=CARTESIAN_POINT('',(0.0528942237168311,0.0143823008181566,-0.0719838117003676));
#8238=CARTESIAN_POINT('',(0.0544488134531063,0.0143244074589256,-0.0717249607067411));
#8239=CARTESIAN_POINT('',(0.0525724362028324,0.0146137877294073,-0.069539592867388));
#8240=CARTESIAN_POINT('',(0.0527178754909736,0.0157372577745018,-0.0706443139384641));
#8241=CARTESIAN_POINT('',(0.0542770334426864,0.0156744479011874,-0.0703819579856986));
#8242=CARTESIAN_POINT('',(0.0523956964962544,0.0159633438433979,-0.0681971215142659));
#8243=CARTESIAN_POINT('',(0.0525421135143407,0.0170888280443474,-0.0693092691815683));
#8244=CARTESIAN_POINT('',(0.0541065034229394,0.0170240040151777,-0.0690381472112756));
#8245=CARTESIAN_POINT('',(0.0546179277696403,0.0130003081151593,-0.0730414900081751));
#8246=CARTESIAN_POINT('',(0.0541996705389728,0.0130086422107619,-0.0731168164302483));
#8247=CARTESIAN_POINT('',(0.0533269981859549,0.0128660156847342,-0.0728849494657682));
#8248=CARTESIAN_POINT('',(0.0529153923103103,0.0125391962807687,-0.0721446031312475));
#8249=CARTESIAN_POINT('',(0.052864893818734,0.0123786796564404,-0.0717610290061702));
#8250=CARTESIAN_POINT('',(0.0543520611107948,0.017,-0.0715652397178401));
#8251=CARTESIAN_POINT('',(0.0976605448025542,0.0155,-0.0535823333533579));
#8252=CARTESIAN_POINT('',(0.0693549601980542,0.017,-0.0523464848399487));
#8253=CARTESIAN_POINT('',(0.0693729670742299,0.017,-0.0519340595697611));
#8254=CARTESIAN_POINT('',(0.0692596586401177,0.0166417672462077,-0.0511354685128872));
#8255=CARTESIAN_POINT('',(0.0689562954569011,0.0158759151125193,-0.0508276497337006));
#8256=CARTESIAN_POINT('',(0.0688010827636723,0.0155,-0.0508208730011629));
#8257=CARTESIAN_POINT('',(0.0733825319664221,0.0129741080690356,-0.0525932200035218));
#8258=CARTESIAN_POINT('',(0.0735034418400507,0.0130266669345754,-0.051026182432332));
#8259=CARTESIAN_POINT('',(0.0723937642312589,0.0119134478972558,-0.0509777328616077));
#8260=CARTESIAN_POINT('',(0.0720300303131966,0.0143244074588844,-0.0525384292882522));
#8261=CARTESIAN_POINT('',(0.0721524048775714,0.0143823008181222,-0.0509671948846312));
#8262=CARTESIAN_POINT('',(0.0710417328394225,0.0132637472871213,-0.0509187018961982));
#8263=CARTESIAN_POINT('',(0.0706771665085899,0.0156744479011347,-0.0524843533522605));
#8264=CARTESIAN_POINT('',(0.0708026345483512,0.0157372577744146,-0.0509082626393519));
#8265=CARTESIAN_POINT('',(0.0696894414053063,0.0146137877293277,-0.0508596595770976));
#8266=CARTESIAN_POINT('',(0.069323606669285,0.0170240040151777,-0.0524315930768899));
#8267=CARTESIAN_POINT('',(0.0694573513741959,0.0170888280443474,-0.0508495263074996));
#8268=CARTESIAN_POINT('',(0.068336674680572,0.0159633438433979,-0.0508005965063604));
#8269=CARTESIAN_POINT('',(0.073356289106996,0.0130003081151593,-0.0525921569846111));
#8270=CARTESIAN_POINT('',(0.0733948753696932,0.0130086422107619,-0.0521689262187173));
#8271=CARTESIAN_POINT('',(0.073087832321912,0.012866015684736,-0.0513197831849774));
#8272=CARTESIAN_POINT('',(0.072314429412902,0.012539196280765,-0.0509742690286327));
#8273=CARTESIAN_POINT('',(0.0719279136696323,0.0123786796564404,-0.0509573933868326));
#8274=CARTESIAN_POINT('',(0.0718624845885843,0.017,-0.0524559657192054));
#8275=CARTESIAN_POINT('',(0.0456479388892052,0.017,-0.0284347602821599));
#8276=CARTESIAN_POINT('',(0.0453820722303597,0.0130003081151593,-0.0269585099918249));
#8277=CARTESIAN_POINT('',(0.0458003294610272,0.0130086422107619,-0.0268831835697517));
#8278=CARTESIAN_POINT('',(0.0466730018140459,0.0128660156847471,-0.0271150505342372));
#8279=CARTESIAN_POINT('',(0.0470846076896882,0.0125391962807429,-0.0278553968687419));
#8280=CARTESIAN_POINT('',(0.0471351061812659,0.0123786796564404,-0.0282389709938299));
#8281=CARTESIAN_POINT('',(0.0470742425526263,0.0119134478972646,-0.0277766658362744));
#8282=CARTESIAN_POINT('',(0.0469292625709412,0.0130266669345843,-0.0266754335441271));
#8283=CARTESIAN_POINT('',(0.045378726040653,0.0129741080690444,-0.0269324596426134));
#8284=CARTESIAN_POINT('',(0.0472508861875712,0.0132637472871504,-0.0291184074528939));
#8285=CARTESIAN_POINT('',(0.047105776283149,0.014382300818134,-0.0280161882996055));
#8286=CARTESIAN_POINT('',(0.0455511865468925,0.0143244074589281,-0.0282750392932618));
#8287=CARTESIAN_POINT('',(0.0474275637971684,0.0146137877293903,-0.030460407132618));
#8288=CARTESIAN_POINT('',(0.0472821245090181,0.0157372577744749,-0.029355686061508));
#8289=CARTESIAN_POINT('',(0.045722966557306,0.0156744479011765,-0.0296180420142919));
#8290=CARTESIAN_POINT('',(0.0476043035037456,0.0159633438433978,-0.0318028784857341));
#8291=CARTESIAN_POINT('',(0.0474578864856592,0.0170888280443474,-0.0306907308184317));
#8292=CARTESIAN_POINT('',(0.0458934965770606,0.0170240040151777,-0.0309618527887244));
#8293=CARTESIAN_POINT('',(0.0459755483113776,0.017,-0.0309232008979936));
#8294=CARTESIAN_POINT('',(0.0463848347762299,0.017,-0.030869317312667));
#8295=CARTESIAN_POINT('',(0.0471902624337694,0.016641767246219,-0.0309125927772921));
#8296=CARTESIAN_POINT('',(0.047523349713113,0.0158759151124968,-0.0311879733975959));
#8297=CARTESIAN_POINT('',(0.0475436283357068,0.0155,-0.0313420048285634));
#8298=CARTESIAN_POINT('',(0.0428942109231496,0.0155,-0.00751811975866635));
#8299=CARTESIAN_POINT('',(0.046171533347382,0.0155,-0.032411855041256));
#8300=CARTESIAN_POINT('',(0.046171533347382,0.003,-0.032411855041256));
#8301=CARTESIAN_POINT('',(0.0281375154114156,0.017,-0.0475440342807946));
#8302=CARTESIAN_POINT('',(0.0266437108930039,0.0130003081151593,-0.0474078430153889));
#8303=CARTESIAN_POINT('',(0.0266051246303067,0.0130086422107619,-0.0478310737812827));
#8304=CARTESIAN_POINT('',(0.0269121676781101,0.0128660156847892,-0.0486802168150235));
#8305=CARTESIAN_POINT('',(0.0276855705870537,0.0125391962806582,-0.0490257309713653));
#8306=CARTESIAN_POINT('',(0.0280720863303676,0.0123786796564404,-0.0490426066131674));
#8307=CARTESIAN_POINT('',(0.0266174680335868,0.0129741080690444,-0.0474067799964786));
#8308=CARTESIAN_POINT('',(0.0264965581599582,0.0130266669345843,-0.0489738175676684));
#8309=CARTESIAN_POINT('',(0.02760623576875,0.0119134478972646,-0.0490222671383927));
#8310=CARTESIAN_POINT('',(0.0279699696868481,0.0143244074589279,-0.0474615707117406));
#8311=CARTESIAN_POINT('',(0.0278475951225022,0.0143823008181616,-0.0490328051153765));
#8312=CARTESIAN_POINT('',(0.0289582671606295,0.013263747287157,-0.0490812981038041));
#8313=CARTESIAN_POINT('',(0.0293228334914166,0.0156744479011405,-0.0475156466477347));
#8314=CARTESIAN_POINT('',(0.0291973654516325,0.015737257774436,-0.0490917373606474));
#8315=CARTESIAN_POINT('',(0.0303105585946964,0.0146137877293472,-0.0491403404229026));
#8316=CARTESIAN_POINT('',(0.030676393330715,0.0170240040151776,-0.0475684069231101));
#8317=CARTESIAN_POINT('',(0.0305426486258041,0.0170888280443474,-0.0491504736925004));
#8318=CARTESIAN_POINT('',(0.031663325319428,0.0159633438433978,-0.0491994034936396));
#8319=CARTESIAN_POINT('',(0.0306450398019458,0.017,-0.0476535151600512));
#8320=CARTESIAN_POINT('',(0.0306270329257701,0.017,-0.0480659404302388));
#8321=CARTESIAN_POINT('',(0.0307403413599642,0.0166417672462416,-0.0488645314871163));
#8322=CARTESIAN_POINT('',(0.0310437045429349,0.0158759151124515,-0.0491723502662922));
#8323=CARTESIAN_POINT('',(0.0311989172363277,0.0155,-0.0491791269988371));
#8324=CARTESIAN_POINT('',(0.0977914029646502,0.0155,-0.0505851886886123));
#8325=CARTESIAN_POINT('',(0.0321451103881366,0.0155,-0.0477190096562737));
#8326=CARTESIAN_POINT('',(0.0321451103881366,0.003,-0.0477190096562737));
#8327=CARTESIAN_POINT('',(-0.047389476155599,0.017,-0.0198288972274762));
#8328=CARTESIAN_POINT('',(-0.0475436283357068,0.0155,-0.0186579951714366));
#8329=CARTESIAN_POINT('',(-0.0474074237031449,0.0144597948413845,-0.0196925720693908));
#8330=CARTESIAN_POINT('',(-0.0472712539986928,0.0134193212869589,-0.0207268836620117));
#8331=CARTESIAN_POINT('',(-0.047135106181266,0.0123786796564404,-0.0217610290061702));
#8332=CARTESIAN_POINT('',(-0.0475436283357068,0.0155,-0.0186579951714366));
#8333=CARTESIAN_POINT('',(-0.047135106181266,0.0123786796564404,-0.0217610290061702));
#8334=CARTESIAN_POINT('',(-0.047135106181266,0.017,-0.0217610290061702));
#8335=CARTESIAN_POINT('',(-0.047389476155599,0.0155,-0.0198288972274762));
#8336=CARTESIAN_POINT('',(-0.0300190355683628,0.017,-0.000872387747306719));
#8337=CARTESIAN_POINT('',(-0.0280720863303677,0.013,-0.000957393386832598));
#8338=CARTESIAN_POINT('',(-0.0280720863303677,0.0123786796564404,-0.000957393386832598));
#8339=CARTESIAN_POINT('',(-0.0280720863303677,0.0123786796564404,-0.000957393386832598));
#8340=CARTESIAN_POINT('',(-0.029114162503426,0.0134193212869589,-0.00091189535853438));
#8341=CARTESIAN_POINT('',(-0.030156406199901,0.0144597948413845,-0.000866390016005828));
#8342=CARTESIAN_POINT('',(-0.0311989172363277,0.0155,-0.000820873001162905));
#8343=CARTESIAN_POINT('',(-0.0311989172363277,0.0155,-0.000820873001162905));
#8344=CARTESIAN_POINT('',(-0.0335157043438993,0.0155,-0.000719719891528039));
#8345=CARTESIAN_POINT('',(-0.05,0.017,0.));
#8346=CARTESIAN_POINT('',(-0.0453512074498329,0.017,-0.0230355969713292));
#8347=CARTESIAN_POINT('',(-0.0453512074498329,0.013,-0.0230355969713292));
#8348=CARTESIAN_POINT('',(-0.05,0.013,0.));
#8349=CARTESIAN_POINT('',(-0.026646891462194,0.013,-0.00262341792733302));
#8350=CARTESIAN_POINT('',(-0.026646891462194,0.017,-0.00262341792733302));
#8351=CARTESIAN_POINT('',(-4.33680868994202E-18,0.017,0.05));
#8352=CARTESIAN_POINT('',(-0.05,0.017,0.));
#8353=CARTESIAN_POINT('',(-0.030652318231858,0.017,-0.00243253164392626));
#8354=CARTESIAN_POINT('',(-0.0458904632984326,0.017,-0.0190620488956059));
#8355=CARTESIAN_POINT('',(-0.0458904632984326,0.017,-0.0190620488956059));
#8356=CARTESIAN_POINT('',(-0.0459186248213951,0.017,-0.0190681201638531));
#8357=CARTESIAN_POINT('',(-0.0459469861588406,0.017,-0.0190730388232885));
#8358=CARTESIAN_POINT('',(-0.0459755483113777,0.017,-0.0190767991020065));
#8359=CARTESIAN_POINT('',(-0.0459755483113777,0.017,-0.0190767991020065));
#8360=CARTESIAN_POINT('',(-0.054131454492729,0.017,0.0428734588179938));
#8361=CARTESIAN_POINT('',(-0.0305839887602018,0.017,-0.00234915038599683));
#8362=CARTESIAN_POINT('',(-0.0306450398019458,0.017,-0.00234648483994874));
#8363=CARTESIAN_POINT('',(-0.0306450398019458,0.017,-0.00234648483994874));
#8364=CARTESIAN_POINT('',(-0.0306462964160492,0.017,-0.00237526603475693));
#8365=CARTESIAN_POINT('',(-0.0306487245050701,0.017,-0.00240394813816733));
#8366=CARTESIAN_POINT('',(-0.030652318231858,0.017,-0.00243253164392626));
#8367=CARTESIAN_POINT('',(-0.0699809644316372,0.017,0.00087238774730674));
#8368=CARTESIAN_POINT('',(-0.0664842956561007,0.0155,0.000719719891528061));
#8369=CARTESIAN_POINT('',(-0.0688010827636724,0.0155,0.000820873001162926));
#8370=CARTESIAN_POINT('',(-0.0679203186929114,0.0155,0.000782418011353563));
#8371=CARTESIAN_POINT('',(-0.0679203186929114,0.017,0.000782418011353563));
#8372=CARTESIAN_POINT('',(-0.0719279136696324,0.017,0.00095739338683262));
#8373=CARTESIAN_POINT('',(-0.0719279136696324,0.0123786796564404,0.00095739338683262));
#8374=CARTESIAN_POINT('',(-0.0719279136696324,0.0123786796564404,0.00095739338683262));
#8375=CARTESIAN_POINT('',(-0.0708858374965742,0.0134193212869589,0.000911895358534402));
#8376=CARTESIAN_POINT('',(-0.0698435938000991,0.0144597948413845,0.000866390016005849));
#8377=CARTESIAN_POINT('',(-0.0688010827636724,0.0155,0.000820873001162926));
#8378=CARTESIAN_POINT('',(-0.05,0.017,0.));
#8379=CARTESIAN_POINT('',(-0.0546487925501672,0.017,0.0230355969713292));
#8380=CARTESIAN_POINT('',(-0.0546487925501672,0.013,0.0230355969713292));
#8381=CARTESIAN_POINT('',(-0.05,0.013,0.));
#8382=CARTESIAN_POINT('',(-0.073353108537806,0.013,0.00262341792733305));
#8383=CARTESIAN_POINT('',(-0.073353108537806,0.017,0.00262341792733305));
#8384=CARTESIAN_POINT('',(-0.0526105238444011,0.017,0.0198288972274762));
#8385=CARTESIAN_POINT('',(-0.0523412993605573,0.017,0.017783934247074));
#8386=CARTESIAN_POINT('',(-0.0523412993605573,0.0155,0.017783934247074));
#8387=CARTESIAN_POINT('',(-0.052545260748291,0.0155,0.0193331747967893));
#8388=CARTESIAN_POINT('',(-0.0524563716642932,0.0155,0.0186579951714366));
#8389=CARTESIAN_POINT('',(-0.0524563716642932,0.0155,0.0186579951714366));
#8390=CARTESIAN_POINT('',(-0.0525925762968551,0.0144597948413845,0.0196925720693908));
#8391=CARTESIAN_POINT('',(-0.0527287460013073,0.0134193212869589,0.0207268836620117));
#8392=CARTESIAN_POINT('',(-0.0528648938187341,0.0123786796564404,0.0217610290061702));
#8393=CARTESIAN_POINT('',(-0.0528648938187341,0.0123786796564404,0.0217610290061702));
#8394=CARTESIAN_POINT('',(-0.0528648938187341,0.017,0.0217610290061702));
#8395=CARTESIAN_POINT('',(-4.33680868994202E-18,0.017,0.05));
#8396=CARTESIAN_POINT('',(-0.0541095367015675,0.017,0.0190620488956059));
#8397=CARTESIAN_POINT('',(-0.054081375178605,0.017,0.0190681201638531));
#8398=CARTESIAN_POINT('',(-0.0540530138411595,0.017,0.0190730388232885));
#8399=CARTESIAN_POINT('',(-0.0540244516886224,0.017,0.0190767991020065));
#8400=CARTESIAN_POINT('',(-0.0541095367015675,0.017,0.0190620488956059));
#8401=CARTESIAN_POINT('',(-0.0540244516886224,0.017,0.0190767991020065));
#8402=CARTESIAN_POINT('',(-0.0536408494636916,0.017,0.0161630509243378));
#8403=CARTESIAN_POINT('',(-0.0694160112397983,0.017,0.00234915038599687));
#8404=CARTESIAN_POINT('',(-0.0693549601980542,0.017,0.00234648483994877));
#8405=CARTESIAN_POINT('',(-0.0693549601980542,0.017,0.00234648483994877));
#8406=CARTESIAN_POINT('',(-0.0693537035839508,0.017,0.00237526603475696));
#8407=CARTESIAN_POINT('',(-0.0693512754949299,0.017,0.00240394813816735));
#8408=CARTESIAN_POINT('',(-0.0693476817681421,0.017,0.00243253164392628));
#8409=CARTESIAN_POINT('',(-0.0693476817681421,0.017,0.00243253164392628));
#8410=CARTESIAN_POINT('',(-0.05,0.017,0.));
#8411=CARTESIAN_POINT('',(-0.05,0.013,0.));
#8412=CARTESIAN_POINT('',(-0.0453512074498329,0.013,-0.0230355969713292));
#8413=CARTESIAN_POINT('',(-0.0453614761213488,0.013,-0.0230376692824441));
#8414=CARTESIAN_POINT('',(-0.0453717643853035,0.0130001027234533,-0.023039633607304));
#8415=CARTESIAN_POINT('',(-0.0453820722303597,0.0130003081151593,-0.0230414900081752));
#8416=CARTESIAN_POINT('',(-0.0453820722303597,0.0130003081151593,-0.0230414900081752));
#8417=CARTESIAN_POINT('',(-0.0453820722303597,0.0130003081151593,-0.0230414900081751));
#8418=CARTESIAN_POINT('',(-0.0455523921240531,0.0143339154307881,-0.0217154978073671));
#8419=CARTESIAN_POINT('',(-0.0457220403077362,0.0156672322663142,-0.0203891271380213));
#8420=CARTESIAN_POINT('',(-0.0458904632984326,0.017,-0.0190620488956059));
#8421=CARTESIAN_POINT('',(-0.030652318231858,0.017,-0.00243253164392626));
#8422=CARTESIAN_POINT('',(-0.0293156108919609,0.0156672322663142,-0.00248465124439283));
#8423=CARTESIAN_POINT('',(-0.0279795016499995,0.0143339154307881,-0.00253805304467324));
#8424=CARTESIAN_POINT('',(-0.026643710893004,0.0130003081151593,-0.0025921569846111));
#8425=CARTESIAN_POINT('',(-0.026643710893004,0.0130003081151593,-0.00259215698461109));
#8426=CARTESIAN_POINT('',(-0.026643710893004,0.0130003081151593,-0.00259215698461109));
#8427=CARTESIAN_POINT('',(-0.0266446618418174,0.0130001027234533,-0.00260258740120157));
#8428=CARTESIAN_POINT('',(-0.0266457220105415,0.013,-0.00261300771739804));
#8429=CARTESIAN_POINT('',(-0.026646891462194,0.013,-0.00262341792733302));
#8430=CARTESIAN_POINT('',(-0.05,0.017,0.));
#8431=CARTESIAN_POINT('',(-0.0546487925501672,0.013,0.0230355969713292));
#8432=CARTESIAN_POINT('',(-0.0546385238786513,0.013,0.0230376692824441));
#8433=CARTESIAN_POINT('',(-0.0546282356146965,0.0130001027234533,0.023039633607304));
#8434=CARTESIAN_POINT('',(-0.0546179277696403,0.0130003081151593,0.0230414900081751));
#8435=CARTESIAN_POINT('',(-0.0546179277696404,0.0130003081151593,0.0230414900081751));
#8436=CARTESIAN_POINT('',(-0.0546179277696404,0.0130003081151593,0.0230414900081751));
#8437=CARTESIAN_POINT('',(-0.054447607875947,0.0143339154307881,0.021715497807367));
#8438=CARTESIAN_POINT('',(-0.0542779596922639,0.0156672322663142,0.0203891271380213));
#8439=CARTESIAN_POINT('',(-0.0541095367015675,0.017,0.0190620488956059));
#8440=CARTESIAN_POINT('',(-0.0693476817681421,0.017,0.00243253164392628));
#8441=CARTESIAN_POINT('',(-0.0706843891080392,0.0156672322663142,0.00248465124439285));
#8442=CARTESIAN_POINT('',(-0.0720204983500005,0.0143339154307881,0.00253805304467326));
#8443=CARTESIAN_POINT('',(-0.073356289106996,0.0130003081151593,0.00259215698461112));
#8444=CARTESIAN_POINT('',(-0.073356289106996,0.0130003081151593,0.00259215698461112));
#8445=CARTESIAN_POINT('',(-0.073356289106996,0.0130003081151593,0.00259215698461112));
#8446=CARTESIAN_POINT('',(-0.0733553381581826,0.0130001027234533,0.00260258740120159));
#8447=CARTESIAN_POINT('',(-0.0733542779894585,0.013,0.00261300771739807));
#8448=CARTESIAN_POINT('',(-0.073353108537806,0.013,0.00262341792733305));
#8449=CARTESIAN_POINT('',(-0.0459023088635383,0.0155,-0.0196331079391462));
#8450=CARTESIAN_POINT('',(-0.0459755483113777,0.017,-0.0190767991020065));
#8451=CARTESIAN_POINT('',(-0.04638483477623,0.017,-0.019130682687333));
#8452=CARTESIAN_POINT('',(-0.0471902624337698,0.0166417672462201,-0.0190874072227052));
#8453=CARTESIAN_POINT('',(-0.0475233497131123,0.0158759151124946,-0.0188120266024092));
#8454=CARTESIAN_POINT('',(-0.0475436283357068,0.0155,-0.0186579951714367));
#8455=CARTESIAN_POINT('',(-0.0470742425526251,0.0119134478972558,-0.0222233341637345));
#8456=CARTESIAN_POINT('',(-0.04692926257094,0.0130266669345754,-0.0233245664558817));
#8457=CARTESIAN_POINT('',(-0.0453787260406518,0.0129741080690356,-0.0230675403573955));
#8458=CARTESIAN_POINT('',(-0.0472508861875704,0.0132637472871396,-0.020881592547112));
#8459=CARTESIAN_POINT('',(-0.0471057762831763,0.0143823008181411,-0.0219838117003843));
#8460=CARTESIAN_POINT('',(-0.0455511865468912,0.0143244074589197,-0.0217249607067466));
#8461=CARTESIAN_POINT('',(-0.0474275637971641,0.0146137877293675,-0.0195395928674143));
#8462=CARTESIAN_POINT('',(-0.0472821245090177,0.0157372577744503,-0.0206443139384944));
#8463=CARTESIAN_POINT('',(-0.045722966557308,0.0156744479011425,-0.0203819579857433));
#8464=CARTESIAN_POINT('',(-0.0476043035037456,0.0159633438433979,-0.0181971215142659));
#8465=CARTESIAN_POINT('',(-0.0474578864856592,0.0170888280443474,-0.0193092691815683));
#8466=CARTESIAN_POINT('',(-0.0458934965770606,0.0170240040151777,-0.0190381472112756));
#8467=CARTESIAN_POINT('',(-0.0453820722303597,0.0130003081151593,-0.0230414900081752));
#8468=CARTESIAN_POINT('',(-0.0458003294610272,0.0130086422107618,-0.0231168164302484));
#8469=CARTESIAN_POINT('',(-0.0466730018140465,0.0128660156847586,-0.0228849494657581));
#8470=CARTESIAN_POINT('',(-0.047084607689687,0.0125391962807195,-0.0221446031312677));
#8471=CARTESIAN_POINT('',(-0.047135106181266,0.0123786796564404,-0.0217610290061702));
#8472=CARTESIAN_POINT('',(-0.0456479388892053,0.017,-0.0215652397178401));
#8473=CARTESIAN_POINT('',(-0.00233945519744587,0.0155,-0.00358233335335789));
#8474=CARTESIAN_POINT('',(-0.0306450398019458,0.017,-0.00234648483994874));
#8475=CARTESIAN_POINT('',(-0.0306270329257702,0.017,-0.00193405956976115));
#8476=CARTESIAN_POINT('',(-0.0307403413598891,0.0166417672462105,-0.00113546851288689));
#8477=CARTESIAN_POINT('',(-0.0310437045430855,0.0158759151125138,-0.000827649733701215));
#8478=CARTESIAN_POINT('',(-0.0311989172363277,0.0155,-0.000820873001162903));
#8479=CARTESIAN_POINT('',(-0.0266174680335779,0.0129741080690356,-0.00259322000352178));
#8480=CARTESIAN_POINT('',(-0.0264965581599494,0.0130266669345754,-0.00102618243233198));
#8481=CARTESIAN_POINT('',(-0.0276062357687411,0.0119134478972558,-0.000977732861607672));
#8482=CARTESIAN_POINT('',(-0.0279699696868361,0.0143244074589181,-0.00253842928824046));
#8483=CARTESIAN_POINT('',(-0.0278475951225018,0.0143823008181341,-0.000967194884643073));
#8484=CARTESIAN_POINT('',(-0.0289582671606374,0.0132637472871412,-0.000918701896195573));
#8485=CARTESIAN_POINT('',(-0.029322833491442,0.0156744479011657,-0.00248435335226603));
#8486=CARTESIAN_POINT('',(-0.0291973654516461,0.0157372577744673,-0.000908262639363197));
#8487=CARTESIAN_POINT('',(-0.0303105585947135,0.0146137877293708,-0.000859659577096704));
#8488=CARTESIAN_POINT('',(-0.030676393330715,0.0170240040151777,-0.00243159307688987));
#8489=CARTESIAN_POINT('',(-0.0305426486258041,0.0170888280443474,-0.000849526307499624));
#8490=CARTESIAN_POINT('',(-0.031663325319428,0.0159633438433979,-0.000800596506360407));
#8491=CARTESIAN_POINT('',(-0.026643710893004,0.0130003081151593,-0.00259215698461109));
#8492=CARTESIAN_POINT('',(-0.0266051246303068,0.0130086422107618,-0.0021689262187173));
#8493=CARTESIAN_POINT('',(-0.0269121676780971,0.0128660156847578,-0.00131978318497699));
#8494=CARTESIAN_POINT('',(-0.0276855705870799,0.0125391962807214,-0.000974269028633527));
#8495=CARTESIAN_POINT('',(-0.0280720863303677,0.0123786796564404,-0.000957393386832598));
#8496=CARTESIAN_POINT('',(-0.0281375154114157,0.017,-0.00245596571920538));
#8497=CARTESIAN_POINT('',(-0.0543520611107948,0.017,0.02156523971784));
#8498=CARTESIAN_POINT('',(-0.0546179277696404,0.0130003081151593,0.0230414900081751));
#8499=CARTESIAN_POINT('',(-0.0541996705389729,0.0130086422107618,0.0231168164302484));
#8500=CARTESIAN_POINT('',(-0.0533269981859541,0.01286601568475,0.0228849494657616));
#8501=CARTESIAN_POINT('',(-0.0529153923103122,0.0125391962807366,0.0221446031312607));
#8502=CARTESIAN_POINT('',(-0.0528648938187341,0.0123786796564404,0.0217610290061702));
#8503=CARTESIAN_POINT('',(-0.0529257574473738,0.0119134478972646,0.0222233341637256));
#8504=CARTESIAN_POINT('',(-0.0530707374290589,0.0130266669345843,0.0233245664558728));
#8505=CARTESIAN_POINT('',(-0.0546212739593471,0.0129741080690445,0.0230675403573866));
#8506=CARTESIAN_POINT('',(-0.0527491138124307,0.0132637472871388,0.0208815925471193));
#8507=CARTESIAN_POINT('',(-0.0528942237169155,0.0143823008181456,0.0219838117003923));
#8508=CARTESIAN_POINT('',(-0.0544488134531533,0.0143244074589128,0.0217249607067446));
#8509=CARTESIAN_POINT('',(-0.0525724362028356,0.0146137877293439,0.0195395928674113));
#8510=CARTESIAN_POINT('',(-0.0527178754910088,0.0157372577744427,0.0206443139385371));
#8511=CARTESIAN_POINT('',(-0.0542770334427153,0.0156744479011366,0.0203819579857443));
#8512=CARTESIAN_POINT('',(-0.0523956964962545,0.0159633438433978,0.0181971215142659));
#8513=CARTESIAN_POINT('',(-0.0525421135143408,0.0170888280443474,0.0193092691815683));
#8514=CARTESIAN_POINT('',(-0.0541065034229395,0.0170240040151776,0.0190381472112756));
#8515=CARTESIAN_POINT('',(-0.0540244516886224,0.017,0.0190767991020065));
#8516=CARTESIAN_POINT('',(-0.0536151652237701,0.017,0.019130682687333));
#8517=CARTESIAN_POINT('',(-0.0528097375662315,0.0166417672462163,0.0190874072227142));
#8518=CARTESIAN_POINT('',(-0.0524766502868853,0.0158759151125021,0.0188120266023911));
#8519=CARTESIAN_POINT('',(-0.0524563716642932,0.0155,0.0186579951714366));
#8520=CARTESIAN_POINT('',(-0.0571057890768505,0.0155,0.0424818802413337));
#8521=CARTESIAN_POINT('',(-0.0538284666526181,0.0155,0.017588144958744));
#8522=CARTESIAN_POINT('',(-0.0538284666526181,0.003,0.017588144958744));
#8523=CARTESIAN_POINT('',(-0.0718624845885844,0.017,0.0024559657192054));
#8524=CARTESIAN_POINT('',(-0.073356289106996,0.0130003081151593,0.00259215698461112));
#8525=CARTESIAN_POINT('',(-0.0733948753696932,0.0130086422107618,0.00216892621871735));
#8526=CARTESIAN_POINT('',(-0.0730878323219009,0.012866015684763,0.00131978318497695));
#8527=CARTESIAN_POINT('',(-0.0723144294129247,0.0125391962807104,0.000974269028633745));
#8528=CARTESIAN_POINT('',(-0.0719279136696324,0.0123786796564404,0.00095739338683262));
#8529=CARTESIAN_POINT('',(-0.0733825319664133,0.0129741080690444,0.00259322000352144));
#8530=CARTESIAN_POINT('',(-0.0735034418400419,0.0130266669345842,0.00102618243233162));
#8531=CARTESIAN_POINT('',(-0.07239376423125,0.0119134478972645,0.000977732861607306));
#8532=CARTESIAN_POINT('',(-0.0720300303131599,0.0143244074589225,0.00253842928823681));
#8533=CARTESIAN_POINT('',(-0.0721524048774537,0.0143823008181434,0.000967194884641624));
#8534=CARTESIAN_POINT('',(-0.0710417328393766,0.0132637472871504,0.0009187018961962));
#8535=CARTESIAN_POINT('',(-0.0706771665086018,0.0156744479011222,0.00248435335226554));
#8536=CARTESIAN_POINT('',(-0.070802634548396,0.0157372577744316,0.000908262639364424));
#8537=CARTESIAN_POINT('',(-0.0696894414053565,0.0146137877293538,0.00085965957709978));
#8538=CARTESIAN_POINT('',(-0.0693236066692851,0.0170240040151776,0.00243159307688989));
#8539=CARTESIAN_POINT('',(-0.069457351374196,0.0170888280443473,0.000849526307499644));
#8540=CARTESIAN_POINT('',(-0.068336674680572,0.0159633438433978,0.000800596506360428));
#8541=CARTESIAN_POINT('',(-0.0693549601980542,0.017,0.00234648483994877));
#8542=CARTESIAN_POINT('',(-0.0693729670742299,0.017,0.00193405956976117));
#8543=CARTESIAN_POINT('',(-0.0692596586400577,0.0166417672462325,0.00113546851288459));
#8544=CARTESIAN_POINT('',(-0.0689562954570209,0.0158759151124698,0.000827649733705895));
#8545=CARTESIAN_POINT('',(-0.0688010827636723,0.0155,0.000820873001162928));
#8546=CARTESIAN_POINT('',(-0.00220859703534986,0.0155,-0.000585188688612334));
#8547=CARTESIAN_POINT('',(-0.0678548896118634,0.0155,0.00228099034372635));
#8548=CARTESIAN_POINT('',(-0.0678548896118634,0.003,0.00228099034372635));
#8549=CARTESIAN_POINT('',(0.00261052384440099,0.017,-0.0198288972274762));
#8550=CARTESIAN_POINT('',(0.00245637166429316,0.0155,-0.0186579951714366));
#8551=CARTESIAN_POINT('',(0.00259257629685505,0.0144597948413845,-0.0196925720693908));
#8552=CARTESIAN_POINT('',(0.00272874600130719,0.0134193212869589,-0.0207268836620117));
#8553=CARTESIAN_POINT('',(0.00286489381873402,0.0123786796564404,-0.0217610290061702));
#8554=CARTESIAN_POINT('',(0.00245637166429316,0.0155,-0.0186579951714366));
#8555=CARTESIAN_POINT('',(0.00286489381873402,0.0123786796564404,-0.0217610290061702));
#8556=CARTESIAN_POINT('',(0.00286489381873402,0.017,-0.0217610290061702));
#8557=CARTESIAN_POINT('',(0.00261052384440099,0.0155,-0.0198288972274762));
#8558=CARTESIAN_POINT('',(0.0199809644316371,0.017,-0.000872387747306719));
#8559=CARTESIAN_POINT('',(0.0219279136696323,0.013,-0.000957393386832599));
#8560=CARTESIAN_POINT('',(0.0219279136696323,0.0123786796564404,-0.000957393386832599));
#8561=CARTESIAN_POINT('',(0.0219279136696323,0.0123786796564404,-0.000957393386832599));
#8562=CARTESIAN_POINT('',(0.0208858374965741,0.013419321286959,-0.000911895358534381));
#8563=CARTESIAN_POINT('',(0.0198435938000991,0.0144597948413845,-0.000866390016005828));
#8564=CARTESIAN_POINT('',(0.0188010827636723,0.0155,-0.000820873001162905));
#8565=CARTESIAN_POINT('',(0.0188010827636723,0.0155,-0.000820873001162905));
#8566=CARTESIAN_POINT('',(0.0164842956561007,0.0155,-0.000719719891528039));
#8567=CARTESIAN_POINT('',(-2.08166817117217E-17,0.017,0.));
#8568=CARTESIAN_POINT('',(0.00464879255016711,0.017,-0.0230355969713292));
#8569=CARTESIAN_POINT('',(0.00464879255016711,0.013,-0.0230355969713292));
#8570=CARTESIAN_POINT('',(-2.08166817117217E-17,0.013,0.));
#8571=CARTESIAN_POINT('',(0.023353108537806,0.013,-0.00262341792733302));
#8572=CARTESIAN_POINT('',(0.023353108537806,0.017,-0.00262341792733302));
#8573=CARTESIAN_POINT('',(0.05,0.017,0.05));
#8574=CARTESIAN_POINT('',(-2.08166817117217E-17,0.017,0.));
#8575=CARTESIAN_POINT('',(0.019347681768142,0.017,-0.00243253164392626));
#8576=CARTESIAN_POINT('',(0.00410953670156744,0.017,-0.0190620488956059));
#8577=CARTESIAN_POINT('',(0.00410953670156744,0.017,-0.0190620488956059));
#8578=CARTESIAN_POINT('',(0.00408137517860495,0.017,-0.0190681201638531));
#8579=CARTESIAN_POINT('',(0.00405301384115947,0.017,-0.0190730388232885));
#8580=CARTESIAN_POINT('',(0.00402445168862233,0.017,-0.0190767991020065));
#8581=CARTESIAN_POINT('',(0.00402445168862233,0.017,-0.0190767991020065));
#8582=CARTESIAN_POINT('',(-0.00413145449272901,0.017,0.0428734588179938));
#8583=CARTESIAN_POINT('',(0.0194160112397982,0.017,-0.00234915038599683));
#8584=CARTESIAN_POINT('',(0.0193549601980542,0.017,-0.00234648483994874));
#8585=CARTESIAN_POINT('',(0.0193549601980542,0.017,-0.00234648483994874));
#8586=CARTESIAN_POINT('',(0.0193537035839508,0.017,-0.00237526603475693));
#8587=CARTESIAN_POINT('',(0.0193512754949299,0.017,-0.00240394813816733));
#8588=CARTESIAN_POINT('',(0.019347681768142,0.017,-0.00243253164392626));
#8589=CARTESIAN_POINT('',(-0.0199809644316372,0.017,0.00087238774730674));
#8590=CARTESIAN_POINT('',(-0.0164842956561007,0.0155,0.000719719891528061));
#8591=CARTESIAN_POINT('',(-0.0188010827636724,0.0155,0.000820873001162925));
#8592=CARTESIAN_POINT('',(-0.0179203186929114,0.0155,0.000782418011353563));
#8593=CARTESIAN_POINT('',(-0.0179203186929114,0.017,0.000782418011353563));
#8594=CARTESIAN_POINT('',(-0.0219279136696323,0.017,0.000957393386832619));
#8595=CARTESIAN_POINT('',(-0.0219279136696323,0.0123786796564404,0.000957393386832619));
#8596=CARTESIAN_POINT('',(-0.0219279136696323,0.0123786796564404,0.000957393386832619));
#8597=CARTESIAN_POINT('',(-0.0208858374965741,0.0134193212869589,0.000911895358534401));
#8598=CARTESIAN_POINT('',(-0.0198435938000991,0.0144597948413845,0.000866390016005849));
#8599=CARTESIAN_POINT('',(-0.0188010827636724,0.0155,0.000820873001162926));
#8600=CARTESIAN_POINT('',(-2.08166817117217E-17,0.017,0.));
#8601=CARTESIAN_POINT('',(-0.00464879255016717,0.017,0.0230355969713292));
#8602=CARTESIAN_POINT('',(-0.00464879255016716,0.013,0.0230355969713292));
#8603=CARTESIAN_POINT('',(-2.08166817117217E-17,0.013,0.));
#8604=CARTESIAN_POINT('',(-0.023353108537806,0.013,0.00262341792733305));
#8605=CARTESIAN_POINT('',(-0.023353108537806,0.017,0.00262341792733305));
#8606=CARTESIAN_POINT('',(-0.00261052384440105,0.017,0.0198288972274762));
#8607=CARTESIAN_POINT('',(-0.00234129936055734,0.017,0.017783934247074));
#8608=CARTESIAN_POINT('',(-0.00234129936055734,0.0155,0.017783934247074));
#8609=CARTESIAN_POINT('',(-0.00254526074829101,0.0155,0.0193331747967893));
#8610=CARTESIAN_POINT('',(-0.00245637166429322,0.0155,0.0186579951714366));
#8611=CARTESIAN_POINT('',(-0.00245637166429322,0.0155,0.0186579951714366));
#8612=CARTESIAN_POINT('',(-0.0025925762968551,0.0144597948413845,0.0196925720693908));
#8613=CARTESIAN_POINT('',(-0.00272874600130724,0.0134193212869589,0.0207268836620117));
#8614=CARTESIAN_POINT('',(-0.00286489381873408,0.0123786796564404,0.0217610290061702));
#8615=CARTESIAN_POINT('',(-0.00286489381873408,0.0123786796564404,0.0217610290061702));
#8616=CARTESIAN_POINT('',(-0.00286489381873408,0.017,0.0217610290061702));
#8617=CARTESIAN_POINT('',(0.05,0.017,0.05));
#8618=CARTESIAN_POINT('',(-0.0041095367015675,0.017,0.0190620488956059));
#8619=CARTESIAN_POINT('',(-0.00408137517860501,0.017,0.0190681201638531));
#8620=CARTESIAN_POINT('',(-0.00405301384115952,0.017,0.0190730388232885));
#8621=CARTESIAN_POINT('',(-0.00402445168862238,0.017,0.0190767991020065));
#8622=CARTESIAN_POINT('',(-0.0041095367015675,0.017,0.0190620488956059));
#8623=CARTESIAN_POINT('',(-0.00402445168862238,0.017,0.0190767991020065));
#8624=CARTESIAN_POINT('',(-0.00364084946369158,0.017,0.0161630509243378));
#8625=CARTESIAN_POINT('',(-0.0194160112397982,0.017,0.00234915038599687));
#8626=CARTESIAN_POINT('',(-0.0193549601980542,0.017,0.00234648483994877));
#8627=CARTESIAN_POINT('',(-0.0193549601980542,0.017,0.00234648483994877));
#8628=CARTESIAN_POINT('',(-0.0193537035839508,0.017,0.00237526603475696));
#8629=CARTESIAN_POINT('',(-0.0193512754949299,0.017,0.00240394813816736));
#8630=CARTESIAN_POINT('',(-0.0193476817681421,0.017,0.00243253164392628));
#8631=CARTESIAN_POINT('',(-0.0193476817681421,0.017,0.00243253164392628));
#8632=CARTESIAN_POINT('',(-2.08166817117217E-17,0.017,0.));
#8633=CARTESIAN_POINT('',(-2.08166817117217E-17,0.013,0.));
#8634=CARTESIAN_POINT('',(0.00464879255016711,0.013,-0.0230355969713292));
#8635=CARTESIAN_POINT('',(0.00463852387865124,0.013,-0.0230376692824441));
#8636=CARTESIAN_POINT('',(0.00462823561469647,0.0130001027234533,-0.023039633607304));
#8637=CARTESIAN_POINT('',(0.00461792776964029,0.0130003081151593,-0.0230414900081752));
#8638=CARTESIAN_POINT('',(0.00461792776964029,0.0130003081151593,-0.0230414900081752));
#8639=CARTESIAN_POINT('',(0.00461792776964029,0.0130003081151593,-0.0230414900081751));
#8640=CARTESIAN_POINT('',(0.00444760787594692,0.014333915430788,-0.0217154978073671));
#8641=CARTESIAN_POINT('',(0.00427795969226388,0.0156672322663142,-0.0203891271380213));
#8642=CARTESIAN_POINT('',(0.00410953670156744,0.017,-0.0190620488956059));
#8643=CARTESIAN_POINT('',(0.019347681768142,0.017,-0.00243253164392626));
#8644=CARTESIAN_POINT('',(0.0206843891080391,0.0156672322663142,-0.00248465124439283));
#8645=CARTESIAN_POINT('',(0.0220204983500004,0.0143339154307881,-0.00253805304467324));
#8646=CARTESIAN_POINT('',(0.023356289106996,0.0130003081151593,-0.0025921569846111));
#8647=CARTESIAN_POINT('',(0.023356289106996,0.0130003081151593,-0.00259215698461109));
#8648=CARTESIAN_POINT('',(0.023356289106996,0.0130003081151593,-0.00259215698461109));
#8649=CARTESIAN_POINT('',(0.0233553381581826,0.0130001027234533,-0.00260258740120157));
#8650=CARTESIAN_POINT('',(0.0233542779894585,0.013,-0.00261300771739804));
#8651=CARTESIAN_POINT('',(0.023353108537806,0.013,-0.00262341792733302));
#8652=CARTESIAN_POINT('',(-2.08166817117217E-17,0.017,0.));
#8653=CARTESIAN_POINT('',(-0.00464879255016716,0.013,0.0230355969713292));
#8654=CARTESIAN_POINT('',(-0.0046385238786513,0.013,0.0230376692824441));
#8655=CARTESIAN_POINT('',(-0.00462823561469652,0.0130001027234533,0.023039633607304));
#8656=CARTESIAN_POINT('',(-0.00461792776964035,0.0130003081151593,0.0230414900081751));
#8657=CARTESIAN_POINT('',(-0.00461792776964035,0.0130003081151593,0.0230414900081751));
#8658=CARTESIAN_POINT('',(-0.00461792776964035,0.0130003081151593,0.0230414900081751));
#8659=CARTESIAN_POINT('',(-0.00444760787594698,0.0143339154307881,0.021715497807367));
#8660=CARTESIAN_POINT('',(-0.00427795969226393,0.0156672322663142,0.0203891271380213));
#8661=CARTESIAN_POINT('',(-0.0041095367015675,0.017,0.0190620488956059));
#8662=CARTESIAN_POINT('',(-0.0193476817681421,0.017,0.00243253164392628));
#8663=CARTESIAN_POINT('',(-0.0206843891080392,0.0156672322663142,0.00248465124439285));
#8664=CARTESIAN_POINT('',(-0.0220204983500005,0.0143339154307881,0.00253805304467326));
#8665=CARTESIAN_POINT('',(-0.0233562891069961,0.0130003081151593,0.00259215698461112));
#8666=CARTESIAN_POINT('',(-0.023356289106996,0.0130003081151593,0.00259215698461112));
#8667=CARTESIAN_POINT('',(-0.023356289106996,0.0130003081151593,0.00259215698461112));
#8668=CARTESIAN_POINT('',(-0.0233553381581827,0.0130001027234533,0.00260258740120159));
#8669=CARTESIAN_POINT('',(-0.0233542779894585,0.013,0.00261300771739807));
#8670=CARTESIAN_POINT('',(-0.023353108537806,0.013,0.00262341792733305));
#8671=CARTESIAN_POINT('',(0.00409769113646171,0.0155,-0.0196331079391462));
#8672=CARTESIAN_POINT('',(0.00402445168862233,0.017,-0.0190767991020065));
#8673=CARTESIAN_POINT('',(0.00361516522377005,0.017,-0.019130682687333));
#8674=CARTESIAN_POINT('',(0.00280973756623048,0.0166417672462192,-0.0190874072227073));
#8675=CARTESIAN_POINT('',(0.00247665028688711,0.0158759151124964,-0.018812026602405));
#8676=CARTESIAN_POINT('',(0.00245637166429316,0.0155,-0.0186579951714366));
#8677=CARTESIAN_POINT('',(0.0029257574473749,0.0119134478972558,-0.0222233341637345));
#8678=CARTESIAN_POINT('',(0.00307073742905997,0.0130266669345754,-0.0233245664558817));
#8679=CARTESIAN_POINT('',(0.00462127395934818,0.0129741080690356,-0.0230675403573955));
#8680=CARTESIAN_POINT('',(0.00274911381243114,0.0132637472871462,-0.0208815925471237));
#8681=CARTESIAN_POINT('',(0.00289422371685363,0.0143823008181393,-0.0219838117003925));
#8682=CARTESIAN_POINT('',(0.00444881345312343,0.0143244074589165,-0.0217249607067469));
#8683=CARTESIAN_POINT('',(0.00257243620283833,0.0146137877293443,-0.0195395928674327));
#8684=CARTESIAN_POINT('',(0.00271787549098398,0.0157372577744264,-0.0206443139385174));
#8685=CARTESIAN_POINT('',(0.0042770334426881,0.0156744479011283,-0.0203819579857587));
#8686=CARTESIAN_POINT('',(0.0023956964962544,0.0159633438433979,-0.0181971215142659));
#8687=CARTESIAN_POINT('',(0.00254211351434075,0.0170888280443474,-0.0193092691815683));
#8688=CARTESIAN_POINT('',(0.00410650342293938,0.0170240040151777,-0.0190381472112756));
#8689=CARTESIAN_POINT('',(0.00461792776964029,0.0130003081151593,-0.0230414900081752));
#8690=CARTESIAN_POINT('',(0.00419967053897281,0.0130086422107618,-0.0231168164302484));
#8691=CARTESIAN_POINT('',(0.00332699818595304,0.0128660156847665,-0.0228849494657548));
#8692=CARTESIAN_POINT('',(0.00291539231031387,0.0125391962807037,-0.0221446031312742));
#8693=CARTESIAN_POINT('',(0.00286489381873403,0.0123786796564404,-0.0217610290061702));
#8694=CARTESIAN_POINT('',(0.00435206111079474,0.017,-0.0215652397178401));
#8695=CARTESIAN_POINT('',(0.0476605448025541,0.0155,-0.00358233335335789));
#8696=CARTESIAN_POINT('',(0.0193549601980542,0.017,-0.00234648483994874));
#8697=CARTESIAN_POINT('',(0.0193729670742298,0.017,-0.00193405956976115));
#8698=CARTESIAN_POINT('',(0.0192596586401105,0.0166417672462107,-0.00113546851288687));
#8699=CARTESIAN_POINT('',(0.0189562954569153,0.0158759151125135,-0.000827649733701256));
#8700=CARTESIAN_POINT('',(0.0188010827636723,0.0155,-0.000820873001162905));
#8701=CARTESIAN_POINT('',(0.0233825319664221,0.0129741080690356,-0.00259322000352178));
#8702=CARTESIAN_POINT('',(0.0235034418400506,0.0130266669345754,-0.00102618243233198));
#8703=CARTESIAN_POINT('',(0.0223937642312589,0.0119134478972558,-0.000977732861607672));
#8704=CARTESIAN_POINT('',(0.0220300303131524,0.0143244074589299,-0.00253842928823735));
#8705=CARTESIAN_POINT('',(0.0221524048774689,0.0143823008181536,-0.000967194884629036));
#8706=CARTESIAN_POINT('',(0.0210417328393493,0.0132637472871512,-0.000918701896194992));
#8707=CARTESIAN_POINT('',(0.0206771665085946,0.0156744479011293,-0.00248435335226646));
#8708=CARTESIAN_POINT('',(0.0208026345483992,0.0157372577744215,-0.000908262639363798));
#8709=CARTESIAN_POINT('',(0.0196894414053296,0.014613787729341,-0.000859659577098585));
#8710=CARTESIAN_POINT('',(0.019323606669285,0.0170240040151777,-0.00243159307688987));
#8711=CARTESIAN_POINT('',(0.0194573513741959,0.0170888280443474,-0.000849526307499622));
#8712=CARTESIAN_POINT('',(0.0183366746805719,0.0159633438433979,-0.000800596506360407));
#8713=CARTESIAN_POINT('',(0.023356289106996,0.0130003081151593,-0.00259215698461109));
#8714=CARTESIAN_POINT('',(0.0233948753696932,0.0130086422107618,-0.00216892621871731));
#8715=CARTESIAN_POINT('',(0.0230878323219022,0.0128660156847595,-0.00131978318497697));
#8716=CARTESIAN_POINT('',(0.0223144294129217,0.0125391962807176,-0.000974269028633596));
#8717=CARTESIAN_POINT('',(0.0219279136696323,0.0123786796564404,-0.000957393386832599));
#8718=CARTESIAN_POINT('',(0.0218624845885844,0.017,-0.00245596571920538));
#8719=CARTESIAN_POINT('',(-0.0043520611107948,0.017,0.02156523971784));
#8720=CARTESIAN_POINT('',(-0.00461792776964035,0.0130003081151593,0.0230414900081751));
#8721=CARTESIAN_POINT('',(-0.00419967053897288,0.0130086422107618,0.0231168164302484));
#8722=CARTESIAN_POINT('',(-0.00332699818595336,0.0128660156847622,0.0228849494657565));
#8723=CARTESIAN_POINT('',(-0.00291539231031346,0.0125391962807124,0.0221446031312707));
#8724=CARTESIAN_POINT('',(-0.00286489381873408,0.0123786796564404,0.0217610290061702));
#8725=CARTESIAN_POINT('',(-0.00292575744737379,0.0119134478972646,0.0222233341637256));
#8726=CARTESIAN_POINT('',(-0.00307073742905887,0.0130266669345843,0.0233245664558729));
#8727=CARTESIAN_POINT('',(-0.0046212739593471,0.0129741080690444,0.0230675403573866));
#8728=CARTESIAN_POINT('',(-0.00274911381242736,0.0132637472871504,0.0208815925470946));
#8729=CARTESIAN_POINT('',(-0.00289422371684959,0.0143823008181328,0.0219838117003886));
#8730=CARTESIAN_POINT('',(-0.00444881345312431,0.014324407458933,0.0217249607067298));
#8731=CARTESIAN_POINT('',(-0.00257243620283405,0.0146137877293771,0.0195395928673997));
#8732=CARTESIAN_POINT('',(-0.00271787549098106,0.0157372577744582,0.0206443139384791));
#8733=CARTESIAN_POINT('',(-0.00427703344268528,0.015674447901161,0.0203819579857258));
#8734=CARTESIAN_POINT('',(-0.00239569649625446,0.0159633438433978,0.0181971215142659));
#8735=CARTESIAN_POINT('',(-0.00254211351434081,0.0170888280443474,0.0193092691815683));
#8736=CARTESIAN_POINT('',(-0.00410650342293944,0.0170240040151777,0.0190381472112756));
#8737=CARTESIAN_POINT('',(-0.00402445168862238,0.017,0.0190767991020065));
#8738=CARTESIAN_POINT('',(-0.00361516522377011,0.017,0.019130682687333));
#8739=CARTESIAN_POINT('',(-0.00280973756623087,0.0166417672462181,0.0190874072227099));
#8740=CARTESIAN_POINT('',(-0.00247665028688645,0.0158759151124986,0.0188120266023996));
#8741=CARTESIAN_POINT('',(-0.00245637166429322,0.0155,0.0186579951714366));
#8742=CARTESIAN_POINT('',(-0.00710578907685044,0.0155,0.0424818802413337));
#8743=CARTESIAN_POINT('',(-0.00382846665261806,0.0155,0.017588144958744));
#8744=CARTESIAN_POINT('',(-0.00382846665261806,0.003,0.017588144958744));
#8745=CARTESIAN_POINT('',(-0.0218624845885844,0.017,0.0024559657192054));
#8746=CARTESIAN_POINT('',(-0.023356289106996,0.0130003081151593,0.00259215698461112));
#8747=CARTESIAN_POINT('',(-0.0233948753696933,0.0130086422107618,0.00216892621871732));
#8748=CARTESIAN_POINT('',(-0.0230878323219017,0.0128660156847607,0.00131978318497698));
#8749=CARTESIAN_POINT('',(-0.0223144294129227,0.0125391962807152,0.000974269028633659));
#8750=CARTESIAN_POINT('',(-0.0219279136696323,0.0123786796564404,0.000957393386832619));
#8751=CARTESIAN_POINT('',(-0.0233825319664132,0.0129741080690444,0.00259322000352143));
#8752=CARTESIAN_POINT('',(-0.0235034418400418,0.0130266669345843,0.00102618243233162));
#8753=CARTESIAN_POINT('',(-0.02239376423125,0.0119134478972646,0.000977732861607303));
#8754=CARTESIAN_POINT('',(-0.0220300303131547,0.0143244074589273,0.00253842928823983));
#8755=CARTESIAN_POINT('',(-0.0221524048774823,0.0143823008181427,0.000967194884630303));
#8756=CARTESIAN_POINT('',(-0.0210417328393534,0.0132637472871504,0.000918701896195189));
#8757=CARTESIAN_POINT('',(-0.02067716650858,0.0156744479011438,0.00248435335226615));
#8758=CARTESIAN_POINT('',(-0.0208026345483754,0.0157372577744509,0.000908262639363497));
#8759=CARTESIAN_POINT('',(-0.0196894414053167,0.0146137877293572,0.000859659577098043));
#8760=CARTESIAN_POINT('',(-0.0193236066692851,0.0170240040151776,0.0024315930768899));
#8761=CARTESIAN_POINT('',(-0.019457351374196,0.0170888280443473,0.000849526307499642));
#8762=CARTESIAN_POINT('',(-0.018336674680572,0.0159633438433978,0.000800596506360428));
#8763=CARTESIAN_POINT('',(-0.0193549601980542,0.017,0.00234648483994877));
#8764=CARTESIAN_POINT('',(-0.0193729670742299,0.017,0.00193405956976117));
#8765=CARTESIAN_POINT('',(-0.0192596586400575,0.0166417672462326,0.00113546851288459));
#8766=CARTESIAN_POINT('',(-0.0189562954570213,0.0158759151124696,0.000827649733705904));
#8767=CARTESIAN_POINT('',(-0.0188010827636723,0.0155,0.000820873001162925));
#8768=CARTESIAN_POINT('',(0.0477914029646501,0.0155,-0.000585188688612334));
#8769=CARTESIAN_POINT('',(-0.0178548896118634,0.0155,0.00228099034372635));
#8770=CARTESIAN_POINT('',(-0.0178548896118634,0.003,0.00228099034372635));
#8771=CARTESIAN_POINT('',(0.052610523844401,0.017,-0.0198288972274762));
#8772=CARTESIAN_POINT('',(0.0524563716642932,0.0155,-0.0186579951714366));
#8773=CARTESIAN_POINT('',(0.0525925762968551,0.0144597948413845,-0.0196925720693908));
#8774=CARTESIAN_POINT('',(0.0527287460013072,0.0134193212869589,-0.0207268836620117));
#8775=CARTESIAN_POINT('',(0.052864893818734,0.0123786796564404,-0.0217610290061702));
#8776=CARTESIAN_POINT('',(0.0524563716642932,0.0155,-0.0186579951714366));
#8777=CARTESIAN_POINT('',(0.052864893818734,0.0123786796564404,-0.0217610290061702));
#8778=CARTESIAN_POINT('',(0.052864893818734,0.017,-0.0217610290061702));
#8779=CARTESIAN_POINT('',(0.052610523844401,0.0155,-0.0198288972274762));
#8780=CARTESIAN_POINT('',(0.0699809644316372,0.017,-0.000872387747306719));
#8781=CARTESIAN_POINT('',(0.0719279136696323,0.013,-0.000957393386832598));
#8782=CARTESIAN_POINT('',(0.0719279136696323,0.0123786796564404,-0.000957393386832598));
#8783=CARTESIAN_POINT('',(0.0719279136696323,0.0123786796564404,-0.000957393386832598));
#8784=CARTESIAN_POINT('',(0.0708858374965741,0.0134193212869589,-0.00091189535853438));
#8785=CARTESIAN_POINT('',(0.0698435938000991,0.0144597948413845,-0.000866390016005828));
#8786=CARTESIAN_POINT('',(0.0688010827636723,0.0155,-0.000820873001162905));
#8787=CARTESIAN_POINT('',(0.0688010827636723,0.0155,-0.000820873001162905));
#8788=CARTESIAN_POINT('',(0.0664842956561006,0.0155,-0.000719719891528039));
#8789=CARTESIAN_POINT('',(0.05,0.017,0.));
#8790=CARTESIAN_POINT('',(0.0546487925501671,0.017,-0.0230355969713292));
#8791=CARTESIAN_POINT('',(0.0546487925501671,0.013,-0.0230355969713292));
#8792=CARTESIAN_POINT('',(0.05,0.013,0.));
#8793=CARTESIAN_POINT('',(0.073353108537806,0.013,-0.00262341792733302));
#8794=CARTESIAN_POINT('',(0.073353108537806,0.017,-0.00262341792733302));
#8795=CARTESIAN_POINT('',(0.1,0.017,0.05));
#8796=CARTESIAN_POINT('',(0.05,0.017,0.));
#8797=CARTESIAN_POINT('',(0.0693476817681421,0.017,-0.00243253164392626));
#8798=CARTESIAN_POINT('',(0.0541095367015675,0.017,-0.0190620488956059));
#8799=CARTESIAN_POINT('',(0.0541095367015675,0.017,-0.0190620488956059));
#8800=CARTESIAN_POINT('',(0.054081375178605,0.017,-0.0190681201638531));
#8801=CARTESIAN_POINT('',(0.0540530138411595,0.017,-0.0190730388232885));
#8802=CARTESIAN_POINT('',(0.0540244516886223,0.017,-0.0190767991020065));
#8803=CARTESIAN_POINT('',(0.0540244516886223,0.017,-0.0190767991020065));
#8804=CARTESIAN_POINT('',(0.045868545507271,0.017,0.0428734588179938));
#8805=CARTESIAN_POINT('',(0.0694160112397982,0.017,-0.00234915038599683));
#8806=CARTESIAN_POINT('',(0.0693549601980542,0.017,-0.00234648483994874));
#8807=CARTESIAN_POINT('',(0.0693549601980542,0.017,-0.00234648483994874));
#8808=CARTESIAN_POINT('',(0.0693537035839508,0.017,-0.00237526603475693));
#8809=CARTESIAN_POINT('',(0.0693512754949299,0.017,-0.00240394813816733));
#8810=CARTESIAN_POINT('',(0.0693476817681421,0.017,-0.00243253164392626));
#8811=CARTESIAN_POINT('',(0.0300190355683628,0.017,0.00087238774730674));
#8812=CARTESIAN_POINT('',(0.0335157043438993,0.0155,0.000719719891528061));
#8813=CARTESIAN_POINT('',(0.0311989172363277,0.0155,0.000820873001162925));
#8814=CARTESIAN_POINT('',(0.0320796813070886,0.0155,0.000782418011353563));
#8815=CARTESIAN_POINT('',(0.0320796813070886,0.017,0.000782418011353563));
#8816=CARTESIAN_POINT('',(0.0280720863303676,0.017,0.000957393386832619));
#8817=CARTESIAN_POINT('',(0.0280720863303676,0.0123786796564404,0.000957393386832619));
#8818=CARTESIAN_POINT('',(0.0280720863303676,0.0123786796564404,0.000957393386832619));
#8819=CARTESIAN_POINT('',(0.0291141625034259,0.013419321286959,0.000911895358534401));
#8820=CARTESIAN_POINT('',(0.0301564061999009,0.0144597948413845,0.000866390016005848));
#8821=CARTESIAN_POINT('',(0.0311989172363277,0.0155,0.000820873001162925));
#8822=CARTESIAN_POINT('',(0.05,0.017,0.));
#8823=CARTESIAN_POINT('',(0.0453512074498328,0.017,0.0230355969713292));
#8824=CARTESIAN_POINT('',(0.0453512074498328,0.013,0.0230355969713292));
#8825=CARTESIAN_POINT('',(0.05,0.013,0.));
#8826=CARTESIAN_POINT('',(0.026646891462194,0.013,0.00262341792733305));
#8827=CARTESIAN_POINT('',(0.026646891462194,0.017,0.00262341792733305));
#8828=CARTESIAN_POINT('',(0.047389476155599,0.017,0.0198288972274762));
#8829=CARTESIAN_POINT('',(0.0476587006394427,0.017,0.017783934247074));
#8830=CARTESIAN_POINT('',(0.0476587006394427,0.0155,0.017783934247074));
#8831=CARTESIAN_POINT('',(0.047454739251709,0.0155,0.0193331747967893));
#8832=CARTESIAN_POINT('',(0.0475436283357068,0.0155,0.0186579951714366));
#8833=CARTESIAN_POINT('',(0.0475436283357068,0.0155,0.0186579951714366));
#8834=CARTESIAN_POINT('',(0.0474074237031449,0.0144597948413845,0.0196925720693908));
#8835=CARTESIAN_POINT('',(0.0472712539986927,0.0134193212869589,0.0207268836620117));
#8836=CARTESIAN_POINT('',(0.0471351061812659,0.0123786796564404,0.0217610290061702));
#8837=CARTESIAN_POINT('',(0.0471351061812659,0.0123786796564404,0.0217610290061702));
#8838=CARTESIAN_POINT('',(0.0471351061812659,0.017,0.0217610290061702));
#8839=CARTESIAN_POINT('',(0.1,0.017,0.05));
#8840=CARTESIAN_POINT('',(0.0458904632984325,0.017,0.0190620488956059));
#8841=CARTESIAN_POINT('',(0.045918624821395,0.017,0.0190681201638531));
#8842=CARTESIAN_POINT('',(0.0459469861588405,0.017,0.0190730388232885));
#8843=CARTESIAN_POINT('',(0.0459755483113776,0.017,0.0190767991020065));
#8844=CARTESIAN_POINT('',(0.0458904632984325,0.017,0.0190620488956059));
#8845=CARTESIAN_POINT('',(0.0459755483113776,0.017,0.0190767991020065));
#8846=CARTESIAN_POINT('',(0.0463591505363084,0.017,0.0161630509243378));
#8847=CARTESIAN_POINT('',(0.0305839887602017,0.017,0.00234915038599687));
#8848=CARTESIAN_POINT('',(0.0306450398019458,0.017,0.00234648483994877));
#8849=CARTESIAN_POINT('',(0.0306450398019459,0.017,0.00234648483994877));
#8850=CARTESIAN_POINT('',(0.0306462964160492,0.017,0.00237526603475696));
#8851=CARTESIAN_POINT('',(0.0306487245050701,0.017,0.00240394813816736));
#8852=CARTESIAN_POINT('',(0.030652318231858,0.017,0.00243253164392628));
#8853=CARTESIAN_POINT('',(0.030652318231858,0.017,0.00243253164392628));
#8854=CARTESIAN_POINT('',(0.05,0.017,0.));
#8855=CARTESIAN_POINT('',(0.05,0.013,0.));
#8856=CARTESIAN_POINT('',(0.0546487925501671,0.013,-0.0230355969713292));
#8857=CARTESIAN_POINT('',(0.0546385238786512,0.013,-0.0230376692824441));
#8858=CARTESIAN_POINT('',(0.0546282356146965,0.0130001027234533,-0.023039633607304));
#8859=CARTESIAN_POINT('',(0.0546179277696403,0.0130003081151593,-0.0230414900081752));
#8860=CARTESIAN_POINT('',(0.0546179277696403,0.0130003081151593,-0.0230414900081752));
#8861=CARTESIAN_POINT('',(0.0546179277696403,0.0130003081151593,-0.0230414900081751));
#8862=CARTESIAN_POINT('',(0.0544476078759469,0.0143339154307881,-0.0217154978073671));
#8863=CARTESIAN_POINT('',(0.0542779596922639,0.0156672322663142,-0.0203891271380213));
#8864=CARTESIAN_POINT('',(0.0541095367015675,0.017,-0.0190620488956059));
#8865=CARTESIAN_POINT('',(0.0693476817681421,0.017,-0.00243253164392626));
#8866=CARTESIAN_POINT('',(0.0706843891080392,0.0156672322663142,-0.00248465124439283));
#8867=CARTESIAN_POINT('',(0.0720204983500005,0.0143339154307881,-0.00253805304467324));
#8868=CARTESIAN_POINT('',(0.073356289106996,0.0130003081151593,-0.00259215698461109));
#8869=CARTESIAN_POINT('',(0.073356289106996,0.0130003081151593,-0.00259215698461109));
#8870=CARTESIAN_POINT('',(0.073356289106996,0.0130003081151593,-0.00259215698461109));
#8871=CARTESIAN_POINT('',(0.0733553381581826,0.0130001027234533,-0.00260258740120157));
#8872=CARTESIAN_POINT('',(0.0733542779894585,0.013,-0.00261300771739804));
#8873=CARTESIAN_POINT('',(0.073353108537806,0.013,-0.00262341792733302));
#8874=CARTESIAN_POINT('',(0.05,0.017,0.));
#8875=CARTESIAN_POINT('',(0.0453512074498328,0.013,0.0230355969713292));
#8876=CARTESIAN_POINT('',(0.0453614761213487,0.013,0.0230376692824441));
#8877=CARTESIAN_POINT('',(0.0453717643853035,0.0130001027234533,0.023039633607304));
#8878=CARTESIAN_POINT('',(0.0453820722303597,0.0130003081151593,0.0230414900081751));
#8879=CARTESIAN_POINT('',(0.0453820722303597,0.0130003081151593,0.0230414900081751));
#8880=CARTESIAN_POINT('',(0.0453820722303597,0.0130003081151593,0.0230414900081751));
#8881=CARTESIAN_POINT('',(0.0455523921240531,0.0143339154307881,0.021715497807367));
#8882=CARTESIAN_POINT('',(0.0457220403077361,0.0156672322663142,0.0203891271380213));
#8883=CARTESIAN_POINT('',(0.0458904632984325,0.017,0.0190620488956059));
#8884=CARTESIAN_POINT('',(0.030652318231858,0.017,0.00243253164392628));
#8885=CARTESIAN_POINT('',(0.0293156108919608,0.0156672322663142,0.00248465124439285));
#8886=CARTESIAN_POINT('',(0.0279795016499995,0.0143339154307881,0.00253805304467326));
#8887=CARTESIAN_POINT('',(0.026643710893004,0.0130003081151593,0.00259215698461112));
#8888=CARTESIAN_POINT('',(0.026643710893004,0.0130003081151593,0.00259215698461112));
#8889=CARTESIAN_POINT('',(0.026643710893004,0.0130003081151593,0.00259215698461112));
#8890=CARTESIAN_POINT('',(0.0266446618418174,0.0130001027234533,0.00260258740120159));
#8891=CARTESIAN_POINT('',(0.0266457220105415,0.013,0.00261300771739807));
#8892=CARTESIAN_POINT('',(0.026646891462194,0.013,0.00262341792733305));
#8893=CARTESIAN_POINT('',(0.0540976911364617,0.0155,-0.0196331079391462));
#8894=CARTESIAN_POINT('',(0.0540244516886223,0.017,-0.0190767991020065));
#8895=CARTESIAN_POINT('',(0.05361516522377,0.017,-0.019130682687333));
#8896=CARTESIAN_POINT('',(0.0528097375662296,0.0166417672462219,-0.0190874072227009));
#8897=CARTESIAN_POINT('',(0.0524766502868888,0.015875915112491,-0.0188120266024178));
#8898=CARTESIAN_POINT('',(0.0524563716642932,0.0155,-0.0186579951714366));
#8899=CARTESIAN_POINT('',(0.0529257574473749,0.0119134478972558,-0.0222233341637345));
#8900=CARTESIAN_POINT('',(0.05307073742906,0.0130266669345754,-0.0233245664558817));
#8901=CARTESIAN_POINT('',(0.0546212739593482,0.0129741080690356,-0.0230675403573954));
#8902=CARTESIAN_POINT('',(0.0527491138124312,0.0132637472871445,-0.0208815925471244));
#8903=CARTESIAN_POINT('',(0.0528942237168304,0.0143823008181647,-0.0219838117004206));
#8904=CARTESIAN_POINT('',(0.0544488134531268,0.0143244074589154,-0.0217249607067474));
#8905=CARTESIAN_POINT('',(0.0525724362028372,0.014613787729341,-0.0195395928674241));
#8906=CARTESIAN_POINT('',(0.0527178754909963,0.0157372577744317,-0.0206443139385359));
#8907=CARTESIAN_POINT('',(0.0542770334426938,0.0156744479011244,-0.0203819579857615));
#8908=CARTESIAN_POINT('',(0.0523956964962544,0.0159633438433979,-0.0181971215142659));
#8909=CARTESIAN_POINT('',(0.0525421135143407,0.0170888280443474,-0.0193092691815683));
#8910=CARTESIAN_POINT('',(0.0541065034229394,0.0170240040151777,-0.0190381472112756));
#8911=CARTESIAN_POINT('',(0.0546179277696403,0.0130003081151593,-0.0230414900081752));
#8912=CARTESIAN_POINT('',(0.0541996705389728,0.0130086422107619,-0.0231168164302484));
#8913=CARTESIAN_POINT('',(0.0533269981859535,0.0128660156847589,-0.0228849494657579));
#8914=CARTESIAN_POINT('',(0.052915392310313,0.0125391962807193,-0.0221446031312678));
#8915=CARTESIAN_POINT('',(0.052864893818734,0.0123786796564404,-0.0217610290061702));
#8916=CARTESIAN_POINT('',(0.0543520611107948,0.017,-0.0215652397178401));
#8917=CARTESIAN_POINT('',(0.0976605448025542,0.0155,-0.00358233335335789));
#8918=CARTESIAN_POINT('',(0.0693549601980542,0.017,-0.00234648483994874));
#8919=CARTESIAN_POINT('',(0.0693729670742299,0.017,-0.00193405956976114));
#8920=CARTESIAN_POINT('',(0.0692596586401152,0.0166417672462088,-0.00113546851288707));
#8921=CARTESIAN_POINT('',(0.068956295456906,0.0158759151125173,-0.000827649733700845));
#8922=CARTESIAN_POINT('',(0.0688010827636723,0.0155,-0.000820873001162902));
#8923=CARTESIAN_POINT('',(0.0733825319664221,0.0129741080690356,-0.00259322000352177));
#8924=CARTESIAN_POINT('',(0.0735034418400507,0.0130266669345754,-0.00102618243233199));
#8925=CARTESIAN_POINT('',(0.0723937642312589,0.0119134478972558,-0.000977732861607671));
#8926=CARTESIAN_POINT('',(0.072030030313163,0.0143244074589189,-0.00253842928824192));
#8927=CARTESIAN_POINT('',(0.0721524048775121,0.0143823008181249,-0.000967194884643361));
#8928=CARTESIAN_POINT('',(0.0710417328393693,0.0132637472871362,-0.000918701896195863));
#8929=CARTESIAN_POINT('',(0.0706771665085599,0.0156744479011641,-0.00248435335226335));
#8930=CARTESIAN_POINT('',(0.070802634548422,0.0157372577744746,-0.000908262639359679));
#8931=CARTESIAN_POINT('',(0.0696894414053063,0.0146137877293874,-0.000859659577097569));
#8932=CARTESIAN_POINT('',(0.069323606669285,0.0170240040151777,-0.00243159307688987));
#8933=CARTESIAN_POINT('',(0.0694573513741959,0.0170888280443474,-0.000849526307499623));
#8934=CARTESIAN_POINT('',(0.068336674680572,0.0159633438433979,-0.000800596506360406));
#8935=CARTESIAN_POINT('',(0.073356289106996,0.0130003081151593,-0.00259215698461109));
#8936=CARTESIAN_POINT('',(0.0733948753696932,0.0130086422107618,-0.0021689262187173));
#8937=CARTESIAN_POINT('',(0.0730878323219019,0.0128660156847601,-0.00131978318497695));
#8938=CARTESIAN_POINT('',(0.0723144294129221,0.0125391962807166,-0.000974269028633613));
#8939=CARTESIAN_POINT('',(0.0719279136696323,0.0123786796564404,-0.000957393386832599));
#8940=CARTESIAN_POINT('',(0.0718624845885843,0.017,-0.00245596571920538));
#8941=CARTESIAN_POINT('',(0.0456479388892052,0.017,0.02156523971784));
#8942=CARTESIAN_POINT('',(0.0453820722303597,0.0130003081151593,0.0230414900081751));
#8943=CARTESIAN_POINT('',(0.0458003294610272,0.0130086422107619,0.0231168164302483));
#8944=CARTESIAN_POINT('',(0.0466730018140459,0.0128660156847471,0.0228849494657628));
#8945=CARTESIAN_POINT('',(0.0470846076896882,0.0125391962807429,0.0221446031312581));
#8946=CARTESIAN_POINT('',(0.0471351061812659,0.0123786796564404,0.0217610290061702));
#8947=CARTESIAN_POINT('',(0.0470742425526263,0.0119134478972646,0.0222233341637256));
#8948=CARTESIAN_POINT('',(0.0469292625709412,0.0130266669345843,0.0233245664558729));
#8949=CARTESIAN_POINT('',(0.045378726040653,0.0129741080690445,0.0230675403573866));
#8950=CARTESIAN_POINT('',(0.0472508861875699,0.0132637472871388,0.0208815925471159));
#8951=CARTESIAN_POINT('',(0.0471057762831068,0.0143823008181143,0.0219838117004107));
#8952=CARTESIAN_POINT('',(0.0455511865468923,0.0143244074589174,0.0217249607067491));
#8953=CARTESIAN_POINT('',(0.0474275637971636,0.0146137877293505,0.0195395928674179));
#8954=CARTESIAN_POINT('',(0.0472821245090181,0.0157372577744315,0.0206443139384939));
#8955=CARTESIAN_POINT('',(0.0457229665573056,0.0156744479011387,0.0203819579857466));
#8956=CARTESIAN_POINT('',(0.0476043035037456,0.0159633438433978,0.0181971215142659));
#8957=CARTESIAN_POINT('',(0.0474578864856592,0.0170888280443474,0.0193092691815683));
#8958=CARTESIAN_POINT('',(0.0458934965770606,0.0170240040151777,0.0190381472112756));
#8959=CARTESIAN_POINT('',(0.0459755483113776,0.017,0.0190767991020065));
#8960=CARTESIAN_POINT('',(0.0463848347762299,0.017,0.019130682687333));
#8961=CARTESIAN_POINT('',(0.0471902624337706,0.0166417672462228,0.0190874072226987));
#8962=CARTESIAN_POINT('',(0.0475233497131106,0.0158759151124892,0.0188120266024223));
#8963=CARTESIAN_POINT('',(0.0475436283357068,0.0155,0.0186579951714366));
#8964=CARTESIAN_POINT('',(0.0428942109231496,0.0155,0.0424818802413337));
#8965=CARTESIAN_POINT('',(0.046171533347382,0.0155,0.017588144958744));
#8966=CARTESIAN_POINT('',(0.046171533347382,0.003,0.017588144958744));
#8967=CARTESIAN_POINT('',(0.0281375154114156,0.017,0.0024559657192054));
#8968=CARTESIAN_POINT('',(0.026643710893004,0.0130003081151593,0.00259215698461112));
#8969=CARTESIAN_POINT('',(0.0266051246303068,0.0130086422107618,0.00216892621871734));
#8970=CARTESIAN_POINT('',(0.0269121676780983,0.0128660156847607,0.00131978318497699));
#8971=CARTESIAN_POINT('',(0.0276855705870773,0.0125391962807152,0.00097426902863366));
#8972=CARTESIAN_POINT('',(0.0280720863303676,0.0123786796564404,0.000957393386832619));
#8973=CARTESIAN_POINT('',(0.0266174680335868,0.0129741080690445,0.00259322000352144));
#8974=CARTESIAN_POINT('',(0.0264965581599582,0.0130266669345843,0.00102618243233162));
#8975=CARTESIAN_POINT('',(0.02760623576875,0.0119134478972646,0.000977732861607304));
#8976=CARTESIAN_POINT('',(0.0279699696868379,0.0143244074589199,0.0025384292882407));
#8977=CARTESIAN_POINT('',(0.027847595122501,0.0143823008181213,0.000967194884636788));
#8978=CARTESIAN_POINT('',(0.0289582671606301,0.0132637472871388,0.000918701896195913));
#8979=CARTESIAN_POINT('',(0.0293228334914465,0.0156744479011703,0.00248435335226408));
#8980=CARTESIAN_POINT('',(0.029197365451633,0.0157372577744654,0.000908262639362284));
#8981=CARTESIAN_POINT('',(0.0303105585947165,0.014613787729387,0.000859659577096595));
#8982=CARTESIAN_POINT('',(0.030676393330715,0.0170240040151777,0.0024315930768899));
#8983=CARTESIAN_POINT('',(0.0305426486258041,0.0170888280443474,0.000849526307499645));
#8984=CARTESIAN_POINT('',(0.031663325319428,0.0159633438433978,0.000800596506360429));
#8985=CARTESIAN_POINT('',(0.0306450398019458,0.017,0.00234648483994877));
#8986=CARTESIAN_POINT('',(0.0306270329257702,0.017,0.00193405956976118));
#8987=CARTESIAN_POINT('',(0.0307403413599416,0.0166417672462322,0.00113546851288463));
#8988=CARTESIAN_POINT('',(0.0310437045429805,0.0158759151124704,0.000827649733705828));
#8989=CARTESIAN_POINT('',(0.0311989172363277,0.0155,0.000820873001162925));
#8990=CARTESIAN_POINT('',(0.0977914029646502,0.0155,-0.000585188688612334));
#8991=CARTESIAN_POINT('',(0.0321451103881367,0.0155,0.00228099034372635));
#8992=CARTESIAN_POINT('',(0.0321451103881366,0.003,0.00228099034372635));
#8993=CARTESIAN_POINT('',(-0.047389476155599,0.017,0.0301711027725238));
#8994=CARTESIAN_POINT('',(-0.0475436283357068,0.0155,0.0313420048285634));
#8995=CARTESIAN_POINT('',(-0.0474074237031449,0.0144597948413845,0.0303074279306092));
#8996=CARTESIAN_POINT('',(-0.0472712539986928,0.0134193212869589,0.0292731163379883));
#8997=CARTESIAN_POINT('',(-0.047135106181266,0.0123786796564404,0.0282389709938299));
#8998=CARTESIAN_POINT('',(-0.0475436283357068,0.0155,0.0313420048285634));
#8999=CARTESIAN_POINT('',(-0.047135106181266,0.0123786796564404,0.0282389709938299));
#9000=CARTESIAN_POINT('',(-0.047135106181266,0.017,0.0282389709938299));
#9001=CARTESIAN_POINT('',(-0.047389476155599,0.0155,0.0301711027725238));
#9002=CARTESIAN_POINT('',(-0.0300190355683628,0.017,0.0491276122526933));
#9003=CARTESIAN_POINT('',(-0.0280720863303677,0.013,0.0490426066131674));
#9004=CARTESIAN_POINT('',(-0.0280720863303677,0.0123786796564404,0.0490426066131674));
#9005=CARTESIAN_POINT('',(-0.0280720863303677,0.0123786796564404,0.0490426066131674));
#9006=CARTESIAN_POINT('',(-0.029114162503426,0.0134193212869589,0.0490881046414656));
#9007=CARTESIAN_POINT('',(-0.030156406199901,0.0144597948413845,0.0491336099839942));
#9008=CARTESIAN_POINT('',(-0.0311989172363277,0.0155,0.0491791269988371));
#9009=CARTESIAN_POINT('',(-0.0311989172363277,0.0155,0.0491791269988371));
#9010=CARTESIAN_POINT('',(-0.0335157043438993,0.0155,0.049280280108472));
#9011=CARTESIAN_POINT('',(-0.05,0.017,0.05));
#9012=CARTESIAN_POINT('',(-0.0453512074498329,0.017,0.0269644030286708));
#9013=CARTESIAN_POINT('',(-0.0453512074498329,0.013,0.0269644030286708));
#9014=CARTESIAN_POINT('',(-0.05,0.013,0.05));
#9015=CARTESIAN_POINT('',(-0.026646891462194,0.013,0.047376582072667));
#9016=CARTESIAN_POINT('',(-0.026646891462194,0.017,0.047376582072667));
#9017=CARTESIAN_POINT('',(-8.67361737988404E-18,0.017,0.1));
#9018=CARTESIAN_POINT('',(-0.05,0.017,0.05));
#9019=CARTESIAN_POINT('',(-0.030652318231858,0.017,0.0475674683560737));
#9020=CARTESIAN_POINT('',(-0.0458904632984326,0.017,0.0309379511043941));
#9021=CARTESIAN_POINT('',(-0.0458904632984326,0.017,0.0309379511043941));
#9022=CARTESIAN_POINT('',(-0.0459186248213951,0.017,0.0309318798361469));
#9023=CARTESIAN_POINT('',(-0.0459469861588406,0.017,0.0309269611767115));
#9024=CARTESIAN_POINT('',(-0.0459755483113777,0.017,0.0309232008979935));
#9025=CARTESIAN_POINT('',(-0.0459755483113777,0.017,0.0309232008979935));
#9026=CARTESIAN_POINT('',(-0.054131454492729,0.017,0.0928734588179938));
#9027=CARTESIAN_POINT('',(-0.0305839887602018,0.017,0.0476508496140032));
#9028=CARTESIAN_POINT('',(-0.0306450398019458,0.017,0.0476535151600513));
#9029=CARTESIAN_POINT('',(-0.0306450398019458,0.017,0.0476535151600513));
#9030=CARTESIAN_POINT('',(-0.0306462964160492,0.017,0.0476247339652431));
#9031=CARTESIAN_POINT('',(-0.0306487245050701,0.017,0.0475960518618326));
#9032=CARTESIAN_POINT('',(-0.030652318231858,0.017,0.0475674683560737));
#9033=CARTESIAN_POINT('',(-0.0699809644316372,0.017,0.0508723877473067));
#9034=CARTESIAN_POINT('',(-0.0664842956561007,0.0155,0.0507197198915281));
#9035=CARTESIAN_POINT('',(-0.0688010827636724,0.0155,0.0508208730011629));
#9036=CARTESIAN_POINT('',(-0.0679203186929114,0.0155,0.0507824180113536));
#9037=CARTESIAN_POINT('',(-0.0679203186929114,0.017,0.0507824180113536));
#9038=CARTESIAN_POINT('',(-0.0719279136696324,0.017,0.0509573933868326));
#9039=CARTESIAN_POINT('',(-0.0719279136696324,0.0123786796564404,0.0509573933868326));
#9040=CARTESIAN_POINT('',(-0.0719279136696324,0.0123786796564404,0.0509573933868326));
#9041=CARTESIAN_POINT('',(-0.0708858374965742,0.0134193212869589,0.0509118953585344));
#9042=CARTESIAN_POINT('',(-0.0698435938000991,0.0144597948413845,0.0508663900160058));
#9043=CARTESIAN_POINT('',(-0.0688010827636724,0.0155,0.0508208730011629));
#9044=CARTESIAN_POINT('',(-0.05,0.017,0.05));
#9045=CARTESIAN_POINT('',(-0.0546487925501672,0.017,0.0730355969713292));
#9046=CARTESIAN_POINT('',(-0.0546487925501672,0.013,0.0730355969713292));
#9047=CARTESIAN_POINT('',(-0.05,0.013,0.05));
#9048=CARTESIAN_POINT('',(-0.073353108537806,0.013,0.052623417927333));
#9049=CARTESIAN_POINT('',(-0.073353108537806,0.017,0.052623417927333));
#9050=CARTESIAN_POINT('',(-0.0526105238444011,0.017,0.0698288972274762));
#9051=CARTESIAN_POINT('',(-0.0523412993605573,0.017,0.0677839342470741));
#9052=CARTESIAN_POINT('',(-0.0523412993605573,0.0155,0.0677839342470741));
#9053=CARTESIAN_POINT('',(-0.052545260748291,0.0155,0.0693331747967893));
#9054=CARTESIAN_POINT('',(-0.0524563716642932,0.0155,0.0686579951714366));
#9055=CARTESIAN_POINT('',(-0.0524563716642932,0.0155,0.0686579951714366));
#9056=CARTESIAN_POINT('',(-0.0525925762968551,0.0144597948413845,0.0696925720693908));
#9057=CARTESIAN_POINT('',(-0.0527287460013073,0.0134193212869589,0.0707268836620117));
#9058=CARTESIAN_POINT('',(-0.0528648938187341,0.0123786796564403,0.0717610290061702));
#9059=CARTESIAN_POINT('',(-0.0528648938187341,0.0123786796564404,0.0717610290061702));
#9060=CARTESIAN_POINT('',(-0.0528648938187341,0.017,0.0717610290061702));
#9061=CARTESIAN_POINT('',(-8.67361737988404E-18,0.017,0.1));
#9062=CARTESIAN_POINT('',(-0.0541095367015675,0.017,0.0690620488956059));
#9063=CARTESIAN_POINT('',(-0.054081375178605,0.017,0.0690681201638531));
#9064=CARTESIAN_POINT('',(-0.0540530138411595,0.017,0.0690730388232885));
#9065=CARTESIAN_POINT('',(-0.0540244516886224,0.017,0.0690767991020065));
#9066=CARTESIAN_POINT('',(-0.0541095367015675,0.017,0.0690620488956059));
#9067=CARTESIAN_POINT('',(-0.0540244516886224,0.017,0.0690767991020065));
#9068=CARTESIAN_POINT('',(-0.0536408494636916,0.017,0.0661630509243378));
#9069=CARTESIAN_POINT('',(-0.0694160112397983,0.017,0.0523491503859969));
#9070=CARTESIAN_POINT('',(-0.0693549601980542,0.017,0.0523464848399488));
#9071=CARTESIAN_POINT('',(-0.0693549601980542,0.017,0.0523464848399488));
#9072=CARTESIAN_POINT('',(-0.0693537035839508,0.017,0.052375266034757));
#9073=CARTESIAN_POINT('',(-0.06935127549493,0.017,0.0524039481381674));
#9074=CARTESIAN_POINT('',(-0.0693476817681421,0.017,0.0524325316439263));
#9075=CARTESIAN_POINT('',(-0.0693476817681421,0.017,0.0524325316439263));
#9076=CARTESIAN_POINT('',(-0.05,0.017,0.05));
#9077=CARTESIAN_POINT('',(-0.05,0.013,0.05));
#9078=CARTESIAN_POINT('',(-0.0453512074498329,0.013,0.0269644030286708));
#9079=CARTESIAN_POINT('',(-0.0453614761213488,0.013,0.0269623307175559));
#9080=CARTESIAN_POINT('',(-0.0453717643853035,0.0130001027234533,0.026960366392696));
#9081=CARTESIAN_POINT('',(-0.0453820722303597,0.0130003081151593,0.0269585099918248));
#9082=CARTESIAN_POINT('',(-0.0453820722303597,0.0130003081151593,0.0269585099918248));
#9083=CARTESIAN_POINT('',(-0.0453820722303597,0.0130003081151593,0.0269585099918249));
#9084=CARTESIAN_POINT('',(-0.0455523921240531,0.0143339154307881,0.0282845021926329));
#9085=CARTESIAN_POINT('',(-0.0457220403077362,0.0156672322663142,0.0296108728619787));
#9086=CARTESIAN_POINT('',(-0.0458904632984326,0.017,0.0309379511043941));
#9087=CARTESIAN_POINT('',(-0.030652318231858,0.017,0.0475674683560737));
#9088=CARTESIAN_POINT('',(-0.0293156108919609,0.0156672322663142,0.0475153487556071));
#9089=CARTESIAN_POINT('',(-0.0279795016499995,0.0143339154307881,0.0474619469553268));
#9090=CARTESIAN_POINT('',(-0.026643710893004,0.0130003081151593,0.0474078430153889));
#9091=CARTESIAN_POINT('',(-0.026643710893004,0.0130003081151593,0.0474078430153889));
#9092=CARTESIAN_POINT('',(-0.026643710893004,0.0130003081151593,0.0474078430153889));
#9093=CARTESIAN_POINT('',(-0.0266446618418174,0.0130001027234533,0.0473974125987984));
#9094=CARTESIAN_POINT('',(-0.0266457220105415,0.013,0.047386992282602));
#9095=CARTESIAN_POINT('',(-0.026646891462194,0.013,0.047376582072667));
#9096=CARTESIAN_POINT('',(-0.05,0.017,0.05));
#9097=CARTESIAN_POINT('',(-0.0546487925501672,0.013,0.0730355969713292));
#9098=CARTESIAN_POINT('',(-0.0546385238786513,0.013,0.0730376692824441));
#9099=CARTESIAN_POINT('',(-0.0546282356146965,0.0130001027234533,0.073039633607304));
#9100=CARTESIAN_POINT('',(-0.0546179277696403,0.0130003081151593,0.0730414900081751));
#9101=CARTESIAN_POINT('',(-0.0546179277696404,0.0130003081151593,0.0730414900081751));
#9102=CARTESIAN_POINT('',(-0.0546179277696404,0.0130003081151593,0.0730414900081751));
#9103=CARTESIAN_POINT('',(-0.054447607875947,0.0143339154307881,0.071715497807367));
#9104=CARTESIAN_POINT('',(-0.0542779596922639,0.0156672322663142,0.0703891271380213));
#9105=CARTESIAN_POINT('',(-0.0541095367015675,0.017,0.0690620488956059));
#9106=CARTESIAN_POINT('',(-0.0693476817681421,0.017,0.0524325316439263));
#9107=CARTESIAN_POINT('',(-0.0706843891080392,0.0156672322663142,0.0524846512443929));
#9108=CARTESIAN_POINT('',(-0.0720204983500005,0.0143339154307881,0.0525380530446732));
#9109=CARTESIAN_POINT('',(-0.073356289106996,0.0130003081151593,0.0525921569846111));
#9110=CARTESIAN_POINT('',(-0.073356289106996,0.0130003081151593,0.0525921569846111));
#9111=CARTESIAN_POINT('',(-0.073356289106996,0.0130003081151593,0.0525921569846111));
#9112=CARTESIAN_POINT('',(-0.0733553381581826,0.0130001027234533,0.0526025874012016));
#9113=CARTESIAN_POINT('',(-0.0733542779894585,0.013,0.052613007717398));
#9114=CARTESIAN_POINT('',(-0.073353108537806,0.013,0.052623417927333));
#9115=CARTESIAN_POINT('',(-0.0459023088635383,0.0155,0.0303668920608538));
#9116=CARTESIAN_POINT('',(-0.0459755483113777,0.017,0.0309232008979935));
#9117=CARTESIAN_POINT('',(-0.04638483477623,0.017,0.030869317312667));
#9118=CARTESIAN_POINT('',(-0.0471902624337709,0.0166417672462234,0.0309125927773028));
#9119=CARTESIAN_POINT('',(-0.0475233497131102,0.015875915112488,0.0311879733975749));
#9120=CARTESIAN_POINT('',(-0.0475436283357068,0.0155,0.0313420048285634));
#9121=CARTESIAN_POINT('',(-0.0470742425526251,0.0119134478972558,0.0277766658362655));
#9122=CARTESIAN_POINT('',(-0.04692926257094,0.0130266669345754,0.0266754335441183));
#9123=CARTESIAN_POINT('',(-0.0453787260406518,0.0129741080690356,0.0269324596426046));
#9124=CARTESIAN_POINT('',(-0.0472508861875705,0.0132637472871512,0.0291184074528887));
#9125=CARTESIAN_POINT('',(-0.0471057762831397,0.0143823008181208,0.0280161882996132));
#9126=CARTESIAN_POINT('',(-0.0455511865468725,0.0143244074589252,0.0282750392932628));
#9127=CARTESIAN_POINT('',(-0.0474275637971658,0.0146137877293741,0.0304604071325989));
#9128=CARTESIAN_POINT('',(-0.0472821245090335,0.0157372577744614,0.0293556860615456));
#9129=CARTESIAN_POINT('',(-0.0457229665573336,0.0156744479011535,0.0296180420142624));
#9130=CARTESIAN_POINT('',(-0.0476043035037456,0.0159633438433979,0.0318028784857341));
#9131=CARTESIAN_POINT('',(-0.0474578864856592,0.0170888280443474,0.0306907308184317));
#9132=CARTESIAN_POINT('',(-0.0458934965770606,0.0170240040151777,0.0309618527887244));
#9133=CARTESIAN_POINT('',(-0.0453820722303597,0.0130003081151593,0.0269585099918248));
#9134=CARTESIAN_POINT('',(-0.0458003294610272,0.0130086422107618,0.0268831835697516));
#9135=CARTESIAN_POINT('',(-0.0466730018140456,0.012866015684741,0.0271150505342347));
#9136=CARTESIAN_POINT('',(-0.0470846076896889,0.0125391962807546,0.0278553968687467));
#9137=CARTESIAN_POINT('',(-0.047135106181266,0.0123786796564404,0.0282389709938299));
#9138=CARTESIAN_POINT('',(-0.0456479388892053,0.017,0.0284347602821599));
#9139=CARTESIAN_POINT('',(-0.00233945519744587,0.0155,0.0464176666466421));
#9140=CARTESIAN_POINT('',(-0.0306450398019458,0.017,0.0476535151600513));
#9141=CARTESIAN_POINT('',(-0.0306270329257702,0.017,0.0480659404302389));
#9142=CARTESIAN_POINT('',(-0.0307403413598817,0.0166417672462074,0.0488645314871128));
#9143=CARTESIAN_POINT('',(-0.0310437045431002,0.0158759151125199,0.0491723502662994));
#9144=CARTESIAN_POINT('',(-0.0311989172363277,0.0155,0.0491791269988371));
#9145=CARTESIAN_POINT('',(-0.0266174680335779,0.0129741080690356,0.0474067799964782));
#9146=CARTESIAN_POINT('',(-0.0264965581599493,0.0130266669345754,0.048973817567668));
#9147=CARTESIAN_POINT('',(-0.0276062357687411,0.0119134478972558,0.0490222671383923));
#9148=CARTESIAN_POINT('',(-0.0279699696868421,0.0143244074589271,0.0474615707117867));
#9149=CARTESIAN_POINT('',(-0.0278475951225161,0.0143823008181102,0.0490328051153472));
#9150=CARTESIAN_POINT('',(-0.028958267160638,0.0132637472871561,0.0490812981038045));
#9151=CARTESIAN_POINT('',(-0.0293228334914399,0.0156744479011645,0.0475156466477416));
#9152=CARTESIAN_POINT('',(-0.0291973654516427,0.0157372577744498,0.0490917373606507));
#9153=CARTESIAN_POINT('',(-0.030310558594707,0.0146137877293742,0.049140340422903));
#9154=CARTESIAN_POINT('',(-0.030676393330715,0.0170240040151777,0.0475684069231101));
#9155=CARTESIAN_POINT('',(-0.0305426486258041,0.0170888280443474,0.0491504736925004));
#9156=CARTESIAN_POINT('',(-0.031663325319428,0.0159633438433979,0.0491994034936396));
#9157=CARTESIAN_POINT('',(-0.026643710893004,0.0130003081151593,0.0474078430153889));
#9158=CARTESIAN_POINT('',(-0.0266051246303068,0.0130086422107619,0.0478310737812827));
#9159=CARTESIAN_POINT('',(-0.026912167678089,0.0128660156847383,0.0486802168150227));
#9160=CARTESIAN_POINT('',(-0.0276855705870961,0.0125391962807605,0.0490257309713672));
#9161=CARTESIAN_POINT('',(-0.0280720863303677,0.0123786796564404,0.0490426066131674));
#9162=CARTESIAN_POINT('',(-0.0281375154114157,0.017,0.0475440342807946));
#9163=CARTESIAN_POINT('',(-0.0543520611107948,0.017,0.0715652397178401));
#9164=CARTESIAN_POINT('',(-0.0546179277696404,0.0130003081151593,0.0730414900081751));
#9165=CARTESIAN_POINT('',(-0.0541996705389729,0.0130086422107618,0.0731168164302484));
#9166=CARTESIAN_POINT('',(-0.0533269981859529,0.0128660156847724,0.0728849494657524));
#9167=CARTESIAN_POINT('',(-0.0529153923103146,0.0125391962806916,0.0721446031312793));
#9168=CARTESIAN_POINT('',(-0.0528648938187341,0.0123786796564404,0.0717610290061702));
#9169=CARTESIAN_POINT('',(-0.0529257574473738,0.0119134478972646,0.0722233341637257));
#9170=CARTESIAN_POINT('',(-0.0530707374290589,0.0130266669345842,0.0733245664558729));
#9171=CARTESIAN_POINT('',(-0.0546212739593471,0.0129741080690444,0.0730675403573867));
#9172=CARTESIAN_POINT('',(-0.0527491138124272,0.013263747287152,0.0708815925470931));
#9173=CARTESIAN_POINT('',(-0.0528942237168334,0.014382300818158,0.0719838117004067));
#9174=CARTESIAN_POINT('',(-0.0544488134531276,0.0143244074589302,0.0717249607067321));
#9175=CARTESIAN_POINT('',(-0.0525724362028378,0.0146137877293571,0.0695395928674277));
#9176=CARTESIAN_POINT('',(-0.0527178754910083,0.0157372577744516,0.0706443139385429));
#9177=CARTESIAN_POINT('',(-0.0542770334427136,0.0156744479011415,0.0703819579857396));
#9178=CARTESIAN_POINT('',(-0.0523956964962545,0.0159633438433978,0.0681971215142659));
#9179=CARTESIAN_POINT('',(-0.0525421135143408,0.0170888280443473,0.0693092691815683));
#9180=CARTESIAN_POINT('',(-0.0541065034229395,0.0170240040151776,0.0690381472112757));
#9181=CARTESIAN_POINT('',(-0.0540244516886224,0.017,0.0690767991020065));
#9182=CARTESIAN_POINT('',(-0.0536151652237701,0.017,0.069130682687333));
#9183=CARTESIAN_POINT('',(-0.0528097375662302,0.0166417672462205,0.069087407222704));
#9184=CARTESIAN_POINT('',(-0.052476650286888,0.0158759151124937,0.0688120266024114));
#9185=CARTESIAN_POINT('',(-0.0524563716642932,0.0155,0.0686579951714366));
#9186=CARTESIAN_POINT('',(-0.0571057890768505,0.0155,0.0924818802413336));
#9187=CARTESIAN_POINT('',(-0.0538284666526181,0.0155,0.067588144958744));
#9188=CARTESIAN_POINT('',(-0.0538284666526181,0.003,0.067588144958744));
#9189=CARTESIAN_POINT('',(-0.0718624845885844,0.017,0.0524559657192054));
#9190=CARTESIAN_POINT('',(-0.073356289106996,0.0130003081151593,0.0525921569846111));
#9191=CARTESIAN_POINT('',(-0.0733948753696932,0.0130086422107618,0.0521689262187173));
#9192=CARTESIAN_POINT('',(-0.0730878323218954,0.0128660156847762,0.0513197831849767));
#9193=CARTESIAN_POINT('',(-0.0723144294129357,0.012539196280684,0.0509742690286342));
#9194=CARTESIAN_POINT('',(-0.0719279136696324,0.0123786796564404,0.0509573933868326));
#9195=CARTESIAN_POINT('',(-0.0733825319664133,0.0129741080690444,0.0525932200035214));
#9196=CARTESIAN_POINT('',(-0.0735034418400418,0.0130266669345842,0.0510261824323316));
#9197=CARTESIAN_POINT('',(-0.07239376423125,0.0119134478972646,0.0509777328616073));
#9198=CARTESIAN_POINT('',(-0.0720300303131294,0.0143244074589551,0.0525384292882157));
#9199=CARTESIAN_POINT('',(-0.0721524048774523,0.0143823008181579,0.0509671948846457));
#9200=CARTESIAN_POINT('',(-0.0710417328393231,0.0132637472871603,0.0509187018961938));
#9201=CARTESIAN_POINT('',(-0.0706771665085438,0.0156744479011805,0.0524843533522599));
#9202=CARTESIAN_POINT('',(-0.070802634548302,0.0157372577744611,0.0509082626393646));
#9203=CARTESIAN_POINT('',(-0.0696894414053033,0.014613787729377,0.0508596595770974));
#9204=CARTESIAN_POINT('',(-0.0693236066692851,0.0170240040151776,0.0524315930768899));
#9205=CARTESIAN_POINT('',(-0.069457351374196,0.0170888280443473,0.0508495263074996));
#9206=CARTESIAN_POINT('',(-0.068336674680572,0.0159633438433978,0.0508005965063604));
#9207=CARTESIAN_POINT('',(-0.0693549601980542,0.017,0.0523464848399488));
#9208=CARTESIAN_POINT('',(-0.0693729670742299,0.017,0.0519340595697612));
#9209=CARTESIAN_POINT('',(-0.0692596586400621,0.0166417672462307,0.0511354685128848));
#9210=CARTESIAN_POINT('',(-0.0689562954570123,0.0158759151124733,0.0508276497337055));
#9211=CARTESIAN_POINT('',(-0.0688010827636723,0.0155,0.0508208730011629));
#9212=CARTESIAN_POINT('',(-0.00220859703534987,0.0155,0.0494148113113877));
#9213=CARTESIAN_POINT('',(-0.0678548896118634,0.0155,0.0522809903437264));
#9214=CARTESIAN_POINT('',(-0.0678548896118634,0.003,0.0522809903437264));
#9215=CARTESIAN_POINT('',(0.00261052384440099,0.017,0.0301711027725238));
#9216=CARTESIAN_POINT('',(0.00245637166429316,0.0155,0.0313420048285634));
#9217=CARTESIAN_POINT('',(0.00259257629685505,0.0144597948413845,0.0303074279306092));
#9218=CARTESIAN_POINT('',(0.00272874600130718,0.0134193212869589,0.0292731163379883));
#9219=CARTESIAN_POINT('',(0.00286489381873402,0.0123786796564404,0.0282389709938299));
#9220=CARTESIAN_POINT('',(0.00245637166429316,0.0155,0.0313420048285634));
#9221=CARTESIAN_POINT('',(0.00286489381873402,0.0123786796564404,0.0282389709938299));
#9222=CARTESIAN_POINT('',(0.00286489381873402,0.017,0.0282389709938299));
#9223=CARTESIAN_POINT('',(0.00261052384440099,0.0155,0.0301711027725238));
#9224=CARTESIAN_POINT('',(0.0199809644316371,0.017,0.0491276122526933));
#9225=CARTESIAN_POINT('',(0.0219279136696323,0.013,0.0490426066131674));
#9226=CARTESIAN_POINT('',(0.0219279136696323,0.0123786796564404,0.0490426066131674));
#9227=CARTESIAN_POINT('',(0.0219279136696323,0.0123786796564404,0.0490426066131674));
#9228=CARTESIAN_POINT('',(0.0208858374965741,0.013419321286959,0.0490881046414656));
#9229=CARTESIAN_POINT('',(0.0198435938000991,0.0144597948413845,0.0491336099839942));
#9230=CARTESIAN_POINT('',(0.0188010827636723,0.0155,0.0491791269988371));
#9231=CARTESIAN_POINT('',(0.0188010827636723,0.0155,0.0491791269988371));
#9232=CARTESIAN_POINT('',(0.0164842956561007,0.0155,0.049280280108472));
#9233=CARTESIAN_POINT('',(-2.08166817117217E-17,0.017,0.05));
#9234=CARTESIAN_POINT('',(0.00464879255016711,0.017,0.0269644030286708));
#9235=CARTESIAN_POINT('',(0.00464879255016711,0.013,0.0269644030286708));
#9236=CARTESIAN_POINT('',(-2.08166817117217E-17,0.013,0.05));
#9237=CARTESIAN_POINT('',(0.023353108537806,0.013,0.047376582072667));
#9238=CARTESIAN_POINT('',(0.023353108537806,0.017,0.047376582072667));
#9239=CARTESIAN_POINT('',(0.05,0.017,0.1));
#9240=CARTESIAN_POINT('',(-2.08166817117217E-17,0.017,0.05));
#9241=CARTESIAN_POINT('',(0.019347681768142,0.017,0.0475674683560738));
#9242=CARTESIAN_POINT('',(0.00410953670156744,0.017,0.0309379511043941));
#9243=CARTESIAN_POINT('',(0.00410953670156744,0.017,0.0309379511043941));
#9244=CARTESIAN_POINT('',(0.00408137517860495,0.017,0.0309318798361469));
#9245=CARTESIAN_POINT('',(0.00405301384115947,0.017,0.0309269611767115));
#9246=CARTESIAN_POINT('',(0.00402445168862233,0.017,0.0309232008979935));
#9247=CARTESIAN_POINT('',(0.00402445168862233,0.017,0.0309232008979935));
#9248=CARTESIAN_POINT('',(-0.00413145449272901,0.017,0.0928734588179938));
#9249=CARTESIAN_POINT('',(0.0194160112397982,0.017,0.0476508496140032));
#9250=CARTESIAN_POINT('',(0.0193549601980542,0.017,0.0476535151600513));
#9251=CARTESIAN_POINT('',(0.0193549601980542,0.017,0.0476535151600513));
#9252=CARTESIAN_POINT('',(0.0193537035839508,0.017,0.0476247339652431));
#9253=CARTESIAN_POINT('',(0.0193512754949299,0.017,0.0475960518618326));
#9254=CARTESIAN_POINT('',(0.019347681768142,0.017,0.0475674683560737));
#9255=CARTESIAN_POINT('',(-0.0199809644316372,0.017,0.0508723877473067));
#9256=CARTESIAN_POINT('',(-0.0164842956561007,0.0155,0.0507197198915281));
#9257=CARTESIAN_POINT('',(-0.0188010827636724,0.0155,0.0508208730011629));
#9258=CARTESIAN_POINT('',(-0.0179203186929114,0.0155,0.0507824180113536));
#9259=CARTESIAN_POINT('',(-0.0179203186929114,0.017,0.0507824180113536));
#9260=CARTESIAN_POINT('',(-0.0219279136696323,0.017,0.0509573933868326));
#9261=CARTESIAN_POINT('',(-0.0219279136696323,0.0123786796564404,0.0509573933868326));
#9262=CARTESIAN_POINT('',(-0.0219279136696323,0.0123786796564404,0.0509573933868326));
#9263=CARTESIAN_POINT('',(-0.0208858374965741,0.0134193212869589,0.0509118953585344));
#9264=CARTESIAN_POINT('',(-0.0198435938000991,0.0144597948413845,0.0508663900160058));
#9265=CARTESIAN_POINT('',(-0.0188010827636724,0.0155,0.0508208730011629));
#9266=CARTESIAN_POINT('',(-2.08166817117217E-17,0.017,0.05));
#9267=CARTESIAN_POINT('',(-0.00464879255016717,0.017,0.0730355969713292));
#9268=CARTESIAN_POINT('',(-0.00464879255016716,0.013,0.0730355969713292));
#9269=CARTESIAN_POINT('',(-2.08166817117217E-17,0.013,0.05));
#9270=CARTESIAN_POINT('',(-0.023353108537806,0.013,0.052623417927333));
#9271=CARTESIAN_POINT('',(-0.023353108537806,0.017,0.052623417927333));
#9272=CARTESIAN_POINT('',(-0.00261052384440105,0.017,0.0698288972274762));
#9273=CARTESIAN_POINT('',(-0.00234129936055734,0.017,0.0677839342470741));
#9274=CARTESIAN_POINT('',(-0.00234129936055734,0.0155,0.0677839342470741));
#9275=CARTESIAN_POINT('',(-0.00254526074829101,0.0155,0.0693331747967893));
#9276=CARTESIAN_POINT('',(-0.00245637166429322,0.0155,0.0686579951714366));
#9277=CARTESIAN_POINT('',(-0.00245637166429322,0.0155,0.0686579951714366));
#9278=CARTESIAN_POINT('',(-0.0025925762968551,0.0144597948413845,0.0696925720693908));
#9279=CARTESIAN_POINT('',(-0.00272874600130723,0.0134193212869589,0.0707268836620116));
#9280=CARTESIAN_POINT('',(-0.00286489381873408,0.0123786796564404,0.0717610290061701));
#9281=CARTESIAN_POINT('',(-0.00286489381873408,0.0123786796564404,0.0717610290061701));
#9282=CARTESIAN_POINT('',(-0.00286489381873408,0.017,0.0717610290061701));
#9283=CARTESIAN_POINT('',(0.05,0.017,0.1));
#9284=CARTESIAN_POINT('',(-0.0041095367015675,0.017,0.0690620488956059));
#9285=CARTESIAN_POINT('',(-0.00408137517860501,0.017,0.0690681201638531));
#9286=CARTESIAN_POINT('',(-0.00405301384115952,0.017,0.0690730388232885));
#9287=CARTESIAN_POINT('',(-0.00402445168862238,0.017,0.0690767991020065));
#9288=CARTESIAN_POINT('',(-0.0041095367015675,0.017,0.0690620488956059));
#9289=CARTESIAN_POINT('',(-0.00402445168862238,0.017,0.0690767991020065));
#9290=CARTESIAN_POINT('',(-0.00364084946369158,0.017,0.0661630509243378));
#9291=CARTESIAN_POINT('',(-0.0194160112397982,0.017,0.0523491503859969));
#9292=CARTESIAN_POINT('',(-0.0193549601980542,0.017,0.0523464848399488));
#9293=CARTESIAN_POINT('',(-0.0193549601980542,0.017,0.0523464848399488));
#9294=CARTESIAN_POINT('',(-0.0193537035839508,0.017,0.052375266034757));
#9295=CARTESIAN_POINT('',(-0.0193512754949299,0.017,0.0524039481381674));
#9296=CARTESIAN_POINT('',(-0.0193476817681421,0.017,0.0524325316439263));
#9297=CARTESIAN_POINT('',(-0.0193476817681421,0.017,0.0524325316439263));
#9298=CARTESIAN_POINT('',(-2.08166817117217E-17,0.017,0.05));
#9299=CARTESIAN_POINT('',(-2.08166817117217E-17,0.013,0.05));
#9300=CARTESIAN_POINT('',(0.00464879255016711,0.013,0.0269644030286708));
#9301=CARTESIAN_POINT('',(0.00463852387865124,0.013,0.0269623307175559));
#9302=CARTESIAN_POINT('',(0.00462823561469647,0.0130001027234533,0.026960366392696));
#9303=CARTESIAN_POINT('',(0.00461792776964029,0.0130003081151593,0.0269585099918248));
#9304=CARTESIAN_POINT('',(0.00461792776964029,0.0130003081151593,0.0269585099918248));
#9305=CARTESIAN_POINT('',(0.00461792776964029,0.0130003081151593,0.0269585099918249));
#9306=CARTESIAN_POINT('',(0.00444760787594692,0.0143339154307881,0.0282845021926329));
#9307=CARTESIAN_POINT('',(0.00427795969226388,0.0156672322663142,0.0296108728619787));
#9308=CARTESIAN_POINT('',(0.00410953670156744,0.017,0.0309379511043941));
#9309=CARTESIAN_POINT('',(0.019347681768142,0.017,0.0475674683560738));
#9310=CARTESIAN_POINT('',(0.0206843891080391,0.0156672322663142,0.0475153487556072));
#9311=CARTESIAN_POINT('',(0.0220204983500004,0.0143339154307881,0.0474619469553268));
#9312=CARTESIAN_POINT('',(0.023356289106996,0.0130003081151593,0.0474078430153889));
#9313=CARTESIAN_POINT('',(0.023356289106996,0.0130003081151593,0.0474078430153889));
#9314=CARTESIAN_POINT('',(0.023356289106996,0.0130003081151593,0.0474078430153889));
#9315=CARTESIAN_POINT('',(0.0233553381581827,0.0130001027234533,0.0473974125987984));
#9316=CARTESIAN_POINT('',(0.0233542779894585,0.013,0.047386992282602));
#9317=CARTESIAN_POINT('',(0.023353108537806,0.013,0.047376582072667));
#9318=CARTESIAN_POINT('',(-2.08166817117217E-17,0.017,0.05));
#9319=CARTESIAN_POINT('',(-0.00464879255016716,0.013,0.0730355969713292));
#9320=CARTESIAN_POINT('',(-0.0046385238786513,0.013,0.0730376692824442));
#9321=CARTESIAN_POINT('',(-0.00462823561469652,0.0130001027234533,0.073039633607304));
#9322=CARTESIAN_POINT('',(-0.00461792776964035,0.0130003081151593,0.0730414900081751));
#9323=CARTESIAN_POINT('',(-0.00461792776964035,0.0130003081151593,0.0730414900081751));
#9324=CARTESIAN_POINT('',(-0.00461792776964035,0.0130003081151593,0.0730414900081751));
#9325=CARTESIAN_POINT('',(-0.00444760787594698,0.0143339154307881,0.0717154978073671));
#9326=CARTESIAN_POINT('',(-0.00427795969226393,0.0156672322663142,0.0703891271380213));
#9327=CARTESIAN_POINT('',(-0.0041095367015675,0.017,0.0690620488956059));
#9328=CARTESIAN_POINT('',(-0.0193476817681421,0.017,0.0524325316439263));
#9329=CARTESIAN_POINT('',(-0.0206843891080392,0.0156672322663142,0.0524846512443929));
#9330=CARTESIAN_POINT('',(-0.0220204983500005,0.0143339154307881,0.0525380530446732));
#9331=CARTESIAN_POINT('',(-0.0233562891069961,0.0130003081151593,0.0525921569846111));
#9332=CARTESIAN_POINT('',(-0.023356289106996,0.0130003081151593,0.0525921569846111));
#9333=CARTESIAN_POINT('',(-0.023356289106996,0.0130003081151593,0.0525921569846111));
#9334=CARTESIAN_POINT('',(-0.0233553381581827,0.0130001027234533,0.0526025874012016));
#9335=CARTESIAN_POINT('',(-0.0233542779894585,0.013,0.052613007717398));
#9336=CARTESIAN_POINT('',(-0.023353108537806,0.013,0.052623417927333));
#9337=CARTESIAN_POINT('',(0.00409769113646171,0.0155,0.0303668920608538));
#9338=CARTESIAN_POINT('',(0.00402445168862233,0.017,0.0309232008979935));
#9339=CARTESIAN_POINT('',(0.00361516522377005,0.017,0.030869317312667));
#9340=CARTESIAN_POINT('',(0.00280973756623034,0.0166417672462196,0.0309125927772937));
#9341=CARTESIAN_POINT('',(0.00247665028688736,0.0158759151124956,0.0311879733975931));
#9342=CARTESIAN_POINT('',(0.00245637166429316,0.0155,0.0313420048285634));
#9343=CARTESIAN_POINT('',(0.0029257574473749,0.0119134478972558,0.0277766658362656));
#9344=CARTESIAN_POINT('',(0.00307073742905997,0.0130266669345754,0.0266754335441183));
#9345=CARTESIAN_POINT('',(0.00462127395934818,0.0129741080690356,0.0269324596426046));
#9346=CARTESIAN_POINT('',(0.00274911381243109,0.0132637472871462,0.0291184074528767));
#9347=CARTESIAN_POINT('',(0.00289422371683448,0.0143823008181536,0.0280161882995991));
#9348=CARTESIAN_POINT('',(0.00444881345312017,0.0143244074589169,0.0282750392932528));
#9349=CARTESIAN_POINT('',(0.00257243620283703,0.014613787729341,0.0304604071325772));
#9350=CARTESIAN_POINT('',(0.00271787549098376,0.0157372577744239,0.0293556860614413));
#9351=CARTESIAN_POINT('',(0.00427703344269054,0.0156744479011247,0.0296180420142382));
#9352=CARTESIAN_POINT('',(0.0023956964962544,0.0159633438433979,0.0318028784857341));
#9353=CARTESIAN_POINT('',(0.00254211351434075,0.0170888280443474,0.0306907308184317));
#9354=CARTESIAN_POINT('',(0.00410650342293938,0.0170240040151777,0.0309618527887244));
#9355=CARTESIAN_POINT('',(0.00461792776964029,0.0130003081151593,0.0269585099918248));
#9356=CARTESIAN_POINT('',(0.00419967053897281,0.0130086422107618,0.0268831835697516));
#9357=CARTESIAN_POINT('',(0.0033269981859533,0.0128660156847618,0.0271150505342432));
#9358=CARTESIAN_POINT('',(0.00291539231031335,0.0125391962807132,0.0278553968687297));
#9359=CARTESIAN_POINT('',(0.00286489381873402,0.0123786796564404,0.0282389709938299));
#9360=CARTESIAN_POINT('',(0.00435206111079474,0.017,0.0284347602821599));
#9361=CARTESIAN_POINT('',(0.0476605448025541,0.0155,0.0464176666466421));
#9362=CARTESIAN_POINT('',(0.0193549601980542,0.017,0.0476535151600513));
#9363=CARTESIAN_POINT('',(0.0193729670742298,0.017,0.0480659404302389));
#9364=CARTESIAN_POINT('',(0.0192596586401183,0.0166417672462074,0.0488645314871128));
#9365=CARTESIAN_POINT('',(0.0189562954568998,0.0158759151125199,0.0491723502662994));
#9366=CARTESIAN_POINT('',(0.0188010827636723,0.0155,0.0491791269988371));
#9367=CARTESIAN_POINT('',(0.0233825319664221,0.0129741080690356,0.0474067799964782));
#9368=CARTESIAN_POINT('',(0.0235034418400506,0.0130266669345754,0.048973817567668));
#9369=CARTESIAN_POINT('',(0.0223937642312589,0.0119134478972558,0.0490222671383923));
#9370=CARTESIAN_POINT('',(0.0220300303131671,0.014324407458918,0.0474615707117872));
#9371=CARTESIAN_POINT('',(0.0221524048775017,0.01438230081811,0.0490328051153451));
#9372=CARTESIAN_POINT('',(0.0210417328393753,0.0132637472871512,0.0490812981038039));
#9373=CARTESIAN_POINT('',(0.0206771665085884,0.0156744479011364,0.0475156466477414));
#9374=CARTESIAN_POINT('',(0.0208026345483873,0.0157372577744232,0.0490917373606432));
#9375=CARTESIAN_POINT('',(0.0196894414053195,0.0146137877293443,0.0491403404229019));
#9376=CARTESIAN_POINT('',(0.019323606669285,0.0170240040151777,0.0475684069231101));
#9377=CARTESIAN_POINT('',(0.0194573513741959,0.0170888280443474,0.0491504736925004));
#9378=CARTESIAN_POINT('',(0.0183366746805719,0.0159633438433979,0.0491994034936396));
#9379=CARTESIAN_POINT('',(0.023356289106996,0.0130003081151593,0.0474078430153889));
#9380=CARTESIAN_POINT('',(0.0233948753696932,0.0130086422107619,0.0478310737812827));
#9381=CARTESIAN_POINT('',(0.0230878323219082,0.0128660156847451,0.0486802168150228));
#9382=CARTESIAN_POINT('',(0.0223144294129097,0.0125391962807465,0.0490257309713669));
#9383=CARTESIAN_POINT('',(0.0219279136696324,0.0123786796564404,0.0490426066131674));
#9384=CARTESIAN_POINT('',(0.0218624845885844,0.017,0.0475440342807946));
#9385=CARTESIAN_POINT('',(-0.0043520611107948,0.017,0.0715652397178401));
#9386=CARTESIAN_POINT('',(-0.00461792776964035,0.0130003081151593,0.0730414900081751));
#9387=CARTESIAN_POINT('',(-0.00419967053897288,0.0130086422107618,0.0731168164302484));
#9388=CARTESIAN_POINT('',(-0.00332699818595352,0.0128660156847585,0.0728849494657581));
#9389=CARTESIAN_POINT('',(-0.00291539231031306,0.0125391962807195,0.0721446031312677));
#9390=CARTESIAN_POINT('',(-0.00286489381873408,0.0123786796564404,0.0717610290061701));
#9391=CARTESIAN_POINT('',(-0.00292575744737379,0.0119134478972646,0.0722233341637257));
#9392=CARTESIAN_POINT('',(-0.00307073742905886,0.0130266669345843,0.0733245664558729));
#9393=CARTESIAN_POINT('',(-0.0046212739593471,0.0129741080690444,0.0730675403573866));
#9394=CARTESIAN_POINT('',(-0.00274911381243257,0.0132637472871388,0.0708815925471342));
#9395=CARTESIAN_POINT('',(-0.00289422371685016,0.014382300818132,0.0719838117004349));
#9396=CARTESIAN_POINT('',(-0.00444881345312179,0.0143244074589044,0.0717249607067596));
#9397=CARTESIAN_POINT('',(-0.00257243620283233,0.0146137877294002,0.0695395928673867));
#9398=CARTESIAN_POINT('',(-0.00271787549097744,0.0157372577744799,0.0706443139384483));
#9399=CARTESIAN_POINT('',(-0.00427703344268313,0.0156744479011858,0.0703819579857009));
#9400=CARTESIAN_POINT('',(-0.00239569649625445,0.0159633438433978,0.068197121514266));
#9401=CARTESIAN_POINT('',(-0.0025421135143408,0.0170888280443473,0.0693092691815683));
#9402=CARTESIAN_POINT('',(-0.00410650342293943,0.0170240040151776,0.0690381472112757));
#9403=CARTESIAN_POINT('',(-0.00402445168862238,0.017,0.0690767991020065));
#9404=CARTESIAN_POINT('',(-0.0036151652237701,0.017,0.069130682687333));
#9405=CARTESIAN_POINT('',(-0.0028097375662301,0.0166417672462205,0.0690874072227041));
#9406=CARTESIAN_POINT('',(-0.002476650286888,0.0158759151124937,0.0688120266024113));
#9407=CARTESIAN_POINT('',(-0.00245637166429322,0.0155,0.0686579951714366));
#9408=CARTESIAN_POINT('',(-0.00710578907685044,0.0155,0.0924818802413336));
#9409=CARTESIAN_POINT('',(-0.00382846665261806,0.0155,0.067588144958744));
#9410=CARTESIAN_POINT('',(-0.00382846665261805,0.003,0.067588144958744));
#9411=CARTESIAN_POINT('',(-0.0218624845885844,0.017,0.0524559657192054));
#9412=CARTESIAN_POINT('',(-0.023356289106996,0.0130003081151593,0.0525921569846111));
#9413=CARTESIAN_POINT('',(-0.0233948753696933,0.0130086422107619,0.0521689262187173));
#9414=CARTESIAN_POINT('',(-0.0230878323218894,0.0128660156847905,0.0513197831849764));
#9415=CARTESIAN_POINT('',(-0.0223144294129473,0.0125391962806559,0.0509742690286347));
#9416=CARTESIAN_POINT('',(-0.0219279136696323,0.0123786796564404,0.0509573933868326));
#9417=CARTESIAN_POINT('',(-0.0233825319664133,0.0129741080690444,0.0525932200035214));
#9418=CARTESIAN_POINT('',(-0.0235034418400418,0.0130266669345843,0.0510261824323316));
#9419=CARTESIAN_POINT('',(-0.02239376423125,0.0119134478972646,0.0509777328616073));
#9420=CARTESIAN_POINT('',(-0.0220300303131441,0.0143244074589384,0.0525384292882346));
#9421=CARTESIAN_POINT('',(-0.0221524048774848,0.0143823008181791,0.0509671948845842));
#9422=CARTESIAN_POINT('',(-0.0210417328393462,0.0132637472871521,0.0509187018961949));
#9423=CARTESIAN_POINT('',(-0.020677166508564,0.0156744479011575,0.0524843533522836));
#9424=CARTESIAN_POINT('',(-0.0208026345483523,0.0157372577744574,0.0509082626393523));
#9425=CARTESIAN_POINT('',(-0.0196894414052979,0.014613787729377,0.0508596595770972));
#9426=CARTESIAN_POINT('',(-0.0193236066692851,0.0170240040151776,0.0524315930768899));
#9427=CARTESIAN_POINT('',(-0.019457351374196,0.0170888280443474,0.0508495263074996));
#9428=CARTESIAN_POINT('',(-0.018336674680572,0.0159633438433978,0.0508005965063604));
#9429=CARTESIAN_POINT('',(-0.0193549601980542,0.017,0.0523464848399488));
#9430=CARTESIAN_POINT('',(-0.0193729670742299,0.017,0.0519340595697612));
#9431=CARTESIAN_POINT('',(-0.0192596586400673,0.0166417672462286,0.051135468512885));
#9432=CARTESIAN_POINT('',(-0.018956295457002,0.0158759151124776,0.050827649733705));
#9433=CARTESIAN_POINT('',(-0.0188010827636723,0.0155,0.0508208730011629));
#9434=CARTESIAN_POINT('',(0.0477914029646501,0.0155,0.0494148113113877));
#9435=CARTESIAN_POINT('',(-0.0178548896118634,0.0155,0.0522809903437264));
#9436=CARTESIAN_POINT('',(-0.0178548896118634,0.003,0.0522809903437264));
#9437=CARTESIAN_POINT('',(0.052610523844401,0.017,0.0301711027725238));
#9438=CARTESIAN_POINT('',(0.0524563716642932,0.0155,0.0313420048285634));
#9439=CARTESIAN_POINT('',(0.0525925762968551,0.0144597948413845,0.0303074279306092));
#9440=CARTESIAN_POINT('',(0.0527287460013072,0.0134193212869589,0.0292731163379883));
#9441=CARTESIAN_POINT('',(0.052864893818734,0.0123786796564404,0.0282389709938299));
#9442=CARTESIAN_POINT('',(0.0524563716642932,0.0155,0.0313420048285634));
#9443=CARTESIAN_POINT('',(0.052864893818734,0.0123786796564404,0.0282389709938299));
#9444=CARTESIAN_POINT('',(0.052864893818734,0.017,0.0282389709938299));
#9445=CARTESIAN_POINT('',(0.052610523844401,0.0155,0.0301711027725238));
#9446=CARTESIAN_POINT('',(0.0699809644316372,0.017,0.0491276122526933));
#9447=CARTESIAN_POINT('',(0.0719279136696323,0.013,0.0490426066131674));
#9448=CARTESIAN_POINT('',(0.0719279136696323,0.0123786796564403,0.0490426066131674));
#9449=CARTESIAN_POINT('',(0.0719279136696323,0.0123786796564403,0.0490426066131674));
#9450=CARTESIAN_POINT('',(0.0708858374965741,0.0134193212869589,0.0490881046414656));
#9451=CARTESIAN_POINT('',(0.0698435938000991,0.0144597948413845,0.0491336099839942));
#9452=CARTESIAN_POINT('',(0.0688010827636723,0.0155,0.0491791269988371));
#9453=CARTESIAN_POINT('',(0.0688010827636723,0.0155,0.0491791269988371));
#9454=CARTESIAN_POINT('',(0.0664842956561006,0.0155,0.049280280108472));
#9455=CARTESIAN_POINT('',(0.05,0.017,0.05));
#9456=CARTESIAN_POINT('',(0.0546487925501671,0.017,0.0269644030286708));
#9457=CARTESIAN_POINT('',(0.0546487925501671,0.013,0.0269644030286708));
#9458=CARTESIAN_POINT('',(0.05,0.013,0.05));
#9459=CARTESIAN_POINT('',(0.073353108537806,0.013,0.047376582072667));
#9460=CARTESIAN_POINT('',(0.073353108537806,0.017,0.047376582072667));
#9461=CARTESIAN_POINT('',(0.1,0.017,0.1));
#9462=CARTESIAN_POINT('',(0.05,0.017,0.05));
#9463=CARTESIAN_POINT('',(0.0693476817681421,0.017,0.0475674683560738));
#9464=CARTESIAN_POINT('',(0.0541095367015674,0.017,0.0309379511043941));
#9465=CARTESIAN_POINT('',(0.0541095367015674,0.017,0.0309379511043941));
#9466=CARTESIAN_POINT('',(0.0540813751786049,0.017,0.0309318798361469));
#9467=CARTESIAN_POINT('',(0.0540530138411594,0.017,0.0309269611767115));
#9468=CARTESIAN_POINT('',(0.0540244516886223,0.017,0.0309232008979935));
#9469=CARTESIAN_POINT('',(0.0540244516886223,0.017,0.0309232008979935));
#9470=CARTESIAN_POINT('',(0.045868545507271,0.017,0.0928734588179938));
#9471=CARTESIAN_POINT('',(0.0694160112397982,0.017,0.0476508496140032));
#9472=CARTESIAN_POINT('',(0.0693549601980542,0.017,0.0476535151600513));
#9473=CARTESIAN_POINT('',(0.0693549601980542,0.017,0.0476535151600513));
#9474=CARTESIAN_POINT('',(0.0693537035839509,0.017,0.0476247339652431));
#9475=CARTESIAN_POINT('',(0.0693512754949299,0.017,0.0475960518618327));
#9476=CARTESIAN_POINT('',(0.0693476817681421,0.017,0.0475674683560738));
#9477=CARTESIAN_POINT('',(0.0300190355683628,0.017,0.0508723877473067));
#9478=CARTESIAN_POINT('',(0.0335157043438993,0.0155,0.0507197198915281));
#9479=CARTESIAN_POINT('',(0.0311989172363276,0.0155,0.0508208730011629));
#9480=CARTESIAN_POINT('',(0.0320796813070886,0.0155,0.0507824180113536));
#9481=CARTESIAN_POINT('',(0.0320796813070886,0.017,0.0507824180113536));
#9482=CARTESIAN_POINT('',(0.0280720863303676,0.017,0.0509573933868326));
#9483=CARTESIAN_POINT('',(0.0280720863303676,0.0123786796564404,0.0509573933868326));
#9484=CARTESIAN_POINT('',(0.0280720863303676,0.0123786796564404,0.0509573933868326));
#9485=CARTESIAN_POINT('',(0.0291141625034259,0.0134193212869589,0.0509118953585344));
#9486=CARTESIAN_POINT('',(0.0301564061999009,0.0144597948413845,0.0508663900160058));
#9487=CARTESIAN_POINT('',(0.0311989172363276,0.0155,0.0508208730011629));
#9488=CARTESIAN_POINT('',(0.05,0.017,0.05));
#9489=CARTESIAN_POINT('',(0.0453512074498328,0.017,0.0730355969713292));
#9490=CARTESIAN_POINT('',(0.0453512074498328,0.013,0.0730355969713292));
#9491=CARTESIAN_POINT('',(0.05,0.013,0.05));
#9492=CARTESIAN_POINT('',(0.026646891462194,0.013,0.0526234179273331));
#9493=CARTESIAN_POINT('',(0.026646891462194,0.017,0.0526234179273331));
#9494=CARTESIAN_POINT('',(0.047389476155599,0.017,0.0698288972274762));
#9495=CARTESIAN_POINT('',(0.0476587006394427,0.017,0.0677839342470741));
#9496=CARTESIAN_POINT('',(0.0476587006394427,0.0155,0.0677839342470741));
#9497=CARTESIAN_POINT('',(0.047454739251709,0.0155,0.0693331747967893));
#9498=CARTESIAN_POINT('',(0.0475436283357068,0.0155,0.0686579951714366));
#9499=CARTESIAN_POINT('',(0.0475436283357068,0.0155,0.0686579951714366));
#9500=CARTESIAN_POINT('',(0.0474074237031449,0.0144597948413845,0.0696925720693908));
#9501=CARTESIAN_POINT('',(0.0472712539986927,0.0134193212869589,0.0707268836620116));
#9502=CARTESIAN_POINT('',(0.0471351061812659,0.0123786796564404,0.0717610290061701));
#9503=CARTESIAN_POINT('',(0.0471351061812659,0.0123786796564404,0.0717610290061701));
#9504=CARTESIAN_POINT('',(0.0471351061812659,0.017,0.0717610290061701));
#9505=CARTESIAN_POINT('',(0.1,0.017,0.1));
#9506=CARTESIAN_POINT('',(0.0458904632984325,0.017,0.0690620488956059));
#9507=CARTESIAN_POINT('',(0.045918624821395,0.017,0.0690681201638531));
#9508=CARTESIAN_POINT('',(0.0459469861588405,0.017,0.0690730388232885));
#9509=CARTESIAN_POINT('',(0.0459755483113776,0.017,0.0690767991020065));
#9510=CARTESIAN_POINT('',(0.0458904632984325,0.017,0.0690620488956059));
#9511=CARTESIAN_POINT('',(0.0459755483113776,0.017,0.0690767991020065));
#9512=CARTESIAN_POINT('',(0.0463591505363084,0.017,0.0661630509243378));
#9513=CARTESIAN_POINT('',(0.0305839887602017,0.017,0.0523491503859969));
#9514=CARTESIAN_POINT('',(0.0306450398019458,0.017,0.0523464848399488));
#9515=CARTESIAN_POINT('',(0.0306450398019458,0.017,0.0523464848399488));
#9516=CARTESIAN_POINT('',(0.0306462964160492,0.017,0.052375266034757));
#9517=CARTESIAN_POINT('',(0.0306487245050701,0.017,0.0524039481381674));
#9518=CARTESIAN_POINT('',(0.0306523182318579,0.017,0.0524325316439263));
#9519=CARTESIAN_POINT('',(0.0306523182318579,0.017,0.0524325316439263));
#9520=CARTESIAN_POINT('',(0.05,0.017,0.05));
#9521=CARTESIAN_POINT('',(0.05,0.013,0.05));
#9522=CARTESIAN_POINT('',(0.0546487925501671,0.013,0.0269644030286708));
#9523=CARTESIAN_POINT('',(0.0546385238786512,0.013,0.0269623307175559));
#9524=CARTESIAN_POINT('',(0.0546282356146965,0.0130001027234533,0.026960366392696));
#9525=CARTESIAN_POINT('',(0.0546179277696403,0.0130003081151593,0.0269585099918248));
#9526=CARTESIAN_POINT('',(0.0546179277696403,0.0130003081151593,0.0269585099918248));
#9527=CARTESIAN_POINT('',(0.0546179277696403,0.0130003081151593,0.0269585099918249));
#9528=CARTESIAN_POINT('',(0.0544476078759469,0.0143339154307881,0.0282845021926329));
#9529=CARTESIAN_POINT('',(0.0542779596922638,0.0156672322663142,0.0296108728619787));
#9530=CARTESIAN_POINT('',(0.0541095367015674,0.017,0.0309379511043941));
#9531=CARTESIAN_POINT('',(0.0693476817681421,0.017,0.0475674683560738));
#9532=CARTESIAN_POINT('',(0.0706843891080392,0.0156672322663142,0.0475153487556072));
#9533=CARTESIAN_POINT('',(0.0720204983500005,0.0143339154307881,0.0474619469553268));
#9534=CARTESIAN_POINT('',(0.073356289106996,0.0130003081151593,0.0474078430153889));
#9535=CARTESIAN_POINT('',(0.073356289106996,0.0130003081151593,0.0474078430153889));
#9536=CARTESIAN_POINT('',(0.073356289106996,0.0130003081151592,0.0474078430153889));
#9537=CARTESIAN_POINT('',(0.0733553381581826,0.0130001027234532,0.0473974125987984));
#9538=CARTESIAN_POINT('',(0.0733542779894585,0.013,0.047386992282602));
#9539=CARTESIAN_POINT('',(0.073353108537806,0.013,0.047376582072667));
#9540=CARTESIAN_POINT('',(0.05,0.017,0.05));
#9541=CARTESIAN_POINT('',(0.0453512074498328,0.013,0.0730355969713292));
#9542=CARTESIAN_POINT('',(0.0453614761213487,0.013,0.0730376692824442));
#9543=CARTESIAN_POINT('',(0.0453717643853035,0.0130001027234533,0.073039633607304));
#9544=CARTESIAN_POINT('',(0.0453820722303597,0.0130003081151593,0.0730414900081751));
#9545=CARTESIAN_POINT('',(0.0453820722303597,0.0130003081151593,0.0730414900081751));
#9546=CARTESIAN_POINT('',(0.0453820722303597,0.0130003081151593,0.0730414900081751));
#9547=CARTESIAN_POINT('',(0.0455523921240531,0.0143339154307881,0.0717154978073671));
#9548=CARTESIAN_POINT('',(0.0457220403077361,0.0156672322663142,0.0703891271380213));
#9549=CARTESIAN_POINT('',(0.0458904632984325,0.017,0.0690620488956059));
#9550=CARTESIAN_POINT('',(0.0306523182318579,0.017,0.0524325316439263));
#9551=CARTESIAN_POINT('',(0.0293156108919608,0.0156672322663142,0.0524846512443929));
#9552=CARTESIAN_POINT('',(0.0279795016499995,0.014333915430788,0.0525380530446732));
#9553=CARTESIAN_POINT('',(0.026643710893004,0.0130003081151593,0.0525921569846111));
#9554=CARTESIAN_POINT('',(0.0266437108930039,0.0130003081151593,0.0525921569846111));
#9555=CARTESIAN_POINT('',(0.0266437108930039,0.0130003081151593,0.0525921569846111));
#9556=CARTESIAN_POINT('',(0.0266446618418173,0.0130001027234533,0.0526025874012016));
#9557=CARTESIAN_POINT('',(0.0266457220105415,0.013,0.0526130077173981));
#9558=CARTESIAN_POINT('',(0.026646891462194,0.013,0.0526234179273331));
#9559=CARTESIAN_POINT('',(0.0540976911364617,0.0155,0.0303668920608538));
#9560=CARTESIAN_POINT('',(0.0540244516886223,0.017,0.0309232008979935));
#9561=CARTESIAN_POINT('',(0.05361516522377,0.017,0.030869317312667));
#9562=CARTESIAN_POINT('',(0.05280973756623,0.0166417672462204,0.0309125927772957));
#9563=CARTESIAN_POINT('',(0.0524766502868879,0.0158759151124939,0.0311879733975891));
#9564=CARTESIAN_POINT('',(0.0524563716642932,0.0155,0.0313420048285634));
#9565=CARTESIAN_POINT('',(0.0529257574473749,0.0119134478972558,0.0277766658362655));
#9566=CARTESIAN_POINT('',(0.05307073742906,0.0130266669345754,0.0266754335441183));
#9567=CARTESIAN_POINT('',(0.0546212739593482,0.0129741080690356,0.0269324596426046));
#9568=CARTESIAN_POINT('',(0.0527491138124312,0.0132637472871462,0.0291184074528756));
#9569=CARTESIAN_POINT('',(0.05289422371688,0.0143823008181625,0.0280161882995991));
#9570=CARTESIAN_POINT('',(0.0544488134531267,0.0143244074589162,0.0282750392932534));
#9571=CARTESIAN_POINT('',(0.0525724362028316,0.0146137877293741,0.0304604071326185));
#9572=CARTESIAN_POINT('',(0.052717875490959,0.0157372577744525,0.0293556860615092));
#9573=CARTESIAN_POINT('',(0.0542770334426684,0.0156744479011632,0.0296180420142728));
#9574=CARTESIAN_POINT('',(0.0523956964962544,0.0159633438433979,0.0318028784857341));
#9575=CARTESIAN_POINT('',(0.0525421135143407,0.0170888280443474,0.0306907308184317));
#9576=CARTESIAN_POINT('',(0.0541065034229394,0.0170240040151777,0.0309618527887244));
#9577=CARTESIAN_POINT('',(0.0546179277696403,0.0130003081151593,0.0269585099918248));
#9578=CARTESIAN_POINT('',(0.0541996705389728,0.0130086422107618,0.0268831835697516));
#9579=CARTESIAN_POINT('',(0.053326998185954,0.0128660156847488,0.0271150505342379));
#9580=CARTESIAN_POINT('',(0.0529153923103119,0.012539196280739,0.0278553968687403));
#9581=CARTESIAN_POINT('',(0.052864893818734,0.0123786796564404,0.0282389709938299));
#9582=CARTESIAN_POINT('',(0.0543520611107947,0.017,0.0284347602821599));
#9583=CARTESIAN_POINT('',(0.0976605448025541,0.0155,0.0464176666466421));
#9584=CARTESIAN_POINT('',(0.0693549601980542,0.017,0.0476535151600513));
#9585=CARTESIAN_POINT('',(0.0693729670742299,0.017,0.0480659404302389));
#9586=CARTESIAN_POINT('',(0.0692596586401218,0.016641767246206,0.0488645314871126));
#9587=CARTESIAN_POINT('',(0.0689562954568928,0.0158759151125227,0.0491723502662997));
#9588=CARTESIAN_POINT('',(0.0688010827636723,0.0155,0.0491791269988371));
#9589=CARTESIAN_POINT('',(0.0733825319664221,0.0129741080690356,0.0474067799964782));
#9590=CARTESIAN_POINT('',(0.0735034418400507,0.0130266669345754,0.048973817567668));
#9591=CARTESIAN_POINT('',(0.0723937642312589,0.0119134478972558,0.0490222671383923));
#9592=CARTESIAN_POINT('',(0.0720300303131659,0.0143244074589168,0.0474615707117652));
#9593=CARTESIAN_POINT('',(0.0721524048774714,0.0143823008181241,0.0490328051153355));
#9594=CARTESIAN_POINT('',(0.0710417328393696,0.0132637472871313,0.0490812981038041));
#9595=CARTESIAN_POINT('',(0.07067716650862,0.015674447901105,0.0475156466477407));
#9596=CARTESIAN_POINT('',(0.070802634548397,0.01573725777439,0.049091737360641));
#9597=CARTESIAN_POINT('',(0.069689441405346,0.0146137877293078,0.0491403404229007));
#9598=CARTESIAN_POINT('',(0.069323606669285,0.0170240040151777,0.0475684069231101));
#9599=CARTESIAN_POINT('',(0.0694573513741959,0.0170888280443474,0.0491504736925004));
#9600=CARTESIAN_POINT('',(0.068336674680572,0.0159633438433979,0.0491994034936396));
#9601=CARTESIAN_POINT('',(0.073356289106996,0.0130003081151592,0.0474078430153889));
#9602=CARTESIAN_POINT('',(0.0733948753696932,0.0130086422107618,0.0478310737812827));
#9603=CARTESIAN_POINT('',(0.0730878323219118,0.0128660156847363,0.0486802168150226));
#9604=CARTESIAN_POINT('',(0.0723144294129023,0.0125391962807643,0.0490257309713672));
#9605=CARTESIAN_POINT('',(0.0719279136696323,0.0123786796564403,0.0490426066131674));
#9606=CARTESIAN_POINT('',(0.0718624845885843,0.017,0.0475440342807946));
#9607=CARTESIAN_POINT('',(0.0456479388892052,0.017,0.0715652397178401));
#9608=CARTESIAN_POINT('',(0.0453820722303597,0.0130003081151593,0.0730414900081751));
#9609=CARTESIAN_POINT('',(0.0458003294610272,0.0130086422107618,0.0731168164302484));
#9610=CARTESIAN_POINT('',(0.0466730018140458,0.0128660156847463,0.0728849494657631));
#9611=CARTESIAN_POINT('',(0.0470846076896882,0.0125391962807438,0.0721446031312577));
#9612=CARTESIAN_POINT('',(0.0471351061812659,0.0123786796564404,0.0717610290061701));
#9613=CARTESIAN_POINT('',(0.0470742425526262,0.0119134478972646,0.0722233341637256));
#9614=CARTESIAN_POINT('',(0.0469292625709411,0.0130266669345843,0.0733245664558729));
#9615=CARTESIAN_POINT('',(0.0453787260406529,0.0129741080690444,0.0730675403573866));
#9616=CARTESIAN_POINT('',(0.0472508861875672,0.0132637472871305,0.0708815925471356));
#9617=CARTESIAN_POINT('',(0.0471057762831213,0.0143823008181343,0.0719838117004423));
#9618=CARTESIAN_POINT('',(0.0455511865468481,0.0143244074588973,0.0717249607067608));
#9619=CARTESIAN_POINT('',(0.0474275637971622,0.0146137877293571,0.0695395928674277));
#9620=CARTESIAN_POINT('',(0.0472821245090042,0.0157372577744509,0.0706443139384939));
#9621=CARTESIAN_POINT('',(0.0457229665572864,0.0156744479011415,0.0703819579857396));
#9622=CARTESIAN_POINT('',(0.0476043035037455,0.0159633438433978,0.0681971215142659));
#9623=CARTESIAN_POINT('',(0.0474578864856592,0.0170888280443473,0.0693092691815683));
#9624=CARTESIAN_POINT('',(0.0458934965770605,0.0170240040151776,0.0690381472112757));
#9625=CARTESIAN_POINT('',(0.0459755483113776,0.017,0.0690767991020065));
#9626=CARTESIAN_POINT('',(0.0463848347762299,0.017,0.069130682687333));
#9627=CARTESIAN_POINT('',(0.0471902624337721,0.0166417672462276,0.0690874072226871));
#9628=CARTESIAN_POINT('',(0.0475233497131076,0.0158759151124796,0.0688120266024451));
#9629=CARTESIAN_POINT('',(0.0475436283357068,0.0155,0.0686579951714366));
#9630=CARTESIAN_POINT('',(0.0428942109231496,0.0155,0.0924818802413336));
#9631=CARTESIAN_POINT('',(0.0461715333473819,0.0155,0.067588144958744));
#9632=CARTESIAN_POINT('',(0.046171533347382,0.003,0.067588144958744));
#9633=CARTESIAN_POINT('',(0.0281375154114156,0.017,0.0524559657192054));
#9634=CARTESIAN_POINT('',(0.0266437108930039,0.0130003081151593,0.0525921569846111));
#9635=CARTESIAN_POINT('',(0.0266051246303067,0.0130086422107619,0.0521689262187173));
#9636=CARTESIAN_POINT('',(0.0269121676781028,0.0128660156847717,0.0513197831849768));
#9637=CARTESIAN_POINT('',(0.0276855705870682,0.0125391962806933,0.050974269028634));
#9638=CARTESIAN_POINT('',(0.0280720863303676,0.0123786796564404,0.0509573933868326));
#9639=CARTESIAN_POINT('',(0.0266174680335867,0.0129741080690444,0.0525932200035214));
#9640=CARTESIAN_POINT('',(0.0264965581599582,0.0130266669345842,0.0510261824323316));
#9641=CARTESIAN_POINT('',(0.02760623576875,0.0119134478972646,0.0509777328616073));
#9642=CARTESIAN_POINT('',(0.0279699696868355,0.0143244074589205,0.0525384292882129));
#9643=CARTESIAN_POINT('',(0.0278475951224907,0.0143823008181493,0.0509671948846103));
#9644=CARTESIAN_POINT('',(0.0289582671606306,0.0132637472871504,0.0509187018961959));
#9645=CARTESIAN_POINT('',(0.0293228334914261,0.0156744479011508,0.0524843533522579));
#9646=CARTESIAN_POINT('',(0.0291973654516176,0.0157372577744512,0.0509082626393843));
#9647=CARTESIAN_POINT('',(0.0303105585946901,0.0146137877293638,0.0508596595770977));
#9648=CARTESIAN_POINT('',(0.0306763933307149,0.0170240040151776,0.0524315930768899));
#9649=CARTESIAN_POINT('',(0.030542648625804,0.0170888280443473,0.0508495263074996));
#9650=CARTESIAN_POINT('',(0.031663325319428,0.0159633438433978,0.0508005965063604));
#9651=CARTESIAN_POINT('',(0.0306450398019458,0.017,0.0523464848399488));
#9652=CARTESIAN_POINT('',(0.0306270329257701,0.017,0.0519340595697612));
#9653=CARTESIAN_POINT('',(0.0307403413599602,0.0166417672462399,0.0511354685128839));
#9654=CARTESIAN_POINT('',(0.031043704542943,0.0158759151124549,0.0508276497337075));
#9655=CARTESIAN_POINT('',(0.0311989172363276,0.0155,0.0508208730011629));
#9656=CARTESIAN_POINT('',(0.0977914029646501,0.0155,0.0494148113113877));
#9657=CARTESIAN_POINT('',(0.0321451103881367,0.0155,0.0522809903437264));
#9658=CARTESIAN_POINT('',(0.0321451103881367,0.003,0.0522809903437264));
#9659=CARTESIAN_POINT('',(0.072,0.005,-0.072));
#9660=CARTESIAN_POINT('',(0.072,0.0046,-0.072));
#9661=CARTESIAN_POINT('',(0.072,-0.0046,-0.072));
#9662=CARTESIAN_POINT('',(-0.072,0.005,-0.072));
#9663=CARTESIAN_POINT('',(-0.072,0.0046,-0.072));
#9664=CARTESIAN_POINT('',(-0.072,-0.0046,-0.072));
#9665=CARTESIAN_POINT('',(0.072,-0.005,-0.072));
#9666=CARTESIAN_POINT('',(0.0796,-0.005,-0.072));
#9667=CARTESIAN_POINT('',(0.072,-0.0046,-0.08));
#9668=CARTESIAN_POINT('',(1.38777878078145E-17,-0.0046,-0.08));
#9669=CARTESIAN_POINT('',(-0.072,-0.0046,-0.08));
#9670=CARTESIAN_POINT('',(0.0796,-0.005,6.90419943438769E-18));
#9671=CARTESIAN_POINT('',(0.0530666666666667,-0.0315333333333334,0.0530666666666668));
#9672=CARTESIAN_POINT('',(-0.072,-0.005,-0.072));
#9673=CARTESIAN_POINT('',(-0.08,-0.0046,-0.072));
#9674=CARTESIAN_POINT('',(0.,-0.005,0.0796));
#9675=CARTESIAN_POINT('',(-0.0530666666666667,-0.0315333333333334,0.0530666666666667));
#9676=CARTESIAN_POINT('',(-0.08,-0.0046,6.93889390390723E-18));
#9677=CARTESIAN_POINT('',(0.072,0.005,-0.072));
#9678=CARTESIAN_POINT('',(0.08,0.0046,-0.072));
#9679=CARTESIAN_POINT('',(0.072,0.005,-0.0796));
#9680=CARTESIAN_POINT('',(0.,0.005,-0.0796));
#9681=CARTESIAN_POINT('',(-0.072,0.005,-0.0796));
#9682=CARTESIAN_POINT('',(0.08,0.0046,6.93889390390723E-18));
#9683=CARTESIAN_POINT('',(0.0533333333333334,0.0312666666666667,0.0533333333333335));
#9684=CARTESIAN_POINT('',(-0.072,0.005,-0.072));
#9685=CARTESIAN_POINT('',(-0.0796,0.005,-0.072));
#9686=CARTESIAN_POINT('',(0.,0.0046,0.08));
#9687=CARTESIAN_POINT('',(-0.0533333333333335,0.0312666666666667,0.0533333333333334));
#9688=CARTESIAN_POINT('',(-0.0796,0.005,-6.90419943438769E-18));
#9689=CARTESIAN_POINT('',(-0.05,0.002,0.05));
#9690=CARTESIAN_POINT('',(-0.05,0.002,0.05));
#9691=CARTESIAN_POINT('',(-0.0485,0.002,0.05));
#9692=CARTESIAN_POINT('',(-0.0065,0.002,0.05));
#9693=CARTESIAN_POINT('',(0.05175,0.002,0.0469689110867545));
#9694=CARTESIAN_POINT('',(0.05175,0.002,0.0469689110867545));
#9695=CARTESIAN_POINT('',(0.05325,0.002,0.0469689110867545));
#9696=CARTESIAN_POINT('',(-0.0065,0.002,0.05));
#9697=CARTESIAN_POINT('',(0.0465,0.002,0.05));
#9698=CARTESIAN_POINT('',(0.0465,0.002,0.05));
#9699=CARTESIAN_POINT('',(0.048,0.002,0.05));
#9700=CARTESIAN_POINT('',(-0.0065,0.002,0.05));
#9701=CARTESIAN_POINT('',(0.05175,0.002,0.0530310889132456));
#9702=CARTESIAN_POINT('',(0.05175,0.002,0.0530310889132456));
#9703=CARTESIAN_POINT('',(0.05325,0.002,0.0530310889132456));
#9704=CARTESIAN_POINT('',(-0.0065,0.002,0.05));
#9705=CARTESIAN_POINT('',(0.,0.002,0.0535));
#9706=CARTESIAN_POINT('',(0.,0.002,0.0535));
#9707=CARTESIAN_POINT('',(0.0015,0.002,0.0535));
#9708=CARTESIAN_POINT('',(-0.0065,0.002,0.05));
#9709=CARTESIAN_POINT('',(-1.3010426069826E-18,0.002,0.0465));
#9710=CARTESIAN_POINT('',(-1.3010426069826E-18,0.002,0.0465));
#9711=CARTESIAN_POINT('',(0.0015,0.002,0.0465));
#9712=CARTESIAN_POINT('',(-0.0065,0.002,0.05));
#9713=CARTESIAN_POINT('',(0.06,-1.00157020385197E-17,0.0778));
#9714=CARTESIAN_POINT('',(0.06,-1.00157020385197E-17,0.07985));
#9715=CARTESIAN_POINT('',(0.06,-0.00307500000000001,0.07985));
#9716=CARTESIAN_POINT('',(0.06,-1.00157020385197E-17,0.0778));
#9717=CARTESIAN_POINT('',(0.06,-0.00307500000000001,0.0778));
#9718=CARTESIAN_POINT('',(0.,-8.67361737988404E-19,0.0778));
#9719=CARTESIAN_POINT('',(0.03,-4.61358889999045E-18,0.0778));
#9720=CARTESIAN_POINT('',(0.03,-4.61358889999045E-18,0.07985));
#9721=CARTESIAN_POINT('',(0.03,-0.003075,0.07985));
#9722=CARTESIAN_POINT('',(0.03,-4.61358889999045E-18,0.0778));
#9723=CARTESIAN_POINT('',(0.03,-0.003075,0.0778));
#9724=CARTESIAN_POINT('',(0.,-8.67361737988404E-19,0.0778));
#9725=CARTESIAN_POINT('',(-9.54097911787244E-18,7.88524238538825E-19,0.0778));
#9726=CARTESIAN_POINT('',(-9.54097911787244E-18,7.88524238538825E-19,0.07985));
#9727=CARTESIAN_POINT('',(-9.54097911787244E-18,-0.003075,0.07985));
#9728=CARTESIAN_POINT('',(-9.54097911787244E-18,7.88524238538825E-19,0.0778));
#9729=CARTESIAN_POINT('',(-9.54097911787244E-18,-0.003075,0.0778));
#9730=CARTESIAN_POINT('',(0.,-8.67361737988404E-19,0.0778));
#9731=CARTESIAN_POINT('',(-0.03,6.1906373770681E-18,0.0778));
#9732=CARTESIAN_POINT('',(-0.03,6.1906373770681E-18,0.07985));
#9733=CARTESIAN_POINT('',(-0.03,-0.00307499999999999,0.07985));
#9734=CARTESIAN_POINT('',(-0.03,6.1906373770681E-18,0.0778));
#9735=CARTESIAN_POINT('',(-0.03,-0.00307499999999999,0.0778));
#9736=CARTESIAN_POINT('',(0.,-8.67361737988404E-19,0.0778));
#9737=CARTESIAN_POINT('',(-0.06,1.15927505155974E-17,0.0778));
#9738=CARTESIAN_POINT('',(-0.06,1.15927505155974E-17,0.07985));
#9739=CARTESIAN_POINT('',(-0.06,-0.00307499999999999,0.07985));
#9740=CARTESIAN_POINT('',(-0.06,1.15927505155974E-17,0.0778));
#9741=CARTESIAN_POINT('',(-0.06,-0.00307499999999999,0.0778));
#9742=CARTESIAN_POINT('',(0.,-8.67361737988404E-19,0.0778));
#9743=CARTESIAN_POINT('',(0.06,-1.00157020385197E-17,0.07985));
#9744=CARTESIAN_POINT('',(0.03,-4.61358889999045E-18,0.07985));
#9745=CARTESIAN_POINT('',(-9.54097911787244E-18,7.88524238538825E-19,0.07985));
#9746=CARTESIAN_POINT('',(-0.03,6.1906373770681E-18,0.07985));
#9747=CARTESIAN_POINT('',(-0.06,1.15927505155974E-17,0.07985));
#9748=MECHANICAL_DESIGN_GEOMETRIC_PRESENTATION_REPRESENTATION('',(#5155),
#9749);
#9749=(
GEOMETRIC_REPRESENTATION_CONTEXT(3)
GLOBAL_UNCERTAINTY_ASSIGNED_CONTEXT((#9750))
GLOBAL_UNIT_ASSIGNED_CONTEXT((#9753,#9752,#9751))
REPRESENTATION_CONTEXT('Cake Base Tray','TOP_LEVEL_ASSEMBLY_PART')
);
#9750=UNCERTAINTY_MEASURE_WITH_UNIT(LENGTH_MEASURE(2.E-5),#9753,
'DISTANCE_ACCURACY_VALUE','Maximum Tolerance applied to model');
#9751=(
NAMED_UNIT(*)
SI_UNIT($,.STERADIAN.)
SOLID_ANGLE_UNIT()
);
#9752=(
NAMED_UNIT(*)
PLANE_ANGLE_UNIT()
SI_UNIT($,.RADIAN.)
);
#9753=(
LENGTH_UNIT()
NAMED_UNIT(*)
SI_UNIT($,.METRE.)
);
#9754=PRODUCT_DEFINITION_SHAPE('','',#9755);
#9755=PRODUCT_DEFINITION('','',#9757,#9756);
#9756=PRODUCT_DEFINITION_CONTEXT('',#9763,'design');
#9757=PRODUCT_DEFINITION_FORMATION_WITH_SPECIFIED_SOURCE('','',#9759,
 .NOT_KNOWN.);
#9758=PRODUCT_RELATED_PRODUCT_CATEGORY('','',(#9759));
#9759=PRODUCT('Cake Base Tray','Cake Base Tray','Cake Base Tray',(#9761));
#9760=PRODUCT_CATEGORY('','');
#9761=PRODUCT_CONTEXT('',#9763,'mechanical');
#9762=APPLICATION_PROTOCOL_DEFINITION('international standard',
'ap242_managed_model_based_3d_engineering',2020,#9763);
#9763=APPLICATION_CONTEXT('managed model based 3d engineering');
ENDSEC;
END-ISO-10303-21;
